requested_url,final_url,status,content_type,bytes,sha256,local_path
https://www.skylit.ai/,https://www.skylit.ai/,200,text/html; charset=utf-8,333629,cd0691f0a24935210675b39c42db0ca235446c3dd9493794527787889814919c,www.skylit.ai/index.html
https://www.skylit.ai/sitemap.xml,https://www.skylit.ai/sitemap.xml,200,application/xml,8514,53d99f79446add61c405a749701dfd6f5987fe700f02d1e746626eda2e270336,www.skylit.ai/sitemap.xml
https://www.skylit.ai/robots.txt,https://www.skylit.ai/robots.txt,200,text/plain; charset=utf-8,729,4ccd119ac969134e33098da801736d13d9b6f3dab06aeb7407ace4eace871e3a,www.skylit.ai/robots.txt
https://app.skylit.ai/,https://app.skylit.ai/,200,text/html; charset=utf-8,27918,3a8faa6bd09d638243f6990ff29a4c01094a01c3ea93435fef46c2149c7d9342,app.skylit.ai/index.html
https://docs.skylit.ai/,https://docs.skylit.ai/platform/overview,200,text/html; charset=utf-8,259956,689a55872bc19376bd94d37f3eaf397004fd3e67d465c37f0a9e89c1f4484823,docs.skylit.ai/platform/overview/index.html
https://www.skylit.ai/modules/atlas-preview.webp,https://www.skylit.ai/modules/atlas-preview.webp,200,image/webp,60064,b5878f7ccef45b477a6d14a5f829ca9d8ab2305bf7199cf46c5cae3b67c8b360,www.skylit.ai/modules/atlas-preview.webp
https://www.skylit.ai/wall-of-success,https://www.skylit.ai/wall-of-success,200,text/html; charset=utf-8,14013,9d27ed1cad69887f55c279642bdfa0959c91ee5a400e41c26ba0a2912d937452,www.skylit.ai/wall-of-success/index.html
https://www.skylit.ai/modules/flowseeker-live.webp,https://www.skylit.ai/modules/flowseeker-live.webp,200,image/webp,91738,e675e6b92299c9bbd5bf83c9ea69ae2aa1fa41d9b55902ed6925f5c929df92e4,www.skylit.ai/modules/flowseeker-live.webp
https://www.skylit.ai/assets/index-Cv6VCl5d.js,https://www.skylit.ai/assets/index-Cv6VCl5d.js,200,application/javascript,494093,7f0123039a87ded3cf9ef5af030736f08d46b3d13b3eab9164e5863891252fb4,www.skylit.ai/assets/index-Cv6VCl5d.js
https://www.skylit.ai/favicon.ico,https://www.skylit.ai/favicon.ico,200,image/vnd.microsoft.icon,38144,1cfdf00942b4412298ab85347cbe045a2163224e040c31781e0902abf7415671,www.skylit.ai/favicon.ico
https://www.skylit.ai/logo.svg,https://www.skylit.ai/logo.svg,200,image/svg+xml,8459,b27ee1304fd95d0894c124c34cbf140d6c91d0a3fcffe89840370148f591264f,www.skylit.ai/logo.svg
https://www.skylit.ai/modules/heatseeker-trinity.webp,https://www.skylit.ai/modules/heatseeker-trinity.webp,200,image/webp,60420,fde9eacbe49ef1b16d05264e5c601ddab20059cc4fd0962fc6d036bbf1ea05af,www.skylit.ai/modules/heatseeker-trinity.webp
https://www.skylit.ai/favicon.svg,https://www.skylit.ai/favicon.svg,200,image/svg+xml,26075,f42f5f2c5b4939c0973f835e2e7ad42ea90eebfcb1a77e088eb80589528378ec,www.skylit.ai/favicon.svg
https://www.skylit.ai/talon-flow.mp4,https://www.skylit.ai/talon-flow.mp4,200,video/mp4,1151974,4645e38a90d07e0400e9c2fa610abd8f51638a0cea816a9d969e0bdda4208892,www.skylit.ai/talon-flow.mp4
https://www.skylit.ai/talon-research-poster.jpg,https://www.skylit.ai/talon-research-poster.jpg,200,image/jpeg,95610,1ea2892d885a15aa54f54b61136dcee711734689824eb8a36c3bd65f8924ebf1,www.skylit.ai/talon-research-poster.jpg
https://www.skylit.ai/terms,https://www.skylit.ai/terms,200,text/html; charset=utf-8,24800,113a26a33dcc51d7fd9b5c84772b01bd8f8607fcca5e9b0b2b59676323e3ff88,www.skylit.ai/terms/index.html
https://www.skylit.ai/modules/flowseeker-drilldown.webp,https://www.skylit.ai/modules/flowseeker-drilldown.webp,200,image/webp,53094,18eb8ccc33c1deca95ea8e19f5d9bc6278eb18e2ce620c8469e4bd33f626c81e,www.skylit.ai/modules/flowseeker-drilldown.webp
https://www.skylit.ai/privacy,https://www.skylit.ai/privacy,200,text/html; charset=utf-8,23788,aa827fe0041d80415da734f7ea336b894c9b63c994e078c820021a9b4723599f,www.skylit.ai/privacy/index.html
https://www.skylit.ai/partners/trinity.webp,https://www.skylit.ai/partners/trinity.webp,200,image/webp,27616,678ae91542863a44f29e06b5d26482de05ef1b4543a1bc66b73a414987227bed,www.skylit.ai/partners/trinity.webp
https://www.skylit.ai/assets/index-CSeqFFJ7.css,https://www.skylit.ai/assets/index-CSeqFFJ7.css,200,text/css; charset=utf-8,61791,17a05c0f5694fd06257be914fb251e544a95fbed8dd39fb47aa73d44469f7616,www.skylit.ai/assets/index-CSeqFFJ7.css
https://www.skylit.ai/nexus-sandbox-poster.jpg,https://www.skylit.ai/nexus-sandbox-poster.jpg,200,image/jpeg,70014,54f0db69939bfdf554197d7ebdd6e0020577ddaaceb04b2b3c0b0a28db36ab6e,www.skylit.ai/nexus-sandbox-poster.jpg
https://www.skylit.ai/modules/nexus-profile.webp,https://www.skylit.ai/modules/nexus-profile.webp,200,image/webp,37434,4e53aa54907eb40f0599110098e79275bd94b6571ac56e40d2d40908cd9c0b29,www.skylit.ai/modules/nexus-profile.webp
https://www.skylit.ai/modules/agent-plugins.webp,https://www.skylit.ai/modules/agent-plugins.webp,200,image/webp,51052,d74c3a674c661acca1bc668208b610cab2253edaa4a2f748ca91f8aa2dac6d26,www.skylit.ai/modules/agent-plugins.webp
https://www.skylit.ai/modules/heatseeker-swing.webp,https://www.skylit.ai/modules/heatseeker-swing.webp,200,image/webp,154644,7b7665c13d09e6c4708716410c5a75e1663a7f93136ed5489c0047efb25491c9,www.skylit.ai/modules/heatseeker-swing.webp
https://www.skylit.ai/partners/owls.webp,https://www.skylit.ai/partners/owls.webp,200,image/webp,61132,69c51399712a5f8e0e0afdf6ad453facaa78663b58d13047cdd48dec9ed39739,www.skylit.ai/partners/owls.webp
https://www.skylit.ai/talon-flow-poster.jpg,https://www.skylit.ai/talon-flow-poster.jpg,200,image/jpeg,103215,6178f812bd55dcdda9df183b5976afd8d3741d1c30667443873f559dfe6d6055,www.skylit.ai/talon-flow-poster.jpg
https://www.skylit.ai/og-image.png,https://www.skylit.ai/og-image.png,200,image/png,177125,fc9c28424a81b6a2f68efb0171e446711bcd616c4d087f017eca1ef63a5d7845,www.skylit.ai/og-image.png
https://www.skylit.ai/learn/category/flowseeker,https://www.skylit.ai/learn/category/flowseeker,200,text/html; charset=utf-8,28549,00c3490730e02689865501b4e3310c11be339e5821602c489c797d0878d94ce2,www.skylit.ai/learn/category/flowseeker/index.html
https://www.skylit.ai/learn/category/tools-comparisons,https://www.skylit.ai/learn/category/tools-comparisons,200,text/html; charset=utf-8,21770,63a2ca1e9429638de761b52e6d1310af5d3eedb6f4fbfb908c16785449acac80,www.skylit.ai/learn/category/tools-comparisons/index.html
https://www.skylit.ai/learn/charts-first,https://www.skylit.ai/learn/charts-first,200,text/html; charset=utf-8,45853,173c57a46894943302df86917bc206155a314d5ac984fddb9761bd65ba7f4b79,www.skylit.ai/learn/charts-first/index.html
https://www.skylit.ai/learn/theta,https://www.skylit.ai/learn/theta,200,text/html; charset=utf-8,42157,dd90969dfbe3ed82586ecb5e5324d72093d8c132b79b4de7b18f771b8740a5f3,www.skylit.ai/learn/theta/index.html
https://www.skylit.ai/learn/negative-gex,https://www.skylit.ai/learn/negative-gex,200,text/html; charset=utf-8,55006,5c83ad0d3ea736a218d9db7fac30adae8eb0d7ba3f4db2836fb5364a3dfd2f91,www.skylit.ai/learn/negative-gex/index.html
https://www.skylit.ai/learn/air-pockets-velocity,https://www.skylit.ai/learn/air-pockets-velocity,200,text/html; charset=utf-8,48946,40494f2dd1cff8180f0b041cde4747447598a42583838f19699307cee4ef15cd,www.skylit.ai/learn/air-pockets-velocity/index.html
https://www.skylit.ai/learn/best-vanna-tools,https://www.skylit.ai/learn/best-vanna-tools,200,text/html; charset=utf-8,55750,45718aa10896315f8cdd0f927c0b13f14bed6e4eb57bcc2fcc6f8fcb9736abf5,www.skylit.ai/learn/best-vanna-tools/index.html
https://www.skylit.ai/learn/reading-heatseeker,https://www.skylit.ai/learn/reading-heatseeker,200,text/html; charset=utf-8,50640,8f42a81a83eef87baabe74d1e4bee7fae0f83c68aff0baea34c85519789428da,www.skylit.ai/learn/reading-heatseeker/index.html
https://www.skylit.ai/learn/vanna-exposure,https://www.skylit.ai/learn/vanna-exposure,200,text/html; charset=utf-8,49868,393bf364d188e195a56fbafc9f425e5870af0375a2c91a8ce70e007184c32d3e,www.skylit.ai/learn/vanna-exposure/index.html
https://www.skylit.ai/learn/vex-trading,https://www.skylit.ai/learn/vex-trading,200,text/html; charset=utf-8,54463,81161d59b99e723017fb7723882edfefaefa6e03e135b5c607486974189ee073,www.skylit.ai/learn/vex-trading/index.html
https://www.skylit.ai/learn/vomma,https://www.skylit.ai/learn/vomma,200,text/html; charset=utf-8,41348,a06dcab707b0da018b6b03163ac8bc6b1a450b3ba22a784332a8d7a9d3a91d90,www.skylit.ai/learn/vomma/index.html
https://www.skylit.ai/learn/node-lifecycle,https://www.skylit.ai/learn/node-lifecycle,200,text/html; charset=utf-8,47016,10c63ca7e83100329bf9a309aac0d6034e5823a5451388d723dfc0857a5de2e8,www.skylit.ai/learn/node-lifecycle/index.html
https://www.skylit.ai/learn/vega,https://www.skylit.ai/learn/vega,200,text/html; charset=utf-8,42095,51e793d801935789d4071fde1c3e086ed9b033b844f1a528f230acb3374434b9,www.skylit.ai/learn/vega/index.html
https://www.skylit.ai/learn/reading-dark-pool-prints,https://www.skylit.ai/learn/reading-dark-pool-prints,200,text/html; charset=utf-8,55104,bf67010445dad2dd9d0ff2ac9275fb476beefef66a8ae76600c165867488e838,www.skylit.ai/learn/reading-dark-pool-prints/index.html
https://www.skylit.ai/learn/best-options-flow-tools,https://www.skylit.ai/learn/best-options-flow-tools,200,text/html; charset=utf-8,58097,825ea80d5689a5d14efbbde9dccb26a3d2030af6a7c10163cf42d19579b5bacd,www.skylit.ai/learn/best-options-flow-tools/index.html
https://www.skylit.ai/learn/reading-flow-on-atlas,https://www.skylit.ai/learn/reading-flow-on-atlas,200,text/html; charset=utf-8,74027,74bef8cfb10a25d4e4b6a0a2428fbd8a56c30a9cd3774d082d9d4747dfc029b0,www.skylit.ai/learn/reading-flow-on-atlas/index.html
https://www.skylit.ai/learn/category/greeks,https://www.skylit.ai/learn/category/greeks,200,text/html; charset=utf-8,30115,45865137ac97eb62226ef7254d55fb4f13e488d0874ffdecf9b2e2605ff083ad,www.skylit.ai/learn/category/greeks/index.html
https://www.skylit.ai/learn/delta,https://www.skylit.ai/learn/delta,200,text/html; charset=utf-8,43594,c282831aade083f86bb34bef1a08039b354d84a0bc6f151b0ed2a9ad896b6878,www.skylit.ai/learn/delta/index.html
https://www.skylit.ai/learn/execution-doctrine,https://www.skylit.ai/learn/execution-doctrine,200,text/html; charset=utf-8,50555,e8286ec7778b12e261c1f1c1fc63704d8f32263c3a4f706cf3294a350501b4df,www.skylit.ai/learn/execution-doctrine/index.html
https://www.skylit.ai/learn/intro-to-gamma,https://www.skylit.ai/learn/intro-to-gamma,200,text/html; charset=utf-8,51311,d39c55a60cd9d8ffea40d470a7d90ca95b25a0fab9105a2f9240cae54e8a12e2,www.skylit.ai/learn/intro-to-gamma/index.html
https://www.skylit.ai/learn/navigating-flowseeker,https://www.skylit.ai/learn/navigating-flowseeker,200,text/html; charset=utf-8,90093,9dbcdd9ab331906493c2ff44f1b2c24086432de547cfafd5e104644b0d60f575,www.skylit.ai/learn/navigating-flowseeker/index.html
https://www.skylit.ai/learn/options-flow,https://www.skylit.ai/learn/options-flow,200,text/html; charset=utf-8,57517,02e8f7d1f813fa8fa54d0d49668a8a3792d96fde06ee73e00fad595121d25b21,www.skylit.ai/learn/options-flow/index.html
https://www.skylit.ai/learn/heatseeker-patterns,https://www.skylit.ai/learn/heatseeker-patterns,200,text/html; charset=utf-8,53687,891606750dde9d1fb22512d9f377c721022e2125bd1b6c0596c450e25aa8f987,www.skylit.ai/learn/heatseeker-patterns/index.html
https://www.skylit.ai/learn/dealer-positioning,https://www.skylit.ai/learn/dealer-positioning,200,text/html; charset=utf-8,59778,f9ab0fb70aba38711babaa088705e943ddbadc2733a2bcb14285a57234f75559,www.skylit.ai/learn/dealer-positioning/index.html
https://www.skylit.ai/learn/rolling-floors-ceilings,https://www.skylit.ai/learn/rolling-floors-ceilings,200,text/html; charset=utf-8,46387,082549b0f3fa594b99bb6cbbe8314ccc220a8a99163b4e370ce44a187c7f869f,www.skylit.ai/learn/rolling-floors-ceilings/index.html
https://www.skylit.ai/learn/best-gex-tools,https://www.skylit.ai/learn/best-gex-tools,200,text/html; charset=utf-8,51655,04b0883eea2eaa7b99bb1f48d13e54c7d0a1ca283d5714ca09c6d1f5659b8068,www.skylit.ai/learn/best-gex-tools/index.html
https://www.skylit.ai/learn/gex-vex-alignment,https://www.skylit.ai/learn/gex-vex-alignment,200,text/html; charset=utf-8,53445,212f6fa87fe3d7b4e70b75a4ee2409328f98ef985a7a70a681cfbab8dc804e7d,www.skylit.ai/learn/gex-vex-alignment/index.html
https://www.skylit.ai/learn/flow-highlighting,https://www.skylit.ai/learn/flow-highlighting,200,text/html; charset=utf-8,67931,b7714cac6de8347f1e9066e9a16577b69958368d9535660fc6da1d544007d1ba,www.skylit.ai/learn/flow-highlighting/index.html
https://www.skylit.ai/learn/category/skylit-academy,https://www.skylit.ai/learn/category/skylit-academy,200,text/html; charset=utf-8,38927,01c347f249d0323a38d12c54b3a97512b4add42d5f692ebba06f0437eb6af478,www.skylit.ai/learn/category/skylit-academy/index.html
https://www.skylit.ai/learn/support-resistance-gex,https://www.skylit.ai/learn/support-resistance-gex,200,text/html; charset=utf-8,60544,69c013fd93109b2497a600ac3ecc8e3796565a00aae3f0ede58e2838c535d52e,www.skylit.ai/learn/support-resistance-gex/index.html
https://www.skylit.ai/learn/category/heatseeker,https://www.skylit.ai/learn/category/heatseeker,200,text/html; charset=utf-8,29259,e98dc02511ceb16ca312905e7a7dfd01cac872310850418b5e3bb7c64ade38f5,www.skylit.ai/learn/category/heatseeker/index.html
https://www.skylit.ai/alpha-decay,https://www.skylit.ai/alpha-decay,200,text/html; charset=utf-8,27513,c290034967d58fc11fdf7495e89d998a6c31b68e28ef4c1180e7dc7062c91995,www.skylit.ai/alpha-decay/index.html
https://www.skylit.ai/learn/gamma-regimes,https://www.skylit.ai/learn/gamma-regimes,200,text/html; charset=utf-8,51365,7cb1a12a91d06869821734116bc55f39fca4804365d0cdaca94be1d113dd109a,www.skylit.ai/learn/gamma-regimes/index.html
https://www.skylit.ai/learn/charm,https://www.skylit.ai/learn/charm,200,text/html; charset=utf-8,42125,bdef15d197ab182c5872688c7266a90c2effe024433df14bd9c14e9b65d77136,www.skylit.ai/learn/charm/index.html
https://www.skylit.ai/learn/trinity-mode,https://www.skylit.ai/learn/trinity-mode,200,text/html; charset=utf-8,45969,4ecbf01c323234a6b19cf62f6be7f4da8e3b7a8c30314f232cb68a52c5580284,www.skylit.ai/learn/trinity-mode/index.html
https://www.skylit.ai/manifesto,https://www.skylit.ai/manifesto,200,text/html; charset=utf-8,23644,54c5d35ae390291b2702014b01d2abfcd9984257744bf0fec13720206d8a9e9a,www.skylit.ai/manifesto/index.html
https://www.skylit.ai/learn/gamma-exposure,https://www.skylit.ai/learn/gamma-exposure,200,text/html; charset=utf-8,40086,0a196baaf0c5463c0cd2405c85d782e79a90bb45bb5a918dedcfe0ff955d43ae,www.skylit.ai/learn/gamma-exposure/index.html
https://www.skylit.ai/learn/analyzing-print-chart-modal,https://www.skylit.ai/learn/analyzing-print-chart-modal,200,text/html; charset=utf-8,94326,e9466a5ea5a2656e0ddcaa34747608adb17931d8f9a67aab1b13de4f51482fc9,www.skylit.ai/learn/analyzing-print-chart-modal/index.html
https://www.skylit.ai/learn/graduate-from-trading-alerts,https://www.skylit.ai/learn/graduate-from-trading-alerts,200,text/html; charset=utf-8,48666,010a1d3f5d0681954707ffa29f668ee179eb2701563c969eaf98860c0d1709f7,www.skylit.ai/learn/graduate-from-trading-alerts/index.html
https://www.skylit.ai/learn/options-greeks,https://www.skylit.ai/learn/options-greeks,200,text/html; charset=utf-8,62530,c258e682878b0ddff2bf827f71c39a7ed03bdca9dfa39265fddbb0d2e86ead41,www.skylit.ai/learn/options-greeks/index.html
https://www.skylit.ai/learn/intro-to-flowseeker,https://www.skylit.ai/learn/intro-to-flowseeker,200,text/html; charset=utf-8,70201,4aa745d7a36b4b27c081d97aa6541a974447f31b13ced73845aa0964d9486d56,www.skylit.ai/learn/intro-to-flowseeker/index.html
https://www.skylit.ai/learn/gex-trading,https://www.skylit.ai/learn/gex-trading,200,text/html; charset=utf-8,64114,093e571e1ddd2289880cd65b2c5ff34860415a7af69135b02f3ac65612e84cd3,www.skylit.ai/learn/gex-trading/index.html
https://www.skylit.ai/learn,https://www.skylit.ai/learn,200,text/html; charset=utf-8,85579,8f51d9c61326f8c492a7ee1e07bb4f8f2260f195de6ff4c8ba78ea50f851f0fc,www.skylit.ai/learn/index.html
https://www.skylit.ai/learn/intro-to-talon-chatbot-v1,https://www.skylit.ai/learn/intro-to-talon-chatbot-v1,200,text/html; charset=utf-8,43164,77ccc6ff7fbdc3dc90d18c3bc85ca49830a2f88de3b847a21aba9cd40503c46f,www.skylit.ai/learn/intro-to-talon-chatbot-v1/index.html
https://app.skylit.ai/_next/static/chunks/5485-08719a466b890540.js,https://app.skylit.ai/_next/static/chunks/5485-08719a466b890540.js,200,application/javascript; charset=UTF-8,24838,c1e58f779a45ae0ccf77f76088a36e6234f6a763490fbdd1c0d1d30616eeda7d,app.skylit.ai/_next/static/chunks/5485-08719a466b890540.js
https://app.skylit.ai/_next/static/chunks/6898-c7df98ceb01066ec.js,https://app.skylit.ai/_next/static/chunks/6898-c7df98ceb01066ec.js,200,application/javascript; charset=UTF-8,95156,e6ef7244b798475e282264a02f0fc3d9327b8cdfaccd682989549e1918eb11f8,app.skylit.ai/_next/static/chunks/6898-c7df98ceb01066ec.js
https://app.skylit.ai/_next/static/chunks/181-88cba17a6dc8c325.js,https://app.skylit.ai/_next/static/chunks/181-88cba17a6dc8c325.js,200,application/javascript; charset=UTF-8,22094,5ed8468ff3c106afb8b94a9109a28b4c4b99dac99ad58b2c40b7a01ca2e192c7,app.skylit.ai/_next/static/chunks/181-88cba17a6dc8c325.js
https://app.skylit.ai/_next/static/chunks/polyfills-42372ed130431b0a.js,https://app.skylit.ai/_next/static/chunks/polyfills-42372ed130431b0a.js,200,application/javascript; charset=UTF-8,112594,0973c1d64c88adc8e3c950410cb58b288f72118d5965b78049438deb8f2f9683,app.skylit.ai/_next/static/chunks/polyfills-42372ed130431b0a.js
https://app.skylit.ai/_next/static/chunks/7297-f12effc5f786481c.js,https://app.skylit.ai/_next/static/chunks/7297-f12effc5f786481c.js,200,application/javascript; charset=UTF-8,73082,a2b2ec0fa75f4e0fc118f83d186bb92d2d5d27f604ffa77156023ef00822d426,app.skylit.ai/_next/static/chunks/7297-f12effc5f786481c.js
https://app.skylit.ai/_next/static/chunks/9661-5cf099f85d56e395.js,https://app.skylit.ai/_next/static/chunks/9661-5cf099f85d56e395.js,200,application/javascript; charset=UTF-8,9528,f037f71497c19924ac4555c6125301fb150b67c14aaae892eda8801581fa6025,app.skylit.ai/_next/static/chunks/9661-5cf099f85d56e395.js
https://app.skylit.ai/_next/static/chunks/9105-764d67233875e45d.js,https://app.skylit.ai/_next/static/chunks/9105-764d67233875e45d.js,200,application/javascript; charset=UTF-8,24226,5abbbbc07151348b11d970b5e6c4af7c4e5da938705b510295b05a1553ce1acf,app.skylit.ai/_next/static/chunks/9105-764d67233875e45d.js
https://app.skylit.ai/_next/static/chunks/5231-7d6fdb6cc427b276.js,https://app.skylit.ai/_next/static/chunks/5231-7d6fdb6cc427b276.js,200,application/javascript; charset=UTF-8,115697,e2c787106a85ab71c41ae736f039ef59396e180d6faef249e19d6667317e3212,app.skylit.ai/_next/static/chunks/5231-7d6fdb6cc427b276.js
https://app.skylit.ai/_next/static/chunks/1576-b802384d65dd427f.js,https://app.skylit.ai/_next/static/chunks/1576-b802384d65dd427f.js,200,application/javascript; charset=UTF-8,16763,8a7c755aa106b47f53d69d14371c767c019fe53cf5c8134ab86ec2e99042a455,app.skylit.ai/_next/static/chunks/1576-b802384d65dd427f.js
https://app.skylit.ai/_next/static/chunks/app/page-2e33e332a825484c.js,https://app.skylit.ai/_next/static/chunks/app/page-2e33e332a825484c.js,200,application/javascript; charset=UTF-8,101234,f03ae77b8cbbf49adb80db2cd591d47ccb6a4eed57f253ff907732aa75847dc1,app.skylit.ai/_next/static/chunks/app/page-2e33e332a825484c.js
https://app.skylit.ai/_next/static/chunks/7026-d5f1da6b0d5e5c29.js,https://app.skylit.ai/_next/static/chunks/7026-d5f1da6b0d5e5c29.js,200,application/javascript; charset=UTF-8,28692,b3c60e10e2f5b71a2b02bad452025f97aabda2be4954918b29548a184cac0d0e,app.skylit.ai/_next/static/chunks/7026-d5f1da6b0d5e5c29.js
https://app.skylit.ai/_next/static/chunks/a4634e51-c4bd651267baabfd.js,https://app.skylit.ai/_next/static/chunks/a4634e51-c4bd651267baabfd.js,200,application/javascript; charset=UTF-8,513311,7505f2b0fee71c5a9005600165c78becf7d11797da21dce8f5ff5a77f908241d,app.skylit.ai/_next/static/chunks/a4634e51-c4bd651267baabfd.js
https://app.skylit.ai/_next/static/media/e4af272ccee01ff0-s.p.woff2,https://app.skylit.ai/_next/static/media/e4af272ccee01ff0-s.p.woff2,200,font/woff2,48432,c940764593d0fe5d596be327ca7558855e018039fb78509aa21921fd3644c3e4,app.skylit.ai/_next/static/media/e4af272ccee01ff0-s.p.woff2
https://app.skylit.ai/_next/static/chunks/app/error-60c985368a3c3b4b.js,https://app.skylit.ai/_next/static/chunks/app/error-60c985368a3c3b4b.js,200,application/javascript; charset=UTF-8,1681,a03e6a925f3f8939c9aaa3200fb10b0cf7fdb5df5efbd5489045af6946e48960,app.skylit.ai/_next/static/chunks/app/error-60c985368a3c3b4b.js
https://app.skylit.ai/_next/static/chunks/1255-2515ec02460e7abe.js,https://app.skylit.ai/_next/static/chunks/1255-2515ec02460e7abe.js,200,application/javascript; charset=UTF-8,172433,2dfa5c8e967508b736d0e17f681b79ea30271167a19886fdd473ba21072a4e12,app.skylit.ai/_next/static/chunks/1255-2515ec02460e7abe.js
https://app.skylit.ai/_next/static/chunks/8593-0b7dc0fa05075470.js,https://app.skylit.ai/_next/static/chunks/8593-0b7dc0fa05075470.js,200,application/javascript; charset=UTF-8,52802,04995cb089646705b169a23214e8fe3c15ce4efe9f35e9bb3511c78cae121831,app.skylit.ai/_next/static/chunks/8593-0b7dc0fa05075470.js
https://app.skylit.ai/_next/static/chunks/2907-30b709b8103db419.js,https://app.skylit.ai/_next/static/chunks/2907-30b709b8103db419.js,200,application/javascript; charset=UTF-8,314520,017f1bcd0ba9252b79dca6c532a9b8daa93e576909d4bde1d132c3d7e69765a4,app.skylit.ai/_next/static/chunks/2907-30b709b8103db419.js
https://app.skylit.ai/apple-touch-icon.png,https://app.skylit.ai/apple-touch-icon.png,200,image/png,17100,3e345b9fb66bf799af7aa6e06e2458cb08fd902287d0b653da05233563f003ed,app.skylit.ai/apple-touch-icon.png
https://app.skylit.ai/_next/static/chunks/7086-8beb50d3703891fa.js,https://app.skylit.ai/_next/static/chunks/7086-8beb50d3703891fa.js,200,application/javascript; charset=UTF-8,31406,f3331c6bc2ab432eae1eea763a470285efbcb6009e4d09b26d9bfc0a785c509a,app.skylit.ai/_next/static/chunks/7086-8beb50d3703891fa.js
https://app.skylit.ai/_next/static/chunks/9832-3e591358ebdb25b9.js,https://app.skylit.ai/_next/static/chunks/9832-3e591358ebdb25b9.js,200,application/javascript; charset=UTF-8,245986,eb0d77c40e8fc3fff1def59ea2dfd576a18ec623e1c83d175e4310dc243ab109,app.skylit.ai/_next/static/chunks/9832-3e591358ebdb25b9.js
https://app.skylit.ai/_next/static/chunks/app/layout-d1688cb316a7e92d.js,https://app.skylit.ai/_next/static/chunks/app/layout-d1688cb316a7e92d.js,200,application/javascript; charset=UTF-8,71872,3ad3f91c650d5c75a78d03245c76b4aa3f1cddfa8d6701d211a5b6e72f78738c,app.skylit.ai/_next/static/chunks/app/layout-d1688cb316a7e92d.js
https://app.skylit.ai/_next/static/chunks/155-53fef369c0e3951d.js,https://app.skylit.ai/_next/static/chunks/155-53fef369c0e3951d.js,200,application/javascript; charset=UTF-8,12020,725d7814c02adefc102d7bf3dedbc98104b88ceabdfe357cac5dd94ff30b8207,app.skylit.ai/_next/static/chunks/155-53fef369c0e3951d.js
https://app.skylit.ai/_next/static/chunks/4625-209b3b47ab6cd87b.js,https://app.skylit.ai/_next/static/chunks/4625-209b3b47ab6cd87b.js,200,application/javascript; charset=UTF-8,8615,4e187bc41817b90ba1bd5623a4d28398a0696a76d6b4d4ce0646a3340d093f8c,app.skylit.ai/_next/static/chunks/4625-209b3b47ab6cd87b.js
https://app.skylit.ai/_next/static/chunks/9201-a75db5e6a4c11e69.js,https://app.skylit.ai/_next/static/chunks/9201-a75db5e6a4c11e69.js,200,application/javascript; charset=UTF-8,74632,6cb6e089c20d8dac870837737d554f47550d2b28d1714d466a3fa469a541115c,app.skylit.ai/_next/static/chunks/9201-a75db5e6a4c11e69.js
https://app.skylit.ai/_next/static/chunks/4230-425c3f66e7e842e9.js,https://app.skylit.ai/_next/static/chunks/4230-425c3f66e7e842e9.js,200,application/javascript; charset=UTF-8,35125,8ed5d749790a5f5779b7b348e7eb870fde79f551bcddf5bd9a0bac8ea6a5dd66,app.skylit.ai/_next/static/chunks/4230-425c3f66e7e842e9.js
https://app.skylit.ai/_next/static/chunks/4bd1b696-182b6b13bdad92e3.js,https://app.skylit.ai/_next/static/chunks/4bd1b696-182b6b13bdad92e3.js,200,application/javascript; charset=UTF-8,173025,ac61824cbe55db2ff6a8d8a22e8427dc3ddba120242a077e944ee4159ed7c5fc,app.skylit.ai/_next/static/chunks/4bd1b696-182b6b13bdad92e3.js
https://app.skylit.ai/_next/static/chunks/9588-458c4779d91de9eb.js,https://app.skylit.ai/_next/static/chunks/9588-458c4779d91de9eb.js,200,application/javascript; charset=UTF-8,38299,513fc4a5e5ae6fed28fd81f366de81e6b2ae88b768d3817dad3eeae2994631c7,app.skylit.ai/_next/static/chunks/9588-458c4779d91de9eb.js
https://app.skylit.ai/_next/static/chunks/main-app-f3336e172256d2ab.js,https://app.skylit.ai/_next/static/chunks/main-app-f3336e172256d2ab.js,200,application/javascript; charset=UTF-8,572,91801d552d3e97ad6aabb535c2d8eeff31bab152fb2448b8556373894e7d7215,app.skylit.ai/_next/static/chunks/main-app-f3336e172256d2ab.js
https://app.skylit.ai/_next/static/css/f8f6efbcd1e306ae.css,https://app.skylit.ai/_next/static/css/f8f6efbcd1e306ae.css,200,text/css; charset=UTF-8,225690,90a236b6d894352dc0598f3f50aaf9590b8a69763c745c9765da1feb77e7ffce,app.skylit.ai/_next/static/css/f8f6efbcd1e306ae.css
https://app.skylit.ai/_next/static/chunks/6677-7971ca8179e5ddd7.js,https://app.skylit.ai/_next/static/chunks/6677-7971ca8179e5ddd7.js,200,application/javascript; charset=UTF-8,16524,45e39d744d8f3fc1d8d75747acf58bed863ea623e767dbfcf1163abf4b62cc6d,app.skylit.ai/_next/static/chunks/6677-7971ca8179e5ddd7.js
https://app.skylit.ai/_next/static/media/739c2d8941231bb4-s.p.woff2,https://app.skylit.ai/_next/static/media/739c2d8941231bb4-s.p.woff2,200,font/woff2,32752,2ed6ac9efae6d21f51b2946176a0eef79a4043d643f9ac976e66d7fc4d57803a,app.skylit.ai/_next/static/media/739c2d8941231bb4-s.p.woff2
https://app.skylit.ai/_next/static/chunks/1163-24f40c25adf82148.js,https://app.skylit.ai/_next/static/chunks/1163-24f40c25adf82148.js,200,application/javascript; charset=UTF-8,13898,d3d6d8e0adf5958136b579b0d6198173d0655c195a98f15a530d4e6d608df5ee,app.skylit.ai/_next/static/chunks/1163-24f40c25adf82148.js
https://app.skylit.ai/_next/static/chunks/144d3bae-2dd2a6d890344e42.js,https://app.skylit.ai/_next/static/chunks/144d3bae-2dd2a6d890344e42.js,200,application/javascript; charset=UTF-8,490323,fefbcc7997940adfd7f38fc0cad189d686f897636f85ff1b9490c75500a79522,app.skylit.ai/_next/static/chunks/144d3bae-2dd2a6d890344e42.js
https://app.skylit.ai/_next/static/chunks/5368-05ddc984de4127bf.js,https://app.skylit.ai/_next/static/chunks/5368-05ddc984de4127bf.js,200,application/javascript; charset=UTF-8,45684,b06a242fb6136589657dd52485d8ee69291e4e7268d867f92b5d3f12bab0d9d6,app.skylit.ai/_next/static/chunks/5368-05ddc984de4127bf.js
https://app.skylit.ai/_next/static/chunks/5385-13d7646711c4efae.js,https://app.skylit.ai/_next/static/chunks/5385-13d7646711c4efae.js,200,application/javascript; charset=UTF-8,16346,7436088e1e98de42489a29647464598fe015380036167e9f0044b4e484de0d67,app.skylit.ai/_next/static/chunks/5385-13d7646711c4efae.js
https://app.skylit.ai/_next/static/chunks/2554-bf4a03637d053103.js,https://app.skylit.ai/_next/static/chunks/2554-bf4a03637d053103.js,200,application/javascript; charset=UTF-8,42987,40eca4a04a43a2a541f3e6ef8604a830870bc942ca6a79a9b14255c3c50775c6,app.skylit.ai/_next/static/chunks/2554-bf4a03637d053103.js
https://app.skylit.ai/_next/static/chunks/2239-60d2f6f593401e84.js,https://app.skylit.ai/_next/static/chunks/2239-60d2f6f593401e84.js,200,application/javascript; charset=UTF-8,6441,627946c763b5ae1601923a8ab1cbb3017bb5eec352461f2e8bf450bda427af16,app.skylit.ai/_next/static/chunks/2239-60d2f6f593401e84.js
https://app.skylit.ai/_next/static/media/22a5144ee8d83bca-s.p.woff2,https://app.skylit.ai/_next/static/media/22a5144ee8d83bca-s.p.woff2,200,font/woff2,29288,9b6f5ff45b278c744b5f379a2c4ecbaf858a842b8eaf82ac8d21b699ca16c608,app.skylit.ai/_next/static/media/22a5144ee8d83bca-s.p.woff2
https://app.skylit.ai/_next/static/chunks/766-f081ff105a721075.js,https://app.skylit.ai/_next/static/chunks/766-f081ff105a721075.js,200,application/javascript; charset=UTF-8,24945,89d6b1b240cd2ed34437eb2e178378fead553657b936a8418cec7ff8ff4c29f8,app.skylit.ai/_next/static/chunks/766-f081ff105a721075.js
https://app.skylit.ai/_next/static/chunks/5168-9901aec5fd79d4ae.js,https://app.skylit.ai/_next/static/chunks/5168-9901aec5fd79d4ae.js,200,application/javascript; charset=UTF-8,13567,156544753a74805d6f1f15bb61a365fe3f8481d592365eca513b696851850ad1,app.skylit.ai/_next/static/chunks/5168-9901aec5fd79d4ae.js
https://app.skylit.ai/_next/static/chunks/4712-c51afc57ca55d292.js,https://app.skylit.ai/_next/static/chunks/4712-c51afc57ca55d292.js,200,application/javascript; charset=UTF-8,106946,fd834c0767c798b49a51ad9baf853ac245f408f1ce3ccc8f4074ab70e653a45f,app.skylit.ai/_next/static/chunks/4712-c51afc57ca55d292.js
https://app.skylit.ai/_next/static/chunks/3394-5f0434df7f02f4f2.js,https://app.skylit.ai/_next/static/chunks/3394-5f0434df7f02f4f2.js,200,application/javascript; charset=UTF-8,45456,dff30dc3072b84a14e4f1840076472e260a81fa73874ec0da54cbfe0178190f3,app.skylit.ai/_next/static/chunks/3394-5f0434df7f02f4f2.js
https://app.skylit.ai/icon-512x512.png,https://app.skylit.ai/icon-512x512.png,200,image/png,43821,522ba934fe5cc650deaf6cbf8224dbb2b833d88967807b8f70c41cfc49a57c5e,app.skylit.ai/icon-512x512.png
https://app.skylit.ai/_next/static/media/7d4881bb7e1bf84d-s.p.woff2,https://app.skylit.ai/_next/static/media/7d4881bb7e1bf84d-s.p.woff2,200,font/woff2,23108,5f3d6ad60f29d6cb708414ec6887163d63bf197377ef5417d2483ff31ace6c3b,app.skylit.ai/_next/static/media/7d4881bb7e1bf84d-s.p.woff2
https://app.skylit.ai/_next/static/chunks/3477-b1b3280841e76470.js,https://app.skylit.ai/_next/static/chunks/3477-b1b3280841e76470.js,200,application/javascript; charset=UTF-8,50612,4b14ef5c94731a8d7d2f0b038104cd5db1ecf8e56c6041b7f97a26d3419bf828,app.skylit.ai/_next/static/chunks/3477-b1b3280841e76470.js
https://app.skylit.ai/_next/static/chunks/d0709137-66b18913c3688eee.js,https://app.skylit.ai/_next/static/chunks/d0709137-66b18913c3688eee.js,200,application/javascript; charset=UTF-8,151971,a1c73cca4c2200cf6f2e5207c87b6666fecda6c3c5b6188ea7141eda47051a34,app.skylit.ai/_next/static/chunks/d0709137-66b18913c3688eee.js
https://app.skylit.ai/_next/static/chunks/6359-ed0070f980a475f0.js,https://app.skylit.ai/_next/static/chunks/6359-ed0070f980a475f0.js,200,application/javascript; charset=UTF-8,93907,491bf1d0a8699bad08495dcf091870e2f09d2b449811de2641a72bc9bd23b527,app.skylit.ai/_next/static/chunks/6359-ed0070f980a475f0.js
https://app.skylit.ai/_next/static/chunks/9511-43b62da7e02e04df.js,https://app.skylit.ai/_next/static/chunks/9511-43b62da7e02e04df.js,200,application/javascript; charset=UTF-8,7672,e248dd56a8ec1fa75adf10f39f0264c06c887e3ca98e1d5657c8ab9d24eec36e,app.skylit.ai/_next/static/chunks/9511-43b62da7e02e04df.js
https://app.skylit.ai/_next/static/chunks/1799-c9013097d8cce919.js,https://app.skylit.ai/_next/static/chunks/1799-c9013097d8cce919.js,200,application/javascript; charset=UTF-8,13391,1e8066c2cd625b9de4de569fc922b2b4a7ce5ebb7a3a81cacc0f7f23be458b56,app.skylit.ai/_next/static/chunks/1799-c9013097d8cce919.js
https://app.skylit.ai/_next/static/chunks/5922-8acaee7ffe0f4cef.js,https://app.skylit.ai/_next/static/chunks/5922-8acaee7ffe0f4cef.js,200,application/javascript; charset=UTF-8,502242,80872c29531ae126a6f59b1192a522f740c252600e347a18a9ba69bb95d21f77,app.skylit.ai/_next/static/chunks/5922-8acaee7ffe0f4cef.js
https://app.skylit.ai/_next/static/chunks/webpack-f3d0a796ef5b4b45.js,https://app.skylit.ai/_next/static/chunks/webpack-f3d0a796ef5b4b45.js,200,application/javascript; charset=UTF-8,4021,5752bc00677501500c3fa6c0279e8fe8e313d8d1d6fd51d1508a736211124faf,app.skylit.ai/_next/static/chunks/webpack-f3d0a796ef5b4b45.js
https://app.skylit.ai/_next/static/css/de8cc10a599451d9.css,https://app.skylit.ai/_next/static/css/de8cc10a599451d9.css,200,text/css; charset=UTF-8,7841,af94fb8304940e46d825eaa073f0314e80d6a9e03c4811c4dd19a0510295c785,app.skylit.ai/_next/static/css/de8cc10a599451d9.css
https://app.skylit.ai/_next/static/chunks/7945-f6d188ac1d59a0f4.js,https://app.skylit.ai/_next/static/chunks/7945-f6d188ac1d59a0f4.js,200,application/javascript; charset=UTF-8,41287,08ad9376882ae3a0ff1b061ab728a7e4ac7d6b3f549ffcf6bc72a906bea81d9b,app.skylit.ai/_next/static/chunks/7945-f6d188ac1d59a0f4.js
https://app.skylit.ai/_next/static/chunks/4006-7e42e10ec7ccc654.js,https://app.skylit.ai/_next/static/chunks/4006-7e42e10ec7ccc654.js,200,application/javascript; charset=UTF-8,41326,c0e167a1d2a3b89de05ea3e75c53402cdad631993d7525df64618bfa25632944,app.skylit.ai/_next/static/chunks/4006-7e42e10ec7ccc654.js
https://app.skylit.ai/_next/static/chunks/3624-20f0d907ee7216d9.js,https://app.skylit.ai/_next/static/chunks/3624-20f0d907ee7216d9.js,200,application/javascript; charset=UTF-8,13419,d8b98543353e4bf0466609b698a06553c7947528f75da644c6b852c481db08c7,app.skylit.ai/_next/static/chunks/3624-20f0d907ee7216d9.js
https://app.skylit.ai/_next/static/chunks/2501-547c53e2053a1b35.js,https://app.skylit.ai/_next/static/chunks/2501-547c53e2053a1b35.js,200,application/javascript; charset=UTF-8,16745,f91def8c5ea9411cbb46eb64606efa9b0b53f714ca857d5c60ab19d3dd8041ab,app.skylit.ai/_next/static/chunks/2501-547c53e2053a1b35.js
https://app.skylit.ai/_next/static/chunks/app/not-found-673260e14050cb6d.js,https://app.skylit.ai/_next/static/chunks/app/not-found-673260e14050cb6d.js,200,application/javascript; charset=UTF-8,191,2dc2035b284fe329760b8efe79bc84a5c6b64459b5bc80cf94bdcbefebf67f66,app.skylit.ai/_next/static/chunks/app/not-found-673260e14050cb6d.js
https://app.skylit.ai/_next/static/chunks/4909-f5e5a2b9645891bd.js,https://app.skylit.ai/_next/static/chunks/4909-f5e5a2b9645891bd.js,200,application/javascript; charset=UTF-8,24796,85acd58a0fa4c55fcf50b73f0ac084ec322ecdeda6410e31083237a0f26c298a,app.skylit.ai/_next/static/chunks/4909-f5e5a2b9645891bd.js
https://app.skylit.ai/_next/static/chunks/7883-6592990794d20510.js,https://app.skylit.ai/_next/static/chunks/7883-6592990794d20510.js,200,application/javascript; charset=UTF-8,11092,ae9074d68fe5a43ed40af30a49847a1eb9b1fc1e1f50554a09858a8622de1272,app.skylit.ai/_next/static/chunks/7883-6592990794d20510.js
https://app.skylit.ai/_next/static/chunks/9893-5c6f98ea9bf92f48.js,https://app.skylit.ai/_next/static/chunks/9893-5c6f98ea9bf92f48.js,200,application/javascript; charset=UTF-8,41688,5dbb912f718159c975fe8c31f61e9e8802b4c86f5ad2465dd826cce3ca84739a,app.skylit.ai/_next/static/chunks/9893-5c6f98ea9bf92f48.js
https://app.skylit.ai/_next/static/chunks/1755-3859e9fff5a0ccab.js,https://app.skylit.ai/_next/static/chunks/1755-3859e9fff5a0ccab.js,200,application/javascript; charset=UTF-8,28055,ce56424357e7c9890879b5a196f1975309d82a7bd1c4fcaf8c1571fc61af3ddb,app.skylit.ai/_next/static/chunks/1755-3859e9fff5a0ccab.js
https://app.skylit.ai/_next/static/chunks/6514-bd56272b2716d98c.js,https://app.skylit.ai/_next/static/chunks/6514-bd56272b2716d98c.js,200,application/javascript; charset=UTF-8,440192,a4bffe728a1d7aec6f5de490f5e982f77bfcd29411f0358a595ec99283418e68,app.skylit.ai/_next/static/chunks/6514-bd56272b2716d98c.js
https://app.skylit.ai/_next/static/chunks/7187-dbf517257821735b.js,https://app.skylit.ai/_next/static/chunks/7187-dbf517257821735b.js,200,application/javascript; charset=UTF-8,33391,f9f9d384223ec1aa954c2d526510858e03a82578c6890af9126b1e4e640ee9eb,app.skylit.ai/_next/static/chunks/7187-dbf517257821735b.js
https://app.skylit.ai/_next/static/chunks/1110-5359c25b86389f01.js,https://app.skylit.ai/_next/static/chunks/1110-5359c25b86389f01.js,200,application/javascript; charset=UTF-8,18715,cea85bdfcd00609087f3347094145d1a673e8a51bc45dda48c3394d72e566f24,app.skylit.ai/_next/static/chunks/1110-5359c25b86389f01.js
https://app.skylit.ai/_next/static/chunks/9130-67e17638f58e9d4b.js,https://app.skylit.ai/_next/static/chunks/9130-67e17638f58e9d4b.js,200,application/javascript; charset=UTF-8,32522,a6f914ce45a0fd10960007ce54937c6cd23492188fbc0f6d374d8861f931f98e,app.skylit.ai/_next/static/chunks/9130-67e17638f58e9d4b.js
https://app.skylit.ai/_next/static/chunks/4621-12e3f5caebaefab8.js,https://app.skylit.ai/_next/static/chunks/4621-12e3f5caebaefab8.js,200,application/javascript; charset=UTF-8,14280,c0150df9835a57c1cb0c4dd93fcc59babc990a21f56cfc187c3fe5a851cc8d4d,app.skylit.ai/_next/static/chunks/4621-12e3f5caebaefab8.js
https://app.skylit.ai/icon-192x192.png,https://app.skylit.ai/icon-192x192.png,200,image/png,18468,0dbb07bb23b14cfc84b97ad49062354e230c684c2d3076b924b7bd29f50fd6a9,app.skylit.ai/icon-192x192.png
https://app.skylit.ai/_next/static/chunks/3680-031f28b8cec8225b.js,https://app.skylit.ai/_next/static/chunks/3680-031f28b8cec8225b.js,200,application/javascript; charset=UTF-8,111446,887bd970011ec72571e7d700564a351c2ae98a043efd196a3d86b3e63abea0bb,app.skylit.ai/_next/static/chunks/3680-031f28b8cec8225b.js
https://app.skylit.ai/_next/static/chunks/6696-f35cc60e1a8df3cf.js,https://app.skylit.ai/_next/static/chunks/6696-f35cc60e1a8df3cf.js,200,application/javascript; charset=UTF-8,21607,bf020e30ba8587c7bc0d051757a8f4de79b313b2c0f3ed2893996b65cca26d1c,app.skylit.ai/_next/static/chunks/6696-f35cc60e1a8df3cf.js
https://app.skylit.ai/_next/static/chunks/7520-6f0984a998d9e4dd.js,https://app.skylit.ai/_next/static/chunks/7520-6f0984a998d9e4dd.js,200,application/javascript; charset=UTF-8,8173,c1cca4a19ff0103bab3352c4161567432795d08b0f03c5b7c8d2d77d3e12b0b3,app.skylit.ai/_next/static/chunks/7520-6f0984a998d9e4dd.js
https://app.skylit.ai/_next/static/chunks/589c24b9-a5f0df66608c07b4.js,https://app.skylit.ai/_next/static/chunks/589c24b9-a5f0df66608c07b4.js,200,application/javascript; charset=UTF-8,84426,0ab2125b569a24442e476b184872807202350886cb63a5588e29bf53e98dbda4,app.skylit.ai/_next/static/chunks/589c24b9-a5f0df66608c07b4.js
https://app.skylit.ai/_next/static/chunks/4338-2835906ea9e42f40.js,https://app.skylit.ai/_next/static/chunks/4338-2835906ea9e42f40.js,200,application/javascript; charset=UTF-8,35872,3964ac5c4e649fe736fd6240796e3386180b396dc734076804b2a9395b2d4723,app.skylit.ai/_next/static/chunks/4338-2835906ea9e42f40.js
https://app.skylit.ai/_next/static/chunks/6614-bb93312999c77658.js,https://app.skylit.ai/_next/static/chunks/6614-bb93312999c77658.js,200,application/javascript; charset=UTF-8,156838,5937a63e7ef9cdd196058bc9862b093055fa9a2945c3de6b8ea9bf0e378cbc23,app.skylit.ai/_next/static/chunks/6614-bb93312999c77658.js
https://app.skylit.ai/_next/static/chunks/6613-1fa957526aa42ad9.js,https://app.skylit.ai/_next/static/chunks/6613-1fa957526aa42ad9.js,200,application/javascript; charset=UTF-8,14442,d38add5221bc7ec64f49100c4fa63498b9a728347d4af4d111a612aa00017e74,app.skylit.ai/_next/static/chunks/6613-1fa957526aa42ad9.js
https://app.skylit.ai/_next/static/chunks/9206-02ef40d64d673fcf.js,https://app.skylit.ai/_next/static/chunks/9206-02ef40d64d673fcf.js,200,application/javascript; charset=UTF-8,12257,4e721c41c06e3226f1e666233b442aa38f26db1ee27b30b8db97401019201801,app.skylit.ai/_next/static/chunks/9206-02ef40d64d673fcf.js
https://app.skylit.ai/_next/static/chunks/988-7c66963a05bdd0b2.js,https://app.skylit.ai/_next/static/chunks/988-7c66963a05bdd0b2.js,200,application/javascript; charset=UTF-8,19746,630d6b73088dbe94ebfd8f02c568597906b5777ddf9e9983c1bbb5f01e5ce359,app.skylit.ai/_next/static/chunks/988-7c66963a05bdd0b2.js
https://app.skylit.ai/_next/static/chunks/6630-04cbc9e46e2ae107.js,https://app.skylit.ai/_next/static/chunks/6630-04cbc9e46e2ae107.js,200,application/javascript; charset=UTF-8,9738,8aa697085a0729d2f2509950714e05460dc83eb73aeae667871e5d3a1e00742c,app.skylit.ai/_next/static/chunks/6630-04cbc9e46e2ae107.js
https://app.skylit.ai/_next/static/chunks/2595-020377d4c96c03b4.js,https://app.skylit.ai/_next/static/chunks/2595-020377d4c96c03b4.js,200,application/javascript; charset=UTF-8,43011,da4ac3b6f14b135ec23086350fcb072db8439ec39bb79194752652c174d7ca41,app.skylit.ai/_next/static/chunks/2595-020377d4c96c03b4.js
https://app.skylit.ai/_next/static/chunks/6093-3da856b6315cafaa.js,https://app.skylit.ai/_next/static/chunks/6093-3da856b6315cafaa.js,200,application/javascript; charset=UTF-8,26979,9b2ea8879f0e5d0ffe67e007330c1b91910854b6827c68af9f30927848c246bf,app.skylit.ai/_next/static/chunks/6093-3da856b6315cafaa.js
https://app.skylit.ai/manifest.webmanifest,https://app.skylit.ai/manifest.webmanifest,200,application/manifest+json,891,62b02b5d3df2eee902c4bd0afb20eeae36ca1d0a247f9c2ebb56e781792d7c51,app.skylit.ai/manifest.webmanifest
https://app.skylit.ai/_next/static/chunks/2619-04bc32f026a0d946.js,https://app.skylit.ai/_next/static/chunks/2619-04bc32f026a0d946.js,200,application/javascript; charset=UTF-8,8564,a9b6c2213ea787a015c0169d198b4a90d7a44a0cc17abb0d132e8362d3016ced,app.skylit.ai/_next/static/chunks/2619-04bc32f026a0d946.js
https://docs.skylit.ai/mintlify-assets/_next/static/chunks/0685d76b264a77ed.css,https://docs.skylit.ai/mintlify-assets/_next/static/chunks/0685d76b264a77ed.css,200,text/css; charset=utf-8,442296,5c07654af264b6116d1b712b9dba2300856cebc74be30a8f0aad8bd7550bbb64,docs.skylit.ai/mintlify-assets/_next/static/chunks/0685d76b264a77ed.css
https://docs.skylit.ai/mintlify-assets/_next/static/chunks/a919d558158c76f7.js,https://docs.skylit.ai/mintlify-assets/_next/static/chunks/a919d558158c76f7.js,200,application/javascript; charset=utf-8,58198,ed27d6cf3fa001b1ba1894e60ea1a664db9a4943c12a195cbfb67184bd3eeffa,docs.skylit.ai/mintlify-assets/_next/static/chunks/a919d558158c76f7.js
https://docs.skylit.ai/mintlify-assets/_next/static/chunks/3c7a0825c36ec3f6.js,https://docs.skylit.ai/mintlify-assets/_next/static/chunks/3c7a0825c36ec3f6.js,200,application/javascript; charset=utf-8,47386,88bf00fa5b3eb35b85d9bc9c004dc178a7efe51bf5f1da2d96d6d9633fbc08b3,docs.skylit.ai/mintlify-assets/_next/static/chunks/3c7a0825c36ec3f6.js
https://docs.skylit.ai/mintlify-assets/_next/static/chunks/3df48e92ab491c72.js,https://docs.skylit.ai/mintlify-assets/_next/static/chunks/3df48e92ab491c72.js,200,application/javascript; charset=utf-8,189317,3b22dae0c707b9fede1f5b5cf2d22884a599cc023d6d1450611f28bf99eec6be,docs.skylit.ai/mintlify-assets/_next/static/chunks/3df48e92ab491c72.js
https://docs.skylit.ai/mintlify-assets/_next/static/chunks/8778b596bb8e1fac.js,https://docs.skylit.ai/mintlify-assets/_next/static/chunks/8778b596bb8e1fac.js,200,application/javascript; charset=utf-8,58841,24573aef0db77afcaf041d67e3b6c0f47410c6cafa8f24ada878edf74f1eeb93,docs.skylit.ai/mintlify-assets/_next/static/chunks/8778b596bb8e1fac.js
https://docs.skylit.ai/mintlify-assets/_mintlify/favicons/skylit-490c28ef/5GBGzfyuwg6DxDhJ/_generated/favicon/favicon-32x32.png,https://docs.skylit.ai/mintlify-assets/_mintlify/favicons/skylit-490c28ef/5GBGzfyuwg6DxDhJ/_generated/favicon/favicon-32x32.png,200,image/png,1411,4a38ec81d2c15f21a43b870e9e14c496fd2dae5bccf31a1e9d2b05bb05380f4c,docs.skylit.ai/mintlify-assets/_mintlify/favicons/skylit-490c28ef/5GBGzfyuwg6DxDhJ/_generated/favicon/favicon-32x32.png
https://docs.skylit.ai/mintlify-assets/_mintlify/favicons/skylit-490c28ef/5GBGzfyuwg6DxDhJ/_generated/favicon-dark/favicon-16x16.png,https://docs.skylit.ai/mintlify-assets/_mintlify/favicons/skylit-490c28ef/5GBGzfyuwg6DxDhJ/_generated/favicon-dark/favicon-16x16.png,200,image/png,442,7507eca5a2eaaba43fbc4e2c82d89e920473b17b840cdf386b1180306b672d64,docs.skylit.ai/mintlify-assets/_mintlify/favicons/skylit-490c28ef/5GBGzfyuwg6DxDhJ/_generated/favicon-dark/favicon-16x16.png
https://docs.skylit.ai/mintlify-assets/_next/static/chunks/a6dad97d9634a72d.js,https://docs.skylit.ai/mintlify-assets/_next/static/chunks/a6dad97d9634a72d.js,200,application/javascript; charset=utf-8,112594,0973c1d64c88adc8e3c950410cb58b288f72118d5965b78049438deb8f2f9683,docs.skylit.ai/mintlify-assets/_next/static/chunks/a6dad97d9634a72d.js
https://docs.skylit.ai/mintlify-assets/_next/static/chunks/d58a9429c24471c3.js,https://docs.skylit.ai/mintlify-assets/_next/static/chunks/d58a9429c24471c3.js,200,application/javascript; charset=utf-8,33751,695a1b2c54c15193707b0734307f6184bfc64abb1828fc81bfd9b5e1fa7fb838,docs.skylit.ai/mintlify-assets/_next/static/chunks/d58a9429c24471c3.js
https://docs.skylit.ai/mintlify-assets/_next/static/chunks/7339e6a0316f2fb6.js,https://docs.skylit.ai/mintlify-assets/_next/static/chunks/7339e6a0316f2fb6.js,200,application/javascript; charset=utf-8,669804,3bb621bcc6e9a588104078648c2022800f6a9b6a37bc0ccbed9ea9ad54cce689,docs.skylit.ai/mintlify-assets/_next/static/chunks/7339e6a0316f2fb6.js
https://docs.skylit.ai/mintlify-assets/_next/static/chunks/9ad88408f987aa42.js,https://docs.skylit.ai/mintlify-assets/_next/static/chunks/9ad88408f987aa42.js,200,application/javascript; charset=utf-8,18343,8d0c64a89eefebddf031ff5d7db24624217b74257f586951d19e4d33cba9671a,docs.skylit.ai/mintlify-assets/_next/static/chunks/9ad88408f987aa42.js
https://docs.skylit.ai/mintlify-assets/_next/static/chunks/95810dccb4b634b5.js,https://docs.skylit.ai/mintlify-assets/_next/static/chunks/95810dccb4b634b5.js,200,application/javascript; charset=utf-8,185142,5a691ac2d384f76dafd5e7979a795f1146cf6b4e35359abb59f6ee524b4f507c,docs.skylit.ai/mintlify-assets/_next/static/chunks/95810dccb4b634b5.js
https://docs.skylit.ai/mintlify-assets/_next/static/chunks/turbopack-c76ebffa520948c9.js,https://docs.skylit.ai/mintlify-assets/_next/static/chunks/turbopack-c76ebffa520948c9.js,200,application/javascript; charset=utf-8,10389,168ece9d38d748951412771d0939db7a017d80deed2ab5eb76027cb59b2a3864,docs.skylit.ai/mintlify-assets/_next/static/chunks/turbopack-c76ebffa520948c9.js
https://docs.skylit.ai/mintlify-assets/_next/static/chunks/ffe460cdbc2efcef.js,https://docs.skylit.ai/mintlify-assets/_next/static/chunks/ffe460cdbc2efcef.js,200,application/javascript; charset=utf-8,139816,52dee4c78053fe7bdbec9c8c346605e14611f6615243be974b71561af799bb27,docs.skylit.ai/mintlify-assets/_next/static/chunks/ffe460cdbc2efcef.js
https://docs.skylit.ai/mintlify-assets/_next/static/chunks/462bacc63bed9960.css,https://docs.skylit.ai/mintlify-assets/_next/static/chunks/462bacc63bed9960.css,200,text/css; charset=utf-8,4195,bd6050b655399d63ec3780f4efc190e5fd72b2a6e40821af9571979c2c0860e7,docs.skylit.ai/mintlify-assets/_next/static/chunks/462bacc63bed9960.css
https://docs.skylit.ai/mintlify-assets/_next/static/chunks/b664fc8bb1e7ab0d.js,https://docs.skylit.ai/mintlify-assets/_next/static/chunks/b664fc8bb1e7ab0d.js,200,application/javascript; charset=utf-8,32150,c63335bc95b5ffae344758b56a849fd7ecb0fbdf3acae1a60f2bd19138c297dc,docs.skylit.ai/mintlify-assets/_next/static/chunks/b664fc8bb1e7ab0d.js
https://docs.skylit.ai/mintlify-assets/_next/static/chunks/cfd727ba62f1c54c.js,https://docs.skylit.ai/mintlify-assets/_next/static/chunks/cfd727ba62f1c54c.js,200,application/javascript; charset=utf-8,59827,47f9bd3cf73b2119ecfc35f44693d00b03bc0326d4f4e8836507bd2289af34e6,docs.skylit.ai/mintlify-assets/_next/static/chunks/cfd727ba62f1c54c.js
https://docs.skylit.ai/mintlify-assets/_next/static/chunks/f5976305ab1768eb.js,https://docs.skylit.ai/mintlify-assets/_next/static/chunks/f5976305ab1768eb.js,200,application/javascript; charset=utf-8,24407,913bb5577ee28b8ed08e851d8dfd9df95aeae65c1b3370f04c37136dd9495ceb,docs.skylit.ai/mintlify-assets/_next/static/chunks/f5976305ab1768eb.js
https://docs.skylit.ai/mintlify-assets/_next/static/chunks/190f7abfa78edae5.js,https://docs.skylit.ai/mintlify-assets/_next/static/chunks/190f7abfa78edae5.js,200,application/javascript; charset=utf-8,30326,33f7be13d3a2d15b403c8aa72326ab2641ffde51e830ebd44148659503c5deaa,docs.skylit.ai/mintlify-assets/_next/static/chunks/190f7abfa78edae5.js
https://docs.skylit.ai/mintlify-assets/_next/static/media/PaperMono_Variable.p.aa32f7a0.woff2,https://docs.skylit.ai/mintlify-assets/_next/static/media/PaperMono_Variable.p.aa32f7a0.woff2,200,font/woff2,52584,ca2fbd40c7f5c39cc00fb8d754ca542079841477d36febd502137ab61a70a1fb,docs.skylit.ai/mintlify-assets/_next/static/media/PaperMono_Variable.p.aa32f7a0.woff2
https://docs.skylit.ai/mintlify-assets/_next/static/chunks/44795504c795ca32.js,https://docs.skylit.ai/mintlify-assets/_next/static/chunks/44795504c795ca32.js,200,application/javascript; charset=utf-8,36667,2a61cd7750b35aef247bfa539811096043b9633fec9bb20e749d4d657ade018f,docs.skylit.ai/mintlify-assets/_next/static/chunks/44795504c795ca32.js
https://docs.skylit.ai/mintlify-assets/_next/static/chunks/9eac3607e9aa8098.js,https://docs.skylit.ai/mintlify-assets/_next/static/chunks/9eac3607e9aa8098.js,200,application/javascript; charset=utf-8,64936,1aab108a15741d31eb7bef07bdb57574b0cb8034628f7e1d43a167b3eb124c62,docs.skylit.ai/mintlify-assets/_next/static/chunks/9eac3607e9aa8098.js
https://docs.skylit.ai/mintlify-assets/_mintlify/favicons/skylit-490c28ef/5GBGzfyuwg6DxDhJ/_generated/favicon-dark/favicon.ico,https://docs.skylit.ai/mintlify-assets/_mintlify/favicons/skylit-490c28ef/5GBGzfyuwg6DxDhJ/_generated/favicon-dark/favicon.ico,200,image/x-icon,33310,091301feab442802d7a0e328d1beea18ad8087e8fa7a8d54ffdae034bb443f63,docs.skylit.ai/mintlify-assets/_mintlify/favicons/skylit-490c28ef/5GBGzfyuwg6DxDhJ/_generated/favicon-dark/favicon.ico
https://docs.skylit.ai/mintlify-assets/_next/static/chunks/2dd53f5a4cfe6dd5.js,https://docs.skylit.ai/mintlify-assets/_next/static/chunks/2dd53f5a4cfe6dd5.js,200,application/javascript; charset=utf-8,26714,547e83ffcfe7b0239a2ccf9d271946aecfa4e08882a7a9552cbcd0fb514e1fce,docs.skylit.ai/mintlify-assets/_next/static/chunks/2dd53f5a4cfe6dd5.js
https://docs.skylit.ai/mintlify-assets/_next/static/chunks/0eb894a8519f24ea.js,https://docs.skylit.ai/mintlify-assets/_next/static/chunks/0eb894a8519f24ea.js,200,application/javascript; charset=utf-8,25519,d42dee0f88d9a42e4f5e520af2816294a93139da68c66a7013231a86194ba68a,docs.skylit.ai/mintlify-assets/_next/static/chunks/0eb894a8519f24ea.js
https://docs.skylit.ai/platform/support,https://docs.skylit.ai/platform/support,200,text/html; charset=utf-8,248071,7bc28ea8c4f77803a581eb9bbfb4701a1ed1352f58597f495684093c6bd042b5,docs.skylit.ai/platform/support/index.html
https://docs.skylit.ai/llms.txt,https://docs.skylit.ai/llms.txt,200,text/plain; charset=utf-8,25753,650b9472dd641193331a7fda383bcec781d41999a783ccceba18d609b9248152,docs.skylit.ai/llms.txt
https://docs.skylit.ai/mintlify-assets/_next/static/chunks/c7c9dfd26f25e785.js,https://docs.skylit.ai/mintlify-assets/_next/static/chunks/c7c9dfd26f25e785.js,200,application/javascript; charset=utf-8,70770,34070b910315f21692e18c1c4556a57634ab3669f3180dc2b6295a2ababbb98f,docs.skylit.ai/mintlify-assets/_next/static/chunks/c7c9dfd26f25e785.js
https://docs.skylit.ai/mintlify-assets/_next/static/chunks/ca8fe0ccebe75085.js,https://docs.skylit.ai/mintlify-assets/_next/static/chunks/ca8fe0ccebe75085.js,200,application/javascript; charset=utf-8,31972,e8d0fc46cc6628fc9ae3b7ada1294f7a85752df368d91737dda808b197e0c757,docs.skylit.ai/mintlify-assets/_next/static/chunks/ca8fe0ccebe75085.js
https://docs.skylit.ai/mintlify-assets/_next/static/chunks/cc5fb492c7259b04.js,https://docs.skylit.ai/mintlify-assets/_next/static/chunks/cc5fb492c7259b04.js,200,application/javascript; charset=utf-8,38965,5e2536e56bfc6685849f0e398984d7c84fdc33fa06b598d59871ceb09935817d,docs.skylit.ai/mintlify-assets/_next/static/chunks/cc5fb492c7259b04.js
https://docs.skylit.ai/mintlify-assets/_next/static/chunks/9cc4edb2ff6f4014.js,https://docs.skylit.ai/mintlify-assets/_next/static/chunks/9cc4edb2ff6f4014.js,200,application/javascript; charset=utf-8,66636,67e893718b37a1ab8a2f6943627fd34e931aadda1c255eba90182153c2d1a1c1,docs.skylit.ai/mintlify-assets/_next/static/chunks/9cc4edb2ff6f4014.js
https://docs.skylit.ai/mintlify-assets/_next/static/chunks/9090d55f1c6244ff.js,https://docs.skylit.ai/mintlify-assets/_next/static/chunks/9090d55f1c6244ff.js,200,application/javascript; charset=utf-8,32486,623223f2a24a34a0eede626e689f403e944d98b53b2213ac3a9c231cde33016d,docs.skylit.ai/mintlify-assets/_next/static/chunks/9090d55f1c6244ff.js
https://docs.skylit.ai/mintlify-assets/_next/static/chunks/35dbc28d40b1113b.js,https://docs.skylit.ai/mintlify-assets/_next/static/chunks/35dbc28d40b1113b.js,200,application/javascript; charset=utf-8,8230,919dff8a0b3d6dd32a4d98e6ed8119096ae9d76e3be4b955e456e8874dbbfd2e,docs.skylit.ai/mintlify-assets/_next/static/chunks/35dbc28d40b1113b.js
https://docs.skylit.ai/mintlify-assets/_next/static/chunks/f486afc314643ce1.js,https://docs.skylit.ai/mintlify-assets/_next/static/chunks/f486afc314643ce1.js,200,application/javascript; charset=utf-8,187588,673ede73deb1531f9a459d37777a08baf098b085db80446f8379975c635125db,docs.skylit.ai/mintlify-assets/_next/static/chunks/f486afc314643ce1.js
https://docs.skylit.ai/mintlify-assets/_next/static/chunks/279496702efc0f92.js,https://docs.skylit.ai/mintlify-assets/_next/static/chunks/279496702efc0f92.js,200,application/javascript; charset=utf-8,67315,9a4a63dfc38a64c222ac0f09a401b6a8949ace1cfa9b8e2aeee605c6be751e73,docs.skylit.ai/mintlify-assets/_next/static/chunks/279496702efc0f92.js
https://docs.skylit.ai/mintlify-assets/_next/static/chunks/6d55b684068fd47e.js,https://docs.skylit.ai/mintlify-assets/_next/static/chunks/6d55b684068fd47e.js,200,application/javascript; charset=utf-8,18973,7f8ef505d26e79a01d0e766f2bda106da794426b7c2144f61df223d9a5c8f111,docs.skylit.ai/mintlify-assets/_next/static/chunks/6d55b684068fd47e.js
https://docs.skylit.ai/platform/overview.md,https://docs.skylit.ai/platform/overview.md,200,text/markdown; charset=utf-8,1703,c2fe184fd5f42b8cbcb3880f731818cf3e11c28c4862e0ca58580079712320f4,docs.skylit.ai/platform/overview.md
https://docs.skylit.ai/mintlify-assets/_next/static/chunks/a5edc6734daa1561.js,https://docs.skylit.ai/mintlify-assets/_next/static/chunks/a5edc6734daa1561.js,200,application/javascript; charset=utf-8,27468,65f5374a975121c67422466ab914eabbe792ef00d0da5a835087a38d2f8dd396,docs.skylit.ai/mintlify-assets/_next/static/chunks/a5edc6734daa1561.js
https://docs.skylit.ai/mintlify-assets/_mintlify/favicons/skylit-490c28ef/5GBGzfyuwg6DxDhJ/_generated/favicon-dark/android-chrome-192x192.png,https://docs.skylit.ai/mintlify-assets/_mintlify/favicons/skylit-490c28ef/5GBGzfyuwg6DxDhJ/_generated/favicon-dark/android-chrome-192x192.png,200,image/png,10535,4143ec0442d7811e9e701d5eb7f05368e5213d57a866c25325155f49992e0f08,docs.skylit.ai/mintlify-assets/_mintlify/favicons/skylit-490c28ef/5GBGzfyuwg6DxDhJ/_generated/favicon-dark/android-chrome-192x192.png
https://docs.skylit.ai/mintlify-assets/_next/static/chunks/0890ba15c670d9b1.js,https://docs.skylit.ai/mintlify-assets/_next/static/chunks/0890ba15c670d9b1.js,200,application/javascript; charset=utf-8,52625,4f423ff6ed7b96e274d899e7fbaec067e4eb24f7434f6f73b076f01c126bd043,docs.skylit.ai/mintlify-assets/_next/static/chunks/0890ba15c670d9b1.js
https://docs.skylit.ai/platform/overview,https://docs.skylit.ai/platform/overview,200,text/html; charset=utf-8,259956,689a55872bc19376bd94d37f3eaf397004fd3e67d465c37f0a9e89c1f4484823,docs.skylit.ai/platform/overview/index.html
https://docs.skylit.ai/mintlify-assets/_mintlify/favicons/skylit-490c28ef/5GBGzfyuwg6DxDhJ/_generated/favicon-dark/favicon-32x32.png,https://docs.skylit.ai/mintlify-assets/_mintlify/favicons/skylit-490c28ef/5GBGzfyuwg6DxDhJ/_generated/favicon-dark/favicon-32x32.png,200,image/png,1412,0fd0afc00c7226590738a83abac01a6718c48d772a0f9a1162c6220628fa5c62,docs.skylit.ai/mintlify-assets/_mintlify/favicons/skylit-490c28ef/5GBGzfyuwg6DxDhJ/_generated/favicon-dark/favicon-32x32.png
https://docs.skylit.ai/mintlify-assets/_next/static/media/f67ad414ed34149c.p.84166d94.woff2,https://docs.skylit.ai/mintlify-assets/_next/static/media/f67ad414ed34149c.p.84166d94.woff2,200,font/woff2,51636,7ddd9658a57d7c5811b4f6aa43625433d72c05ac83c46a231ef3dfd88813c8a1,docs.skylit.ai/mintlify-assets/_next/static/media/f67ad414ed34149c.p.84166d94.woff2
https://docs.skylit.ai/mintlify-assets/_next/static/chunks/329b5be61330e31a.js,https://docs.skylit.ai/mintlify-assets/_next/static/chunks/329b5be61330e31a.js,200,application/javascript; charset=utf-8,312919,ceef1ac3db852354639ee97b87935b2d2fbb66c681d14c4b487d47bf58d42cce,docs.skylit.ai/mintlify-assets/_next/static/chunks/329b5be61330e31a.js
https://docs.skylit.ai/sitemap.xml,https://docs.skylit.ai/sitemap.xml,200,text/xml,14701,8475545bed491eac26383ba7414782dd1cd3fbbc8b31f4229a59849afab99c13,docs.skylit.ai/sitemap.xml
https://docs.skylit.ai/mintlify-assets/_mintlify/favicons/skylit-490c28ef/5GBGzfyuwg6DxDhJ/_generated/favicon/apple-touch-icon.png,https://docs.skylit.ai/mintlify-assets/_mintlify/favicons/skylit-490c28ef/5GBGzfyuwg6DxDhJ/_generated/favicon/apple-touch-icon.png,200,image/png,9263,034bd4ff52d249824ec77e81965fa9cd46fe7153f22e0f0d0ed645234ce59a78,docs.skylit.ai/mintlify-assets/_mintlify/favicons/skylit-490c28ef/5GBGzfyuwg6DxDhJ/_generated/favicon/apple-touch-icon.png
https://docs.skylit.ai/mintlify-assets/_next/static/chunks/efc48c5a15e82458.js,https://docs.skylit.ai/mintlify-assets/_next/static/chunks/efc48c5a15e82458.js,200,application/javascript; charset=utf-8,31693,460a1379b249bf0b91eebeb6f3755f04dd19b5b0d32711d76f1ac3c245a7e523,docs.skylit.ai/mintlify-assets/_next/static/chunks/efc48c5a15e82458.js
https://docs.skylit.ai/mintlify-assets/_next/static/chunks/19ae1768f166fab9.js,https://docs.skylit.ai/mintlify-assets/_next/static/chunks/19ae1768f166fab9.js,200,application/javascript; charset=utf-8,10999,d45d63a7fed54dabfc4e4af2981c840a5d1a770c339dd8807f0a9c1c9d1b4102,docs.skylit.ai/mintlify-assets/_next/static/chunks/19ae1768f166fab9.js
https://docs.skylit.ai/mintlify-assets/_mintlify/favicons/skylit-490c28ef/5GBGzfyuwg6DxDhJ/_generated/favicon/favicon.ico,https://docs.skylit.ai/mintlify-assets/_mintlify/favicons/skylit-490c28ef/5GBGzfyuwg6DxDhJ/_generated/favicon/favicon.ico,200,image/x-icon,33310,89abdb636a35c1cbf2f6654161df1665271e9b93f486f837b2195c30c20f7ac8,docs.skylit.ai/mintlify-assets/_mintlify/favicons/skylit-490c28ef/5GBGzfyuwg6DxDhJ/_generated/favicon/favicon.ico
https://docs.skylit.ai/platform/changelog,https://docs.skylit.ai/platform/changelog,200,text/html; charset=utf-8,256975,ab89022218d9625537e8d128a3c44cac4ca0432cd89d08ee2b2e6fd17a97783e,docs.skylit.ai/platform/changelog/index.html
https://docs.skylit.ai/mintlify-assets/_mintlify/favicons/skylit-490c28ef/5GBGzfyuwg6DxDhJ/_generated/favicon/favicon-16x16.png,https://docs.skylit.ai/mintlify-assets/_mintlify/favicons/skylit-490c28ef/5GBGzfyuwg6DxDhJ/_generated/favicon/favicon-16x16.png,200,image/png,449,be04136513b180051c18847d93c5577f09b3fe55d8e533fcf35f5a61bcc2f6e9,docs.skylit.ai/mintlify-assets/_mintlify/favicons/skylit-490c28ef/5GBGzfyuwg6DxDhJ/_generated/favicon/favicon-16x16.png
https://docs.skylit.ai/mintlify-assets/_next/static/chunks/cde9521bba917b79.js,https://docs.skylit.ai/mintlify-assets/_next/static/chunks/cde9521bba917b79.js,200,application/javascript; charset=utf-8,68858,6cb615d50198ff6e3713fddb36d86d070d49afe3841b0c03374881c88b719ceb,docs.skylit.ai/mintlify-assets/_next/static/chunks/cde9521bba917b79.js
https://docs.skylit.ai/mintlify-assets/_mintlify/favicons/skylit-490c28ef/5GBGzfyuwg6DxDhJ/_generated/favicon/android-chrome-192x192.png,https://docs.skylit.ai/mintlify-assets/_mintlify/favicons/skylit-490c28ef/5GBGzfyuwg6DxDhJ/_generated/favicon/android-chrome-192x192.png,200,image/png,10642,2c7fa0d01f431dbfbc35040b7930f5940a0e30cbe6b2757b0dfddba25bce4457,docs.skylit.ai/mintlify-assets/_mintlify/favicons/skylit-490c28ef/5GBGzfyuwg6DxDhJ/_generated/favicon/android-chrome-192x192.png
https://docs.skylit.ai/mintlify-assets/_next/static/chunks/dee1a3107a05c55f.js,https://docs.skylit.ai/mintlify-assets/_next/static/chunks/dee1a3107a05c55f.js,200,application/javascript; charset=utf-8,33751,e09246a65d53150be07b90a05d1f274639c64fc5f04378d2799fc8e6a60764a3,docs.skylit.ai/mintlify-assets/_next/static/chunks/dee1a3107a05c55f.js
https://docs.skylit.ai/mintlify-assets/_next/static/media/83afe278b6a6bb3c.p.3a6ba036.woff2,https://docs.skylit.ai/mintlify-assets/_next/static/media/83afe278b6a6bb3c.p.3a6ba036.woff2,200,font/woff2,48432,c940764593d0fe5d596be327ca7558855e018039fb78509aa21921fd3644c3e4,docs.skylit.ai/mintlify-assets/_next/static/media/83afe278b6a6bb3c.p.3a6ba036.woff2
https://docs.skylit.ai/mintlify-assets/_mintlify/favicons/skylit-490c28ef/5GBGzfyuwg6DxDhJ/_generated/favicon/browserconfig.xml,https://docs.skylit.ai/mintlify-assets/_mintlify/favicons/skylit-490c28ef/5GBGzfyuwg6DxDhJ/_generated/favicon/browserconfig.xml,200,application/xml,234,eee35afba33dbf1296f76398aa59cc211f87ffdef3465cf09d941d9a5619aeac,docs.skylit.ai/mintlify-assets/_mintlify/favicons/skylit-490c28ef/5GBGzfyuwg6DxDhJ/_generated/favicon/browserconfig.xml
https://www.skylit.ai/assets/SEO-DvF6_Aa0.js,https://www.skylit.ai/assets/SEO-DvF6_Aa0.js,200,application/javascript,1037,6e7b65e24a6a8bc30c207e336cdbb28f7e2f404d3f416740cc29b5eae4af5c30,www.skylit.ai/assets/SEO-DvF6_Aa0.js
https://www.skylit.ai/assets/WallOfSuccessPage-C7ZXmKTV.js,https://www.skylit.ai/assets/WallOfSuccessPage-C7ZXmKTV.js,200,application/javascript,2697,e7601b707bb4b8092d1a5dc58311f8577d5ea31d738a0c591674d427572a791b,www.skylit.ai/assets/WallOfSuccessPage-C7ZXmKTV.js
https://www.skylit.ai/assets/assets/NotFoundPage-xxjkCTAi.js,https://www.skylit.ai/assets/assets/NotFoundPage-xxjkCTAi.js,200,text/html; charset=utf-8,333629,cd0691f0a24935210675b39c42db0ca235446c3dd9493794527787889814919c,www.skylit.ai/assets/assets/NotFoundPage-xxjkCTAi.js
https://www.skylit.ai/assets/assets/AlphaDecayPage-DrEO8WjT.js,https://www.skylit.ai/assets/assets/AlphaDecayPage-DrEO8WjT.js,200,text/html; charset=utf-8,333629,cd0691f0a24935210675b39c42db0ca235446c3dd9493794527787889814919c,www.skylit.ai/assets/assets/AlphaDecayPage-DrEO8WjT.js
https://www.skylit.ai/assets/assets/TermsPage-CgGY0ONb.js,https://www.skylit.ai/assets/assets/TermsPage-CgGY0ONb.js,200,text/html; charset=utf-8,333629,cd0691f0a24935210675b39c42db0ca235446c3dd9493794527787889814919c,www.skylit.ai/assets/assets/TermsPage-CgGY0ONb.js
https://www.skylit.ai/assets/assets/PrivacyPage-DCMLg_5b.js,https://www.skylit.ai/assets/assets/PrivacyPage-DCMLg_5b.js,200,text/html; charset=utf-8,333629,cd0691f0a24935210675b39c42db0ca235446c3dd9493794527787889814919c,www.skylit.ai/assets/assets/PrivacyPage-DCMLg_5b.js
https://www.skylit.ai/assets/assets/LearnHub-BcqBy0EC.js,https://www.skylit.ai/assets/assets/LearnHub-BcqBy0EC.js,200,text/html; charset=utf-8,333629,cd0691f0a24935210675b39c42db0ca235446c3dd9493794527787889814919c,www.skylit.ai/assets/assets/LearnHub-BcqBy0EC.js
https://www.skylit.ai/assets/assets/ArticlePage-BzhK0Axy.js,https://www.skylit.ai/assets/assets/ArticlePage-BzhK0Axy.js,200,text/html; charset=utf-8,333629,cd0691f0a24935210675b39c42db0ca235446c3dd9493794527787889814919c,www.skylit.ai/assets/assets/ArticlePage-BzhK0Axy.js
https://www.skylit.ai/assets/assets/alert-triangle-DyMroC0r.js,https://www.skylit.ai/assets/assets/alert-triangle-DyMroC0r.js,200,text/html; charset=utf-8,333629,cd0691f0a24935210675b39c42db0ca235446c3dd9493794527787889814919c,www.skylit.ai/assets/assets/alert-triangle-DyMroC0r.js
https://www.skylit.ai/assets/assets/shield-DO73TEnt.js,https://www.skylit.ai/assets/assets/shield-DO73TEnt.js,200,text/html; charset=utf-8,333629,cd0691f0a24935210675b39c42db0ca235446c3dd9493794527787889814919c,www.skylit.ai/assets/assets/shield-DO73TEnt.js
https://www.skylit.ai/assets/assets/AffiliateSignupPolicy-CRmltJaD.js,https://www.skylit.ai/assets/assets/AffiliateSignupPolicy-CRmltJaD.js,200,text/html; charset=utf-8,333629,cd0691f0a24935210675b39c42db0ca235446c3dd9493794527787889814919c,www.skylit.ai/assets/assets/AffiliateSignupPolicy-CRmltJaD.js
https://www.skylit.ai/assets/assets/WhySkylit-EnheZZbC.js,https://www.skylit.ai/assets/assets/WhySkylit-EnheZZbC.js,200,text/html; charset=utf-8,333629,cd0691f0a24935210675b39c42db0ca235446c3dd9493794527787889814919c,www.skylit.ai/assets/assets/WhySkylit-EnheZZbC.js
https://www.skylit.ai/assets/assets/FlagshipDesk-B8_pzbAY.js,https://www.skylit.ai/assets/assets/FlagshipDesk-B8_pzbAY.js,200,text/html; charset=utf-8,333629,cd0691f0a24935210675b39c42db0ca235446c3dd9493794527787889814919c,www.skylit.ai/assets/assets/FlagshipDesk-B8_pzbAY.js
https://www.skylit.ai/assets/assets/SEO-DvF6_Aa0.js,https://www.skylit.ai/assets/assets/SEO-DvF6_Aa0.js,200,text/html; charset=utf-8,333629,cd0691f0a24935210675b39c42db0ca235446c3dd9493794527787889814919c,www.skylit.ai/assets/assets/SEO-DvF6_Aa0.js
https://www.skylit.ai/talon-research.mp4,https://www.skylit.ai/talon-research.mp4,200,video/mp4,595959,8156e03ba30800067617d6338087dba4f0c1790fac7a6cf707d4272bb8bb0faa,www.skylit.ai/talon-research.mp4
https://www.skylit.ai/assets/assets/LearnCategory-BFIdpXd_.js,https://www.skylit.ai/assets/assets/LearnCategory-BFIdpXd_.js,200,text/html; charset=utf-8,333629,cd0691f0a24935210675b39c42db0ca235446c3dd9493794527787889814919c,www.skylit.ai/assets/assets/LearnCategory-BFIdpXd_.js
https://www.skylit.ai/assets/assets/Starfield-C8Ru2ztp.js,https://www.skylit.ai/assets/assets/Starfield-C8Ru2ztp.js,200,text/html; charset=utf-8,333629,cd0691f0a24935210675b39c42db0ca235446c3dd9493794527787889814919c,www.skylit.ai/assets/assets/Starfield-C8Ru2ztp.js
https://www.skylit.ai/assets/assets/whySkylit-D3zpYGRI.js,https://www.skylit.ai/assets/assets/whySkylit-D3zpYGRI.js,200,text/html; charset=utf-8,333629,cd0691f0a24935210675b39c42db0ca235446c3dd9493794527787889814919c,www.skylit.ai/assets/assets/whySkylit-D3zpYGRI.js
https://www.skylit.ai/assets/assets/ManifestoPage-DD_N71nj.js,https://www.skylit.ai/assets/assets/ManifestoPage-DD_N71nj.js,200,text/html; charset=utf-8,333629,cd0691f0a24935210675b39c42db0ca235446c3dd9493794527787889814919c,www.skylit.ai/assets/assets/ManifestoPage-DD_N71nj.js
https://www.skylit.ai/assets/assets/WallOfSuccessPage-C7ZXmKTV.js,https://www.skylit.ai/assets/assets/WallOfSuccessPage-C7ZXmKTV.js,200,text/html; charset=utf-8,333629,cd0691f0a24935210675b39c42db0ca235446c3dd9493794527787889814919c,www.skylit.ai/assets/assets/WallOfSuccessPage-C7ZXmKTV.js
https://www.skylit.ai/assets/assets/AdminPage-CqMOnMWH.js,https://www.skylit.ai/assets/assets/AdminPage-CqMOnMWH.js,200,text/html; charset=utf-8,333629,cd0691f0a24935210675b39c42db0ca235446c3dd9493794527787889814919c,www.skylit.ai/assets/assets/AdminPage-CqMOnMWH.js
https://www.skylit.ai/nexus-sandbox.mp4,https://www.skylit.ai/nexus-sandbox.mp4,200,video/mp4,1386566,8c539f90c785b80d457ca76d2214f687e95da1a859c2bf201db790b31c8e6dfe,www.skylit.ai/nexus-sandbox.mp4
https://www.skylit.ai/assets/assets/VisionPage-D0XQzOOP.js,https://www.skylit.ai/assets/assets/VisionPage-D0XQzOOP.js,200,text/html; charset=utf-8,333629,cd0691f0a24935210675b39c42db0ca235446c3dd9493794527787889814919c,www.skylit.ai/assets/assets/VisionPage-D0XQzOOP.js
https://www.skylit.ai/assets/assets/ArticleTag-BCz4VRd4.js,https://www.skylit.ai/assets/assets/ArticleTag-BCz4VRd4.js,200,text/html; charset=utf-8,333629,cd0691f0a24935210675b39c42db0ca235446c3dd9493794527787889814919c,www.skylit.ai/assets/assets/ArticleTag-BCz4VRd4.js
https://www.skylit.ai/assets/TermsPage-CgGY0ONb.js,https://www.skylit.ai/assets/TermsPage-CgGY0ONb.js,200,application/javascript,13468,2068cfae13a90d97be280bf744dd5ff8b08d8b668b117c8fb43a82fe0fda625c,www.skylit.ai/assets/TermsPage-CgGY0ONb.js
https://www.skylit.ai/assets/PrivacyPage-DCMLg_5b.js,https://www.skylit.ai/assets/PrivacyPage-DCMLg_5b.js,200,application/javascript,12707,b010ac4880393961dd7f4fe9ff08ad6705da091a897d7926441f94f459dd89e9,www.skylit.ai/assets/PrivacyPage-DCMLg_5b.js
https://www.skylit.ai/assets/roboto-mono-cyrillic-400-normal-B3hIXASd.woff,https://www.skylit.ai/assets/roboto-mono-cyrillic-400-normal-B3hIXASd.woff,200,font/woff,9100,d9b6eb65b2968edba79d1db5e265ed1811a0999ca24fe781d36d0b97ef92efbb,www.skylit.ai/assets/roboto-mono-cyrillic-400-normal-B3hIXASd.woff
https://www.skylit.ai/assets/roboto-mono-cyrillic-500-normal-DGZ7-lUP.woff2,https://www.skylit.ai/assets/roboto-mono-cyrillic-500-normal-DGZ7-lUP.woff2,200,font/woff2,7512,117fa76afb2f349d9d3e898f24eb526315170521ed74969cf16b9cf29d105308,www.skylit.ai/assets/roboto-mono-cyrillic-500-normal-DGZ7-lUP.woff2
https://www.skylit.ai/assets/roboto-mono-greek-400-normal-P8xe1gs1.woff,https://www.skylit.ai/assets/roboto-mono-greek-400-normal-P8xe1gs1.woff,200,font/woff,7176,3d00156f4e70ea94a36b92d1ad304bca50240f731587eb8d10dbfc79b23a1f91,www.skylit.ai/assets/roboto-mono-greek-400-normal-P8xe1gs1.woff
https://www.skylit.ai/assets/roboto-mono-latin-500-normal-D6j6AMzd.woff,https://www.skylit.ai/assets/roboto-mono-latin-500-normal-D6j6AMzd.woff,200,font/woff,15932,ae8da93ddfad37b344aa6f615bd26771c58e3b3be3a371a623e90a7cd28f432d,www.skylit.ai/assets/roboto-mono-latin-500-normal-D6j6AMzd.woff
https://www.skylit.ai/assets/roboto-mono-latin-ext-500-normal-B1IjfbhL.woff,https://www.skylit.ai/assets/roboto-mono-latin-ext-500-normal-B1IjfbhL.woff,200,font/woff,12308,5c0dd9be18fb34e3dd73c9528ba3beaf0f13c53500f0645df748f3ec3219c997,www.skylit.ai/assets/roboto-mono-latin-ext-500-normal-B1IjfbhL.woff
https://www.skylit.ai/assets/dm-sans-latin-wght-normal-Xz1IZZA0.woff2,https://www.skylit.ai/assets/dm-sans-latin-wght-normal-Xz1IZZA0.woff2,200,font/woff2,36932,9fea608a947e67020c33cad9a6fe3d60c54119dfb8cff87768a8117a15ed7543,www.skylit.ai/assets/dm-sans-latin-wght-normal-Xz1IZZA0.woff2
https://www.skylit.ai/assets/dm-sans-latin-ext-wght-normal-BOFOeGcA.woff2,https://www.skylit.ai/assets/dm-sans-latin-ext-wght-normal-BOFOeGcA.woff2,200,font/woff2,18228,a5d38fe99f930275684999b462c7123faa063d9e44e73b4b241723d884aa0f49,www.skylit.ai/assets/dm-sans-latin-ext-wght-normal-BOFOeGcA.woff2
https://www.skylit.ai/assets/roboto-mono-cyrillic-ext-400-normal-BHxv52bw.woff2,https://www.skylit.ai/assets/roboto-mono-cyrillic-ext-400-normal-BHxv52bw.woff2,200,font/woff2,13732,de9d9d69c7140eb0ba951986b1181ff1725c14c79a9deffc13cc645cfd312a3e,www.skylit.ai/assets/roboto-mono-cyrillic-ext-400-normal-BHxv52bw.woff2
https://www.skylit.ai/assets/roboto-mono-latin-ext-500-normal-Db3ge6Oe.woff2,https://www.skylit.ai/assets/roboto-mono-latin-ext-500-normal-Db3ge6Oe.woff2,200,font/woff2,9808,f9943037d734ce0a3dca872da278a77ccec005db721b764a7ff977e059426316,www.skylit.ai/assets/roboto-mono-latin-ext-500-normal-Db3ge6Oe.woff2
https://www.skylit.ai/assets/roboto-mono-vietnamese-400-normal-yYTFiTTs.woff2,https://www.skylit.ai/assets/roboto-mono-vietnamese-400-normal-yYTFiTTs.woff2,200,font/woff2,4636,90237ead9085efcdb757ba498a2d46460e009c2907c83291ec56f59813976593,www.skylit.ai/assets/roboto-mono-vietnamese-400-normal-yYTFiTTs.woff2
https://www.skylit.ai/assets/roboto-mono-greek-400-normal-CH_u3Aru.woff2,https://www.skylit.ai/assets/roboto-mono-greek-400-normal-CH_u3Aru.woff2,200,font/woff2,5940,4b1c9b0ba29c3f32c0a04915792aeab9d614d147d8c695d955dc069c285b329e,www.skylit.ai/assets/roboto-mono-greek-400-normal-CH_u3Aru.woff2
https://www.skylit.ai/assets/roboto-mono-latin-400-normal-DBZPkcnn.woff,https://www.skylit.ai/assets/roboto-mono-latin-400-normal-DBZPkcnn.woff,200,font/woff,15720,9690f3c6eb06d0a4e7b3de424daa616612e31718cf5440b3fc5977db72673d24,www.skylit.ai/assets/roboto-mono-latin-400-normal-DBZPkcnn.woff
https://www.skylit.ai/assets/roboto-mono-cyrillic-ext-500-normal-DC57U9n8.woff2,https://www.skylit.ai/assets/roboto-mono-cyrillic-ext-500-normal-DC57U9n8.woff2,200,font/woff2,14056,96ff010e106cae30b33bbc2f4b6c3f6043928d991b4ef4265c2cdb0771303b14,www.skylit.ai/assets/roboto-mono-cyrillic-ext-500-normal-DC57U9n8.woff2
https://www.skylit.ai/assets/roboto-mono-latin-500-normal-pxIOXZmA.woff2,https://www.skylit.ai/assets/roboto-mono-latin-500-normal-pxIOXZmA.woff2,200,font/woff2,12936,ce7027efa5c894e8b244b0ca05ec121b6a85655957afd9c76c59b56910de7d4e,www.skylit.ai/assets/roboto-mono-latin-500-normal-pxIOXZmA.woff2
https://www.skylit.ai/assets/roboto-mono-cyrillic-400-normal-C-_K-ZCn.woff2,https://www.skylit.ai/assets/roboto-mono-cyrillic-400-normal-C-_K-ZCn.woff2,200,font/woff2,7456,e3e9abf60b61dbf89160e8ad6cbc60ba0116a6d7297f5173c787aaeb6a6772dc,www.skylit.ai/assets/roboto-mono-cyrillic-400-normal-C-_K-ZCn.woff2
https://www.skylit.ai/assets/roboto-mono-latin-ext-400-normal-DLAV9S_w.woff2,https://www.skylit.ai/assets/roboto-mono-latin-ext-400-normal-DLAV9S_w.woff2,200,font/woff2,9592,3d1e72bf2f7f579e5680e87a492bf14f156c01d09da741d5bb657f2841787157,www.skylit.ai/assets/roboto-mono-latin-ext-400-normal-DLAV9S_w.woff2
https://www.skylit.ai/assets/roboto-mono-greek-500-normal-DpRFkptA.woff2,https://www.skylit.ai/assets/roboto-mono-greek-500-normal-DpRFkptA.woff2,200,font/woff2,5984,96246862b6453fb62d5ba6dcfa043c027213d2405a1a6c8992f65e3e399a17ee,www.skylit.ai/assets/roboto-mono-greek-500-normal-DpRFkptA.woff2
https://www.skylit.ai/assets/roboto-mono-latin-400-normal-GekRknry.woff2,https://www.skylit.ai/assets/roboto-mono-latin-400-normal-GekRknry.woff2,200,font/woff2,12680,e03013e0baa5690a803c188da2214d920c3245b25ad78421ecc8ae86cd842ae9,www.skylit.ai/assets/roboto-mono-latin-400-normal-GekRknry.woff2
https://www.skylit.ai/assets/roboto-mono-cyrillic-500-normal-NpUJFYX7.woff,https://www.skylit.ai/assets/roboto-mono-cyrillic-500-normal-NpUJFYX7.woff,200,font/woff,9208,16112bbbddd08def8d5faaac9d47598d2d029c9e47b1380512c02fd71c84d837,www.skylit.ai/assets/roboto-mono-cyrillic-500-normal-NpUJFYX7.woff
https://www.skylit.ai/assets/roboto-mono-greek-500-normal-C2M8jX6G.woff,https://www.skylit.ai/assets/roboto-mono-greek-500-normal-C2M8jX6G.woff,200,font/woff,7188,a77048eca70867449618b2a7760146ea1c8c3a781ce08de9c7bfc78e5ffb60f1,www.skylit.ai/assets/roboto-mono-greek-500-normal-C2M8jX6G.woff
https://www.skylit.ai/assets/roboto-mono-cyrillic-ext-400-normal-W26xs1TL.woff,https://www.skylit.ai/assets/roboto-mono-cyrillic-ext-400-normal-W26xs1TL.woff,200,font/woff,17112,18d56368db16b0103b9b24f08c689be8d6f76f84dc4f1348b56b39824c8e025a,www.skylit.ai/assets/roboto-mono-cyrillic-ext-400-normal-W26xs1TL.woff
https://www.skylit.ai/assets/roboto-mono-latin-ext-400-normal-BwLXVYNz.woff,https://www.skylit.ai/assets/roboto-mono-latin-ext-400-normal-BwLXVYNz.woff,200,font/woff,12164,3bfe94215e285ee3da34cbdd64862c3f89ee273b80b4dbde439ffa1a912b9f71,www.skylit.ai/assets/roboto-mono-latin-ext-400-normal-BwLXVYNz.woff
https://www.skylit.ai/assets/roboto-mono-cyrillic-ext-500-normal-6xdwlG7p.woff,https://www.skylit.ai/assets/roboto-mono-cyrillic-ext-500-normal-6xdwlG7p.woff,200,font/woff,17496,8a7bea9499359de9211aec2be6eab36f5b2794d4e9a76026fe2a7cd17707ca06,www.skylit.ai/assets/roboto-mono-cyrillic-ext-500-normal-6xdwlG7p.woff
https://www.skylit.ai/assets/roboto-mono-vietnamese-400-normal-CzWHQABp.woff,https://www.skylit.ai/assets/roboto-mono-vietnamese-400-normal-CzWHQABp.woff,200,font/woff,5800,1f434ce15af12a01dc434398f8bc9a8271f274ad524ee0d25300abb10c1939f5,www.skylit.ai/assets/roboto-mono-vietnamese-400-normal-CzWHQABp.woff
https://www.skylit.ai/assets/roboto-mono-vietnamese-500-normal-IxzxMIj7.woff,https://www.skylit.ai/assets/roboto-mono-vietnamese-500-normal-IxzxMIj7.woff,200,font/woff,5920,c14fdbae9af2a3d3fa0c1ac7fc0cfbc7dd9cf392cdac3ef8edc039c38a7ca098,www.skylit.ai/assets/roboto-mono-vietnamese-500-normal-IxzxMIj7.woff
https://www.skylit.ai/assets/roboto-mono-vietnamese-500-normal-Cq-quQMu.woff2,https://www.skylit.ai/assets/roboto-mono-vietnamese-500-normal-Cq-quQMu.woff2,200,font/woff2,4708,e6bae3f6087387a22a5897fef44189b7b82a1ec752de37a81294cace61f36420,www.skylit.ai/assets/roboto-mono-vietnamese-500-normal-Cq-quQMu.woff2
https://www.skylit.ai/assets/LearnCategory-BFIdpXd_.js,https://www.skylit.ai/assets/LearnCategory-BFIdpXd_.js,200,application/javascript,4049,a29207c35e651067f1c85d3c34fdf1ea3fdb4388bd5b9351babe1b70726f75ad,www.skylit.ai/assets/LearnCategory-BFIdpXd_.js
https://www.skylit.ai/assets/ArticleTag-BCz4VRd4.js,https://www.skylit.ai/assets/ArticleTag-BCz4VRd4.js,200,application/javascript,2211,905992f8b7375d8576c60f74be7d96b66427bb8304a04d8bd0d202c81eae0f10,www.skylit.ai/assets/ArticleTag-BCz4VRd4.js
https://www.skylit.ai/assets/charts-first-CenrKffz.js,https://www.skylit.ai/assets/charts-first-CenrKffz.js,200,application/javascript,10014,6a16e448a88fd020505d4581825459e1bed5dadf47f4581faebc60f6014aef62,www.skylit.ai/assets/charts-first-CenrKffz.js
https://www.skylit.ai/assets/ArticlePage-BzhK0Axy.js,https://www.skylit.ai/assets/ArticlePage-BzhK0Axy.js,200,application/javascript,106006,37dab35fe645b7477d7065b9324ee087d2df1191994434a4bb187f180ca52349,www.skylit.ai/assets/ArticlePage-BzhK0Axy.js
https://www.skylit.ai/assets/theta-DEsKVYpm.js,https://www.skylit.ai/assets/theta-DEsKVYpm.js,200,application/javascript,8291,0a87050e3442c99d3f808f2435a742dad3ef78f608bb8dc5b9b3bf8731b6652b,www.skylit.ai/assets/theta-DEsKVYpm.js
https://www.skylit.ai/assets/negative-gex-DGyh2aoe.js,https://www.skylit.ai/assets/negative-gex-DGyh2aoe.js,200,application/javascript,18066,a2b8118e61836406779aaf040c7a3a1e59351ea548b7c295cb071354f0a1b7e9,www.skylit.ai/assets/negative-gex-DGyh2aoe.js
https://www.skylit.ai/assets/air-pockets-velocity-BYkcHL--.js,https://www.skylit.ai/assets/air-pockets-velocity-BYkcHL--.js,200,application/javascript,12162,058adbdb00e881b7b79612a40f8c97a314d158c92850fc71d685db9ed98b0e27,www.skylit.ai/assets/air-pockets-velocity-BYkcHL--.js
https://www.skylit.ai/assets/best-vanna-tools-B47eA6Tw.js,https://www.skylit.ai/assets/best-vanna-tools-B47eA6Tw.js,200,application/javascript,16943,0b95a8471ac7c101e893fa89c8a3b680e543e6337dd24e9c93724a4608271fa1,www.skylit.ai/assets/best-vanna-tools-B47eA6Tw.js
https://www.skylit.ai/assets/reading-heatseeker-Ctiqg34N.js,https://www.skylit.ai/assets/reading-heatseeker-Ctiqg34N.js,200,application/javascript,12149,af9cdb0e9439637c1d117565710050c8520ec8d6f75b46b7b5c38a59ee905230,www.skylit.ai/assets/reading-heatseeker-Ctiqg34N.js
https://www.skylit.ai/assets/vanna-exposure-iF_8348n.js,https://www.skylit.ai/assets/vanna-exposure-iF_8348n.js,200,application/javascript,13195,bccef28797a8f2ac26f49bf095d92f5a45c8d3763b5bd2bac556e8d4c7b5dd22,www.skylit.ai/assets/vanna-exposure-iF_8348n.js
https://www.skylit.ai/assets/vex-trading-rHmcs2jH.js,https://www.skylit.ai/assets/vex-trading-rHmcs2jH.js,200,application/javascript,17407,0522c5ca0b52ce2d53d2db8de8d344d4740c150906fe78322a55619ec4d4ad5e,www.skylit.ai/assets/vex-trading-rHmcs2jH.js
https://www.skylit.ai/assets/vomma-tYFzzzzl.js,https://www.skylit.ai/assets/vomma-tYFzzzzl.js,200,application/javascript,7990,569fc4ddff900cfc45468b7ca84a03ac247913115895e93319216828e6e2627e,www.skylit.ai/assets/vomma-tYFzzzzl.js
https://www.skylit.ai/assets/node-lifecycle-CiGoLA1r.js,https://www.skylit.ai/assets/node-lifecycle-CiGoLA1r.js,200,application/javascript,11337,04b910807b9a448044e21d07c8c170106acb582f46c08e3741bc2d9f6a6eef59,www.skylit.ai/assets/node-lifecycle-CiGoLA1r.js
https://www.skylit.ai/assets/vega-aKzysskH.js,https://www.skylit.ai/assets/vega-aKzysskH.js,200,application/javascript,8706,9b42ea768001ef211214b56b99491bcd575196ac5794437d58cc572469bb0b3f,www.skylit.ai/assets/vega-aKzysskH.js
https://app.skylit.ai/flow/live,https://app.skylit.ai/flow/live,200,text/html; charset=utf-8,30353,bd60cb8101c063ce7c6e6fec1d5d8562bc1bdc57c79700cb887a3defc3d379b6,app.skylit.ai/flow/live/index.html
https://www.skylit.ai/assets/reading-dark-pool-prints-DilPRljA.js,https://www.skylit.ai/assets/reading-dark-pool-prints-DilPRljA.js,200,application/javascript,14373,d71391ba166acc358ae9f8dd03b34e409886d34019b134c3a0cdd26d0f2093fb,www.skylit.ai/assets/reading-dark-pool-prints-DilPRljA.js
https://www.skylit.ai/assets/best-options-flow-tools-DYLB44s5.js,https://www.skylit.ai/assets/best-options-flow-tools-DYLB44s5.js,200,application/javascript,17274,dea7df8dc496b1c24007bd22d3032bacc11950361afa4e725c1b6737f4365317,www.skylit.ai/assets/best-options-flow-tools-DYLB44s5.js
https://www.skylit.ai/assets/reading-flow-on-atlas-8_ECmQ7X.js,https://www.skylit.ai/assets/reading-flow-on-atlas-8_ECmQ7X.js,200,application/javascript,23717,f38282f2c0b9ff64ad154c63fdb0dbd7d6f0d90a2c922908c554572da6bf6ef9,www.skylit.ai/assets/reading-flow-on-atlas-8_ECmQ7X.js
https://www.skylit.ai/assets/delta-Cd-4RX9D.js,https://www.skylit.ai/assets/delta-Cd-4RX9D.js,200,application/javascript,9707,d4e3fd90f724aca603807da67f33101025af4254c0f0f0078649f1761cb067b8,www.skylit.ai/assets/delta-Cd-4RX9D.js
https://www.skylit.ai/assets/execution-doctrine-DlsuZ8uy.js,https://www.skylit.ai/assets/execution-doctrine-DlsuZ8uy.js,200,application/javascript,13333,2adc1f35f95ea251a072b26588322ef918e0c9e3714391d9ab42407909608dae,www.skylit.ai/assets/execution-doctrine-DlsuZ8uy.js
https://www.skylit.ai/assets/intro-to-gamma-CcQTn_yw.js,https://www.skylit.ai/assets/intro-to-gamma-CcQTn_yw.js,200,application/javascript,13063,188b9f194cc84d22e60ca31da00f42a7635da82194bb07bfd5f8432060a25d0e,www.skylit.ai/assets/intro-to-gamma-CcQTn_yw.js
https://www.skylit.ai/assets/navigating-flowseeker-DeQBq-b1.js,https://www.skylit.ai/assets/navigating-flowseeker-DeQBq-b1.js,200,application/javascript,35946,0beb723315225b87da440c28f0865a2c2d4c54adb64af5853497d3ddfc9e6f01,www.skylit.ai/assets/navigating-flowseeker-DeQBq-b1.js
https://www.skylit.ai/assets/options-flow-DiXsvMuK.js,https://www.skylit.ai/assets/options-flow-DiXsvMuK.js,200,application/javascript,19197,61a2dd48244d60e10a652d8b57459ee4171da67cfabd1e83dc4c8a5d05cd4e01,www.skylit.ai/assets/options-flow-DiXsvMuK.js
https://www.skylit.ai/assets/heatseeker-patterns-BJGfTkLM.js,https://www.skylit.ai/assets/heatseeker-patterns-BJGfTkLM.js,200,application/javascript,14439,eb337a2e9da4789c57bd31f376e5cfeec9852b2f04dfd97cb812f2ecc36b9bf3,www.skylit.ai/assets/heatseeker-patterns-BJGfTkLM.js
https://www.skylit.ai/assets/dealer-positioning-BOQCrLRp.js,https://www.skylit.ai/assets/dealer-positioning-BOQCrLRp.js,200,application/javascript,18891,c8289ec706027d68088fec9f714292311a7cbfbd742c6da3f21db36735cf442c,www.skylit.ai/assets/dealer-positioning-BOQCrLRp.js
https://www.skylit.ai/assets/rolling-floors-ceilings-inyRKDsI.js,https://www.skylit.ai/assets/rolling-floors-ceilings-inyRKDsI.js,200,application/javascript,10701,22ad48ac72866e2d2177eda817731a0508f614b4b3e105879cc0e4bfe7527fb1,www.skylit.ai/assets/rolling-floors-ceilings-inyRKDsI.js
https://www.skylit.ai/assets/best-gex-tools-BDxzT2hU.js,https://www.skylit.ai/assets/best-gex-tools-BDxzT2hU.js,200,application/javascript,14629,1c78d89ac0de7245fd5107cf8f087f5b1a98d40251b9b518d589565e6b1912cf,www.skylit.ai/assets/best-gex-tools-BDxzT2hU.js
https://www.skylit.ai/assets/gex-vex-alignment-D9o1PA9A.js,https://www.skylit.ai/assets/gex-vex-alignment-D9o1PA9A.js,200,application/javascript,16362,84e6ae24fc8127273e217e82cb0198a0eddd62fd4349a0df8c63031031e1e3a3,www.skylit.ai/assets/gex-vex-alignment-D9o1PA9A.js
https://www.skylit.ai/assets/flow-highlighting-DfW8h751.js,https://www.skylit.ai/assets/flow-highlighting-DfW8h751.js,200,application/javascript,22134,3917affad3ec32c774576b63ba444c7f347546fb05d52ff3b300a0a7168272da,www.skylit.ai/assets/flow-highlighting-DfW8h751.js
https://www.skylit.ai/assets/support-resistance-gex-BAQJeupE.js,https://www.skylit.ai/assets/support-resistance-gex-BAQJeupE.js,200,application/javascript,21463,f4ac67625d06f7c58186783ccaef5a0f4e52fee7ba43580ddb1121aa4f29439f,www.skylit.ai/assets/support-resistance-gex-BAQJeupE.js
https://www.skylit.ai/assets/Starfield-C8Ru2ztp.js,https://www.skylit.ai/assets/Starfield-C8Ru2ztp.js,200,application/javascript,1446,cca7943f1336e4374f1e2eed253299649e2948958f6dd2dab6bd184ba53f1709,www.skylit.ai/assets/Starfield-C8Ru2ztp.js
https://www.skylit.ai/assets/AlphaDecayPage-DrEO8WjT.js,https://www.skylit.ai/assets/AlphaDecayPage-DrEO8WjT.js,200,application/javascript,12966,21f4569cf8c1192e326612c0fddd547f9a81d1c36d4a9f6c048f6eca7b37d710,www.skylit.ai/assets/AlphaDecayPage-DrEO8WjT.js
https://www.skylit.ai/assets/gamma-regimes-9QCUF7yB.js,https://www.skylit.ai/assets/gamma-regimes-9QCUF7yB.js,200,application/javascript,14510,a67bd2b52976adf71fa1c5e18ef8e487e8ac92b1429ef87c459374a828ad9fbc,www.skylit.ai/assets/gamma-regimes-9QCUF7yB.js
https://www.skylit.ai/assets/charm-D13YO4zx.js,https://www.skylit.ai/assets/charm-D13YO4zx.js,200,application/javascript,8591,28dab0deb6e431d881d1a8ea8817372473b64dc18fc55e7a15f7ba8b8d21bbfe,www.skylit.ai/assets/charm-D13YO4zx.js
https://www.skylit.ai/assets/trinity-mode-DtlnDfRq.js,https://www.skylit.ai/assets/trinity-mode-DtlnDfRq.js,200,application/javascript,10736,3fa8415fa88203fd6c71fc19b84699bb1fe7b1a89b3c23dc1b1938433c59755f,www.skylit.ai/assets/trinity-mode-DtlnDfRq.js
https://www.skylit.ai/v3/logos/skylit.png,https://www.skylit.ai/v3/logos/skylit.png,200,image/png,53938,4aebae4a7f1919a8792a26f7bc94e920b0ce276fddd756d4a4a11744da587635,www.skylit.ai/v3/logos/skylit.png
https://www.skylit.ai/assets/ManifestoPage-DD_N71nj.js,https://www.skylit.ai/assets/ManifestoPage-DD_N71nj.js,200,application/javascript,10071,68d8c23ed45542c45fa477732cd238b3ede7969678885db2a93713875ae0d108,www.skylit.ai/assets/ManifestoPage-DD_N71nj.js
https://www.skylit.ai/assets/gamma-exposure-B5eLmlID.js,https://www.skylit.ai/assets/gamma-exposure-B5eLmlID.js,200,application/javascript,6408,54a8b379b2fd26a7d87f256b26b6fa50177d4be8e94b9d14436c66f5441c254f,www.skylit.ai/assets/gamma-exposure-B5eLmlID.js
https://www.skylit.ai/assets/analyzing-print-chart-modal-DMkO1w5s.js,https://www.skylit.ai/assets/analyzing-print-chart-modal-DMkO1w5s.js,200,application/javascript,38346,0f6fadaa77c37375124c1df0bc5f1b614d3bfee46efbc1774662ca301f25b816,www.skylit.ai/assets/analyzing-print-chart-modal-DMkO1w5s.js
https://www.skylit.ai/assets/graduate-from-trading-alerts-DFo0WL6o.js,https://www.skylit.ai/assets/graduate-from-trading-alerts-DFo0WL6o.js,200,application/javascript,12354,d2e6064a59e41670a2a1f40595a34588ffb0b4626b0484e5188cd9f2dc25f850,www.skylit.ai/assets/graduate-from-trading-alerts-DFo0WL6o.js
https://www.skylit.ai/assets/options-greeks-BtOjFVAe.js,https://www.skylit.ai/assets/options-greeks-BtOjFVAe.js,200,application/javascript,20517,1756f2576ecf8e89b13f57494dc832f5db8509f10d1fd46c5ebbc1b52c160a32,www.skylit.ai/assets/options-greeks-BtOjFVAe.js
https://www.skylit.ai/assets/intro-to-flowseeker--MD8vhzw.js,https://www.skylit.ai/assets/intro-to-flowseeker--MD8vhzw.js,200,application/javascript,23205,80259cdd89212a768b4e09e1fd5b6b0f5614faa64f7b1ba095db59d9112475f9,www.skylit.ai/assets/intro-to-flowseeker--MD8vhzw.js
https://www.skylit.ai/assets/gex-trading-jXDWSopz.js,https://www.skylit.ai/assets/gex-trading-jXDWSopz.js,200,application/javascript,22044,ec7c99001b24b0316f3adcc546482d26a04e3163ad1a251c3385cff05146a009,www.skylit.ai/assets/gex-trading-jXDWSopz.js
https://www.skylit.ai/assets/LearnHub-BcqBy0EC.js,https://www.skylit.ai/assets/LearnHub-BcqBy0EC.js,200,application/javascript,4743,5e72bb95486c1d35ba0327e6939f7c53c5d0657e9998a64446a275dd491d1240,www.skylit.ai/assets/LearnHub-BcqBy0EC.js
https://www.skylit.ai/assets/intro-to-talon-chatbot-v1-D-2wTMzX.js,https://www.skylit.ai/assets/intro-to-talon-chatbot-v1-D-2wTMzX.js,200,application/javascript,9515,1471e237621f2aa01a8aff3fa67c3726648517d82a560948144a994fa82c690d,www.skylit.ai/assets/intro-to-talon-chatbot-v1-D-2wTMzX.js
https://app.skylit.ai/sw.js,https://app.skylit.ai/sw.js,200,application/javascript; charset=UTF-8,15934,f0c7c85c4c30774460dc0ddff080d88fa575a9f70e56f3fb3864783f1df1e3c6,app.skylit.ai/sw.js
https://app.skylit.ai/logo.png,https://app.skylit.ai/logo.png,200,image/png,312908,842620409d9fcde419bafe6113c4c27a322adba7effcbbbf1acffe5105b5f30e,app.skylit.ai/logo.png
https://app.skylit.ai/agent-logos/talon.png,https://app.skylit.ai/agent-logos/talon.png,200,image/png,18361,9f931837a6c5d8ff4a5ae5fb2f7d90c4b7cde19f9a976880dc3174dad8a7ae51,app.skylit.ai/agent-logos/talon.png
https://app.skylit.ai/agent-logos/peregrine.png,https://app.skylit.ai/agent-logos/peregrine.png,200,image/png,18029,4dc408cac5fe620bde1c3395cfa489b66eef1acecf87b21eaef28547c2c271bd,app.skylit.ai/agent-logos/peregrine.png
https://app.skylit.ai/agent-logos/midas.png,https://app.skylit.ai/agent-logos/midas.png,200,image/png,18496,8415ad0f2266cb6cc4bea20e426d3de76e93e5b62341a34951ec4949b9ad6742,app.skylit.ai/agent-logos/midas.png
https://app.skylit.ai/agent-logos/flowseeker.png,https://app.skylit.ai/agent-logos/flowseeker.png,200,image/png,16994,e079b37c7f65deef7b035a9107689a39b879c6d488991e10ec7d277dbc6ae01e,app.skylit.ai/agent-logos/flowseeker.png
https://app.skylit.ai/badge-72x72.png,https://app.skylit.ai/badge-72x72.png,200,image/png,6247,c8a45139f4dc1321a1d7c5632b98dca3c68aed5ebb9f1302b50f9b82284f1e8a,app.skylit.ai/badge-72x72.png
https://app.skylit.ai/_next/static/media/b9408752a0c24fb9-s.woff2,https://app.skylit.ai/_next/static/media/b9408752a0c24fb9-s.woff2,200,font/woff2,12872,75b3bedbebc35f347c0ae3b416aa871941555357e7b0f83767eb5987875589ed,app.skylit.ai/_next/static/media/b9408752a0c24fb9-s.woff2
https://app.skylit.ai/_next/static/media/9766a7e9e2e0ad5a-s.woff2,https://app.skylit.ai/_next/static/media/9766a7e9e2e0ad5a-s.woff2,200,font/woff2,14900,6129fc8571c3e0cb0a4c41f5160c974a843b055009dc4ad8858bd808e18a2d86,app.skylit.ai/_next/static/media/9766a7e9e2e0ad5a-s.woff2
https://app.skylit.ai/_next/static/media/19cfc7226ec3afaa-s.woff2,https://app.skylit.ai/_next/static/media/19cfc7226ec3afaa-s.woff2,200,font/woff2,19044,46dd4cdca58c26ae87cc6927657bf83b2e8abfc39ffd0ab176e301a8d28d22bf,app.skylit.ai/_next/static/media/19cfc7226ec3afaa-s.woff2
https://app.skylit.ai/_next/static/media/f639721981034f88-s.woff2,https://app.skylit.ai/_next/static/media/f639721981034f88-s.woff2,200,font/woff2,7252,b7a545bbb08256bd809f11cfe66d88da3e22d169ea4407737b1ef0ec1ed3d791,app.skylit.ai/_next/static/media/f639721981034f88-s.woff2
https://app.skylit.ai/_next/static/media/2b5b02fc7e511755-s.woff2,https://app.skylit.ai/_next/static/media/2b5b02fc7e511755-s.woff2,200,font/woff2,14712,745994b5cd950ec201b66526375f057d540847cccfc70f4f24f5f571d26d3923,app.skylit.ai/_next/static/media/2b5b02fc7e511755-s.woff2
https://app.skylit.ai/_next/static/media/ba9851c3c22cd980-s.woff2,https://app.skylit.ai/_next/static/media/ba9851c3c22cd980-s.woff2,200,font/woff2,25844,fccca918fea40089dacadc7045861314d1a6bc91f1f323cc1eeb22ebcdb321b5,app.skylit.ai/_next/static/media/ba9851c3c22cd980-s.woff2
https://app.skylit.ai/_next/static/media/1f160ec2cb9962ef-s.woff2,https://app.skylit.ai/_next/static/media/1f160ec2cb9962ef-s.woff2,200,font/woff2,35892,30ad1ddfda39454ba31e2e5eeffba0669714c736b271db69f419168a544bccdd,app.skylit.ai/_next/static/media/1f160ec2cb9962ef-s.woff2
https://app.skylit.ai/_next/static/media/e61ae719f7cc4155-s.woff2,https://app.skylit.ai/_next/static/media/e61ae719f7cc4155-s.woff2,200,font/woff2,10276,6f1e6273e1ac677732b6d7dcd785081b9d56b51411c44ab67364d0757b84ae6b,app.skylit.ai/_next/static/media/e61ae719f7cc4155-s.woff2
https://app.skylit.ai/_next/static/media/aa016aab0e6d1295-s.woff2,https://app.skylit.ai/_next/static/media/aa016aab0e6d1295-s.woff2,200,font/woff2,16540,58a6b173d5ca1dec92166ea3c6cb1a84a4144556d10928ac14e8e6b40e4787bd,app.skylit.ai/_next/static/media/aa016aab0e6d1295-s.woff2
https://app.skylit.ai/_next/static/media/e038a29029a234f2-s.woff2,https://app.skylit.ai/_next/static/media/e038a29029a234f2-s.woff2,200,font/woff2,7728,16e1d48b6dd29eb240aec5db36184eb182933c082cd43de7f35af686d58087d2,app.skylit.ai/_next/static/media/e038a29029a234f2-s.woff2
https://app.skylit.ai/_next/static/media/c5fe6dc8356a8c31-s.woff2,https://app.skylit.ai/_next/static/media/c5fe6dc8356a8c31-s.woff2,200,font/woff2,11272,a2e2c783ca6f9c20486e81e72a279203e86730bbf8f01ff6a5ee9dbd09e1c271,app.skylit.ai/_next/static/media/c5fe6dc8356a8c31-s.woff2
https://app.skylit.ai/_next/static/media/df0a9ae256c0569c-s.woff2,https://app.skylit.ai/_next/static/media/df0a9ae256c0569c-s.woff2,200,font/woff2,10280,8db00ff46c67b22cda8bed865acf7077651cac8d2841d5b40980556b48961931,app.skylit.ai/_next/static/media/df0a9ae256c0569c-s.woff2
https://app.skylit.ai/_next/static/media/cde148027b808b99-s.woff2,https://app.skylit.ai/_next/static/media/cde148027b808b99-s.woff2,200,font/woff2,14048,23a1a29784942542956830f32090ed8fee9c86f27ff9244e06445b2269dff4df,app.skylit.ai/_next/static/media/cde148027b808b99-s.woff2
https://app.skylit.ai/_next/static/media/65f03d54ccadf4a8-s.woff2,https://app.skylit.ai/_next/static/media/65f03d54ccadf4a8-s.woff2,200,font/woff2,5892,d67e4a94ba498635f764ddca7d1ec4271f5642f032eb24b426764480f66f8497,app.skylit.ai/_next/static/media/65f03d54ccadf4a8-s.woff2
https://app.skylit.ai/_next/static/media/0ea4f4df910e6120-s.woff2,https://app.skylit.ai/_next/static/media/0ea4f4df910e6120-s.woff2,200,font/woff2,22868,2cb74c78294bf69bb4c40e56d703014eecb0776df9a23418be836392fc7fdf89,app.skylit.ai/_next/static/media/0ea4f4df910e6120-s.woff2
https://app.skylit.ai/_next/static/media/21350d82a1f187e9-s.woff2,https://app.skylit.ai/_next/static/media/21350d82a1f187e9-s.woff2,200,font/woff2,18744,aebf2ab4a4ce6810d73c1ac7be7cafb4e5ec4cee2d6db5fb3e09691747ec4bd6,app.skylit.ai/_next/static/media/21350d82a1f187e9-s.woff2
https://app.skylit.ai/_next/static/media/ad8a7e2c3c2c120b-s.woff2,https://app.skylit.ai/_next/static/media/ad8a7e2c3c2c120b-s.woff2,200,font/woff2,18584,6f1e779fee122555935f377afc3688430e8840a220f39616891006905e49f9cd,app.skylit.ai/_next/static/media/ad8a7e2c3c2c120b-s.woff2
https://app.skylit.ai/_next/static/media/b66cf8e69499582a-s.woff2,https://app.skylit.ai/_next/static/media/b66cf8e69499582a-s.woff2,200,font/woff2,7968,f689f638f29fff460a2d5749edb5d5c38d7bef0389f32032d871f23fc6ebb008,app.skylit.ai/_next/static/media/b66cf8e69499582a-s.woff2
https://app.skylit.ai/_next/static/media/8e9860b6e62d6359-s.woff2,https://app.skylit.ai/_next/static/media/8e9860b6e62d6359-s.woff2,200,font/woff2,85272,a28eb6d3ccb534ae0c94ca999371df024aab60b08c3c8a5720ee9e32fa0faaa2,app.skylit.ai/_next/static/media/8e9860b6e62d6359-s.woff2
https://app.skylit.ai/_next/static/media/013b72fa676f92e0-s.woff2,https://app.skylit.ai/_next/static/media/013b72fa676f92e0-s.woff2,200,font/woff2,6204,e27f657e38d52887baa3b6b2f812bef93dfdd356f0810e40edd4ee284cc7e9f6,app.skylit.ai/_next/static/media/013b72fa676f92e0-s.woff2
https://app.skylit.ai/icon-maskable-192x192.png,https://app.skylit.ai/icon-maskable-192x192.png,200,image/png,19124,986b0f6d9f692c6d715d70bfc8ac259f91483f6f085d029d5c1953647d7b9763,app.skylit.ai/icon-maskable-192x192.png
https://app.skylit.ai/icon-maskable-512x512.png,https://app.skylit.ai/icon-maskable-512x512.png,200,image/png,49675,c8ac8d442c56d5aa84b641436b5d6865e0aea9bbe911d16f2d300c5df888824b,app.skylit.ai/icon-maskable-512x512.png
https://docs.skylit.ai/mintlify-assets/_next/static/media/dfb4b19a8d76831e.472fee7e.woff2,https://docs.skylit.ai/mintlify-assets/_next/static/media/dfb4b19a8d76831e.472fee7e.woff2,200,font/woff2,91836,e3f94a6c4b2177643513bf5e2317b8458183d064e40031fa04c074136be205e8,docs.skylit.ai/mintlify-assets/_next/static/media/dfb4b19a8d76831e.472fee7e.woff2
https://docs.skylit.ai/mintlify-assets/_next/static/media/6c734a20b6a058c6.da30e7ea.woff2,https://docs.skylit.ai/mintlify-assets/_next/static/media/6c734a20b6a058c6.da30e7ea.woff2,200,font/woff2,10648,43c8ceb4cbc3853077673d90f044b79d6aea27e0fc8f6fde73e581fb4eab8a99,docs.skylit.ai/mintlify-assets/_next/static/media/6c734a20b6a058c6.da30e7ea.woff2
https://docs.skylit.ai/mintlify-assets/_next/static/media/ad66f9afd8947f86.7a40eb73.woff2,https://docs.skylit.ai/mintlify-assets/_next/static/media/ad66f9afd8947f86.7a40eb73.woff2,200,font/woff2,11272,a2e2c783ca6f9c20486e81e72a279203e86730bbf8f01ff6a5ee9dbd09e1c271,docs.skylit.ai/mintlify-assets/_next/static/media/ad66f9afd8947f86.7a40eb73.woff2
https://docs.skylit.ai/mintlify-assets/_next/static/media/2c55a0e60120577a.2a48534a.woff2,https://docs.skylit.ai/mintlify-assets/_next/static/media/2c55a0e60120577a.2a48534a.woff2,200,font/woff2,25844,fccca918fea40089dacadc7045861314d1a6bc91f1f323cc1eeb22ebcdb321b5,docs.skylit.ai/mintlify-assets/_next/static/media/2c55a0e60120577a.2a48534a.woff2
https://docs.skylit.ai/mintlify-assets/_next/static/media/1eec9d9ffa9353d6.8b5848b9.woff2,https://docs.skylit.ai/mintlify-assets/_next/static/media/1eec9d9ffa9353d6.8b5848b9.woff2,200,font/woff2,20016,d597da1979fa0117693401dfe465deef70518b035556a2c022d34ed37430a1c7,docs.skylit.ai/mintlify-assets/_next/static/media/1eec9d9ffa9353d6.8b5848b9.woff2
https://docs.skylit.ai/mintlify-assets/_next/static/media/5476f68d60460930.c995e352.woff2,https://docs.skylit.ai/mintlify-assets/_next/static/media/5476f68d60460930.c995e352.woff2,200,font/woff2,19044,46dd4cdca58c26ae87cc6927657bf83b2e8abfc39ffd0ab176e301a8d28d22bf,docs.skylit.ai/mintlify-assets/_next/static/media/5476f68d60460930.c995e352.woff2
https://docs.skylit.ai/mintlify-assets/_next/static/media/1bffadaabf893a1e.7cd81963.woff2,https://docs.skylit.ai/mintlify-assets/_next/static/media/1bffadaabf893a1e.7cd81963.woff2,200,font/woff2,85272,a28eb6d3ccb534ae0c94ca999371df024aab60b08c3c8a5720ee9e32fa0faaa2,docs.skylit.ai/mintlify-assets/_next/static/media/1bffadaabf893a1e.7cd81963.woff2
https://docs.skylit.ai/mintlify-assets/_next/static/media/8c6f6f0aec3d26a6.b39bd10d.woff2,https://docs.skylit.ai/mintlify-assets/_next/static/media/8c6f6f0aec3d26a6.b39bd10d.woff2,200,font/woff2,27388,0f92203a358b4662692225df10fe0248c46f1739ec2ff6cf0a3179efe7427edd,docs.skylit.ai/mintlify-assets/_next/static/media/8c6f6f0aec3d26a6.b39bd10d.woff2
https://docs.skylit.ai/mintlify-assets/_next/static/media/10995ca37aac8da2.231f00d6.woff2,https://docs.skylit.ai/mintlify-assets/_next/static/media/10995ca37aac8da2.231f00d6.woff2,200,font/woff2,20612,9f1ed4fb9c23ce2edd414e57b3845cd7b4891ae6d66ce954abca02b6796941d4,docs.skylit.ai/mintlify-assets/_next/static/media/10995ca37aac8da2.231f00d6.woff2
https://docs.skylit.ai/mintlify-assets/_next/static/media/9c72aa0f40e4eef8.18a48cbc.woff2,https://docs.skylit.ai/mintlify-assets/_next/static/media/9c72aa0f40e4eef8.18a48cbc.woff2,200,font/woff2,18744,aebf2ab4a4ce6810d73c1ac7be7cafb4e5ec4cee2d6db5fb3e09691747ec4bd6,docs.skylit.ai/mintlify-assets/_next/static/media/9c72aa0f40e4eef8.18a48cbc.woff2
https://docs.skylit.ai/mintlify-assets/_next/static/media/2bbe8d2671613f1f.76dcb0b2.woff2,https://docs.skylit.ai/mintlify-assets/_next/static/media/2bbe8d2671613f1f.76dcb0b2.woff2,200,font/woff2,10280,8db00ff46c67b22cda8bed865acf7077651cac8d2841d5b40980556b48961931,docs.skylit.ai/mintlify-assets/_next/static/media/2bbe8d2671613f1f.76dcb0b2.woff2
https://docs.skylit.ai/mintlify-assets/_next/static/media/a743aa2c0cf8fb8f.067e4a24.woff2,https://docs.skylit.ai/mintlify-assets/_next/static/media/a743aa2c0cf8fb8f.067e4a24.woff2,200,font/woff2,12036,2625be35a2119d2661e5f8545b23f335796601b2a0341569eea1f73cad3c3934,docs.skylit.ai/mintlify-assets/_next/static/media/a743aa2c0cf8fb8f.067e4a24.woff2
https://docs.skylit.ai/platform/support.md,https://docs.skylit.ai/platform/support.md,200,text/markdown; charset=utf-8,1013,b9033ba90215d783b1da1926a9fee80762c6698e8edc055321fcf723f8f67952,docs.skylit.ai/platform/support.md
https://docs.skylit.ai/api-reference/analytics/moneyness-breakdown-with-pattern-detection,https://docs.skylit.ai/api-reference/analytics/moneyness-breakdown-with-pattern-detection,200,text/html; charset=utf-8,479741,6cfa19e3afb805b55caffc186048b82a80904e79fdc0902bb12fac5b78230bb8,docs.skylit.ai/api-reference/analytics/moneyness-breakdown-with-pattern-detection/index.html
https://docs.skylit.ai/api-reference/contract/top-contracts-by-trailing-5-day-flow,https://docs.skylit.ai/api-reference/contract/top-contracts-by-trailing-5-day-flow,200,text/html; charset=utf-8,500959,af8685cf5657f61741fe13ebce7e8cea5caed877ad5248faa8adadccffcca10c,docs.skylit.ai/api-reference/contract/top-contracts-by-trailing-5-day-flow/index.html
https://docs.skylit.ai/introduction,https://docs.skylit.ai/introduction,200,text/html; charset=utf-8,330340,a87b638e71cd97258a0dc22be99908ef34e98d048c998f07790ea87d17d241c8,docs.skylit.ai/introduction/index.html
https://docs.skylit.ai/api-reference/ratios/per-contract-callput-aware-bullbear-pressure,https://docs.skylit.ai/api-reference/ratios/per-contract-callput-aware-bullbear-pressure,200,text/html; charset=utf-8,433213,cd8134b6dea773c196eba1bbd9166162033ee77ad2437f44f0acd153729084aa,docs.skylit.ai/api-reference/ratios/per-contract-callput-aware-bullbear-pressure/index.html
https://docs.skylit.ai/api-reference/contract/daily-stats-for-a-single-contract,https://docs.skylit.ai/api-reference/contract/daily-stats-for-a-single-contract,200,text/html; charset=utf-8,451219,86a71ad391744a39cb6966f2029b22ed73578070818773c7639bfdcfd872c49d,docs.skylit.ai/api-reference/contract/daily-stats-for-a-single-contract/index.html
https://docs.skylit.ai/api-reference/ratios/chain-level-bidaskmid-distribution,https://docs.skylit.ai/api-reference/ratios/chain-level-bidaskmid-distribution,200,text/html; charset=utf-8,441868,fc088c6cb221a158382984d4661929a76ea2b80ff89aa43346a78b590cad2d3c,docs.skylit.ai/api-reference/ratios/chain-level-bidaskmid-distribution/index.html
https://docs.skylit.ai/patternpedia/topping-patterns-bottoming-patterns,https://docs.skylit.ai/patternpedia/topping-patterns-bottoming-patterns,200,text/html; charset=utf-8,295772,7ee6bdddc44ebecf4364aee06f0db21f5dff7c717cc12d70699395fb4afd350f,docs.skylit.ai/patternpedia/topping-patterns-bottoming-patterns/index.html
https://docs.skylit.ai/api-reference/underlying/prefix-search-active-tickers,https://docs.skylit.ai/api-reference/underlying/prefix-search-active-tickers,200,text/html; charset=utf-8,435322,f418bd4eb78335292de50b9a1691e2caf59a0be6a8c1e713ae267c9a03b62937,docs.skylit.ai/api-reference/underlying/prefix-search-active-tickers/index.html
https://docs.skylit.ai/api-reference/analytics/volume-vs-open-interest-accumulation-analysis,https://docs.skylit.ai/api-reference/analytics/volume-vs-open-interest-accumulation-analysis,200,text/html; charset=utf-8,463616,28a247690cdc919946c7641d481c786e534c91784f166032270e5a2f656e5363,docs.skylit.ai/api-reference/analytics/volume-vs-open-interest-accumulation-analysis/index.html
https://docs.skylit.ai/api-reference/market/bucketed-market-wide-net-call-premium-net-put-premium-time-series,https://docs.skylit.ai/api-reference/market/bucketed-market-wide-net-call-premium-net-put-premium-time-series,200,text/html; charset=utf-8,441007,0dedd0c1508cf08f9a9bcb0e72b3f8bd715e35b658a87c682be9e657507e0d7f,docs.skylit.ai/api-reference/market/bucketed-market-wide-net-call-premium-net-put-premium-time-series/index.html
https://docs.skylit.ai/api-reference/meta/datafeed-configuration,https://docs.skylit.ai/api-reference/meta/datafeed-configuration,200,text/html; charset=utf-8,361592,5d40a9fdf1bd5b96b697a10b14eb02ad40feaf79e80d5fc249b112a7b71e222b,docs.skylit.ai/api-reference/meta/datafeed-configuration/index.html
https://docs.skylit.ai/api-reference/sweeps/aggregated-multi-exchange-sweep-activity,https://docs.skylit.ai/api-reference/sweeps/aggregated-multi-exchange-sweep-activity,200,text/html; charset=utf-8,464450,385b9c7538f4d608354cb0efc4b8d39b6331bb15b4844e4bf3849057a706b1f0,docs.skylit.ai/api-reference/sweeps/aggregated-multi-exchange-sweep-activity/index.html
https://docs.skylit.ai/api-reference/flow/raw-flow-feed-for-a-ticker-flow-score-+-flowbonus-per-trade,https://docs.skylit.ai/api-reference/flow/raw-flow-feed-for-a-ticker-flow-score-+-flowbonus-per-trade,200,text/html; charset=utf-8,539189,937cd0a32e93015cc2478b3778a8601d6f34b18fab447020b46a6532a2748d41,docs.skylit.ai/api-reference/flow/raw-flow-feed-for-a-ticker-flow-score-+-flowbonus-per-trade/index.html
https://docs.skylit.ai/api-reference/underlying/intraday-chart-bars-for-a-ticker,https://docs.skylit.ai/api-reference/underlying/intraday-chart-bars-for-a-ticker,200,text/html; charset=utf-8,448632,93b49e2e5b296a01ac9ae97dbca3654cc5114815d8acbe2c53b064cce43fa0c8,docs.skylit.ai/api-reference/underlying/intraday-chart-bars-for-a-ticker/index.html
https://docs.skylit.ai/flowseeker/overview,https://docs.skylit.ai/flowseeker/overview,200,text/html; charset=utf-8,441496,0dd9667d5eda603dee04cf767f497661d2f7d1fd79581905eda38435e0afbb48,docs.skylit.ai/flowseeker/overview/index.html
https://docs.skylit.ai/api-reference/ratios/chain-level-callput-aware-bullbear-pressure,https://docs.skylit.ai/api-reference/ratios/chain-level-callput-aware-bullbear-pressure,200,text/html; charset=utf-8,441769,06cf7f1a542d1af35725ce945815b8f1e0e7e7a80748ccef036862fa8727289c,docs.skylit.ai/api-reference/ratios/chain-level-callput-aware-bullbear-pressure/index.html
https://docs.skylit.ai/mcp/quickstart,https://docs.skylit.ai/mcp/quickstart,200,text/html; charset=utf-8,309963,70f1e9c24a82400a8be27758cb1be8d99c8dc28586cb78772a8d532dd3c65489,docs.skylit.ai/mcp/quickstart/index.html
https://docs.skylit.ai/api-reference/flow/live-momentum-signal-vs-baseline-5m-30m-1h-windows,https://docs.skylit.ai/api-reference/flow/live-momentum-signal-vs-baseline-5m-30m-1h-windows,200,text/html; charset=utf-8,447663,1d89125470b5bc6bc3746270f92ef3c6335cbd0f0209833134724c530d72955f,docs.skylit.ai/api-reference/flow/live-momentum-signal-vs-baseline-5m-30m-1h-windows/index.html
https://docs.skylit.ai/api-reference/flow/aggregate-flow-over-an-arbitrary-[start-end]-window,https://docs.skylit.ai/api-reference/flow/aggregate-flow-over-an-arbitrary-[start-end]-window,200,text/html; charset=utf-8,453654,231ddc621ab12aa2a02fbf8ce612ce17954152fa872a24283ce6970f0d5feaf6,docs.skylit.ai/api-reference/flow/aggregate-flow-over-an-arbitrary-[start-end]-window/index.html
https://docs.skylit.ai/api-reference/heatmap/replay-per-strike-heatmap-at-a-past-instant-one-or-more-symbols,https://docs.skylit.ai/api-reference/heatmap/replay-per-strike-heatmap-at-a-past-instant-one-or-more-symbols,200,text/html; charset=utf-8,398091,8b95ac8cadb10f9591243e6dbf36b14f927056c9418a8cc67f0f9b39b13af098,docs.skylit.ai/api-reference/heatmap/replay-per-strike-heatmap-at-a-past-instant-one-or-more-symbols/index.html
https://docs.skylit.ai/api-reference/underlying/list-underlyings-active-on-a-date,https://docs.skylit.ai/api-reference/underlying/list-underlyings-active-on-a-date,200,text/html; charset=utf-8,417870,f26049f267956aa1f835885f0ddbb11ccda35f269e9daeb1de2989f006d4c82f,docs.skylit.ai/api-reference/underlying/list-underlyings-active-on-a-date/index.html
https://docs.skylit.ai/api-reference/introduction,https://docs.skylit.ai/api-reference/introduction,200,text/html; charset=utf-8,331012,45c085ee04cadd386b18e8d2b470c766b72286cd3cfa89571bb7e863659dc9d2,docs.skylit.ai/api-reference/introduction/index.html
https://docs.skylit.ai/atlas/indicators/gex-vwap,https://docs.skylit.ai/atlas/indicators/gex-vwap,200,text/html; charset=utf-8,266215,a324ae4875976ff6ac4f8a38159f94cb5f1ff1a819ba39fa0bc1fa99d5ae5dad,docs.skylit.ai/atlas/indicators/gex-vwap/index.html
https://docs.skylit.ai/resources,https://docs.skylit.ai/resources,200,text/html; charset=utf-8,260921,b187961211eca0d17cf23fc13c6a4157ac14c1ff1fa16b2ea004da5c41c68522,docs.skylit.ai/resources/index.html
https://docs.skylit.ai/api-reference/underlying/top-underlyings-by-trailing-5-day-flow,https://docs.skylit.ai/api-reference/underlying/top-underlyings-by-trailing-5-day-flow,200,text/html; charset=utf-8,449004,05992c2be741a6fd756ef9709f9c1c88df5e1d36f5c5ab9f66c6ad269a4273c6,docs.skylit.ai/api-reference/underlying/top-underlyings-by-trailing-5-day-flow/index.html
https://docs.skylit.ai/api-reference/contract/contracts-with-unusual-relative-volume,https://docs.skylit.ai/api-reference/contract/contracts-with-unusual-relative-volume,200,text/html; charset=utf-8,526831,ac5759b19b9f9031d525a7328299c59f33d21898cb2741df9b84b721bb503216,docs.skylit.ai/api-reference/contract/contracts-with-unusual-relative-volume/index.html
https://docs.skylit.ai/api-reference/contract/contracts-with-significant-oi-changes,https://docs.skylit.ai/api-reference/contract/contracts-with-significant-oi-changes,200,text/html; charset=utf-8,484224,5953b5eeb75efeef63e5422bd5079e959dc18234d834b2e1b4cbccdbb8990716,docs.skylit.ai/api-reference/contract/contracts-with-significant-oi-changes/index.html
https://docs.skylit.ai/patternpedia/pattern-rug-setup,https://docs.skylit.ai/patternpedia/pattern-rug-setup,200,text/html; charset=utf-8,280067,3341aeee620993de7da392f777d4022cae277a2d26accba47c2b13ab915f28be,docs.skylit.ai/patternpedia/pattern-rug-setup/index.html
https://docs.skylit.ai/api-reference/symbols/resolve-a-symbol,https://docs.skylit.ai/api-reference/symbols/resolve-a-symbol,200,text/html; charset=utf-8,416445,247a6c0e359f89b75ce3a06413fb449298f13edb96ca6229ba8f77e7a67a1b20,docs.skylit.ai/api-reference/symbols/resolve-a-symbol/index.html
https://docs.skylit.ai/api-reference/underlying/raw-enriched-trades-for-a-ticker,https://docs.skylit.ai/api-reference/underlying/raw-enriched-trades-for-a-ticker,200,text/html; charset=utf-8,514325,7b3eadf8c329f60b88355daee2bf77c5bc580d9a632dcbebcba633dda944f465,docs.skylit.ai/api-reference/underlying/raw-enriched-trades-for-a-ticker/index.html
https://docs.skylit.ai/patternpedia/the-ten-commandments-of-using-heatseeker,https://docs.skylit.ai/patternpedia/the-ten-commandments-of-using-heatseeker,200,text/html; charset=utf-8,269120,b217d6f83eaa67f35f704abe93e220811c515e86eb07b7e0258d87040f082fa1,docs.skylit.ai/patternpedia/the-ten-commandments-of-using-heatseeker/index.html
https://docs.skylit.ai/mcp/overview,https://docs.skylit.ai/mcp/overview,200,text/html; charset=utf-8,277378,8bc25ea18b4c387a0eca8f7298007ca564ebbe14e79be9e62f961c50575aa322,docs.skylit.ai/mcp/overview/index.html
https://docs.skylit.ai/mcp/tools,https://docs.skylit.ai/mcp/tools,200,text/html; charset=utf-8,318995,a0848176260679be91de7904d5866392cd2e045672a084fb07baaa6b6bb749d4,docs.skylit.ai/mcp/tools/index.html
https://docs.skylit.ai/api-reference/meta/this-openapi-specification-as-json,https://docs.skylit.ai/api-reference/meta/this-openapi-specification-as-json,200,text/html; charset=utf-8,370970,8931b34f89906505e630ca61eadcf8af1295b416988e85013a4e46de33b71524,docs.skylit.ai/api-reference/meta/this-openapi-specification-as-json/index.html
https://docs.skylit.ai/atlas/indicators/volume-profile,https://docs.skylit.ai/atlas/indicators/volume-profile,200,text/html; charset=utf-8,260888,12d2098cb8f6a852692a1cc51f0a2cee7a04eb357ab62936344e69b0a668de1b,docs.skylit.ai/atlas/indicators/volume-profile/index.html
https://docs.skylit.ai/patternpedia/pattern-the-gatekeeper,https://docs.skylit.ai/patternpedia/pattern-the-gatekeeper,200,text/html; charset=utf-8,284639,c7aeb71afe45053821bf8955e8b38b3f240bc2d5d8ba58ed3342a10f8c7615d4,docs.skylit.ai/patternpedia/pattern-the-gatekeeper/index.html
https://docs.skylit.ai/limitations,https://docs.skylit.ai/limitations,200,text/html; charset=utf-8,288391,ceb05ea2c13517ed96f4649ec7a8a00e771cdc9017b0a0e9c117ecfb62eeba97,docs.skylit.ai/limitations/index.html
https://docs.skylit.ai/help-page/general-information,https://docs.skylit.ai/help-page/general-information,200,text/html; charset=utf-8,260886,f314737121fed83a86f1347ab68b91aeb0f18ed692432fd5aa1f66d43e695179,docs.skylit.ai/help-page/general-information/index.html
https://docs.skylit.ai/help-page/video-links,https://docs.skylit.ai/help-page/video-links,200,text/html; charset=utf-8,274870,f22491ae16f02f3aa5e205b1ada55edb8a4df2f79d6cf8238a4d5a6375d14887,docs.skylit.ai/help-page/video-links/index.html
https://docs.skylit.ai/atlas/indicators/cvd,https://docs.skylit.ai/atlas/indicators/cvd,200,text/html; charset=utf-8,264617,55ec48c0cafcda2eb8d30a32ee42d0d7e0a041c52f88bc7e6ec0140897551f9e,docs.skylit.ai/atlas/indicators/cvd/index.html
https://docs.skylit.ai/help-page/useful-threads,https://docs.skylit.ai/help-page/useful-threads,200,text/html; charset=utf-8,276266,7f5718f06cf59a1671f09fd5cb6fb407c180226262bf3b9a14b9d291736ad73f,docs.skylit.ai/help-page/useful-threads/index.html
https://docs.skylit.ai/api-reference/market/market-wide-flow-overview-for-the-current-trading-day,https://docs.skylit.ai/api-reference/market/market-wide-flow-overview-for-the-current-trading-day,200,text/html; charset=utf-8,411051,cc0f21f8bfa9629991858b33b24795b51ff913b2f4dd80a13bd7d06ee3bd3e54,docs.skylit.ai/api-reference/market/market-wide-flow-overview-for-the-current-trading-day/index.html
https://docs.skylit.ai/faqs,https://docs.skylit.ai/faqs,200,text/html; charset=utf-8,296366,b170ca263d301249584867f1b2536662baa76e43952312e9a0dd9a46d42425f1,docs.skylit.ai/faqs/index.html
https://docs.skylit.ai/api-reference/history/ohlcv-price-bars-for-a-symbol-and-resolution,https://docs.skylit.ai/api-reference/history/ohlcv-price-bars-for-a-symbol-and-resolution,200,text/html; charset=utf-8,391536,b72182b035157df04e3c46524de864cf86795936562a56184f3a2b9c42e99c5d,docs.skylit.ai/api-reference/history/ohlcv-price-bars-for-a-symbol-and-resolution/index.html
https://docs.skylit.ai/api-reference/sector/sector-or-industry-level-flow-aggregation,https://docs.skylit.ai/api-reference/sector/sector-or-industry-level-flow-aggregation,200,text/html; charset=utf-8,438058,7745309b3988d8f952e717ab56f5b6547accfebd880b4ebec5d4fccfaa02197d,docs.skylit.ai/api-reference/sector/sector-or-industry-level-flow-aggregation/index.html
https://docs.skylit.ai/api-reference/authentication,https://docs.skylit.ai/api-reference/authentication,200,text/html; charset=utf-8,306490,69bc813442b4b0184193bf73a7c850c7dc2fe0864f210712fc8f2e8d4faf70e2,docs.skylit.ai/api-reference/authentication/index.html
https://docs.skylit.ai/api-reference/contract/raw-enriched-trades-for-a-contract,https://docs.skylit.ai/api-reference/contract/raw-enriched-trades-for-a-contract,200,text/html; charset=utf-8,493346,74816a7ef1f07345b4bc12098389fde445cffa06c6f71f87f225c763cc4594fd,docs.skylit.ai/api-reference/contract/raw-enriched-trades-for-a-contract/index.html
https://docs.skylit.ai/api-reference/underlying/option-chain-snapshot,https://docs.skylit.ai/api-reference/underlying/option-chain-snapshot,200,text/html; charset=utf-8,457422,9e7b66353af3a42ecd81fabb0757625a4751fc4bf262da01d29c3fc35e09a9d9,docs.skylit.ai/api-reference/underlying/option-chain-snapshot/index.html
https://docs.skylit.ai/atlas/overview,https://docs.skylit.ai/atlas/overview,200,text/html; charset=utf-8,406623,332d62908f128e03c27e08f5bf9d0a2f2f140a9f463d087216a42e6ecee8b116,docs.skylit.ai/atlas/overview/index.html
https://docs.skylit.ai/mcp/examples,https://docs.skylit.ai/mcp/examples,200,text/html; charset=utf-8,268450,e3a011071b3fdef69d72113cb23023d16a97b0b51f00e0926b2868bc0d7e4fa2,docs.skylit.ai/mcp/examples/index.html
https://docs.skylit.ai/atlas/indicators/vwap,https://docs.skylit.ai/atlas/indicators/vwap,200,text/html; charset=utf-8,260299,a9b455f54409571ef683c92ce5699d30838db019dcf1694d9a437d4111ca1c4a,docs.skylit.ai/atlas/indicators/vwap/index.html
https://docs.skylit.ai/api-reference/underlying/relative-volume-bars-for-a-ticker,https://docs.skylit.ai/api-reference/underlying/relative-volume-bars-for-a-ticker,200,text/html; charset=utf-8,473138,e9a020200fa499839f48bce5561a8a8d65f7c60a78813fe959ca45bb870311aa,docs.skylit.ai/api-reference/underlying/relative-volume-bars-for-a-ticker/index.html
https://docs.skylit.ai/api-reference/underlying/top-underlyings-by-daily-flow,https://docs.skylit.ai/api-reference/underlying/top-underlyings-by-daily-flow,200,text/html; charset=utf-8,450177,ecf26b5c2c6cf965daaafb9e7e4ce4cd1d52326a28306ae2a1c4351c91f9bc83,docs.skylit.ai/api-reference/underlying/top-underlyings-by-daily-flow/index.html
https://docs.skylit.ai/api-reference/contract/bulk-contract-stats-for-a-list-of-symbols,https://docs.skylit.ai/api-reference/contract/bulk-contract-stats-for-a-list-of-symbols,200,text/html; charset=utf-8,448043,71f69dc6b2883c8e878f921e46a940d762d84a34c98c890e9ce9983bf6b106b6,docs.skylit.ai/api-reference/contract/bulk-contract-stats-for-a-list-of-symbols/index.html
https://docs.skylit.ai/api-reference/flow/trailing-per-time-of-day-flow-baseline-avg-+-stddev,https://docs.skylit.ai/api-reference/flow/trailing-per-time-of-day-flow-baseline-avg-+-stddev,200,text/html; charset=utf-8,441821,631661893ded38ff2581bae4ffd41f00cad610d64e243886a78d8f28160bb2f4,docs.skylit.ai/api-reference/flow/trailing-per-time-of-day-flow-baseline-avg-+-stddev/index.html
https://docs.skylit.ai/core-concepts,https://docs.skylit.ai/core-concepts,200,text/html; charset=utf-8,423099,cc78adb34eb3d57778d061d4621f70404d8408300ab9b5db77437bde5e82fe7a,docs.skylit.ai/core-concepts/index.html
https://docs.skylit.ai/atlas/indicators/tpo,https://docs.skylit.ai/atlas/indicators/tpo,200,text/html; charset=utf-8,267033,5b7e213ef8aec7f37d678edb474cd7b3fb2fa4cb598649d51a49857ba6cb2a54,docs.skylit.ai/atlas/indicators/tpo/index.html
https://docs.skylit.ai/api-reference/symbols/search-symbols,https://docs.skylit.ai/api-reference/symbols/search-symbols,200,text/html; charset=utf-8,365740,67a120d75fb70dac2896f95d20183fb0d48126d289327970583bd8ccc82cfeba,docs.skylit.ai/api-reference/symbols/search-symbols/index.html
https://docs.skylit.ai/intended-audience,https://docs.skylit.ai/intended-audience,200,text/html; charset=utf-8,269050,e4ac51faed1807a43853cfb67a0cb304bc18619b8af98219154e53104a2e2eb9,docs.skylit.ai/intended-audience/index.html
https://docs.skylit.ai/api-reference/underlying/premium-volume-by-strike,https://docs.skylit.ai/api-reference/underlying/premium-volume-by-strike,200,text/html; charset=utf-8,439558,196c2d28e4e9969f46c5612118d957facbd85863ed2c4f567def3297c6a5b521,docs.skylit.ai/api-reference/underlying/premium-volume-by-strike/index.html
https://docs.skylit.ai/patternpedia/pattern-rainbow-road,https://docs.skylit.ai/patternpedia/pattern-rainbow-road,200,text/html; charset=utf-8,283701,34e419d1045922a0af26cf66cce49ab5879c03d01a78339b0ceebef9482d98ce,docs.skylit.ai/patternpedia/pattern-rainbow-road/index.html
https://docs.skylit.ai/patternpedia/pattern-trend,https://docs.skylit.ai/patternpedia/pattern-trend,200,text/html; charset=utf-8,284506,24101a5fba8905a8580ca4a1979bbd4eb2649190a51b1ad2a5c9344f4864ebd6,docs.skylit.ai/patternpedia/pattern-trend/index.html
https://docs.skylit.ai/api-reference/ratios/per-contract-bidaskmid-distribution,https://docs.skylit.ai/api-reference/ratios/per-contract-bidaskmid-distribution,200,text/html; charset=utf-8,432703,2566067cd7a249b64c39f2a1bbdbb19f6b009792c72f09d1b3a0454d7525044b,docs.skylit.ai/api-reference/ratios/per-contract-bidaskmid-distribution/index.html
https://docs.skylit.ai/atlas/drawing-presets,https://docs.skylit.ai/atlas/drawing-presets,200,text/html; charset=utf-8,300455,f4bdc39bc4501807dbae42ea77926d0006ddf8fd24f8aab8eec8e66a4ffd32e1,docs.skylit.ai/atlas/drawing-presets/index.html
https://docs.skylit.ai/nexus/overview,https://docs.skylit.ai/nexus/overview,200,text/html; charset=utf-8,233747,c9174dee5f2e26f5a227f57d306479ceddd62dcbf344aa355dc484d5f9881a3a,docs.skylit.ai/nexus/overview/index.html
https://docs.skylit.ai/api-reference/flow/strike-level-flow-concentration,https://docs.skylit.ai/api-reference/flow/strike-level-flow-concentration,200,text/html; charset=utf-8,447433,988190a5cf0fdb4603a1b73053d4f12e0b40edb204430624096cf2e66766bc63,docs.skylit.ai/api-reference/flow/strike-level-flow-concentration/index.html
https://docs.skylit.ai/api-reference/analytics/aggregate-sentiment-scoring-across-timeframes-vwf-sdf-fir-composite,https://docs.skylit.ai/api-reference/analytics/aggregate-sentiment-scoring-across-timeframes-vwf-sdf-fir-composite,200,text/html; charset=utf-8,454360,dac7c5a88af4f8501d59a4bcab4deb3db309df30b5407aad418238c741d0ed14,docs.skylit.ai/api-reference/analytics/aggregate-sentiment-scoring-across-timeframes-vwf-sdf-fir-composite/index.html
https://docs.skylit.ai/patternpedia/case-study-speculative-and-decoy-nodes,https://docs.skylit.ai/patternpedia/case-study-speculative-and-decoy-nodes,200,text/html; charset=utf-8,277287,44d52cecc97e49aff31f0a7fa6892032c195476f4920f4bfbbec014e0b9d1812,docs.skylit.ai/patternpedia/case-study-speculative-and-decoy-nodes/index.html
https://docs.skylit.ai/api-reference/contract/relative-volume-bars-for-a-contract,https://docs.skylit.ai/api-reference/contract/relative-volume-bars-for-a-contract,200,text/html; charset=utf-8,467286,bdeec1c35db04833b1bc76fe21c1f0121a88ab7627468b8b1e8e8ade1ea9af8c,docs.skylit.ai/api-reference/contract/relative-volume-bars-for-a-contract/index.html
https://docs.skylit.ai/api-reference/dark-pool/paginated-off-exchange-trf-prints,https://docs.skylit.ai/api-reference/dark-pool/paginated-off-exchange-trf-prints,200,text/html; charset=utf-8,465811,654653ef72b49a8878733a4f1e41864aeade2a022b0f2b410ced8c46726a8215,docs.skylit.ai/api-reference/dark-pool/paginated-off-exchange-trf-prints/index.html
https://docs.skylit.ai/common-pitfalls-and-mistakes,https://docs.skylit.ai/common-pitfalls-and-mistakes,200,text/html; charset=utf-8,299163,b5c3bd2676d9d77db4307594616d22d6191fb4213f29f384887bb398bf694950,docs.skylit.ai/common-pitfalls-and-mistakes/index.html
https://docs.skylit.ai/api-reference/contract/intraday-chart-bars-for-a-contract,https://docs.skylit.ai/api-reference/contract/intraday-chart-bars-for-a-contract,200,text/html; charset=utf-8,457614,4b369b8104ddbabff664416c90e461955720390058eef86c0d2d3dbf0b6b4525,docs.skylit.ai/api-reference/contract/intraday-chart-bars-for-a-contract/index.html
https://docs.skylit.ai/api-reference/dark-pool/largest-individual-dark-pool-prints-for-a-ticker,https://docs.skylit.ai/api-reference/dark-pool/largest-individual-dark-pool-prints-for-a-ticker,200,text/html; charset=utf-8,424248,6f34787575a2b76a3337f67eca82deaa8e991e0169893bc2f6e30ea62652d63c,docs.skylit.ai/api-reference/dark-pool/largest-individual-dark-pool-prints-for-a-ticker/index.html
https://docs.skylit.ai/api-reference/contract/daily-history-for-a-contract,https://docs.skylit.ai/api-reference/contract/daily-history-for-a-contract,200,text/html; charset=utf-8,449912,b08387956f2f63518136d1a06ac89ed107f65c20c4d9f88dd04f490fec13894a,docs.skylit.ai/api-reference/contract/daily-history-for-a-contract/index.html
https://docs.skylit.ai/api-reference/underlying/list-traded-expirations-for-a-ticker,https://docs.skylit.ai/api-reference/underlying/list-traded-expirations-for-a-ticker,200,text/html; charset=utf-8,429736,11089620572c785b4b6b647659dc5cfd8e19987396d7b60a22f2d89afaf4ce16,docs.skylit.ai/api-reference/underlying/list-traded-expirations-for-a-ticker/index.html
https://docs.skylit.ai/best-practices,https://docs.skylit.ai/best-practices,200,text/html; charset=utf-8,307776,e48fe049dfcd365f47620b28c022cec156d46efa2da2fa389bbcc829decd4eaa,docs.skylit.ai/best-practices/index.html
https://docs.skylit.ai/api-reference/market/market-wide-breadth-advancedecline-and-sector-rotation,https://docs.skylit.ai/api-reference/market/market-wide-breadth-advancedecline-and-sector-rotation,200,text/html; charset=utf-8,432739,4e6a1cdc03f3004094561a3c10fd95462751d1ce4ab78077cdabee61132d5a1f,docs.skylit.ai/api-reference/market/market-wide-breadth-advancedecline-and-sector-rotation/index.html
https://docs.skylit.ai/how-to-read-and-use-heatseeker,https://docs.skylit.ai/how-to-read-and-use-heatseeker,200,text/html; charset=utf-8,302023,44d42148834e5583a118eaaf5395695e746a04742105b3c866b49a005c1ae2c1,docs.skylit.ai/how-to-read-and-use-heatseeker/index.html
https://docs.skylit.ai/api-reference/contract/top-contracts-by-daily-flow,https://docs.skylit.ai/api-reference/contract/top-contracts-by-daily-flow,200,text/html; charset=utf-8,502905,a39dbd9ea72e9f6c060715fc1385fa0a00e6ab53603a0787bdc863fcca6e56cf,docs.skylit.ai/api-reference/contract/top-contracts-by-daily-flow/index.html
https://docs.skylit.ai/api-reference/meta/server-time,https://docs.skylit.ai/api-reference/meta/server-time,200,text/html; charset=utf-8,314933,cf3bd4318c5f7ecefdf9805940d5e2b3efbf8787b6c694b9784fc5d3ff579259,docs.skylit.ai/api-reference/meta/server-time/index.html
https://docs.skylit.ai/patternpedia/pattern-the-whipsaw,https://docs.skylit.ai/patternpedia/pattern-the-whipsaw,200,text/html; charset=utf-8,283375,f8bb98498e65131ecbfead79017558193b3be606be1dbe9ce4ddd6c31184078f,docs.skylit.ai/patternpedia/pattern-the-whipsaw/index.html
https://docs.skylit.ai/examples-and-case-studies,https://docs.skylit.ai/examples-and-case-studies,200,text/html; charset=utf-8,302823,22b5e805fefa864b7fbd378c1c2a5beda868e67ac82c1018f7a788acfc3718ab,docs.skylit.ai/examples-and-case-studies/index.html
https://docs.skylit.ai/help-page/written-guides,https://docs.skylit.ai/help-page/written-guides,200,text/html; charset=utf-8,266574,5541a723addb942a942828c64e83c864df534c1051b87d6a71f2e42ecbc1dea5,docs.skylit.ai/help-page/written-guides/index.html
https://docs.skylit.ai/api-reference/underlying/premium-volume-by-expiration-for-a-strike,https://docs.skylit.ai/api-reference/underlying/premium-volume-by-expiration-for-a-strike,200,text/html; charset=utf-8,452792,cab1a7c0774666390b68133c57c8c11cfff01857874a1ed2d45a1641762e6904,docs.skylit.ai/api-reference/underlying/premium-volume-by-expiration-for-a-strike/index.html
https://docs.skylit.ai/api-reference/heatmap/live-per-strike-heatmap-one-or-more-symbols,https://docs.skylit.ai/api-reference/heatmap/live-per-strike-heatmap-one-or-more-symbols,200,text/html; charset=utf-8,395704,48864526412f9b259658ebc06a3a3b2ea711de319fabcf05cd2c56220116926b,docs.skylit.ai/api-reference/heatmap/live-per-strike-heatmap-one-or-more-symbols/index.html
https://docs.skylit.ai/navigating-skylit-web-app,https://docs.skylit.ai/navigating-skylit-web-app,200,text/html; charset=utf-8,292941,1bbe9b90c0d632c4ae8dae948a78a3cf68d64e308ef9021203e575f323f882c8,docs.skylit.ai/navigating-skylit-web-app/index.html
https://docs.skylit.ai/api-reference/scoring/detailed-scoring-for-a-single-trade,https://docs.skylit.ai/api-reference/scoring/detailed-scoring-for-a-single-trade,200,text/html; charset=utf-8,434026,bcaac03d2a59830ad0701b85c0ceba377f963bcd11e7d0f88506a09f3701369c,docs.skylit.ai/api-reference/scoring/detailed-scoring-for-a-single-trade/index.html
https://docs.skylit.ai/api-reference/underlying/daily-stats-for-a-single-underlying,https://docs.skylit.ai/api-reference/underlying/daily-stats-for-a-single-underlying,200,text/html; charset=utf-8,443815,009190ce7cf8a61af2efd250311f46e35fd219c13603306afa12bbc43f7e148e,docs.skylit.ai/api-reference/underlying/daily-stats-for-a-single-underlying/index.html
https://docs.skylit.ai/api-reference/underlying/bulk-underlying-stats-for-a-list-of-tickers,https://docs.skylit.ai/api-reference/underlying/bulk-underlying-stats-for-a-list-of-tickers,200,text/html; charset=utf-8,441923,c3dd496b0eeb53622e8524e5141b7250ee1aaa2ab1cbb2041f26623ce1610310,docs.skylit.ai/api-reference/underlying/bulk-underlying-stats-for-a-list-of-tickers/index.html
https://docs.skylit.ai/api-reference/underlying/daily-history-for-a-ticker,https://docs.skylit.ai/api-reference/underlying/daily-history-for-a-ticker,200,text/html; charset=utf-8,432468,ece22b35dd5384c984df228c9d07076f692d6803823b19179436aa630bf13adc,docs.skylit.ai/api-reference/underlying/daily-history-for-a-ticker/index.html
https://docs.skylit.ai/api-reference/flow/todays-flow-vs-trailing-average-with-similar-days-lookback,https://docs.skylit.ai/api-reference/flow/todays-flow-vs-trailing-average-with-similar-days-lookback,200,text/html; charset=utf-8,437488,67e11c2f59acdf1973bd00278fea36ef05a240a2691d89e1b0c993909f0506b4,docs.skylit.ai/api-reference/flow/todays-flow-vs-trailing-average-with-similar-days-lookback/index.html
https://docs.skylit.ai/api-reference/heatmap/live-sse-stream-one-symbol-per-connection,https://docs.skylit.ai/api-reference/heatmap/live-sse-stream-one-symbol-per-connection,200,text/html; charset=utf-8,380193,89ee875b5d061f54c07d1376f47877906047577c1574d335b6957ccb8784e547,docs.skylit.ai/api-reference/heatmap/live-sse-stream-one-symbol-per-connection/index.html
https://docs.skylit.ai/platform/changelog.md,https://docs.skylit.ai/platform/changelog.md,200,text/markdown; charset=utf-8,2543,6815a4e686d7d219e08e73bb546c7e749e5b27249f4a1fac981d12bb473a3fc7,docs.skylit.ai/platform/changelog.md
https://www.skylit.ai/assets/assets/options-flow-DiXsvMuK.js,https://www.skylit.ai/assets/assets/options-flow-DiXsvMuK.js,200,text/html; charset=utf-8,333629,cd0691f0a24935210675b39c42db0ca235446c3dd9493794527787889814919c,www.skylit.ai/assets/assets/options-flow-DiXsvMuK.js
https://www.skylit.ai/assets/assets/graduate-from-trading-alerts-DFo0WL6o.js,https://www.skylit.ai/assets/assets/graduate-from-trading-alerts-DFo0WL6o.js,200,text/html; charset=utf-8,333629,cd0691f0a24935210675b39c42db0ca235446c3dd9493794527787889814919c,www.skylit.ai/assets/assets/graduate-from-trading-alerts-DFo0WL6o.js
https://www.skylit.ai/assets/assets/intro-to-talon-chatbot-v1-D-2wTMzX.js,https://www.skylit.ai/assets/assets/intro-to-talon-chatbot-v1-D-2wTMzX.js,200,text/html; charset=utf-8,333629,cd0691f0a24935210675b39c42db0ca235446c3dd9493794527787889814919c,www.skylit.ai/assets/assets/intro-to-talon-chatbot-v1-D-2wTMzX.js
https://www.skylit.ai/assets/assets/air-pockets-velocity-BYkcHL--.js,https://www.skylit.ai/assets/assets/air-pockets-velocity-BYkcHL--.js,200,text/html; charset=utf-8,333629,cd0691f0a24935210675b39c42db0ca235446c3dd9493794527787889814919c,www.skylit.ai/assets/assets/air-pockets-velocity-BYkcHL--.js
https://www.skylit.ai/assets/assets/index-Cv6VCl5d.js,https://www.skylit.ai/assets/assets/index-Cv6VCl5d.js,200,text/html; charset=utf-8,333629,cd0691f0a24935210675b39c42db0ca235446c3dd9493794527787889814919c,www.skylit.ai/assets/assets/index-Cv6VCl5d.js
https://www.skylit.ai/assets/assets/rolling-floors-ceilings-inyRKDsI.js,https://www.skylit.ai/assets/assets/rolling-floors-ceilings-inyRKDsI.js,200,text/html; charset=utf-8,333629,cd0691f0a24935210675b39c42db0ca235446c3dd9493794527787889814919c,www.skylit.ai/assets/assets/rolling-floors-ceilings-inyRKDsI.js
https://www.skylit.ai/assets/assets/best-vanna-tools-B47eA6Tw.js,https://www.skylit.ai/assets/assets/best-vanna-tools-B47eA6Tw.js,200,text/html; charset=utf-8,333629,cd0691f0a24935210675b39c42db0ca235446c3dd9493794527787889814919c,www.skylit.ai/assets/assets/best-vanna-tools-B47eA6Tw.js
https://www.skylit.ai/assets/assets/heatseeker-patterns-BJGfTkLM.js,https://www.skylit.ai/assets/assets/heatseeker-patterns-BJGfTkLM.js,200,text/html; charset=utf-8,333629,cd0691f0a24935210675b39c42db0ca235446c3dd9493794527787889814919c,www.skylit.ai/assets/assets/heatseeker-patterns-BJGfTkLM.js
https://www.skylit.ai/assets/assets/vanna-exposure-iF_8348n.js,https://www.skylit.ai/assets/assets/vanna-exposure-iF_8348n.js,200,text/html; charset=utf-8,333629,cd0691f0a24935210675b39c42db0ca235446c3dd9493794527787889814919c,www.skylit.ai/assets/assets/vanna-exposure-iF_8348n.js
https://www.skylit.ai/assets/assets/best-options-flow-tools-DYLB44s5.js,https://www.skylit.ai/assets/assets/best-options-flow-tools-DYLB44s5.js,200,text/html; charset=utf-8,333629,cd0691f0a24935210675b39c42db0ca235446c3dd9493794527787889814919c,www.skylit.ai/assets/assets/best-options-flow-tools-DYLB44s5.js
https://www.skylit.ai/assets/assets/trinity-mode-DtlnDfRq.js,https://www.skylit.ai/assets/assets/trinity-mode-DtlnDfRq.js,200,text/html; charset=utf-8,333629,cd0691f0a24935210675b39c42db0ca235446c3dd9493794527787889814919c,www.skylit.ai/assets/assets/trinity-mode-DtlnDfRq.js
https://www.skylit.ai/assets/assets/gex-vex-alignment-D9o1PA9A.js,https://www.skylit.ai/assets/assets/gex-vex-alignment-D9o1PA9A.js,200,text/html; charset=utf-8,333629,cd0691f0a24935210675b39c42db0ca235446c3dd9493794527787889814919c,www.skylit.ai/assets/assets/gex-vex-alignment-D9o1PA9A.js
https://www.skylit.ai/assets/assets/reading-heatseeker-Ctiqg34N.js,https://www.skylit.ai/assets/assets/reading-heatseeker-Ctiqg34N.js,200,text/html; charset=utf-8,333629,cd0691f0a24935210675b39c42db0ca235446c3dd9493794527787889814919c,www.skylit.ai/assets/assets/reading-heatseeker-Ctiqg34N.js
https://www.skylit.ai/assets/assets/theta-DEsKVYpm.js,https://www.skylit.ai/assets/assets/theta-DEsKVYpm.js,200,text/html; charset=utf-8,333629,cd0691f0a24935210675b39c42db0ca235446c3dd9493794527787889814919c,www.skylit.ai/assets/assets/theta-DEsKVYpm.js
https://www.skylit.ai/assets/assets/reading-flow-on-atlas-8_ECmQ7X.js,https://www.skylit.ai/assets/assets/reading-flow-on-atlas-8_ECmQ7X.js,200,text/html; charset=utf-8,333629,cd0691f0a24935210675b39c42db0ca235446c3dd9493794527787889814919c,www.skylit.ai/assets/assets/reading-flow-on-atlas-8_ECmQ7X.js
https://www.skylit.ai/assets/assets/gamma-regimes-9QCUF7yB.js,https://www.skylit.ai/assets/assets/gamma-regimes-9QCUF7yB.js,200,text/html; charset=utf-8,333629,cd0691f0a24935210675b39c42db0ca235446c3dd9493794527787889814919c,www.skylit.ai/assets/assets/gamma-regimes-9QCUF7yB.js
https://www.skylit.ai/assets/assets/charm-D13YO4zx.js,https://www.skylit.ai/assets/assets/charm-D13YO4zx.js,200,text/html; charset=utf-8,333629,cd0691f0a24935210675b39c42db0ca235446c3dd9493794527787889814919c,www.skylit.ai/assets/assets/charm-D13YO4zx.js
https://www.skylit.ai/assets/assets/vega-aKzysskH.js,https://www.skylit.ai/assets/assets/vega-aKzysskH.js,200,text/html; charset=utf-8,333629,cd0691f0a24935210675b39c42db0ca235446c3dd9493794527787889814919c,www.skylit.ai/assets/assets/vega-aKzysskH.js
https://www.skylit.ai/assets/assets/gamma-exposure-B5eLmlID.js,https://www.skylit.ai/assets/assets/gamma-exposure-B5eLmlID.js,200,text/html; charset=utf-8,333629,cd0691f0a24935210675b39c42db0ca235446c3dd9493794527787889814919c,www.skylit.ai/assets/assets/gamma-exposure-B5eLmlID.js
https://www.skylit.ai/assets/assets/gex-trading-jXDWSopz.js,https://www.skylit.ai/assets/assets/gex-trading-jXDWSopz.js,200,text/html; charset=utf-8,333629,cd0691f0a24935210675b39c42db0ca235446c3dd9493794527787889814919c,www.skylit.ai/assets/assets/gex-trading-jXDWSopz.js
https://www.skylit.ai/assets/assets/intro-to-gamma-CcQTn_yw.js,https://www.skylit.ai/assets/assets/intro-to-gamma-CcQTn_yw.js,200,text/html; charset=utf-8,333629,cd0691f0a24935210675b39c42db0ca235446c3dd9493794527787889814919c,www.skylit.ai/assets/assets/intro-to-gamma-CcQTn_yw.js
https://www.skylit.ai/assets/assets/navigating-flowseeker-DeQBq-b1.js,https://www.skylit.ai/assets/assets/navigating-flowseeker-DeQBq-b1.js,200,text/html; charset=utf-8,333629,cd0691f0a24935210675b39c42db0ca235446c3dd9493794527787889814919c,www.skylit.ai/assets/assets/navigating-flowseeker-DeQBq-b1.js
https://www.skylit.ai/assets/assets/best-gex-tools-BDxzT2hU.js,https://www.skylit.ai/assets/assets/best-gex-tools-BDxzT2hU.js,200,text/html; charset=utf-8,333629,cd0691f0a24935210675b39c42db0ca235446c3dd9493794527787889814919c,www.skylit.ai/assets/assets/best-gex-tools-BDxzT2hU.js
https://www.skylit.ai/assets/assets/negative-gex-DGyh2aoe.js,https://www.skylit.ai/assets/assets/negative-gex-DGyh2aoe.js,200,text/html; charset=utf-8,333629,cd0691f0a24935210675b39c42db0ca235446c3dd9493794527787889814919c,www.skylit.ai/assets/assets/negative-gex-DGyh2aoe.js
https://www.skylit.ai/assets/assets/vomma-tYFzzzzl.js,https://www.skylit.ai/assets/assets/vomma-tYFzzzzl.js,200,text/html; charset=utf-8,333629,cd0691f0a24935210675b39c42db0ca235446c3dd9493794527787889814919c,www.skylit.ai/assets/assets/vomma-tYFzzzzl.js
https://www.skylit.ai/assets/assets/options-greeks-BtOjFVAe.js,https://www.skylit.ai/assets/assets/options-greeks-BtOjFVAe.js,200,text/html; charset=utf-8,333629,cd0691f0a24935210675b39c42db0ca235446c3dd9493794527787889814919c,www.skylit.ai/assets/assets/options-greeks-BtOjFVAe.js
https://www.skylit.ai/assets/assets/flow-highlighting-DfW8h751.js,https://www.skylit.ai/assets/assets/flow-highlighting-DfW8h751.js,200,text/html; charset=utf-8,333629,cd0691f0a24935210675b39c42db0ca235446c3dd9493794527787889814919c,www.skylit.ai/assets/assets/flow-highlighting-DfW8h751.js
https://www.skylit.ai/assets/assets/vex-trading-rHmcs2jH.js,https://www.skylit.ai/assets/assets/vex-trading-rHmcs2jH.js,200,text/html; charset=utf-8,333629,cd0691f0a24935210675b39c42db0ca235446c3dd9493794527787889814919c,www.skylit.ai/assets/assets/vex-trading-rHmcs2jH.js
https://www.skylit.ai/assets/assets/reading-dark-pool-prints-DilPRljA.js,https://www.skylit.ai/assets/assets/reading-dark-pool-prints-DilPRljA.js,200,text/html; charset=utf-8,333629,cd0691f0a24935210675b39c42db0ca235446c3dd9493794527787889814919c,www.skylit.ai/assets/assets/reading-dark-pool-prints-DilPRljA.js
https://www.skylit.ai/assets/assets/support-resistance-gex-BAQJeupE.js,https://www.skylit.ai/assets/assets/support-resistance-gex-BAQJeupE.js,200,text/html; charset=utf-8,333629,cd0691f0a24935210675b39c42db0ca235446c3dd9493794527787889814919c,www.skylit.ai/assets/assets/support-resistance-gex-BAQJeupE.js
https://www.skylit.ai/assets/assets/dealer-positioning-BOQCrLRp.js,https://www.skylit.ai/assets/assets/dealer-positioning-BOQCrLRp.js,200,text/html; charset=utf-8,333629,cd0691f0a24935210675b39c42db0ca235446c3dd9493794527787889814919c,www.skylit.ai/assets/assets/dealer-positioning-BOQCrLRp.js
https://www.skylit.ai/assets/assets/delta-Cd-4RX9D.js,https://www.skylit.ai/assets/assets/delta-Cd-4RX9D.js,200,text/html; charset=utf-8,333629,cd0691f0a24935210675b39c42db0ca235446c3dd9493794527787889814919c,www.skylit.ai/assets/assets/delta-Cd-4RX9D.js
https://www.skylit.ai/assets/assets/analyzing-print-chart-modal-DMkO1w5s.js,https://www.skylit.ai/assets/assets/analyzing-print-chart-modal-DMkO1w5s.js,200,text/html; charset=utf-8,333629,cd0691f0a24935210675b39c42db0ca235446c3dd9493794527787889814919c,www.skylit.ai/assets/assets/analyzing-print-chart-modal-DMkO1w5s.js
https://www.skylit.ai/assets/assets/index-CSeqFFJ7.css,https://www.skylit.ai/assets/assets/index-CSeqFFJ7.css,200,text/html; charset=utf-8,333629,cd0691f0a24935210675b39c42db0ca235446c3dd9493794527787889814919c,www.skylit.ai/assets/assets/index-CSeqFFJ7.css
https://www.skylit.ai/assets/assets/execution-doctrine-DlsuZ8uy.js,https://www.skylit.ai/assets/assets/execution-doctrine-DlsuZ8uy.js,200,text/html; charset=utf-8,333629,cd0691f0a24935210675b39c42db0ca235446c3dd9493794527787889814919c,www.skylit.ai/assets/assets/execution-doctrine-DlsuZ8uy.js
https://www.skylit.ai/assets/assets/intro-to-flowseeker--MD8vhzw.js,https://www.skylit.ai/assets/assets/intro-to-flowseeker--MD8vhzw.js,200,text/html; charset=utf-8,333629,cd0691f0a24935210675b39c42db0ca235446c3dd9493794527787889814919c,www.skylit.ai/assets/assets/intro-to-flowseeker--MD8vhzw.js
https://www.skylit.ai/assets/assets/node-lifecycle-CiGoLA1r.js,https://www.skylit.ai/assets/assets/node-lifecycle-CiGoLA1r.js,200,text/html; charset=utf-8,333629,cd0691f0a24935210675b39c42db0ca235446c3dd9493794527787889814919c,www.skylit.ai/assets/assets/node-lifecycle-CiGoLA1r.js
https://www.skylit.ai/assets/assets/charts-first-CenrKffz.js,https://www.skylit.ai/assets/assets/charts-first-CenrKffz.js,200,text/html; charset=utf-8,333629,cd0691f0a24935210675b39c42db0ca235446c3dd9493794527787889814919c,www.skylit.ai/assets/assets/charts-first-CenrKffz.js
https://app.skylit.ai/_next/static/chunks/app/(app)/layout-648178b41848d7bf.js,https://app.skylit.ai/_next/static/chunks/app/(app)/layout-648178b41848d7bf.js,200,application/javascript; charset=UTF-8,3064,388c5121fec10b5aaa1f8f09f451d546b42337d59f0e5e2c8bc1812cf71277a3,app.skylit.ai/_next/static/chunks/app/(app)/layout-648178b41848d7bf.js
https://app.skylit.ai/_next/static/chunks/6667-3dc4f0c169f2d1dd.js,https://app.skylit.ai/_next/static/chunks/6667-3dc4f0c169f2d1dd.js,200,application/javascript; charset=UTF-8,7740,581f47ff96b756b549a7957cf9067170270d6e99dd179a87b1eafb7c7824974c,app.skylit.ai/_next/static/chunks/6667-3dc4f0c169f2d1dd.js
https://app.skylit.ai/_next/static/chunks/1631-6e0b82576de6779e.js,https://app.skylit.ai/_next/static/chunks/1631-6e0b82576de6779e.js,200,application/javascript; charset=UTF-8,24443,6debfb01a970d0fe47b9ce94f5da57060f907fbbb1df2df1e59a4cd3de0e6dfc,app.skylit.ai/_next/static/chunks/1631-6e0b82576de6779e.js
https://app.skylit.ai/_next/static/chunks/4935-e199efd048766f16.js,https://app.skylit.ai/_next/static/chunks/4935-e199efd048766f16.js,200,application/javascript; charset=UTF-8,8786,a60a3a5f90ecae2a659263358bba30c771f75df1436daea22a92405e43cd7845,app.skylit.ai/_next/static/chunks/4935-e199efd048766f16.js
https://app.skylit.ai/_next/static/chunks/3828-9d3815a430568e1a.js,https://app.skylit.ai/_next/static/chunks/3828-9d3815a430568e1a.js,200,application/javascript; charset=UTF-8,19152,ca46e580d1d44c71c201a0cbdf68eeeac0f774a32525145ceb1d91c7638357ec,app.skylit.ai/_next/static/chunks/3828-9d3815a430568e1a.js
https://app.skylit.ai/_next/static/chunks/app/(app)/flow/live/page-9abebe979b7902fa.js,https://app.skylit.ai/_next/static/chunks/app/(app)/flow/live/page-9abebe979b7902fa.js,200,application/javascript; charset=UTF-8,240336,ff2572c0376f2735e75a42799a538499993ca2aec1e13d175539beea0f5d7418,app.skylit.ai/_next/static/chunks/app/(app)/flow/live/page-9abebe979b7902fa.js
https://app.skylit.ai/_next/static/chunks/4127-35d78e9d1074522e.js,https://app.skylit.ai/_next/static/chunks/4127-35d78e9d1074522e.js,200,application/javascript; charset=UTF-8,5443,e98d34059feadcb28df467608ca3e2b9eab9daaf066e8e5bfe526236ce02bb46,app.skylit.ai/_next/static/chunks/4127-35d78e9d1074522e.js
https://docs.skylit.ai/mintlify-assets/_next/static/chunks/4cb79010ed8ab45e.js,https://docs.skylit.ai/mintlify-assets/_next/static/chunks/4cb79010ed8ab45e.js,200,application/javascript; charset=utf-8,45147,584d4a3ad102353ad92a2dcd7e9ebe06b8f121b37a88d6e0da2387b8abe41f7c,docs.skylit.ai/mintlify-assets/_next/static/chunks/4cb79010ed8ab45e.js
https://docs.skylit.ai/mintlify-assets/_next/static/chunks/dedd270bd273b9f1.css,https://docs.skylit.ai/mintlify-assets/_next/static/chunks/dedd270bd273b9f1.css,200,text/css; charset=utf-8,17073,72e2fdb0018c08acd45d5392bc1186a3717d47042cef3a3a906b754a01c20d3e,docs.skylit.ai/mintlify-assets/_next/static/chunks/dedd270bd273b9f1.css
https://docs.skylit.ai/mintlify-assets/_next/static/chunks/f3e298814de4a0ba.js,https://docs.skylit.ai/mintlify-assets/_next/static/chunks/f3e298814de4a0ba.js,200,application/javascript; charset=utf-8,236534,fe316d26c35a6e908a5fa19981f12cbcbfbf14ad5d7005b238543e0bbc0f765f,docs.skylit.ai/mintlify-assets/_next/static/chunks/f3e298814de4a0ba.js
https://docs.skylit.ai/mintlify-assets/_next/static/chunks/3c58d19c05d9ffd3.js,https://docs.skylit.ai/mintlify-assets/_next/static/chunks/3c58d19c05d9ffd3.js,200,application/javascript; charset=utf-8,6064,660874987abaf81716ca45ed577506797d252b8558c43dcb9258e03bb49171c4,docs.skylit.ai/mintlify-assets/_next/static/chunks/3c58d19c05d9ffd3.js
https://docs.skylit.ai/mintlify-assets/_next/static/chunks/4224158070c03123.js,https://docs.skylit.ai/mintlify-assets/_next/static/chunks/4224158070c03123.js,200,application/javascript; charset=utf-8,91149,3b71ea9b6deb01708cd30fda804a199e6d8ca36b6a58281088b7a32334e7dbf2,docs.skylit.ai/mintlify-assets/_next/static/chunks/4224158070c03123.js
https://docs.skylit.ai/mintlify-assets/_next/static/chunks/8a5094daa124fc24.js,https://docs.skylit.ai/mintlify-assets/_next/static/chunks/8a5094daa124fc24.js,200,application/javascript; charset=utf-8,359980,e0322e2e174d34877b633aea216de144e027685afd570db04ea7c56e1bf33b7a,docs.skylit.ai/mintlify-assets/_next/static/chunks/8a5094daa124fc24.js
https://docs.skylit.ai/mintlify-assets/_next/static/chunks/190e2d29d3b2239b.js,https://docs.skylit.ai/mintlify-assets/_next/static/chunks/190e2d29d3b2239b.js,200,application/javascript; charset=utf-8,208444,266e766a84edf31c7f4487e006fdb7fa0301574de379ca29c7634f1c59a95cfa,docs.skylit.ai/mintlify-assets/_next/static/chunks/190e2d29d3b2239b.js
https://docs.skylit.ai/mintlify-assets/_next/static/chunks/2c5183494b8240c2.js,https://docs.skylit.ai/mintlify-assets/_next/static/chunks/2c5183494b8240c2.js,200,application/javascript; charset=utf-8,70218,1149c98a7115f375fdbfa54ef1bd1f60dbcd1fe8e50dc9401a372f6111fd59a2,docs.skylit.ai/mintlify-assets/_next/static/chunks/2c5183494b8240c2.js
https://docs.skylit.ai/mintlify-assets/_next/static/chunks/a2b1c0e58c75517b.js,https://docs.skylit.ai/mintlify-assets/_next/static/chunks/a2b1c0e58c75517b.js,200,application/javascript; charset=utf-8,156169,c6aa2b8d6d3d44e555b86ae986340488ab529f90d17db369e61890b67ae4d903,docs.skylit.ai/mintlify-assets/_next/static/chunks/a2b1c0e58c75517b.js
https://docs.skylit.ai/mintlify-assets/_next/static/chunks/9091e40ba4b42d37.js,https://docs.skylit.ai/mintlify-assets/_next/static/chunks/9091e40ba4b42d37.js,200,application/javascript; charset=utf-8,156169,5abeb9166490f482dfd201cb17d6ec4232b5f3a016169107a5af36e4bfd840ff,docs.skylit.ai/mintlify-assets/_next/static/chunks/9091e40ba4b42d37.js
https://docs.skylit.ai/api-reference/analytics/moneyness-breakdown-with-pattern-detection.md,https://docs.skylit.ai/api-reference/analytics/moneyness-breakdown-with-pattern-detection.md,200,text/markdown; charset=utf-8,16934,b3a47c56ac1c4d2e9b790e6fa8c6b5294ea49b1cdaa11745347630e247d72244,docs.skylit.ai/api-reference/analytics/moneyness-breakdown-with-pattern-detection.md
https://docs.skylit.ai/api-reference/contract/top-contracts-by-trailing-5-day-flow.md,https://docs.skylit.ai/api-reference/contract/top-contracts-by-trailing-5-day-flow.md,200,text/markdown; charset=utf-8,14903,f328c64ec63cb29090ec3c337f2aa772138861c878a6fbd0c934962e0bb53f22,docs.skylit.ai/api-reference/contract/top-contracts-by-trailing-5-day-flow.md
https://docs.skylit.ai/mintlify-assets/_next/static/chunks/4d8374b1f183ef74.js,https://docs.skylit.ai/mintlify-assets/_next/static/chunks/4d8374b1f183ef74.js,200,application/javascript; charset=utf-8,3402,5aeca540a7a9a2ebf7119e5d69c13e205fcf09a411fa4253fee2522f4cc51cd3,docs.skylit.ai/mintlify-assets/_next/static/chunks/4d8374b1f183ef74.js
https://docs.skylit.ai/mintlify-assets/_next/static/chunks/3aa704238c912684.js,https://docs.skylit.ai/mintlify-assets/_next/static/chunks/3aa704238c912684.js,200,application/javascript; charset=utf-8,17354,211bb74dbc86c03c52410fb5619375d5caf24a0d16623d11d87ab04369435d95,docs.skylit.ai/mintlify-assets/_next/static/chunks/3aa704238c912684.js
https://docs.skylit.ai/introduction.md,https://docs.skylit.ai/introduction.md,200,text/markdown; charset=utf-8,6608,acc3413700e164b97ca07ea88d9eb0ca7f7af936f89052b100c2c3878881fd96,docs.skylit.ai/introduction.md
https://docs.skylit.ai/images/cEPeM9yCFQYcqIo9yq6K.png,https://docs.skylit.ai/images/cEPeM9yCFQYcqIo9yq6K.png,200,image/png,402053,080e90186d2fb52a2c51d34e11d2b62f4c1793f23e46883a7b9ca48d2d00e092,docs.skylit.ai/images/cEPeM9yCFQYcqIo9yq6K.png
https://docs.skylit.ai/images/ZGfKA1CMfUUiuvFGSV7V.png,https://docs.skylit.ai/images/ZGfKA1CMfUUiuvFGSV7V.png,200,image/png,347104,7107f315c4ab74da5732bfe54245a908522e9a3c391abb52b75927b89b1e1765,docs.skylit.ai/images/ZGfKA1CMfUUiuvFGSV7V.png
https://docs.skylit.ai/images/zM3I3VkNOnQYPjQGWI4N.png,https://docs.skylit.ai/images/zM3I3VkNOnQYPjQGWI4N.png,200,image/png,252656,f37bf96b9abaf18f3e4807281084349ed679dbca1114a4cabcdb05f48c28c996,docs.skylit.ai/images/zM3I3VkNOnQYPjQGWI4N.png
https://docs.skylit.ai/images/FxiWquO5VXN0RimSj59f.png,https://docs.skylit.ai/images/FxiWquO5VXN0RimSj59f.png,200,image/png,174138,6f25359813bb15002577ed4d6053dee577e65f8edfa2f3576203825ff2661428,docs.skylit.ai/images/FxiWquO5VXN0RimSj59f.png
https://docs.skylit.ai/api-reference/ratios/per-contract-callput-aware-bullbear-pressure.md,https://docs.skylit.ai/api-reference/ratios/per-contract-callput-aware-bullbear-pressure.md,200,text/markdown; charset=utf-8,15214,d5c29f1ed76d3e220d7f3daf561867731ea74fcee7cf856354a7a79eca79fceb,docs.skylit.ai/api-reference/ratios/per-contract-callput-aware-bullbear-pressure.md
https://docs.skylit.ai/api-reference/contract/daily-stats-for-a-single-contract.md,https://docs.skylit.ai/api-reference/contract/daily-stats-for-a-single-contract.md,200,text/markdown; charset=utf-8,13066,d852e0090f1955302632c5a91ac642d4fc4344c38a5ed819aeef6da31584e010,docs.skylit.ai/api-reference/contract/daily-stats-for-a-single-contract.md
https://docs.skylit.ai/api-reference/ratios/chain-level-bidaskmid-distribution.md,https://docs.skylit.ai/api-reference/ratios/chain-level-bidaskmid-distribution.md,200,text/markdown; charset=utf-8,15826,3d0f11d77740347abfb20c26466150e23d32c1fe27a204fdd011715e5e135609,docs.skylit.ai/api-reference/ratios/chain-level-bidaskmid-distribution.md
https://docs.skylit.ai/patternpedia/topping-patterns-bottoming-patterns.md,https://docs.skylit.ai/patternpedia/topping-patterns-bottoming-patterns.md,200,text/markdown; charset=utf-8,3807,c5c42d8f09db938a66824271572771c2b43222db588eb4cbc5af2d1e453279ff,docs.skylit.ai/patternpedia/topping-patterns-bottoming-patterns.md
https://docs.skylit.ai/api-reference/underlying/prefix-search-active-tickers.md,https://docs.skylit.ai/api-reference/underlying/prefix-search-active-tickers.md,200,text/markdown; charset=utf-8,11101,ecf1b7ba07793fbfcf79950a39cff89783a1eec24b0f5f529f72ce984746d809,docs.skylit.ai/api-reference/underlying/prefix-search-active-tickers.md
https://docs.skylit.ai/api-reference/analytics/volume-vs-open-interest-accumulation-analysis.md,https://docs.skylit.ai/api-reference/analytics/volume-vs-open-interest-accumulation-analysis.md,200,text/markdown; charset=utf-8,16395,594d18148b4927c8e3d5b716cf18241882cdc4a0b09614f64aa490c32b0ad42b,docs.skylit.ai/api-reference/analytics/volume-vs-open-interest-accumulation-analysis.md
https://docs.skylit.ai/api-reference/market/bucketed-market-wide-net-call-premium-net-put-premium-time-series.md,https://docs.skylit.ai/api-reference/market/bucketed-market-wide-net-call-premium-net-put-premium-time-series.md,200,text/markdown; charset=utf-8,15542,7c75a7d60e51a5020892db6c95adb6226c669e25e1657eeed7f8e8495c7c8b1a,docs.skylit.ai/api-reference/market/bucketed-market-wide-net-call-premium-net-put-premium-time-series.md
https://docs.skylit.ai/api-reference/meta/datafeed-configuration.md,https://docs.skylit.ai/api-reference/meta/datafeed-configuration.md,200,text/markdown; charset=utf-8,7030,56ac4500de6d438762c4ceca10ebb5a9bd0f6f0129acd03ae12d3bb6786b5a97,docs.skylit.ai/api-reference/meta/datafeed-configuration.md
https://docs.skylit.ai/api-reference/sweeps/aggregated-multi-exchange-sweep-activity.md,https://docs.skylit.ai/api-reference/sweeps/aggregated-multi-exchange-sweep-activity.md,200,text/markdown; charset=utf-8,18058,b39248374a69fe8e19f920d62bc7f072a079002ab00db6d957cac50879bd9585,docs.skylit.ai/api-reference/sweeps/aggregated-multi-exchange-sweep-activity.md
https://docs.skylit.ai/api-reference/flow/raw-flow-feed-for-a-ticker-flow-score-%2B-flowbonus-per-trade.md,https://docs.skylit.ai/api-reference/flow/raw-flow-feed-for-a-ticker-flow-score-%2B-flowbonus-per-trade.md,200,text/markdown; charset=utf-8,24834,a2b75f8958667264a4b6f929bac07d9709d89dbee507b2855a9d7baa66ecb7f8,docs.skylit.ai/api-reference/flow/raw-flow-feed-for-a-ticker-flow-score-+-flowbonus-per-trade.md
https://docs.skylit.ai/api-reference/underlying/intraday-chart-bars-for-a-ticker.md,https://docs.skylit.ai/api-reference/underlying/intraday-chart-bars-for-a-ticker.md,200,text/markdown; charset=utf-8,12925,b3e2b2dd3f6810a49eea53a02a4ed0fdac3696508f34f4c7e7fec18d8e5ed5da,docs.skylit.ai/api-reference/underlying/intraday-chart-bars-for-a-ticker.md
https://docs.skylit.ai/flowseeker/overview.md,https://docs.skylit.ai/flowseeker/overview.md,200,text/markdown; charset=utf-8,26349,a35625aae3258244a255a9ce2398c458af0365bd820a54422ced94ec543719b5,docs.skylit.ai/flowseeker/overview.md
https://docs.skylit.ai/api-reference/ratios/chain-level-callput-aware-bullbear-pressure.md,https://docs.skylit.ai/api-reference/ratios/chain-level-callput-aware-bullbear-pressure.md,200,text/markdown; charset=utf-8,15703,1db8aa0cdc2c1ef63c476c543c797d36a5815efe60384bfc8c8e177e90132acf,docs.skylit.ai/api-reference/ratios/chain-level-callput-aware-bullbear-pressure.md
https://docs.skylit.ai/mcp/quickstart.md,https://docs.skylit.ai/mcp/quickstart.md,200,text/markdown; charset=utf-8,4920,446972658e0aa94a7d31ebcef4f34bc0ff92d8f53125b22660847c2d42567c05,docs.skylit.ai/mcp/quickstart.md
https://docs.skylit.ai/api-reference/flow/live-momentum-signal-vs-baseline-5m-30m-1h-windows.md,https://docs.skylit.ai/api-reference/flow/live-momentum-signal-vs-baseline-5m-30m-1h-windows.md,200,text/markdown; charset=utf-8,15107,e56a552a65c913f4a69e8c52d507b97a7c92724428c13642a6b3c24fd06af47a,docs.skylit.ai/api-reference/flow/live-momentum-signal-vs-baseline-5m-30m-1h-windows.md
https://docs.skylit.ai/api-reference/flow/aggregate-flow-over-an-arbitrary-%5Bstart-end%5D-window.md,https://docs.skylit.ai/api-reference/flow/aggregate-flow-over-an-arbitrary-%5Bstart-end%5D-window.md,200,text/markdown; charset=utf-8,16758,c190b4e18dcd7ddd506b1b8b03337cfceae71e215d574e2729a19ec1650fc3d2,docs.skylit.ai/api-reference/flow/aggregate-flow-over-an-arbitrary-[start-end]-window.md
https://docs.skylit.ai/api-reference/heatmap/replay-per-strike-heatmap-at-a-past-instant-one-or-more-symbols.md,https://docs.skylit.ai/api-reference/heatmap/replay-per-strike-heatmap-at-a-past-instant-one-or-more-symbols.md,200,text/markdown; charset=utf-8,11866,b76773246303b94a5f2d1fb8fc897d56a00564752e225e9b4159412f8fd301f0,docs.skylit.ai/api-reference/heatmap/replay-per-strike-heatmap-at-a-past-instant-one-or-more-symbols.md
https://docs.skylit.ai/api-reference/underlying/list-underlyings-active-on-a-date.md,https://docs.skylit.ai/api-reference/underlying/list-underlyings-active-on-a-date.md,200,text/markdown; charset=utf-8,12269,fc00c4d66b7ced5936cef7e1d38626d11cb53b1fb883db6c7cc0de71f0619ba0,docs.skylit.ai/api-reference/underlying/list-underlyings-active-on-a-date.md
https://docs.skylit.ai/api-reference/introduction.md,https://docs.skylit.ai/api-reference/introduction.md,200,text/markdown; charset=utf-8,4453,d19944ce6bb14fa91e76b51320f0b133fe80512f324379978a96521309c0f7e1,docs.skylit.ai/api-reference/introduction.md
https://docs.skylit.ai/atlas/indicators/gex-vwap.md,https://docs.skylit.ai/atlas/indicators/gex-vwap.md,200,text/markdown; charset=utf-8,5035,4adb3e92d647a5365980f015dcf321d1915d8a6474307ad95726087a1fb0199b,docs.skylit.ai/atlas/indicators/gex-vwap.md
https://docs.skylit.ai/resources.md,https://docs.skylit.ai/resources.md,200,text/markdown; charset=utf-8,737,5aa08f4db16e278c0f8625bd752bacd4f513ccdaa4d4d574a4e1725ae17f15be,docs.skylit.ai/resources.md
https://docs.skylit.ai/api-reference/underlying/top-underlyings-by-trailing-5-day-flow.md,https://docs.skylit.ai/api-reference/underlying/top-underlyings-by-trailing-5-day-flow.md,200,text/markdown; charset=utf-8,12141,329330ea9809a5d6116d746cc7053bc29eb9dd9c2b29229110d74da332d39198,docs.skylit.ai/api-reference/underlying/top-underlyings-by-trailing-5-day-flow.md
https://docs.skylit.ai/api-reference/contract/contracts-with-unusual-relative-volume.md,https://docs.skylit.ai/api-reference/contract/contracts-with-unusual-relative-volume.md,200,text/markdown; charset=utf-8,16751,4cae676e01985ba8b06c99ba11b640e124351935894d53d412c9058f2e02694c,docs.skylit.ai/api-reference/contract/contracts-with-unusual-relative-volume.md
https://docs.skylit.ai/api-reference/contract/contracts-with-significant-oi-changes.md,https://docs.skylit.ai/api-reference/contract/contracts-with-significant-oi-changes.md,200,text/markdown; charset=utf-8,14190,37ba4e8d9da1ff85d1dd7dbd5b817ff95ad94599b9fcb9ccb8a29c25451b528e,docs.skylit.ai/api-reference/contract/contracts-with-significant-oi-changes.md
https://docs.skylit.ai/patternpedia/pattern-rug-setup.md,https://docs.skylit.ai/patternpedia/pattern-rug-setup.md,200,text/markdown; charset=utf-8,2687,184b15ab79123e4dc5c83401d79085cab35a6c90b1d97543ba05b1ea6018706c,docs.skylit.ai/patternpedia/pattern-rug-setup.md
https://docs.skylit.ai/api-reference/symbols/resolve-a-symbol.md,https://docs.skylit.ai/api-reference/symbols/resolve-a-symbol.md,200,text/markdown; charset=utf-8,10085,d166dc3eecd68de883d5507dc617fc23bef50dac3f4c9c392f99dded6a5a3a91,docs.skylit.ai/api-reference/symbols/resolve-a-symbol.md
https://docs.skylit.ai/api-reference/underlying/raw-enriched-trades-for-a-ticker.md,https://docs.skylit.ai/api-reference/underlying/raw-enriched-trades-for-a-ticker.md,200,text/markdown; charset=utf-8,17972,b8522addfedb2cfb8643db54c86a8be6c3172780df2c9087d55a533dbd5d9422,docs.skylit.ai/api-reference/underlying/raw-enriched-trades-for-a-ticker.md
https://docs.skylit.ai/patternpedia/the-ten-commandments-of-using-heatseeker.md,https://docs.skylit.ai/patternpedia/the-ten-commandments-of-using-heatseeker.md,200,text/markdown; charset=utf-8,1086,6644cb652e90835ead925977f2996d4780ae31ebe26d8c5bbce3c703b73c2869,docs.skylit.ai/patternpedia/the-ten-commandments-of-using-heatseeker.md
https://docs.skylit.ai/mcp/overview.md,https://docs.skylit.ai/mcp/overview.md,200,text/markdown; charset=utf-8,2988,d6bb9b16fe1034f55aacb41aecc345399ad71ba790ca2f46ac3f9f14f4d8e3e0,docs.skylit.ai/mcp/overview.md
https://docs.skylit.ai/mcp/tools.md,https://docs.skylit.ai/mcp/tools.md,200,text/markdown; charset=utf-8,11414,f1cf0ffbb113b94d6a5ca74b48facbb08fba437c49a684c9e7fdfbbedf71d144,docs.skylit.ai/mcp/tools.md
https://docs.skylit.ai/api-reference/meta/this-openapi-specification-as-json.md,https://docs.skylit.ai/api-reference/meta/this-openapi-specification-as-json.md,200,text/markdown; charset=utf-8,5864,6d56906bd1a86a4295b109963a821f3c8a5f6e8662fcfce3d28054c4127c34e6,docs.skylit.ai/api-reference/meta/this-openapi-specification-as-json.md
https://docs.skylit.ai/atlas/indicators/volume-profile.md,https://docs.skylit.ai/atlas/indicators/volume-profile.md,200,text/markdown; charset=utf-8,3843,b09ec1b4ba72d8c7974fd1f2297035304d1f1d35f1e82129b25cf906760848ff,docs.skylit.ai/atlas/indicators/volume-profile.md
https://docs.skylit.ai/patternpedia/pattern-the-gatekeeper.md,https://docs.skylit.ai/patternpedia/pattern-the-gatekeeper.md,200,text/markdown; charset=utf-8,2394,1058614d89764eed8a878c76e1d70a4c900879ede9cb2a84f97e6b1521fca17c,docs.skylit.ai/patternpedia/pattern-the-gatekeeper.md
https://docs.skylit.ai/limitations.md,https://docs.skylit.ai/limitations.md,200,text/markdown; charset=utf-8,3266,370dbd4422601bdc68d5e5bac430b147e03840905d064fc5422192ceb6abbc40,docs.skylit.ai/limitations.md
https://docs.skylit.ai/help-page/general-information.md,https://docs.skylit.ai/help-page/general-information.md,200,text/markdown; charset=utf-8,601,2c9317ee8e4b9582d5cbdb393b37735de2fee158b1ae8941569ceddc44b0da89,docs.skylit.ai/help-page/general-information.md
https://docs.skylit.ai/help-page/video-links.md,https://docs.skylit.ai/help-page/video-links.md,200,text/markdown; charset=utf-8,1139,9c67ede5d0097e8a88166c6968339abc619a12f09e77a471f537fa0208438374,docs.skylit.ai/help-page/video-links.md
https://docs.skylit.ai/atlas/indicators/cvd.md,https://docs.skylit.ai/atlas/indicators/cvd.md,200,text/markdown; charset=utf-8,3708,de0cadb47f10e9cb8bf49cc9235bda6d61c6f5b339f89cad99d1c2897e96039b,docs.skylit.ai/atlas/indicators/cvd.md
https://docs.skylit.ai/help-page/useful-threads.md,https://docs.skylit.ai/help-page/useful-threads.md,200,text/markdown; charset=utf-8,2198,f07478252a77c985df48d69d6f1cb1891c2182e6a3d445af4bc1a2ad5bf04852,docs.skylit.ai/help-page/useful-threads.md
https://docs.skylit.ai/api-reference/market/market-wide-flow-overview-for-the-current-trading-day.md,https://docs.skylit.ai/api-reference/market/market-wide-flow-overview-for-the-current-trading-day.md,200,text/markdown; charset=utf-8,13877,c27f26c044ec6b4474ebdb245045a8f598e3f465e94122c531aaef0969e35b2d,docs.skylit.ai/api-reference/market/market-wide-flow-overview-for-the-current-trading-day.md
https://docs.skylit.ai/faqs.md,https://docs.skylit.ai/faqs.md,200,text/markdown; charset=utf-8,4119,bbda351bc4888c95b22624effd95d7eb66f04486d2b4ee06b72ae3274efe8ebe,docs.skylit.ai/faqs.md
https://docs.skylit.ai/api-reference/history/ohlcv-price-bars-for-a-symbol-and-resolution.md,https://docs.skylit.ai/api-reference/history/ohlcv-price-bars-for-a-symbol-and-resolution.md,200,text/markdown; charset=utf-8,12564,ec21869f129443bd1447f3eb0705cb3b86c4e586d5ca8bfcf584528f5e4c7028,docs.skylit.ai/api-reference/history/ohlcv-price-bars-for-a-symbol-and-resolution.md
https://docs.skylit.ai/api-reference/sector/sector-or-industry-level-flow-aggregation.md,https://docs.skylit.ai/api-reference/sector/sector-or-industry-level-flow-aggregation.md,200,text/markdown; charset=utf-8,15323,ca65661a54858d222304c336edaea140b6794ea6e3046e386f45a394c1bffad5,docs.skylit.ai/api-reference/sector/sector-or-industry-level-flow-aggregation.md
https://docs.skylit.ai/api-reference/authentication.md,https://docs.skylit.ai/api-reference/authentication.md,200,text/markdown; charset=utf-8,3356,7944ad78067a824233dbbd167e2413f283cd8d4b3d438f05a2e27129f5118b46,docs.skylit.ai/api-reference/authentication.md
https://docs.skylit.ai/api-reference/contract/raw-enriched-trades-for-a-contract.md,https://docs.skylit.ai/api-reference/contract/raw-enriched-trades-for-a-contract.md,200,text/markdown; charset=utf-8,17341,51b951cf6556790032e0038eed8d1c2897e1308c9668d7011ba5601a7b749824,docs.skylit.ai/api-reference/contract/raw-enriched-trades-for-a-contract.md
https://docs.skylit.ai/api-reference/underlying/option-chain-snapshot.md,https://docs.skylit.ai/api-reference/underlying/option-chain-snapshot.md,200,text/markdown; charset=utf-8,13006,e0a27834d77ca5f121d03bdd24ac99e573001ff6a4f2699fbdacb6b5fa8e4f0c,docs.skylit.ai/api-reference/underlying/option-chain-snapshot.md
https://docs.skylit.ai/atlas/overview.md,https://docs.skylit.ai/atlas/overview.md,200,text/markdown; charset=utf-8,19397,d6614ee291a845d709d049e49df8ad5d74524fc3fc044447c54c57e53e95bf35,docs.skylit.ai/atlas/overview.md
https://docs.skylit.ai/mcp/examples.md,https://docs.skylit.ai/mcp/examples.md,200,text/markdown; charset=utf-8,3124,ead43f96aca9db78f048429420595519c11ff598d0f800022b01f4a68368a8ea,docs.skylit.ai/mcp/examples.md
https://docs.skylit.ai/atlas/indicators/vwap.md,https://docs.skylit.ai/atlas/indicators/vwap.md,200,text/markdown; charset=utf-8,3645,4bdef9f27f1c1750284313a8e5aed6a30ce10dedec06193dfa20b37e81bc02bd,docs.skylit.ai/atlas/indicators/vwap.md
https://docs.skylit.ai/api-reference/underlying/relative-volume-bars-for-a-ticker.md,https://docs.skylit.ai/api-reference/underlying/relative-volume-bars-for-a-ticker.md,200,text/markdown; charset=utf-8,14502,4f728179a3689173d6a18b58c284b149eb18690417fb7d3a890c49aac57aac32,docs.skylit.ai/api-reference/underlying/relative-volume-bars-for-a-ticker.md
https://docs.skylit.ai/api-reference/underlying/top-underlyings-by-daily-flow.md,https://docs.skylit.ai/api-reference/underlying/top-underlyings-by-daily-flow.md,200,text/markdown; charset=utf-8,12264,1949b39679fef04f6b1254c59f01bd77250e0e06a431e4d829158c43301fb1a9,docs.skylit.ai/api-reference/underlying/top-underlyings-by-daily-flow.md
https://docs.skylit.ai/api-reference/contract/bulk-contract-stats-for-a-list-of-symbols.md,https://docs.skylit.ai/api-reference/contract/bulk-contract-stats-for-a-list-of-symbols.md,200,text/markdown; charset=utf-8,12463,0e414a6bac7aca738f011bbc0aab5233ae65af99697b4ef9576953669372f39b,docs.skylit.ai/api-reference/contract/bulk-contract-stats-for-a-list-of-symbols.md
https://docs.skylit.ai/api-reference/flow/trailing-per-time-of-day-flow-baseline-avg-%2B-stddev.md,https://docs.skylit.ai/api-reference/flow/trailing-per-time-of-day-flow-baseline-avg-%2B-stddev.md,200,text/markdown; charset=utf-8,14566,43cfb94e8544850a8436c9824ed0bc97eba57ea861e0382631e5f54c6d6b009c,docs.skylit.ai/api-reference/flow/trailing-per-time-of-day-flow-baseline-avg-+-stddev.md
https://docs.skylit.ai/core-concepts.md,https://docs.skylit.ai/core-concepts.md,200,text/markdown; charset=utf-8,15962,ec280bdde0fb5b3a0ce08fb4d584532cba0bb91a0c05635851762cf1fde9fcba,docs.skylit.ai/core-concepts.md
https://docs.skylit.ai/images/EpUMB66g2huxfsc33DQC.png,https://docs.skylit.ai/images/EpUMB66g2huxfsc33DQC.png,200,image/png,303034,e22271c87ecaac41d82b1f804969db4f1846a8546b33683fd1ade237700dd1d9,docs.skylit.ai/images/EpUMB66g2huxfsc33DQC.png
https://docs.skylit.ai/images/upwoGJossFLgTEYnyxpJ.png,https://docs.skylit.ai/images/upwoGJossFLgTEYnyxpJ.png,200,image/png,285575,13fead782b0dff53b0a07f4b8b5163436d48a16e3ac033eb7e5451c9b7addee1,docs.skylit.ai/images/upwoGJossFLgTEYnyxpJ.png
https://docs.skylit.ai/images/r723vFxiWf03PcgDdUV3.png,https://docs.skylit.ai/images/r723vFxiWf03PcgDdUV3.png,200,image/png,232608,75ca6221d02ed63a31371ebba1be8b545ceae6a0bda538ddbf7700fd1da5853e,docs.skylit.ai/images/r723vFxiWf03PcgDdUV3.png
https://docs.skylit.ai/images/wbm7WmEhJLPQaSIyqlV9.png,https://docs.skylit.ai/images/wbm7WmEhJLPQaSIyqlV9.png,200,image/png,655994,d7530a4e44332b79401d4ad265afcb43f77d20aeef10f11c21e4ca5a128152fa,docs.skylit.ai/images/wbm7WmEhJLPQaSIyqlV9.png
https://docs.skylit.ai/images/qNWj5uIKynTCaBRsOYTZ.png,https://docs.skylit.ai/images/qNWj5uIKynTCaBRsOYTZ.png,200,image/png,542163,1a0cf9538588e44bf0303c707a9daf03c3fec261c539d1d640100857defc6a36,docs.skylit.ai/images/qNWj5uIKynTCaBRsOYTZ.png
https://docs.skylit.ai/images/peiie1TveeK5dwCLiqSs.png,https://docs.skylit.ai/images/peiie1TveeK5dwCLiqSs.png,200,image/png,473595,c96ccb0f3178a3701e06ceb84f1dd13deac0a7bb7840c4a377e9ce45b6fd25db,docs.skylit.ai/images/peiie1TveeK5dwCLiqSs.png
https://docs.skylit.ai/images/ajXHoQmbL5aZabcIOmIk.png,https://docs.skylit.ai/images/ajXHoQmbL5aZabcIOmIk.png,200,image/png,363618,9d389c1ca437aa41936dcd4908ffa46d4cc3680abeb2b363258d9353b68fdebb,docs.skylit.ai/images/ajXHoQmbL5aZabcIOmIk.png
https://docs.skylit.ai/images/gTXR8R1CducHHN8VhOm6.png,https://docs.skylit.ai/images/gTXR8R1CducHHN8VhOm6.png,200,image/png,185479,32bad32b57c98c3168cf7a4d4930ba43ffcbbb95e2c3b3a6d0727a10e66c60ff,docs.skylit.ai/images/gTXR8R1CducHHN8VhOm6.png
https://docs.skylit.ai/images/MptX1Ms26wU8XycbxmoR.png,https://docs.skylit.ai/images/MptX1Ms26wU8XycbxmoR.png,200,image/png,772141,32d21f180cee4ec66a650f9bbfcc222d3fa5e9fc5129adad71fbb436e5b66807,docs.skylit.ai/images/MptX1Ms26wU8XycbxmoR.png
https://docs.skylit.ai/images/ZyhG1rCjXZDHPcCnoVYZ.png,https://docs.skylit.ai/images/ZyhG1rCjXZDHPcCnoVYZ.png,200,image/png,128468,beb2b8d7b791f449ffaa723263943b8125a83a9eed7c4e389ae21fa366ab4918,docs.skylit.ai/images/ZyhG1rCjXZDHPcCnoVYZ.png
https://docs.skylit.ai/images/qLLoJh0AzFwuvTz4gtEM.png,https://docs.skylit.ai/images/qLLoJh0AzFwuvTz4gtEM.png,200,image/png,622325,f6848b1f14155d6277485a6e95ec7cc7b3a102028f5563ec5b65d47b4795116e,docs.skylit.ai/images/qLLoJh0AzFwuvTz4gtEM.png
https://docs.skylit.ai/images/3xyQFQFDCq7aYqCgvMhx.png,https://docs.skylit.ai/images/3xyQFQFDCq7aYqCgvMhx.png,200,image/png,606341,2d7bff9cbd7bf5077e164ac3fe48e6a3064d85ac87722923f83e61e78fa1cb42,docs.skylit.ai/images/3xyQFQFDCq7aYqCgvMhx.png
https://docs.skylit.ai/images/rUAkBFIjBQb5k7gZTMOD.png,https://docs.skylit.ai/images/rUAkBFIjBQb5k7gZTMOD.png,200,image/png,250170,1d5c0e91599c4ac430bd17914d219ec0931e00c34b6e5669a3ccf763256a67d4,docs.skylit.ai/images/rUAkBFIjBQb5k7gZTMOD.png
https://docs.skylit.ai/images/X4bu2hHk5ZrCTbxeAlGL.png,https://docs.skylit.ai/images/X4bu2hHk5ZrCTbxeAlGL.png,200,image/png,346600,b00d58d900f110dd61befe5bf27dd022acf359fe17dbd95fb10b58365831f2a0,docs.skylit.ai/images/X4bu2hHk5ZrCTbxeAlGL.png
https://docs.skylit.ai/images/PCH2tuMunfa5tWOTvj52.png,https://docs.skylit.ai/images/PCH2tuMunfa5tWOTvj52.png,200,image/png,498204,03712ece31d7a1a62639d55533a805debb60613088f71018063593325dd2cb07,docs.skylit.ai/images/PCH2tuMunfa5tWOTvj52.png
https://docs.skylit.ai/images/sYf7AGHqoZ9tBlKG67oi.png,https://docs.skylit.ai/images/sYf7AGHqoZ9tBlKG67oi.png,200,image/png,312729,f3c48703f770b19a7dc2b2f2dfb50975d83a7e449e11a5d206ef833f0eba260c,docs.skylit.ai/images/sYf7AGHqoZ9tBlKG67oi.png
https://docs.skylit.ai/atlas/indicators/tpo.md,https://docs.skylit.ai/atlas/indicators/tpo.md,200,text/markdown; charset=utf-8,5930,8b6b3505a991be05b4582cf65f62c8df6408247849f146cb9eede7333478abf6,docs.skylit.ai/atlas/indicators/tpo.md
https://docs.skylit.ai/api-reference/symbols/search-symbols.md,https://docs.skylit.ai/api-reference/symbols/search-symbols.md,200,text/markdown; charset=utf-8,8006,cd5d7978ac89167fd430562e985fefbb1aacd5654bc38794d849b5dbbd21785a,docs.skylit.ai/api-reference/symbols/search-symbols.md
https://docs.skylit.ai/intended-audience.md,https://docs.skylit.ai/intended-audience.md,200,text/markdown; charset=utf-8,1186,3f2781922cee3778b4671e5af2296b3d711ba12ce1f82bdaaae4c5d02524fdf4,docs.skylit.ai/intended-audience.md
https://docs.skylit.ai/api-reference/underlying/premium-volume-by-strike.md,https://docs.skylit.ai/api-reference/underlying/premium-volume-by-strike.md,200,text/markdown; charset=utf-8,13238,e87a94527b80cd29e45ab455df1874f4f2a0b4fc72a841de14f20fd1709dd2f2,docs.skylit.ai/api-reference/underlying/premium-volume-by-strike.md
https://docs.skylit.ai/patternpedia/pattern-rainbow-road.md,https://docs.skylit.ai/patternpedia/pattern-rainbow-road.md,200,text/markdown; charset=utf-8,2031,75f427cb60f739a5d64441131d286ee6455e95f3ecedc2b7bae30c3ac4d36765,docs.skylit.ai/patternpedia/pattern-rainbow-road.md
https://docs.skylit.ai/patternpedia/pattern-trend.md,https://docs.skylit.ai/patternpedia/pattern-trend.md,200,text/markdown; charset=utf-8,2616,9626b200e395c04acd4e1a215678888b90571fad82fdf04401455f181b808920,docs.skylit.ai/patternpedia/pattern-trend.md
https://docs.skylit.ai/api-reference/ratios/per-contract-bidaskmid-distribution.md,https://docs.skylit.ai/api-reference/ratios/per-contract-bidaskmid-distribution.md,200,text/markdown; charset=utf-8,15078,41ec2036fa6138314a4f9bc6fb70d2e4e65c2bc85409a46bb920f1090b89132e,docs.skylit.ai/api-reference/ratios/per-contract-bidaskmid-distribution.md
https://docs.skylit.ai/atlas/drawing-presets.md,https://docs.skylit.ai/atlas/drawing-presets.md,200,text/markdown; charset=utf-8,7921,b4cc8473acd02cf5b2b0acd807f22d12635379179bf332b46bec7df3968a6fe2,docs.skylit.ai/atlas/drawing-presets.md
https://docs.skylit.ai/nexus/overview.md,https://docs.skylit.ai/nexus/overview.md,200,text/markdown; charset=utf-8,553,4f888486423ea876b4d75e43dd53e14b667f0b2bf9151a68179c837b8a0615c3,docs.skylit.ai/nexus/overview.md
https://docs.skylit.ai/api-reference/flow/strike-level-flow-concentration.md,https://docs.skylit.ai/api-reference/flow/strike-level-flow-concentration.md,200,text/markdown; charset=utf-8,15648,e38a2551545a8e00a7f713a74ef199dada8a2a54b00c3a01de6243c62c35bd6d,docs.skylit.ai/api-reference/flow/strike-level-flow-concentration.md
https://docs.skylit.ai/api-reference/analytics/aggregate-sentiment-scoring-across-timeframes-vwf-sdf-fir-composite.md,https://docs.skylit.ai/api-reference/analytics/aggregate-sentiment-scoring-across-timeframes-vwf-sdf-fir-composite.md,200,text/markdown; charset=utf-8,18694,a05941472f529548349ba4f17d84923890366037cf7a540ee428d05fa3186c54,docs.skylit.ai/api-reference/analytics/aggregate-sentiment-scoring-across-timeframes-vwf-sdf-fir-composite.md
https://docs.skylit.ai/patternpedia/case-study-speculative-and-decoy-nodes.md,https://docs.skylit.ai/patternpedia/case-study-speculative-and-decoy-nodes.md,200,text/markdown; charset=utf-8,2994,541324ae93c0346614afb9222849f0a6928caec688b22e78147f247419c0ada5,docs.skylit.ai/patternpedia/case-study-speculative-and-decoy-nodes.md
https://docs.skylit.ai/api-reference/contract/relative-volume-bars-for-a-contract.md,https://docs.skylit.ai/api-reference/contract/relative-volume-bars-for-a-contract.md,200,text/markdown; charset=utf-8,14069,ffc008566db2a5e90527891e3482606fc3e9050d884092722073b480bdad3264,docs.skylit.ai/api-reference/contract/relative-volume-bars-for-a-contract.md
https://docs.skylit.ai/api-reference/dark-pool/paginated-off-exchange-trf-prints.md,https://docs.skylit.ai/api-reference/dark-pool/paginated-off-exchange-trf-prints.md,200,text/markdown; charset=utf-8,17901,65fca4ed6956e5f2b430c99b6859d820ae6e924169af741411ae9f341785859c,docs.skylit.ai/api-reference/dark-pool/paginated-off-exchange-trf-prints.md
https://docs.skylit.ai/common-pitfalls-and-mistakes.md,https://docs.skylit.ai/common-pitfalls-and-mistakes.md,200,text/markdown; charset=utf-8,3665,df55bbd15b042abd2853f2575ad35a104b2720f2493874cfee53682d9ca4458d,docs.skylit.ai/common-pitfalls-and-mistakes.md
https://docs.skylit.ai/api-reference/contract/intraday-chart-bars-for-a-contract.md,https://docs.skylit.ai/api-reference/contract/intraday-chart-bars-for-a-contract.md,200,text/markdown; charset=utf-8,13708,99abe8581af92b6655a8396bd002ba9e679ef99be9d8d02bb15f7089d0b6d896,docs.skylit.ai/api-reference/contract/intraday-chart-bars-for-a-contract.md
https://docs.skylit.ai/api-reference/dark-pool/largest-individual-dark-pool-prints-for-a-ticker.md,https://docs.skylit.ai/api-reference/dark-pool/largest-individual-dark-pool-prints-for-a-ticker.md,200,text/markdown; charset=utf-8,13746,9db647068ce7c162b3b8876665f4fc4eb572a3b9c378439d65babd5baf3fd300,docs.skylit.ai/api-reference/dark-pool/largest-individual-dark-pool-prints-for-a-ticker.md
https://docs.skylit.ai/api-reference/contract/daily-history-for-a-contract.md,https://docs.skylit.ai/api-reference/contract/daily-history-for-a-contract.md,200,text/markdown; charset=utf-8,12700,1aa0449d4b5fb248bb6d5fea554d5d07dae1e00be188447758e08121d1ecd2a6,docs.skylit.ai/api-reference/contract/daily-history-for-a-contract.md
https://docs.skylit.ai/api-reference/underlying/list-traded-expirations-for-a-ticker.md,https://docs.skylit.ai/api-reference/underlying/list-traded-expirations-for-a-ticker.md,200,text/markdown; charset=utf-8,10676,cf0a485e4568e14f0c81a6547802ee8666c4fda49a4909ea35995a36ca010646,docs.skylit.ai/api-reference/underlying/list-traded-expirations-for-a-ticker.md
https://docs.skylit.ai/best-practices.md,https://docs.skylit.ai/best-practices.md,200,text/markdown; charset=utf-8,4982,0db1ac4a8f3ee464c2b9a379c84fbd68dd2674b53bf5513904cf20acd9266736,docs.skylit.ai/best-practices.md
https://docs.skylit.ai/images/vNoErA3qffYgPdTVTzxt.png,https://docs.skylit.ai/images/vNoErA3qffYgPdTVTzxt.png,200,image/png,200829,328dbc338e56b7f2101f3246bd21658b0609973d0077753301435cb99ce03d07,docs.skylit.ai/images/vNoErA3qffYgPdTVTzxt.png
https://docs.skylit.ai/api-reference/market/market-wide-breadth-advancedecline-and-sector-rotation.md,https://docs.skylit.ai/api-reference/market/market-wide-breadth-advancedecline-and-sector-rotation.md,200,text/markdown; charset=utf-8,15306,66f81d6836bff95f3702ad5efe3d66b901ba79a00d4fb2eb8bc4f3fdf2d8a64f,docs.skylit.ai/api-reference/market/market-wide-breadth-advancedecline-and-sector-rotation.md
https://docs.skylit.ai/how-to-read-and-use-heatseeker.md,https://docs.skylit.ai/how-to-read-and-use-heatseeker.md,200,text/markdown; charset=utf-8,4325,225a0a3a96d46fedc7dc9a58e7ed91b66888d292903187efdc0f9af02fc8e009,docs.skylit.ai/how-to-read-and-use-heatseeker.md
https://docs.skylit.ai/api-reference/contract/top-contracts-by-daily-flow.md,https://docs.skylit.ai/api-reference/contract/top-contracts-by-daily-flow.md,200,text/markdown; charset=utf-8,15091,87e644ea4c434be7f9693b9db48b5698853c93c114b33b88eaba97ff3643909a,docs.skylit.ai/api-reference/contract/top-contracts-by-daily-flow.md
https://docs.skylit.ai/api-reference/meta/server-time.md,https://docs.skylit.ai/api-reference/meta/server-time.md,200,text/markdown; charset=utf-8,4581,94f46ae8ff874f2cee741e713f411dd4bf38685b96cc8bdfe520172e6ca1f594,docs.skylit.ai/api-reference/meta/server-time.md
https://docs.skylit.ai/patternpedia/pattern-the-whipsaw.md,https://docs.skylit.ai/patternpedia/pattern-the-whipsaw.md,200,text/markdown; charset=utf-8,2062,b3d5a7f05589403eb4154663d511b516276ed8e2d160a56bd768eba8648f2dde,docs.skylit.ai/patternpedia/pattern-the-whipsaw.md
https://docs.skylit.ai/examples-and-case-studies.md,https://docs.skylit.ai/examples-and-case-studies.md,200,text/markdown; charset=utf-8,4864,32c50663940f6cad1e068b5c2ba9b9bfc184ecc540cba185a3ec8d9881ff633f,docs.skylit.ai/examples-and-case-studies.md
https://docs.skylit.ai/images/qPTgmPbZcM4UpduoCKek.png,https://docs.skylit.ai/images/qPTgmPbZcM4UpduoCKek.png,200,image/png,69700,4f3a5b1323342b159a5e59850e8221b7736b90b38a8e288b4c2d64127eb172dd,docs.skylit.ai/images/qPTgmPbZcM4UpduoCKek.png
https://docs.skylit.ai/images/O1FTVC1oGgY3HDJqjEwr.png,https://docs.skylit.ai/images/O1FTVC1oGgY3HDJqjEwr.png,200,image/png,265027,4ba438f0e29ba0af3a51262a2b9c4194cb502cc315c0321a288e6637649adcd4,docs.skylit.ai/images/O1FTVC1oGgY3HDJqjEwr.png
https://docs.skylit.ai/images/YfKERLC8jpfnwhCtOKif.png,https://docs.skylit.ai/images/YfKERLC8jpfnwhCtOKif.png,200,image/png,252845,3e755fd048f0445f16bc94c3a98ac4cf4ea584f59f2ac2c04ed78c94d94e3ea5,docs.skylit.ai/images/YfKERLC8jpfnwhCtOKif.png
https://docs.skylit.ai/images/gVyjgLJHrNxCoUmhhUpd.png,https://docs.skylit.ai/images/gVyjgLJHrNxCoUmhhUpd.png,200,image/png,353681,4b800b9f192628680772b810c14fb574c5f2586e020de50fb72103cf680c00f5,docs.skylit.ai/images/gVyjgLJHrNxCoUmhhUpd.png
https://docs.skylit.ai/images/JGF2dFnSVPQRxs15Vl6R.png,https://docs.skylit.ai/images/JGF2dFnSVPQRxs15Vl6R.png,200,image/png,247256,e606189b98e5c0f9a0b5f0ccc60c6ef6b9c6e7ced26601dfef799ecf5a523bf8,docs.skylit.ai/images/JGF2dFnSVPQRxs15Vl6R.png
https://docs.skylit.ai/images/BGBaFN62lfwDCuFZVDKA.png,https://docs.skylit.ai/images/BGBaFN62lfwDCuFZVDKA.png,200,image/png,246396,240baa5755a9c64e30b07a8a7fa43c193cfbc431610b5f18e57466f36392f279,docs.skylit.ai/images/BGBaFN62lfwDCuFZVDKA.png
https://docs.skylit.ai/images/ezu7xyzhLSuLBrKapTti.png,https://docs.skylit.ai/images/ezu7xyzhLSuLBrKapTti.png,200,image/png,255312,38f5105876b5afff96316cc1713c29b54cfcfbea4836411cb046ddc4c11fc97f,docs.skylit.ai/images/ezu7xyzhLSuLBrKapTti.png
https://docs.skylit.ai/help-page/written-guides.md,https://docs.skylit.ai/help-page/written-guides.md,200,text/markdown; charset=utf-8,613,5dc9f2f0773d5ba6dbb4c4f07e33bf937af0ee99b66fb415b25c7d10a45bc538,docs.skylit.ai/help-page/written-guides.md
https://docs.skylit.ai/api-reference/underlying/premium-volume-by-expiration-for-a-strike.md,https://docs.skylit.ai/api-reference/underlying/premium-volume-by-expiration-for-a-strike.md,200,text/markdown; charset=utf-8,12647,81e172e378f77951e1837d0d71c442686ad83eb80b0986d5730b54e58e974ae6,docs.skylit.ai/api-reference/underlying/premium-volume-by-expiration-for-a-strike.md
https://docs.skylit.ai/api-reference/heatmap/live-per-strike-heatmap-one-or-more-symbols.md,https://docs.skylit.ai/api-reference/heatmap/live-per-strike-heatmap-one-or-more-symbols.md,200,text/markdown; charset=utf-8,11639,2fbf6f9cc1e9a90f742ed5f9a318876af17d83c2c95916ff0bd2403066a0650f,docs.skylit.ai/api-reference/heatmap/live-per-strike-heatmap-one-or-more-symbols.md
https://docs.skylit.ai/navigating-skylit-web-app.md,https://docs.skylit.ai/navigating-skylit-web-app.md,200,text/markdown; charset=utf-8,2818,251692de2125e3ce6c8731cbfc46b156264265ce6aaf60e2b28be1671a03bc3e,docs.skylit.ai/navigating-skylit-web-app.md
https://docs.skylit.ai/api-reference/scoring/detailed-scoring-for-a-single-trade.md,https://docs.skylit.ai/api-reference/scoring/detailed-scoring-for-a-single-trade.md,200,text/markdown; charset=utf-8,16347,8404de38eaa4346c9881d29047111e443a09f0d624b4ea0b2dba5a2f51fae4cc,docs.skylit.ai/api-reference/scoring/detailed-scoring-for-a-single-trade.md
https://docs.skylit.ai/api-reference/underlying/daily-stats-for-a-single-underlying.md,https://docs.skylit.ai/api-reference/underlying/daily-stats-for-a-single-underlying.md,200,text/markdown; charset=utf-8,12011,e22af13e9d0f1173b1c024dbb0ec87187dc055d963531070b3d4c8b9b9922269,docs.skylit.ai/api-reference/underlying/daily-stats-for-a-single-underlying.md
https://docs.skylit.ai/api-reference/underlying/bulk-underlying-stats-for-a-list-of-tickers.md,https://docs.skylit.ai/api-reference/underlying/bulk-underlying-stats-for-a-list-of-tickers.md,200,text/markdown; charset=utf-8,11856,11c320e33d0b896a999bc19156e217edf95a3ebd60df4bb205bc6c8e4ebe17d2,docs.skylit.ai/api-reference/underlying/bulk-underlying-stats-for-a-list-of-tickers.md
https://docs.skylit.ai/api-reference/underlying/daily-history-for-a-ticker.md,https://docs.skylit.ai/api-reference/underlying/daily-history-for-a-ticker.md,200,text/markdown; charset=utf-8,11212,2b6afe7a69feda0b03471ed1cefe24b2b8302b124ae7dbaea4cd9841bedf2fb3,docs.skylit.ai/api-reference/underlying/daily-history-for-a-ticker.md
https://docs.skylit.ai/api-reference/flow/todays-flow-vs-trailing-average-with-similar-days-lookback.md,https://docs.skylit.ai/api-reference/flow/todays-flow-vs-trailing-average-with-similar-days-lookback.md,200,text/markdown; charset=utf-8,15812,dc6f7f67d4908cef4e6833d342788862c7be3f69268abf5421fc077a2ef94fc5,docs.skylit.ai/api-reference/flow/todays-flow-vs-trailing-average-with-similar-days-lookback.md
https://docs.skylit.ai/api-reference/heatmap/live-sse-stream-one-symbol-per-connection.md,https://docs.skylit.ai/api-reference/heatmap/live-sse-stream-one-symbol-per-connection.md,200,text/markdown; charset=utf-8,9267,bd391ded35c801ed429c2f9aa260f13bc4e9e12ccee083f2e5551ed7da0bb10f,docs.skylit.ai/api-reference/heatmap/live-sse-stream-one-symbol-per-connection.md
