endpoint,file,position,context
/api/v1,/Volumes/EAGET/SKYLIT_RE/bundles/6514-bd56272b2716d98c.js,384088,"se=void 0})),await u(this.refreshPromise,t));let r=h(this.state.profile);return this.rememberProfileAuthHeader(r),r}isProfileAuthorizationHeader(e){return e===this.managedAuthorizationValue}async refreshOAuthToken(e){let t=this.state.profile.oauth?.refresh_token;if(!t)return;let r=o(this.state.profile.api_url)??i;try{var n;let i=new URLSearchParams({grant_type:""refresh_token"",client_id:""langsmith-cli"",refresh_token:t}),s=await e(`${function(e){let t=e;for(;t.endsWith(""/"");)t=t.slice(0,-1);let r=""/api/v1"";return t.endsWith(r)?t.slice(0,-r.length):t}(r)}/oauth/token`,{method:""POST"",headers:{""Content-Type"":""application/x-www-form-urlencoded""},body:i.toString(),signal:AbortSignal.timeout(1e4)});if(!s.ok)return;let o=await s.json();if(!o.access_token)return;n=this.state.profile,n.oauth??={},o.access_token&&(n.oauth.access_token=o.access_token),o.refresh_token&&(n.oauth.refresh_token=o.refresh_token),""number""==typeof o.expires_in&&o.expires_in>0&&(n.oauth.expires_at=new Date(Date.now()+1e3*o.expires_in).toISOString()),this.state.config.profiles??={},this.state.config.profiles[this.state.profileName]=this.state.profile,await a.Zf(this.state.configPath,`${JSON.stringify(this.state.config,null,2)}
`)}catch{return}}rememberProfileAuthHeader(e){this.managedAuthorizationValue=e?.name===""Authorization""?e.value:void 0}}function h(e){let t=o(e.oauth?.access_token);if(t)return{name:""Authorization"",value:`Bearer ${t}`};let r=o(e.api_key);if(r)return{name:""x-api-key"",value:r}}},78465:(e,t,r)=>{r.d(t,{S"
/api/data?,/Volumes/EAGET/SKYLIT_RE/bundles/988-7c66963a05bdd0b2.js,3650,"i.ee)(e),max_strikes:m.toString(),max_expirations:p.toString()});r?(y.set(""timestamp"",(function(t){let e=new Intl.DateTimeFormat(""en-US"",{timeZone:""America/New_York"",hour12:!1,hour:""2-digit"",minute:""2-digit"",second:""2-digit""}).formatToParts(t),a=t=>{var a;return null==(a=e.find(e=>e.type===t))?void 0:a.value};return""09""===a(""hour"")&&""30""===a(""minute"")&&""00""===a(""second"")?new Date(t.getTime()+6e4):t})(r).toISOString()),y.set(""v"",(0,n.N)())):y.set(""nocache"",Math.random().toString());let h=await t(""/api/data?"".concat(y));return h&&h.symbol&&(h.symbol=e),h},getHeatmapRange:async(e,a,r,s)=>{var o,c;let{strikeCount:d,expirationCount:u}=l.z3.getState(),m=new URLSearchParams({symbol:(0,i.ee)(e),from:a.toISOString(),to:r.toISOString(),v:(0,n.N)(),max_strikes:(null!=(o=null==s?void 0:s.maxStrikes)?o:d).toString(),max_expirations:(null!=(c=null==s?void 0:s.maxExpirations)?c:u).toString()});try{let a=await t(""/api/data/range?"".concat(m));return a&&a.symbol&&(a.symbol=e),a}catch(t){return null}},getSymbols:async()=>(await t(""/api/symbols"")).symbols},settingsAPI:{getSymbols:async()=>t(""/api/settings/symbols""),addSymbol:async e=>t(""/api/settings/symbols"",{method:""POST"",body:JSON.stringify(e)}),updateSymbol:async(e,a)=>t(""/api/settings/symbols/"".concat(e),{method:""PUT"",body:JSON.stringify(a)}),deleteSymbol:async e=>t(""/api/settings/symbols/"".concat(e),{method:""DELETE""}),getDiscordSettings:async()=>t(""/api/settings/discord""),updateDiscordSettings:async e=>t(""/api/settings/discord"",{method:""PUT"",body:JSON"
/api/data/range?,/Volumes/EAGET/SKYLIT_RE/bundles/988-7c66963a05bdd0b2.js,4060,"SOString()),y.set(""v"",(0,n.N)())):y.set(""nocache"",Math.random().toString());let h=await t(""/api/data?"".concat(y));return h&&h.symbol&&(h.symbol=e),h},getHeatmapRange:async(e,a,r,s)=>{var o,c;let{strikeCount:d,expirationCount:u}=l.z3.getState(),m=new URLSearchParams({symbol:(0,i.ee)(e),from:a.toISOString(),to:r.toISOString(),v:(0,n.N)(),max_strikes:(null!=(o=null==s?void 0:s.maxStrikes)?o:d).toString(),max_expirations:(null!=(c=null==s?void 0:s.maxExpirations)?c:u).toString()});try{let a=await t(""/api/data/range?"".concat(m));return a&&a.symbol&&(a.symbol=e),a}catch(t){return null}},getSymbols:async()=>(await t(""/api/symbols"")).symbols},settingsAPI:{getSymbols:async()=>t(""/api/settings/symbols""),addSymbol:async e=>t(""/api/settings/symbols"",{method:""POST"",body:JSON.stringify(e)}),updateSymbol:async(e,a)=>t(""/api/settings/symbols/"".concat(e),{method:""PUT"",body:JSON.stringify(a)}),deleteSymbol:async e=>t(""/api/settings/symbols/"".concat(e),{method:""DELETE""}),getDiscordSettings:async()=>t(""/api/settings/discord""),updateDiscordSettings:async e=>t(""/api/settings/discord"",{method:""PUT"",body:JSON.stringify({symbol:e.symbol,discord:{enabled:e.enabled,netGamma_webhooks:e.gamma_webhooks,netVanna_webhooks:e.vanna_webhooks}})}),getAPISettings:async()=>t(""/api/settings/api""),updateAPISettings:async e=>t(""/api/settings/api"",{method:""PUT"",body:JSON.stringify(e)}),testAPIKey:async()=>{try{return await t(""/api/test""),!0}catch(t){return!1}},getAlertsGlobalSettings:async()=>t(""/api/settings/alerts-global""),updateAle"
/api/symbols,/Volumes/EAGET/SKYLIT_RE/bundles/988-7c66963a05bdd0b2.js,4177,"urn h&&h.symbol&&(h.symbol=e),h},getHeatmapRange:async(e,a,r,s)=>{var o,c;let{strikeCount:d,expirationCount:u}=l.z3.getState(),m=new URLSearchParams({symbol:(0,i.ee)(e),from:a.toISOString(),to:r.toISOString(),v:(0,n.N)(),max_strikes:(null!=(o=null==s?void 0:s.maxStrikes)?o:d).toString(),max_expirations:(null!=(c=null==s?void 0:s.maxExpirations)?c:u).toString()});try{let a=await t(""/api/data/range?"".concat(m));return a&&a.symbol&&(a.symbol=e),a}catch(t){return null}},getSymbols:async()=>(await t(""/api/symbols"")).symbols},settingsAPI:{getSymbols:async()=>t(""/api/settings/symbols""),addSymbol:async e=>t(""/api/settings/symbols"",{method:""POST"",body:JSON.stringify(e)}),updateSymbol:async(e,a)=>t(""/api/settings/symbols/"".concat(e),{method:""PUT"",body:JSON.stringify(a)}),deleteSymbol:async e=>t(""/api/settings/symbols/"".concat(e),{method:""DELETE""}),getDiscordSettings:async()=>t(""/api/settings/discord""),updateDiscordSettings:async e=>t(""/api/settings/discord"",{method:""PUT"",body:JSON.stringify({symbol:e.symbol,discord:{enabled:e.enabled,netGamma_webhooks:e.gamma_webhooks,netVanna_webhooks:e.vanna_webhooks}})}),getAPISettings:async()=>t(""/api/settings/api""),updateAPISettings:async e=>t(""/api/settings/api"",{method:""PUT"",body:JSON.stringify(e)}),testAPIKey:async()=>{try{return await t(""/api/test""),!0}catch(t){return!1}},getAlertsGlobalSettings:async()=>t(""/api/settings/alerts-global""),updateAlertsGlobalSettings:async e=>t(""/api/settings/alerts-global"",{method:""PUT"",body:JSON.stringify({alerts_enabled:e})}"
/api/settings/symbols,/Volumes/EAGET/SKYLIT_RE/bundles/988-7c66963a05bdd0b2.js,4238,"s)=>{var o,c;let{strikeCount:d,expirationCount:u}=l.z3.getState(),m=new URLSearchParams({symbol:(0,i.ee)(e),from:a.toISOString(),to:r.toISOString(),v:(0,n.N)(),max_strikes:(null!=(o=null==s?void 0:s.maxStrikes)?o:d).toString(),max_expirations:(null!=(c=null==s?void 0:s.maxExpirations)?c:u).toString()});try{let a=await t(""/api/data/range?"".concat(m));return a&&a.symbol&&(a.symbol=e),a}catch(t){return null}},getSymbols:async()=>(await t(""/api/symbols"")).symbols},settingsAPI:{getSymbols:async()=>t(""/api/settings/symbols""),addSymbol:async e=>t(""/api/settings/symbols"",{method:""POST"",body:JSON.stringify(e)}),updateSymbol:async(e,a)=>t(""/api/settings/symbols/"".concat(e),{method:""PUT"",body:JSON.stringify(a)}),deleteSymbol:async e=>t(""/api/settings/symbols/"".concat(e),{method:""DELETE""}),getDiscordSettings:async()=>t(""/api/settings/discord""),updateDiscordSettings:async e=>t(""/api/settings/discord"",{method:""PUT"",body:JSON.stringify({symbol:e.symbol,discord:{enabled:e.enabled,netGamma_webhooks:e.gamma_webhooks,netVanna_webhooks:e.vanna_webhooks}})}),getAPISettings:async()=>t(""/api/settings/api""),updateAPISettings:async e=>t(""/api/settings/api"",{method:""PUT"",body:JSON.stringify(e)}),testAPIKey:async()=>{try{return await t(""/api/test""),!0}catch(t){return!1}},getAlertsGlobalSettings:async()=>t(""/api/settings/alerts-global""),updateAlertsGlobalSettings:async e=>t(""/api/settings/alerts-global"",{method:""PUT"",body:JSON.stringify({alerts_enabled:e})}),getNexusMarketDataSettings:async()=>t(""/api/settings/nexus-market-da"
/api/settings/symbols/,/Volumes/EAGET/SKYLIT_RE/bundles/988-7c66963a05bdd0b2.js,4375,"SOString(),v:(0,n.N)(),max_strikes:(null!=(o=null==s?void 0:s.maxStrikes)?o:d).toString(),max_expirations:(null!=(c=null==s?void 0:s.maxExpirations)?c:u).toString()});try{let a=await t(""/api/data/range?"".concat(m));return a&&a.symbol&&(a.symbol=e),a}catch(t){return null}},getSymbols:async()=>(await t(""/api/symbols"")).symbols},settingsAPI:{getSymbols:async()=>t(""/api/settings/symbols""),addSymbol:async e=>t(""/api/settings/symbols"",{method:""POST"",body:JSON.stringify(e)}),updateSymbol:async(e,a)=>t(""/api/settings/symbols/"".concat(e),{method:""PUT"",body:JSON.stringify(a)}),deleteSymbol:async e=>t(""/api/settings/symbols/"".concat(e),{method:""DELETE""}),getDiscordSettings:async()=>t(""/api/settings/discord""),updateDiscordSettings:async e=>t(""/api/settings/discord"",{method:""PUT"",body:JSON.stringify({symbol:e.symbol,discord:{enabled:e.enabled,netGamma_webhooks:e.gamma_webhooks,netVanna_webhooks:e.vanna_webhooks}})}),getAPISettings:async()=>t(""/api/settings/api""),updateAPISettings:async e=>t(""/api/settings/api"",{method:""PUT"",body:JSON.stringify(e)}),testAPIKey:async()=>{try{return await t(""/api/test""),!0}catch(t){return!1}},getAlertsGlobalSettings:async()=>t(""/api/settings/alerts-global""),updateAlertsGlobalSettings:async e=>t(""/api/settings/alerts-global"",{method:""PUT"",body:JSON.stringify({alerts_enabled:e})}),getNexusMarketDataSettings:async()=>t(""/api/settings/nexus-market-data""),updateNexusMarketDataSettings:async e=>t(""/api/settings/nexus-market-data"",{method:""PUT"",body:JSON.stringify({nexus_market_data_enabl"
/api/settings/discord,/Volumes/EAGET/SKYLIT_RE/bundles/988-7c66963a05bdd0b2.js,4557," t(""/api/data/range?"".concat(m));return a&&a.symbol&&(a.symbol=e),a}catch(t){return null}},getSymbols:async()=>(await t(""/api/symbols"")).symbols},settingsAPI:{getSymbols:async()=>t(""/api/settings/symbols""),addSymbol:async e=>t(""/api/settings/symbols"",{method:""POST"",body:JSON.stringify(e)}),updateSymbol:async(e,a)=>t(""/api/settings/symbols/"".concat(e),{method:""PUT"",body:JSON.stringify(a)}),deleteSymbol:async e=>t(""/api/settings/symbols/"".concat(e),{method:""DELETE""}),getDiscordSettings:async()=>t(""/api/settings/discord""),updateDiscordSettings:async e=>t(""/api/settings/discord"",{method:""PUT"",body:JSON.stringify({symbol:e.symbol,discord:{enabled:e.enabled,netGamma_webhooks:e.gamma_webhooks,netVanna_webhooks:e.vanna_webhooks}})}),getAPISettings:async()=>t(""/api/settings/api""),updateAPISettings:async e=>t(""/api/settings/api"",{method:""PUT"",body:JSON.stringify(e)}),testAPIKey:async()=>{try{return await t(""/api/test""),!0}catch(t){return!1}},getAlertsGlobalSettings:async()=>t(""/api/settings/alerts-global""),updateAlertsGlobalSettings:async e=>t(""/api/settings/alerts-global"",{method:""PUT"",body:JSON.stringify({alerts_enabled:e})}),getNexusMarketDataSettings:async()=>t(""/api/settings/nexus-market-data""),updateNexusMarketDataSettings:async e=>t(""/api/settings/nexus-market-data"",{method:""PUT"",body:JSON.stringify({nexus_market_data_enabled:e})}),getBackfillStatus:async e=>t(""/api/settings/symbols/backfill/"".concat(e)),retryBackfill:async e=>t(""/api/settings/symbols/retry-backfill/"".concat(e),{method:""POST""}),forceB"
/api/settings/api,/Volumes/EAGET/SKYLIT_RE/bundles/988-7c66963a05bdd0b2.js,4818,"OST"",body:JSON.stringify(e)}),updateSymbol:async(e,a)=>t(""/api/settings/symbols/"".concat(e),{method:""PUT"",body:JSON.stringify(a)}),deleteSymbol:async e=>t(""/api/settings/symbols/"".concat(e),{method:""DELETE""}),getDiscordSettings:async()=>t(""/api/settings/discord""),updateDiscordSettings:async e=>t(""/api/settings/discord"",{method:""PUT"",body:JSON.stringify({symbol:e.symbol,discord:{enabled:e.enabled,netGamma_webhooks:e.gamma_webhooks,netVanna_webhooks:e.vanna_webhooks}})}),getAPISettings:async()=>t(""/api/settings/api""),updateAPISettings:async e=>t(""/api/settings/api"",{method:""PUT"",body:JSON.stringify(e)}),testAPIKey:async()=>{try{return await t(""/api/test""),!0}catch(t){return!1}},getAlertsGlobalSettings:async()=>t(""/api/settings/alerts-global""),updateAlertsGlobalSettings:async e=>t(""/api/settings/alerts-global"",{method:""PUT"",body:JSON.stringify({alerts_enabled:e})}),getNexusMarketDataSettings:async()=>t(""/api/settings/nexus-market-data""),updateNexusMarketDataSettings:async e=>t(""/api/settings/nexus-market-data"",{method:""PUT"",body:JSON.stringify({nexus_market_data_enabled:e})}),getBackfillStatus:async e=>t(""/api/settings/symbols/backfill/"".concat(e)),retryBackfill:async e=>t(""/api/settings/symbols/retry-backfill/"".concat(e),{method:""POST""}),forceBackfill:async(e,a)=>t(""/api/settings/symbols/force-backfill/"".concat(e),{method:""POST"",body:JSON.stringify({backfill_days:a})})},watchlistAPI:{getWatchlists:async()=>t(""/api/watchlists""),createWatchlist:async e=>t(""/api/watchlists"",{method:""POST"",body:JSON."
/api/test,/Volumes/EAGET/SKYLIT_RE/bundles/988-7c66963a05bdd0b2.js,4967," e=>t(""/api/settings/symbols/"".concat(e),{method:""DELETE""}),getDiscordSettings:async()=>t(""/api/settings/discord""),updateDiscordSettings:async e=>t(""/api/settings/discord"",{method:""PUT"",body:JSON.stringify({symbol:e.symbol,discord:{enabled:e.enabled,netGamma_webhooks:e.gamma_webhooks,netVanna_webhooks:e.vanna_webhooks}})}),getAPISettings:async()=>t(""/api/settings/api""),updateAPISettings:async e=>t(""/api/settings/api"",{method:""PUT"",body:JSON.stringify(e)}),testAPIKey:async()=>{try{return await t(""/api/test""),!0}catch(t){return!1}},getAlertsGlobalSettings:async()=>t(""/api/settings/alerts-global""),updateAlertsGlobalSettings:async e=>t(""/api/settings/alerts-global"",{method:""PUT"",body:JSON.stringify({alerts_enabled:e})}),getNexusMarketDataSettings:async()=>t(""/api/settings/nexus-market-data""),updateNexusMarketDataSettings:async e=>t(""/api/settings/nexus-market-data"",{method:""PUT"",body:JSON.stringify({nexus_market_data_enabled:e})}),getBackfillStatus:async e=>t(""/api/settings/symbols/backfill/"".concat(e)),retryBackfill:async e=>t(""/api/settings/symbols/retry-backfill/"".concat(e),{method:""POST""}),forceBackfill:async(e,a)=>t(""/api/settings/symbols/force-backfill/"".concat(e),{method:""POST"",body:JSON.stringify({backfill_days:a})})},watchlistAPI:{getWatchlists:async()=>t(""/api/watchlists""),createWatchlist:async e=>t(""/api/watchlists"",{method:""POST"",body:JSON.stringify(e)}),updateWatchlist:async(e,a)=>t(""/api/watchlists/"".concat(e),{method:""PUT"",body:JSON.stringify(a)}),deleteWatchlist:async e=>t("""
/api/settings/alerts-global,/Volumes/EAGET/SKYLIT_RE/bundles/988-7c66963a05bdd0b2.js,5038,"ettings:async()=>t(""/api/settings/discord""),updateDiscordSettings:async e=>t(""/api/settings/discord"",{method:""PUT"",body:JSON.stringify({symbol:e.symbol,discord:{enabled:e.enabled,netGamma_webhooks:e.gamma_webhooks,netVanna_webhooks:e.vanna_webhooks}})}),getAPISettings:async()=>t(""/api/settings/api""),updateAPISettings:async e=>t(""/api/settings/api"",{method:""PUT"",body:JSON.stringify(e)}),testAPIKey:async()=>{try{return await t(""/api/test""),!0}catch(t){return!1}},getAlertsGlobalSettings:async()=>t(""/api/settings/alerts-global""),updateAlertsGlobalSettings:async e=>t(""/api/settings/alerts-global"",{method:""PUT"",body:JSON.stringify({alerts_enabled:e})}),getNexusMarketDataSettings:async()=>t(""/api/settings/nexus-market-data""),updateNexusMarketDataSettings:async e=>t(""/api/settings/nexus-market-data"",{method:""PUT"",body:JSON.stringify({nexus_market_data_enabled:e})}),getBackfillStatus:async e=>t(""/api/settings/symbols/backfill/"".concat(e)),retryBackfill:async e=>t(""/api/settings/symbols/retry-backfill/"".concat(e),{method:""POST""}),forceBackfill:async(e,a)=>t(""/api/settings/symbols/force-backfill/"".concat(e),{method:""POST"",body:JSON.stringify({backfill_days:a})})},watchlistAPI:{getWatchlists:async()=>t(""/api/watchlists""),createWatchlist:async e=>t(""/api/watchlists"",{method:""POST"",body:JSON.stringify(e)}),updateWatchlist:async(e,a)=>t(""/api/watchlists/"".concat(e),{method:""PUT"",body:JSON.stringify(a)}),deleteWatchlist:async e=>t(""/api/watchlists/"".concat(e),{method:""DELETE""}),getFavorites:async()=>t(""/api/favorites""),"
/api/settings/nexus-market-data,/Volumes/EAGET/SKYLIT_RE/bundles/988-7c66963a05bdd0b2.js,5231,"oks:e.gamma_webhooks,netVanna_webhooks:e.vanna_webhooks}})}),getAPISettings:async()=>t(""/api/settings/api""),updateAPISettings:async e=>t(""/api/settings/api"",{method:""PUT"",body:JSON.stringify(e)}),testAPIKey:async()=>{try{return await t(""/api/test""),!0}catch(t){return!1}},getAlertsGlobalSettings:async()=>t(""/api/settings/alerts-global""),updateAlertsGlobalSettings:async e=>t(""/api/settings/alerts-global"",{method:""PUT"",body:JSON.stringify({alerts_enabled:e})}),getNexusMarketDataSettings:async()=>t(""/api/settings/nexus-market-data""),updateNexusMarketDataSettings:async e=>t(""/api/settings/nexus-market-data"",{method:""PUT"",body:JSON.stringify({nexus_market_data_enabled:e})}),getBackfillStatus:async e=>t(""/api/settings/symbols/backfill/"".concat(e)),retryBackfill:async e=>t(""/api/settings/symbols/retry-backfill/"".concat(e),{method:""POST""}),forceBackfill:async(e,a)=>t(""/api/settings/symbols/force-backfill/"".concat(e),{method:""POST"",body:JSON.stringify({backfill_days:a})})},watchlistAPI:{getWatchlists:async()=>t(""/api/watchlists""),createWatchlist:async e=>t(""/api/watchlists"",{method:""POST"",body:JSON.stringify(e)}),updateWatchlist:async(e,a)=>t(""/api/watchlists/"".concat(e),{method:""PUT"",body:JSON.stringify(a)}),deleteWatchlist:async e=>t(""/api/watchlists/"".concat(e),{method:""DELETE""}),getFavorites:async()=>t(""/api/favorites""),addFavorite:async e=>t(""/api/favorites/"".concat(e),{method:""POST""}),removeFavorite:async e=>t(""/api/favorites/"".concat(e),{method:""DELETE""})},healthAPI:{checkHealth:async()=>{try{return await t(""/a"
/api/settings/symbols/backfill/,/Volumes/EAGET/SKYLIT_RE/bundles/988-7c66963a05bdd0b2.js,5437,":async()=>{try{return await t(""/api/test""),!0}catch(t){return!1}},getAlertsGlobalSettings:async()=>t(""/api/settings/alerts-global""),updateAlertsGlobalSettings:async e=>t(""/api/settings/alerts-global"",{method:""PUT"",body:JSON.stringify({alerts_enabled:e})}),getNexusMarketDataSettings:async()=>t(""/api/settings/nexus-market-data""),updateNexusMarketDataSettings:async e=>t(""/api/settings/nexus-market-data"",{method:""PUT"",body:JSON.stringify({nexus_market_data_enabled:e})}),getBackfillStatus:async e=>t(""/api/settings/symbols/backfill/"".concat(e)),retryBackfill:async e=>t(""/api/settings/symbols/retry-backfill/"".concat(e),{method:""POST""}),forceBackfill:async(e,a)=>t(""/api/settings/symbols/force-backfill/"".concat(e),{method:""POST"",body:JSON.stringify({backfill_days:a})})},watchlistAPI:{getWatchlists:async()=>t(""/api/watchlists""),createWatchlist:async e=>t(""/api/watchlists"",{method:""POST"",body:JSON.stringify(e)}),updateWatchlist:async(e,a)=>t(""/api/watchlists/"".concat(e),{method:""PUT"",body:JSON.stringify(a)}),deleteWatchlist:async e=>t(""/api/watchlists/"".concat(e),{method:""DELETE""}),getFavorites:async()=>t(""/api/favorites""),addFavorite:async e=>t(""/api/favorites/"".concat(e),{method:""POST""}),removeFavorite:async e=>t(""/api/favorites/"".concat(e),{method:""DELETE""})},healthAPI:{checkHealth:async()=>{try{return await t(""/api/health""),!0}catch(t){return!1}}},statusNotificationsAPI:{getNotifications:async()=>{try{return await t(""/api/status-notifications"")}catch(t){if(t instanceof Error&&""status""in t&&404===t.status)return{not"
/api/settings/symbols/retry-backfill/,/Volumes/EAGET/SKYLIT_RE/bundles/988-7c66963a05bdd0b2.js,5507,"lertsGlobalSettings:async()=>t(""/api/settings/alerts-global""),updateAlertsGlobalSettings:async e=>t(""/api/settings/alerts-global"",{method:""PUT"",body:JSON.stringify({alerts_enabled:e})}),getNexusMarketDataSettings:async()=>t(""/api/settings/nexus-market-data""),updateNexusMarketDataSettings:async e=>t(""/api/settings/nexus-market-data"",{method:""PUT"",body:JSON.stringify({nexus_market_data_enabled:e})}),getBackfillStatus:async e=>t(""/api/settings/symbols/backfill/"".concat(e)),retryBackfill:async e=>t(""/api/settings/symbols/retry-backfill/"".concat(e),{method:""POST""}),forceBackfill:async(e,a)=>t(""/api/settings/symbols/force-backfill/"".concat(e),{method:""POST"",body:JSON.stringify({backfill_days:a})})},watchlistAPI:{getWatchlists:async()=>t(""/api/watchlists""),createWatchlist:async e=>t(""/api/watchlists"",{method:""POST"",body:JSON.stringify(e)}),updateWatchlist:async(e,a)=>t(""/api/watchlists/"".concat(e),{method:""PUT"",body:JSON.stringify(a)}),deleteWatchlist:async e=>t(""/api/watchlists/"".concat(e),{method:""DELETE""}),getFavorites:async()=>t(""/api/favorites""),addFavorite:async e=>t(""/api/favorites/"".concat(e),{method:""POST""}),removeFavorite:async e=>t(""/api/favorites/"".concat(e),{method:""DELETE""})},healthAPI:{checkHealth:async()=>{try{return await t(""/api/health""),!0}catch(t){return!1}}},statusNotificationsAPI:{getNotifications:async()=>{try{return await t(""/api/status-notifications"")}catch(t){if(t instanceof Error&&""status""in t&&404===t.status)return{notifications:[]};throw t}},createNotification:async e=>t(""/api/status-notifica"
/api/settings/symbols/force-backfill/,/Volumes/EAGET/SKYLIT_RE/bundles/988-7c66963a05bdd0b2.js,5602,"e=>t(""/api/settings/alerts-global"",{method:""PUT"",body:JSON.stringify({alerts_enabled:e})}),getNexusMarketDataSettings:async()=>t(""/api/settings/nexus-market-data""),updateNexusMarketDataSettings:async e=>t(""/api/settings/nexus-market-data"",{method:""PUT"",body:JSON.stringify({nexus_market_data_enabled:e})}),getBackfillStatus:async e=>t(""/api/settings/symbols/backfill/"".concat(e)),retryBackfill:async e=>t(""/api/settings/symbols/retry-backfill/"".concat(e),{method:""POST""}),forceBackfill:async(e,a)=>t(""/api/settings/symbols/force-backfill/"".concat(e),{method:""POST"",body:JSON.stringify({backfill_days:a})})},watchlistAPI:{getWatchlists:async()=>t(""/api/watchlists""),createWatchlist:async e=>t(""/api/watchlists"",{method:""POST"",body:JSON.stringify(e)}),updateWatchlist:async(e,a)=>t(""/api/watchlists/"".concat(e),{method:""PUT"",body:JSON.stringify(a)}),deleteWatchlist:async e=>t(""/api/watchlists/"".concat(e),{method:""DELETE""}),getFavorites:async()=>t(""/api/favorites""),addFavorite:async e=>t(""/api/favorites/"".concat(e),{method:""POST""}),removeFavorite:async e=>t(""/api/favorites/"".concat(e),{method:""DELETE""})},healthAPI:{checkHealth:async()=>{try{return await t(""/api/health""),!0}catch(t){return!1}}},statusNotificationsAPI:{getNotifications:async()=>{try{return await t(""/api/status-notifications"")}catch(t){if(t instanceof Error&&""status""in t&&404===t.status)return{notifications:[]};throw t}},createNotification:async e=>t(""/api/status-notifications"",{method:""POST"",body:JSON.stringify(e)}),deleteNotification:async e=>t(""/api/status-notif"
/api/watchlists,/Volumes/EAGET/SKYLIT_RE/bundles/988-7c66963a05bdd0b2.js,5748,"xus-market-data""),updateNexusMarketDataSettings:async e=>t(""/api/settings/nexus-market-data"",{method:""PUT"",body:JSON.stringify({nexus_market_data_enabled:e})}),getBackfillStatus:async e=>t(""/api/settings/symbols/backfill/"".concat(e)),retryBackfill:async e=>t(""/api/settings/symbols/retry-backfill/"".concat(e),{method:""POST""}),forceBackfill:async(e,a)=>t(""/api/settings/symbols/force-backfill/"".concat(e),{method:""POST"",body:JSON.stringify({backfill_days:a})})},watchlistAPI:{getWatchlists:async()=>t(""/api/watchlists""),createWatchlist:async e=>t(""/api/watchlists"",{method:""POST"",body:JSON.stringify(e)}),updateWatchlist:async(e,a)=>t(""/api/watchlists/"".concat(e),{method:""PUT"",body:JSON.stringify(a)}),deleteWatchlist:async e=>t(""/api/watchlists/"".concat(e),{method:""DELETE""}),getFavorites:async()=>t(""/api/favorites""),addFavorite:async e=>t(""/api/favorites/"".concat(e),{method:""POST""}),removeFavorite:async e=>t(""/api/favorites/"".concat(e),{method:""DELETE""})},healthAPI:{checkHealth:async()=>{try{return await t(""/api/health""),!0}catch(t){return!1}}},statusNotificationsAPI:{getNotifications:async()=>{try{return await t(""/api/status-notifications"")}catch(t){if(t instanceof Error&&""status""in t&&404===t.status)return{notifications:[]};throw t}},createNotification:async e=>t(""/api/status-notifications"",{method:""POST"",body:JSON.stringify(e)}),deleteNotification:async e=>t(""/api/status-notifications/"".concat(e),{method:""DELETE""})}}),[t])}},52777:(t,e,a)=>{a.d(e,{h:()=>y});var r=a(25959),s=a(89863),n=a(5923),i=a(5"
/api/watchlists/,/Volumes/EAGET/SKYLIT_RE/bundles/988-7c66963a05bdd0b2.js,5882,"market_data_enabled:e})}),getBackfillStatus:async e=>t(""/api/settings/symbols/backfill/"".concat(e)),retryBackfill:async e=>t(""/api/settings/symbols/retry-backfill/"".concat(e),{method:""POST""}),forceBackfill:async(e,a)=>t(""/api/settings/symbols/force-backfill/"".concat(e),{method:""POST"",body:JSON.stringify({backfill_days:a})})},watchlistAPI:{getWatchlists:async()=>t(""/api/watchlists""),createWatchlist:async e=>t(""/api/watchlists"",{method:""POST"",body:JSON.stringify(e)}),updateWatchlist:async(e,a)=>t(""/api/watchlists/"".concat(e),{method:""PUT"",body:JSON.stringify(a)}),deleteWatchlist:async e=>t(""/api/watchlists/"".concat(e),{method:""DELETE""}),getFavorites:async()=>t(""/api/favorites""),addFavorite:async e=>t(""/api/favorites/"".concat(e),{method:""POST""}),removeFavorite:async e=>t(""/api/favorites/"".concat(e),{method:""DELETE""})},healthAPI:{checkHealth:async()=>{try{return await t(""/api/health""),!0}catch(t){return!1}}},statusNotificationsAPI:{getNotifications:async()=>{try{return await t(""/api/status-notifications"")}catch(t){if(t instanceof Error&&""status""in t&&404===t.status)return{notifications:[]};throw t}},createNotification:async e=>t(""/api/status-notifications"",{method:""POST"",body:JSON.stringify(e)}),deleteNotification:async e=>t(""/api/status-notifications/"".concat(e),{method:""DELETE""})}}),[t])}},52777:(t,e,a)=>{a.d(e,{h:()=>y});var r=a(25959),s=a(89863),n=a(5923),i=a(58752),o=a(82514),l=a(81907);function c(t,e,a){let r=arguments.length>3&&void 0!==arguments[3]?arguments[3]:0,[s,i,o]=t.split(""-"").map(N"
/api/favorites,/Volumes/EAGET/SKYLIT_RE/bundles/988-7c66963a05bdd0b2.js,6049,"ncat(e),{method:""POST""}),forceBackfill:async(e,a)=>t(""/api/settings/symbols/force-backfill/"".concat(e),{method:""POST"",body:JSON.stringify({backfill_days:a})})},watchlistAPI:{getWatchlists:async()=>t(""/api/watchlists""),createWatchlist:async e=>t(""/api/watchlists"",{method:""POST"",body:JSON.stringify(e)}),updateWatchlist:async(e,a)=>t(""/api/watchlists/"".concat(e),{method:""PUT"",body:JSON.stringify(a)}),deleteWatchlist:async e=>t(""/api/watchlists/"".concat(e),{method:""DELETE""}),getFavorites:async()=>t(""/api/favorites""),addFavorite:async e=>t(""/api/favorites/"".concat(e),{method:""POST""}),removeFavorite:async e=>t(""/api/favorites/"".concat(e),{method:""DELETE""})},healthAPI:{checkHealth:async()=>{try{return await t(""/api/health""),!0}catch(t){return!1}}},statusNotificationsAPI:{getNotifications:async()=>{try{return await t(""/api/status-notifications"")}catch(t){if(t instanceof Error&&""status""in t&&404===t.status)return{notifications:[]};throw t}},createNotification:async e=>t(""/api/status-notifications"",{method:""POST"",body:JSON.stringify(e)}),deleteNotification:async e=>t(""/api/status-notifications/"".concat(e),{method:""DELETE""})}}),[t])}},52777:(t,e,a)=>{a.d(e,{h:()=>y});var r=a(25959),s=a(89863),n=a(5923),i=a(58752),o=a(82514),l=a(81907);function c(t,e,a){let r=arguments.length>3&&void 0!==arguments[3]?arguments[3]:0,[s,i,o]=t.split(""-"").map(Number),l=new Date(s,i-1,o,e,a,r,0);return(0,n.u)(l,""America/New_York"")}let d=new Set([""SPXW"",""SPX"",""VIX"",""NDX"",""NDXP"",""RUT""]);function u(t){return!!t&&d.has(t.toUppe"
/api/favorites/,/Volumes/EAGET/SKYLIT_RE/bundles/988-7c66963a05bdd0b2.js,6090,"ync(e,a)=>t(""/api/settings/symbols/force-backfill/"".concat(e),{method:""POST"",body:JSON.stringify({backfill_days:a})})},watchlistAPI:{getWatchlists:async()=>t(""/api/watchlists""),createWatchlist:async e=>t(""/api/watchlists"",{method:""POST"",body:JSON.stringify(e)}),updateWatchlist:async(e,a)=>t(""/api/watchlists/"".concat(e),{method:""PUT"",body:JSON.stringify(a)}),deleteWatchlist:async e=>t(""/api/watchlists/"".concat(e),{method:""DELETE""}),getFavorites:async()=>t(""/api/favorites""),addFavorite:async e=>t(""/api/favorites/"".concat(e),{method:""POST""}),removeFavorite:async e=>t(""/api/favorites/"".concat(e),{method:""DELETE""})},healthAPI:{checkHealth:async()=>{try{return await t(""/api/health""),!0}catch(t){return!1}}},statusNotificationsAPI:{getNotifications:async()=>{try{return await t(""/api/status-notifications"")}catch(t){if(t instanceof Error&&""status""in t&&404===t.status)return{notifications:[]};throw t}},createNotification:async e=>t(""/api/status-notifications"",{method:""POST"",body:JSON.stringify(e)}),deleteNotification:async e=>t(""/api/status-notifications/"".concat(e),{method:""DELETE""})}}),[t])}},52777:(t,e,a)=>{a.d(e,{h:()=>y});var r=a(25959),s=a(89863),n=a(5923),i=a(58752),o=a(82514),l=a(81907);function c(t,e,a){let r=arguments.length>3&&void 0!==arguments[3]?arguments[3]:0,[s,i,o]=t.split(""-"").map(Number),l=new Date(s,i-1,o,e,a,r,0);return(0,n.u)(l,""America/New_York"")}let d=new Set([""SPXW"",""SPX"",""VIX"",""NDX"",""NDXP"",""RUT""]);function u(t){return!!t&&d.has(t.toUpperCase())}function m(){let t=arguments.leng"
/api/health,/Volumes/EAGET/SKYLIT_RE/bundles/988-7c66963a05bdd0b2.js,6261,"sts""),createWatchlist:async e=>t(""/api/watchlists"",{method:""POST"",body:JSON.stringify(e)}),updateWatchlist:async(e,a)=>t(""/api/watchlists/"".concat(e),{method:""PUT"",body:JSON.stringify(a)}),deleteWatchlist:async e=>t(""/api/watchlists/"".concat(e),{method:""DELETE""}),getFavorites:async()=>t(""/api/favorites""),addFavorite:async e=>t(""/api/favorites/"".concat(e),{method:""POST""}),removeFavorite:async e=>t(""/api/favorites/"".concat(e),{method:""DELETE""})},healthAPI:{checkHealth:async()=>{try{return await t(""/api/health""),!0}catch(t){return!1}}},statusNotificationsAPI:{getNotifications:async()=>{try{return await t(""/api/status-notifications"")}catch(t){if(t instanceof Error&&""status""in t&&404===t.status)return{notifications:[]};throw t}},createNotification:async e=>t(""/api/status-notifications"",{method:""POST"",body:JSON.stringify(e)}),deleteNotification:async e=>t(""/api/status-notifications/"".concat(e),{method:""DELETE""})}}),[t])}},52777:(t,e,a)=>{a.d(e,{h:()=>y});var r=a(25959),s=a(89863),n=a(5923),i=a(58752),o=a(82514),l=a(81907);function c(t,e,a){let r=arguments.length>3&&void 0!==arguments[3]?arguments[3]:0,[s,i,o]=t.split(""-"").map(Number),l=new Date(s,i-1,o,e,a,r,0);return(0,n.u)(l,""America/New_York"")}let d=new Set([""SPXW"",""SPX"",""VIX"",""NDX"",""NDXP"",""RUT""]);function u(t){return!!t&&d.has(t.toUpperCase())}function m(){let t=arguments.length>0&&void 0!==arguments[0]?arguments[0]:new Date,e=Math.floor(t.getTime()/1e3);return(0,l.Dy)(e)}let p={selectedSymbol:"""",colorScale:""viridis"",isLoading:!1,lastUpdate"
/api/status-notifications,/Volumes/EAGET/SKYLIT_RE/bundles/988-7c66963a05bdd0b2.js,6370,"ync(e,a)=>t(""/api/watchlists/"".concat(e),{method:""PUT"",body:JSON.stringify(a)}),deleteWatchlist:async e=>t(""/api/watchlists/"".concat(e),{method:""DELETE""}),getFavorites:async()=>t(""/api/favorites""),addFavorite:async e=>t(""/api/favorites/"".concat(e),{method:""POST""}),removeFavorite:async e=>t(""/api/favorites/"".concat(e),{method:""DELETE""})},healthAPI:{checkHealth:async()=>{try{return await t(""/api/health""),!0}catch(t){return!1}}},statusNotificationsAPI:{getNotifications:async()=>{try{return await t(""/api/status-notifications"")}catch(t){if(t instanceof Error&&""status""in t&&404===t.status)return{notifications:[]};throw t}},createNotification:async e=>t(""/api/status-notifications"",{method:""POST"",body:JSON.stringify(e)}),deleteNotification:async e=>t(""/api/status-notifications/"".concat(e),{method:""DELETE""})}}),[t])}},52777:(t,e,a)=>{a.d(e,{h:()=>y});var r=a(25959),s=a(89863),n=a(5923),i=a(58752),o=a(82514),l=a(81907);function c(t,e,a){let r=arguments.length>3&&void 0!==arguments[3]?arguments[3]:0,[s,i,o]=t.split(""-"").map(Number),l=new Date(s,i-1,o,e,a,r,0);return(0,n.u)(l,""America/New_York"")}let d=new Set([""SPXW"",""SPX"",""VIX"",""NDX"",""NDXP"",""RUT""]);function u(t){return!!t&&d.has(t.toUpperCase())}function m(){let t=arguments.length>0&&void 0!==arguments[0]?arguments[0]:new Date,e=Math.floor(t.getTime()/1e3);return(0,l.Dy)(e)}let p={selectedSymbol:"""",colorScale:""viridis"",isLoading:!1,lastUpdated:null,error:null,gammaData:null,vannaData:null,symbols:[],connectionStatus:{connected:!1,lastHeartbeat:null},shouldAutoScr"
/api/status-notifications/,/Volumes/EAGET/SKYLIT_RE/bundles/988-7c66963a05bdd0b2.js,6623,"od:""POST""}),removeFavorite:async e=>t(""/api/favorites/"".concat(e),{method:""DELETE""})},healthAPI:{checkHealth:async()=>{try{return await t(""/api/health""),!0}catch(t){return!1}}},statusNotificationsAPI:{getNotifications:async()=>{try{return await t(""/api/status-notifications"")}catch(t){if(t instanceof Error&&""status""in t&&404===t.status)return{notifications:[]};throw t}},createNotification:async e=>t(""/api/status-notifications"",{method:""POST"",body:JSON.stringify(e)}),deleteNotification:async e=>t(""/api/status-notifications/"".concat(e),{method:""DELETE""})}}),[t])}},52777:(t,e,a)=>{a.d(e,{h:()=>y});var r=a(25959),s=a(89863),n=a(5923),i=a(58752),o=a(82514),l=a(81907);function c(t,e,a){let r=arguments.length>3&&void 0!==arguments[3]?arguments[3]:0,[s,i,o]=t.split(""-"").map(Number),l=new Date(s,i-1,o,e,a,r,0);return(0,n.u)(l,""America/New_York"")}let d=new Set([""SPXW"",""SPX"",""VIX"",""NDX"",""NDXP"",""RUT""]);function u(t){return!!t&&d.has(t.toUpperCase())}function m(){let t=arguments.length>0&&void 0!==arguments[0]?arguments[0]:new Date,e=Math.floor(t.getTime()/1e3);return(0,l.Dy)(e)}let p={selectedSymbol:"""",colorScale:""viridis"",isLoading:!1,lastUpdated:null,error:null,gammaData:null,vannaData:null,symbols:[],connectionStatus:{connected:!1,lastHeartbeat:null},shouldAutoScroll:!1,autoCenterMode:""dominant"",userRole:null,replayMode:!1,replayTimestamp:null,replayDate:"""",playbackSpeed:1,isPlaying:!1},y=(0,r.v)()((0,s.lt)(t=>({...p,setSelectedSymbol:e=>t(t=>(0,i.Uy)(t.userRole)&&!(0,i.Vz)(e,!0)?{}:((0,o.$)(e),{selectedSymbol:e,"
/api/sse/ticket,/Volumes/EAGET/SKYLIT_RE/bundles/988-7c66963a05bdd0b2.js,17890,"wait fetch(a,{...e,headers:{...r,...e.headers}});if(!t.ok){let e=""HTTP "".concat(t.status,"": "").concat(t.statusText),a=t.status;try{let r=await t.text();if(r)try{let t=JSON.parse(r);e=t.message||r.trim(),a=t.code||a}catch(t){e=r.trim()}}catch(t){}throw new n(e,t.status,a)}return await t.json()}catch(t){if(t instanceof n)throw t;throw new n(""Network error: "".concat(t instanceof Error?t.message:""Unknown error""),0)}}async function o(t,e){try{var a;let r=await t();if(!r)return null;let s=await fetch(""/api/sse/ticket"",{method:""POST"",headers:{Authorization:""Bearer "".concat(r)},signal:e});if(!s.ok)return null;return null!=(a=(await s.json()).ticket)?a:null}catch(t){return null}}function l(t){return async function(e){let a=arguments.length>1&&void 0!==arguments[1]?arguments[1]:{},r={};if(t)try{let e=await t();e&&(r.Authorization=""Bearer "".concat(e))}catch(t){console.warn(""Failed to get Clerk token:"",t)}return i(e,{...a,headers:{...r,...a.headers}})}}},94412:(t,e,a)=>{a.d(e,{l:()=>s,q:()=>r});let r=new(a(31461)).E({defaultOptions:{queries:{staleTime:5e3,gcTime:3e4,retry:3,retryDelay:t=>Math.min(1e3*2**t,3e4),refetchOnWindowFocus:!0,refetchOnMount:!0,refetchOnReconnect:!1},mutations:{retry:2,retryDelay:t=>Math.min(1e3*2**t,1e4)}}}),s={heatmap:{all:[""heatmap""],dataForSymbol:t=>[...s.heatmap.all,""data"",t],data:(t,e,a)=>[...s.heatmap.dataForSymbol(t),e,null!=a?a:""full""],symbols:()=>[...s.heatmap.all,""symbols""]},settings:{all:[""settings""],symbols:()=>[...s.settings.all,""symbols""],discord:()=>[...s.settings."
/api/alerts,/Volumes/EAGET/SKYLIT_RE/bundles/5168-9901aec5fd79d4ae.js,1103,"ent(String(n)))});return t.length>0?""?"".concat(t.join(""&"")):""""}async function c(e){let t=arguments.length>1&&void 0!==arguments[1]?arguments[1]:{},n=arguments.length>2?arguments[2]:void 0,r=new Headers(t.headers);n&&r.set(""Authorization"",""Bearer "".concat(n));let o=await fetch(e,{...t,headers:r});if(!o.ok){let e=await o.json().catch(()=>({message:o.statusText}));throw new s(e.message||e.error||""Request failed"",o.status,e.code)}return o}async function d(e,t){let n=l(e||{}),r=await c("""".concat(a(),""/api/alerts"").concat(n),{},t),o=await r.json();return o.alerts&&Array.isArray(o.alerts)&&(o.alerts=o.alerts.map(e=>{var t,n,r;let o=e.proximity_settings;e.threshold&&(o={distance_points:null!==e.threshold.points&&void 0!==e.threshold.points?e.threshold.points:void 0,distance_percent:null!==e.threshold.percentage&&void 0!==e.threshold.percentage?e.threshold.percentage:void 0});let i=e.ticker||(null==(t=e.scope)?void 0:t.ticker_id)||((null==(r=e.scope)||null==(n=r.ticker_ids)?void 0:n.length)===1?e.scope.ticker_ids[0]:"""")||"""",a=e.scope||(i?{type:""ticker"",ticker_id:i}:void 0);return{...e,ticker:i,scope:a,proximity_settings:o,notification_channels:e.notification_channels||e.channels||[""InApp""]}})),o}async function u(e,t){var n,r,o,s;let l={scope:e.ticker?{type:""ticker"",ticker_id:e.ticker}:e.scope,node_type:null==(n=e.node_type)?void 0:n.toLowerCase(),exposure_type:e.exposure_type||""gex"",custom_strike:e.custom_strike||(null==(r=e.custom_node_config)?void 0:r.price_level)||null,enabled:e.enabled,name:e."
/api/alerts?alert_id=,/Volumes/EAGET/SKYLIT_RE/bundles/5168-9901aec5fd79d4ae.js,5384,"ce_window_minutes=t.debounce_window_minutes:void 0!==t.debounce_settings&&(s.debounce_window_minutes=t.debounce_settings.debounce_seconds),void 0!==t.expiration_range&&(s.expiration_range=t.expiration_range),void 0!==t.significant_node_count&&(s.significant_node_count=t.significant_node_count),void 0!==t.webhook_url&&(s.webhook_url=t.webhook_url),console.log(""[alerts-api] updateAlert - frontend updates:"",t),console.log(""[alerts-api] updateAlert - backend payload:"",s);let l=await c("""".concat(a(),""/api/alerts?alert_id="").concat(e),{method:""PUT"",headers:{""Content-Type"":""application/json""},body:JSON.stringify(s)},n),d=await l.json();return console.log(""[alerts-api] updateAlert - backend response:"",d),d}async function g(e,t){await c("""".concat(a(),""/api/alerts?alert_id="").concat(e),{method:""DELETE""},t)}async function p(e,t,n){let r=l({...e||{},pagination_token:n||void 0});return(await c("""".concat(a(),""/api/alert-events"").concat(r),{},t)).json()}async function h(e,t){return(await c("""".concat(a(),""/api/alerts/bulk""),{method:""POST"",headers:{""Content-Type"":""application/json""},body:JSON.stringify(e)},t)).json()}async function v(e,t){return(await c("""".concat(a(),""/api/alerts/batch-update""),{method:""POST"",headers:{""Content-Type"":""application/json""},body:JSON.stringify(e)},t)).json()}async function m(e,t){return(await c("""".concat(a(),""/api/alerts/smart-setup""),{method:""POST"",headers:{""Content-Type"":""application/json""},body:JSON.stringify(e)},t)).json()}let f={isLoading:!1,error:null,activeTab:""active"",selectedAl"
/api/alert-events,/Volumes/EAGET/SKYLIT_RE/bundles/5168-9901aec5fd79d4ae.js,5792,"t),console.log(""[alerts-api] updateAlert - backend payload:"",s);let l=await c("""".concat(a(),""/api/alerts?alert_id="").concat(e),{method:""PUT"",headers:{""Content-Type"":""application/json""},body:JSON.stringify(s)},n),d=await l.json();return console.log(""[alerts-api] updateAlert - backend response:"",d),d}async function g(e,t){await c("""".concat(a(),""/api/alerts?alert_id="").concat(e),{method:""DELETE""},t)}async function p(e,t,n){let r=l({...e||{},pagination_token:n||void 0});return(await c("""".concat(a(),""/api/alert-events"").concat(r),{},t)).json()}async function h(e,t){return(await c("""".concat(a(),""/api/alerts/bulk""),{method:""POST"",headers:{""Content-Type"":""application/json""},body:JSON.stringify(e)},t)).json()}async function v(e,t){return(await c("""".concat(a(),""/api/alerts/batch-update""),{method:""POST"",headers:{""Content-Type"":""application/json""},body:JSON.stringify(e)},t)).json()}async function m(e,t){return(await c("""".concat(a(),""/api/alerts/smart-setup""),{method:""POST"",headers:{""Content-Type"":""application/json""},body:JSON.stringify(e)},t)).json()}let f={isLoading:!1,error:null,activeTab:""active"",selectedAlert:null,selectedEvent:null,alerts:[],events:[],statistics:null,authToken:null,eventsHasMore:!1,eventsPaginationToken:null,eventsTotal:0},y=(0,r.v)()((0,o.lt)((e,t)=>({...f,setAuthToken:t=>e(()=>({authToken:t}),!1,""setAuthToken""),setActiveTab:t=>e(()=>({activeTab:t}),!1,""setActiveTab""),setLoading:t=>e(()=>({isLoading:t}),!1,""setLoading""),setError:t=>e(()=>({error:t}),!1,""setError""),setSelectedAlert:t="
/api/alerts/bulk,/Volumes/EAGET/SKYLIT_RE/bundles/5168-9901aec5fd79d4ae.js,5888,"i/alerts?alert_id="").concat(e),{method:""PUT"",headers:{""Content-Type"":""application/json""},body:JSON.stringify(s)},n),d=await l.json();return console.log(""[alerts-api] updateAlert - backend response:"",d),d}async function g(e,t){await c("""".concat(a(),""/api/alerts?alert_id="").concat(e),{method:""DELETE""},t)}async function p(e,t,n){let r=l({...e||{},pagination_token:n||void 0});return(await c("""".concat(a(),""/api/alert-events"").concat(r),{},t)).json()}async function h(e,t){return(await c("""".concat(a(),""/api/alerts/bulk""),{method:""POST"",headers:{""Content-Type"":""application/json""},body:JSON.stringify(e)},t)).json()}async function v(e,t){return(await c("""".concat(a(),""/api/alerts/batch-update""),{method:""POST"",headers:{""Content-Type"":""application/json""},body:JSON.stringify(e)},t)).json()}async function m(e,t){return(await c("""".concat(a(),""/api/alerts/smart-setup""),{method:""POST"",headers:{""Content-Type"":""application/json""},body:JSON.stringify(e)},t)).json()}let f={isLoading:!1,error:null,activeTab:""active"",selectedAlert:null,selectedEvent:null,alerts:[],events:[],statistics:null,authToken:null,eventsHasMore:!1,eventsPaginationToken:null,eventsTotal:0},y=(0,r.v)()((0,o.lt)((e,t)=>({...f,setAuthToken:t=>e(()=>({authToken:t}),!1,""setAuthToken""),setActiveTab:t=>e(()=>({activeTab:t}),!1,""setActiveTab""),setLoading:t=>e(()=>({isLoading:t}),!1,""setLoading""),setError:t=>e(()=>({error:t}),!1,""setError""),setSelectedAlert:t=>e(()=>({selectedAlert:t}),!1,""setSelectedAlert""),setSelectedEvent:t=>e(()=>({selectedEvent:t})"
/api/alerts/batch-update,/Volumes/EAGET/SKYLIT_RE/bundles/5168-9901aec5fd79d4ae.js,6053," updateAlert - backend response:"",d),d}async function g(e,t){await c("""".concat(a(),""/api/alerts?alert_id="").concat(e),{method:""DELETE""},t)}async function p(e,t,n){let r=l({...e||{},pagination_token:n||void 0});return(await c("""".concat(a(),""/api/alert-events"").concat(r),{},t)).json()}async function h(e,t){return(await c("""".concat(a(),""/api/alerts/bulk""),{method:""POST"",headers:{""Content-Type"":""application/json""},body:JSON.stringify(e)},t)).json()}async function v(e,t){return(await c("""".concat(a(),""/api/alerts/batch-update""),{method:""POST"",headers:{""Content-Type"":""application/json""},body:JSON.stringify(e)},t)).json()}async function m(e,t){return(await c("""".concat(a(),""/api/alerts/smart-setup""),{method:""POST"",headers:{""Content-Type"":""application/json""},body:JSON.stringify(e)},t)).json()}let f={isLoading:!1,error:null,activeTab:""active"",selectedAlert:null,selectedEvent:null,alerts:[],events:[],statistics:null,authToken:null,eventsHasMore:!1,eventsPaginationToken:null,eventsTotal:0},y=(0,r.v)()((0,o.lt)((e,t)=>({...f,setAuthToken:t=>e(()=>({authToken:t}),!1,""setAuthToken""),setActiveTab:t=>e(()=>({activeTab:t}),!1,""setActiveTab""),setLoading:t=>e(()=>({isLoading:t}),!1,""setLoading""),setError:t=>e(()=>({error:t}),!1,""setError""),setSelectedAlert:t=>e(()=>({selectedAlert:t}),!1,""setSelectedAlert""),setSelectedEvent:t=>e(()=>({selectedEvent:t}),!1,""setSelectedEvent""),fetchAlerts:async n=>{e({isLoading:!0,error:null},!1,""fetchAlerts:start"");try{let r=t().authToken||void 0,o=await d(n,r);e(()=>({alerts:o.alerts||[],"
/api/alerts/smart-setup,/Volumes/EAGET/SKYLIT_RE/bundles/5168-9901aec5fd79d4ae.js,6226,"..e||{},pagination_token:n||void 0});return(await c("""".concat(a(),""/api/alert-events"").concat(r),{},t)).json()}async function h(e,t){return(await c("""".concat(a(),""/api/alerts/bulk""),{method:""POST"",headers:{""Content-Type"":""application/json""},body:JSON.stringify(e)},t)).json()}async function v(e,t){return(await c("""".concat(a(),""/api/alerts/batch-update""),{method:""POST"",headers:{""Content-Type"":""application/json""},body:JSON.stringify(e)},t)).json()}async function m(e,t){return(await c("""".concat(a(),""/api/alerts/smart-setup""),{method:""POST"",headers:{""Content-Type"":""application/json""},body:JSON.stringify(e)},t)).json()}let f={isLoading:!1,error:null,activeTab:""active"",selectedAlert:null,selectedEvent:null,alerts:[],events:[],statistics:null,authToken:null,eventsHasMore:!1,eventsPaginationToken:null,eventsTotal:0},y=(0,r.v)()((0,o.lt)((e,t)=>({...f,setAuthToken:t=>e(()=>({authToken:t}),!1,""setAuthToken""),setActiveTab:t=>e(()=>({activeTab:t}),!1,""setActiveTab""),setLoading:t=>e(()=>({isLoading:t}),!1,""setLoading""),setError:t=>e(()=>({error:t}),!1,""setError""),setSelectedAlert:t=>e(()=>({selectedAlert:t}),!1,""setSelectedAlert""),setSelectedEvent:t=>e(()=>({selectedEvent:t}),!1,""setSelectedEvent""),fetchAlerts:async n=>{e({isLoading:!0,error:null},!1,""fetchAlerts:start"");try{let r=t().authToken||void 0,o=await d(n,r);e(()=>({alerts:o.alerts||[],isLoading:!1}),!1,""fetchAlerts:success""),t().calculateStatistics()}catch(t){throw e({isLoading:!1,error:t instanceof Error?t.message:""Failed to fetch alerts""},!1,""fetchAler"
/api/v1,/Volumes/EAGET/SKYLIT_RE/bundles/589c24b9-a5f0df66608c07b4.js,13349,"e""===(0,l.Jz)(""HIDE_OUTPUTS""),hideMetadata:""true""===(0,l.Jz)(""HIDE_METADATA""),workspaceId:n,oauthAccessToken:r?void 0:t.oauthAccessToken,oauthRefreshToken:r?void 0:t.oauthRefreshToken,profileAuth:r?void 0:t.profileAuth}}getHostUrl(){if(this.webUrl)return this.webUrl;if((t=>{let e=t.replace(""http://"","""").replace(""https://"","""").split(""/"")[0].split("":"")[0];return""localhost""===e||""127.0.0.1""===e||""::1""===e})(this.apiUrl))return this.webUrl=""http://localhost:3000"",this.webUrl;if(this.apiUrl.endsWith(""/api/v1""))return this.webUrl=this.apiUrl.replace(""/api/v1"",""""),this.webUrl;if(this.apiUrl.includes(""/api"")&&!this.apiUrl.split(""."",1)[0].endsWith(""api""))return this.webUrl=this.apiUrl.replace(""/api"",""""),this.webUrl;if(this.apiUrl.split(""."",1)[0].includes(""dev""))return this.webUrl=""https://dev.smith.langchain.com"",this.webUrl;else if(this.apiUrl.split(""."",1)[0].includes(""eu""))return this.webUrl=""https://eu.smith.langchain.com"",this.webUrl;else if(this.apiUrl.split(""."",1)[0].includes(""aws""))return this.webUrl=""https://aws.smith.langchain.com"",this.webUrl;else if(this.apiUrl.split(""."",1)[0].includes(""apac""))return this.webUrl=""https://apac.smith.langchain.com"",this.webUrl;else if(this.apiUrl.split(""."",1)[0].includes(""beta""))return this.webUrl=""https://beta.smith.langchain.com"",this.webUrl;else return this.webUrl=""https://smith.langchain.com"",this.webUrl}get _mergedHeaders(){let t={""User-Agent"":`langsmith-js/${d.Ls}`,...this._customHeaders};if(void 0!==this.apiKey)t[""x-api-key""]=`${this.apiKey}`;e"
http://localhost:8000/api/v1,/Volumes/EAGET/SKYLIT_RE/bundles/8593-0b7dc0fa05075470.js,2135,"ync listSetups(){let e=arguments.length>0&&void 0!==arguments[0]?arguments[0]:50;return a.A.get(""/setups?limit="".concat(e))}async getSetup(e){return a.A.get(""/setups/"".concat(e))}async getAgentSetups(e){return a.A.get(""/agents/"".concat(e,""/setups""))}async enterSetup(e){return a.A.post(""/setups/"".concat(e,""/enter""))}async closeSetup(e,t,n){return a.A.post(""/setups/"".concat(e,""/close""),{exit_price:t,exit_reason:n})}async getIndexFlow(){return a.A.get(""/index-flow"")}}new i;class l{getWsUrl(){let e=""http://localhost:8000/api/v1"".replace(""http://"",""ws://"").replace(""https://"",""wss://""),t=a.A.getToken();return"""".concat(e,""/ws?token="").concat(t)}connect(){return this.connectionPromise||(this.connectionPromise=new Promise((e,t)=>{var n;if((null==(n=this.ws)?void 0:n.readyState)===WebSocket.OPEN)return void e();let a=this.getWsUrl();this.ws=new WebSocket(a),this.ws.onopen=()=>{console.log(""WebSocket connected""),this.reconnectAttempts=0,this.subscriptions.forEach(e=>{this.sendSubscribe(e)}),e()},this.ws.onmessage=e=>{try{let t=JSON.parse(e.data);this.handleMessage(t)}catch(e){console.error(""Failed to parse WebSocket message:"",e)}},this.ws.onerror=e=>{console.error(""WebSocket error:"",e),t(e)},this.ws.onclose=()=>{console.log(""WebSocket disconnected""),this.connectionPromise=null,this.attemptReconnect()}})),this.connectionPromise}attemptReconnect(){if(this.reconnectAttempts>=this.maxReconnectAttempts)return void console.error(""Max reconnection attempts reached"");this.reconnectAttempts++;let e=this.reconnectDelay*Math.p"
/api/ohlcv/symbols,/Volumes/EAGET/SKYLIT_RE/bundles/7883-6592990794d20510.js,2064,"get(t);return e&&Date.now()-e.time<6e5?e.data:null}(n,0);if(e)return e;let l=d.get(n);if(l)return l;let r=(async()=>{let e=await h("""".concat(a,""/contracts?root="").concat(encodeURIComponent(t.toUpperCase())));if(!e.ok)throw Error(""Contracts failed ["".concat(e.status,""]""));let l=await e.json();return f.set(n,{data:l,time:Date.now()}),l})().finally(()=>{d.delete(n)});return d.set(n,r),r}async function m(t){var n;let e=new URLSearchParams;t&&e.set(""kinds"",t);let l=e.toString(),r=await h("""".concat(a,""/api/ohlcv/symbols"").concat(l?""?"".concat(l):""""));if(!r.ok)throw Error(""Chart symbols failed ["".concat(r.status,""]""));return(null!=(n=(await r.json()).symbols)?n:[]).map(t=>{var n;return{...t,displayName:null!=(n=t.displayName)?n:""VIX""===t.name?""CVIX"":void 0}})}function p(t,n){if(n<=1)return t;let e=new Map,l=60*n;for(let o of t){let t=new Date(o.time+""Z"").getTime()/1e3,a=n>=1440?(0,r.bY)(t)+""T00:00:00"":new Date(Math.floor(t/l)*l*1e3).toISOString().slice(0,19),u=e.get(a);u?(u.high=Math.max(u.high,o.high),u.low=Math.min(u.low,o.low),u.close=o.close):e.set(a,{time:a,open:o.open,high:o.high,low:o.low,close:o.close})}return Array.from(e.values()).sort((t,n)=>t.time.localeCompare(n.time))}async function w(t,n,e){let r=arguments.length>3&&void 0!==arguments[3]&&arguments[3],u=arguments.length>4&&void 0!==arguments[4]?arguments[4]:""1"",i=""udf:"".concat(t,"":"").concat(Math.floor(n/86400),"":"").concat(Math.floor(e/86400),"":"").concat(r?""ext"":""reg"","":"").concat(u);if(d.has(i))return d.get(i);let c=(0,l.N)(),s=86400*Math."
/api/screener/daily,/Volumes/EAGET/SKYLIT_RE/bundles/7187-dbf517257821735b.js,9396,",void 0!==t.maxContractSkewPct&&e.append(""max_contract_skew_pct"",t.maxContractSkewPct.toString()),!1===t.showStocks&&e.append(""show_stocks"",""false""),!1===t.showEtf&&e.append(""show_etf"",""false""),!1===t.showIndices&&e.append(""show_indices"",""false""),t.expiration&&e.append(""expiration"",t.expiration),void 0!==t.cursorPremium&&void 0!==t.cursorSymbol&&(e.append(""cursor_premium"",t.cursorPremium.toString()),e.append(""cursor_symbol"",t.cursorSymbol)),e}async function c(t,e){let n=r(t).toString();return o(""/api/screener/daily"".concat(n?""?"".concat(n):""""),e)}function s(t){var e,n,i;let a=null!=(e=t.ask_skew_pct)?e:(()=>{var e,n,i;let a=(null!=(e=t.below_ask_volume)?e:0)+(null!=(n=t.ask_volume)?n:0)+(null!=(i=t.above_ask_volume)?i:0),o=t.weekly_volume||0;return o>0?a/o*100:0})();return{last_trade_time:t.last_trade_time,raw_symbol:t.raw_symbol,ticker:t.ticker,expiration:t.expiration,strike:t.strike,right:t.right,dte:t.dte,stock_price:t.stock_price,otm_pct:null!=(n=t.otm_pct)?n:0,avg_price:t.avg_price,last_price:t.last_price,chg_pct:t.week_chg_pct,chg_pct_age:t.week_chg_pct_age,volume:t.weekly_volume,premium:t.weekly_premium,oi:t.oi,oi_change:t.oi_change,iv:t.iv,last_best_bid:t.last_best_bid,last_best_ask:t.last_best_ask,below_bid_volume:t.below_bid_volume,bid_volume:t.bid_volume,above_bid_volume:t.above_bid_volume,mid_volume:t.mid_volume,below_ask_volume:t.below_ask_volume,ask_volume:t.ask_volume,above_ask_volume:t.above_ask_volume,no_side_volume:t.no_side_volume,bid_skew_pct:t.bid_skew_pct,ask_skew_pct:a,bull_"
/api/screener/weekly,/Volumes/EAGET/SKYLIT_RE/bundles/7187-dbf517257821735b.js,10936,"_pct:t.bear_pct,neutral_pct:t.neutral_pct,sweep_volume:t.sweep_volume,is_sweep:t.is_sweep,multi_leg_volume:t.multi_leg_volume,multi_pct:t.multi_pct,chain_total_volume:t.chain_total_volume,chain_bid_pct:t.chain_bid_pct,chain_ask_pct:t.chain_ask_pct,chain_bull_pct:t.chain_bull_pct,chain_bear_pct:t.chain_bear_pct,chain_neutral_pct:t.chain_neutral_pct,total_pct:null!=(i=t.total_pct)?i:0,trade_count:t.trade_count,earnings_dte:t.earnings_dte}}async function l(t,e){let n=r(t).toString();return(await o(""/api/screener/weekly"".concat(n?""?"".concat(n):""""),e)).map(s)}function m(t,e){let n=arguments.length>2&&void 0!==arguments[2]?arguments[2]:""daily"";return""weekly""===n?l(t,e):c(t,e)}async function d(t,e,n){let i=arguments.length>3&&void 0!==arguments[3]&&arguments[3],a=arguments.length>4?arguments[4]:void 0,r=arguments.length>5&&void 0!==arguments[5]&&arguments[5],c=arguments.length>6?arguments[6]:void 0,s=arguments.length>7?arguments[7]:void 0,l=new URLSearchParams({interval:e,bucket:n});return i&&l.append(""rvol"",""true""),a&&l.append(""date"",a),r&&l.append(""exclude_multi_leg"",""true""),o(""/api/contract/"".concat(t,""/intraday?"").concat(l),c,s?{signal:s}:{})}function u(t,e,n,i){let a=e.replace(/-/g,"""").slice(2),o=String(Math.round(1e3*i)).padStart(8,""0"");return"""".concat(t,""__"").concat(a).concat(n).concat(o)}async function p(t,e,n,i){let a=new URLSearchParams;e&&a.set(""date"",e);let r=a.toString();return o(""/api/contract/"".concat(t,""/metrics"").concat(r?""?"".concat(r):""""),n,i?{signal:i}:{})}async function _(t,e,n,i){ret"
/api/contract/,/Volumes/EAGET/SKYLIT_RE/bundles/7187-dbf517257821735b.js,11525,"nts.length>2&&void 0!==arguments[2]?arguments[2]:""daily"";return""weekly""===n?l(t,e):c(t,e)}async function d(t,e,n){let i=arguments.length>3&&void 0!==arguments[3]&&arguments[3],a=arguments.length>4?arguments[4]:void 0,r=arguments.length>5&&void 0!==arguments[5]&&arguments[5],c=arguments.length>6?arguments[6]:void 0,s=arguments.length>7?arguments[7]:void 0,l=new URLSearchParams({interval:e,bucket:n});return i&&l.append(""rvol"",""true""),a&&l.append(""date"",a),r&&l.append(""exclude_multi_leg"",""true""),o(""/api/contract/"".concat(t,""/intraday?"").concat(l),c,s?{signal:s}:{})}function u(t,e,n,i){let a=e.replace(/-/g,"""").slice(2),o=String(Math.round(1e3*i)).padStart(8,""0"");return"""".concat(t,""__"").concat(a).concat(n).concat(o)}async function p(t,e,n,i){let a=new URLSearchParams;e&&a.set(""date"",e);let r=a.toString();return o(""/api/contract/"".concat(t,""/metrics"").concat(r?""?"".concat(r):""""),n,i?{signal:i}:{})}async function _(t,e,n,i){return o(""/api/contract/"".concat(t,""/since-fill?from_ts="").concat(e),n,i?{signal:i}:{})}async function g(t,e,n,i,a){return o(""/api/contract/"".concat(t,""/trades?start="").concat(e,""&end="").concat(n),i,a?{signal:a}:{})}async function v(t,e,n,i,a){if(a)return o(""/api/contract/"".concat(t,""/history?limit="").concat(a.limit,""&offset="").concat(a.offset),n);if(i){let a=new Date(new Date(i+""T00:00:00Z""));a.setUTCDate(a.getUTCDate()-Math.ceil(1.5*e));let r=a.toISOString().slice(0,10);return o(""/api/contract/"".concat(t,""/history?start_date="").concat(r,""&end_date="").concat(i),n)}return o(""/api"
/api/contracts/lookup?,/Volumes/EAGET/SKYLIT_RE/bundles/7187-dbf517257821735b.js,12813,"t a=new Date(new Date(i+""T00:00:00Z""));a.setUTCDate(a.getUTCDate()-Math.ceil(1.5*e));let r=a.toISOString().slice(0,10);return o(""/api/contract/"".concat(t,""/history?start_date="").concat(r,""&end_date="").concat(i),n)}return o(""/api/contract/"".concat(t,""/history?days="").concat(e),n)}async function h(t){let e=arguments.length>1&&void 0!==arguments[1]?arguments[1]:20,n=arguments.length>2?arguments[2]:void 0,i=arguments.length>3?arguments[3]:void 0,a=new URLSearchParams({q:t,limit:String(e)});return o(""/api/contracts/lookup?"".concat(a),n,i?{signal:i}:{})}async function S(t,e,n){let i=new URLSearchParams({ticker:t});return o(""/api/contracts/chain?"".concat(i),e,n?{signal:n}:{})}async function w(t,e){let n=arguments.length>2&&void 0!==arguments[2]?arguments[2]:15,i=arguments.length>3?arguments[3]:void 0,a=arguments.length>4&&void 0!==arguments[4]&&arguments[4],r=arguments.length>5&&void 0!==arguments[5]?arguments[5]:1,c=new URLSearchParams({ticker:t,limit:String(n)});return a&&c.set(""single_leg_only"",""true""),r>1&&c.set(""days"",String(r)),o(""/api/contracts/top?"".concat(c),e,i?{signal:i}:{})}async function y(t,e,n){let i=arguments.length>3&&void 0!==arguments[3]&&arguments[3],a=arguments.length>4?arguments[4]:void 0,r=arguments.length>5&&void 0!==arguments[5]&&arguments[5],c=arguments.length>6?arguments[6]:void 0,s=arguments.length>7?arguments[7]:void 0,l=new URLSearchParams({interval:e,bucket:n});return i&&l.append(""rvol"",""true""),a&&l.append(""date"",a),r&&l.append(""exclude_multi_leg"",""true""),o(""/api/underlying/"""
/api/contracts/chain?,/Volumes/EAGET/SKYLIT_RE/bundles/7187-dbf517257821735b.js,12938," o(""/api/contract/"".concat(t,""/history?start_date="").concat(r,""&end_date="").concat(i),n)}return o(""/api/contract/"".concat(t,""/history?days="").concat(e),n)}async function h(t){let e=arguments.length>1&&void 0!==arguments[1]?arguments[1]:20,n=arguments.length>2?arguments[2]:void 0,i=arguments.length>3?arguments[3]:void 0,a=new URLSearchParams({q:t,limit:String(e)});return o(""/api/contracts/lookup?"".concat(a),n,i?{signal:i}:{})}async function S(t,e,n){let i=new URLSearchParams({ticker:t});return o(""/api/contracts/chain?"".concat(i),e,n?{signal:n}:{})}async function w(t,e){let n=arguments.length>2&&void 0!==arguments[2]?arguments[2]:15,i=arguments.length>3?arguments[3]:void 0,a=arguments.length>4&&void 0!==arguments[4]&&arguments[4],r=arguments.length>5&&void 0!==arguments[5]?arguments[5]:1,c=new URLSearchParams({ticker:t,limit:String(n)});return a&&c.set(""single_leg_only"",""true""),r>1&&c.set(""days"",String(r)),o(""/api/contracts/top?"".concat(c),e,i?{signal:i}:{})}async function y(t,e,n){let i=arguments.length>3&&void 0!==arguments[3]&&arguments[3],a=arguments.length>4?arguments[4]:void 0,r=arguments.length>5&&void 0!==arguments[5]&&arguments[5],c=arguments.length>6?arguments[6]:void 0,s=arguments.length>7?arguments[7]:void 0,l=new URLSearchParams({interval:e,bucket:n});return i&&l.append(""rvol"",""true""),a&&l.append(""date"",a),r&&l.append(""exclude_multi_leg"",""true""),o(""/api/underlying/"".concat(t,""/intraday?"").concat(l),c,s?{signal:s}:{})}async function f(t,e,n,i){let a=new URLSearchParams;e&&a.set(""date"",e);"
/api/contracts/top?,/Volumes/EAGET/SKYLIT_RE/bundles/7187-dbf517257821735b.js,13358,"l:i}:{})}async function S(t,e,n){let i=new URLSearchParams({ticker:t});return o(""/api/contracts/chain?"".concat(i),e,n?{signal:n}:{})}async function w(t,e){let n=arguments.length>2&&void 0!==arguments[2]?arguments[2]:15,i=arguments.length>3?arguments[3]:void 0,a=arguments.length>4&&void 0!==arguments[4]&&arguments[4],r=arguments.length>5&&void 0!==arguments[5]?arguments[5]:1,c=new URLSearchParams({ticker:t,limit:String(n)});return a&&c.set(""single_leg_only"",""true""),r>1&&c.set(""days"",String(r)),o(""/api/contracts/top?"".concat(c),e,i?{signal:i}:{})}async function y(t,e,n){let i=arguments.length>3&&void 0!==arguments[3]&&arguments[3],a=arguments.length>4?arguments[4]:void 0,r=arguments.length>5&&void 0!==arguments[5]&&arguments[5],c=arguments.length>6?arguments[6]:void 0,s=arguments.length>7?arguments[7]:void 0,l=new URLSearchParams({interval:e,bucket:n});return i&&l.append(""rvol"",""true""),a&&l.append(""date"",a),r&&l.append(""exclude_multi_leg"",""true""),o(""/api/underlying/"".concat(t,""/intraday?"").concat(l),c,s?{signal:s}:{})}async function f(t,e,n,i){let a=new URLSearchParams;e&&a.set(""date"",e);let r=a.toString();return o(""/api/underlying/"".concat(t,""/metrics"").concat(r?""?"".concat(r):""""),n,i?{signal:i}:{})}async function k(){let t=arguments.length>0&&void 0!==arguments[0]?arguments[0]:{},e=arguments.length>1?arguments[1]:void 0,n=arguments.length>2?arguments[2]:void 0,i=new URLSearchParams;null!=t.days&&i.set(""days"",String(t.days)),null!=t.limit&&i.set(""limit"",String(t.limit)),null!=t.minPremium&&i.set(""m"
/api/underlying/,/Volumes/EAGET/SKYLIT_RE/bundles/7187-dbf517257821735b.js,13819,"""true""),r>1&&c.set(""days"",String(r)),o(""/api/contracts/top?"".concat(c),e,i?{signal:i}:{})}async function y(t,e,n){let i=arguments.length>3&&void 0!==arguments[3]&&arguments[3],a=arguments.length>4?arguments[4]:void 0,r=arguments.length>5&&void 0!==arguments[5]&&arguments[5],c=arguments.length>6?arguments[6]:void 0,s=arguments.length>7?arguments[7]:void 0,l=new URLSearchParams({interval:e,bucket:n});return i&&l.append(""rvol"",""true""),a&&l.append(""date"",a),r&&l.append(""exclude_multi_leg"",""true""),o(""/api/underlying/"".concat(t,""/intraday?"").concat(l),c,s?{signal:s}:{})}async function f(t,e,n,i){let a=new URLSearchParams;e&&a.set(""date"",e);let r=a.toString();return o(""/api/underlying/"".concat(t,""/metrics"").concat(r?""?"".concat(r):""""),n,i?{signal:i}:{})}async function k(){let t=arguments.length>0&&void 0!==arguments[0]?arguments[0]:{},e=arguments.length>1?arguments[1]:void 0,n=arguments.length>2?arguments[2]:void 0,i=new URLSearchParams;null!=t.days&&i.set(""days"",String(t.days)),null!=t.limit&&i.set(""limit"",String(t.limit)),null!=t.minPremium&&i.set(""min_premium"",String(t.minPremium));let a=i.toString()?""?"".concat(i.toString()):"""";return o(""/api/calendar/earnings"".concat(a),e,n?{signal:n}:{})}async function x(t,e,n,i,a,r){var c;let s=new URLSearchParams({start:String(e),end:String(n)});return(null==r?void 0:r.excludeMultiLeg)&&s.set(""exclude_multi_leg"",""true""),(null==r?void 0:r.moneyness)&&s.set(""moneyness"",r.moneyness),(null==r?void 0:r.minDte)!=null&&s.set(""min_dte"",String(r.minDte)),(null==r?void 0"
/api/calendar/earnings,/Volumes/EAGET/SKYLIT_RE/bundles/7187-dbf517257821735b.js,14469,"toString();return o(""/api/underlying/"".concat(t,""/metrics"").concat(r?""?"".concat(r):""""),n,i?{signal:i}:{})}async function k(){let t=arguments.length>0&&void 0!==arguments[0]?arguments[0]:{},e=arguments.length>1?arguments[1]:void 0,n=arguments.length>2?arguments[2]:void 0,i=new URLSearchParams;null!=t.days&&i.set(""days"",String(t.days)),null!=t.limit&&i.set(""limit"",String(t.limit)),null!=t.minPremium&&i.set(""min_premium"",String(t.minPremium));let a=i.toString()?""?"".concat(i.toString()):"""";return o(""/api/calendar/earnings"".concat(a),e,n?{signal:n}:{})}async function x(t,e,n,i,a,r){var c;let s=new URLSearchParams({start:String(e),end:String(n)});return(null==r?void 0:r.excludeMultiLeg)&&s.set(""exclude_multi_leg"",""true""),(null==r?void 0:r.moneyness)&&s.set(""moneyness"",r.moneyness),(null==r?void 0:r.minDte)!=null&&s.set(""min_dte"",String(r.minDte)),(null==r?void 0:r.maxDte)!=null&&s.set(""max_dte"",String(r.maxDte)),(null==r?void 0:r.minPremium)!=null&&s.set(""min_premium"",String(r.minPremium)),s.set(""limit"",String(null!=(c=null==r?void 0:r.limit)?c:500)),o(""/api/underlying/"".concat(t,""/trades?"").concat(s),i,a?{signal:a}:{})}async function P(t,e,n,i,a,r,c){let s=new URLSearchParams({start:String(e),end:String(n),bucket:i});return(null==a?void 0:a.singleLegOnly)&&s.set(""single_leg_only"",""true""),(null==a?void 0:a.multiLegOnly)&&s.set(""multi_leg_only"",""true""),(null==a?void 0:a.moneyness)&&s.set(""moneyness"",a.moneyness),(null==a?void 0:a.showItm)===!1&&s.set(""show_itm"",""false""),(null==a?void 0:a.showAtm)===!1&&s.s"
/api/opra-agreement,/Volumes/EAGET/SKYLIT_RE/bundles/7187-dbf517257821735b.js,18566,"cat(t,""/distribution?"").concat(r),i)}async function U(t,e,n,i,a,r){let c=new URLSearchParams({interval:n});return i&&""all""!==i&&c.append(""dte_filter"",i),r&&c.append(""date"",r),o(""/api/underlying/"".concat(t,""/strike/"").concat(e,""/expirations?"").concat(c),a)}async function O(t,e,n,i,a,r){let c=new URLSearchParams({interval:e});return n&&c.append(""date"",n),i&&c.append(""exclude_multi_leg"",""true""),o(""/api/underlying/"".concat(t,""/net-premium?"").concat(c),a,r?{signal:r}:{})}async function R(t){return o(""/api/opra-agreement"",t)}async function L(t,e){return o(""/api/opra-agreement"",e,{method:""POST"",headers:{""Content-Type"":""application/json""},body:JSON.stringify(t)})}async function T(t,e){return o(""/api/preferences?user_id="".concat(encodeURIComponent(t)),e)}async function I(t,e,n){return o(""/api/preferences"",n,{method:""PUT"",headers:{""Content-Type"":""application/json""},body:JSON.stringify({user_id:t,preferences:e})})}async function D(t,e){return o(""/api/keys"",e,{method:""POST"",headers:{""Content-Type"":""application/json""},body:JSON.stringify({name:t})})}async function A(t){return o(""/api/keys"",t)}async function E(t,e){return o(""/api/keys/"".concat(encodeURIComponent(t)),e,{method:""DELETE""})}function N(t){var e,n;return"""".concat(null!=(e=t._ts_event)?e:0,""_"").concat(null!=(n=t._raw_symbol)?n:t.ticker)}async function B(t){return(await o(""/api/saved-trades"",t)).trades}async function j(t,e,n){await o(""/api/saved-trades"",e,{method:""POST"",headers:{""Content-Type"":""application/json""},body:JSON.stringify({trade_key:null!=n"
/api/preferences?user_id=,/Volumes/EAGET/SKYLIT_RE/bundles/7187-dbf517257821735b.js,18761,".concat(t,""/strike/"").concat(e,""/expirations?"").concat(c),a)}async function O(t,e,n,i,a,r){let c=new URLSearchParams({interval:e});return n&&c.append(""date"",n),i&&c.append(""exclude_multi_leg"",""true""),o(""/api/underlying/"".concat(t,""/net-premium?"").concat(c),a,r?{signal:r}:{})}async function R(t){return o(""/api/opra-agreement"",t)}async function L(t,e){return o(""/api/opra-agreement"",e,{method:""POST"",headers:{""Content-Type"":""application/json""},body:JSON.stringify(t)})}async function T(t,e){return o(""/api/preferences?user_id="".concat(encodeURIComponent(t)),e)}async function I(t,e,n){return o(""/api/preferences"",n,{method:""PUT"",headers:{""Content-Type"":""application/json""},body:JSON.stringify({user_id:t,preferences:e})})}async function D(t,e){return o(""/api/keys"",e,{method:""POST"",headers:{""Content-Type"":""application/json""},body:JSON.stringify({name:t})})}async function A(t){return o(""/api/keys"",t)}async function E(t,e){return o(""/api/keys/"".concat(encodeURIComponent(t)),e,{method:""DELETE""})}function N(t){var e,n;return"""".concat(null!=(e=t._ts_event)?e:0,""_"").concat(null!=(n=t._raw_symbol)?n:t.ticker)}async function B(t){return(await o(""/api/saved-trades"",t)).trades}async function j(t,e,n){await o(""/api/saved-trades"",e,{method:""POST"",headers:{""Content-Type"":""application/json""},body:JSON.stringify({trade_key:null!=n?n:N(t),trade_data:t})})}async function M(t,e){await o(""/api/saved-trades/"".concat(encodeURIComponent(t)),e,{method:""DELETE""})}function J(t){let e=t.right.trim().toUpperCase().startsWith(""P"")?""P"":""C"",n"
/api/preferences,/Volumes/EAGET/SKYLIT_RE/bundles/7187-dbf517257821735b.js,18855," c=new URLSearchParams({interval:e});return n&&c.append(""date"",n),i&&c.append(""exclude_multi_leg"",""true""),o(""/api/underlying/"".concat(t,""/net-premium?"").concat(c),a,r?{signal:r}:{})}async function R(t){return o(""/api/opra-agreement"",t)}async function L(t,e){return o(""/api/opra-agreement"",e,{method:""POST"",headers:{""Content-Type"":""application/json""},body:JSON.stringify(t)})}async function T(t,e){return o(""/api/preferences?user_id="".concat(encodeURIComponent(t)),e)}async function I(t,e,n){return o(""/api/preferences"",n,{method:""PUT"",headers:{""Content-Type"":""application/json""},body:JSON.stringify({user_id:t,preferences:e})})}async function D(t,e){return o(""/api/keys"",e,{method:""POST"",headers:{""Content-Type"":""application/json""},body:JSON.stringify({name:t})})}async function A(t){return o(""/api/keys"",t)}async function E(t,e){return o(""/api/keys/"".concat(encodeURIComponent(t)),e,{method:""DELETE""})}function N(t){var e,n;return"""".concat(null!=(e=t._ts_event)?e:0,""_"").concat(null!=(n=t._raw_symbol)?n:t.ticker)}async function B(t){return(await o(""/api/saved-trades"",t)).trades}async function j(t,e,n){await o(""/api/saved-trades"",e,{method:""POST"",headers:{""Content-Type"":""application/json""},body:JSON.stringify({trade_key:null!=n?n:N(t),trade_data:t})})}async function M(t,e){await o(""/api/saved-trades/"".concat(encodeURIComponent(t)),e,{method:""DELETE""})}function J(t){let e=t.right.trim().toUpperCase().startsWith(""P"")?""P"":""C"",n=t.strike.toFixed(3).replace(/0+$/,"""").replace(/\.$/,"""");return"""".concat(t.ticker.toU"
/api/keys,/Volumes/EAGET/SKYLIT_RE/bundles/7187-dbf517257821735b.js,19014,"(c),a,r?{signal:r}:{})}async function R(t){return o(""/api/opra-agreement"",t)}async function L(t,e){return o(""/api/opra-agreement"",e,{method:""POST"",headers:{""Content-Type"":""application/json""},body:JSON.stringify(t)})}async function T(t,e){return o(""/api/preferences?user_id="".concat(encodeURIComponent(t)),e)}async function I(t,e,n){return o(""/api/preferences"",n,{method:""PUT"",headers:{""Content-Type"":""application/json""},body:JSON.stringify({user_id:t,preferences:e})})}async function D(t,e){return o(""/api/keys"",e,{method:""POST"",headers:{""Content-Type"":""application/json""},body:JSON.stringify({name:t})})}async function A(t){return o(""/api/keys"",t)}async function E(t,e){return o(""/api/keys/"".concat(encodeURIComponent(t)),e,{method:""DELETE""})}function N(t){var e,n;return"""".concat(null!=(e=t._ts_event)?e:0,""_"").concat(null!=(n=t._raw_symbol)?n:t.ticker)}async function B(t){return(await o(""/api/saved-trades"",t)).trades}async function j(t,e,n){await o(""/api/saved-trades"",e,{method:""POST"",headers:{""Content-Type"":""application/json""},body:JSON.stringify({trade_key:null!=n?n:N(t),trade_data:t})})}async function M(t,e){await o(""/api/saved-trades/"".concat(encodeURIComponent(t)),e,{method:""DELETE""})}function J(t){let e=t.right.trim().toUpperCase().startsWith(""P"")?""P"":""C"",n=t.strike.toFixed(3).replace(/0+$/,"""").replace(/\.$/,"""");return"""".concat(t.ticker.toUpperCase(),"":"").concat(t.expiration,"":"").concat(n,"":"").concat(e)}async function F(t){return(await o(""/api/tracked-contracts"",t)).contracts}async functio"
/api/keys/,/Volumes/EAGET/SKYLIT_RE/bundles/7187-dbf517257821735b.js,19194,"ion/json""},body:JSON.stringify(t)})}async function T(t,e){return o(""/api/preferences?user_id="".concat(encodeURIComponent(t)),e)}async function I(t,e,n){return o(""/api/preferences"",n,{method:""PUT"",headers:{""Content-Type"":""application/json""},body:JSON.stringify({user_id:t,preferences:e})})}async function D(t,e){return o(""/api/keys"",e,{method:""POST"",headers:{""Content-Type"":""application/json""},body:JSON.stringify({name:t})})}async function A(t){return o(""/api/keys"",t)}async function E(t,e){return o(""/api/keys/"".concat(encodeURIComponent(t)),e,{method:""DELETE""})}function N(t){var e,n;return"""".concat(null!=(e=t._ts_event)?e:0,""_"").concat(null!=(n=t._raw_symbol)?n:t.ticker)}async function B(t){return(await o(""/api/saved-trades"",t)).trades}async function j(t,e,n){await o(""/api/saved-trades"",e,{method:""POST"",headers:{""Content-Type"":""application/json""},body:JSON.stringify({trade_key:null!=n?n:N(t),trade_data:t})})}async function M(t,e){await o(""/api/saved-trades/"".concat(encodeURIComponent(t)),e,{method:""DELETE""})}function J(t){let e=t.right.trim().toUpperCase().startsWith(""P"")?""P"":""C"",n=t.strike.toFixed(3).replace(/0+$/,"""").replace(/\.$/,"""");return"""".concat(t.ticker.toUpperCase(),"":"").concat(t.expiration,"":"").concat(n,"":"").concat(e)}async function F(t){return(await o(""/api/tracked-contracts"",t)).contracts}async function V(t,e){return(await o(""/api/tracked-contracts"",e,{method:""POST"",headers:{""Content-Type"":""application/json""},body:JSON.stringify(t)})).contract_key}async function z(t,e){await o(""/"
/api/saved-trades,/Volumes/EAGET/SKYLIT_RE/bundles/7187-dbf517257821735b.js,19405,"nt-Type"":""application/json""},body:JSON.stringify({user_id:t,preferences:e})})}async function D(t,e){return o(""/api/keys"",e,{method:""POST"",headers:{""Content-Type"":""application/json""},body:JSON.stringify({name:t})})}async function A(t){return o(""/api/keys"",t)}async function E(t,e){return o(""/api/keys/"".concat(encodeURIComponent(t)),e,{method:""DELETE""})}function N(t){var e,n;return"""".concat(null!=(e=t._ts_event)?e:0,""_"").concat(null!=(n=t._raw_symbol)?n:t.ticker)}async function B(t){return(await o(""/api/saved-trades"",t)).trades}async function j(t,e,n){await o(""/api/saved-trades"",e,{method:""POST"",headers:{""Content-Type"":""application/json""},body:JSON.stringify({trade_key:null!=n?n:N(t),trade_data:t})})}async function M(t,e){await o(""/api/saved-trades/"".concat(encodeURIComponent(t)),e,{method:""DELETE""})}function J(t){let e=t.right.trim().toUpperCase().startsWith(""P"")?""P"":""C"",n=t.strike.toFixed(3).replace(/0+$/,"""").replace(/\.$/,"""");return"""".concat(t.ticker.toUpperCase(),"":"").concat(t.expiration,"":"").concat(n,"":"").concat(e)}async function F(t){return(await o(""/api/tracked-contracts"",t)).contracts}async function V(t,e){return(await o(""/api/tracked-contracts"",e,{method:""POST"",headers:{""Content-Type"":""application/json""},body:JSON.stringify(t)})).contract_key}async function z(t,e){await o(""/api/tracked-contracts/"".concat(encodeURIComponent(t)),e,{method:""DELETE""})}async function X(t){return(await o(""/api/saved-trades/check-closes"",t,{method:""POST""})).closed}async function q(t,e){await o(""/api/saved-trades"
/api/saved-trades/,/Volumes/EAGET/SKYLIT_RE/bundles/7187-dbf517257821735b.js,19642,"urn o(""/api/keys"",t)}async function E(t,e){return o(""/api/keys/"".concat(encodeURIComponent(t)),e,{method:""DELETE""})}function N(t){var e,n;return"""".concat(null!=(e=t._ts_event)?e:0,""_"").concat(null!=(n=t._raw_symbol)?n:t.ticker)}async function B(t){return(await o(""/api/saved-trades"",t)).trades}async function j(t,e,n){await o(""/api/saved-trades"",e,{method:""POST"",headers:{""Content-Type"":""application/json""},body:JSON.stringify({trade_key:null!=n?n:N(t),trade_data:t})})}async function M(t,e){await o(""/api/saved-trades/"".concat(encodeURIComponent(t)),e,{method:""DELETE""})}function J(t){let e=t.right.trim().toUpperCase().startsWith(""P"")?""P"":""C"",n=t.strike.toFixed(3).replace(/0+$/,"""").replace(/\.$/,"""");return"""".concat(t.ticker.toUpperCase(),"":"").concat(t.expiration,"":"").concat(n,"":"").concat(e)}async function F(t){return(await o(""/api/tracked-contracts"",t)).contracts}async function V(t,e){return(await o(""/api/tracked-contracts"",e,{method:""POST"",headers:{""Content-Type"":""application/json""},body:JSON.stringify(t)})).contract_key}async function z(t,e){await o(""/api/tracked-contracts/"".concat(encodeURIComponent(t)),e,{method:""DELETE""})}async function X(t){return(await o(""/api/saved-trades/check-closes"",t,{method:""POST""})).closed}async function q(t,e){await o(""/api/saved-trades/"".concat(encodeURIComponent(t),""/dismiss""),e,{method:""PATCH""})}async function $(t,e){return 0===t.length?{}:(await o(""/api/saved-trades/quotes"",e,{method:""POST"",headers:{""Content-Type"":""application/json""},body:JSON.stringify({contracts:t"
/api/tracked-contracts,/Volumes/EAGET/SKYLIT_RE/bundles/7187-dbf517257821735b.js,19973,"/saved-trades"",e,{method:""POST"",headers:{""Content-Type"":""application/json""},body:JSON.stringify({trade_key:null!=n?n:N(t),trade_data:t})})}async function M(t,e){await o(""/api/saved-trades/"".concat(encodeURIComponent(t)),e,{method:""DELETE""})}function J(t){let e=t.right.trim().toUpperCase().startsWith(""P"")?""P"":""C"",n=t.strike.toFixed(3).replace(/0+$/,"""").replace(/\.$/,"""");return"""".concat(t.ticker.toUpperCase(),"":"").concat(t.expiration,"":"").concat(n,"":"").concat(e)}async function F(t){return(await o(""/api/tracked-contracts"",t)).contracts}async function V(t,e){return(await o(""/api/tracked-contracts"",e,{method:""POST"",headers:{""Content-Type"":""application/json""},body:JSON.stringify(t)})).contract_key}async function z(t,e){await o(""/api/tracked-contracts/"".concat(encodeURIComponent(t)),e,{method:""DELETE""})}async function X(t){return(await o(""/api/saved-trades/check-closes"",t,{method:""POST""})).closed}async function q(t,e){await o(""/api/saved-trades/"".concat(encodeURIComponent(t),""/dismiss""),e,{method:""PATCH""})}async function $(t,e){return 0===t.length?{}:(await o(""/api/saved-trades/quotes"",e,{method:""POST"",headers:{""Content-Type"":""application/json""},body:JSON.stringify({contracts:t})})).quotes}async function Q(t){return o(""/api/discord-channels"",t)}async function W(t,e,n,i){let a={};return t&&(a.channels=t),void 0!==e&&(a.message_template=e),void 0!==n&&(a.include_open_link=n),o(""/api/discord-channels"",i,{method:""PUT"",headers:{""Content-Type"":""application/json""},body:JSON.stringify(a)})}async function Z(t,e){aw"
/api/tracked-contracts/,/Volumes/EAGET/SKYLIT_RE/bundles/7187-dbf517257821735b.js,20204,"DELETE""})}function J(t){let e=t.right.trim().toUpperCase().startsWith(""P"")?""P"":""C"",n=t.strike.toFixed(3).replace(/0+$/,"""").replace(/\.$/,"""");return"""".concat(t.ticker.toUpperCase(),"":"").concat(t.expiration,"":"").concat(n,"":"").concat(e)}async function F(t){return(await o(""/api/tracked-contracts"",t)).contracts}async function V(t,e){return(await o(""/api/tracked-contracts"",e,{method:""POST"",headers:{""Content-Type"":""application/json""},body:JSON.stringify(t)})).contract_key}async function z(t,e){await o(""/api/tracked-contracts/"".concat(encodeURIComponent(t)),e,{method:""DELETE""})}async function X(t){return(await o(""/api/saved-trades/check-closes"",t,{method:""POST""})).closed}async function q(t,e){await o(""/api/saved-trades/"".concat(encodeURIComponent(t),""/dismiss""),e,{method:""PATCH""})}async function $(t,e){return 0===t.length?{}:(await o(""/api/saved-trades/quotes"",e,{method:""POST"",headers:{""Content-Type"":""application/json""},body:JSON.stringify({contracts:t})})).quotes}async function Q(t){return o(""/api/discord-channels"",t)}async function W(t,e,n,i){let a={};return t&&(a.channels=t),void 0!==e&&(a.message_template=e),void 0!==n&&(a.include_open_link=n),o(""/api/discord-channels"",i,{method:""PUT"",headers:{""Content-Type"":""application/json""},body:JSON.stringify(a)})}async function Z(t,e){await o(""/api/discord/test"",e,{method:""POST"",headers:{""Content-Type"":""application/json""},body:JSON.stringify({channel_id:t})})}async function H(t,e){return o(""/api/admin/users/"".concat(encodeURIComponent(t),""/discord-channels""),e)}asy"
/api/saved-trades/check-closes,/Volumes/EAGET/SKYLIT_RE/bundles/7187-dbf517257821735b.js,20316,"(/0+$/,"""").replace(/\.$/,"""");return"""".concat(t.ticker.toUpperCase(),"":"").concat(t.expiration,"":"").concat(n,"":"").concat(e)}async function F(t){return(await o(""/api/tracked-contracts"",t)).contracts}async function V(t,e){return(await o(""/api/tracked-contracts"",e,{method:""POST"",headers:{""Content-Type"":""application/json""},body:JSON.stringify(t)})).contract_key}async function z(t,e){await o(""/api/tracked-contracts/"".concat(encodeURIComponent(t)),e,{method:""DELETE""})}async function X(t){return(await o(""/api/saved-trades/check-closes"",t,{method:""POST""})).closed}async function q(t,e){await o(""/api/saved-trades/"".concat(encodeURIComponent(t),""/dismiss""),e,{method:""PATCH""})}async function $(t,e){return 0===t.length?{}:(await o(""/api/saved-trades/quotes"",e,{method:""POST"",headers:{""Content-Type"":""application/json""},body:JSON.stringify({contracts:t})})).quotes}async function Q(t){return o(""/api/discord-channels"",t)}async function W(t,e,n,i){let a={};return t&&(a.channels=t),void 0!==e&&(a.message_template=e),void 0!==n&&(a.include_open_link=n),o(""/api/discord-channels"",i,{method:""PUT"",headers:{""Content-Type"":""application/json""},body:JSON.stringify(a)})}async function Z(t,e){await o(""/api/discord/test"",e,{method:""POST"",headers:{""Content-Type"":""application/json""},body:JSON.stringify({channel_id:t})})}async function H(t,e){return o(""/api/admin/users/"".concat(encodeURIComponent(t),""/discord-channels""),e)}async function G(t,e,n){return o(""/api/admin/users/"".concat(encodeURIComponent(t),""/discord-channels""),n,{method:""POST"",he"
/api/saved-trades/quotes,/Volumes/EAGET/SKYLIT_RE/bundles/7187-dbf517257821735b.js,20542,"wait o(""/api/tracked-contracts"",e,{method:""POST"",headers:{""Content-Type"":""application/json""},body:JSON.stringify(t)})).contract_key}async function z(t,e){await o(""/api/tracked-contracts/"".concat(encodeURIComponent(t)),e,{method:""DELETE""})}async function X(t){return(await o(""/api/saved-trades/check-closes"",t,{method:""POST""})).closed}async function q(t,e){await o(""/api/saved-trades/"".concat(encodeURIComponent(t),""/dismiss""),e,{method:""PATCH""})}async function $(t,e){return 0===t.length?{}:(await o(""/api/saved-trades/quotes"",e,{method:""POST"",headers:{""Content-Type"":""application/json""},body:JSON.stringify({contracts:t})})).quotes}async function Q(t){return o(""/api/discord-channels"",t)}async function W(t,e,n,i){let a={};return t&&(a.channels=t),void 0!==e&&(a.message_template=e),void 0!==n&&(a.include_open_link=n),o(""/api/discord-channels"",i,{method:""PUT"",headers:{""Content-Type"":""application/json""},body:JSON.stringify(a)})}async function Z(t,e){await o(""/api/discord/test"",e,{method:""POST"",headers:{""Content-Type"":""application/json""},body:JSON.stringify({channel_id:t})})}async function H(t,e){return o(""/api/admin/users/"".concat(encodeURIComponent(t),""/discord-channels""),e)}async function G(t,e,n){return o(""/api/admin/users/"".concat(encodeURIComponent(t),""/discord-channels""),n,{method:""POST"",headers:{""Content-Type"":""application/json""},body:JSON.stringify(e)})}async function K(t,e,n){await o(""/api/admin/users/"".concat(encodeURIComponent(t),""/discord-channels/"").concat(encodeURIComponent(e),""/test""),n,{method:""P"
/api/discord-channels,/Volumes/EAGET/SKYLIT_RE/bundles/7187-dbf517257821735b.js,20704,"""/api/tracked-contracts/"".concat(encodeURIComponent(t)),e,{method:""DELETE""})}async function X(t){return(await o(""/api/saved-trades/check-closes"",t,{method:""POST""})).closed}async function q(t,e){await o(""/api/saved-trades/"".concat(encodeURIComponent(t),""/dismiss""),e,{method:""PATCH""})}async function $(t,e){return 0===t.length?{}:(await o(""/api/saved-trades/quotes"",e,{method:""POST"",headers:{""Content-Type"":""application/json""},body:JSON.stringify({contracts:t})})).quotes}async function Q(t){return o(""/api/discord-channels"",t)}async function W(t,e,n,i){let a={};return t&&(a.channels=t),void 0!==e&&(a.message_template=e),void 0!==n&&(a.include_open_link=n),o(""/api/discord-channels"",i,{method:""PUT"",headers:{""Content-Type"":""application/json""},body:JSON.stringify(a)})}async function Z(t,e){await o(""/api/discord/test"",e,{method:""POST"",headers:{""Content-Type"":""application/json""},body:JSON.stringify({channel_id:t})})}async function H(t,e){return o(""/api/admin/users/"".concat(encodeURIComponent(t),""/discord-channels""),e)}async function G(t,e,n){return o(""/api/admin/users/"".concat(encodeURIComponent(t),""/discord-channels""),n,{method:""POST"",headers:{""Content-Type"":""application/json""},body:JSON.stringify(e)})}async function K(t,e,n){await o(""/api/admin/users/"".concat(encodeURIComponent(t),""/discord-channels/"").concat(encodeURIComponent(e),""/test""),n,{method:""POST""})}async function Y(t,e,n){return o(""/api/admin/users/"".concat(encodeURIComponent(t),""/discord-channels/"").concat(encodeURIComponent(e)),n,{method:""DELETE"""
/api/discord/test,/Volumes/EAGET/SKYLIT_RE/bundles/7187-dbf517257821735b.js,21003,"$(t,e){return 0===t.length?{}:(await o(""/api/saved-trades/quotes"",e,{method:""POST"",headers:{""Content-Type"":""application/json""},body:JSON.stringify({contracts:t})})).quotes}async function Q(t){return o(""/api/discord-channels"",t)}async function W(t,e,n,i){let a={};return t&&(a.channels=t),void 0!==e&&(a.message_template=e),void 0!==n&&(a.include_open_link=n),o(""/api/discord-channels"",i,{method:""PUT"",headers:{""Content-Type"":""application/json""},body:JSON.stringify(a)})}async function Z(t,e){await o(""/api/discord/test"",e,{method:""POST"",headers:{""Content-Type"":""application/json""},body:JSON.stringify({channel_id:t})})}async function H(t,e){return o(""/api/admin/users/"".concat(encodeURIComponent(t),""/discord-channels""),e)}async function G(t,e,n){return o(""/api/admin/users/"".concat(encodeURIComponent(t),""/discord-channels""),n,{method:""POST"",headers:{""Content-Type"":""application/json""},body:JSON.stringify(e)})}async function K(t,e,n){await o(""/api/admin/users/"".concat(encodeURIComponent(t),""/discord-channels/"").concat(encodeURIComponent(e),""/test""),n,{method:""POST""})}async function Y(t,e,n){return o(""/api/admin/users/"".concat(encodeURIComponent(t),""/discord-channels/"").concat(encodeURIComponent(e)),n,{method:""DELETE""})}async function tt(t,e,n,i,a){await o(""/api/discord/share"",a,{method:""POST"",headers:{""Content-Type"":""application/json""},body:JSON.stringify({channel_id:t,image_base64:e,...n,custom_message:i})})}async function te(t,e){var n;let i=new URLSearchParams;t&&t.length>0&&i.set(""tickers"",t.join("",""))"
/api/admin/users/,/Volumes/EAGET/SKYLIT_RE/bundles/7187-dbf517257821735b.js,21153,"ntracts:t})})).quotes}async function Q(t){return o(""/api/discord-channels"",t)}async function W(t,e,n,i){let a={};return t&&(a.channels=t),void 0!==e&&(a.message_template=e),void 0!==n&&(a.include_open_link=n),o(""/api/discord-channels"",i,{method:""PUT"",headers:{""Content-Type"":""application/json""},body:JSON.stringify(a)})}async function Z(t,e){await o(""/api/discord/test"",e,{method:""POST"",headers:{""Content-Type"":""application/json""},body:JSON.stringify({channel_id:t})})}async function H(t,e){return o(""/api/admin/users/"".concat(encodeURIComponent(t),""/discord-channels""),e)}async function G(t,e,n){return o(""/api/admin/users/"".concat(encodeURIComponent(t),""/discord-channels""),n,{method:""POST"",headers:{""Content-Type"":""application/json""},body:JSON.stringify(e)})}async function K(t,e,n){await o(""/api/admin/users/"".concat(encodeURIComponent(t),""/discord-channels/"").concat(encodeURIComponent(e),""/test""),n,{method:""POST""})}async function Y(t,e,n){return o(""/api/admin/users/"".concat(encodeURIComponent(t),""/discord-channels/"").concat(encodeURIComponent(e)),n,{method:""DELETE""})}async function tt(t,e,n,i,a){await o(""/api/discord/share"",a,{method:""POST"",headers:{""Content-Type"":""application/json""},body:JSON.stringify({channel_id:t,image_base64:e,...n,custom_message:i})})}async function te(t,e){var n;let i=new URLSearchParams;t&&t.length>0&&i.set(""tickers"",t.join("",""));let a=i.toString();return null!=(n=(await o(""/api/market/overview"".concat(a?""?"".concat(a):""""),e)).data)?n:null}async function tn(){var t;let e=argume"
/api/discord/share,/Volumes/EAGET/SKYLIT_RE/bundles/7187-dbf517257821735b.js,21767,"min/users/"".concat(encodeURIComponent(t),""/discord-channels""),n,{method:""POST"",headers:{""Content-Type"":""application/json""},body:JSON.stringify(e)})}async function K(t,e,n){await o(""/api/admin/users/"".concat(encodeURIComponent(t),""/discord-channels/"").concat(encodeURIComponent(e),""/test""),n,{method:""POST""})}async function Y(t,e,n){return o(""/api/admin/users/"".concat(encodeURIComponent(t),""/discord-channels/"").concat(encodeURIComponent(e)),n,{method:""DELETE""})}async function tt(t,e,n,i,a){await o(""/api/discord/share"",a,{method:""POST"",headers:{""Content-Type"":""application/json""},body:JSON.stringify({channel_id:t,image_base64:e,...n,custom_message:i})})}async function te(t,e){var n;let i=new URLSearchParams;t&&t.length>0&&i.set(""tickers"",t.join("",""));let a=i.toString();return null!=(n=(await o(""/api/market/overview"".concat(a?""?"".concat(a):""""),e)).data)?n:null}async function tn(){var t;let e=arguments.length>0&&void 0!==arguments[0]?arguments[0]:""1D"",n=arguments.length>1&&void 0!==arguments[1]?arguments[1]:""1min"",i=arguments.length>2?arguments[2]:void 0,a=arguments.length>3?arguments[3]:void 0,r=arguments.length>4?arguments[4]:void 0,c=new URLSearchParams({interval:e,bucket:n});return i&&c.set(""date"",i),null!=(t=(await o(""/api/market/tide?"".concat(c.toString()),a,r?{signal:r}:{})).data)?t:null}async function ti(t,e,n){let i=new URLSearchParams({group_id:t});return n&&i.set(""trade_date"",n),o(""/api/strategy/legs?"".concat(i.toString()),e)}let ta=200;async function to(t,e,n){var i;return 0===t.length?{}:n"
/api/market/overview,/Volumes/EAGET/SKYLIT_RE/bundles/7187-dbf517257821735b.js,22067,"POST""})}async function Y(t,e,n){return o(""/api/admin/users/"".concat(encodeURIComponent(t),""/discord-channels/"").concat(encodeURIComponent(e)),n,{method:""DELETE""})}async function tt(t,e,n,i,a){await o(""/api/discord/share"",a,{method:""POST"",headers:{""Content-Type"":""application/json""},body:JSON.stringify({channel_id:t,image_base64:e,...n,custom_message:i})})}async function te(t,e){var n;let i=new URLSearchParams;t&&t.length>0&&i.set(""tickers"",t.join("",""));let a=i.toString();return null!=(n=(await o(""/api/market/overview"".concat(a?""?"".concat(a):""""),e)).data)?n:null}async function tn(){var t;let e=arguments.length>0&&void 0!==arguments[0]?arguments[0]:""1D"",n=arguments.length>1&&void 0!==arguments[1]?arguments[1]:""1min"",i=arguments.length>2?arguments[2]:void 0,a=arguments.length>3?arguments[3]:void 0,r=arguments.length>4?arguments[4]:void 0,c=new URLSearchParams({interval:e,bucket:n});return i&&c.set(""date"",i),null!=(t=(await o(""/api/market/tide?"".concat(c.toString()),a,r?{signal:r}:{})).data)?t:null}async function ti(t,e,n){let i=new URLSearchParams({group_id:t});return n&&i.set(""trade_date"",n),o(""/api/strategy/legs?"".concat(i.toString()),e)}let ta=200;async function to(t,e,n){var i;return 0===t.length?{}:null!=(i=(await o(""/api/cross-hedge/links"",e,{method:""POST"",headers:{""Content-Type"":""application/json""},body:JSON.stringify({trades:t.slice(0,ta)}),...n?{signal:n}:{}})).links)?i:{}}async function tr(){let t=arguments.length>0&&void 0!==arguments[0]?arguments[0]:{},e=arguments.length>1?arguments[1]:voi"
/api/market/tide?,/Volumes/EAGET/SKYLIT_RE/bundles/7187-dbf517257821735b.js,22502,"ickers"",t.join("",""));let a=i.toString();return null!=(n=(await o(""/api/market/overview"".concat(a?""?"".concat(a):""""),e)).data)?n:null}async function tn(){var t;let e=arguments.length>0&&void 0!==arguments[0]?arguments[0]:""1D"",n=arguments.length>1&&void 0!==arguments[1]?arguments[1]:""1min"",i=arguments.length>2?arguments[2]:void 0,a=arguments.length>3?arguments[3]:void 0,r=arguments.length>4?arguments[4]:void 0,c=new URLSearchParams({interval:e,bucket:n});return i&&c.set(""date"",i),null!=(t=(await o(""/api/market/tide?"".concat(c.toString()),a,r?{signal:r}:{})).data)?t:null}async function ti(t,e,n){let i=new URLSearchParams({group_id:t});return n&&i.set(""trade_date"",n),o(""/api/strategy/legs?"".concat(i.toString()),e)}let ta=200;async function to(t,e,n){var i;return 0===t.length?{}:null!=(i=(await o(""/api/cross-hedge/links"",e,{method:""POST"",headers:{""Content-Type"":""application/json""},body:JSON.stringify({trades:t.slice(0,ta)}),...n?{signal:n}:{}})).links)?i:{}}async function tr(){let t=arguments.length>0&&void 0!==arguments[0]?arguments[0]:{},e=arguments.length>1?arguments[1]:void 0,n=arguments.length>2?arguments[2]:void 0,i=(function(t){let e=new URLSearchParams;return t.date&&e.set(""date"",t.date),t.date_start&&e.set(""date_start"",t.date_start),t.date_end&&e.set(""date_end"",t.date_end),t.time_start&&e.set(""time_start"",t.time_start),t.time_end&&e.set(""time_end"",t.time_end),t.tickers&&e.set(""tickers"",t.tickers),null!=t.min_notional&&e.set(""min_notional"",String(t.min_notional)),null!=t.max_notional&&e.set("""
/api/strategy/legs?,/Volumes/EAGET/SKYLIT_RE/bundles/7187-dbf517257821735b.js,22675,".length>0&&void 0!==arguments[0]?arguments[0]:""1D"",n=arguments.length>1&&void 0!==arguments[1]?arguments[1]:""1min"",i=arguments.length>2?arguments[2]:void 0,a=arguments.length>3?arguments[3]:void 0,r=arguments.length>4?arguments[4]:void 0,c=new URLSearchParams({interval:e,bucket:n});return i&&c.set(""date"",i),null!=(t=(await o(""/api/market/tide?"".concat(c.toString()),a,r?{signal:r}:{})).data)?t:null}async function ti(t,e,n){let i=new URLSearchParams({group_id:t});return n&&i.set(""trade_date"",n),o(""/api/strategy/legs?"".concat(i.toString()),e)}let ta=200;async function to(t,e,n){var i;return 0===t.length?{}:null!=(i=(await o(""/api/cross-hedge/links"",e,{method:""POST"",headers:{""Content-Type"":""application/json""},body:JSON.stringify({trades:t.slice(0,ta)}),...n?{signal:n}:{}})).links)?i:{}}async function tr(){let t=arguments.length>0&&void 0!==arguments[0]?arguments[0]:{},e=arguments.length>1?arguments[1]:void 0,n=arguments.length>2?arguments[2]:void 0,i=(function(t){let e=new URLSearchParams;return t.date&&e.set(""date"",t.date),t.date_start&&e.set(""date_start"",t.date_start),t.date_end&&e.set(""date_end"",t.date_end),t.time_start&&e.set(""time_start"",t.time_start),t.time_end&&e.set(""time_end"",t.time_end),t.tickers&&e.set(""tickers"",t.tickers),null!=t.min_notional&&e.set(""min_notional"",String(t.min_notional)),null!=t.max_notional&&e.set(""max_notional"",String(t.max_notional)),null!=t.min_size&&e.set(""min_size"",String(t.min_size)),null!=t.max_size&&e.set(""max_size"",String(t.max_size)),null!=t.min_price&&e.set(""m"
/api/cross-hedge/links,/Volumes/EAGET/SKYLIT_RE/bundles/7187-dbf517257821735b.js,22804,"ngth>2?arguments[2]:void 0,a=arguments.length>3?arguments[3]:void 0,r=arguments.length>4?arguments[4]:void 0,c=new URLSearchParams({interval:e,bucket:n});return i&&c.set(""date"",i),null!=(t=(await o(""/api/market/tide?"".concat(c.toString()),a,r?{signal:r}:{})).data)?t:null}async function ti(t,e,n){let i=new URLSearchParams({group_id:t});return n&&i.set(""trade_date"",n),o(""/api/strategy/legs?"".concat(i.toString()),e)}let ta=200;async function to(t,e,n){var i;return 0===t.length?{}:null!=(i=(await o(""/api/cross-hedge/links"",e,{method:""POST"",headers:{""Content-Type"":""application/json""},body:JSON.stringify({trades:t.slice(0,ta)}),...n?{signal:n}:{}})).links)?i:{}}async function tr(){let t=arguments.length>0&&void 0!==arguments[0]?arguments[0]:{},e=arguments.length>1?arguments[1]:void 0,n=arguments.length>2?arguments[2]:void 0,i=(function(t){let e=new URLSearchParams;return t.date&&e.set(""date"",t.date),t.date_start&&e.set(""date_start"",t.date_start),t.date_end&&e.set(""date_end"",t.date_end),t.time_start&&e.set(""time_start"",t.time_start),t.time_end&&e.set(""time_end"",t.time_end),t.tickers&&e.set(""tickers"",t.tickers),null!=t.min_notional&&e.set(""min_notional"",String(t.min_notional)),null!=t.max_notional&&e.set(""max_notional"",String(t.max_notional)),null!=t.min_size&&e.set(""min_size"",String(t.min_size)),null!=t.max_size&&e.set(""max_size"",String(t.max_size)),null!=t.min_price&&e.set(""min_price"",String(t.min_price)),null!=t.max_price&&e.set(""max_price"",String(t.max_price)),null!=t.min_avg_vol&&e.set(""min_avg_vol"",St"
/api/dark-pool/trades,/Volumes/EAGET/SKYLIT_RE/bundles/7187-dbf517257821735b.js,24184,"ce&&e.set(""min_price"",String(t.min_price)),null!=t.max_price&&e.set(""max_price"",String(t.max_price)),null!=t.min_avg_vol&&e.set(""min_avg_vol"",String(t.min_avg_vol)),null!=t.max_avg_vol&&e.set(""max_avg_vol"",String(t.max_avg_vol)),t.sectors&&e.set(""sectors"",t.sectors),t.industries&&e.set(""industries"",t.industries),t.venue&&e.set(""venue"",t.venue),null!=t.limit&&e.set(""limit"",String(t.limit)),null!=t.offset&&e.set(""offset"",String(t.offset)),t.order&&e.set(""order"",t.order),e})(t).toString();return o(""/api/dark-pool/trades"".concat(i?""?"".concat(i):""""),e,n?{signal:n}:{})}async function tc(){let t=arguments.length>0&&void 0!==arguments[0]?arguments[0]:{},e=arguments.length>1?arguments[1]:void 0,n=arguments.length>2?arguments[2]:void 0,i=new URLSearchParams;t.date&&i.set(""date"",t.date),null!=t.top_n&&i.set(""top_n"",String(t.top_n)),null!=t.min_notional&&i.set(""min_notional"",String(t.min_notional)),null!=t.min_avg_vol&&i.set(""min_avg_vol"",String(t.min_avg_vol)),null!=t.max_avg_vol&&i.set(""max_avg_vol"",String(t.max_avg_vol)),null!=t.min_price&&i.set(""min_price"",String(t.min_price)),null!=t.max_price&&i.set(""max_price"",String(t.max_price));let a=i.toString();return o(""/api/dark-pool/sector-summary"".concat(a?""?"".concat(a):""""),e,n?{signal:n}:{})}async function ts(t,e,n){let i=new URLSearchParams({ticker:t.ticker});return void 0!==t.top_n&&i.set(""top_n"",String(t.top_n)),void 0!==t.lookback_days&&i.set(""lookback_days"",String(t.lookback_days)),t.as_of_date&&i.set(""as_of_date"",t.as_of_date),o(""/api/dark-pool/top-print"
/api/dark-pool/sector-summary,/Volumes/EAGET/SKYLIT_RE/bundles/7187-dbf517257821735b.js,24856,">1?arguments[1]:void 0,n=arguments.length>2?arguments[2]:void 0,i=new URLSearchParams;t.date&&i.set(""date"",t.date),null!=t.top_n&&i.set(""top_n"",String(t.top_n)),null!=t.min_notional&&i.set(""min_notional"",String(t.min_notional)),null!=t.min_avg_vol&&i.set(""min_avg_vol"",String(t.min_avg_vol)),null!=t.max_avg_vol&&i.set(""max_avg_vol"",String(t.max_avg_vol)),null!=t.min_price&&i.set(""min_price"",String(t.min_price)),null!=t.max_price&&i.set(""max_price"",String(t.max_price));let a=i.toString();return o(""/api/dark-pool/sector-summary"".concat(a?""?"".concat(a):""""),e,n?{signal:n}:{})}async function ts(t,e,n){let i=new URLSearchParams({ticker:t.ticker});return void 0!==t.top_n&&i.set(""top_n"",String(t.top_n)),void 0!==t.lookback_days&&i.set(""lookback_days"",String(t.lookback_days)),t.as_of_date&&i.set(""as_of_date"",t.as_of_date),o(""/api/dark-pool/top-prints?"".concat(i.toString()),e,n?{signal:n}:{})}async function tl(t){let e=arguments.length>1&&void 0!==arguments[1]?arguments[1]:""1D"",n=arguments.length>2?arguments[2]:void 0,i=arguments.length>3?arguments[3]:void 0,a=arguments.length>4?arguments[4]:void 0,r=new URLSearchParams({interval:e});return n&&r.set(""date"",n),o(""/api/underlying/"".concat(encodeURIComponent(t),""/flow-vwap?"").concat(r.toString()),i,a?{signal:a}:{})}async function tm(t,e,n){let i=new URLSearchParams;t.event_type&&i.set(""event_type"",t.event_type),t.from&&i.set(""from"",t.from),t.to&&i.set(""to"",t.to),void 0!==t.limit&&i.set(""limit"",String(t.limit));let a=i.toString();return o(""/api/underlying/"".concat(encode"
/api/dark-pool/top-prints?,/Volumes/EAGET/SKYLIT_RE/bundles/7187-dbf517257821735b.js,25182,"g_vol"",String(t.max_avg_vol)),null!=t.min_price&&i.set(""min_price"",String(t.min_price)),null!=t.max_price&&i.set(""max_price"",String(t.max_price));let a=i.toString();return o(""/api/dark-pool/sector-summary"".concat(a?""?"".concat(a):""""),e,n?{signal:n}:{})}async function ts(t,e,n){let i=new URLSearchParams({ticker:t.ticker});return void 0!==t.top_n&&i.set(""top_n"",String(t.top_n)),void 0!==t.lookback_days&&i.set(""lookback_days"",String(t.lookback_days)),t.as_of_date&&i.set(""as_of_date"",t.as_of_date),o(""/api/dark-pool/top-prints?"".concat(i.toString()),e,n?{signal:n}:{})}async function tl(t){let e=arguments.length>1&&void 0!==arguments[1]?arguments[1]:""1D"",n=arguments.length>2?arguments[2]:void 0,i=arguments.length>3?arguments[3]:void 0,a=arguments.length>4?arguments[4]:void 0,r=new URLSearchParams({interval:e});return n&&r.set(""date"",n),o(""/api/underlying/"".concat(encodeURIComponent(t),""/flow-vwap?"").concat(r.toString()),i,a?{signal:a}:{})}async function tm(t,e,n){let i=new URLSearchParams;t.event_type&&i.set(""event_type"",t.event_type),t.from&&i.set(""from"",t.from),t.to&&i.set(""to"",t.to),void 0!==t.limit&&i.set(""limit"",String(t.limit));let a=i.toString();return o(""/api/underlying/"".concat(encodeURIComponent(t.ticker),""/events"").concat(a?""?"".concat(a):""""),e,n?{signal:n}:{})}async function td(){let t=arguments.length>0&&void 0!==arguments[0]?arguments[0]:{},e=arguments.length>1?arguments[1]:void 0,n=arguments.length>2?arguments[2]:void 0,i=new URLSearchParams;t.from&&i.set(""from"",t.from),t.to&&i.set(""to"",t.to),t.e"
/api/calendar/events,/Volumes/EAGET/SKYLIT_RE/bundles/7187-dbf517257821735b.js,26398,"t(t.ticker),""/events"").concat(a?""?"".concat(a):""""),e,n?{signal:n}:{})}async function td(){let t=arguments.length>0&&void 0!==arguments[0]?arguments[0]:{},e=arguments.length>1?arguments[1]:void 0,n=arguments.length>2?arguments[2]:void 0,i=new URLSearchParams;t.from&&i.set(""from"",t.from),t.to&&i.set(""to"",t.to),t.event_type&&i.set(""event_type"",t.event_type),void 0!==t.min_premium&&i.set(""min_premium"",String(t.min_premium)),void 0!==t.limit&&i.set(""limit"",String(t.limit));let a=i.toString();return o(""/api/calendar/events"".concat(a?""?"".concat(a):""""),e,n?{signal:n}:{})}async function tu(){let t=arguments.length>0&&void 0!==arguments[0]?arguments[0]:{},e=arguments.length>1?arguments[1]:void 0,n=arguments.length>2?arguments[2]:void 0,i=new URLSearchParams;t.from&&i.set(""from"",t.from),t.to&&i.set(""to"",t.to),void 0!==t.min_premium&&i.set(""min_premium"",String(t.min_premium)),void 0!==t.limit&&i.set(""limit"",String(t.limit));let a=i.toString();return o(""/api/calendar/earnings-moves"".concat(a?""?"".concat(a):""""),e,n?{signal:n}:{})}async function tp(){let t=arguments.length>0&&void 0!==arguments[0]?arguments[0]:{},e=arguments.length>1?arguments[1]:void 0,n=arguments.length>2?arguments[2]:void 0,i=new URLSearchParams;void 0!==t.limit&&i.set(""limit"",String(t.limit)),void 0!==t.min_rvol&&i.set(""min_rvol"",String(t.min_rvol)),void 0!==t.lookback_days&&i.set(""lookback_days"",String(t.lookback_days)),void 0!==t.min_avg_volume&&i.set(""min_avg_volume"",String(t.min_avg_volume));let a=i.toString();return o(""/api/compass/top-co"
/api/calendar/earnings-moves,/Volumes/EAGET/SKYLIT_RE/bundles/7187-dbf517257821735b.js,26851,""",String(t.limit));let a=i.toString();return o(""/api/calendar/events"".concat(a?""?"".concat(a):""""),e,n?{signal:n}:{})}async function tu(){let t=arguments.length>0&&void 0!==arguments[0]?arguments[0]:{},e=arguments.length>1?arguments[1]:void 0,n=arguments.length>2?arguments[2]:void 0,i=new URLSearchParams;t.from&&i.set(""from"",t.from),t.to&&i.set(""to"",t.to),void 0!==t.min_premium&&i.set(""min_premium"",String(t.min_premium)),void 0!==t.limit&&i.set(""limit"",String(t.limit));let a=i.toString();return o(""/api/calendar/earnings-moves"".concat(a?""?"".concat(a):""""),e,n?{signal:n}:{})}async function tp(){let t=arguments.length>0&&void 0!==arguments[0]?arguments[0]:{},e=arguments.length>1?arguments[1]:void 0,n=arguments.length>2?arguments[2]:void 0,i=new URLSearchParams;void 0!==t.limit&&i.set(""limit"",String(t.limit)),void 0!==t.min_rvol&&i.set(""min_rvol"",String(t.min_rvol)),void 0!==t.lookback_days&&i.set(""lookback_days"",String(t.lookback_days)),void 0!==t.min_avg_volume&&i.set(""min_avg_volume"",String(t.min_avg_volume));let a=i.toString();return o(""/api/compass/top-contracts"".concat(a?""?"".concat(a):""""),e,n?{signal:n}:{})}async function t_(){let t=arguments.length>0&&void 0!==arguments[0]?arguments[0]:{},e=arguments.length>1?arguments[1]:void 0,n=arguments.length>2?arguments[2]:void 0,i=new URLSearchParams;void 0!==t.limit&&i.set(""limit"",String(t.limit)),void 0!==t.min_premium&&i.set(""min_premium"",String(t.min_premium));let a=i.toString();return o(""/api/compass/top-industries"".concat(a?""?"".concat(a):""""),e,n?{signal:n}:{}"
/api/compass/top-contracts,/Volumes/EAGET/SKYLIT_RE/bundles/7187-dbf517257821735b.js,27400,"t(a):""""),e,n?{signal:n}:{})}async function tp(){let t=arguments.length>0&&void 0!==arguments[0]?arguments[0]:{},e=arguments.length>1?arguments[1]:void 0,n=arguments.length>2?arguments[2]:void 0,i=new URLSearchParams;void 0!==t.limit&&i.set(""limit"",String(t.limit)),void 0!==t.min_rvol&&i.set(""min_rvol"",String(t.min_rvol)),void 0!==t.lookback_days&&i.set(""lookback_days"",String(t.lookback_days)),void 0!==t.min_avg_volume&&i.set(""min_avg_volume"",String(t.min_avg_volume));let a=i.toString();return o(""/api/compass/top-contracts"".concat(a?""?"".concat(a):""""),e,n?{signal:n}:{})}async function t_(){let t=arguments.length>0&&void 0!==arguments[0]?arguments[0]:{},e=arguments.length>1?arguments[1]:void 0,n=arguments.length>2?arguments[2]:void 0,i=new URLSearchParams;void 0!==t.limit&&i.set(""limit"",String(t.limit)),void 0!==t.min_premium&&i.set(""min_premium"",String(t.min_premium));let a=i.toString();return o(""/api/compass/top-industries"".concat(a?""?"".concat(a):""""),e,n?{signal:n}:{})}async function tg(){let t=arguments.length>0&&void 0!==arguments[0]?arguments[0]:{},e=arguments.length>1?arguments[1]:void 0,n=arguments.length>2?arguments[2]:void 0,i=new URLSearchParams;void 0!==t.limit&&i.set(""limit"",String(t.limit)),void 0!==t.min_premium&&i.set(""min_premium"",String(t.min_premium));let a=i.toString();return o(""/api/compass/net-impact"".concat(a?""?"".concat(a):""""),e,n?{signal:n}:{})}async function tv(t,e,n){let i=new URLSearchParams;return i.set(""industry"",t.industry),void 0!==t.limit&&i.set(""limit"",String(t.limit)),void "
/api/compass/top-industries,/Volumes/EAGET/SKYLIT_RE/bundles/7187-dbf517257821735b.js,27807,"min_avg_volume&&i.set(""min_avg_volume"",String(t.min_avg_volume));let a=i.toString();return o(""/api/compass/top-contracts"".concat(a?""?"".concat(a):""""),e,n?{signal:n}:{})}async function t_(){let t=arguments.length>0&&void 0!==arguments[0]?arguments[0]:{},e=arguments.length>1?arguments[1]:void 0,n=arguments.length>2?arguments[2]:void 0,i=new URLSearchParams;void 0!==t.limit&&i.set(""limit"",String(t.limit)),void 0!==t.min_premium&&i.set(""min_premium"",String(t.min_premium));let a=i.toString();return o(""/api/compass/top-industries"".concat(a?""?"".concat(a):""""),e,n?{signal:n}:{})}async function tg(){let t=arguments.length>0&&void 0!==arguments[0]?arguments[0]:{},e=arguments.length>1?arguments[1]:void 0,n=arguments.length>2?arguments[2]:void 0,i=new URLSearchParams;void 0!==t.limit&&i.set(""limit"",String(t.limit)),void 0!==t.min_premium&&i.set(""min_premium"",String(t.min_premium));let a=i.toString();return o(""/api/compass/net-impact"".concat(a?""?"".concat(a):""""),e,n?{signal:n}:{})}async function tv(t,e,n){let i=new URLSearchParams;return i.set(""industry"",t.industry),void 0!==t.limit&&i.set(""limit"",String(t.limit)),void 0!==t.min_premium&&i.set(""min_premium"",String(t.min_premium)),o(""/api/compass/industry-tickers?"".concat(i.toString()),e,n?{signal:n}:{})}async function th(){let t=arguments.length>0&&void 0!==arguments[0]?arguments[0]:{},e=arguments.length>1?arguments[1]:void 0,n=arguments.length>2?arguments[2]:void 0,i=new URLSearchParams;void 0!==t.window&&i.set(""window"",t.window);let a=i.toString();return o(""/api/compa"
/api/compass/net-impact,/Volumes/EAGET/SKYLIT_RE/bundles/7187-dbf517257821735b.js,28215,"d 0!==t.min_premium&&i.set(""min_premium"",String(t.min_premium));let a=i.toString();return o(""/api/compass/top-industries"".concat(a?""?"".concat(a):""""),e,n?{signal:n}:{})}async function tg(){let t=arguments.length>0&&void 0!==arguments[0]?arguments[0]:{},e=arguments.length>1?arguments[1]:void 0,n=arguments.length>2?arguments[2]:void 0,i=new URLSearchParams;void 0!==t.limit&&i.set(""limit"",String(t.limit)),void 0!==t.min_premium&&i.set(""min_premium"",String(t.min_premium));let a=i.toString();return o(""/api/compass/net-impact"".concat(a?""?"".concat(a):""""),e,n?{signal:n}:{})}async function tv(t,e,n){let i=new URLSearchParams;return i.set(""industry"",t.industry),void 0!==t.limit&&i.set(""limit"",String(t.limit)),void 0!==t.min_premium&&i.set(""min_premium"",String(t.min_premium)),o(""/api/compass/industry-tickers?"".concat(i.toString()),e,n?{signal:n}:{})}async function th(){let t=arguments.length>0&&void 0!==arguments[0]?arguments[0]:{},e=arguments.length>1?arguments[1]:void 0,n=arguments.length>2?arguments[2]:void 0,i=new URLSearchParams;void 0!==t.window&&i.set(""window"",t.window);let a=i.toString();return o(""/api/compass/breadth-calendar"".concat(a?""?"".concat(a):""""),e,n?{signal:n}:{})}async function tS(){let t=arguments.length>0&&void 0!==arguments[0]?arguments[0]:{},e=arguments.length>1?arguments[1]:void 0,n=arguments.length>2?arguments[2]:void 0,i=new URLSearchParams;void 0!==t.window&&i.set(""window"",t.window);let a=i.toString();return o(""/api/compass/rotation-map"".concat(a?""?"".concat(a):""""),e,n?{signal:n}:{})}asy"
/api/compass/industry-tickers?,/Volumes/EAGET/SKYLIT_RE/bundles/7187-dbf517257821735b.js,28492,"ments[1]:void 0,n=arguments.length>2?arguments[2]:void 0,i=new URLSearchParams;void 0!==t.limit&&i.set(""limit"",String(t.limit)),void 0!==t.min_premium&&i.set(""min_premium"",String(t.min_premium));let a=i.toString();return o(""/api/compass/net-impact"".concat(a?""?"".concat(a):""""),e,n?{signal:n}:{})}async function tv(t,e,n){let i=new URLSearchParams;return i.set(""industry"",t.industry),void 0!==t.limit&&i.set(""limit"",String(t.limit)),void 0!==t.min_premium&&i.set(""min_premium"",String(t.min_premium)),o(""/api/compass/industry-tickers?"".concat(i.toString()),e,n?{signal:n}:{})}async function th(){let t=arguments.length>0&&void 0!==arguments[0]?arguments[0]:{},e=arguments.length>1?arguments[1]:void 0,n=arguments.length>2?arguments[2]:void 0,i=new URLSearchParams;void 0!==t.window&&i.set(""window"",t.window);let a=i.toString();return o(""/api/compass/breadth-calendar"".concat(a?""?"".concat(a):""""),e,n?{signal:n}:{})}async function tS(){let t=arguments.length>0&&void 0!==arguments[0]?arguments[0]:{},e=arguments.length>1?arguments[1]:void 0,n=arguments.length>2?arguments[2]:void 0,i=new URLSearchParams;void 0!==t.window&&i.set(""window"",t.window);let a=i.toString();return o(""/api/compass/rotation-map"".concat(a?""?"".concat(a):""""),e,n?{signal:n}:{})}async function tw(t,e,n){let i=new URLSearchParams;void 0!==t.window&&i.set(""window"",t.window),void 0!==t.expiration&&i.set(""expiration"",t.expiration),void 0!==t.strikes&&i.set(""strikes"",String(t.strikes)),void 0!==t.date&&i.set(""date"",t.date);let a=i.toString();return o(""/api/underlyin"
/api/compass/breadth-calendar,/Volumes/EAGET/SKYLIT_RE/bundles/7187-dbf517257821735b.js,28825,"SearchParams;return i.set(""industry"",t.industry),void 0!==t.limit&&i.set(""limit"",String(t.limit)),void 0!==t.min_premium&&i.set(""min_premium"",String(t.min_premium)),o(""/api/compass/industry-tickers?"".concat(i.toString()),e,n?{signal:n}:{})}async function th(){let t=arguments.length>0&&void 0!==arguments[0]?arguments[0]:{},e=arguments.length>1?arguments[1]:void 0,n=arguments.length>2?arguments[2]:void 0,i=new URLSearchParams;void 0!==t.window&&i.set(""window"",t.window);let a=i.toString();return o(""/api/compass/breadth-calendar"".concat(a?""?"".concat(a):""""),e,n?{signal:n}:{})}async function tS(){let t=arguments.length>0&&void 0!==arguments[0]?arguments[0]:{},e=arguments.length>1?arguments[1]:void 0,n=arguments.length>2?arguments[2]:void 0,i=new URLSearchParams;void 0!==t.window&&i.set(""window"",t.window);let a=i.toString();return o(""/api/compass/rotation-map"".concat(a?""?"".concat(a):""""),e,n?{signal:n}:{})}async function tw(t,e,n){let i=new URLSearchParams;void 0!==t.window&&i.set(""window"",t.window),void 0!==t.expiration&&i.set(""expiration"",t.expiration),void 0!==t.strikes&&i.set(""strikes"",String(t.strikes)),void 0!==t.date&&i.set(""date"",t.date);let a=i.toString();return o(""/api/underlying/"".concat(encodeURIComponent(t.ticker),""/strike-flow"").concat(a?""?"".concat(a):""""),e,n?{signal:n}:{})}async function ty(t,e,n){let i=new URLSearchParams;void 0!==t.date&&i.set(""date"",t.date),void 0!==t.expiration&&i.set(""expiration"",t.expiration),void 0!==t.strikes&&i.set(""strikes"",String(t.strikes));let a=i.toString();return o(""/"
/api/compass/rotation-map,/Volumes/EAGET/SKYLIT_RE/bundles/7187-dbf517257821735b.js,29163,"ngth>1?arguments[1]:void 0,n=arguments.length>2?arguments[2]:void 0,i=new URLSearchParams;void 0!==t.window&&i.set(""window"",t.window);let a=i.toString();return o(""/api/compass/breadth-calendar"".concat(a?""?"".concat(a):""""),e,n?{signal:n}:{})}async function tS(){let t=arguments.length>0&&void 0!==arguments[0]?arguments[0]:{},e=arguments.length>1?arguments[1]:void 0,n=arguments.length>2?arguments[2]:void 0,i=new URLSearchParams;void 0!==t.window&&i.set(""window"",t.window);let a=i.toString();return o(""/api/compass/rotation-map"".concat(a?""?"".concat(a):""""),e,n?{signal:n}:{})}async function tw(t,e,n){let i=new URLSearchParams;void 0!==t.window&&i.set(""window"",t.window),void 0!==t.expiration&&i.set(""expiration"",t.expiration),void 0!==t.strikes&&i.set(""strikes"",String(t.strikes)),void 0!==t.date&&i.set(""date"",t.date);let a=i.toString();return o(""/api/underlying/"".concat(encodeURIComponent(t.ticker),""/strike-flow"").concat(a?""?"".concat(a):""""),e,n?{signal:n}:{})}async function ty(t,e,n){let i=new URLSearchParams;void 0!==t.date&&i.set(""date"",t.date),void 0!==t.expiration&&i.set(""expiration"",t.expiration),void 0!==t.strikes&&i.set(""strikes"",String(t.strikes));let a=i.toString();return o(""/api/underlying/"".concat(encodeURIComponent(t.ticker),""/strike-flow/session"").concat(a?""?"".concat(a):""""),e,n?{signal:n}:{})}async function tf(){let t=arguments.length>0&&void 0!==arguments[0]?arguments[0]:{},e=arguments.length>1?arguments[1]:void 0,n=arguments.length>2?arguments[2]:void 0,i=new URLSearchParams;void 0!==t.limit&&i.set"
/api/compass/repetitive-hits,/Volumes/EAGET/SKYLIT_RE/bundles/7187-dbf517257821735b.js,30876,"_volume&&i.set(""min_tower_volume"",String(t.min_tower_volume)),void 0!==t.min_tower_premium&&i.set(""min_tower_premium"",String(t.min_tower_premium)),void 0!==t.max_multi_leg_ratio&&i.set(""max_multi_leg_ratio"",String(t.max_multi_leg_ratio)),void 0!==t.min_tower_mult&&i.set(""min_tower_mult"",String(t.min_tower_mult)),void 0!==t.vol_similarity&&i.set(""vol_similarity"",String(t.vol_similarity)),void 0!==t.min_recent_share&&i.set(""min_recent_share"",String(t.min_recent_share));let a=i.toString();return o(""/api/compass/repetitive-hits"".concat(a?""?"".concat(a):""""),e,n?{signal:n}:{})}async function tk(){let t=arguments.length>0&&void 0!==arguments[0]?arguments[0]:{},e=arguments.length>1?arguments[1]:void 0,n=arguments.length>2?arguments[2]:void 0,i=new URLSearchParams;void 0!==t.limit&&i.set(""limit"",String(t.limit)),void 0!==t.min_premium&&i.set(""min_premium"",String(t.min_premium));let a=i.toString();return o(""/api/compass/large-opening-orders"".concat(a?""?"".concat(a):""""),e,n?{signal:n}:{})}let tx={maxRules:25,maxNameLen:80,maxChannelsPerRule:5,minRateCap:1,maxRateCap:120,defaultRateCap:10};async function tP(t){return o(""/api/alerts"",t)}async function tb(t,e){return o(""/api/alerts"",e,{method:""POST"",headers:{""Content-Type"":""application/json""},body:JSON.stringify(t)})}async function tC(t,e,n){return o(""/api/alerts/"".concat(encodeURIComponent(t)),n,{method:""PUT"",headers:{""Content-Type"":""application/json""},body:JSON.stringify(e)})}async function tU(t,e){return o(""/api/alerts/"".concat(encodeURIComponent(t)),e,{method:""DELETE"
/api/compass/large-opening-orders,/Volumes/EAGET/SKYLIT_RE/bundles/7187-dbf517257821735b.js,31285,"nt_share&&i.set(""min_recent_share"",String(t.min_recent_share));let a=i.toString();return o(""/api/compass/repetitive-hits"".concat(a?""?"".concat(a):""""),e,n?{signal:n}:{})}async function tk(){let t=arguments.length>0&&void 0!==arguments[0]?arguments[0]:{},e=arguments.length>1?arguments[1]:void 0,n=arguments.length>2?arguments[2]:void 0,i=new URLSearchParams;void 0!==t.limit&&i.set(""limit"",String(t.limit)),void 0!==t.min_premium&&i.set(""min_premium"",String(t.min_premium));let a=i.toString();return o(""/api/compass/large-opening-orders"".concat(a?""?"".concat(a):""""),e,n?{signal:n}:{})}let tx={maxRules:25,maxNameLen:80,maxChannelsPerRule:5,minRateCap:1,maxRateCap:120,defaultRateCap:10};async function tP(t){return o(""/api/alerts"",t)}async function tb(t,e){return o(""/api/alerts"",e,{method:""POST"",headers:{""Content-Type"":""application/json""},body:JSON.stringify(t)})}async function tC(t,e,n){return o(""/api/alerts/"".concat(encodeURIComponent(t)),n,{method:""PUT"",headers:{""Content-Type"":""application/json""},body:JSON.stringify(e)})}async function tU(t,e){return o(""/api/alerts/"".concat(encodeURIComponent(t)),e,{method:""DELETE""})}async function tO(){var t;let e=arguments.length>0&&void 0!==arguments[0]?arguments[0]:{},n=arguments.length>1?arguments[1]:void 0,i=new URLSearchParams;return e.ruleId&&i.set(""rule_id"",e.ruleId),e.ticker&&i.set(""ticker"",e.ticker),i.set(""limit"",String(null!=(t=e.limit)?t:50)),e.paginationToken&&i.set(""pagination_token"",e.paginationToken),o(""/api/alerts/events?"".concat(i.toString()),n)}async function tR(t,e)"
/api/alerts,/Volumes/EAGET/SKYLIT_RE/bundles/7187-dbf517257821735b.js,31499,"void 0!==arguments[0]?arguments[0]:{},e=arguments.length>1?arguments[1]:void 0,n=arguments.length>2?arguments[2]:void 0,i=new URLSearchParams;void 0!==t.limit&&i.set(""limit"",String(t.limit)),void 0!==t.min_premium&&i.set(""min_premium"",String(t.min_premium));let a=i.toString();return o(""/api/compass/large-opening-orders"".concat(a?""?"".concat(a):""""),e,n?{signal:n}:{})}let tx={maxRules:25,maxNameLen:80,maxChannelsPerRule:5,minRateCap:1,maxRateCap:120,defaultRateCap:10};async function tP(t){return o(""/api/alerts"",t)}async function tb(t,e){return o(""/api/alerts"",e,{method:""POST"",headers:{""Content-Type"":""application/json""},body:JSON.stringify(t)})}async function tC(t,e,n){return o(""/api/alerts/"".concat(encodeURIComponent(t)),n,{method:""PUT"",headers:{""Content-Type"":""application/json""},body:JSON.stringify(e)})}async function tU(t,e){return o(""/api/alerts/"".concat(encodeURIComponent(t)),e,{method:""DELETE""})}async function tO(){var t;let e=arguments.length>0&&void 0!==arguments[0]?arguments[0]:{},n=arguments.length>1?arguments[1]:void 0,i=new URLSearchParams;return e.ruleId&&i.set(""rule_id"",e.ruleId),e.ticker&&i.set(""ticker"",e.ticker),i.set(""limit"",String(null!=(t=e.limit)?t:50)),e.paginationToken&&i.set(""pagination_token"",e.paginationToken),o(""/api/alerts/events?"".concat(i.toString()),n)}async function tR(t,e){return o(""/api/alerts/events/acknowledge"",e,{method:""POST"",headers:{""Content-Type"":""application/json""},body:JSON.stringify(t)})}async function tL(t,e){return o(""/api/alerts/events/acknowledge"
/api/alerts/,/Volumes/EAGET/SKYLIT_RE/bundles/7187-dbf517257821735b.js,31682,"limit)),void 0!==t.min_premium&&i.set(""min_premium"",String(t.min_premium));let a=i.toString();return o(""/api/compass/large-opening-orders"".concat(a?""?"".concat(a):""""),e,n?{signal:n}:{})}let tx={maxRules:25,maxNameLen:80,maxChannelsPerRule:5,minRateCap:1,maxRateCap:120,defaultRateCap:10};async function tP(t){return o(""/api/alerts"",t)}async function tb(t,e){return o(""/api/alerts"",e,{method:""POST"",headers:{""Content-Type"":""application/json""},body:JSON.stringify(t)})}async function tC(t,e,n){return o(""/api/alerts/"".concat(encodeURIComponent(t)),n,{method:""PUT"",headers:{""Content-Type"":""application/json""},body:JSON.stringify(e)})}async function tU(t,e){return o(""/api/alerts/"".concat(encodeURIComponent(t)),e,{method:""DELETE""})}async function tO(){var t;let e=arguments.length>0&&void 0!==arguments[0]?arguments[0]:{},n=arguments.length>1?arguments[1]:void 0,i=new URLSearchParams;return e.ruleId&&i.set(""rule_id"",e.ruleId),e.ticker&&i.set(""ticker"",e.ticker),i.set(""limit"",String(null!=(t=e.limit)?t:50)),e.paginationToken&&i.set(""pagination_token"",e.paginationToken),o(""/api/alerts/events?"".concat(i.toString()),n)}async function tR(t,e){return o(""/api/alerts/events/acknowledge"",e,{method:""POST"",headers:{""Content-Type"":""application/json""},body:JSON.stringify(t)})}async function tL(t,e){return o(""/api/alerts/events/acknowledge-bulk"",e,{method:""POST"",headers:{""Content-Type"":""application/json""},body:JSON.stringify({events:t})})}},64269:(t,e,n)=>{n.d(e,{cn:()=>o});var i=n(2821),a=n(75889);function o(){for(var "
/api/alerts/events?,/Volumes/EAGET/SKYLIT_RE/bundles/7187-dbf517257821735b.js,32252,"""Content-Type"":""application/json""},body:JSON.stringify(e)})}async function tU(t,e){return o(""/api/alerts/"".concat(encodeURIComponent(t)),e,{method:""DELETE""})}async function tO(){var t;let e=arguments.length>0&&void 0!==arguments[0]?arguments[0]:{},n=arguments.length>1?arguments[1]:void 0,i=new URLSearchParams;return e.ruleId&&i.set(""rule_id"",e.ruleId),e.ticker&&i.set(""ticker"",e.ticker),i.set(""limit"",String(null!=(t=e.limit)?t:50)),e.paginationToken&&i.set(""pagination_token"",e.paginationToken),o(""/api/alerts/events?"".concat(i.toString()),n)}async function tR(t,e){return o(""/api/alerts/events/acknowledge"",e,{method:""POST"",headers:{""Content-Type"":""application/json""},body:JSON.stringify(t)})}async function tL(t,e){return o(""/api/alerts/events/acknowledge-bulk"",e,{method:""POST"",headers:{""Content-Type"":""application/json""},body:JSON.stringify({events:t})})}},64269:(t,e,n)=>{n.d(e,{cn:()=>o});var i=n(2821),a=n(75889);function o(){for(var t=arguments.length,e=Array(t),n=0;n<t;n++)e[n]=arguments[n];return(0,a.QP)((0,i.$)(e))}},65685:(t,e,n)=>{n.d(e,{D:()=>r});var i=n(12115),a=n(55485),o=n(86666);function r(){let{themeMode:t,setThemeMode:e,isDark:n,theme:r,monoFont:c}=(0,a.DP)(),s=(0,o.Z9)(t),l=(0,i.useCallback)(()=>{""system""===t?e(""dark""):""dark""===t?e(""light""):""light""===t?e(""dark""):""dark-mono""===t?e(""light-mono""):""light-mono""===t?e(""dark-mono""):e(""dark"")},[t,e]),m=(0,i.useCallback)(()=>{""system""===t||""dark""===t?e(""dark-mono""):""light""===t?e(""light-mono""):""dark-mono""===t?e(""dark""):""light-mono""===t?e(""light"")"
/api/alerts/events/acknowledge,/Volumes/EAGET/SKYLIT_RE/bundles/7187-dbf517257821735b.js,32330,"t,e){return o(""/api/alerts/"".concat(encodeURIComponent(t)),e,{method:""DELETE""})}async function tO(){var t;let e=arguments.length>0&&void 0!==arguments[0]?arguments[0]:{},n=arguments.length>1?arguments[1]:void 0,i=new URLSearchParams;return e.ruleId&&i.set(""rule_id"",e.ruleId),e.ticker&&i.set(""ticker"",e.ticker),i.set(""limit"",String(null!=(t=e.limit)?t:50)),e.paginationToken&&i.set(""pagination_token"",e.paginationToken),o(""/api/alerts/events?"".concat(i.toString()),n)}async function tR(t,e){return o(""/api/alerts/events/acknowledge"",e,{method:""POST"",headers:{""Content-Type"":""application/json""},body:JSON.stringify(t)})}async function tL(t,e){return o(""/api/alerts/events/acknowledge-bulk"",e,{method:""POST"",headers:{""Content-Type"":""application/json""},body:JSON.stringify({events:t})})}},64269:(t,e,n)=>{n.d(e,{cn:()=>o});var i=n(2821),a=n(75889);function o(){for(var t=arguments.length,e=Array(t),n=0;n<t;n++)e[n]=arguments[n];return(0,a.QP)((0,i.$)(e))}},65685:(t,e,n)=>{n.d(e,{D:()=>r});var i=n(12115),a=n(55485),o=n(86666);function r(){let{themeMode:t,setThemeMode:e,isDark:n,theme:r,monoFont:c}=(0,a.DP)(),s=(0,o.Z9)(t),l=(0,i.useCallback)(()=>{""system""===t?e(""dark""):""dark""===t?e(""light""):""light""===t?e(""dark""):""dark-mono""===t?e(""light-mono""):""light-mono""===t?e(""dark-mono""):e(""dark"")},[t,e]),m=(0,i.useCallback)(()=>{""system""===t||""dark""===t?e(""dark-mono""):""light""===t?e(""light-mono""):""dark-mono""===t?e(""dark""):""light-mono""===t?e(""light""):e(""dark-mono"")},[t,e]);return{mode:t,theme:r,isDark:n,isMono:s,toggleTheme:l,toggleMono:"
/api/alerts/events/acknowledge-bulk,/Volumes/EAGET/SKYLIT_RE/bundles/7187-dbf517257821735b.js,32481,"0]?arguments[0]:{},n=arguments.length>1?arguments[1]:void 0,i=new URLSearchParams;return e.ruleId&&i.set(""rule_id"",e.ruleId),e.ticker&&i.set(""ticker"",e.ticker),i.set(""limit"",String(null!=(t=e.limit)?t:50)),e.paginationToken&&i.set(""pagination_token"",e.paginationToken),o(""/api/alerts/events?"".concat(i.toString()),n)}async function tR(t,e){return o(""/api/alerts/events/acknowledge"",e,{method:""POST"",headers:{""Content-Type"":""application/json""},body:JSON.stringify(t)})}async function tL(t,e){return o(""/api/alerts/events/acknowledge-bulk"",e,{method:""POST"",headers:{""Content-Type"":""application/json""},body:JSON.stringify({events:t})})}},64269:(t,e,n)=>{n.d(e,{cn:()=>o});var i=n(2821),a=n(75889);function o(){for(var t=arguments.length,e=Array(t),n=0;n<t;n++)e[n]=arguments[n];return(0,a.QP)((0,i.$)(e))}},65685:(t,e,n)=>{n.d(e,{D:()=>r});var i=n(12115),a=n(55485),o=n(86666);function r(){let{themeMode:t,setThemeMode:e,isDark:n,theme:r,monoFont:c}=(0,a.DP)(),s=(0,o.Z9)(t),l=(0,i.useCallback)(()=>{""system""===t?e(""dark""):""dark""===t?e(""light""):""light""===t?e(""dark""):""dark-mono""===t?e(""light-mono""):""light-mono""===t?e(""dark-mono""):e(""dark"")},[t,e]),m=(0,i.useCallback)(()=>{""system""===t||""dark""===t?e(""dark-mono""):""light""===t?e(""light-mono""):""dark-mono""===t?e(""dark""):""light-mono""===t?e(""light""):e(""dark-mono"")},[t,e]);return{mode:t,theme:r,isDark:n,isMono:s,toggleTheme:l,toggleMono:m,setMode:e,monoFont:c}}}}]);"
/api/live-spot?symbol=,/Volumes/EAGET/SKYLIT_RE/bundles/7297-f12effc5f786481c.js,38601,",(0,l.jsx)(""span"",{children:y(t[t.length-1][0])})]})]})}function F(e,t){let n=(0,o.K)({symbol:e||""SPY"",enabled:t&&!!e,resolution:""1s""});return t&&n.connected&&n.bars&&n.bars.length?n.bars[n.bars.length-1].c:void 0}function z(e,t){var n;let l=(0,o.K)({symbol:e||""SPY"",enabled:t&&!!e,resolution:""1s""}),r=(0,a.useRef)(void 0),s=l.bars&&l.bars.length?l.bars[l.bars.length-1].c:void 0;null!=s&&(r.current=s);let[c,i]=(0,a.useState)(void 0);return(0,a.useEffect)(()=>{if(!t||!e)return;let n=!0,l=()=>fetch(""/api/live-spot?symbol="".concat(encodeURIComponent(e)),{cache:""no-store""}).then(e=>e.ok?e.json():null).then(e=>{n&&e&&null!=e.px&&i(e.px)}).catch(()=>{});l();let a=setInterval(l,2e3);return()=>{n=!1,clearInterval(a)}},[e,t]),{px:null!=(n=null!=s?s:r.current)?n:c,live:t&&l.connected&&null!=s}}function C(e,t,n){let l=/^([A-Z]+) (\d+(?:\.\d+)?)([CP])$/.exec(e||""""),a=l&&t?(0,s.$q)(l[1],t,l[3],Number(l[2])):null,r=n&&!!a&&function(e){if(!e)return!1;let t=new Date,n=new Intl.DateTimeFormat(""en-US"",{timeZone:""America/New_York"",hour12:!1,weekday:""short"",year:""numeric"",month:""2-digit"",day:""2-digit"",hour:""2-digit"",minute:""2-digit""}).formatToParts(t).reduce((e,t)=>(e[t.type]=t.value,e),{});if(e<"""".concat(n.year,""-"").concat(n.month,""-"").concat(n.day)||""Sat""===n.weekday||""Sun""===n.weekday)return!1;let l="""".concat(n.hour,"":"").concat(n.minute);return l>=""09:25""&&l<=""16:20""}(t),c=(0,o.K)({symbol:null!=a?a:""SPY"",enabled:r,resolution:""1s""});return r&&c.connected&&c.bars&&c.bars.length?c.bars[c.bars.length-1].c:void 0}function "
https://discord.com/api/webhooks/…,/Volumes/EAGET/SKYLIT_RE/bundles/7297-f12effc5f786481c.js,65307,"er(e=>e!==t):l:[...l,t]},P=e=>(0,l.jsx)(""span"",{style:{fontSize:8.5,letterSpacing:""0.12em"",color:o.textMuted},children:e}),_=()=>{var e,t,a,r,s,c,i,d;return(0,l.jsxs)(""div"",{className:""flex flex-col gap-2 rounded-xl p-3"",style:{background:n.ink(.05),border:""1px solid "".concat(n.accent,""55""),boxShadow:""inset 0 1px 0 "".concat(n.ink(.04),"", 0 0 24px "").concat(n.accent,""11"")},children:[""new""===g&&(0,l.jsx)(""input"",{value:null!=(t=m.url)?t:"""",onChange:e=>f(t=>({...t,url:e.target.value})),placeholder:""https://discord.com/api/webhooks/…"",autoFocus:!0,className:""w-full rounded-lg px-2.5 py-2"",style:{fontSize:12,minHeight:36,background:n.ink(.05),border:""1px solid "".concat(n.ink(.14)),color:o.textPrimary,outline:""none""}}),(0,l.jsxs)(""div"",{className:""flex items-center gap-1.5"",children:[P(""NAME""),(0,l.jsx)(""input"",{value:null!=(a=m.name)?a:"""",onChange:e=>f(t=>({...t,name:e.target.value})),placeholder:""e.g. #0dte-alerts"",className:""min-w-0 flex-1 rounded px-2 py-1"",style:{fontSize:11,background:n.ink(.05),border:""1px solid "".concat(n.ink(.12)),color:o.textPrimary,outline:""none""}}),j(!1!==m.enabled?""ACTIVE"":""MUTED"",!1!==m.enabled,()=>f(e=>({...e,enabled:!1===e.enabled})),""ed-en"")]}),(0,l.jsxs)(""div"",{className:""flex flex-wrap items-center gap-1.5"",children:[P(""SCOPE""),E.map(e=>{var t;return j(e.toUpperCase(),(null!=(t=m.scope)?t:""all"")===e,()=>f(t=>({...t,scope:e})),""ed-s-"".concat(e))})]}),(0,l.jsxs)(""div"",{className:""flex flex-wrap items-center gap-1.5"",children:[P(""EVENTS""),N.map(e=>{var t;let[n,l]=e;return j(l,(null!=("
/flow/live?,/Volumes/EAGET/SKYLIT_RE/bundles/9832-3e591358ebdb25b9.js,166700,"):r})(i,(e=>{let t=window.location.origin,l=new URLSearchParams;l.set(""tickers"",e.ticker.toUpperCase()),l.set(""type"",""C""===e.right?""call"":""put""),l.set(""strike_min"",String(e.strike)),l.set(""strike_max"",String(e.strike));let r=(e=>{if(/^\d{4}-\d{2}-\d{2}$/.test(e))return e;let t=e.split(""/"");if(3!==t.length)return e;let[l,r,n]=t,i=2===n.length?""20"".concat(n):n;return"""".concat(i,""-"").concat(l.padStart(2,""0""),""-"").concat(r.padStart(2,""0""))})(e.expiration);return r&&l.set(""expiration"",r),"""".concat(t,""/flow/live?"").concat(l.toString())})({ticker:ei,strike:es,right:ea,expiration:eo})):i;await (0,y.Nh)(e,l,{ticker:ei,strike:es,right:ea,expiration:eo,premium:eg,sentiment:ef},s,lY),G.oR.success(""Shared to "".concat(t))}catch(e){G.oR.error(e instanceof Error?e.message:""Failed to share chart"")}finally{l1(!1)}}},[np,ei,es,ea,eo,eg,ef,lY,l0,l5,l6,l3,na,lX,l7]);if(!t)return null;let nh=ev?""w-full max-h-[calc(100vh-120px)] flex flex-col rounded-xl overflow-y-auto scrollbar-hide"":eN?""w-full h-full flex flex-col overflow-y-auto overscroll-contain"":""w-[95%] max-w-[1600px] max-h-[calc(var(--visual-vh,100vh)*0.9)] flex flex-col rounded-xl overflow-y-auto scrollbar-hide"",ng=ev?{border:""1px solid "".concat(ez),borderRadius:""12px"",boxShadow:e_?""0 4px 16px rgba(0,0,0,0.3)"":""0 4px 16px rgba(0,0,0,0.08)""}:eN?{border:""none"",borderRadius:""0"",boxShadow:""none""}:{border:""1px solid "".concat(ez),borderRadius:""12px"",boxShadow:eW},nf=(0,r.jsxs)(""div"",{ref:rn,className:nh,style:{backgroundColor:eT,backdropFilter:""blur(24px) sa"
/flow/settings?tab=discord,/Volumes/EAGET/SKYLIT_RE/bundles/9832-3e591358ebdb25b9.js,176552,"0.1)"":""rgba(0,0,0,0.1)""),boxShadow:e_?""0 8px 32px rgba(0,0,0,0.5)"":""0 8px 32px rgba(0,0,0,0.15)"",backdropFilter:""blur(12px)""},onClick:e=>e.stopPropagation(),children:0===lX.length?(0,r.jsxs)(""div"",{className:""px-3 py-3 text-center"",children:[(0,r.jsx)(T.A,{size:20,style:{margin:""0 auto 8px"",color:eC.textMuted,opacity:.5}}),(0,r.jsx)(""p"",{style:{fontSize:""11px"",fontFamily:""'Inter', sans-serif"",color:eC.textMuted,margin:""0 0 8px 0""},children:""No Discord channels configured""}),(0,r.jsxs)(""a"",{href:""/flow/settings?tab=discord"",target:""_blank"",rel:""noopener noreferrer"",className:""inline-flex items-center gap-1 text-xs transition-colors"",style:{color:e_?""#818cf8"":""#6366f1"",fontFamily:""'Inter', sans-serif""},children:[(0,r.jsx)(z.A,{size:12}),""Set up in Settings""]})]}):(0,r.jsxs)(r.Fragment,{children:[(0,r.jsxs)(""div"",{className:""px-3 py-2"",style:{borderBottom:""1px solid "".concat(e_?""rgba(255,255,255,0.06)"":""rgba(0,0,0,0.06)"")},children:[(0,r.jsxs)(""div"",{className:""flex items-center justify-between"",children:[(0,r.jsx)(""p"",{style:{fontSize:""10px"",fontFamily:""'Inter', sans-serif"",color:eC.textMuted,textTransform:""uppercase"",letterSpacing:""0.05em"",margin:0},children:""Share to Discord""}),(0,r.jsx)(""div"",{className:""flex items-center rounded"",style:{border:""1px solid "".concat(e_?""rgba(255,255,255,0.1)"":""rgba(0,0,0,0.1)""),overflow:""hidden""},children:[""auto"",""manual""].map(e=>(0,r.jsx)(""button"",{onClick:()=>nu(e),style:{padding:""2px 8px"",fontSize:""9px"",fontFamily:""'Inter', sans-serif"",fontWeight:500,textTransform:""up"
/api/gex/levels?,/Volumes/EAGET/SKYLIT_RE/bundles/4712-c51afc57ca55d292.js,28866,"0,o.vv)(n.expirationCount)),extended:String(a)});u&&(s.set(""with_snapshot"",""true""),s.set(""with_slices"",""true"")),n.includeDerived&&s.set(""include_derived"",""true""),n.orbV2CallPutFill&&s.set(""with_callput"",""true"");let c=function(){try{let e=localStorage.getItem(""gex_levels_additional_params"");return e?new URLSearchParams(e):null}catch(e){return null}}();if(c)for(let[e,t]of c)s.set(e,t);for(let e of t)s.append(""dates"",e);let d=(0,l.N)();return d&&s.set(""v"",d),i&&s.set(""_t"",String(i)),"""".concat(r.qG,""/api/gex/levels?"").concat(s)}(e,t,n,a,i,u),{signal:s.signal,...i?{cache:""no-store""}:{}}).finally(()=>clearTimeout(c));if(!d.ok){let e=await d.text().catch(()=>"""");return console.error(""[fetchGexLevels:gex-cache] "".concat(d.status,"": "").concat(e)),null}let p=await d.json();if(!p.success||p.error)return null;return p}catch(e){return null}}async function b(e,t,n){var r,l,o,a,i;let u,s=arguments.length>3&&void 0!==arguments[3]&&arguments[3],d=arguments.length>4?arguments[4]:void 0,m=!(arguments.length>5)||void 0===arguments[5]||arguments[5];if(0===t.length)return{levels:[],snapshot:null,expirations:[]};let f=t.reduce((e,t)=>e>t?e:t),b=await Promise.all(t.map(t=>h(e,[t],n,s,d,t===f&&m))),v=[],w=[],g=[],y=[];for(let e=0;e<b.length;e++){let n=b[e];if(!n)continue;let i=null!=(o=null==(r=n.expirations)?void 0:r[0])?o:t[e],s=(null!=(a=n.levels)?a:[]).map(c);if(i)for(let e of s)e.firstExpiration=i;if(v.push(...s),n.derived)for(let e of n.derived)w.push(i?{...e,firstExpiration:i}:e);n.snapshot&&g.push(n.snapshot),"
/api/stream?symbol=,/Volumes/EAGET/SKYLIT_RE/bundles/2501-547c53e2053a1b35.js,3751,",F=(0,t.useCallback)(async()=>{if(!a||!n)return;P();let e=new AbortController;C.current=e;let t=()=>{var e;return null!=(e=b.current)?e:i.l.heatmap.data(a,""netGamma"",m)};try{let n,r=await (0,o.ML)(w,e.signal);if(e.signal.aborted)return;if(r)n=""ticket="".concat(encodeURIComponent(r));else{let a=await w();if(e.signal.aborted)return;if(!a)return void y(e=>({...e,connected:!1,error:""Authentication required""}));n=""token="".concat(a)}let l=null!=f?f:500,i=m||50,d=""both""!==p?""&data_type="".concat(p):"""",h=""/api/stream?symbol="".concat(encodeURIComponent((0,s.ee)(a)),""&"").concat(n,""&max_strikes="").concat(l,""&max_expirations="").concat(i).concat(d);console.log(""[SSE] Connecting to:"",h);let v=new EventSource(h);S.current=v;let C=()=>{y({connected:!0,error:null,reconnectAttempts:0})},b=e=>{};if(k.current.onOpen=C,k.current.onConnected=b,v.onopen=C,v.addEventListener(""connected"",b),g){let e=e=>{let a=JSON.parse(e.data);if(a.data){let{gammaData:e}=D(a.data);T.setQueryData(t(),e)}else T.invalidateQueries({queryKey:t(),exact:!0})};k.current.onInitialData=e,v.addEventListener(""initial_data"",e);let n={},r=e=>{let r=JSON.parse(e.data);if(_.current=new Date,r.data){let e=r.data.timestamp;if(e&&n[a]===e)return;n[a]=e;let{gammaData:l}=D(r.data);T.setQueryData(t(),l)}else T.invalidateQueries({queryKey:t(),exact:!0});x.current&&x.current()};k.current.onSnapshotUpdate=r,v.addEventListener(""snapshot_update"",r);let l=e=>{let a,n,r=JSON.parse(e.data).price,l=T.getQueryData(t());(null==l?void 0:l.currentSpot)!==r&&((null==l?void "
/api/changelog,/Volumes/EAGET/SKYLIT_RE/bundles/1536-064f08115df39c50.js,10974,"er-side watchlist state."",category:""heatseeker"",type:""bug_fix"",attachments:[],authorId:""user_admin"",authorName:""Jimin Kim"",authorAvatarUrl:u(""Jimin Kim""),reactions:{...p,thumbsUp:6,clap:3},userReactions:[],createdAt:c(55),updatedAt:c(55)}]),n(87358);class m extends Error{constructor(e,t,n=""UNKNOWN""){super(e),this.name=""ChangelogAPIError"",this.status=t,this.code=n}}async function g(e,t){let n=arguments.length>2&&void 0!==arguments[2]?arguments[2]:{},r=await e(),a="""".concat(window.location.origin,""/api/changelog"").concat(t),l=await fetch(a,{...n,headers:{""Content-Type"":""application/json"",...r?{Authorization:""Bearer "".concat(r)}:{},...n.headers}});if(!l.ok){let e=await l.json().catch(()=>({}));throw new m(e.message||""Request failed: "".concat(l.status),l.status,e.code)}if(204!==l.status)return l.json()}async function h(e,t){let n=new URLSearchParams;(null==t?void 0:t.category)&&n.set(""category"",t.category),(null==t?void 0:t.cursor)&&n.set(""cursor"",t.cursor),(null==t?void 0:t.limit)&&n.set(""limit"",String(t.limit));let r=n.toString();return g(e,r?""?"".concat(r):"""")}async function x(e,t){return g(e,"""",{method:""POST"",body:JSON.stringify(t)})}async function f(e,t,n){return g(e,""/"".concat(t),{method:""PATCH"",body:JSON.stringify(n)})}async function b(e,t){return g(e,""/"".concat(t),{method:""DELETE""})}async function y(e,t,n){return g(e,""/"".concat(t,""/reactions""),{method:""POST"",body:JSON.stringify({type:n})})}async function v(e){return g(e,""/seen"",{method:""PATCH""})}async function k(e){return g(e,""/unseen"")}l"
/api/glitch/feed,/Volumes/EAGET/SKYLIT_RE/bundles/1536-064f08115df39c50.js,61175,"i=s.slice(0,o),c=i.length===o&&s.length>o?i[i.length-1].id:null;return{messages:i,nextCursor:c}}(t);let r=new URLSearchParams;t.source&&""all""!==t.source&&r.set(""source"",t.source),t.ticker&&r.set(""ticker"",t.ticker.toUpperCase()),t.tickers&&t.tickers.length>0&&r.set(""tickers"",t.tickers.map(e=>e.toUpperCase()).join("","")),""number""==typeof t.minSignal&&r.set(""minSignal"",String(t.minSignal)),t.before&&r.set(""before"",t.before),t.limit&&r.set(""limit"",String(t.limit));let a=r.toString(),l="""".concat(eY(),""/api/glitch/feed"").concat(a?""?"".concat(a):""""),o=new Headers;try{let t=await e();t&&o.set(""Authorization"",""Bearer "".concat(t))}catch(e){console.warn(""[Glitch API] Failed to get Clerk token:"",e)}try{let e=await fetch(l,{headers:o,signal:n});if(!e.ok){let t=""HTTP "".concat(e.status,"": "").concat(e.statusText);try{let n=await e.json();t=n.message||n.error||t}catch(e){}throw new eX(t,e.status)}let t=await e.json();if(!t||""object""!=typeof t||!Array.isArray(t.messages))throw new eX(""Unexpected response shape from /api/glitch/feed (endpoint not deployed?)"",e.status);return t}catch(e){if(e instanceof eX||e instanceof DOMException&&""AbortError""===e.name)throw e;throw new eX(""Network error: "".concat(e instanceof Error?e.message:""Unknown error""),0)}}var e$=n(90960),eJ=n(52777);function eZ(e){let t=document.createElement(""div"");t.style.position=""fixed"",t.style.height=""env(safe-area-inset-"".concat(e,"", 0px)""),t.style.visibility=""hidden"",document.body.appendChild(t);let n=parseFloat(getComputedStyle(t).height)||0;retur"
/api/v1/talon/followups,/Volumes/EAGET/SKYLIT_RE/bundles/1536-064f08115df39c50.js,89539,"-md bg-primary px-4 py-2 text-sm font-medium text-primary-foreground shadow hover:bg-primary/90 disabled:opacity-50 disabled:pointer-events-none transition-colors"",children:[s&&(0,r.jsx)(no.A,{className:""size-4 animate-spin""}),""I understand""]})]})]})})}function ng(e){return e.startsWith(""cadence-"")?""cadence"":e.startsWith(""page-"")?""page"":e.startsWith(""followup-"")?""followup"":""unknown""}async function nh(e){if(0===e.liveCapabilityIds.length)return[];try{var t;let n=await fetch("""".concat((0,tV.FC)(),""/api/v1/talon/followups""),{method:""POST"",headers:{""Content-Type"":""application/json"",Accept:""application/json""},body:JSON.stringify({answer:e.answer,page_type:e.pageType,ticker:null!=(t=e.ticker)?t:null,live_capability_ids:e.liveCapabilityIds})});if(!n.ok)return[];let r=await n.json();return(Array.isArray(null==r?void 0:r.chips)?r.chips:[]).filter(e=>""string""==typeof(null==e?void 0:e.question)&&e.question.trim().length>0).map((e,t)=>({id:""followup-"".concat(t),type:""quick_reply"",label:e.question,prompt:e.question}))}catch(e){return[]}}var nx=n(60080),nf=n(54390),nb=n(30814),ny=n(79397),nv=n(90889),nk=n(90399),nw=n(39068),nj=n(84382),nS=n(10383),nN=n(71360),nT=n(20908),nA=n(9058);let nC=[{id:""levels"",name:""Levels"",shortcut:""/levels"",description:""Key GEX/VEX levels for a symbol"",icon:nb.A,category:""skill"",completion:""symbol"",usage:""/levels SPY""},{id:""flow"",name:""Flow"",shortcut:""/flow"",description:""Single-leg options flow digest"",icon:H.A,category:""skill"",completion:""symbol"",usage:""/flow NVDA""},{id:""darkpool"",name"
/flow/compass,/Volumes/EAGET/SKYLIT_RE/bundles/1536-064f08115df39c50.js,108693,"5"",n5={fontSize:""11.5px"",fontWeight:400,letterSpacing:""0""},n4=new Set(nC.map(e=>e.shortcut));function n3(e){if(!e)return{};if(""/""===e)return{pageType:""heatseeker"",pageId:""heatseeker""};let t=e.match(/^\/agents\/research\/([^/?#]+)/);if(t)return{pageType:""research"",pageId:""research"",focusedTicker:n9(t[1])};let n=e.match(/^\/agents\/trade\/([^/?#]+)/);return n?{pageType:""trade"",pageId:""trade"",focusedTicker:n9(n[1])}:e.startsWith(""/agents/flow-ai"")?{pageType:""flow-ai"",pageId:""flow-ai""}:e.startsWith(""/flow/compass"")?{pageType:""compass"",pageId:""compass""}:e.startsWith(""/flow/live"")?{pageType:""livefeed"",pageId:n6(e)}:e.startsWith(""/flow/tracker"")?{pageType:""tracker"",pageId:n6(e)}:e.startsWith(""/flow/scanner"")?{pageType:""scanner"",pageId:n6(e)}:e.startsWith(""/flow/lookup"")?{pageType:""contract_lookup"",pageId:n6(e)}:""/alerts""===e?{pageType:""alerts"",pageId:""alerts""}:""/atlas""===e||""/charts""===e?{pageType:""atlas"",pageId:n6(e)}:""/trinity""===e?{pageType:""trinity"",pageId:""trinity""}:e.match(/^\/academy\/([^/?#]+)/)?{pageType:""academy"",pageId:""academy""}:{pageId:n6(e)}}function n6(e){let t,n=e.replace(/\/+$/,"""")||""/"",r=_.zt[n];if(r)return r;let a="""";for(let[e,r]of Object.entries(_.zt))""/""!==e&&n.startsWith(e+""/"")&&e.length>a.length&&(a=e,t=r);let l=n.split(""/"").filter(Boolean);if(t){let e=a.split(""/"").filter(Boolean).length;return Object.keys(_.zt).some(e=>e!==a&&e.startsWith(a+""/""))?l[e]:t}return 0===l.length?""unknown"":l[l.length-1]}let n8=/^[A-Z0-9][A-Z0-9.\-^]{0,11}$/;function n9(e){let t;try{t=decodeURIComp"
/flow/live,/Volumes/EAGET/SKYLIT_RE/bundles/1536-064f08115df39c50.js,108761,"t(nC.map(e=>e.shortcut));function n3(e){if(!e)return{};if(""/""===e)return{pageType:""heatseeker"",pageId:""heatseeker""};let t=e.match(/^\/agents\/research\/([^/?#]+)/);if(t)return{pageType:""research"",pageId:""research"",focusedTicker:n9(t[1])};let n=e.match(/^\/agents\/trade\/([^/?#]+)/);return n?{pageType:""trade"",pageId:""trade"",focusedTicker:n9(n[1])}:e.startsWith(""/agents/flow-ai"")?{pageType:""flow-ai"",pageId:""flow-ai""}:e.startsWith(""/flow/compass"")?{pageType:""compass"",pageId:""compass""}:e.startsWith(""/flow/live"")?{pageType:""livefeed"",pageId:n6(e)}:e.startsWith(""/flow/tracker"")?{pageType:""tracker"",pageId:n6(e)}:e.startsWith(""/flow/scanner"")?{pageType:""scanner"",pageId:n6(e)}:e.startsWith(""/flow/lookup"")?{pageType:""contract_lookup"",pageId:n6(e)}:""/alerts""===e?{pageType:""alerts"",pageId:""alerts""}:""/atlas""===e||""/charts""===e?{pageType:""atlas"",pageId:n6(e)}:""/trinity""===e?{pageType:""trinity"",pageId:""trinity""}:e.match(/^\/academy\/([^/?#]+)/)?{pageType:""academy"",pageId:""academy""}:{pageId:n6(e)}}function n6(e){let t,n=e.replace(/\/+$/,"""")||""/"",r=_.zt[n];if(r)return r;let a="""";for(let[e,r]of Object.entries(_.zt))""/""!==e&&n.startsWith(e+""/"")&&e.length>a.length&&(a=e,t=r);let l=n.split(""/"").filter(Boolean);if(t){let e=a.split(""/"").filter(Boolean).length;return Object.keys(_.zt).some(e=>e!==a&&e.startsWith(a+""/""))?l[e]:t}return 0===l.length?""unknown"":l[l.length-1]}let n8=/^[A-Z0-9][A-Z0-9.\-^]{0,11}$/;function n9(e){let t;try{t=decodeURIComponent(e).trim().toUpperCase()}catch(n){t=e.trim().toUpperCase()}r"
/flow/tracker,/Volumes/EAGET/SKYLIT_RE/bundles/1536-064f08115df39c50.js,108823,"==e)return{pageType:""heatseeker"",pageId:""heatseeker""};let t=e.match(/^\/agents\/research\/([^/?#]+)/);if(t)return{pageType:""research"",pageId:""research"",focusedTicker:n9(t[1])};let n=e.match(/^\/agents\/trade\/([^/?#]+)/);return n?{pageType:""trade"",pageId:""trade"",focusedTicker:n9(n[1])}:e.startsWith(""/agents/flow-ai"")?{pageType:""flow-ai"",pageId:""flow-ai""}:e.startsWith(""/flow/compass"")?{pageType:""compass"",pageId:""compass""}:e.startsWith(""/flow/live"")?{pageType:""livefeed"",pageId:n6(e)}:e.startsWith(""/flow/tracker"")?{pageType:""tracker"",pageId:n6(e)}:e.startsWith(""/flow/scanner"")?{pageType:""scanner"",pageId:n6(e)}:e.startsWith(""/flow/lookup"")?{pageType:""contract_lookup"",pageId:n6(e)}:""/alerts""===e?{pageType:""alerts"",pageId:""alerts""}:""/atlas""===e||""/charts""===e?{pageType:""atlas"",pageId:n6(e)}:""/trinity""===e?{pageType:""trinity"",pageId:""trinity""}:e.match(/^\/academy\/([^/?#]+)/)?{pageType:""academy"",pageId:""academy""}:{pageId:n6(e)}}function n6(e){let t,n=e.replace(/\/+$/,"""")||""/"",r=_.zt[n];if(r)return r;let a="""";for(let[e,r]of Object.entries(_.zt))""/""!==e&&n.startsWith(e+""/"")&&e.length>a.length&&(a=e,t=r);let l=n.split(""/"").filter(Boolean);if(t){let e=a.split(""/"").filter(Boolean).length;return Object.keys(_.zt).some(e=>e!==a&&e.startsWith(a+""/""))?l[e]:t}return 0===l.length?""unknown"":l[l.length-1]}let n8=/^[A-Z0-9][A-Z0-9.\-^]{0,11}$/;function n9(e){let t;try{t=decodeURIComponent(e).trim().toUpperCase()}catch(n){t=e.trim().toUpperCase()}return n8.test(t)?t:void 0}let n7=""linear-gradient(rgba(147, 197, "
/flow/scanner,/Volumes/EAGET/SKYLIT_RE/bundles/1536-064f08115df39c50.js,108887,"tch(/^\/agents\/research\/([^/?#]+)/);if(t)return{pageType:""research"",pageId:""research"",focusedTicker:n9(t[1])};let n=e.match(/^\/agents\/trade\/([^/?#]+)/);return n?{pageType:""trade"",pageId:""trade"",focusedTicker:n9(n[1])}:e.startsWith(""/agents/flow-ai"")?{pageType:""flow-ai"",pageId:""flow-ai""}:e.startsWith(""/flow/compass"")?{pageType:""compass"",pageId:""compass""}:e.startsWith(""/flow/live"")?{pageType:""livefeed"",pageId:n6(e)}:e.startsWith(""/flow/tracker"")?{pageType:""tracker"",pageId:n6(e)}:e.startsWith(""/flow/scanner"")?{pageType:""scanner"",pageId:n6(e)}:e.startsWith(""/flow/lookup"")?{pageType:""contract_lookup"",pageId:n6(e)}:""/alerts""===e?{pageType:""alerts"",pageId:""alerts""}:""/atlas""===e||""/charts""===e?{pageType:""atlas"",pageId:n6(e)}:""/trinity""===e?{pageType:""trinity"",pageId:""trinity""}:e.match(/^\/academy\/([^/?#]+)/)?{pageType:""academy"",pageId:""academy""}:{pageId:n6(e)}}function n6(e){let t,n=e.replace(/\/+$/,"""")||""/"",r=_.zt[n];if(r)return r;let a="""";for(let[e,r]of Object.entries(_.zt))""/""!==e&&n.startsWith(e+""/"")&&e.length>a.length&&(a=e,t=r);let l=n.split(""/"").filter(Boolean);if(t){let e=a.split(""/"").filter(Boolean).length;return Object.keys(_.zt).some(e=>e!==a&&e.startsWith(a+""/""))?l[e]:t}return 0===l.length?""unknown"":l[l.length-1]}let n8=/^[A-Z0-9][A-Z0-9.\-^]{0,11}$/;function n9(e){let t;try{t=decodeURIComponent(e).trim().toUpperCase()}catch(n){t=e.trim().toUpperCase()}return n8.test(t)?t:void 0}let n7=""linear-gradient(rgba(147, 197, 253, 0.045) 1px, transparent 1px), linear-gradient(90deg, rgba(1"
/flow/lookup,/Volumes/EAGET/SKYLIT_RE/bundles/1536-064f08115df39c50.js,108951,"arch"",pageId:""research"",focusedTicker:n9(t[1])};let n=e.match(/^\/agents\/trade\/([^/?#]+)/);return n?{pageType:""trade"",pageId:""trade"",focusedTicker:n9(n[1])}:e.startsWith(""/agents/flow-ai"")?{pageType:""flow-ai"",pageId:""flow-ai""}:e.startsWith(""/flow/compass"")?{pageType:""compass"",pageId:""compass""}:e.startsWith(""/flow/live"")?{pageType:""livefeed"",pageId:n6(e)}:e.startsWith(""/flow/tracker"")?{pageType:""tracker"",pageId:n6(e)}:e.startsWith(""/flow/scanner"")?{pageType:""scanner"",pageId:n6(e)}:e.startsWith(""/flow/lookup"")?{pageType:""contract_lookup"",pageId:n6(e)}:""/alerts""===e?{pageType:""alerts"",pageId:""alerts""}:""/atlas""===e||""/charts""===e?{pageType:""atlas"",pageId:n6(e)}:""/trinity""===e?{pageType:""trinity"",pageId:""trinity""}:e.match(/^\/academy\/([^/?#]+)/)?{pageType:""academy"",pageId:""academy""}:{pageId:n6(e)}}function n6(e){let t,n=e.replace(/\/+$/,"""")||""/"",r=_.zt[n];if(r)return r;let a="""";for(let[e,r]of Object.entries(_.zt))""/""!==e&&n.startsWith(e+""/"")&&e.length>a.length&&(a=e,t=r);let l=n.split(""/"").filter(Boolean);if(t){let e=a.split(""/"").filter(Boolean).length;return Object.keys(_.zt).some(e=>e!==a&&e.startsWith(a+""/""))?l[e]:t}return 0===l.length?""unknown"":l[l.length-1]}let n8=/^[A-Z0-9][A-Z0-9.\-^]{0,11}$/;function n9(e){let t;try{t=decodeURIComponent(e).trim().toUpperCase()}catch(n){t=e.trim().toUpperCase()}return n8.test(t)?t:void 0}let n7=""linear-gradient(rgba(147, 197, 253, 0.045) 1px, transparent 1px), linear-gradient(90deg, rgba(147, 197, 253, 0.045) 1px, transparent 1px), radial-gradient(cir"
/falcon/contract_flow,/Volumes/EAGET/SKYLIT_RE/bundles/1536-064f08115df39c50.js,214049,"d:""rgba(var(--tv2-ink),0.04)"",border:""1px solid rgba(var(--tv2-ink),0.08)""},children:[(0,r.jsx)(""span"",{style:{fontSize:10,fontWeight:700,letterSpacing:""0.1em"",color:E.textSecondary},children:""COPILOT MODE""}),(0,r.jsxs)(""span"",{style:{fontSize:10.5,color:E.textMuted},children:[""No per-tranche lifecycle for the "",_.contract.split("" "")[0],"" leg yet — this leg has no timestamped fill log to copy. Switch to a leg with a lifecycle, or check back once it's graded.""]})]})})(),(0,r.jsx)(rf.Sl,{endpoint:""/falcon/contract_flow"",contract:_.contract.split("" \xb7 "")[0],expiryIso:C.expiryIso,since:C.ago,t:E,skin:rS,side:C.side,scrubTime:ee,onScrub:et}),(0,r.jsxs)(""div"",{className:""mx-5 mt-5"",children:[(0,r.jsxs)(""div"",{className:""mb-1 flex flex-wrap items-center justify-between gap-y-1"",children:[(0,r.jsxs)(""span"",{className:""uppercase"",style:{fontSize:8.5,fontWeight:600,letterSpacing:""0.16em"",color:E.textMuted},children:[""Trade map"",_.native?"""":(null==(d=_.levels)?void 0:d.prem)?"" \xb7 premium basis \xb7 trims +30/50/70/100% \xb7 stop −50%"":_.levels?"" \xb7 this leg's own structure"":"" \xb7 SPY levels (own structure unavailable)""]}),(0,r.jsxs)(""span"",{className:""flex flex-wrap items-center justify-end gap-x-2.5 gap-y-0.5"",style:{fontVariantNumeric:""tabular-nums"",flexGrow:1},children:[(0,r.jsxs)(""span"",{style:{fontSize:10,fontWeight:600,color:E.textMuted,whiteSpace:""nowrap""},children:[""ENTRY "",(0,r.jsx)(""b"",{style:{color:rN,fontWeight:700},children:R.entry.toFixed(2)})]}),null!=J&&(0,r.jsxs)(""span"",{className:""fle"
/falcon/days?strategy=,/Volumes/EAGET/SKYLIT_RE/bundles/1536-064f08115df39c50.js,229348,"kylit:talon:otm"")&&F(!0)}catch(e){}},[]),(0,a.useEffect)(()=>{try{I&&localStorage.setItem(""skylit:talon:book"",I)}catch(e){}},[I]),(0,a.useEffect)(()=>{try{localStorage.setItem(""skylit:talon:otm"",R?""1"":""0"")}catch(e){}},[R]);let W=null!=I?I:""v2"",P=""v3""===W,D=""legacy""===W?""legacy"":""v3""===W?R?""v3_degen"":""v3"":""v1""===W?R?""degen"":""normal"":R?""v2_degen"":""v2"",{isAdmin:L}=(0,ec.$)(),q=function(e){let[t,n]=(0,a.useState)([]);return(0,a.useEffect)(()=>{let t,r=!0,a=async()=>{let l=!1;try{let t=await fetch(e?""/falcon/days?strategy="".concat(e):""/falcon/days"",{cache:""no-store""}),a=await t.json();r&&Array.isArray(null==a?void 0:a.days)&&a.days.length>0&&(n(a.days),l=!0)}catch(e){}r&&(t=setTimeout(a,l?3e5:15e3))};return a(),()=>{r=!1,clearTimeout(t)}},[e]),t}(D),[O,B]=(0,a.useState)(!1),G=function(e,t){let[n,r]=(0,a.useState)({});return(0,a.useEffect)(()=>{if(!t)return;let n=!0;return(async()=>{try{let t=e?""?strategy="".concat(e):"""",a=await fetch(""/falcon/day-summaries"".concat(t),{cache:""no-store""}),l=await a.json();n&&(null==l?void 0:l.summaries)&&r(l.summaries)}catch(e){}})(),()=>{n=!1}},[e,t]),n}(D,O),V=function(){let e=arguments.length>0&&void 0!==arguments[0]?arguments[0]:5e3,t=arguments.length>1?arguments[1]:void 0,n=arguments.length>2?arguments[2]:void 0,[r,l]=(0,a.useState)({status:""loading"",setups:[]}),o=(0,a.useRef)(()=>{});return(0,a.useEffect)(()=>{let r=!0;l({status:""loading"",setups:[]});let a=async()=>{try{let e=[t?""day="".concat(t):"""",n?""strategy="".concat(n):""""].filter(Boolean).join(""&""),a=await fetch(e?"
/falcon/days,/Volumes/EAGET/SKYLIT_RE/bundles/1536-064f08115df39c50.js,229383,"},[]),(0,a.useEffect)(()=>{try{I&&localStorage.setItem(""skylit:talon:book"",I)}catch(e){}},[I]),(0,a.useEffect)(()=>{try{localStorage.setItem(""skylit:talon:otm"",R?""1"":""0"")}catch(e){}},[R]);let W=null!=I?I:""v2"",P=""v3""===W,D=""legacy""===W?""legacy"":""v3""===W?R?""v3_degen"":""v3"":""v1""===W?R?""degen"":""normal"":R?""v2_degen"":""v2"",{isAdmin:L}=(0,ec.$)(),q=function(e){let[t,n]=(0,a.useState)([]);return(0,a.useEffect)(()=>{let t,r=!0,a=async()=>{let l=!1;try{let t=await fetch(e?""/falcon/days?strategy="".concat(e):""/falcon/days"",{cache:""no-store""}),a=await t.json();r&&Array.isArray(null==a?void 0:a.days)&&a.days.length>0&&(n(a.days),l=!0)}catch(e){}r&&(t=setTimeout(a,l?3e5:15e3))};return a(),()=>{r=!1,clearTimeout(t)}},[e]),t}(D),[O,B]=(0,a.useState)(!1),G=function(e,t){let[n,r]=(0,a.useState)({});return(0,a.useEffect)(()=>{if(!t)return;let n=!0;return(async()=>{try{let t=e?""?strategy="".concat(e):"""",a=await fetch(""/falcon/day-summaries"".concat(t),{cache:""no-store""}),l=await a.json();n&&(null==l?void 0:l.summaries)&&r(l.summaries)}catch(e){}})(),()=>{n=!1}},[e,t]),n}(D,O),V=function(){let e=arguments.length>0&&void 0!==arguments[0]?arguments[0]:5e3,t=arguments.length>1?arguments[1]:void 0,n=arguments.length>2?arguments[2]:void 0,[r,l]=(0,a.useState)({status:""loading"",setups:[]}),o=(0,a.useRef)(()=>{});return(0,a.useEffect)(()=>{let r=!0;l({status:""loading"",setups:[]});let a=async()=>{try{let e=[t?""day="".concat(t):"""",n?""strategy="".concat(n):""""].filter(Boolean).join(""&""),a=await fetch(e?""/falcon/setups?"".concat("
/falcon/day-summaries,/Volumes/EAGET/SKYLIT_RE/bundles/1536-064f08115df39c50.js,229790,">{let t,r=!0,a=async()=>{let l=!1;try{let t=await fetch(e?""/falcon/days?strategy="".concat(e):""/falcon/days"",{cache:""no-store""}),a=await t.json();r&&Array.isArray(null==a?void 0:a.days)&&a.days.length>0&&(n(a.days),l=!0)}catch(e){}r&&(t=setTimeout(a,l?3e5:15e3))};return a(),()=>{r=!1,clearTimeout(t)}},[e]),t}(D),[O,B]=(0,a.useState)(!1),G=function(e,t){let[n,r]=(0,a.useState)({});return(0,a.useEffect)(()=>{if(!t)return;let n=!0;return(async()=>{try{let t=e?""?strategy="".concat(e):"""",a=await fetch(""/falcon/day-summaries"".concat(t),{cache:""no-store""}),l=await a.json();n&&(null==l?void 0:l.summaries)&&r(l.summaries)}catch(e){}})(),()=>{n=!1}},[e,t]),n}(D,O),V=function(){let e=arguments.length>0&&void 0!==arguments[0]?arguments[0]:5e3,t=arguments.length>1?arguments[1]:void 0,n=arguments.length>2?arguments[2]:void 0,[r,l]=(0,a.useState)({status:""loading"",setups:[]}),o=(0,a.useRef)(()=>{});return(0,a.useEffect)(()=>{let r=!0;l({status:""loading"",setups:[]});let a=async()=>{try{let e=[t?""day="".concat(t):"""",n?""strategy="".concat(n):""""].filter(Boolean).join(""&""),a=await fetch(e?""/falcon/setups?"".concat(e):""/falcon/setups"",{cache:""no-store""}),o=await a.json(),s=Array.isArray(null==o?void 0:o.setups)?o.setups:[];r&&l(e=>{var n;return!t&&0===s.length&&(null==o?void 0:o.live)!==!0&&e.setups.length>0?e:{status:null!=(n=null==o?void 0:o.status)?n:""unavailable"",experimental:null==o?void 0:o.experimental,generated_at:null==o?void 0:o.generated_at,live:null==o?void 0:o.live,date:null==o?void 0:o.date,historical:null==o?"
/falcon/setups?,/Volumes/EAGET/SKYLIT_RE/bundles/1536-064f08115df39c50.js,230372,"?void 0:l.summaries)&&r(l.summaries)}catch(e){}})(),()=>{n=!1}},[e,t]),n}(D,O),V=function(){let e=arguments.length>0&&void 0!==arguments[0]?arguments[0]:5e3,t=arguments.length>1?arguments[1]:void 0,n=arguments.length>2?arguments[2]:void 0,[r,l]=(0,a.useState)({status:""loading"",setups:[]}),o=(0,a.useRef)(()=>{});return(0,a.useEffect)(()=>{let r=!0;l({status:""loading"",setups:[]});let a=async()=>{try{let e=[t?""day="".concat(t):"""",n?""strategy="".concat(n):""""].filter(Boolean).join(""&""),a=await fetch(e?""/falcon/setups?"".concat(e):""/falcon/setups"",{cache:""no-store""}),o=await a.json(),s=Array.isArray(null==o?void 0:o.setups)?o.setups:[];r&&l(e=>{var n;return!t&&0===s.length&&(null==o?void 0:o.live)!==!0&&e.setups.length>0?e:{status:null!=(n=null==o?void 0:o.status)?n:""unavailable"",experimental:null==o?void 0:o.experimental,generated_at:null==o?void 0:o.generated_at,live:null==o?void 0:o.live,date:null==o?void 0:o.date,historical:null==o?void 0:o.historical,summary:null==o?void 0:o.summary,playbook:null==o?void 0:o.playbook,radar:null==o?void 0:o.radar,orb:null==o?void 0:o.orb,setups:s}})}catch(e){r&&l(e=>e.setups.length>0?e:{status:""unavailable"",setups:[]})}};o.current=a,a();let s=setInterval(a,t?6e4:e);return()=>{r=!1,clearInterval(s)}},[e,t,n]),(0,rg.l)(e=>{""falcon""===e.agent&&o.current()},{enabled:!t}),r}(5e3,E,D),H=a.useMemo(()=>{var e;return(null!=(e=V.setups)?e:[]).map(r_).sort((e,t)=>(t.ago||"""").localeCompare(e.ago||"""")).filter(e=>{var t;return!e.episodeId||(null!=(t=e.tranche)?t:1)<=1})},[V.set"
/falcon/setups,/Volumes/EAGET/SKYLIT_RE/bundles/1536-064f08115df39c50.js,230400,"mmaries)}catch(e){}})(),()=>{n=!1}},[e,t]),n}(D,O),V=function(){let e=arguments.length>0&&void 0!==arguments[0]?arguments[0]:5e3,t=arguments.length>1?arguments[1]:void 0,n=arguments.length>2?arguments[2]:void 0,[r,l]=(0,a.useState)({status:""loading"",setups:[]}),o=(0,a.useRef)(()=>{});return(0,a.useEffect)(()=>{let r=!0;l({status:""loading"",setups:[]});let a=async()=>{try{let e=[t?""day="".concat(t):"""",n?""strategy="".concat(n):""""].filter(Boolean).join(""&""),a=await fetch(e?""/falcon/setups?"".concat(e):""/falcon/setups"",{cache:""no-store""}),o=await a.json(),s=Array.isArray(null==o?void 0:o.setups)?o.setups:[];r&&l(e=>{var n;return!t&&0===s.length&&(null==o?void 0:o.live)!==!0&&e.setups.length>0?e:{status:null!=(n=null==o?void 0:o.status)?n:""unavailable"",experimental:null==o?void 0:o.experimental,generated_at:null==o?void 0:o.generated_at,live:null==o?void 0:o.live,date:null==o?void 0:o.date,historical:null==o?void 0:o.historical,summary:null==o?void 0:o.summary,playbook:null==o?void 0:o.playbook,radar:null==o?void 0:o.radar,orb:null==o?void 0:o.orb,setups:s}})}catch(e){r&&l(e=>e.setups.length>0?e:{status:""unavailable"",setups:[]})}};o.current=a,a();let s=setInterval(a,t?6e4:e);return()=>{r=!1,clearInterval(s)}},[e,t,n]),(0,rg.l)(e=>{""falcon""===e.agent&&o.current()},{enabled:!t}),r}(5e3,E,D),H=a.useMemo(()=>{var e;return(null!=(e=V.setups)?e:[]).map(r_).sort((e,t)=>(t.ago||"""").localeCompare(e.ago||"""")).filter(e=>{var t;return!e.episodeId||(null!=(t=e.tranche)?t:1)<=1})},[V.setups]),K=""ok""===V.status&&H."
/falcon/feed,/Volumes/EAGET/SKYLIT_RE/bundles/1536-064f08115df39c50.js,233710,"var t;let n=N(e),r=null!=(t=rL(e,n.native,n.contract).avg)?t:""—""!==n.mark?Number(n.mark.replace(/[^0-9.]/g,"""")):NaN;return{entryPrem:Number.isFinite(r)?r:null,managedPct:n.managedReturn,lifecycle:Array.isArray(n.lifecycle)&&n.lifecycle.length?n.lifecycle:void 0,sizingModel:""equal""}}),el=(0,rf.ZZ)(ea),eo=X?""Today"":rA(V.date),es=function(){let e=arguments.length>0&&void 0!==arguments[0]?arguments[0]:8e3,[t,n]=(0,a.useState)([]);return(0,a.useEffect)(()=>{let t=!0,r=async()=>{try{let e=await fetch(""/falcon/feed"",{cache:""no-store""}),r=await e.json();t&&n(Array.isArray(null==r?void 0:r.orders)?r.orders:[])}catch(e){}};r();let a=setInterval(r,e);return()=>{t=!1,clearInterval(a)}},[e]),t}(),ei=(null!=es?es:[]).map((e,t)=>{let n=e.premium>=1e6?""$"".concat((e.premium/1e6).toFixed(1),""M""):""$"".concat(Math.round(e.premium/1e3),""K""),a=""C""===e.right?""C"":""P"",l=""whale""===e.tier,o=e.expiration?"""".concat(e.expiration.slice(5,7),""/"").concat(e.expiration.slice(8,10)):"""";return{key:-1-t,src:""flowseeker"",time:e.time||"""",msg:(0,r.jsxs)(r.Fragment,{children:[(0,r.jsx)(""b"",{children:n}),"" "",""C""===a?""call"":""put"","" sweep \xb7"","" "",(0,r.jsxs)(""button"",{type:""button"",onClick:()=>e.expiration&&v(e),disabled:!e.expiration,className:""cursor-pointer border-none bg-transparent p-0"",title:""Drill into this contract's flow"",style:{font:""inherit"",color:""inherit""},children:[(0,r.jsxs)(rz,{children:[""$"",e.ticker]}),"" "",Math.round(e.strike),a,(0,r.jsx)(""span"",{style:{color:u.textMuted,fontSize:9},children:"" ↗""})]}),o?(0,r.jsxs)(""s"
/falcon/commentary,/Volumes/EAGET/SKYLIT_RE/bundles/1536-064f08115df39c50.js,235292,"ier&&(0,r.jsxs)(""span"",{style:{color:l?rN:u.textSecondary,fontWeight:l?600:500},children:["" \xb7 "",e.tier,l?"" \uD83D\uDD25"":""""]}),null!=e.top_pct&&(0,r.jsxs)(""span"",{style:{color:u.textMuted},children:["" \xb7 "",null!=e.rank&&e.rank<=10?""#"".concat(e.rank,"" sweep today""):""top "".concat(e.top_pct,""% of today’s sweeps"")]})]})}}),ed=function(){let e=arguments.length>0&&void 0!==arguments[0]?arguments[0]:1e4,[t,n]=(0,a.useState)([]);return(0,a.useEffect)(()=>{let t=!0,r=async()=>{try{let e=await fetch(""/falcon/commentary"",{cache:""no-store""}),r=await e.json();t&&n(Array.isArray(null==r?void 0:r.commentary)?r.commentary:[])}catch(e){}};r();let a=setInterval(r,e);return()=>{t=!1,clearInterval(a)}},[e]),t}(),eu=[...(null!=ed?ed:[]).map((e,t)=>({key:-1e3-t,src:[""atlas"",""heatseeker"",""flowseeker""].includes(e.src)?e.src:""atlas"",time:e.time||"""",msg:(0,r.jsxs)(r.Fragment,{children:[e.magnet?""\uD83E\uDDF2 "":"""",e.msg]})})),...ei].sort((e,t)=>(t.time||"""").localeCompare(e.time||""""));(0,a.useEffect)(()=>{let e,t=[],n=e=>A(t=>[{key:_.current++,...e},...t].slice(0,8));rM.forEach((e,r)=>t.push(setTimeout(()=>n(e),300+380*r)));let r=0;return t.push(setTimeout(()=>{e=setInterval(()=>{n({...rI[r%rI.length],time:""09:"".concat(String(43+r%5).padStart(2,""0""))}),r++},2700)},2300)),()=>{t.forEach(clearTimeout),e&&clearInterval(e)}},[]);let ep=(e,t)=>(0,r.jsxs)(""div"",{className:""my-1 flex flex-wrap items-center gap-x-2 gap-y-1 uppercase"",style:{fontSize:9,letterSpacing:""0.18em"",color:u.textMuted},children:[e,(0,r.jsx)(""span"",{cla"
/falcon/stats?strategy=,/Volumes/EAGET/SKYLIT_RE/bundles/1536-064f08115df39c50.js,250245,"yle:{color:u.textSecondary},children:[null==(n=V.orb.lo)?void 0:n.toFixed(2),""–"",null==(o=V.orb.hi)?void 0:o.toFixed(2)]})]}),""armed""===V.orb.state&&null!=V.orb.dist_hi&&(0,r.jsxs)(""span"",{children:[V.orb.dist_hi.toFixed(2),"" to upper trigger \xb7 "",null==(s=V.orb.dist_lo)?void 0:s.toFixed(2),"" to lower""]}),null!=V.orb.last&&(0,r.jsxs)(""span"",{children:[""last "",(0,r.jsx)(""b"",{style:{color:u.textPrimary},children:V.orb.last.toFixed(2)})]})]}),j&&(0,r.jsxs)(r.Fragment,{children:[(0,r.jsx)(rj,{src:""/falcon/stats?strategy="".concat(D),mode:""options"",accent:""var(--tv2-accent)"",ink:""var(--tv2-ink)"",bull:""var(--tv2-bull)"",bear:""var(--tv2-bear)"",t:u}),(0,r.jsx)(ry,{src:""/falcon/plcurve?strategy="".concat(D),mode:""options"",accent:""var(--tv2-accent)"",ink:""var(--tv2-ink)"",bull:""var(--tv2-bull)"",bear:""var(--tv2-bear)"",t:u}),(0,r.jsx)(""div"",{className:""mt-2.5"",children:ep(""Live agent stream"",eu.length?""Atlas \xb7 Heatseeker \xb7 Flowseeker"":void 0)}),(0,r.jsx)(""div"",{className:""talon-noscroll flex min-h-0 flex-1 flex-col overflow-y-auto"",style:{overflowAnchor:""none"",scrollbarWidth:""none""},children:(eu.length?eu:T).map(e=>(0,r.jsxs)(""div"",{className:""flex gap-2.5 py-2"",style:{borderBottom:""1px solid rgba(var(--tv2-ink),0.05)"",animation:""talonFin .45s ease""},children:[(0,r.jsx)(rR,{src:e.src,size:27}),(0,r.jsxs)(""div"",{className:""min-w-0 flex-1"",children:[(0,r.jsxs)(""div"",{className:""flex items-baseline gap-1.5"",children:[(0,r.jsx)(""span"",{style:{fontSize:12,fontWeight:500,color:u.textPrimary},children:rE[e.src].name"
/falcon/plcurve?strategy=,/Volumes/EAGET/SKYLIT_RE/bundles/1536-064f08115df39c50.js,250414,"&(0,r.jsxs)(""span"",{children:[V.orb.dist_hi.toFixed(2),"" to upper trigger \xb7 "",null==(s=V.orb.dist_lo)?void 0:s.toFixed(2),"" to lower""]}),null!=V.orb.last&&(0,r.jsxs)(""span"",{children:[""last "",(0,r.jsx)(""b"",{style:{color:u.textPrimary},children:V.orb.last.toFixed(2)})]})]}),j&&(0,r.jsxs)(r.Fragment,{children:[(0,r.jsx)(rj,{src:""/falcon/stats?strategy="".concat(D),mode:""options"",accent:""var(--tv2-accent)"",ink:""var(--tv2-ink)"",bull:""var(--tv2-bull)"",bear:""var(--tv2-bear)"",t:u}),(0,r.jsx)(ry,{src:""/falcon/plcurve?strategy="".concat(D),mode:""options"",accent:""var(--tv2-accent)"",ink:""var(--tv2-ink)"",bull:""var(--tv2-bull)"",bear:""var(--tv2-bear)"",t:u}),(0,r.jsx)(""div"",{className:""mt-2.5"",children:ep(""Live agent stream"",eu.length?""Atlas \xb7 Heatseeker \xb7 Flowseeker"":void 0)}),(0,r.jsx)(""div"",{className:""talon-noscroll flex min-h-0 flex-1 flex-col overflow-y-auto"",style:{overflowAnchor:""none"",scrollbarWidth:""none""},children:(eu.length?eu:T).map(e=>(0,r.jsxs)(""div"",{className:""flex gap-2.5 py-2"",style:{borderBottom:""1px solid rgba(var(--tv2-ink),0.05)"",animation:""talonFin .45s ease""},children:[(0,r.jsx)(rR,{src:e.src,size:27}),(0,r.jsxs)(""div"",{className:""min-w-0 flex-1"",children:[(0,r.jsxs)(""div"",{className:""flex items-baseline gap-1.5"",children:[(0,r.jsx)(""span"",{style:{fontSize:12,fontWeight:500,color:u.textPrimary},children:rE[e.src].name}),(0,r.jsx)(""span"",{className:""ml-auto"",style:{fontSize:9,color:u.textMuted,fontFamily:""var(--font-mono, monospace)""},children:e.time})]}),(0,r.jsx)(""div"",{className:""mt-"
/api/glitch/stream?,/Volumes/EAGET/SKYLIT_RE/bundles/1536-064f08115df39c50.js,265589,"hOnWindowFocus:!0,staleTime:0}),m=(0,eB.jE)();!function(e,t){let{getToken:n}=(0,v.d)(),r=(0,a.useRef)(null),l=(0,a.useRef)(0),o=(0,a.useRef)(null),s=(0,a.useRef)(e);s.current=e;let i=(0,a.useRef)(t);i.current=t;let c=(0,a.useCallback)(async()=>{if(s.current){r.current&&(r.current.close(),r.current=null);try{let e,t=await (0,e$.ML)(n);if(t)e=""ticket="".concat(encodeURIComponent(t));else{let t=await n();if(!t)return;e=""token="".concat(encodeURIComponent(t))}if(!s.current)return;let a="""".concat(eY(),""/api/glitch/stream?"").concat(e),d=new EventSource(a);r.current=d,d.onopen=()=>{l.current=0},d.addEventListener(""glitch_message"",e=>{try{let t=JSON.parse(e.data);i.current(t)}catch(e){}}),d.onerror=()=>{if(d.close(),r.current===d&&(r.current=null),!s.current)return;l.current+=1;let e=Math.min(1e3*2**l.current,3e4);o.current=setTimeout(c,e)}}catch(e){}}},[n]);(0,a.useEffect)(()=>(e&&c(),()=>{o.current&&clearTimeout(o.current),r.current&&(r.current.onerror=null,r.current.close(),r.current=null)}),[e,c])}(c,(0,a.useCallback)(e=>{var t,n;if((""all""===o||e.source===o)&&!((null!=(t=e.signalScore)?t:0)<i)){if(s.length>0){let t=s.map(e=>e.toUpperCase());if(!(null!=(n=e.cashtags)?n:[]).some(e=>t.includes(e.toUpperCase())))return}m.setQueryData([""glitch-feed"",o,u,i],t=>{if(!t||0===t.pages.length)return t;let[n,...r]=t.pages,a=n.messages.findIndex(t=>t.id===e.id)>=0?n.messages.map(t=>t.id===e.id?e:t):[e,...n.messages];return{...t,pages:[{...n,messages:a},...r]}})}},[o,s,u,i,m]));let g=null!=(r=null==(t=p.data)?void 0:"
/midas/feed,/Volumes/EAGET/SKYLIT_RE/bundles/1536-064f08115df39c50.js,278940,"void 0!==arguments[1]?arguments[1]:""/midas"",[n,r]=(0,a.useState)([]);return(0,a.useEffect)(()=>{let n=!0,a=async()=>{try{let e=await fetch("""".concat(t,""/commentary""));if(!e.ok)return;let a=await e.json();n&&a&&Array.isArray(a.items)&&r(a.items)}catch(e){}};a();let l=setInterval(a,e);return()=>{n=!1,clearInterval(l)}},[e]),n}function as(){let e=arguments.length>0&&void 0!==arguments[0]?arguments[0]:2e4,[t,n]=(0,a.useState)([]);return(0,a.useEffect)(()=>{let t=!0,r=async()=>{try{let e=await fetch(""/midas/feed"");if(!e.ok)return;let r=await e.json();t&&r&&Array.isArray(r.orders)&&n(r.orders)}catch(e){}};r();let a=setInterval(r,e);return()=>{t=!1,clearInterval(a)}},[e]),t}let ai=(0,rf.mr)(""mds""),ac=""var(--mds-accent)"",ad=""rgba(var(--mds-accent-rgb),0.5)"",au={WATCHLIST:""rgba(var(--mds-ink),0.55)"",ARMED:""#ddd6fe"",TRIGGERED:""var(--mds-bull)"",T1_TAG:""var(--mds-bull)"",T2_TAG:""var(--mds-accent)"",T3_TAG:""var(--mds-accent)"",INVALIDATED:""var(--mds-bear)""},ap={WATCHLIST:""Qualified at the morning scan — waiting for price to reach the entry zone. No position yet, so no P/L."",ARMED:""Price tagged the entry zone — one close back above the floor from execution."",TRIGGERED:""Executed: the deflection confirmed. Entry premium is frozen at this minute’s print and P/L tracking starts."",T1_TAG:""Short-term GEX target touched (the front-column ceiling). Position keeps riding."",T2_TAG:""VEX swing target reached — the primary thesis played out."",T3_TAG:""Extended VEX magnet tagged — the runner’s moonshot rung."",INVALIDATE"
/midas/search?q=,/Volumes/EAGET/SKYLIT_RE/bundles/1536-064f08115df39c50.js,316589,"R,F]=(0,a.useState)(!1),[W,P]=(0,a.useState)(""""),[D,L]=(0,a.useState)(null),q=(0,a.useRef)(null),[O,B]=(0,a.useState)(null);(0,a.useEffect)(()=>{if(null===D||!q.current)return void B(null);let e=q.current.getBoundingClientRect(),t=Math.min(256,window.innerWidth-16);B({left:Math.max(8,Math.min(e.right-t,window.innerWidth-t-8))-e.left,width:t})},[D]);let[G,V]=(0,a.useState)(null);(0,a.useEffect)(()=>{let e=W.trim();if(e.length<2)return void L(null);let t=setTimeout(async()=>{try{let t=await fetch(""/midas/search?q="".concat(encodeURIComponent(e),""&mode="").concat(j,""&strategy=conservative""),{cache:""no-store""}),n=await t.json();L(Array.isArray(null==n?void 0:n.results)?n.results:[])}catch(e){L([])}},350);return()=>clearTimeout(t)},[W,j]),(0,a.useEffect)(()=>{var e;if(!G||!I)return;let t=(null!=(e=I.setups)?e:[]).find(e=>e.symbol===G.symbol&&e.day===G.day);t&&(N(t),V(null))},[G,I]);let H=W.trim().toLowerCase(),[K,U]=(0,a.useState)(!1),Y=(null!=(t=null==I?void 0:I.setups)?t:[]).filter(e=>""radar""===e.tier).length,X=e=>{var t,n,r;let a=(Array.isArray(e.state_history)?e.state_history:[]).find(e=>""TRIGGERED""===e.state),l=String(null!=(n=null!=(t=null==a?void 0:a.at)?t:e.time)?n:"""");return"""".concat(null!=(r=e.day)?r:"""","" "").concat(l.includes("" "")?l.split("" "").pop():l)},Q=(null!=(n=null==I?void 0:I.setups)?n:[]).filter(e=>{var t,n;return(0===T.size||T.has(e.state))&&(!!K||!!H||(null!=(t=e.tier)?t:""book"")!==""radar"")&&(!H||e.symbol.toLowerCase().includes(H)||(null!=(n=e.setup_class)?n:"""").toLowerCase().includ"
/midas/stats,/Volumes/EAGET/SKYLIT_RE/bundles/1536-064f08115df39c50.js,328795,"==el?void 0:el.w20)!=null&&(0,r.jsxs)(""span"",{children:[""≥20%: "",(0,r.jsxs)(""b"",{style:{color:h.textSecondary},children:[Math.round(100*(null!=(m=null==el?void 0:el.w20)?m:0)/el.fires),""%""]})]}),null!=el.best_max&&(0,r.jsxs)(""span"",{children:[""best "",(0,r.jsxs)(""b"",{style:{color:""var(--mds-accent)""},children:[""+"",el.best_max,""%""]})]}),null!=el.avg_max&&(0,r.jsxs)(""span"",{children:[""avg max "",(0,r.jsxs)(""b"",{style:{color:h.textSecondary},children:[""+"",el.avg_max,""%""]})]})]})]}),(0,r.jsx)(rj,{src:""/midas/stats"",mode:""equity""===j?""equity"":""options"",accent:ac,ink:""var(--mds-ink)"",bull:""var(--mds-bull)"",bear:""var(--mds-bear)"",t:h}),(0,r.jsx)(ry,{src:""/midas/plcurve"",mode:""equity""===j?""equity"":""options"",accent:ac,ink:""var(--mds-ink)"",bull:""var(--mds-bull)"",bear:""var(--mds-bear)"",t:h}),(0,r.jsx)(""div"",{className:""mt-2.5"",children:ei(""Midas stream"",Z.length?""Lifecycle \xb7 Flowseeker whales"":z.length?""Boards \xb7 Breadth \xb7 Lifecycle"":void 0)}),(0,r.jsxs)(""div"",{className:""talon-noscroll flex min-h-0 flex-1 flex-col overflow-y-auto"",style:{overflowAnchor:""none"",scrollbarWidth:""none""},children:[Z.map((e,t)=>(0,r.jsxs)(""div"",{className:""flex gap-2.5 py-2"",style:{borderBottom:""1px solid rgba(var(--mds-ink),0.05)"",animation:""talonFin .45s ease""},children:[(0,r.jsx)(""span"",{className:""grid flex-none place-items-center overflow-hidden rounded-[7px]"",style:{width:27,height:27,background:""rgba(var(--mds-ink),0.04)"",border:""1px solid rgba(var(--mds-ink),0.05)""},children:(0,r.jsx)(""img"",{src:""/agent-logos"
/midas/plcurve,/Volumes/EAGET/SKYLIT_RE/bundles/1536-064f08115df39c50.js,328948,"l?void 0:el.w20)?m:0)/el.fires),""%""]})]}),null!=el.best_max&&(0,r.jsxs)(""span"",{children:[""best "",(0,r.jsxs)(""b"",{style:{color:""var(--mds-accent)""},children:[""+"",el.best_max,""%""]})]}),null!=el.avg_max&&(0,r.jsxs)(""span"",{children:[""avg max "",(0,r.jsxs)(""b"",{style:{color:h.textSecondary},children:[""+"",el.avg_max,""%""]})]})]})]}),(0,r.jsx)(rj,{src:""/midas/stats"",mode:""equity""===j?""equity"":""options"",accent:ac,ink:""var(--mds-ink)"",bull:""var(--mds-bull)"",bear:""var(--mds-bear)"",t:h}),(0,r.jsx)(ry,{src:""/midas/plcurve"",mode:""equity""===j?""equity"":""options"",accent:ac,ink:""var(--mds-ink)"",bull:""var(--mds-bull)"",bear:""var(--mds-bear)"",t:h}),(0,r.jsx)(""div"",{className:""mt-2.5"",children:ei(""Midas stream"",Z.length?""Lifecycle \xb7 Flowseeker whales"":z.length?""Boards \xb7 Breadth \xb7 Lifecycle"":void 0)}),(0,r.jsxs)(""div"",{className:""talon-noscroll flex min-h-0 flex-1 flex-col overflow-y-auto"",style:{overflowAnchor:""none"",scrollbarWidth:""none""},children:[Z.map((e,t)=>(0,r.jsxs)(""div"",{className:""flex gap-2.5 py-2"",style:{borderBottom:""1px solid rgba(var(--mds-ink),0.05)"",animation:""talonFin .45s ease""},children:[(0,r.jsx)(""span"",{className:""grid flex-none place-items-center overflow-hidden rounded-[7px]"",style:{width:27,height:27,background:""rgba(var(--mds-ink),0.04)"",border:""1px solid rgba(var(--mds-ink),0.05)""},children:(0,r.jsx)(""img"",{src:""/agent-logos/flowseeker.png"",alt:"""",style:{width:21,height:21,objectFit:""contain""},onError:e=>{e.currentTarget.style.display=""none""}})}),(0,r.jsxs)(""div"",{className:""m"
/flow/dark,/Volumes/EAGET/SKYLIT_RE/bundles/1536-064f08115df39c50.js,478644,"Z={home:""/"",stages:""/stages"",heatmaps:""/"",""skylit-charts"":""/atlas"",alerts:""/alerts"",trinity:""/trinity"",settings:""/settings"",""admin-portal"":""/admin-portal"",megaphone:""/megaphone"",""talon-kb"":""/agents/talon-kb"",""talon-usage"":""/agents/talon-usage"",""agent-terminal"":""/agents"",trade:""/agents/trade"",""trinity-sniper"":""/agents/trinity-sniper"",""deep-research"":""/agents/research"",tradelab:""/agents/tradelab"",plugins:""/plugins"",""creator-studio"":""/creator"",compass:""/flow/compass"",livefeed:""/flow/live"",darkfeed:""/flow/dark"",scanner:""/flow/scanner"",lookup:""/flow/lookup"",""company-events"":""/flow/events"",tracker:""/flow/tracker"",""flow-alerts"":""/flow/alerts"",""flowseeker-settings"":""/flow/settings"",leaderboard:""/nexus/leaderboard"",profile:""/nexus/profile"",trades:""/nexus/trades"",ideas:""/nexus/ideas"",newtrade:""/nexus/new-trade"",academy:""/academy"",""nexus-settings"":""/nexus/settings"",""copy-trading"":""/nexus/copy-trading"",""nexus-admin"":""/nexus/admin"",portal:""/portal"",developer:""/developer"",""admin-api-platform"":""/admin/api-platform"",...H?{""njord-catalog"":""/products""}:{}},ee={""/"":""heatmaps"",""/stages"":""stages"",""/atlas"":""skylit-charts"",""/charts"":""skylit-charts"",""/alerts"":""alerts"",""/trinity"":""trinity"",""/settings"":""settings"",""/admin-portal"":""admin-portal"",""/megaphone"":""megaphone"",""/agents/talon-kb"":""talon-kb"",""/agents/talon-usage"":""talon-usage"",""/agents/trade"":""trade"",""/agents/trinity-sniper"":""trinity-sniper"",""/agents/research"":""deep-research"",""/agents"":""agent-terminal"",""/agents/tradelab"":""tradelab"",""/plugins"":""plugins"",""/cr"
/flow/events,/Volumes/EAGET/SKYLIT_RE/bundles/1536-064f08115df39c50.js,478720,"alerts"",trinity:""/trinity"",settings:""/settings"",""admin-portal"":""/admin-portal"",megaphone:""/megaphone"",""talon-kb"":""/agents/talon-kb"",""talon-usage"":""/agents/talon-usage"",""agent-terminal"":""/agents"",trade:""/agents/trade"",""trinity-sniper"":""/agents/trinity-sniper"",""deep-research"":""/agents/research"",tradelab:""/agents/tradelab"",plugins:""/plugins"",""creator-studio"":""/creator"",compass:""/flow/compass"",livefeed:""/flow/live"",darkfeed:""/flow/dark"",scanner:""/flow/scanner"",lookup:""/flow/lookup"",""company-events"":""/flow/events"",tracker:""/flow/tracker"",""flow-alerts"":""/flow/alerts"",""flowseeker-settings"":""/flow/settings"",leaderboard:""/nexus/leaderboard"",profile:""/nexus/profile"",trades:""/nexus/trades"",ideas:""/nexus/ideas"",newtrade:""/nexus/new-trade"",academy:""/academy"",""nexus-settings"":""/nexus/settings"",""copy-trading"":""/nexus/copy-trading"",""nexus-admin"":""/nexus/admin"",portal:""/portal"",developer:""/developer"",""admin-api-platform"":""/admin/api-platform"",...H?{""njord-catalog"":""/products""}:{}},ee={""/"":""heatmaps"",""/stages"":""stages"",""/atlas"":""skylit-charts"",""/charts"":""skylit-charts"",""/alerts"":""alerts"",""/trinity"":""trinity"",""/settings"":""settings"",""/admin-portal"":""admin-portal"",""/megaphone"":""megaphone"",""/agents/talon-kb"":""talon-kb"",""/agents/talon-usage"":""talon-usage"",""/agents/trade"":""trade"",""/agents/trinity-sniper"":""trinity-sniper"",""/agents/research"":""deep-research"",""/agents"":""agent-terminal"",""/agents/tradelab"":""tradelab"",""/plugins"":""plugins"",""/creator"":""creator-studio"",""/flow/compass"":""compass"",""/flow/live"":""livefeed"",""/fl"
/flow/alerts,/Volumes/EAGET/SKYLIT_RE/bundles/1536-064f08115df39c50.js,478773,"n-portal"":""/admin-portal"",megaphone:""/megaphone"",""talon-kb"":""/agents/talon-kb"",""talon-usage"":""/agents/talon-usage"",""agent-terminal"":""/agents"",trade:""/agents/trade"",""trinity-sniper"":""/agents/trinity-sniper"",""deep-research"":""/agents/research"",tradelab:""/agents/tradelab"",plugins:""/plugins"",""creator-studio"":""/creator"",compass:""/flow/compass"",livefeed:""/flow/live"",darkfeed:""/flow/dark"",scanner:""/flow/scanner"",lookup:""/flow/lookup"",""company-events"":""/flow/events"",tracker:""/flow/tracker"",""flow-alerts"":""/flow/alerts"",""flowseeker-settings"":""/flow/settings"",leaderboard:""/nexus/leaderboard"",profile:""/nexus/profile"",trades:""/nexus/trades"",ideas:""/nexus/ideas"",newtrade:""/nexus/new-trade"",academy:""/academy"",""nexus-settings"":""/nexus/settings"",""copy-trading"":""/nexus/copy-trading"",""nexus-admin"":""/nexus/admin"",portal:""/portal"",developer:""/developer"",""admin-api-platform"":""/admin/api-platform"",...H?{""njord-catalog"":""/products""}:{}},ee={""/"":""heatmaps"",""/stages"":""stages"",""/atlas"":""skylit-charts"",""/charts"":""skylit-charts"",""/alerts"":""alerts"",""/trinity"":""trinity"",""/settings"":""settings"",""/admin-portal"":""admin-portal"",""/megaphone"":""megaphone"",""/agents/talon-kb"":""talon-kb"",""/agents/talon-usage"":""talon-usage"",""/agents/trade"":""trade"",""/agents/trinity-sniper"":""trinity-sniper"",""/agents/research"":""deep-research"",""/agents"":""agent-terminal"",""/agents/tradelab"":""tradelab"",""/plugins"":""plugins"",""/creator"":""creator-studio"",""/flow/compass"":""compass"",""/flow/live"":""livefeed"",""/flow/dark"":""darkfeed"",""/flow/scanner"":""scanner"",""/flow/"
/flow/settings,/Volumes/EAGET/SKYLIT_RE/bundles/1536-064f08115df39c50.js,478810,"/megaphone"",""talon-kb"":""/agents/talon-kb"",""talon-usage"":""/agents/talon-usage"",""agent-terminal"":""/agents"",trade:""/agents/trade"",""trinity-sniper"":""/agents/trinity-sniper"",""deep-research"":""/agents/research"",tradelab:""/agents/tradelab"",plugins:""/plugins"",""creator-studio"":""/creator"",compass:""/flow/compass"",livefeed:""/flow/live"",darkfeed:""/flow/dark"",scanner:""/flow/scanner"",lookup:""/flow/lookup"",""company-events"":""/flow/events"",tracker:""/flow/tracker"",""flow-alerts"":""/flow/alerts"",""flowseeker-settings"":""/flow/settings"",leaderboard:""/nexus/leaderboard"",profile:""/nexus/profile"",trades:""/nexus/trades"",ideas:""/nexus/ideas"",newtrade:""/nexus/new-trade"",academy:""/academy"",""nexus-settings"":""/nexus/settings"",""copy-trading"":""/nexus/copy-trading"",""nexus-admin"":""/nexus/admin"",portal:""/portal"",developer:""/developer"",""admin-api-platform"":""/admin/api-platform"",...H?{""njord-catalog"":""/products""}:{}},ee={""/"":""heatmaps"",""/stages"":""stages"",""/atlas"":""skylit-charts"",""/charts"":""skylit-charts"",""/alerts"":""alerts"",""/trinity"":""trinity"",""/settings"":""settings"",""/admin-portal"":""admin-portal"",""/megaphone"":""megaphone"",""/agents/talon-kb"":""talon-kb"",""/agents/talon-usage"":""talon-usage"",""/agents/trade"":""trade"",""/agents/trinity-sniper"":""trinity-sniper"",""/agents/research"":""deep-research"",""/agents"":""agent-terminal"",""/agents/tradelab"":""tradelab"",""/plugins"":""plugins"",""/creator"":""creator-studio"",""/flow/compass"":""compass"",""/flow/live"":""livefeed"",""/flow/dark"":""darkfeed"",""/flow/scanner"":""scanner"",""/flow/lookup"":""lookup"",""/flow/events"":""compan"
/api/,/Volumes/EAGET/SKYLIT_RE/bundles/3680-bedf33ad8e108721.js,35052,"rossOrigin:m.crossOrigin}:{as:""script"",nonce:E,crossOrigin:m.crossOrigin})}return null}Object.defineProperty(_,""__nextScript"",{value:!0});let g=_;(""function""==typeof t.default||""object""==typeof t.default&&null!==t.default)&&void 0===t.default.__esModule&&(Object.defineProperty(t.default,""__esModule"",{value:!0}),Object.assign(t.default,t),e.exports=t.default)},42206:e=>{""use strict"";e.exports={rE:""15.5.9""}},42742:(e,t)=>{""use strict"";function r(e){return""/api""===e||!!(null==e?void 0:e.startsWith(""/api/""))}Object.defineProperty(t,""__esModule"",{value:!0}),Object.defineProperty(t,""isAPIRoute"",{enumerable:!0,get:function(){return r}})},43843:(e,t,r)=>{""use strict"";r.d(t,{_:()=>o,c:()=>i});var n=r(12115);let a=n.createContext(void 0);a.displayName=""ClerkNextOptionsCtx"";let i=()=>{let e=n.useContext(a);return null==e?void 0:e.value},o=e=>{let{children:t,options:r}=e;return n.createElement(a.Provider,{value:{value:r}},t)}},44761:(e,t)=>{""use strict"";Object.defineProperty(t,""__esModule"",{value:!0}),!function(e,t){for(var r in t)Object.defineProperty(e,r,{enumerable:!0,get:t[r]})}(t,{getSortedRouteObjects:function(){return a},getSortedRoutes:function(){return n}});class r{insert(e){this._insert(e.split(""/"").filter(Boolean),[],!1)}smoosh(){return this._smoosh()}_smoosh(e){void 0===e&&(e=""/"");let t=[...this.children.keys()].sort();null!==this.slugName&&t.splice(t.indexOf(""[]""),1),null!==this.restSlugName&&t.splice(t.indexOf(""[...]""),1),null!==this.optionalRestSlugName&&t.splice(t.indexOf(""[[..."
/api/ohlcv/symbols,/Volumes/EAGET/SKYLIT_RE/bundles/7026-d5f1da6b0d5e5c29.js,4851,"get(e);return n&&Date.now()-n.time<6e5?n.data:null}(t,0);if(n)return n;let a=f.get(t);if(a)return a;let l=(async()=>{let n=await d("""".concat(o,""/contracts?root="").concat(encodeURIComponent(e.toUpperCase())));if(!n.ok)throw Error(""Contracts failed ["".concat(n.status,""]""));let a=await n.json();return m.set(t,{data:a,time:Date.now()}),a})().finally(()=>{f.delete(t)});return f.set(t,l),l}async function v(e){var t;let n=new URLSearchParams;e&&n.set(""kinds"",e);let a=n.toString(),l=await d("""".concat(o,""/api/ohlcv/symbols"").concat(a?""?"".concat(a):""""));if(!l.ok)throw Error(""Chart symbols failed ["".concat(l.status,""]""));return(null!=(t=(await l.json()).symbols)?t:[]).map(e=>{var t;return{...e,displayName:null!=(t=e.displayName)?t:""VIX""===e.name?""CVIX"":void 0}})}function y(e,t){if(t<=1)return e;let n=new Map,a=60*t;for(let r of e){let e=new Date(r.time+""Z"").getTime()/1e3,o=t>=1440?(0,l.bY)(e)+""T00:00:00"":new Date(Math.floor(e/a)*a*1e3).toISOString().slice(0,19),i=n.get(o);i?(i.high=Math.max(i.high,r.high),i.low=Math.min(i.low,r.low),i.close=r.close):n.set(o,{time:o,open:r.open,high:r.high,low:r.low,close:r.close})}return Array.from(n.values()).sort((e,t)=>e.time.localeCompare(t.time))}async function p(e,t,n){let l=arguments.length>3&&void 0!==arguments[3]&&arguments[3],i=arguments.length>4&&void 0!==arguments[4]?arguments[4]:""1"",u=""udf:"".concat(e,"":"").concat(Math.floor(t/86400),"":"").concat(Math.floor(n/86400),"":"").concat(l?""ext"":""reg"","":"").concat(i);if(f.has(u))return f.get(u);let s=(0,a.N)(),c=86400*Math."
/api/velocity/history?,/Volumes/EAGET/SKYLIT_RE/bundles/1576-b802384d65dd427f.js,11077,"51531);function i(e,t,l,i,a){let s=(0,n.Z)(),{existingHistory:o,enabled:u=!0,replayMode:d=!1,replayTimestamp:c}=null!=a?a:{},h=!d&&o&&o.length>0,m=d&&null!=c;return(0,r.I)({queryKey:[""velocity-history"",e,t,l,i,d?""replay"":""live"",d?null==c?void 0:c.toISOString():null],queryFn:async()=>{var r;let n=(r=i,/^\d{8}$/.test(r)?r:/^\d{4}-\d{2}-\d{2}$/.test(r)?r.replace(/-/g,""""):r),a=new URLSearchParams({symbol:e,dataType:t,strike:l.toString(),exp:n});d&&c&&a.set(""timestamp"",c.toISOString());let o=await s(""/api/velocity/history?"".concat(a));return{history:o.history,timestamps:o.timestamps,delta1Min:o.delta1Min,delta5Min:o.delta5Min,delta10Min:o.delta10Min,delta15Min:o.delta15Min,delta1Hour:o.delta1Hour,delta4Hour:o.delta4Hour,delta1Day:o.delta1Day,percent1Min:o.percent1Min,percent5Min:o.percent5Min,percent10Min:o.percent10Min,percent15Min:o.percent15Min,percent1Hour:o.percent1Hour,percent4Hour:o.percent4Hour,percent1Day:o.percent1Day}},enabled:u&&!!e&&!!l&&!!i&&!h&&(!d||m),initialData:h?{history:o,timestamps:[],delta1Min:0,delta5Min:0,delta10Min:0,delta15Min:0,delta1Hour:0,delta4Hour:0,delta1Day:0,percent1Min:0,percent5Min:0,percent10Min:0,percent15Min:0,percent1Hour:0,percent4Hour:0,percent1Day:0}:void 0,staleTime:d?3e5:6e4,gcTime:d?3e5:12e4,retry:1,refetchOnWindowFocus:!1})}function a(e){return""netGamma""===e?""gamma"":""vanna""}},64300:(e,t,l)=>{l.d(t,{j:()=>a});var r=l(12115),n=l(47471),i=l(17055);function a(){let{getToken:e}=(0,n.d)(),t=(0,i.u)(e=>e.setAuthToken),l=(0,i.u)(e=>e.createAlert),a=(0,i.u)(e=>e.upda"
/api/early_access_features/?token=,/Volumes/EAGET/SKYLIT_RE/bundles/6614-bb93312999c77658.js,80011,"e_name=s.name),i&&(a.$feature_enrollment_stage=i),this._instance.capture(""$feature_enrollment_update"",a),this.setPersonPropertiesForFlags(n,!1);var o=y({},this.getFlagVariants(),{[e]:t});null==(r=this._instance.persistence)||r.register({[sc]:Object.keys(sg(o)),[eK]:o}),this.pi()}getEarlyAccessFeatures(e,t,i){void 0===t&&(t=!1);var r=this._instance.get_property(eQ),s=i?""&""+i.map(e=>""stage=""+e).join(""&""):"""";if(r&&!t)return e(r);this._instance.ci({url:this._instance.requestRouter.endpointFor(""api"",""/api/early_access_features/?token=""+this._instance.config.token+s),method:""GET"",callback:t=>{var i,r;if(t.json){var s=t.json.earlyAccessFeatures;return null==(i=this._instance.persistence)||i.unregister(eQ),null==(r=this._instance.persistence)||r.register({[eQ]:s}),e(s)}}})}gi(){var e=this.getFlags(),t=this.getFlagVariants();return{flags:e.filter(e=>t[e]),flagVariants:Object.keys(t).filter(e=>t[e]).reduce((e,i)=>(e[i]=t[i],e),{})}}pi(e){var{flags:t,flagVariants:i}=this.gi();this.featureFlagEventHandlers.forEach(r=>r(t,i,{errorsLoading:e}))}setPersonPropertiesForFlags(e,t){void 0===t&&(t=!0);var i=this._instance.get_property(e1)||{};this._instance.register({[e1]:y({},i,e)}),t&&this._instance.reloadFeatureFlags()}resetPersonPropertiesForFlags(){this._instance.unregister(e1)}setGroupPropertiesForFlags(e,t){void 0===t&&(t=!0);var i=this._instance.get_property(e2)||{};0!==Object.keys(i).length&&Object.keys(i).forEach(t=>{i[t]=y({},i[t],e[t]),delete e[t]}),this._instance.register({[e2]:y({},i,e)}),t&&this._instance.reloadFeat"
/api/surveys/?token=,/Volumes/EAGET/SKYLIT_RE/bundles/6614-bb93312999c77658.js,94234,"or:e})}onSurveysLoaded(e){return this.Yi.push(e),this._surveyManager&&this.Zi({isLoaded:!0}),()=>{this.Yi=this.Yi.filter(t=>t!==e)}}getSurveys(e,t){if(void 0===t&&(t=!1),this._instance.config.disable_surveys)return sI.info(""Disabled. Not loading surveys.""),e([]);var i=this._instance.get_property(e3);if(i&&!t)return e(i,{isLoaded:!0});if(this.Ji)return e([],{isLoaded:!1,error:""Surveys are already being loaded""});try{this.Ji=!0,this._instance.ci({url:this._instance.requestRouter.endpointFor(""api"",""/api/surveys/?token=""+this._instance.config.token),method:""GET"",timeout:this._instance.config.surveys_request_timeout_ms,callback:t=>{this.Ji=!1;var i=t.statusCode;if(200!==i||!t.json){var r=""Surveys API could not be loaded, status: ""+i;return sI.error(r),e([],{isLoaded:!1,error:r})}var s,n,a=t.json.surveys||[],o=a.filter(e=>{var t,i;return!(!e.start_date||e.end_date)&&(!(null==(t=e.conditions)||null==(t=t.events)||null==(t=t.values)||!t.length)||!(null==(i=e.conditions)||null==(i=i.actions)||null==(i=i.values)||!i.length))});return o.length>0&&(null==(n=this._surveyEventReceiver)||n.register(o)),null==(s=this._instance.persistence)||s.register({[e3]:a}),e(a,{isLoaded:!0})}})}catch(e){throw this.Ji=!1,e}}Zi(e){for(var t of this.Yi)try{if(!e.isLoaded)return t([],e);this.getSurveys(t)}catch(e){sI.error(""Error in survey callback"",e)}}getActiveMatchingSurveys(e,t){if(void 0===t&&(t=!1),!D(this._surveyManager))return this._surveyManager.getActiveMatchingSurveys(e,t);sI.warn(""init was not called"")}te(e){var t=nu"
/api/web_experiments/?token=,/Volumes/EAGET/SKYLIT_RE/bundles/6614-bb93312999c77658.js,116853," 0:e.search,""__experiment_variant"");t&&i&&(s6.Xe(""previewing web experiments ""+t+"" && ""+i),this.getWebExperiments(e=>{this.ir(parseInt(t),i,e)},!1,!0))}}loadIfEnabled(){this._instance.config.disable_web_experiments||this.getWebExperimentsAndEvaluateDisplayLogic()}getWebExperiments(e,t,i){if(this._instance.config.disable_web_experiments&&!i)return e([]);var r=this._instance.get_property(""$web_experiments"");if(r&&!t)return e(r);this._instance.ci({url:this._instance.requestRouter.endpointFor(""api"",""/api/web_experiments/?token=""+this._instance.config.token),method:""GET"",callback:t=>200===t.statusCode&&t.json?e(t.json.experiments||[]):e([])})}ir(e,t,i){var r=i.filter(t=>t.id===e);r&&r.length>0&&(s6.Xe(""Previewing web experiment [""+r[0].name+""] with variant [""+t+""]""),this.Ze(r[0].name,t,r[0].variants[t].transforms))}static tr(e){return!D(e.conditions)&&s6.er(e)&&s6.rr(e)}static er(e){if(D(e.conditions)||D(null==(t=e.conditions)?void 0:t.url))return!0;var t,i,r,s,n=s6.getWindowLocation();return!!n&&(null==(i=e.conditions)||!i.url||s5[null!=(r=null==(s=e.conditions)?void 0:s.urlMatchType)?r:""icontains""](e.conditions.url,n))}static getWindowLocation(){return null==r?void 0:r.location}static rr(e){if(D(e.conditions)||D(null==(i=e.conditions)?void 0:i.utm))return!0;var t=rp();if(t.utm_source){var i,r,s,n,a,o,l,c,u,h=null==(r=e.conditions)||null==(r=r.utm)||!r.utm_campaign||(null==(s=e.conditions)||null==(s=s.utm)?void 0:s.utm_campaign)==t.utm_campaign,d=null==(n=e.conditions)||null==(n=n.utm)||!n.utm_source||(null=="
/api/nexus/coach/insights,/Volumes/EAGET/SKYLIT_RE/bundles/9130-634f29a92d49fbd9.js,1781,"o.wj)()).concat(e),u=new Headers(n.headers);try{let e=await r();e&&u.set(""Authorization"",""Bearer "".concat(e))}catch(e){console.warn(""[Coach API] Failed to get Clerk token:"",e)}let i=(0,o.Oj)();i&&!u.has(""X-Guild-ID"")&&u.set(""X-Guild-ID"",i);let s=await fetch(t,{...n,headers:u});if(!s.ok){let e=""HTTP "".concat(s.status,"": "").concat(s.statusText);try{let r=await s.json();e=r.error||r.message||e}catch(e){}throw new o.er(e,s.status)}if(204!==s.status)return await s.json()}async function c(e){return l(""/api/nexus/coach/insights"",e)}async function y(e,r){return l(""/api/nexus/coach/insights/"".concat(encodeURIComponent(r),""/dismiss""),e,{method:""POST""})}async function m(e,r){return l(""/api/nexus/coach/insights/"".concat(encodeURIComponent(r),""/save""),e,{method:""POST""})}async function q(e,r){return l(""/api/nexus/coach/insights/"".concat(encodeURIComponent(r),""/academy-click""),e,{method:""POST""})}n(24646);let v={currentUser:()=>[""nexus"",""currentUser""],user:e=>[""nexus"",""user"",e],trades:e=>e?[""nexus"",""trades"",e]:[""nexus"",""trades""],trade:e=>[""nexus"",""trade"",e],tradePnlHistory:e=>[""nexus"",""trade"",e,""pnl-history""],leaderboard:e=>e?[""nexus"",""leaderboard"",e]:[""nexus"",""leaderboard""],feed:e=>e?[""nexus"",""feed"",e]:[""nexus"",""feed""],ideas:e=>e?[""nexus"",""ideas"",e]:[""nexus"",""ideas""],comments:(e,r)=>[""nexus"",""comments"",e,r],userStats:(e,r)=>r?[""nexus"",""userStats"",e,r]:[""nexus"",""userStats"",e],simulatedPortfolioCurrent:()=>[""nexus"",""simulatedPortfolio"",""current""],simulatedPortfolioLedger:e=>e?[""nexus"",""simulatedPortfolio"",""ledger"",e]:["
/api/nexus/coach/insights/,/Volumes/EAGET/SKYLIT_RE/bundles/9130-634f29a92d49fbd9.js,1843,");e&&u.set(""Authorization"",""Bearer "".concat(e))}catch(e){console.warn(""[Coach API] Failed to get Clerk token:"",e)}let i=(0,o.Oj)();i&&!u.has(""X-Guild-ID"")&&u.set(""X-Guild-ID"",i);let s=await fetch(t,{...n,headers:u});if(!s.ok){let e=""HTTP "".concat(s.status,"": "").concat(s.statusText);try{let r=await s.json();e=r.error||r.message||e}catch(e){}throw new o.er(e,s.status)}if(204!==s.status)return await s.json()}async function c(e){return l(""/api/nexus/coach/insights"",e)}async function y(e,r){return l(""/api/nexus/coach/insights/"".concat(encodeURIComponent(r),""/dismiss""),e,{method:""POST""})}async function m(e,r){return l(""/api/nexus/coach/insights/"".concat(encodeURIComponent(r),""/save""),e,{method:""POST""})}async function q(e,r){return l(""/api/nexus/coach/insights/"".concat(encodeURIComponent(r),""/academy-click""),e,{method:""POST""})}n(24646);let v={currentUser:()=>[""nexus"",""currentUser""],user:e=>[""nexus"",""user"",e],trades:e=>e?[""nexus"",""trades"",e]:[""nexus"",""trades""],trade:e=>[""nexus"",""trade"",e],tradePnlHistory:e=>[""nexus"",""trade"",e,""pnl-history""],leaderboard:e=>e?[""nexus"",""leaderboard"",e]:[""nexus"",""leaderboard""],feed:e=>e?[""nexus"",""feed"",e]:[""nexus"",""feed""],ideas:e=>e?[""nexus"",""ideas"",e]:[""nexus"",""ideas""],comments:(e,r)=>[""nexus"",""comments"",e,r],userStats:(e,r)=>r?[""nexus"",""userStats"",e,r]:[""nexus"",""userStats"",e],simulatedPortfolioCurrent:()=>[""nexus"",""simulatedPortfolio"",""current""],simulatedPortfolioLedger:e=>e?[""nexus"",""simulatedPortfolio"",""ledger"",e]:[""nexus"",""simulatedPortfolio"",""ledger""],routingRules:e=>e?[""nexu"
/api/nexus/sse/trades,/Volumes/EAGET/SKYLIT_RE/bundles/9130-634f29a92d49fbd9.js,4583,"""roles""],discordEmbedTemplates:e=>e?[""nexus"",""discord"",""embed-templates"",e]:[""nexus"",""discord"",""embed-templates""],discordDailyDigest:e=>e?[""nexus"",""discord"",""daily-digest"",e]:[""nexus"",""discord"",""daily-digest""]},f=null,K=0,Q=new Set,p=null;function g(e,r){e.setQueryData(v.trade(r.id),r),e.setQueriesData({queryKey:v.trades()},e=>e?{...e,trades:e.trades.map(e=>e.id===r.id?r:e)}:e)}async function x(e){return f||p?null!=p?p:Promise.resolve():p=(async()=>{let r=await e();if(!r||f)return;let n=new URL(""/api/nexus/sse/trades"",(0,o.wj)());n.searchParams.set(""token"",r);let t=new EventSource(n.toString());f=t,t.addEventListener(""pnl_update"",e=>{try{let r=JSON.parse(e.data);Q.forEach(e=>e(r))}catch(e){console.warn(""[nexus] failed to parse trade stream payload"",e)}}),t.onerror=()=>{null==f||f.close(),f=null,p=null}})().finally(()=>{p=null})}function F(e){var r,n;let{getToken:u,isSignedIn:i}=(0,s.d)(),d=(0,t.I)({queryKey:v.currentUser(),queryFn:()=>(0,o.rQ)(u),staleTime:3e4,gcTime:3e5,enabled:!!i&&(null==(n=null==e?void 0:e.enabled)||n)});return(0,a.useEffect)(()=>{var e;(null==(e=d.data)?void 0:e.primaryGuildId)&&(0,o.Kf)(d.data.primaryGuildId)},[null==(r=d.data)?void 0:r.primaryGuildId]),d}function h(e){let{getToken:r}=(0,s.d)();return(0,t.I)({queryKey:v.user(null!=e?e:""""),queryFn:()=>(0,o.im)(r,e),enabled:!!e,staleTime:3e4})}function E(e){let{getToken:r}=(0,s.d)(),n=null==e?void 0:e.trim();return(0,t.I)({queryKey:[""nexus"",""user-by-username"",null!=n?n:""""],queryFn:()=>(0,o.RK)(r,n),enabled:!!n,staleTime:3e4,ret"
/api/nexus/sse/options,/Volumes/EAGET/SKYLIT_RE/bundles/9130-634f29a92d49fbd9.js,9630,"us"",""options-chain"",null!=e?e:"""",null!=r?r:""""],queryFn:()=>(0,o.IB)(i,e,r),enabled:n&&!!e,staleTime:3e4,refetchInterval:u,placeholderData:e=>e})}function P(e,r){let n=!(arguments.length>2)||void 0===arguments[2]||arguments[2],{getToken:t}=(0,s.d)(),[u,i]=(0,a.useState)(void 0),[d,l]=(0,a.useState)(!1),c=(0,a.useRef)(null);return(0,a.useEffect)(()=>{if(!n||!e||!r)return void l(!1);let u=!1,s=e.trim().toUpperCase(),a=r.slice(0,10);return(async()=>{try{let e=await t();if(!e||u)return;let r=new URL(""/api/nexus/sse/options"",(0,o.wj)());r.searchParams.set(""ticker"",s),r.searchParams.set(""expiration"",a),r.searchParams.set(""token"",e);let n=new EventSource(r.toString());c.current=n;let d=e=>{try{let r=JSON.parse(e.data);u||(i(r),l(!0))}catch(e){console.warn(""[nexus] failed to parse options stream payload"",e)}};n.addEventListener(""initial_data"",d),n.addEventListener(""snapshot_update"",d),n.addEventListener(""connected"",()=>{u||l(!0)}),n.addEventListener(""stream_error"",()=>{u||l(!1)}),n.onerror=()=>{u||l(!1)}}catch(e){console.warn(""[nexus] failed to connect options stream"",e),u||l(!1)}})(),()=>{u=!0,c.current&&(c.current.close(),c.current=null),u||l(!1)}},[n,r,t,e]),{data:u,connected:d}}function k(e){let{getToken:r}=(0,s.d)(),n=e.trim().toUpperCase();return(0,t.I)({queryKey:[""nexus"",""search"",""tickers"",n],queryFn:()=>(0,o.Os)(r,n),enabled:n.length>0,staleTime:3e5,placeholderData:e=>e})}function U(e){let{getToken:r}=(0,s.d)(),n=e.trim();return(0,t.I)({queryKey:[""nexus"",""username-available"",n],queryFn:()=>(0,o.Y0)(r"
/api/push/subscribe,/Volumes/EAGET/SKYLIT_RE/bundles/layout-f8c87dfd0b87bada.js,18754,"nager] Successfully subscribed to push""),r}catch(e){return console.error(""[Push Manager] Failed to subscribe:"",e),null}}async function F(e,t){try{let r=e.toJSON(),n=function(){{let e=window.location.host;if(!e.includes(""localhost""))return"""".concat(window.location.protocol,""//"").concat(e);let t=M.env.NEXT_PUBLIC_API_BASE_URL;if(t&&""http://localhost:8080""!==t)return t}return M.env.NEXT_PUBLIC_API_BASE_URL||""http://localhost:8080""}();console.log(""[Push Manager] Saving subscription to:"","""".concat(n,""/api/push/subscribe""));let a=await fetch("""".concat(n,""/api/push/subscribe""),{method:""POST"",headers:{""Content-Type"":""application/json"",...t?{Authorization:""Bearer "".concat(t)}:{}},body:JSON.stringify({subscription:r})});if(!a.ok){let e=await a.json();return console.error(""[Push Manager] Failed to save subscription:"",e),!1}let i=await a.json();return console.log(""[Push Manager] Subscription saved to backend:"",i),!0}catch(e){return console.error(""[Push Manager] Failed to save subscription:"",e),!1}}async function O(e,t){console.log(""[Push Manager] Enabling push notifications..."");let r=await U(e);return r?await F(r,t)?(console.log(""[Push Manager] Push notifications enabled successfully""),!0):(console.error(""[Push Manager] Failed to save subscription to backend""),!1):(console.error(""[Push Manager] Failed to subscribe to push""),!1)}function L(e){let{children:t}=e,{isSignedIn:r,getToken:i}=(0,j.d)(),{setAuthToken:o,fetchAlerts:s,fetchEvents:l}=(0,D.u)();return(0,a.useEffect)(()=>{r&&(async()=>{try{console.log(""["
/api/nexus/legal/terms-status,/Volumes/EAGET/SKYLIT_RE/bundles/layout-f8c87dfd0b87bada.js,32304,"ion.protocol,""//"").concat(window.location.host)).concat(e),{...r,headers:n});if(!i.ok){let e=""HTTP "".concat(i.status,"": "").concat(i.statusText);try{let t=await i.json();e=t.message||t.error||e}catch(e){}throw new eN(e,i.status)}return await i.json()}function eC(e){var t;let{children:r}=e,{isLoaded:o,isSignedIn:s}=(0,j.d)(),{data:l,isLoading:c,isError:d,error:u,refetch:m}=function(){let{getToken:e,isSignedIn:t,userId:r}=(0,j.d)();return(0,eT.I)({queryKey:[""legal"",""terms-status"",r],queryFn:()=>eA(""/api/nexus/legal/terms-status"",e),enabled:!!t,staleTime:6e4,retry:3,retryDelay:e=>Math.min(1e3*2**e,8e3)})}(),g=function(){let{getToken:e}=(0,j.d)(),t=(0,i.jE)();return(0,eE.n)({mutationFn:()=>(function(e){let t=window.sessionStorage.getItem(""skylit-session-id"")||crypto.randomUUID();return t&&window.sessionStorage.setItem(""skylit-session-id"",t),eA(""/api/nexus/legal/terms-acceptance"",e,{method:""POST"",body:JSON.stringify({accepted:!0,termsVersion:""tos_2026_03_25"",termsContentHash:""sha256:9a5cb589761687a96895e49d9e7ec8fce35220aafdfd6b725804f6a846ca4607"",sessionId:t,appEnvironment:""production""})})})(e),onSuccess:()=>{t.invalidateQueries({queryKey:[""legal"",""terms-status""]})}})}(),[f,h]=(0,a.useState)(!1);if(!o||c)return null;let p=d&&(!(u instanceof eN)||(null!=(t=u.status)?t:500)>=500);if(!s||(null==l?void 0:l.accepted)||p)return(0,n.jsx)(n.Fragment,{children:r});let y=d||(null==l?void 0:l.accepted)===!1;return(0,n.jsx)(e_.lG,{open:y,modal:!0,children:(0,n.jsxs)(e_.Cf,{showCloseButton:!1,className:""sm:max-w-xl border-b"
/api/nexus/legal/terms-acceptance,/Volumes/EAGET/SKYLIT_RE/bundles/layout-f8c87dfd0b87bada.js,32655,"r:d,error:u,refetch:m}=function(){let{getToken:e,isSignedIn:t,userId:r}=(0,j.d)();return(0,eT.I)({queryKey:[""legal"",""terms-status"",r],queryFn:()=>eA(""/api/nexus/legal/terms-status"",e),enabled:!!t,staleTime:6e4,retry:3,retryDelay:e=>Math.min(1e3*2**e,8e3)})}(),g=function(){let{getToken:e}=(0,j.d)(),t=(0,i.jE)();return(0,eE.n)({mutationFn:()=>(function(e){let t=window.sessionStorage.getItem(""skylit-session-id"")||crypto.randomUUID();return t&&window.sessionStorage.setItem(""skylit-session-id"",t),eA(""/api/nexus/legal/terms-acceptance"",e,{method:""POST"",body:JSON.stringify({accepted:!0,termsVersion:""tos_2026_03_25"",termsContentHash:""sha256:9a5cb589761687a96895e49d9e7ec8fce35220aafdfd6b725804f6a846ca4607"",sessionId:t,appEnvironment:""production""})})})(e),onSuccess:()=>{t.invalidateQueries({queryKey:[""legal"",""terms-status""]})}})}(),[f,h]=(0,a.useState)(!1);if(!o||c)return null;let p=d&&(!(u instanceof eN)||(null!=(t=u.status)?t:500)>=500);if(!s||(null==l?void 0:l.accepted)||p)return(0,n.jsx)(n.Fragment,{children:r});let y=d||(null==l?void 0:l.accepted)===!1;return(0,n.jsx)(e_.lG,{open:y,modal:!0,children:(0,n.jsxs)(e_.Cf,{showCloseButton:!1,className:""sm:max-w-xl border-border/80 bg-background/95 p-0 overflow-hidden"",onPointerDownOutside:e=>e.preventDefault(),onEscapeKeyDown:e=>e.preventDefault(),onInteractOutside:e=>e.preventDefault(),children:[(0,n.jsxs)(""div"",{className:""border-b border-border/70 bg-muted/30 px-6 py-5"",children:[(0,n.jsx)(""div"",{className:""mb-3 flex h-11 w-11 items-center justify-center rounded-2xl b"
/api/nexus/users/me,/Volumes/EAGET/SKYLIT_RE/bundles/4338-2835906ea9e42f40.js,17809,"GuildHeader||!c||r.has(""X-Guild-ID"")||r.set(""X-Guild-ID"",c);try{let e=await fetch(a,{...n,headers:r});if(!e.ok){let t=""HTTP "".concat(e.status,"": "").concat(e.statusText);try{let n=await e.json();t=n.message||n.error||t}catch(e){}throw new s(t,e.status)}if(204===e.status)return;return await e.json()}catch(e){if(e instanceof s||e instanceof DOMException&&""AbortError""===e.name)throw e;throw new s(""Network error: "".concat(e instanceof Error?e.message:""Unknown error""),0)}}async function d(e){return c(""/api/nexus/users/me"",e)}async function u(e){let t=arguments.length>1&&void 0!==arguments[1]?arguments[1]:{},n=new URLSearchParams;t.agentSlug&&n.set(""agent"",t.agentSlug),t.ticker&&n.set(""ticker"",t.ticker),t.direction&&n.set(""direction"",t.direction),t.status&&n.set(""status"",t.status),void 0!==t.limit&&n.set(""limit"",String(t.limit)),void 0!==t.offset&&n.set(""offset"",String(t.offset));let a=n.toString();return c(""/api/nexus/agent-setups"".concat(a?""?"".concat(a):""""),e,{skipGuildHeader:!0})}async function l(e,t){let n=arguments.length>2&&void 0!==arguments[2]?arguments[2]:{};return c(""/api/nexus/agent-scans/"".concat(encodeURIComponent(t),""/run""),e,{method:""POST"",headers:{""Content-Type"":""application/json""},body:JSON.stringify(n),skipGuildHeader:!0})}async function p(e,t){return c(""/api/nexus/users/me"",e,{method:""PUT"",headers:{""Content-Type"":""application/json""},body:JSON.stringify(t)})}async function m(e,t){return c(""/api/nexus/users/"".concat(encodeURIComponent(t)),e)}async function y(e,t){return c(""/api/nexus/us"
/api/nexus/agent-setups,/Volumes/EAGET/SKYLIT_RE/bundles/4338-2835906ea9e42f40.js,18223,"concat(e instanceof Error?e.message:""Unknown error""),0)}}async function d(e){return c(""/api/nexus/users/me"",e)}async function u(e){let t=arguments.length>1&&void 0!==arguments[1]?arguments[1]:{},n=new URLSearchParams;t.agentSlug&&n.set(""agent"",t.agentSlug),t.ticker&&n.set(""ticker"",t.ticker),t.direction&&n.set(""direction"",t.direction),t.status&&n.set(""status"",t.status),void 0!==t.limit&&n.set(""limit"",String(t.limit)),void 0!==t.offset&&n.set(""offset"",String(t.offset));let a=n.toString();return c(""/api/nexus/agent-setups"".concat(a?""?"".concat(a):""""),e,{skipGuildHeader:!0})}async function l(e,t){let n=arguments.length>2&&void 0!==arguments[2]?arguments[2]:{};return c(""/api/nexus/agent-scans/"".concat(encodeURIComponent(t),""/run""),e,{method:""POST"",headers:{""Content-Type"":""application/json""},body:JSON.stringify(n),skipGuildHeader:!0})}async function p(e,t){return c(""/api/nexus/users/me"",e,{method:""PUT"",headers:{""Content-Type"":""application/json""},body:JSON.stringify(t)})}async function m(e,t){return c(""/api/nexus/users/"".concat(encodeURIComponent(t)),e)}async function y(e,t){return c(""/api/nexus/users/by-username/"".concat(encodeURIComponent(t)),e)}async function f(e,t){let n=new URLSearchParams;(null==t?void 0:t.ticker)&&n.append(""ticker"",t.ticker),(null==t?void 0:t.status)&&n.append(""status"",t.status),(null==t?void 0:t.userId)&&n.append(""userId"",t.userId),(null==t?void 0:t.limit)!==void 0&&n.append(""limit"",t.limit.toString()),(null==t?void 0:t.offset)!==void 0&&n.append(""offset"",t.offset.toString());let a=n"
/api/nexus/agent-scans/,/Volumes/EAGET/SKYLIT_RE/bundles/4338-2835906ea9e42f40.js,18395,"nts[1]?arguments[1]:{},n=new URLSearchParams;t.agentSlug&&n.set(""agent"",t.agentSlug),t.ticker&&n.set(""ticker"",t.ticker),t.direction&&n.set(""direction"",t.direction),t.status&&n.set(""status"",t.status),void 0!==t.limit&&n.set(""limit"",String(t.limit)),void 0!==t.offset&&n.set(""offset"",String(t.offset));let a=n.toString();return c(""/api/nexus/agent-setups"".concat(a?""?"".concat(a):""""),e,{skipGuildHeader:!0})}async function l(e,t){let n=arguments.length>2&&void 0!==arguments[2]?arguments[2]:{};return c(""/api/nexus/agent-scans/"".concat(encodeURIComponent(t),""/run""),e,{method:""POST"",headers:{""Content-Type"":""application/json""},body:JSON.stringify(n),skipGuildHeader:!0})}async function p(e,t){return c(""/api/nexus/users/me"",e,{method:""PUT"",headers:{""Content-Type"":""application/json""},body:JSON.stringify(t)})}async function m(e,t){return c(""/api/nexus/users/"".concat(encodeURIComponent(t)),e)}async function y(e,t){return c(""/api/nexus/users/by-username/"".concat(encodeURIComponent(t)),e)}async function f(e,t){let n=new URLSearchParams;(null==t?void 0:t.ticker)&&n.append(""ticker"",t.ticker),(null==t?void 0:t.status)&&n.append(""status"",t.status),(null==t?void 0:t.userId)&&n.append(""userId"",t.userId),(null==t?void 0:t.limit)!==void 0&&n.append(""limit"",t.limit.toString()),(null==t?void 0:t.offset)!==void 0&&n.append(""offset"",t.offset.toString());let a=n.toString();return c(""/api/nexus/trades"".concat(a?""?"".concat(a):""""),e)}async function g(e,t,n){let a=arguments.length>3&&void 0!==arguments[3]&&arguments[3],i=new URLSearch"
/api/nexus/users/,/Volumes/EAGET/SKYLIT_RE/bundles/4338-2835906ea9e42f40.js,18732,"us/agent-setups"".concat(a?""?"".concat(a):""""),e,{skipGuildHeader:!0})}async function l(e,t){let n=arguments.length>2&&void 0!==arguments[2]?arguments[2]:{};return c(""/api/nexus/agent-scans/"".concat(encodeURIComponent(t),""/run""),e,{method:""POST"",headers:{""Content-Type"":""application/json""},body:JSON.stringify(n),skipGuildHeader:!0})}async function p(e,t){return c(""/api/nexus/users/me"",e,{method:""PUT"",headers:{""Content-Type"":""application/json""},body:JSON.stringify(t)})}async function m(e,t){return c(""/api/nexus/users/"".concat(encodeURIComponent(t)),e)}async function y(e,t){return c(""/api/nexus/users/by-username/"".concat(encodeURIComponent(t)),e)}async function f(e,t){let n=new URLSearchParams;(null==t?void 0:t.ticker)&&n.append(""ticker"",t.ticker),(null==t?void 0:t.status)&&n.append(""status"",t.status),(null==t?void 0:t.userId)&&n.append(""userId"",t.userId),(null==t?void 0:t.limit)!==void 0&&n.append(""limit"",t.limit.toString()),(null==t?void 0:t.offset)!==void 0&&n.append(""offset"",t.offset.toString());let a=n.toString();return c(""/api/nexus/trades"".concat(a?""?"".concat(a):""""),e)}async function g(e,t,n){let a=arguments.length>3&&void 0!==arguments[3]&&arguments[3],i=new URLSearchParams;return i.set(""ticker"",t),i.set(""scope"",n),a&&i.set(""includeClosed"",""true""),c(""/api/nexus/chart/positions?"".concat(i.toString()),e)}async function h(e,t){return c(""/api/nexus/trades/"".concat(encodeURIComponent(t)),e)}async function T(e,t,n){let a=new URLSearchParams;(null==n?void 0:n.limit)!==void 0&&a.append(""limit"",n.limi"
/api/nexus/users/by-username/,/Volumes/EAGET/SKYLIT_RE/bundles/4338-2835906ea9e42f40.js,18816,"(e,t){let n=arguments.length>2&&void 0!==arguments[2]?arguments[2]:{};return c(""/api/nexus/agent-scans/"".concat(encodeURIComponent(t),""/run""),e,{method:""POST"",headers:{""Content-Type"":""application/json""},body:JSON.stringify(n),skipGuildHeader:!0})}async function p(e,t){return c(""/api/nexus/users/me"",e,{method:""PUT"",headers:{""Content-Type"":""application/json""},body:JSON.stringify(t)})}async function m(e,t){return c(""/api/nexus/users/"".concat(encodeURIComponent(t)),e)}async function y(e,t){return c(""/api/nexus/users/by-username/"".concat(encodeURIComponent(t)),e)}async function f(e,t){let n=new URLSearchParams;(null==t?void 0:t.ticker)&&n.append(""ticker"",t.ticker),(null==t?void 0:t.status)&&n.append(""status"",t.status),(null==t?void 0:t.userId)&&n.append(""userId"",t.userId),(null==t?void 0:t.limit)!==void 0&&n.append(""limit"",t.limit.toString()),(null==t?void 0:t.offset)!==void 0&&n.append(""offset"",t.offset.toString());let a=n.toString();return c(""/api/nexus/trades"".concat(a?""?"".concat(a):""""),e)}async function g(e,t,n){let a=arguments.length>3&&void 0!==arguments[3]&&arguments[3],i=new URLSearchParams;return i.set(""ticker"",t),i.set(""scope"",n),a&&i.set(""includeClosed"",""true""),c(""/api/nexus/chart/positions?"".concat(i.toString()),e)}async function h(e,t){return c(""/api/nexus/trades/"".concat(encodeURIComponent(t)),e)}async function T(e,t,n){let a=new URLSearchParams;(null==n?void 0:n.limit)!==void 0&&a.append(""limit"",n.limit.toString());let i=a.toString();try{return await c(""/api/nexus/trades/"".concat(encodeURICompone"
/api/nexus/trades,/Volumes/EAGET/SKYLIT_RE/bundles/4338-2835906ea9e42f40.js,19269,"omponent(t)),e)}async function y(e,t){return c(""/api/nexus/users/by-username/"".concat(encodeURIComponent(t)),e)}async function f(e,t){let n=new URLSearchParams;(null==t?void 0:t.ticker)&&n.append(""ticker"",t.ticker),(null==t?void 0:t.status)&&n.append(""status"",t.status),(null==t?void 0:t.userId)&&n.append(""userId"",t.userId),(null==t?void 0:t.limit)!==void 0&&n.append(""limit"",t.limit.toString()),(null==t?void 0:t.offset)!==void 0&&n.append(""offset"",t.offset.toString());let a=n.toString();return c(""/api/nexus/trades"".concat(a?""?"".concat(a):""""),e)}async function g(e,t,n){let a=arguments.length>3&&void 0!==arguments[3]&&arguments[3],i=new URLSearchParams;return i.set(""ticker"",t),i.set(""scope"",n),a&&i.set(""includeClosed"",""true""),c(""/api/nexus/chart/positions?"".concat(i.toString()),e)}async function h(e,t){return c(""/api/nexus/trades/"".concat(encodeURIComponent(t)),e)}async function T(e,t,n){let a=new URLSearchParams;(null==n?void 0:n.limit)!==void 0&&a.append(""limit"",n.limit.toString());let i=a.toString();try{return await c(""/api/nexus/trades/"".concat(encodeURIComponent(t),""/pnl-history"").concat(i?""?"".concat(i):""""),e)}catch(e){if(e instanceof s&&404===e.status)return[];throw e}}async function C(e,t){let{guildId:n,...a}=t;return c(""/api/nexus/trades"",e,{method:""POST"",headers:{""Content-Type"":""application/json"",...n?{""X-Guild-ID"":n}:{}},body:JSON.stringify(a)})}async function S(e,t,n){return c(""/api/nexus/trades/"".concat(encodeURIComponent(t),""/entries""),e,{method:""POST"",headers:{""Content-Type"":""applica"
/api/nexus/chart/positions?,/Volumes/EAGET/SKYLIT_RE/bundles/4338-2835906ea9e42f40.js,19504,"atus)&&n.append(""status"",t.status),(null==t?void 0:t.userId)&&n.append(""userId"",t.userId),(null==t?void 0:t.limit)!==void 0&&n.append(""limit"",t.limit.toString()),(null==t?void 0:t.offset)!==void 0&&n.append(""offset"",t.offset.toString());let a=n.toString();return c(""/api/nexus/trades"".concat(a?""?"".concat(a):""""),e)}async function g(e,t,n){let a=arguments.length>3&&void 0!==arguments[3]&&arguments[3],i=new URLSearchParams;return i.set(""ticker"",t),i.set(""scope"",n),a&&i.set(""includeClosed"",""true""),c(""/api/nexus/chart/positions?"".concat(i.toString()),e)}async function h(e,t){return c(""/api/nexus/trades/"".concat(encodeURIComponent(t)),e)}async function T(e,t,n){let a=new URLSearchParams;(null==n?void 0:n.limit)!==void 0&&a.append(""limit"",n.limit.toString());let i=a.toString();try{return await c(""/api/nexus/trades/"".concat(encodeURIComponent(t),""/pnl-history"").concat(i?""?"".concat(i):""""),e)}catch(e){if(e instanceof s&&404===e.status)return[];throw e}}async function C(e,t){let{guildId:n,...a}=t;return c(""/api/nexus/trades"",e,{method:""POST"",headers:{""Content-Type"":""application/json"",...n?{""X-Guild-ID"":n}:{}},body:JSON.stringify(a)})}async function S(e,t,n){return c(""/api/nexus/trades/"".concat(encodeURIComponent(t),""/entries""),e,{method:""POST"",headers:{""Content-Type"":""application/json""},body:JSON.stringify(n)})}async function x(e,t,n){return c(""/api/nexus/trades/"".concat(encodeURIComponent(t),""/exits""),e,{method:""POST"",headers:{""Content-Type"":""application/json""},body:JSON.stringify(n)})}async function k(e,t,n,a){ret"
/api/nexus/trades/,/Volumes/EAGET/SKYLIT_RE/bundles/4338-2835906ea9e42f40.js,19589,"rId),(null==t?void 0:t.limit)!==void 0&&n.append(""limit"",t.limit.toString()),(null==t?void 0:t.offset)!==void 0&&n.append(""offset"",t.offset.toString());let a=n.toString();return c(""/api/nexus/trades"".concat(a?""?"".concat(a):""""),e)}async function g(e,t,n){let a=arguments.length>3&&void 0!==arguments[3]&&arguments[3],i=new URLSearchParams;return i.set(""ticker"",t),i.set(""scope"",n),a&&i.set(""includeClosed"",""true""),c(""/api/nexus/chart/positions?"".concat(i.toString()),e)}async function h(e,t){return c(""/api/nexus/trades/"".concat(encodeURIComponent(t)),e)}async function T(e,t,n){let a=new URLSearchParams;(null==n?void 0:n.limit)!==void 0&&a.append(""limit"",n.limit.toString());let i=a.toString();try{return await c(""/api/nexus/trades/"".concat(encodeURIComponent(t),""/pnl-history"").concat(i?""?"".concat(i):""""),e)}catch(e){if(e instanceof s&&404===e.status)return[];throw e}}async function C(e,t){let{guildId:n,...a}=t;return c(""/api/nexus/trades"",e,{method:""POST"",headers:{""Content-Type"":""application/json"",...n?{""X-Guild-ID"":n}:{}},body:JSON.stringify(a)})}async function S(e,t,n){return c(""/api/nexus/trades/"".concat(encodeURIComponent(t),""/entries""),e,{method:""POST"",headers:{""Content-Type"":""application/json""},body:JSON.stringify(n)})}async function x(e,t,n){return c(""/api/nexus/trades/"".concat(encodeURIComponent(t),""/exits""),e,{method:""POST"",headers:{""Content-Type"":""application/json""},body:JSON.stringify(n)})}async function k(e,t,n,a){return c(""/api/nexus/"".concat(encodeURIComponent(t),""/"").concat(encodeURICompon"
/api/nexus/,/Volumes/EAGET/SKYLIT_RE/bundles/4338-2835906ea9e42f40.js,20539,"hod:""POST"",headers:{""Content-Type"":""application/json"",...n?{""X-Guild-ID"":n}:{}},body:JSON.stringify(a)})}async function S(e,t,n){return c(""/api/nexus/trades/"".concat(encodeURIComponent(t),""/entries""),e,{method:""POST"",headers:{""Content-Type"":""application/json""},body:JSON.stringify(n)})}async function x(e,t,n){return c(""/api/nexus/trades/"".concat(encodeURIComponent(t),""/exits""),e,{method:""POST"",headers:{""Content-Type"":""application/json""},body:JSON.stringify(n)})}async function k(e,t,n,a){return c(""/api/nexus/"".concat(encodeURIComponent(t),""/"").concat(encodeURIComponent(n),""/reactions""),e,{method:""POST"",headers:{""Content-Type"":""application/json""},body:JSON.stringify({reaction:a})})}async function v(e,t,n){return c(""/api/nexus/"".concat(encodeURIComponent(t),""/"").concat(encodeURIComponent(n),""/bookmark""),e,{method:""POST"",headers:{""Content-Type"":""application/json""},body:JSON.stringify({})})}async function I(e,t){return c(""/api/nexus/users/"".concat(encodeURIComponent(t),""/follow""),e,{method:""POST""})}async function P(e,t){return c(""/api/nexus/users/"".concat(encodeURIComponent(t),""/follow""),e,{method:""DELETE""})}async function w(e){var t;return null!=(t=(await c(""/api/nexus/users/me/following"",e)).following)?t:[]}async function R(e,t,n){return(await c(""/api/nexus/"".concat(encodeURIComponent(t),""/"").concat(encodeURIComponent(n),""/comments""),e)).comments}async function A(e,t,n,a,i){return c(""/api/nexus/"".concat(encodeURIComponent(t),""/"").concat(encodeURIComponent(n),""/comments""),e,{method:""POST"",head"
/api/nexus/users/me/following,/Volumes/EAGET/SKYLIT_RE/bundles/4338-2835906ea9e42f40.js,21210,"({reaction:a})})}async function v(e,t,n){return c(""/api/nexus/"".concat(encodeURIComponent(t),""/"").concat(encodeURIComponent(n),""/bookmark""),e,{method:""POST"",headers:{""Content-Type"":""application/json""},body:JSON.stringify({})})}async function I(e,t){return c(""/api/nexus/users/"".concat(encodeURIComponent(t),""/follow""),e,{method:""POST""})}async function P(e,t){return c(""/api/nexus/users/"".concat(encodeURIComponent(t),""/follow""),e,{method:""DELETE""})}async function w(e){var t;return null!=(t=(await c(""/api/nexus/users/me/following"",e)).following)?t:[]}async function R(e,t,n){return(await c(""/api/nexus/"".concat(encodeURIComponent(t),""/"").concat(encodeURIComponent(n),""/comments""),e)).comments}async function A(e,t,n,a,i){return c(""/api/nexus/"".concat(encodeURIComponent(t),""/"").concat(encodeURIComponent(n),""/comments""),e,{method:""POST"",headers:{""Content-Type"":""application/json""},body:JSON.stringify({content:a,parentId:i})})}async function b(e,t){let n=new URLSearchParams;(null==t?void 0:t.ticker)&&n.append(""ticker"",t.ticker),(null==t?void 0:t.status)&&n.append(""status"",t.status),(null==t?void 0:t.userId)&&n.append(""userId"",t.userId);let a=n.toString();return c(""/api/nexus/ideas"".concat(a?""?"".concat(a):""""),e)}async function _(e,t){return c(""/api/nexus/ideas"",e,{method:""POST"",headers:{""Content-Type"":""application/json""},body:JSON.stringify(t)})}async function U(e,t){let n=new URLSearchParams;(null==t?void 0:t.tab)&&n.append(""tab"",t.tab),(null==t?void 0:t.ticker)&&n.append(""ticker"",t.ticker),(null==t?void 0:t.limit)!==v"
/api/nexus/ideas,/Volumes/EAGET/SKYLIT_RE/bundles/4338-2835906ea9e42f40.js,21879,"/comments""),e)).comments}async function A(e,t,n,a,i){return c(""/api/nexus/"".concat(encodeURIComponent(t),""/"").concat(encodeURIComponent(n),""/comments""),e,{method:""POST"",headers:{""Content-Type"":""application/json""},body:JSON.stringify({content:a,parentId:i})})}async function b(e,t){let n=new URLSearchParams;(null==t?void 0:t.ticker)&&n.append(""ticker"",t.ticker),(null==t?void 0:t.status)&&n.append(""status"",t.status),(null==t?void 0:t.userId)&&n.append(""userId"",t.userId);let a=n.toString();return c(""/api/nexus/ideas"".concat(a?""?"".concat(a):""""),e)}async function _(e,t){return c(""/api/nexus/ideas"",e,{method:""POST"",headers:{""Content-Type"":""application/json""},body:JSON.stringify(t)})}async function U(e,t){let n=new URLSearchParams;(null==t?void 0:t.tab)&&n.append(""tab"",t.tab),(null==t?void 0:t.ticker)&&n.append(""ticker"",t.ticker),(null==t?void 0:t.limit)!==void 0&&n.append(""limit"",t.limit.toString()),(null==t?void 0:t.offset)!==void 0&&n.append(""offset"",t.offset.toString());let a=n.toString();return c(""/api/nexus/feed"".concat(a?""?"".concat(a):""""),e)}async function D(e,t){let n=new URLSearchParams;(null==t?void 0:t.timeframe)&&n.append(""timeframe"",t.timeframe),(null==t?void 0:t.verifiedOnly)&&n.append(""verifiedOnly"",""true""),(null==t?void 0:t.limit)!==void 0&&n.append(""limit"",t.limit.toString()),(null==t?void 0:t.offset)!==void 0&&n.append(""offset"",t.offset.toString());let a=n.toString();return c(""/api/nexus/leaderboard"".concat(a?""?"".concat(a):""""),e,{skipGuildHeader:!0})}async function O(e,t){let n=new U"
/api/nexus/feed,/Volumes/EAGET/SKYLIT_RE/bundles/4338-2835906ea9e42f40.js,22388,"us/ideas"".concat(a?""?"".concat(a):""""),e)}async function _(e,t){return c(""/api/nexus/ideas"",e,{method:""POST"",headers:{""Content-Type"":""application/json""},body:JSON.stringify(t)})}async function U(e,t){let n=new URLSearchParams;(null==t?void 0:t.tab)&&n.append(""tab"",t.tab),(null==t?void 0:t.ticker)&&n.append(""ticker"",t.ticker),(null==t?void 0:t.limit)!==void 0&&n.append(""limit"",t.limit.toString()),(null==t?void 0:t.offset)!==void 0&&n.append(""offset"",t.offset.toString());let a=n.toString();return c(""/api/nexus/feed"".concat(a?""?"".concat(a):""""),e)}async function D(e,t){let n=new URLSearchParams;(null==t?void 0:t.timeframe)&&n.append(""timeframe"",t.timeframe),(null==t?void 0:t.verifiedOnly)&&n.append(""verifiedOnly"",""true""),(null==t?void 0:t.limit)!==void 0&&n.append(""limit"",t.limit.toString()),(null==t?void 0:t.offset)!==void 0&&n.append(""offset"",t.offset.toString());let a=n.toString();return c(""/api/nexus/leaderboard"".concat(a?""?"".concat(a):""""),e,{skipGuildHeader:!0})}async function O(e,t){let n=new URLSearchParams({q:t});return c(""/api/nexus/search/tickers?"".concat(n),e)}async function E(e,t){let n=new URLSearchParams({username:t});return c(""/api/nexus/users/me/username-available?"".concat(n),e)}async function N(e,t){var n;let a=new URLSearchParams({q:t}),i=await c(""/api/nexus/search/users?"".concat(a),e);return Array.isArray(i)?i:null!=(n=i.users)?n:[]}async function Q(e,t){let n=new URLSearchParams({serverId:t});return c(""/api/nexus/routing-rules?"".concat(n),e)}async function j(e,t){return c(""/api/"
/api/nexus/leaderboard,/Volumes/EAGET/SKYLIT_RE/bundles/4338-2835906ea9e42f40.js,22788,"ll==t?void 0:t.offset)!==void 0&&n.append(""offset"",t.offset.toString());let a=n.toString();return c(""/api/nexus/feed"".concat(a?""?"".concat(a):""""),e)}async function D(e,t){let n=new URLSearchParams;(null==t?void 0:t.timeframe)&&n.append(""timeframe"",t.timeframe),(null==t?void 0:t.verifiedOnly)&&n.append(""verifiedOnly"",""true""),(null==t?void 0:t.limit)!==void 0&&n.append(""limit"",t.limit.toString()),(null==t?void 0:t.offset)!==void 0&&n.append(""offset"",t.offset.toString());let a=n.toString();return c(""/api/nexus/leaderboard"".concat(a?""?"".concat(a):""""),e,{skipGuildHeader:!0})}async function O(e,t){let n=new URLSearchParams({q:t});return c(""/api/nexus/search/tickers?"".concat(n),e)}async function E(e,t){let n=new URLSearchParams({username:t});return c(""/api/nexus/users/me/username-available?"".concat(n),e)}async function N(e,t){var n;let a=new URLSearchParams({q:t}),i=await c(""/api/nexus/search/users?"".concat(a),e);return Array.isArray(i)?i:null!=(n=i.users)?n:[]}async function Q(e,t){let n=new URLSearchParams({serverId:t});return c(""/api/nexus/routing-rules?"".concat(n),e)}async function j(e,t){return c(""/api/nexus/routing-rules"",e,{method:""POST"",headers:{""Content-Type"":""application/json""},body:JSON.stringify(t)})}async function J(e,t,n){return c(""/api/nexus/routing-rules/"".concat(encodeURIComponent(t)),e,{method:""PUT"",headers:{""Content-Type"":""application/json""},body:JSON.stringify(n)})}async function L(e,t){return c(""/api/nexus/routing-rules/"".concat(encodeURIComponent(t)),e,{method:""DELETE""})}async function"
/api/nexus/search/tickers?,/Volumes/EAGET/SKYLIT_RE/bundles/4338-2835906ea9e42f40.js,22928,":""""),e)}async function D(e,t){let n=new URLSearchParams;(null==t?void 0:t.timeframe)&&n.append(""timeframe"",t.timeframe),(null==t?void 0:t.verifiedOnly)&&n.append(""verifiedOnly"",""true""),(null==t?void 0:t.limit)!==void 0&&n.append(""limit"",t.limit.toString()),(null==t?void 0:t.offset)!==void 0&&n.append(""offset"",t.offset.toString());let a=n.toString();return c(""/api/nexus/leaderboard"".concat(a?""?"".concat(a):""""),e,{skipGuildHeader:!0})}async function O(e,t){let n=new URLSearchParams({q:t});return c(""/api/nexus/search/tickers?"".concat(n),e)}async function E(e,t){let n=new URLSearchParams({username:t});return c(""/api/nexus/users/me/username-available?"".concat(n),e)}async function N(e,t){var n;let a=new URLSearchParams({q:t}),i=await c(""/api/nexus/search/users?"".concat(a),e);return Array.isArray(i)?i:null!=(n=i.users)?n:[]}async function Q(e,t){let n=new URLSearchParams({serverId:t});return c(""/api/nexus/routing-rules?"".concat(n),e)}async function j(e,t){return c(""/api/nexus/routing-rules"",e,{method:""POST"",headers:{""Content-Type"":""application/json""},body:JSON.stringify(t)})}async function J(e,t,n){return c(""/api/nexus/routing-rules/"".concat(encodeURIComponent(t)),e,{method:""PUT"",headers:{""Content-Type"":""application/json""},body:JSON.stringify(n)})}async function L(e,t){return c(""/api/nexus/routing-rules/"".concat(encodeURIComponent(t)),e,{method:""DELETE""})}async function q(e,t){return c(""/api/nexus/discord/servers/"".concat(encodeURIComponent(t),""/embed-templates""),e)}async function M(e,t,n){return c(""/api/nexus/"
/api/nexus/users/me/username-available?,/Volumes/EAGET/SKYLIT_RE/bundles/4338-2835906ea9e42f40.js,23041,"frame),(null==t?void 0:t.verifiedOnly)&&n.append(""verifiedOnly"",""true""),(null==t?void 0:t.limit)!==void 0&&n.append(""limit"",t.limit.toString()),(null==t?void 0:t.offset)!==void 0&&n.append(""offset"",t.offset.toString());let a=n.toString();return c(""/api/nexus/leaderboard"".concat(a?""?"".concat(a):""""),e,{skipGuildHeader:!0})}async function O(e,t){let n=new URLSearchParams({q:t});return c(""/api/nexus/search/tickers?"".concat(n),e)}async function E(e,t){let n=new URLSearchParams({username:t});return c(""/api/nexus/users/me/username-available?"".concat(n),e)}async function N(e,t){var n;let a=new URLSearchParams({q:t}),i=await c(""/api/nexus/search/users?"".concat(a),e);return Array.isArray(i)?i:null!=(n=i.users)?n:[]}async function Q(e,t){let n=new URLSearchParams({serverId:t});return c(""/api/nexus/routing-rules?"".concat(n),e)}async function j(e,t){return c(""/api/nexus/routing-rules"",e,{method:""POST"",headers:{""Content-Type"":""application/json""},body:JSON.stringify(t)})}async function J(e,t,n){return c(""/api/nexus/routing-rules/"".concat(encodeURIComponent(t)),e,{method:""PUT"",headers:{""Content-Type"":""application/json""},body:JSON.stringify(n)})}async function L(e,t){return c(""/api/nexus/routing-rules/"".concat(encodeURIComponent(t)),e,{method:""DELETE""})}async function q(e,t){return c(""/api/nexus/discord/servers/"".concat(encodeURIComponent(t),""/embed-templates""),e)}async function M(e,t,n){return c(""/api/nexus/discord/servers/"".concat(encodeURIComponent(t),""/embed-templates""),e,{method:""PUT"",headers:{""Content-Type"":""application/json""}"
/api/nexus/search/users?,/Volumes/EAGET/SKYLIT_RE/bundles/4338-2835906ea9e42f40.js,23167,"limit.toString()),(null==t?void 0:t.offset)!==void 0&&n.append(""offset"",t.offset.toString());let a=n.toString();return c(""/api/nexus/leaderboard"".concat(a?""?"".concat(a):""""),e,{skipGuildHeader:!0})}async function O(e,t){let n=new URLSearchParams({q:t});return c(""/api/nexus/search/tickers?"".concat(n),e)}async function E(e,t){let n=new URLSearchParams({username:t});return c(""/api/nexus/users/me/username-available?"".concat(n),e)}async function N(e,t){var n;let a=new URLSearchParams({q:t}),i=await c(""/api/nexus/search/users?"".concat(a),e);return Array.isArray(i)?i:null!=(n=i.users)?n:[]}async function Q(e,t){let n=new URLSearchParams({serverId:t});return c(""/api/nexus/routing-rules?"".concat(n),e)}async function j(e,t){return c(""/api/nexus/routing-rules"",e,{method:""POST"",headers:{""Content-Type"":""application/json""},body:JSON.stringify(t)})}async function J(e,t,n){return c(""/api/nexus/routing-rules/"".concat(encodeURIComponent(t)),e,{method:""PUT"",headers:{""Content-Type"":""application/json""},body:JSON.stringify(n)})}async function L(e,t){return c(""/api/nexus/routing-rules/"".concat(encodeURIComponent(t)),e,{method:""DELETE""})}async function q(e,t){return c(""/api/nexus/discord/servers/"".concat(encodeURIComponent(t),""/embed-templates""),e)}async function M(e,t,n){return c(""/api/nexus/discord/servers/"".concat(encodeURIComponent(t),""/embed-templates""),e,{method:""PUT"",headers:{""Content-Type"":""application/json""},body:JSON.stringify(n)})}async function Y(e,t){return c(""/api/nexus/discord/servers/"".concat(encodeURIComponen"
/api/nexus/routing-rules?,/Volumes/EAGET/SKYLIT_RE/bundles/4338-2835906ea9e42f40.js,23327,"oncat(a):""""),e,{skipGuildHeader:!0})}async function O(e,t){let n=new URLSearchParams({q:t});return c(""/api/nexus/search/tickers?"".concat(n),e)}async function E(e,t){let n=new URLSearchParams({username:t});return c(""/api/nexus/users/me/username-available?"".concat(n),e)}async function N(e,t){var n;let a=new URLSearchParams({q:t}),i=await c(""/api/nexus/search/users?"".concat(a),e);return Array.isArray(i)?i:null!=(n=i.users)?n:[]}async function Q(e,t){let n=new URLSearchParams({serverId:t});return c(""/api/nexus/routing-rules?"".concat(n),e)}async function j(e,t){return c(""/api/nexus/routing-rules"",e,{method:""POST"",headers:{""Content-Type"":""application/json""},body:JSON.stringify(t)})}async function J(e,t,n){return c(""/api/nexus/routing-rules/"".concat(encodeURIComponent(t)),e,{method:""PUT"",headers:{""Content-Type"":""application/json""},body:JSON.stringify(n)})}async function L(e,t){return c(""/api/nexus/routing-rules/"".concat(encodeURIComponent(t)),e,{method:""DELETE""})}async function q(e,t){return c(""/api/nexus/discord/servers/"".concat(encodeURIComponent(t),""/embed-templates""),e)}async function M(e,t,n){return c(""/api/nexus/discord/servers/"".concat(encodeURIComponent(t),""/embed-templates""),e,{method:""PUT"",headers:{""Content-Type"":""application/json""},body:JSON.stringify(n)})}async function Y(e,t){return c(""/api/nexus/discord/servers/"".concat(encodeURIComponent(t),""/daily-digest""),e)}async function G(e,t,n){return c(""/api/nexus/discord/servers/"".concat(encodeURIComponent(t),""/daily-digest""),e,{method:""PUT"",headers:{""C"
/api/nexus/routing-rules,/Volumes/EAGET/SKYLIT_RE/bundles/4338-2835906ea9e42f40.js,23399,"SearchParams({q:t});return c(""/api/nexus/search/tickers?"".concat(n),e)}async function E(e,t){let n=new URLSearchParams({username:t});return c(""/api/nexus/users/me/username-available?"".concat(n),e)}async function N(e,t){var n;let a=new URLSearchParams({q:t}),i=await c(""/api/nexus/search/users?"".concat(a),e);return Array.isArray(i)?i:null!=(n=i.users)?n:[]}async function Q(e,t){let n=new URLSearchParams({serverId:t});return c(""/api/nexus/routing-rules?"".concat(n),e)}async function j(e,t){return c(""/api/nexus/routing-rules"",e,{method:""POST"",headers:{""Content-Type"":""application/json""},body:JSON.stringify(t)})}async function J(e,t,n){return c(""/api/nexus/routing-rules/"".concat(encodeURIComponent(t)),e,{method:""PUT"",headers:{""Content-Type"":""application/json""},body:JSON.stringify(n)})}async function L(e,t){return c(""/api/nexus/routing-rules/"".concat(encodeURIComponent(t)),e,{method:""DELETE""})}async function q(e,t){return c(""/api/nexus/discord/servers/"".concat(encodeURIComponent(t),""/embed-templates""),e)}async function M(e,t,n){return c(""/api/nexus/discord/servers/"".concat(encodeURIComponent(t),""/embed-templates""),e,{method:""PUT"",headers:{""Content-Type"":""application/json""},body:JSON.stringify(n)})}async function Y(e,t){return c(""/api/nexus/discord/servers/"".concat(encodeURIComponent(t),""/daily-digest""),e)}async function G(e,t,n){return c(""/api/nexus/discord/servers/"".concat(encodeURIComponent(t),""/daily-digest""),e,{method:""PUT"",headers:{""Content-Type"":""application/json""},body:JSON.stringify(n)})}async functio"
/api/nexus/routing-rules/,/Volumes/EAGET/SKYLIT_RE/bundles/4338-2835906ea9e42f40.js,23545,"i/nexus/users/me/username-available?"".concat(n),e)}async function N(e,t){var n;let a=new URLSearchParams({q:t}),i=await c(""/api/nexus/search/users?"".concat(a),e);return Array.isArray(i)?i:null!=(n=i.users)?n:[]}async function Q(e,t){let n=new URLSearchParams({serverId:t});return c(""/api/nexus/routing-rules?"".concat(n),e)}async function j(e,t){return c(""/api/nexus/routing-rules"",e,{method:""POST"",headers:{""Content-Type"":""application/json""},body:JSON.stringify(t)})}async function J(e,t,n){return c(""/api/nexus/routing-rules/"".concat(encodeURIComponent(t)),e,{method:""PUT"",headers:{""Content-Type"":""application/json""},body:JSON.stringify(n)})}async function L(e,t){return c(""/api/nexus/routing-rules/"".concat(encodeURIComponent(t)),e,{method:""DELETE""})}async function q(e,t){return c(""/api/nexus/discord/servers/"".concat(encodeURIComponent(t),""/embed-templates""),e)}async function M(e,t,n){return c(""/api/nexus/discord/servers/"".concat(encodeURIComponent(t),""/embed-templates""),e,{method:""PUT"",headers:{""Content-Type"":""application/json""},body:JSON.stringify(n)})}async function Y(e,t){return c(""/api/nexus/discord/servers/"".concat(encodeURIComponent(t),""/daily-digest""),e)}async function G(e,t,n){return c(""/api/nexus/discord/servers/"".concat(encodeURIComponent(t),""/daily-digest""),e,{method:""PUT"",headers:{""Content-Type"":""application/json""},body:JSON.stringify(n)})}async function V(e,t,n){return c(""/api/nexus/discord/servers/"".concat(encodeURIComponent(t),""/daily-digest/run""),e,{method:""POST"",headers:{""Content-Type"":""appli"
/api/nexus/discord/servers/,/Volumes/EAGET/SKYLIT_RE/bundles/4338-2835906ea9e42f40.js,23829,"api/nexus/routing-rules?"".concat(n),e)}async function j(e,t){return c(""/api/nexus/routing-rules"",e,{method:""POST"",headers:{""Content-Type"":""application/json""},body:JSON.stringify(t)})}async function J(e,t,n){return c(""/api/nexus/routing-rules/"".concat(encodeURIComponent(t)),e,{method:""PUT"",headers:{""Content-Type"":""application/json""},body:JSON.stringify(n)})}async function L(e,t){return c(""/api/nexus/routing-rules/"".concat(encodeURIComponent(t)),e,{method:""DELETE""})}async function q(e,t){return c(""/api/nexus/discord/servers/"".concat(encodeURIComponent(t),""/embed-templates""),e)}async function M(e,t,n){return c(""/api/nexus/discord/servers/"".concat(encodeURIComponent(t),""/embed-templates""),e,{method:""PUT"",headers:{""Content-Type"":""application/json""},body:JSON.stringify(n)})}async function Y(e,t){return c(""/api/nexus/discord/servers/"".concat(encodeURIComponent(t),""/daily-digest""),e)}async function G(e,t,n){return c(""/api/nexus/discord/servers/"".concat(encodeURIComponent(t),""/daily-digest""),e,{method:""PUT"",headers:{""Content-Type"":""application/json""},body:JSON.stringify(n)})}async function V(e,t,n){return c(""/api/nexus/discord/servers/"".concat(encodeURIComponent(t),""/daily-digest/run""),e,{method:""POST"",headers:{""Content-Type"":""application/json""},body:JSON.stringify(n)})}async function H(e,t){let n=new URLSearchParams({q:t});return c(""/api/nexus/admin/users?"".concat(n),e)}async function z(e,t){return c(""/api/nexus/admin/users/"".concat(encodeURIComponent(t)),e)}async function B(e,t,n){return c(""/api/nexus/admin/tra"
/api/nexus/admin/users?,/Volumes/EAGET/SKYLIT_RE/bundles/4338-2835906ea9e42f40.js,24675,"(encodeURIComponent(t),""/daily-digest""),e)}async function G(e,t,n){return c(""/api/nexus/discord/servers/"".concat(encodeURIComponent(t),""/daily-digest""),e,{method:""PUT"",headers:{""Content-Type"":""application/json""},body:JSON.stringify(n)})}async function V(e,t,n){return c(""/api/nexus/discord/servers/"".concat(encodeURIComponent(t),""/daily-digest/run""),e,{method:""POST"",headers:{""Content-Type"":""application/json""},body:JSON.stringify(n)})}async function H(e,t){let n=new URLSearchParams({q:t});return c(""/api/nexus/admin/users?"".concat(n),e)}async function z(e,t){return c(""/api/nexus/admin/users/"".concat(encodeURIComponent(t)),e)}async function B(e,t,n){return c(""/api/nexus/admin/trades/"".concat(encodeURIComponent(t)),e,{method:""PUT"",headers:{""Content-Type"":""application/json""},body:JSON.stringify(n)})}async function F(e,t){return c(""/api/nexus/admin/trades/"".concat(encodeURIComponent(t)),e,{method:""DELETE""})}async function K(e,t){return c(""/api/nexus/admin/users/"".concat(encodeURIComponent(t),""/reset""),e,{method:""POST""})}async function X(e){return c(""/api/nexus/admin/trades/nuke-season"",e,{method:""POST""})}async function $(e,t){let n=new URLSearchParams;(null==t?void 0:t.limit)!==void 0&&n.append(""limit"",t.limit.toString()),(null==t?void 0:t.offset)!==void 0&&n.append(""offset"",t.offset.toString()),(null==t?void 0:t.q)&&n.append(""q"",t.q),(null==t?void 0:t.action)&&n.append(""action"",t.action),(null==t?void 0:t.targetType)&&n.append(""targetType"",t.targetType);let a=n.toString();return c(""/api/nexus/admin/audit-lo"
/api/nexus/admin/users/,/Volumes/EAGET/SKYLIT_RE/bundles/4338-2835906ea9e42f40.js,24745,"urn c(""/api/nexus/discord/servers/"".concat(encodeURIComponent(t),""/daily-digest""),e,{method:""PUT"",headers:{""Content-Type"":""application/json""},body:JSON.stringify(n)})}async function V(e,t,n){return c(""/api/nexus/discord/servers/"".concat(encodeURIComponent(t),""/daily-digest/run""),e,{method:""POST"",headers:{""Content-Type"":""application/json""},body:JSON.stringify(n)})}async function H(e,t){let n=new URLSearchParams({q:t});return c(""/api/nexus/admin/users?"".concat(n),e)}async function z(e,t){return c(""/api/nexus/admin/users/"".concat(encodeURIComponent(t)),e)}async function B(e,t,n){return c(""/api/nexus/admin/trades/"".concat(encodeURIComponent(t)),e,{method:""PUT"",headers:{""Content-Type"":""application/json""},body:JSON.stringify(n)})}async function F(e,t){return c(""/api/nexus/admin/trades/"".concat(encodeURIComponent(t)),e,{method:""DELETE""})}async function K(e,t){return c(""/api/nexus/admin/users/"".concat(encodeURIComponent(t),""/reset""),e,{method:""POST""})}async function X(e){return c(""/api/nexus/admin/trades/nuke-season"",e,{method:""POST""})}async function $(e,t){let n=new URLSearchParams;(null==t?void 0:t.limit)!==void 0&&n.append(""limit"",t.limit.toString()),(null==t?void 0:t.offset)!==void 0&&n.append(""offset"",t.offset.toString()),(null==t?void 0:t.q)&&n.append(""q"",t.q),(null==t?void 0:t.action)&&n.append(""action"",t.action),(null==t?void 0:t.targetType)&&n.append(""targetType"",t.targetType);let a=n.toString();return c(""/api/nexus/admin/audit-logs"".concat(a?""?"".concat(a):""""),e)}async function Z(e){return c(""/api/n"
/api/nexus/admin/trades/,/Volumes/EAGET/SKYLIT_RE/bundles/4338-2835906ea9e42f40.js,24837,"""PUT"",headers:{""Content-Type"":""application/json""},body:JSON.stringify(n)})}async function V(e,t,n){return c(""/api/nexus/discord/servers/"".concat(encodeURIComponent(t),""/daily-digest/run""),e,{method:""POST"",headers:{""Content-Type"":""application/json""},body:JSON.stringify(n)})}async function H(e,t){let n=new URLSearchParams({q:t});return c(""/api/nexus/admin/users?"".concat(n),e)}async function z(e,t){return c(""/api/nexus/admin/users/"".concat(encodeURIComponent(t)),e)}async function B(e,t,n){return c(""/api/nexus/admin/trades/"".concat(encodeURIComponent(t)),e,{method:""PUT"",headers:{""Content-Type"":""application/json""},body:JSON.stringify(n)})}async function F(e,t){return c(""/api/nexus/admin/trades/"".concat(encodeURIComponent(t)),e,{method:""DELETE""})}async function K(e,t){return c(""/api/nexus/admin/users/"".concat(encodeURIComponent(t),""/reset""),e,{method:""POST""})}async function X(e){return c(""/api/nexus/admin/trades/nuke-season"",e,{method:""POST""})}async function $(e,t){let n=new URLSearchParams;(null==t?void 0:t.limit)!==void 0&&n.append(""limit"",t.limit.toString()),(null==t?void 0:t.offset)!==void 0&&n.append(""offset"",t.offset.toString()),(null==t?void 0:t.q)&&n.append(""q"",t.q),(null==t?void 0:t.action)&&n.append(""action"",t.action),(null==t?void 0:t.targetType)&&n.append(""targetType"",t.targetType);let a=n.toString();return c(""/api/nexus/admin/audit-logs"".concat(a?""?"".concat(a):""""),e)}async function Z(e){return c(""/api/nexus/admin/stats/rebuild"",e,{method:""POST""})}async function W(e,t){return c(""/api/nexus/admin"
/api/nexus/admin/trades/nuke-season,/Volumes/EAGET/SKYLIT_RE/bundles/4338-2835906ea9e42f40.js,25232,",t){return c(""/api/nexus/admin/users/"".concat(encodeURIComponent(t)),e)}async function B(e,t,n){return c(""/api/nexus/admin/trades/"".concat(encodeURIComponent(t)),e,{method:""PUT"",headers:{""Content-Type"":""application/json""},body:JSON.stringify(n)})}async function F(e,t){return c(""/api/nexus/admin/trades/"".concat(encodeURIComponent(t)),e,{method:""DELETE""})}async function K(e,t){return c(""/api/nexus/admin/users/"".concat(encodeURIComponent(t),""/reset""),e,{method:""POST""})}async function X(e){return c(""/api/nexus/admin/trades/nuke-season"",e,{method:""POST""})}async function $(e,t){let n=new URLSearchParams;(null==t?void 0:t.limit)!==void 0&&n.append(""limit"",t.limit.toString()),(null==t?void 0:t.offset)!==void 0&&n.append(""offset"",t.offset.toString()),(null==t?void 0:t.q)&&n.append(""q"",t.q),(null==t?void 0:t.action)&&n.append(""action"",t.action),(null==t?void 0:t.targetType)&&n.append(""targetType"",t.targetType);let a=n.toString();return c(""/api/nexus/admin/audit-logs"".concat(a?""?"".concat(a):""""),e)}async function Z(e){return c(""/api/nexus/admin/stats/rebuild"",e,{method:""POST""})}async function W(e,t){return c(""/api/nexus/admin/options/rehydrate"",e,{method:""POST"",headers:{""Content-Type"":""application/json""},body:JSON.stringify(t)})}async function ee(e){return c(""/api/nexus/discord/servers"",e)}async function et(e,t){return c(""/api/nexus/discord/servers/"".concat(encodeURIComponent(t),""/channels""),e)}async function en(e,t,n){return c(""/api/nexus/discord/servers/"".concat(encodeURIComponent(t),""/channels""),e,{method:""POST"",headers:"
/api/nexus/admin/audit-logs,/Volumes/EAGET/SKYLIT_RE/bundles/4338-2835906ea9e42f40.js,25674,"""/reset""),e,{method:""POST""})}async function X(e){return c(""/api/nexus/admin/trades/nuke-season"",e,{method:""POST""})}async function $(e,t){let n=new URLSearchParams;(null==t?void 0:t.limit)!==void 0&&n.append(""limit"",t.limit.toString()),(null==t?void 0:t.offset)!==void 0&&n.append(""offset"",t.offset.toString()),(null==t?void 0:t.q)&&n.append(""q"",t.q),(null==t?void 0:t.action)&&n.append(""action"",t.action),(null==t?void 0:t.targetType)&&n.append(""targetType"",t.targetType);let a=n.toString();return c(""/api/nexus/admin/audit-logs"".concat(a?""?"".concat(a):""""),e)}async function Z(e){return c(""/api/nexus/admin/stats/rebuild"",e,{method:""POST""})}async function W(e,t){return c(""/api/nexus/admin/options/rehydrate"",e,{method:""POST"",headers:{""Content-Type"":""application/json""},body:JSON.stringify(t)})}async function ee(e){return c(""/api/nexus/discord/servers"",e)}async function et(e,t){return c(""/api/nexus/discord/servers/"".concat(encodeURIComponent(t),""/channels""),e)}async function en(e,t,n){return c(""/api/nexus/discord/servers/"".concat(encodeURIComponent(t),""/channels""),e,{method:""POST"",headers:{""Content-Type"":""application/json""},body:JSON.stringify(n)})}async function ea(e,t,n){return c(""/api/nexus/discord/servers/"".concat(encodeURIComponent(t),""/channels/"").concat(encodeURIComponent(n)),e,{method:""DELETE""})}async function ei(e,t,n,a){return c(""/api/nexus/discord/servers/"".concat(encodeURIComponent(t),""/channels/"").concat(encodeURIComponent(n),""/webhook""),e,{method:""PUT"",headers:{""Content-Type"":""application/json""},body:"
/api/nexus/admin/stats/rebuild,/Volumes/EAGET/SKYLIT_RE/bundles/4338-2835906ea9e42f40.js,25763,"eason"",e,{method:""POST""})}async function $(e,t){let n=new URLSearchParams;(null==t?void 0:t.limit)!==void 0&&n.append(""limit"",t.limit.toString()),(null==t?void 0:t.offset)!==void 0&&n.append(""offset"",t.offset.toString()),(null==t?void 0:t.q)&&n.append(""q"",t.q),(null==t?void 0:t.action)&&n.append(""action"",t.action),(null==t?void 0:t.targetType)&&n.append(""targetType"",t.targetType);let a=n.toString();return c(""/api/nexus/admin/audit-logs"".concat(a?""?"".concat(a):""""),e)}async function Z(e){return c(""/api/nexus/admin/stats/rebuild"",e,{method:""POST""})}async function W(e,t){return c(""/api/nexus/admin/options/rehydrate"",e,{method:""POST"",headers:{""Content-Type"":""application/json""},body:JSON.stringify(t)})}async function ee(e){return c(""/api/nexus/discord/servers"",e)}async function et(e,t){return c(""/api/nexus/discord/servers/"".concat(encodeURIComponent(t),""/channels""),e)}async function en(e,t,n){return c(""/api/nexus/discord/servers/"".concat(encodeURIComponent(t),""/channels""),e,{method:""POST"",headers:{""Content-Type"":""application/json""},body:JSON.stringify(n)})}async function ea(e,t,n){return c(""/api/nexus/discord/servers/"".concat(encodeURIComponent(t),""/channels/"").concat(encodeURIComponent(n)),e,{method:""DELETE""})}async function ei(e,t,n,a){return c(""/api/nexus/discord/servers/"".concat(encodeURIComponent(t),""/channels/"").concat(encodeURIComponent(n),""/webhook""),e,{method:""PUT"",headers:{""Content-Type"":""application/json""},body:JSON.stringify({webhookUrl:a})})}async function er(e,t){var n;let a=await c(""/api/nexus/disc"
/api/nexus/admin/options/rehydrate,/Volumes/EAGET/SKYLIT_RE/bundles/4338-2835906ea9e42f40.js,25846,"void 0:t.limit)!==void 0&&n.append(""limit"",t.limit.toString()),(null==t?void 0:t.offset)!==void 0&&n.append(""offset"",t.offset.toString()),(null==t?void 0:t.q)&&n.append(""q"",t.q),(null==t?void 0:t.action)&&n.append(""action"",t.action),(null==t?void 0:t.targetType)&&n.append(""targetType"",t.targetType);let a=n.toString();return c(""/api/nexus/admin/audit-logs"".concat(a?""?"".concat(a):""""),e)}async function Z(e){return c(""/api/nexus/admin/stats/rebuild"",e,{method:""POST""})}async function W(e,t){return c(""/api/nexus/admin/options/rehydrate"",e,{method:""POST"",headers:{""Content-Type"":""application/json""},body:JSON.stringify(t)})}async function ee(e){return c(""/api/nexus/discord/servers"",e)}async function et(e,t){return c(""/api/nexus/discord/servers/"".concat(encodeURIComponent(t),""/channels""),e)}async function en(e,t,n){return c(""/api/nexus/discord/servers/"".concat(encodeURIComponent(t),""/channels""),e,{method:""POST"",headers:{""Content-Type"":""application/json""},body:JSON.stringify(n)})}async function ea(e,t,n){return c(""/api/nexus/discord/servers/"".concat(encodeURIComponent(t),""/channels/"").concat(encodeURIComponent(n)),e,{method:""DELETE""})}async function ei(e,t,n,a){return c(""/api/nexus/discord/servers/"".concat(encodeURIComponent(t),""/channels/"").concat(encodeURIComponent(n),""/webhook""),e,{method:""PUT"",headers:{""Content-Type"":""application/json""},body:JSON.stringify({webhookUrl:a})})}async function er(e,t){var n;let a=await c(""/api/nexus/discord/servers/"".concat(encodeURIComponent(t),""/roles""),e);return Array.isArray(a)?a:null!"
/api/nexus/discord/servers,/Volumes/EAGET/SKYLIT_RE/bundles/4338-2835906ea9e42f40.js,25999,":t.q)&&n.append(""q"",t.q),(null==t?void 0:t.action)&&n.append(""action"",t.action),(null==t?void 0:t.targetType)&&n.append(""targetType"",t.targetType);let a=n.toString();return c(""/api/nexus/admin/audit-logs"".concat(a?""?"".concat(a):""""),e)}async function Z(e){return c(""/api/nexus/admin/stats/rebuild"",e,{method:""POST""})}async function W(e,t){return c(""/api/nexus/admin/options/rehydrate"",e,{method:""POST"",headers:{""Content-Type"":""application/json""},body:JSON.stringify(t)})}async function ee(e){return c(""/api/nexus/discord/servers"",e)}async function et(e,t){return c(""/api/nexus/discord/servers/"".concat(encodeURIComponent(t),""/channels""),e)}async function en(e,t,n){return c(""/api/nexus/discord/servers/"".concat(encodeURIComponent(t),""/channels""),e,{method:""POST"",headers:{""Content-Type"":""application/json""},body:JSON.stringify(n)})}async function ea(e,t,n){return c(""/api/nexus/discord/servers/"".concat(encodeURIComponent(t),""/channels/"").concat(encodeURIComponent(n)),e,{method:""DELETE""})}async function ei(e,t,n,a){return c(""/api/nexus/discord/servers/"".concat(encodeURIComponent(t),""/channels/"").concat(encodeURIComponent(n),""/webhook""),e,{method:""PUT"",headers:{""Content-Type"":""application/json""},body:JSON.stringify({webhookUrl:a})})}async function er(e,t){var n;let a=await c(""/api/nexus/discord/servers/"".concat(encodeURIComponent(t),""/roles""),e);return Array.isArray(a)?a:null!=(n=a.roles)?n:[]}async function eo(e,t,n){return c(""/api/nexus/discord/servers/"".concat(encodeURIComponent(t),""/access-roles""),e,{method:""PUT"",h"
/api/nexus/seasons/current,/Volumes/EAGET/SKYLIT_RE/bundles/4338-2835906ea9e42f40.js,27430,"n c(""/api/nexus/discord/servers/"".concat(encodeURIComponent(t),""/access-roles""),e,{method:""PUT"",headers:{""Content-Type"":""application/json""},body:JSON.stringify({roleIds:n})})}async function es(e,t){var n;return null!=(n=(await c(""/api/nexus/discord/servers/"".concat(encodeURIComponent(t),""/sync-roles""),e,{method:""POST""})).roles)?n:[]}async function ec(e,t){return c(""/api/nexus/discord/servers/"".concat(encodeURIComponent(t),""/test-route""),e,{method:""POST""})}async function ed(e){try{return await c(""/api/nexus/seasons/current"",e)}catch(e){if(e instanceof s&&404===e.status)return null;throw e}}async function eu(e,t,n){let a=n?""?expiration="".concat(encodeURIComponent(n)):"""";return c(""/api/nexus/options/"".concat(encodeURIComponent(t)).concat(a),e)}async function el(e,t){return c(""/api/nexus/options/"".concat(encodeURIComponent(t),""/expirations""),e)}async function ep(e,t,n){let a=new URLSearchParams;(null==n?void 0:n.timeframe)&&a.append(""timeframe"",n.timeframe),(null==n?void 0:n.direction)&&a.append(""direction"",n.direction);let i=a.toString();return c(""/api/nexus/users/"".concat(encodeURIComponent(t),""/stats"").concat(i?""?"".concat(i):""""),e)}async function em(e){return c(""/api/nexus/portfolio/simulated/current"",e)}async function ey(e,t){let n=new URLSearchParams;(null==t?void 0:t.limit)!==void 0&&n.append(""limit"",t.limit.toString()),(null==t?void 0:t.offset)!==void 0&&n.append(""offset"",t.offset.toString());let a=n.toString();return c(""/api/nexus/portfolio/simulated/ledger"".concat(a?""?"".concat(a):""""),e)}async funct"
/api/nexus/options/,/Volumes/EAGET/SKYLIT_RE/bundles/4338-2835906ea9e42f40.js,27616,"ion es(e,t){var n;return null!=(n=(await c(""/api/nexus/discord/servers/"".concat(encodeURIComponent(t),""/sync-roles""),e,{method:""POST""})).roles)?n:[]}async function ec(e,t){return c(""/api/nexus/discord/servers/"".concat(encodeURIComponent(t),""/test-route""),e,{method:""POST""})}async function ed(e){try{return await c(""/api/nexus/seasons/current"",e)}catch(e){if(e instanceof s&&404===e.status)return null;throw e}}async function eu(e,t,n){let a=n?""?expiration="".concat(encodeURIComponent(n)):"""";return c(""/api/nexus/options/"".concat(encodeURIComponent(t)).concat(a),e)}async function el(e,t){return c(""/api/nexus/options/"".concat(encodeURIComponent(t),""/expirations""),e)}async function ep(e,t,n){let a=new URLSearchParams;(null==n?void 0:n.timeframe)&&a.append(""timeframe"",n.timeframe),(null==n?void 0:n.direction)&&a.append(""direction"",n.direction);let i=a.toString();return c(""/api/nexus/users/"".concat(encodeURIComponent(t),""/stats"").concat(i?""?"".concat(i):""""),e)}async function em(e){return c(""/api/nexus/portfolio/simulated/current"",e)}async function ey(e,t){let n=new URLSearchParams;(null==t?void 0:t.limit)!==void 0&&n.append(""limit"",t.limit.toString()),(null==t?void 0:t.offset)!==void 0&&n.append(""offset"",t.offset.toString());let a=n.toString();return c(""/api/nexus/portfolio/simulated/ledger"".concat(a?""?"".concat(a):""""),e)}async function ef(e,t){let n=new URLSearchParams;(null==t?void 0:t.limit)!==void 0&&n.append(""limit"",t.limit.toString()),(null==t?void 0:t.offset)!==void 0&&n.append(""offset"",t.offset.toStri"
/api/nexus/portfolio/simulated/current,/Volumes/EAGET/SKYLIT_RE/bundles/4338-2835906ea9e42f40.js,28109,"turn c(""/api/nexus/options/"".concat(encodeURIComponent(t)).concat(a),e)}async function el(e,t){return c(""/api/nexus/options/"".concat(encodeURIComponent(t),""/expirations""),e)}async function ep(e,t,n){let a=new URLSearchParams;(null==n?void 0:n.timeframe)&&a.append(""timeframe"",n.timeframe),(null==n?void 0:n.direction)&&a.append(""direction"",n.direction);let i=a.toString();return c(""/api/nexus/users/"".concat(encodeURIComponent(t),""/stats"").concat(i?""?"".concat(i):""""),e)}async function em(e){return c(""/api/nexus/portfolio/simulated/current"",e)}async function ey(e,t){let n=new URLSearchParams;(null==t?void 0:t.limit)!==void 0&&n.append(""limit"",t.limit.toString()),(null==t?void 0:t.offset)!==void 0&&n.append(""offset"",t.offset.toString());let a=n.toString();return c(""/api/nexus/portfolio/simulated/ledger"".concat(a?""?"".concat(a):""""),e)}async function ef(e,t){let n=new URLSearchParams;(null==t?void 0:t.limit)!==void 0&&n.append(""limit"",t.limit.toString()),(null==t?void 0:t.offset)!==void 0&&n.append(""offset"",t.offset.toString()),(null==t?void 0:t.timeframe)&&n.append(""timeframe"",t.timeframe);let a=n.toString();return c(""/api/nexus/guilds"".concat(a?""?"".concat(a):""""),e)}async function eg(e){var t,n,a;let i=await c(""/api/nexus/user/guilds"",e),r=(null!=(n=null!=(t=i.items)?t:i.guilds)?n:[]).map(e=>{var t,n,a,i,r,o,s,c,d,u,l,p,m,y;return{id:e.id,discordServerId:null!=(n=null!=(t=e.discordServerId)?t:e.discord_server_id)?n:"""",name:null!=(r=null!=(i=null!=(a=e.name)?a:e.discordGuildName)?i:e.discord_guild_name)?r:""Unknown Guild"",ava"
/api/nexus/portfolio/simulated/ledger,/Volumes/EAGET/SKYLIT_RE/bundles/4338-2835906ea9e42f40.js,28377,"eframe"",n.timeframe),(null==n?void 0:n.direction)&&a.append(""direction"",n.direction);let i=a.toString();return c(""/api/nexus/users/"".concat(encodeURIComponent(t),""/stats"").concat(i?""?"".concat(i):""""),e)}async function em(e){return c(""/api/nexus/portfolio/simulated/current"",e)}async function ey(e,t){let n=new URLSearchParams;(null==t?void 0:t.limit)!==void 0&&n.append(""limit"",t.limit.toString()),(null==t?void 0:t.offset)!==void 0&&n.append(""offset"",t.offset.toString());let a=n.toString();return c(""/api/nexus/portfolio/simulated/ledger"".concat(a?""?"".concat(a):""""),e)}async function ef(e,t){let n=new URLSearchParams;(null==t?void 0:t.limit)!==void 0&&n.append(""limit"",t.limit.toString()),(null==t?void 0:t.offset)!==void 0&&n.append(""offset"",t.offset.toString()),(null==t?void 0:t.timeframe)&&n.append(""timeframe"",t.timeframe);let a=n.toString();return c(""/api/nexus/guilds"".concat(a?""?"".concat(a):""""),e)}async function eg(e){var t,n,a;let i=await c(""/api/nexus/user/guilds"",e),r=(null!=(n=null!=(t=i.items)?t:i.guilds)?n:[]).map(e=>{var t,n,a,i,r,o,s,c,d,u,l,p,m,y;return{id:e.id,discordServerId:null!=(n=null!=(t=e.discordServerId)?t:e.discord_server_id)?n:"""",name:null!=(r=null!=(i=null!=(a=e.name)?a:e.discordGuildName)?i:e.discord_guild_name)?r:""Unknown Guild"",avatarUrl:null!=(o=e.avatarUrl)?o:e.avatar_url,memberCount:null!=(c=null!=(s=e.memberCount)?s:e.member_count)?c:0,representationCount:0,avgCred:null!=(u=null!=(d=e.avgCred)?d:e.avg_cred)?u:0,winRate:0,avgReturn:0,currentStreak:0,activeTradesCount:0,totalTrades:null!=(p="
/api/nexus/guilds,/Volumes/EAGET/SKYLIT_RE/bundles/4338-2835906ea9e42f40.js,28735,"&&n.append(""limit"",t.limit.toString()),(null==t?void 0:t.offset)!==void 0&&n.append(""offset"",t.offset.toString());let a=n.toString();return c(""/api/nexus/portfolio/simulated/ledger"".concat(a?""?"".concat(a):""""),e)}async function ef(e,t){let n=new URLSearchParams;(null==t?void 0:t.limit)!==void 0&&n.append(""limit"",t.limit.toString()),(null==t?void 0:t.offset)!==void 0&&n.append(""offset"",t.offset.toString()),(null==t?void 0:t.timeframe)&&n.append(""timeframe"",t.timeframe);let a=n.toString();return c(""/api/nexus/guilds"".concat(a?""?"".concat(a):""""),e)}async function eg(e){var t,n,a;let i=await c(""/api/nexus/user/guilds"",e),r=(null!=(n=null!=(t=i.items)?t:i.guilds)?n:[]).map(e=>{var t,n,a,i,r,o,s,c,d,u,l,p,m,y;return{id:e.id,discordServerId:null!=(n=null!=(t=e.discordServerId)?t:e.discord_server_id)?n:"""",name:null!=(r=null!=(i=null!=(a=e.name)?a:e.discordGuildName)?i:e.discord_guild_name)?r:""Unknown Guild"",avatarUrl:null!=(o=e.avatarUrl)?o:e.avatar_url,memberCount:null!=(c=null!=(s=e.memberCount)?s:e.member_count)?c:0,representationCount:0,avgCred:null!=(u=null!=(d=e.avgCred)?d:e.avg_cred)?u:0,winRate:0,avgReturn:0,currentStreak:0,activeTradesCount:0,totalTrades:null!=(p=null!=(l=e.totalTrades)?l:e.total_trades)?p:0,seasonalRank:null!=(m=e.seasonalRank)?m:e.seasonal_rank,allTimeRank:null!=(y=e.allTimeRank)?y:e.all_time_rank,roster:[]}});return{guilds:r,total:null!=(a=i.total)?a:r.length}}async function eh(e,t){return c(""/api/nexus/guilds/"".concat(encodeURIComponent(t),""/roster""),e)}async function eT(e,t"
/api/nexus/user/guilds,/Volumes/EAGET/SKYLIT_RE/bundles/4338-2835906ea9e42f40.js,28830,"offset.toString());let a=n.toString();return c(""/api/nexus/portfolio/simulated/ledger"".concat(a?""?"".concat(a):""""),e)}async function ef(e,t){let n=new URLSearchParams;(null==t?void 0:t.limit)!==void 0&&n.append(""limit"",t.limit.toString()),(null==t?void 0:t.offset)!==void 0&&n.append(""offset"",t.offset.toString()),(null==t?void 0:t.timeframe)&&n.append(""timeframe"",t.timeframe);let a=n.toString();return c(""/api/nexus/guilds"".concat(a?""?"".concat(a):""""),e)}async function eg(e){var t,n,a;let i=await c(""/api/nexus/user/guilds"",e),r=(null!=(n=null!=(t=i.items)?t:i.guilds)?n:[]).map(e=>{var t,n,a,i,r,o,s,c,d,u,l,p,m,y;return{id:e.id,discordServerId:null!=(n=null!=(t=e.discordServerId)?t:e.discord_server_id)?n:"""",name:null!=(r=null!=(i=null!=(a=e.name)?a:e.discordGuildName)?i:e.discord_guild_name)?r:""Unknown Guild"",avatarUrl:null!=(o=e.avatarUrl)?o:e.avatar_url,memberCount:null!=(c=null!=(s=e.memberCount)?s:e.member_count)?c:0,representationCount:0,avgCred:null!=(u=null!=(d=e.avgCred)?d:e.avg_cred)?u:0,winRate:0,avgReturn:0,currentStreak:0,activeTradesCount:0,totalTrades:null!=(p=null!=(l=e.totalTrades)?l:e.total_trades)?p:0,seasonalRank:null!=(m=e.seasonalRank)?m:e.seasonal_rank,allTimeRank:null!=(y=e.allTimeRank)?y:e.all_time_rank,roster:[]}});return{guilds:r,total:null!=(a=i.total)?a:r.length}}async function eh(e,t){return c(""/api/nexus/guilds/"".concat(encodeURIComponent(t),""/roster""),e)}async function eT(e,t){return c(""/api/nexus/guilds/"".concat(encodeURIComponent(t),""/roster/candidates""),e)}async function"
/api/nexus/guilds/,/Volumes/EAGET/SKYLIT_RE/bundles/4338-2835906ea9e42f40.js,29669,"atarUrl)?o:e.avatar_url,memberCount:null!=(c=null!=(s=e.memberCount)?s:e.member_count)?c:0,representationCount:0,avgCred:null!=(u=null!=(d=e.avgCred)?d:e.avg_cred)?u:0,winRate:0,avgReturn:0,currentStreak:0,activeTradesCount:0,totalTrades:null!=(p=null!=(l=e.totalTrades)?l:e.total_trades)?p:0,seasonalRank:null!=(m=e.seasonalRank)?m:e.seasonal_rank,allTimeRank:null!=(y=e.allTimeRank)?y:e.all_time_rank,roster:[]}});return{guilds:r,total:null!=(a=i.total)?a:r.length}}async function eh(e,t){return c(""/api/nexus/guilds/"".concat(encodeURIComponent(t),""/roster""),e)}async function eT(e,t){return c(""/api/nexus/guilds/"".concat(encodeURIComponent(t),""/roster/candidates""),e)}async function eC(e,t,n){return c(""/api/nexus/guilds/"".concat(encodeURIComponent(t),""/roster""),e,{method:""PUT"",headers:{""Content-Type"":""application/json""},body:JSON.stringify({userIds:n})})}async function eS(e,t){return c(""/api/nexus/user/primary-guild"",e,{method:""PUT"",headers:{""Content-Type"":""application/json""},body:JSON.stringify({guild_id:t})})}async function ex(e,t){return c(""/api/nexus/users/"".concat(encodeURIComponent(t),""/rank-history""),e)}async function ek(e){return c(""/api/nexus/academy/courses"",e)}async function ev(e,t){return c(""/api/nexus/academy/courses/"".concat(encodeURIComponent(t)),e)}async function eI(e,t){return c(""/api/nexus/academy/courses/"".concat(encodeURIComponent(t),""/attempts""),e,{method:""POST"",headers:{""Content-Type"":""application/json""},body:JSON.stringify({})})}async function eP(e,t,n){return c(""/api/nexus/acad"
/api/nexus/user/primary-guild,/Volumes/EAGET/SKYLIT_RE/bundles/4338-2835906ea9e42f40.js,30062,"time_rank,roster:[]}});return{guilds:r,total:null!=(a=i.total)?a:r.length}}async function eh(e,t){return c(""/api/nexus/guilds/"".concat(encodeURIComponent(t),""/roster""),e)}async function eT(e,t){return c(""/api/nexus/guilds/"".concat(encodeURIComponent(t),""/roster/candidates""),e)}async function eC(e,t,n){return c(""/api/nexus/guilds/"".concat(encodeURIComponent(t),""/roster""),e,{method:""PUT"",headers:{""Content-Type"":""application/json""},body:JSON.stringify({userIds:n})})}async function eS(e,t){return c(""/api/nexus/user/primary-guild"",e,{method:""PUT"",headers:{""Content-Type"":""application/json""},body:JSON.stringify({guild_id:t})})}async function ex(e,t){return c(""/api/nexus/users/"".concat(encodeURIComponent(t),""/rank-history""),e)}async function ek(e){return c(""/api/nexus/academy/courses"",e)}async function ev(e,t){return c(""/api/nexus/academy/courses/"".concat(encodeURIComponent(t)),e)}async function eI(e,t){return c(""/api/nexus/academy/courses/"".concat(encodeURIComponent(t),""/attempts""),e,{method:""POST"",headers:{""Content-Type"":""application/json""},body:JSON.stringify({})})}async function eP(e,t,n){return c(""/api/nexus/academy/attempts/"".concat(encodeURIComponent(t),""/submit""),e,{method:""PUT"",headers:{""Content-Type"":""application/json""},body:JSON.stringify({answers:n.map(e=>({questionId:e.questionId,selectedOptionId:e.selectedOptionId}))})})}async function ew(e){return c(""/api/nexus/academy/certifications"",e)}async function eR(e){var t;let n=await c(""/api/nexus/admin/academy/courses"",e);return Array.isArray(n)?n:null!=(t"
/api/nexus/academy/courses,/Volumes/EAGET/SKYLIT_RE/bundles/4338-2835906ea9e42f40.js,30321,"er/candidates""),e)}async function eC(e,t,n){return c(""/api/nexus/guilds/"".concat(encodeURIComponent(t),""/roster""),e,{method:""PUT"",headers:{""Content-Type"":""application/json""},body:JSON.stringify({userIds:n})})}async function eS(e,t){return c(""/api/nexus/user/primary-guild"",e,{method:""PUT"",headers:{""Content-Type"":""application/json""},body:JSON.stringify({guild_id:t})})}async function ex(e,t){return c(""/api/nexus/users/"".concat(encodeURIComponent(t),""/rank-history""),e)}async function ek(e){return c(""/api/nexus/academy/courses"",e)}async function ev(e,t){return c(""/api/nexus/academy/courses/"".concat(encodeURIComponent(t)),e)}async function eI(e,t){return c(""/api/nexus/academy/courses/"".concat(encodeURIComponent(t),""/attempts""),e,{method:""POST"",headers:{""Content-Type"":""application/json""},body:JSON.stringify({})})}async function eP(e,t,n){return c(""/api/nexus/academy/attempts/"".concat(encodeURIComponent(t),""/submit""),e,{method:""PUT"",headers:{""Content-Type"":""application/json""},body:JSON.stringify({answers:n.map(e=>({questionId:e.questionId,selectedOptionId:e.selectedOptionId}))})})}async function ew(e){return c(""/api/nexus/academy/certifications"",e)}async function eR(e){var t;let n=await c(""/api/nexus/admin/academy/courses"",e);return Array.isArray(n)?n:null!=(t=null==n?void 0:n.courses)?t:[]}async function eA(e,t){return c(""/api/nexus/admin/academy/courses"",e,{method:""POST"",headers:{""Content-Type"":""application/json""},body:JSON.stringify(t)})}async function eb(e,t,n){return c(""/api/nexus/admin/academy/courses/"".c"
/api/nexus/academy/courses/,/Volumes/EAGET/SKYLIT_RE/bundles/4338-2835906ea9e42f40.js,30385,"/guilds/"".concat(encodeURIComponent(t),""/roster""),e,{method:""PUT"",headers:{""Content-Type"":""application/json""},body:JSON.stringify({userIds:n})})}async function eS(e,t){return c(""/api/nexus/user/primary-guild"",e,{method:""PUT"",headers:{""Content-Type"":""application/json""},body:JSON.stringify({guild_id:t})})}async function ex(e,t){return c(""/api/nexus/users/"".concat(encodeURIComponent(t),""/rank-history""),e)}async function ek(e){return c(""/api/nexus/academy/courses"",e)}async function ev(e,t){return c(""/api/nexus/academy/courses/"".concat(encodeURIComponent(t)),e)}async function eI(e,t){return c(""/api/nexus/academy/courses/"".concat(encodeURIComponent(t),""/attempts""),e,{method:""POST"",headers:{""Content-Type"":""application/json""},body:JSON.stringify({})})}async function eP(e,t,n){return c(""/api/nexus/academy/attempts/"".concat(encodeURIComponent(t),""/submit""),e,{method:""PUT"",headers:{""Content-Type"":""application/json""},body:JSON.stringify({answers:n.map(e=>({questionId:e.questionId,selectedOptionId:e.selectedOptionId}))})})}async function ew(e){return c(""/api/nexus/academy/certifications"",e)}async function eR(e){var t;let n=await c(""/api/nexus/admin/academy/courses"",e);return Array.isArray(n)?n:null!=(t=null==n?void 0:n.courses)?t:[]}async function eA(e,t){return c(""/api/nexus/admin/academy/courses"",e,{method:""POST"",headers:{""Content-Type"":""application/json""},body:JSON.stringify(t)})}async function eb(e,t,n){return c(""/api/nexus/admin/academy/courses/"".concat(encodeURIComponent(t)),e,{method:""PUT"",headers:{""Content-Ty"
/api/nexus/academy/attempts/,/Volumes/EAGET/SKYLIT_RE/bundles/4338-2835906ea9e42f40.js,30673,"({guild_id:t})})}async function ex(e,t){return c(""/api/nexus/users/"".concat(encodeURIComponent(t),""/rank-history""),e)}async function ek(e){return c(""/api/nexus/academy/courses"",e)}async function ev(e,t){return c(""/api/nexus/academy/courses/"".concat(encodeURIComponent(t)),e)}async function eI(e,t){return c(""/api/nexus/academy/courses/"".concat(encodeURIComponent(t),""/attempts""),e,{method:""POST"",headers:{""Content-Type"":""application/json""},body:JSON.stringify({})})}async function eP(e,t,n){return c(""/api/nexus/academy/attempts/"".concat(encodeURIComponent(t),""/submit""),e,{method:""PUT"",headers:{""Content-Type"":""application/json""},body:JSON.stringify({answers:n.map(e=>({questionId:e.questionId,selectedOptionId:e.selectedOptionId}))})})}async function ew(e){return c(""/api/nexus/academy/certifications"",e)}async function eR(e){var t;let n=await c(""/api/nexus/admin/academy/courses"",e);return Array.isArray(n)?n:null!=(t=null==n?void 0:n.courses)?t:[]}async function eA(e,t){return c(""/api/nexus/admin/academy/courses"",e,{method:""POST"",headers:{""Content-Type"":""application/json""},body:JSON.stringify(t)})}async function eb(e,t,n){return c(""/api/nexus/admin/academy/courses/"".concat(encodeURIComponent(t)),e,{method:""PUT"",headers:{""Content-Type"":""application/json""},body:JSON.stringify(n)})}async function e_(e,t){return c(""/api/nexus/admin/academy/courses/"".concat(encodeURIComponent(t)),e,{method:""DELETE""})}async function eU(e,t,n){return c(""/api/nexus/admin/academy/courses/"".concat(encodeURIComponent(t),""/sections""),e,{method"
/api/nexus/academy/certifications,/Volumes/EAGET/SKYLIT_RE/bundles/4338-2835906ea9e42f40.js,30941,"t)),e)}async function eI(e,t){return c(""/api/nexus/academy/courses/"".concat(encodeURIComponent(t),""/attempts""),e,{method:""POST"",headers:{""Content-Type"":""application/json""},body:JSON.stringify({})})}async function eP(e,t,n){return c(""/api/nexus/academy/attempts/"".concat(encodeURIComponent(t),""/submit""),e,{method:""PUT"",headers:{""Content-Type"":""application/json""},body:JSON.stringify({answers:n.map(e=>({questionId:e.questionId,selectedOptionId:e.selectedOptionId}))})})}async function ew(e){return c(""/api/nexus/academy/certifications"",e)}async function eR(e){var t;let n=await c(""/api/nexus/admin/academy/courses"",e);return Array.isArray(n)?n:null!=(t=null==n?void 0:n.courses)?t:[]}async function eA(e,t){return c(""/api/nexus/admin/academy/courses"",e,{method:""POST"",headers:{""Content-Type"":""application/json""},body:JSON.stringify(t)})}async function eb(e,t,n){return c(""/api/nexus/admin/academy/courses/"".concat(encodeURIComponent(t)),e,{method:""PUT"",headers:{""Content-Type"":""application/json""},body:JSON.stringify(n)})}async function e_(e,t){return c(""/api/nexus/admin/academy/courses/"".concat(encodeURIComponent(t)),e,{method:""DELETE""})}async function eU(e,t,n){return c(""/api/nexus/admin/academy/courses/"".concat(encodeURIComponent(t),""/sections""),e,{method:""POST"",headers:{""Content-Type"":""application/json""},body:JSON.stringify(n)})}async function eD(e,t,n){return c(""/api/nexus/admin/academy/sections/"".concat(encodeURIComponent(t)),e,{method:""PUT"",headers:{""Content-Type"":""application/json""},body:JSON.stringify(n)})}async func"
/api/nexus/admin/academy/courses,/Volumes/EAGET/SKYLIT_RE/bundles/4338-2835906ea9e42f40.js,31021,"deURIComponent(t),""/attempts""),e,{method:""POST"",headers:{""Content-Type"":""application/json""},body:JSON.stringify({})})}async function eP(e,t,n){return c(""/api/nexus/academy/attempts/"".concat(encodeURIComponent(t),""/submit""),e,{method:""PUT"",headers:{""Content-Type"":""application/json""},body:JSON.stringify({answers:n.map(e=>({questionId:e.questionId,selectedOptionId:e.selectedOptionId}))})})}async function ew(e){return c(""/api/nexus/academy/certifications"",e)}async function eR(e){var t;let n=await c(""/api/nexus/admin/academy/courses"",e);return Array.isArray(n)?n:null!=(t=null==n?void 0:n.courses)?t:[]}async function eA(e,t){return c(""/api/nexus/admin/academy/courses"",e,{method:""POST"",headers:{""Content-Type"":""application/json""},body:JSON.stringify(t)})}async function eb(e,t,n){return c(""/api/nexus/admin/academy/courses/"".concat(encodeURIComponent(t)),e,{method:""PUT"",headers:{""Content-Type"":""application/json""},body:JSON.stringify(n)})}async function e_(e,t){return c(""/api/nexus/admin/academy/courses/"".concat(encodeURIComponent(t)),e,{method:""DELETE""})}async function eU(e,t,n){return c(""/api/nexus/admin/academy/courses/"".concat(encodeURIComponent(t),""/sections""),e,{method:""POST"",headers:{""Content-Type"":""application/json""},body:JSON.stringify(n)})}async function eD(e,t,n){return c(""/api/nexus/admin/academy/sections/"".concat(encodeURIComponent(t)),e,{method:""PUT"",headers:{""Content-Type"":""application/json""},body:JSON.stringify(n)})}async function eO(e,t){return c(""/api/nexus/admin/academy/sections/"".concat(encodeURIComp"
/api/nexus/admin/academy/courses/,/Volumes/EAGET/SKYLIT_RE/bundles/4338-2835906ea9e42f40.js,31312,"N.stringify({answers:n.map(e=>({questionId:e.questionId,selectedOptionId:e.selectedOptionId}))})})}async function ew(e){return c(""/api/nexus/academy/certifications"",e)}async function eR(e){var t;let n=await c(""/api/nexus/admin/academy/courses"",e);return Array.isArray(n)?n:null!=(t=null==n?void 0:n.courses)?t:[]}async function eA(e,t){return c(""/api/nexus/admin/academy/courses"",e,{method:""POST"",headers:{""Content-Type"":""application/json""},body:JSON.stringify(t)})}async function eb(e,t,n){return c(""/api/nexus/admin/academy/courses/"".concat(encodeURIComponent(t)),e,{method:""PUT"",headers:{""Content-Type"":""application/json""},body:JSON.stringify(n)})}async function e_(e,t){return c(""/api/nexus/admin/academy/courses/"".concat(encodeURIComponent(t)),e,{method:""DELETE""})}async function eU(e,t,n){return c(""/api/nexus/admin/academy/courses/"".concat(encodeURIComponent(t),""/sections""),e,{method:""POST"",headers:{""Content-Type"":""application/json""},body:JSON.stringify(n)})}async function eD(e,t,n){return c(""/api/nexus/admin/academy/sections/"".concat(encodeURIComponent(t)),e,{method:""PUT"",headers:{""Content-Type"":""application/json""},body:JSON.stringify(n)})}async function eO(e,t){return c(""/api/nexus/admin/academy/sections/"".concat(encodeURIComponent(t)),e,{method:""DELETE""})}async function eE(e,t,n){return c(""/api/nexus/admin/academy/sections/"".concat(encodeURIComponent(t),""/questions""),e,{method:""POST"",headers:{""Content-Type"":""application/json""},body:JSON.stringify(n)})}async function eN(e,t,n){return c(""/api/nexus/admin/academy/q"
/api/nexus/admin/academy/sections/,/Volumes/EAGET/SKYLIT_RE/bundles/4338-2835906ea9e42f40.js,31814,"api/nexus/admin/academy/courses/"".concat(encodeURIComponent(t)),e,{method:""PUT"",headers:{""Content-Type"":""application/json""},body:JSON.stringify(n)})}async function e_(e,t){return c(""/api/nexus/admin/academy/courses/"".concat(encodeURIComponent(t)),e,{method:""DELETE""})}async function eU(e,t,n){return c(""/api/nexus/admin/academy/courses/"".concat(encodeURIComponent(t),""/sections""),e,{method:""POST"",headers:{""Content-Type"":""application/json""},body:JSON.stringify(n)})}async function eD(e,t,n){return c(""/api/nexus/admin/academy/sections/"".concat(encodeURIComponent(t)),e,{method:""PUT"",headers:{""Content-Type"":""application/json""},body:JSON.stringify(n)})}async function eO(e,t){return c(""/api/nexus/admin/academy/sections/"".concat(encodeURIComponent(t)),e,{method:""DELETE""})}async function eE(e,t,n){return c(""/api/nexus/admin/academy/sections/"".concat(encodeURIComponent(t),""/questions""),e,{method:""POST"",headers:{""Content-Type"":""application/json""},body:JSON.stringify(n)})}async function eN(e,t,n){return c(""/api/nexus/admin/academy/questions/"".concat(encodeURIComponent(t)),e,{method:""PUT"",headers:{""Content-Type"":""application/json""},body:JSON.stringify(n)})}async function eQ(e,t){return c(""/api/nexus/admin/academy/questions/"".concat(encodeURIComponent(t)),e,{method:""DELETE""})}async function ej(e,t){let n=!(arguments.length>2)||void 0===arguments[2]||arguments[2];return c(""/api/nexus/admin/academy/courses/"".concat(encodeURIComponent(t),""/publish""),e,{method:""PUT"",headers:{""Content-Type"":""application/json""},body:JSON.stringify({p"
/api/nexus/admin/academy/questions/,/Volumes/EAGET/SKYLIT_RE/bundles/4338-2835906ea9e42f40.js,32320,"nexus/admin/academy/sections/"".concat(encodeURIComponent(t)),e,{method:""PUT"",headers:{""Content-Type"":""application/json""},body:JSON.stringify(n)})}async function eO(e,t){return c(""/api/nexus/admin/academy/sections/"".concat(encodeURIComponent(t)),e,{method:""DELETE""})}async function eE(e,t,n){return c(""/api/nexus/admin/academy/sections/"".concat(encodeURIComponent(t),""/questions""),e,{method:""POST"",headers:{""Content-Type"":""application/json""},body:JSON.stringify(n)})}async function eN(e,t,n){return c(""/api/nexus/admin/academy/questions/"".concat(encodeURIComponent(t)),e,{method:""PUT"",headers:{""Content-Type"":""application/json""},body:JSON.stringify(n)})}async function eQ(e,t){return c(""/api/nexus/admin/academy/questions/"".concat(encodeURIComponent(t)),e,{method:""DELETE""})}async function ej(e,t){let n=!(arguments.length>2)||void 0===arguments[2]||arguments[2];return c(""/api/nexus/admin/academy/courses/"".concat(encodeURIComponent(t),""/publish""),e,{method:""PUT"",headers:{""Content-Type"":""application/json""},body:JSON.stringify({published:n})})}async function eJ(e){var t;let n=await c(""/api/nexus/admin/academy/categories"",e);return null!=(t=null==n?void 0:n.categories)?t:[]}async function eL(e,t){return c(""/api/nexus/admin/academy/categories"",e,{method:""POST"",headers:{""Content-Type"":""application/json""},body:JSON.stringify(t)})}async function eq(e,t,n){return c(""/api/nexus/admin/academy/categories/"".concat(encodeURIComponent(t)),e,{method:""PUT"",headers:{""Content-Type"":""application/json""},body:JSON.stringify(n)})}async function e"
/api/nexus/admin/academy/categories,/Volumes/EAGET/SKYLIT_RE/bundles/4338-2835906ea9e42f40.js,32906,"aders:{""Content-Type"":""application/json""},body:JSON.stringify(n)})}async function eQ(e,t){return c(""/api/nexus/admin/academy/questions/"".concat(encodeURIComponent(t)),e,{method:""DELETE""})}async function ej(e,t){let n=!(arguments.length>2)||void 0===arguments[2]||arguments[2];return c(""/api/nexus/admin/academy/courses/"".concat(encodeURIComponent(t),""/publish""),e,{method:""PUT"",headers:{""Content-Type"":""application/json""},body:JSON.stringify({published:n})})}async function eJ(e){var t;let n=await c(""/api/nexus/admin/academy/categories"",e);return null!=(t=null==n?void 0:n.categories)?t:[]}async function eL(e,t){return c(""/api/nexus/admin/academy/categories"",e,{method:""POST"",headers:{""Content-Type"":""application/json""},body:JSON.stringify(t)})}async function eq(e,t,n){return c(""/api/nexus/admin/academy/categories/"".concat(encodeURIComponent(t)),e,{method:""PUT"",headers:{""Content-Type"":""application/json""},body:JSON.stringify(n)})}async function eM(e,t){return c(""/api/nexus/admin/academy/categories/"".concat(encodeURIComponent(t)),e,{method:""DELETE""})}async function eY(e,t){return c(""/api/nexus/admin/academy/courses/"".concat(encodeURIComponent(t)),e)}async function eG(e,t,n){return c(""/api/nexus/admin/academy/upload/presign"",e,{method:""POST"",headers:{""Content-Type"":""application/json""},body:JSON.stringify({filename:t,contentType:n})})}async function eV(e,t,n){return c(""/api/nexus/academy/courses/"".concat(encodeURIComponent(t),""/reviews""),e,{method:""POST"",headers:{""Content-Type"":""application/json""},body:JSON.stringify(n)})}a"
/api/nexus/admin/academy/categories/,/Volumes/EAGET/SKYLIT_RE/bundles/4338-2835906ea9e42f40.js,33187,"n c(""/api/nexus/admin/academy/courses/"".concat(encodeURIComponent(t),""/publish""),e,{method:""PUT"",headers:{""Content-Type"":""application/json""},body:JSON.stringify({published:n})})}async function eJ(e){var t;let n=await c(""/api/nexus/admin/academy/categories"",e);return null!=(t=null==n?void 0:n.categories)?t:[]}async function eL(e,t){return c(""/api/nexus/admin/academy/categories"",e,{method:""POST"",headers:{""Content-Type"":""application/json""},body:JSON.stringify(t)})}async function eq(e,t,n){return c(""/api/nexus/admin/academy/categories/"".concat(encodeURIComponent(t)),e,{method:""PUT"",headers:{""Content-Type"":""application/json""},body:JSON.stringify(n)})}async function eM(e,t){return c(""/api/nexus/admin/academy/categories/"".concat(encodeURIComponent(t)),e,{method:""DELETE""})}async function eY(e,t){return c(""/api/nexus/admin/academy/courses/"".concat(encodeURIComponent(t)),e)}async function eG(e,t,n){return c(""/api/nexus/admin/academy/upload/presign"",e,{method:""POST"",headers:{""Content-Type"":""application/json""},body:JSON.stringify({filename:t,contentType:n})})}async function eV(e,t,n){return c(""/api/nexus/academy/courses/"".concat(encodeURIComponent(t),""/reviews""),e,{method:""POST"",headers:{""Content-Type"":""application/json""},body:JSON.stringify(n)})}async function eH(e,t){return c(""/api/nexus/admin/academy/courses/"".concat(encodeURIComponent(t),""/reviews""),e)}async function ez(e){return c(""/api/nexus/copytrade/schema"",e)}async function eB(e,t){return c(""/api/nexus/copytrade/schema"",e,{method:""POST"",headers:{""Content-Type"":""appl"
/api/nexus/admin/academy/upload/presign,/Volumes/EAGET/SKYLIT_RE/bundles/4338-2835906ea9e42f40.js,33598,"ent-Type"":""application/json""},body:JSON.stringify(t)})}async function eq(e,t,n){return c(""/api/nexus/admin/academy/categories/"".concat(encodeURIComponent(t)),e,{method:""PUT"",headers:{""Content-Type"":""application/json""},body:JSON.stringify(n)})}async function eM(e,t){return c(""/api/nexus/admin/academy/categories/"".concat(encodeURIComponent(t)),e,{method:""DELETE""})}async function eY(e,t){return c(""/api/nexus/admin/academy/courses/"".concat(encodeURIComponent(t)),e)}async function eG(e,t,n){return c(""/api/nexus/admin/academy/upload/presign"",e,{method:""POST"",headers:{""Content-Type"":""application/json""},body:JSON.stringify({filename:t,contentType:n})})}async function eV(e,t,n){return c(""/api/nexus/academy/courses/"".concat(encodeURIComponent(t),""/reviews""),e,{method:""POST"",headers:{""Content-Type"":""application/json""},body:JSON.stringify(n)})}async function eH(e,t){return c(""/api/nexus/admin/academy/courses/"".concat(encodeURIComponent(t),""/reviews""),e)}async function ez(e){return c(""/api/nexus/copytrade/schema"",e)}async function eB(e,t){return c(""/api/nexus/copytrade/schema"",e,{method:""POST"",headers:{""Content-Type"":""application/json""},body:JSON.stringify(t)})}async function eF(e,t){return c(""/api/nexus/copytrade/schema"",e,{method:""PUT"",headers:{""Content-Type"":""application/json""},body:JSON.stringify(t)})}async function eK(e){return c(""/api/nexus/copytrade/schema/traders"",e)}async function eX(e,t){return c(""/api/nexus/copytrade/schema/traders"",e,{method:""POST"",headers:{""Content-Type"":""application/json""},body:JSON.stringify(t)})}"
/api/nexus/copytrade/schema,/Volumes/EAGET/SKYLIT_RE/bundles/4338-2835906ea9e42f40.js,34084,"t,n){return c(""/api/nexus/admin/academy/upload/presign"",e,{method:""POST"",headers:{""Content-Type"":""application/json""},body:JSON.stringify({filename:t,contentType:n})})}async function eV(e,t,n){return c(""/api/nexus/academy/courses/"".concat(encodeURIComponent(t),""/reviews""),e,{method:""POST"",headers:{""Content-Type"":""application/json""},body:JSON.stringify(n)})}async function eH(e,t){return c(""/api/nexus/admin/academy/courses/"".concat(encodeURIComponent(t),""/reviews""),e)}async function ez(e){return c(""/api/nexus/copytrade/schema"",e)}async function eB(e,t){return c(""/api/nexus/copytrade/schema"",e,{method:""POST"",headers:{""Content-Type"":""application/json""},body:JSON.stringify(t)})}async function eF(e,t){return c(""/api/nexus/copytrade/schema"",e,{method:""PUT"",headers:{""Content-Type"":""application/json""},body:JSON.stringify(t)})}async function eK(e){return c(""/api/nexus/copytrade/schema/traders"",e)}async function eX(e,t){return c(""/api/nexus/copytrade/schema/traders"",e,{method:""POST"",headers:{""Content-Type"":""application/json""},body:JSON.stringify(t)})}async function e$(e,t,n){return c(""/api/nexus/copytrade/schema/traders/"".concat(encodeURIComponent(t)),e,{method:""PUT"",headers:{""Content-Type"":""application/json""},body:JSON.stringify(n)})}async function eZ(e,t){return c(""/api/nexus/copytrade/schema/traders/"".concat(encodeURIComponent(t)),e,{method:""DELETE""})}async function eW(e,t){let n=new URLSearchParams;(null==t?void 0:t.status)&&n.append(""status"",t.status),(null==t?void 0:t.limit)!==void 0&&n.append(""limit"",t.limit."
/api/nexus/copytrade/schema/traders,/Volumes/EAGET/SKYLIT_RE/bundles/4338-2835906ea9e42f40.js,34442,"async function eH(e,t){return c(""/api/nexus/admin/academy/courses/"".concat(encodeURIComponent(t),""/reviews""),e)}async function ez(e){return c(""/api/nexus/copytrade/schema"",e)}async function eB(e,t){return c(""/api/nexus/copytrade/schema"",e,{method:""POST"",headers:{""Content-Type"":""application/json""},body:JSON.stringify(t)})}async function eF(e,t){return c(""/api/nexus/copytrade/schema"",e,{method:""PUT"",headers:{""Content-Type"":""application/json""},body:JSON.stringify(t)})}async function eK(e){return c(""/api/nexus/copytrade/schema/traders"",e)}async function eX(e,t){return c(""/api/nexus/copytrade/schema/traders"",e,{method:""POST"",headers:{""Content-Type"":""application/json""},body:JSON.stringify(t)})}async function e$(e,t,n){return c(""/api/nexus/copytrade/schema/traders/"".concat(encodeURIComponent(t)),e,{method:""PUT"",headers:{""Content-Type"":""application/json""},body:JSON.stringify(n)})}async function eZ(e,t){return c(""/api/nexus/copytrade/schema/traders/"".concat(encodeURIComponent(t)),e,{method:""DELETE""})}async function eW(e,t){let n=new URLSearchParams;(null==t?void 0:t.status)&&n.append(""status"",t.status),(null==t?void 0:t.limit)!==void 0&&n.append(""limit"",t.limit.toString()),(null==t?void 0:t.offset)!==void 0&&n.append(""offset"",t.offset.toString());let a=n.toString();return c(""/api/nexus/copytrade/executions"".concat(a?""?"".concat(a):""""),e)}async function e0(e,t){return c(""/api/nexus/copytrade/executions/"".concat(encodeURIComponent(t),""/timeline""),e)}async function e1(e,t){return c(""/api/nexus/copytrade/executions/"".concat(e"
/api/nexus/copytrade/schema/traders/,/Volumes/EAGET/SKYLIT_RE/bundles/4338-2835906ea9e42f40.js,34673,"hema"",e,{method:""POST"",headers:{""Content-Type"":""application/json""},body:JSON.stringify(t)})}async function eF(e,t){return c(""/api/nexus/copytrade/schema"",e,{method:""PUT"",headers:{""Content-Type"":""application/json""},body:JSON.stringify(t)})}async function eK(e){return c(""/api/nexus/copytrade/schema/traders"",e)}async function eX(e,t){return c(""/api/nexus/copytrade/schema/traders"",e,{method:""POST"",headers:{""Content-Type"":""application/json""},body:JSON.stringify(t)})}async function e$(e,t,n){return c(""/api/nexus/copytrade/schema/traders/"".concat(encodeURIComponent(t)),e,{method:""PUT"",headers:{""Content-Type"":""application/json""},body:JSON.stringify(n)})}async function eZ(e,t){return c(""/api/nexus/copytrade/schema/traders/"".concat(encodeURIComponent(t)),e,{method:""DELETE""})}async function eW(e,t){let n=new URLSearchParams;(null==t?void 0:t.status)&&n.append(""status"",t.status),(null==t?void 0:t.limit)!==void 0&&n.append(""limit"",t.limit.toString()),(null==t?void 0:t.offset)!==void 0&&n.append(""offset"",t.offset.toString());let a=n.toString();return c(""/api/nexus/copytrade/executions"".concat(a?""?"".concat(a):""""),e)}async function e0(e,t){return c(""/api/nexus/copytrade/executions/"".concat(encodeURIComponent(t),""/timeline""),e)}async function e1(e,t){return c(""/api/nexus/copytrade/executions/"".concat(encodeURIComponent(t),""/approve""),e,{method:""POST""})}async function e2(e,t){return c(""/api/nexus/copytrade/executions/"".concat(encodeURIComponent(t),""/reject""),e,{method:""POST""})}async function e5(e,t){return c(""/api/nexus/copytrade/"
/api/nexus/copytrade/executions,/Volumes/EAGET/SKYLIT_RE/bundles/4338-2835906ea9e42f40.js,35228,"Component(t)),e,{method:""PUT"",headers:{""Content-Type"":""application/json""},body:JSON.stringify(n)})}async function eZ(e,t){return c(""/api/nexus/copytrade/schema/traders/"".concat(encodeURIComponent(t)),e,{method:""DELETE""})}async function eW(e,t){let n=new URLSearchParams;(null==t?void 0:t.status)&&n.append(""status"",t.status),(null==t?void 0:t.limit)!==void 0&&n.append(""limit"",t.limit.toString()),(null==t?void 0:t.offset)!==void 0&&n.append(""offset"",t.offset.toString());let a=n.toString();return c(""/api/nexus/copytrade/executions"".concat(a?""?"".concat(a):""""),e)}async function e0(e,t){return c(""/api/nexus/copytrade/executions/"".concat(encodeURIComponent(t),""/timeline""),e)}async function e1(e,t){return c(""/api/nexus/copytrade/executions/"".concat(encodeURIComponent(t),""/approve""),e,{method:""POST""})}async function e2(e,t){return c(""/api/nexus/copytrade/executions/"".concat(encodeURIComponent(t),""/reject""),e,{method:""POST""})}async function e5(e,t){return c(""/api/nexus/copytrade/executions/"".concat(encodeURIComponent(t),""/detach""),e,{method:""POST""})}async function e8(e){return c(""/api/nexus/copytrade/schema/kill"",e,{method:""POST""})}}}]);"
/api/nexus/copytrade/executions/,/Volumes/EAGET/SKYLIT_RE/bundles/4338-2835906ea9e42f40.js,35324,"})}async function eZ(e,t){return c(""/api/nexus/copytrade/schema/traders/"".concat(encodeURIComponent(t)),e,{method:""DELETE""})}async function eW(e,t){let n=new URLSearchParams;(null==t?void 0:t.status)&&n.append(""status"",t.status),(null==t?void 0:t.limit)!==void 0&&n.append(""limit"",t.limit.toString()),(null==t?void 0:t.offset)!==void 0&&n.append(""offset"",t.offset.toString());let a=n.toString();return c(""/api/nexus/copytrade/executions"".concat(a?""?"".concat(a):""""),e)}async function e0(e,t){return c(""/api/nexus/copytrade/executions/"".concat(encodeURIComponent(t),""/timeline""),e)}async function e1(e,t){return c(""/api/nexus/copytrade/executions/"".concat(encodeURIComponent(t),""/approve""),e,{method:""POST""})}async function e2(e,t){return c(""/api/nexus/copytrade/executions/"".concat(encodeURIComponent(t),""/reject""),e,{method:""POST""})}async function e5(e,t){return c(""/api/nexus/copytrade/executions/"".concat(encodeURIComponent(t),""/detach""),e,{method:""POST""})}async function e8(e){return c(""/api/nexus/copytrade/schema/kill"",e,{method:""POST""})}}}]);"
/api/nexus/copytrade/schema/kill,/Volumes/EAGET/SKYLIT_RE/bundles/4338-2835906ea9e42f40.js,35813,"){return c(""/api/nexus/copytrade/executions/"".concat(encodeURIComponent(t),""/timeline""),e)}async function e1(e,t){return c(""/api/nexus/copytrade/executions/"".concat(encodeURIComponent(t),""/approve""),e,{method:""POST""})}async function e2(e,t){return c(""/api/nexus/copytrade/executions/"".concat(encodeURIComponent(t),""/reject""),e,{method:""POST""})}async function e5(e,t){return c(""/api/nexus/copytrade/executions/"".concat(encodeURIComponent(t),""/detach""),e,{method:""POST""})}async function e8(e){return c(""/api/nexus/copytrade/schema/kill"",e,{method:""POST""})}}}]);"
/api/stages,/Volumes/EAGET/SKYLIT_RE/bundles/6696-f35cc60e1a8df3cf.js,13622,":()=>i,D1:()=>U,Eh:()=>er,Gi:()=>ee,I_:()=>Y,Ic:()=>Z,J:()=>S,Ku:()=>p,LK:()=>N,Nx:()=>d,OE:()=>f,Oo:()=>W,Pv:()=>$,QJ:()=>J,Qy:()=>y,Rx:()=>eu,Wu:()=>et,XC:()=>u,Xi:()=>b,Xp:()=>D,Yt:()=>M,Yv:()=>h,Z1:()=>V,ZG:()=>O,Zx:()=>G,_B:()=>ei,_e:()=>B,aU:()=>eo,az:()=>A,b9:()=>ec,cj:()=>a,cl:()=>x,d9:()=>I,dc:()=>j,en:()=>_,fq:()=>m,h2:()=>z,hl:()=>w,i1:()=>en,j_:()=>C,jk:()=>q,jq:()=>ea,kJ:()=>H,m5:()=>K,m9:()=>P,nP:()=>s,pV:()=>R,sY:()=>Q,tj:()=>X,tv:()=>g,u5:()=>F,v6:()=>E,xS:()=>l,yC:()=>L});let o=""/api/stages"";class a extends Error{constructor(e,t){super(e),this.name=""StagesAPIError"",this.status=t}}async function r(e,t){let n,o=arguments.length>2&&void 0!==arguments[2]?arguments[2]:{},r=new Headers(o.headers);if(t)try{let e=await t();e&&r.set(""Authorization"",""Bearer "".concat(e))}catch(e){console.warn(""[Stages API] Failed to get Clerk token:"",e)}let{body:c,...i}=o,u={...i,headers:r};void 0!==c&&(r.set(""Content-Type"",""application/json""),u.body=""string""==typeof c?c:JSON.stringify(c));try{n=await fetch(e,u)}catch(e){throw new a(""Network error: "".concat(e instanceof Error?e.message:""Unknown error""),0)}if(!n.ok){let e=""HTTP "".concat(n.status,"": "").concat(n.statusText);try{let t=await n.json();e=t.code||t.message||t.error||e}catch(e){}throw new a(e,n.status)}if(204!==n.status)return await n.json()}function c(e,t){let n=arguments.length>2&&void 0!==arguments[2]?arguments[2]:{};return r("""".concat(o).concat(e),t,n)}async function i(e,t){let n=t?""?status="".concat(encodeURIComponent(t)):"""",o=await c("""""
/api/users/,/Volumes/EAGET/SKYLIT_RE/bundles/6696-f35cc60e1a8df3cf.js,18964,"rn c(""/"".concat(t,""/clips""),e,{method:""POST"",body:n})}function $(e,t){return c(""/"".concat(t,""/polls""),e)}function ee(e,t,n){return c(""/"".concat(t,""/polls""),e,{method:""POST"",body:n})}function et(e,t,n,o){return c(""/"".concat(t,""/polls/"").concat(n,""/vote""),e,{method:""POST"",body:{option_index:o}})}function en(e,t,n){return c(""/"".concat(t,""/polls/"").concat(n,""/close""),e,{method:""POST""})}function eo(e,t,n){return c(""/"".concat(t,""/reactions""),e,{method:""POST"",body:{emoji:n}})}function ea(e,t){return r(""/api/users/"".concat(t,""/track-record""),e)}function er(e,t,n){return c(""/"".concat(t,""/tidbits/"").concat(n,""/copy""),e,{method:""POST""})}async function ec(e,t){try{return await c(""/"".concat(t,""/catch-me-up""),e)}catch(e){if(e instanceof a&&404===e.status)return{summary:""""};throw e}}function ei(e,t){return c(""/"".concat(t,""/catch-me-up""),e,{method:""POST""})}function eu(e,t,n){return c(""/"".concat(t,""/transcript?q="").concat(encodeURIComponent(n)),e)}function es(e,t){return"""".concat(o,""/"").concat(e,""/stream?token="").concat(encodeURIComponent(t))}},78014:(e,t,n)=>{n.d(t,{PP:()=>r,Q9:()=>a,Wc:()=>c});var o=n(93094);let a={adaptiveStream:{pixelDensity:""screen""},dynacast:!0,videoCaptureDefaults:{resolution:o.gF.h1440.resolution},audioCaptureDefaults:{autoGainControl:!0,echoCancellation:!0,noiseSuppression:!0},publishDefaults:{simulcast:!0,videoSimulcastLayers:[o.gF.h360,o.gF.h720],screenShareEncoding:{maxBitrate:16e6,maxFramerate:30,priority:""high""},screenShareSimulcastLayers:[o.G0.h360fps3,new o.B9(1920,1080,45"
/flow/live?,/Volumes/EAGET/SKYLIT_RE/bundles_pass2/_next__static__chunks__9832-3e591358ebdb25b9.js,166700,"):r})(i,(e=>{let t=window.location.origin,l=new URLSearchParams;l.set(""tickers"",e.ticker.toUpperCase()),l.set(""type"",""C""===e.right?""call"":""put""),l.set(""strike_min"",String(e.strike)),l.set(""strike_max"",String(e.strike));let r=(e=>{if(/^\d{4}-\d{2}-\d{2}$/.test(e))return e;let t=e.split(""/"");if(3!==t.length)return e;let[l,r,n]=t,i=2===n.length?""20"".concat(n):n;return"""".concat(i,""-"").concat(l.padStart(2,""0""),""-"").concat(r.padStart(2,""0""))})(e.expiration);return r&&l.set(""expiration"",r),"""".concat(t,""/flow/live?"").concat(l.toString())})({ticker:ei,strike:es,right:ea,expiration:eo})):i;await (0,y.Nh)(e,l,{ticker:ei,strike:es,right:ea,expiration:eo,premium:eg,sentiment:ef},s,lY),G.oR.success(""Shared to "".concat(t))}catch(e){G.oR.error(e instanceof Error?e.message:""Failed to share chart"")}finally{l1(!1)}}},[np,ei,es,ea,eo,eg,ef,lY,l0,l5,l6,l3,na,lX,l7]);if(!t)return null;let nh=ev?""w-full max-h-[calc(100vh-120px)] flex flex-col rounded-xl overflow-y-auto scrollbar-hide"":eN?""w-full h-full flex flex-col overflow-y-auto overscroll-contain"":""w-[95%] max-w-[1600px] max-h-[calc(var(--visual-vh,100vh)*0.9)] flex flex-col rounded-xl overflow-y-auto scrollbar-hide"",ng=ev?{border:""1px solid "".concat(ez),borderRadius:""12px"",boxShadow:e_?""0 4px 16px rgba(0,0,0,0.3)"":""0 4px 16px rgba(0,0,0,0.08)""}:eN?{border:""none"",borderRadius:""0"",boxShadow:""none""}:{border:""1px solid "".concat(ez),borderRadius:""12px"",boxShadow:eW},nf=(0,r.jsxs)(""div"",{ref:rn,className:nh,style:{backgroundColor:eT,backdropFilter:""blur(24px) sa"
/flow/settings?tab=discord,/Volumes/EAGET/SKYLIT_RE/bundles_pass2/_next__static__chunks__9832-3e591358ebdb25b9.js,176552,"0.1)"":""rgba(0,0,0,0.1)""),boxShadow:e_?""0 8px 32px rgba(0,0,0,0.5)"":""0 8px 32px rgba(0,0,0,0.15)"",backdropFilter:""blur(12px)""},onClick:e=>e.stopPropagation(),children:0===lX.length?(0,r.jsxs)(""div"",{className:""px-3 py-3 text-center"",children:[(0,r.jsx)(T.A,{size:20,style:{margin:""0 auto 8px"",color:eC.textMuted,opacity:.5}}),(0,r.jsx)(""p"",{style:{fontSize:""11px"",fontFamily:""'Inter', sans-serif"",color:eC.textMuted,margin:""0 0 8px 0""},children:""No Discord channels configured""}),(0,r.jsxs)(""a"",{href:""/flow/settings?tab=discord"",target:""_blank"",rel:""noopener noreferrer"",className:""inline-flex items-center gap-1 text-xs transition-colors"",style:{color:e_?""#818cf8"":""#6366f1"",fontFamily:""'Inter', sans-serif""},children:[(0,r.jsx)(z.A,{size:12}),""Set up in Settings""]})]}):(0,r.jsxs)(r.Fragment,{children:[(0,r.jsxs)(""div"",{className:""px-3 py-2"",style:{borderBottom:""1px solid "".concat(e_?""rgba(255,255,255,0.06)"":""rgba(0,0,0,0.06)"")},children:[(0,r.jsxs)(""div"",{className:""flex items-center justify-between"",children:[(0,r.jsx)(""p"",{style:{fontSize:""10px"",fontFamily:""'Inter', sans-serif"",color:eC.textMuted,textTransform:""uppercase"",letterSpacing:""0.05em"",margin:0},children:""Share to Discord""}),(0,r.jsx)(""div"",{className:""flex items-center rounded"",style:{border:""1px solid "".concat(e_?""rgba(255,255,255,0.1)"":""rgba(0,0,0,0.1)""),overflow:""hidden""},children:[""auto"",""manual""].map(e=>(0,r.jsx)(""button"",{onClick:()=>nu(e),style:{padding:""2px 8px"",fontSize:""9px"",fontFamily:""'Inter', sans-serif"",fontWeight:500,textTransform:""up"
/api/stream?symbol=,/Volumes/EAGET/SKYLIT_RE/bundles_pass2/_next__static__chunks__2501-547c53e2053a1b35.js,3751,",F=(0,t.useCallback)(async()=>{if(!a||!n)return;P();let e=new AbortController;C.current=e;let t=()=>{var e;return null!=(e=b.current)?e:i.l.heatmap.data(a,""netGamma"",m)};try{let n,r=await (0,o.ML)(w,e.signal);if(e.signal.aborted)return;if(r)n=""ticket="".concat(encodeURIComponent(r));else{let a=await w();if(e.signal.aborted)return;if(!a)return void y(e=>({...e,connected:!1,error:""Authentication required""}));n=""token="".concat(a)}let l=null!=f?f:500,i=m||50,d=""both""!==p?""&data_type="".concat(p):"""",h=""/api/stream?symbol="".concat(encodeURIComponent((0,s.ee)(a)),""&"").concat(n,""&max_strikes="").concat(l,""&max_expirations="").concat(i).concat(d);console.log(""[SSE] Connecting to:"",h);let v=new EventSource(h);S.current=v;let C=()=>{y({connected:!0,error:null,reconnectAttempts:0})},b=e=>{};if(k.current.onOpen=C,k.current.onConnected=b,v.onopen=C,v.addEventListener(""connected"",b),g){let e=e=>{let a=JSON.parse(e.data);if(a.data){let{gammaData:e}=D(a.data);T.setQueryData(t(),e)}else T.invalidateQueries({queryKey:t(),exact:!0})};k.current.onInitialData=e,v.addEventListener(""initial_data"",e);let n={},r=e=>{let r=JSON.parse(e.data);if(_.current=new Date,r.data){let e=r.data.timestamp;if(e&&n[a]===e)return;n[a]=e;let{gammaData:l}=D(r.data);T.setQueryData(t(),l)}else T.invalidateQueries({queryKey:t(),exact:!0});x.current&&x.current()};k.current.onSnapshotUpdate=r,v.addEventListener(""snapshot_update"",r);let l=e=>{let a,n,r=JSON.parse(e.data).price,l=T.getQueryData(t());(null==l?void 0:l.currentSpot)!==r&&((null==l?void "
/api/screener/daily,/Volumes/EAGET/SKYLIT_RE/bundles_pass2/_next__static__chunks__7187-dbf517257821735b.js,9396,",void 0!==t.maxContractSkewPct&&e.append(""max_contract_skew_pct"",t.maxContractSkewPct.toString()),!1===t.showStocks&&e.append(""show_stocks"",""false""),!1===t.showEtf&&e.append(""show_etf"",""false""),!1===t.showIndices&&e.append(""show_indices"",""false""),t.expiration&&e.append(""expiration"",t.expiration),void 0!==t.cursorPremium&&void 0!==t.cursorSymbol&&(e.append(""cursor_premium"",t.cursorPremium.toString()),e.append(""cursor_symbol"",t.cursorSymbol)),e}async function c(t,e){let n=r(t).toString();return o(""/api/screener/daily"".concat(n?""?"".concat(n):""""),e)}function s(t){var e,n,i;let a=null!=(e=t.ask_skew_pct)?e:(()=>{var e,n,i;let a=(null!=(e=t.below_ask_volume)?e:0)+(null!=(n=t.ask_volume)?n:0)+(null!=(i=t.above_ask_volume)?i:0),o=t.weekly_volume||0;return o>0?a/o*100:0})();return{last_trade_time:t.last_trade_time,raw_symbol:t.raw_symbol,ticker:t.ticker,expiration:t.expiration,strike:t.strike,right:t.right,dte:t.dte,stock_price:t.stock_price,otm_pct:null!=(n=t.otm_pct)?n:0,avg_price:t.avg_price,last_price:t.last_price,chg_pct:t.week_chg_pct,chg_pct_age:t.week_chg_pct_age,volume:t.weekly_volume,premium:t.weekly_premium,oi:t.oi,oi_change:t.oi_change,iv:t.iv,last_best_bid:t.last_best_bid,last_best_ask:t.last_best_ask,below_bid_volume:t.below_bid_volume,bid_volume:t.bid_volume,above_bid_volume:t.above_bid_volume,mid_volume:t.mid_volume,below_ask_volume:t.below_ask_volume,ask_volume:t.ask_volume,above_ask_volume:t.above_ask_volume,no_side_volume:t.no_side_volume,bid_skew_pct:t.bid_skew_pct,ask_skew_pct:a,bull_"
/api/screener/weekly,/Volumes/EAGET/SKYLIT_RE/bundles_pass2/_next__static__chunks__7187-dbf517257821735b.js,10936,"_pct:t.bear_pct,neutral_pct:t.neutral_pct,sweep_volume:t.sweep_volume,is_sweep:t.is_sweep,multi_leg_volume:t.multi_leg_volume,multi_pct:t.multi_pct,chain_total_volume:t.chain_total_volume,chain_bid_pct:t.chain_bid_pct,chain_ask_pct:t.chain_ask_pct,chain_bull_pct:t.chain_bull_pct,chain_bear_pct:t.chain_bear_pct,chain_neutral_pct:t.chain_neutral_pct,total_pct:null!=(i=t.total_pct)?i:0,trade_count:t.trade_count,earnings_dte:t.earnings_dte}}async function l(t,e){let n=r(t).toString();return(await o(""/api/screener/weekly"".concat(n?""?"".concat(n):""""),e)).map(s)}function m(t,e){let n=arguments.length>2&&void 0!==arguments[2]?arguments[2]:""daily"";return""weekly""===n?l(t,e):c(t,e)}async function d(t,e,n){let i=arguments.length>3&&void 0!==arguments[3]&&arguments[3],a=arguments.length>4?arguments[4]:void 0,r=arguments.length>5&&void 0!==arguments[5]&&arguments[5],c=arguments.length>6?arguments[6]:void 0,s=arguments.length>7?arguments[7]:void 0,l=new URLSearchParams({interval:e,bucket:n});return i&&l.append(""rvol"",""true""),a&&l.append(""date"",a),r&&l.append(""exclude_multi_leg"",""true""),o(""/api/contract/"".concat(t,""/intraday?"").concat(l),c,s?{signal:s}:{})}function u(t,e,n,i){let a=e.replace(/-/g,"""").slice(2),o=String(Math.round(1e3*i)).padStart(8,""0"");return"""".concat(t,""__"").concat(a).concat(n).concat(o)}async function p(t,e,n,i){let a=new URLSearchParams;e&&a.set(""date"",e);let r=a.toString();return o(""/api/contract/"".concat(t,""/metrics"").concat(r?""?"".concat(r):""""),n,i?{signal:i}:{})}async function _(t,e,n,i){ret"
/api/contract/,/Volumes/EAGET/SKYLIT_RE/bundles_pass2/_next__static__chunks__7187-dbf517257821735b.js,11525,"nts.length>2&&void 0!==arguments[2]?arguments[2]:""daily"";return""weekly""===n?l(t,e):c(t,e)}async function d(t,e,n){let i=arguments.length>3&&void 0!==arguments[3]&&arguments[3],a=arguments.length>4?arguments[4]:void 0,r=arguments.length>5&&void 0!==arguments[5]&&arguments[5],c=arguments.length>6?arguments[6]:void 0,s=arguments.length>7?arguments[7]:void 0,l=new URLSearchParams({interval:e,bucket:n});return i&&l.append(""rvol"",""true""),a&&l.append(""date"",a),r&&l.append(""exclude_multi_leg"",""true""),o(""/api/contract/"".concat(t,""/intraday?"").concat(l),c,s?{signal:s}:{})}function u(t,e,n,i){let a=e.replace(/-/g,"""").slice(2),o=String(Math.round(1e3*i)).padStart(8,""0"");return"""".concat(t,""__"").concat(a).concat(n).concat(o)}async function p(t,e,n,i){let a=new URLSearchParams;e&&a.set(""date"",e);let r=a.toString();return o(""/api/contract/"".concat(t,""/metrics"").concat(r?""?"".concat(r):""""),n,i?{signal:i}:{})}async function _(t,e,n,i){return o(""/api/contract/"".concat(t,""/since-fill?from_ts="").concat(e),n,i?{signal:i}:{})}async function g(t,e,n,i,a){return o(""/api/contract/"".concat(t,""/trades?start="").concat(e,""&end="").concat(n),i,a?{signal:a}:{})}async function v(t,e,n,i,a){if(a)return o(""/api/contract/"".concat(t,""/history?limit="").concat(a.limit,""&offset="").concat(a.offset),n);if(i){let a=new Date(new Date(i+""T00:00:00Z""));a.setUTCDate(a.getUTCDate()-Math.ceil(1.5*e));let r=a.toISOString().slice(0,10);return o(""/api/contract/"".concat(t,""/history?start_date="").concat(r,""&end_date="").concat(i),n)}return o(""/api"
/api/contracts/lookup?,/Volumes/EAGET/SKYLIT_RE/bundles_pass2/_next__static__chunks__7187-dbf517257821735b.js,12813,"t a=new Date(new Date(i+""T00:00:00Z""));a.setUTCDate(a.getUTCDate()-Math.ceil(1.5*e));let r=a.toISOString().slice(0,10);return o(""/api/contract/"".concat(t,""/history?start_date="").concat(r,""&end_date="").concat(i),n)}return o(""/api/contract/"".concat(t,""/history?days="").concat(e),n)}async function h(t){let e=arguments.length>1&&void 0!==arguments[1]?arguments[1]:20,n=arguments.length>2?arguments[2]:void 0,i=arguments.length>3?arguments[3]:void 0,a=new URLSearchParams({q:t,limit:String(e)});return o(""/api/contracts/lookup?"".concat(a),n,i?{signal:i}:{})}async function S(t,e,n){let i=new URLSearchParams({ticker:t});return o(""/api/contracts/chain?"".concat(i),e,n?{signal:n}:{})}async function w(t,e){let n=arguments.length>2&&void 0!==arguments[2]?arguments[2]:15,i=arguments.length>3?arguments[3]:void 0,a=arguments.length>4&&void 0!==arguments[4]&&arguments[4],r=arguments.length>5&&void 0!==arguments[5]?arguments[5]:1,c=new URLSearchParams({ticker:t,limit:String(n)});return a&&c.set(""single_leg_only"",""true""),r>1&&c.set(""days"",String(r)),o(""/api/contracts/top?"".concat(c),e,i?{signal:i}:{})}async function y(t,e,n){let i=arguments.length>3&&void 0!==arguments[3]&&arguments[3],a=arguments.length>4?arguments[4]:void 0,r=arguments.length>5&&void 0!==arguments[5]&&arguments[5],c=arguments.length>6?arguments[6]:void 0,s=arguments.length>7?arguments[7]:void 0,l=new URLSearchParams({interval:e,bucket:n});return i&&l.append(""rvol"",""true""),a&&l.append(""date"",a),r&&l.append(""exclude_multi_leg"",""true""),o(""/api/underlying/"""
/api/contracts/chain?,/Volumes/EAGET/SKYLIT_RE/bundles_pass2/_next__static__chunks__7187-dbf517257821735b.js,12938," o(""/api/contract/"".concat(t,""/history?start_date="").concat(r,""&end_date="").concat(i),n)}return o(""/api/contract/"".concat(t,""/history?days="").concat(e),n)}async function h(t){let e=arguments.length>1&&void 0!==arguments[1]?arguments[1]:20,n=arguments.length>2?arguments[2]:void 0,i=arguments.length>3?arguments[3]:void 0,a=new URLSearchParams({q:t,limit:String(e)});return o(""/api/contracts/lookup?"".concat(a),n,i?{signal:i}:{})}async function S(t,e,n){let i=new URLSearchParams({ticker:t});return o(""/api/contracts/chain?"".concat(i),e,n?{signal:n}:{})}async function w(t,e){let n=arguments.length>2&&void 0!==arguments[2]?arguments[2]:15,i=arguments.length>3?arguments[3]:void 0,a=arguments.length>4&&void 0!==arguments[4]&&arguments[4],r=arguments.length>5&&void 0!==arguments[5]?arguments[5]:1,c=new URLSearchParams({ticker:t,limit:String(n)});return a&&c.set(""single_leg_only"",""true""),r>1&&c.set(""days"",String(r)),o(""/api/contracts/top?"".concat(c),e,i?{signal:i}:{})}async function y(t,e,n){let i=arguments.length>3&&void 0!==arguments[3]&&arguments[3],a=arguments.length>4?arguments[4]:void 0,r=arguments.length>5&&void 0!==arguments[5]&&arguments[5],c=arguments.length>6?arguments[6]:void 0,s=arguments.length>7?arguments[7]:void 0,l=new URLSearchParams({interval:e,bucket:n});return i&&l.append(""rvol"",""true""),a&&l.append(""date"",a),r&&l.append(""exclude_multi_leg"",""true""),o(""/api/underlying/"".concat(t,""/intraday?"").concat(l),c,s?{signal:s}:{})}async function f(t,e,n,i){let a=new URLSearchParams;e&&a.set(""date"",e);"
/api/contracts/top?,/Volumes/EAGET/SKYLIT_RE/bundles_pass2/_next__static__chunks__7187-dbf517257821735b.js,13358,"l:i}:{})}async function S(t,e,n){let i=new URLSearchParams({ticker:t});return o(""/api/contracts/chain?"".concat(i),e,n?{signal:n}:{})}async function w(t,e){let n=arguments.length>2&&void 0!==arguments[2]?arguments[2]:15,i=arguments.length>3?arguments[3]:void 0,a=arguments.length>4&&void 0!==arguments[4]&&arguments[4],r=arguments.length>5&&void 0!==arguments[5]?arguments[5]:1,c=new URLSearchParams({ticker:t,limit:String(n)});return a&&c.set(""single_leg_only"",""true""),r>1&&c.set(""days"",String(r)),o(""/api/contracts/top?"".concat(c),e,i?{signal:i}:{})}async function y(t,e,n){let i=arguments.length>3&&void 0!==arguments[3]&&arguments[3],a=arguments.length>4?arguments[4]:void 0,r=arguments.length>5&&void 0!==arguments[5]&&arguments[5],c=arguments.length>6?arguments[6]:void 0,s=arguments.length>7?arguments[7]:void 0,l=new URLSearchParams({interval:e,bucket:n});return i&&l.append(""rvol"",""true""),a&&l.append(""date"",a),r&&l.append(""exclude_multi_leg"",""true""),o(""/api/underlying/"".concat(t,""/intraday?"").concat(l),c,s?{signal:s}:{})}async function f(t,e,n,i){let a=new URLSearchParams;e&&a.set(""date"",e);let r=a.toString();return o(""/api/underlying/"".concat(t,""/metrics"").concat(r?""?"".concat(r):""""),n,i?{signal:i}:{})}async function k(){let t=arguments.length>0&&void 0!==arguments[0]?arguments[0]:{},e=arguments.length>1?arguments[1]:void 0,n=arguments.length>2?arguments[2]:void 0,i=new URLSearchParams;null!=t.days&&i.set(""days"",String(t.days)),null!=t.limit&&i.set(""limit"",String(t.limit)),null!=t.minPremium&&i.set(""m"
/api/underlying/,/Volumes/EAGET/SKYLIT_RE/bundles_pass2/_next__static__chunks__7187-dbf517257821735b.js,13819,"""true""),r>1&&c.set(""days"",String(r)),o(""/api/contracts/top?"".concat(c),e,i?{signal:i}:{})}async function y(t,e,n){let i=arguments.length>3&&void 0!==arguments[3]&&arguments[3],a=arguments.length>4?arguments[4]:void 0,r=arguments.length>5&&void 0!==arguments[5]&&arguments[5],c=arguments.length>6?arguments[6]:void 0,s=arguments.length>7?arguments[7]:void 0,l=new URLSearchParams({interval:e,bucket:n});return i&&l.append(""rvol"",""true""),a&&l.append(""date"",a),r&&l.append(""exclude_multi_leg"",""true""),o(""/api/underlying/"".concat(t,""/intraday?"").concat(l),c,s?{signal:s}:{})}async function f(t,e,n,i){let a=new URLSearchParams;e&&a.set(""date"",e);let r=a.toString();return o(""/api/underlying/"".concat(t,""/metrics"").concat(r?""?"".concat(r):""""),n,i?{signal:i}:{})}async function k(){let t=arguments.length>0&&void 0!==arguments[0]?arguments[0]:{},e=arguments.length>1?arguments[1]:void 0,n=arguments.length>2?arguments[2]:void 0,i=new URLSearchParams;null!=t.days&&i.set(""days"",String(t.days)),null!=t.limit&&i.set(""limit"",String(t.limit)),null!=t.minPremium&&i.set(""min_premium"",String(t.minPremium));let a=i.toString()?""?"".concat(i.toString()):"""";return o(""/api/calendar/earnings"".concat(a),e,n?{signal:n}:{})}async function x(t,e,n,i,a,r){var c;let s=new URLSearchParams({start:String(e),end:String(n)});return(null==r?void 0:r.excludeMultiLeg)&&s.set(""exclude_multi_leg"",""true""),(null==r?void 0:r.moneyness)&&s.set(""moneyness"",r.moneyness),(null==r?void 0:r.minDte)!=null&&s.set(""min_dte"",String(r.minDte)),(null==r?void 0"
/api/calendar/earnings,/Volumes/EAGET/SKYLIT_RE/bundles_pass2/_next__static__chunks__7187-dbf517257821735b.js,14469,"toString();return o(""/api/underlying/"".concat(t,""/metrics"").concat(r?""?"".concat(r):""""),n,i?{signal:i}:{})}async function k(){let t=arguments.length>0&&void 0!==arguments[0]?arguments[0]:{},e=arguments.length>1?arguments[1]:void 0,n=arguments.length>2?arguments[2]:void 0,i=new URLSearchParams;null!=t.days&&i.set(""days"",String(t.days)),null!=t.limit&&i.set(""limit"",String(t.limit)),null!=t.minPremium&&i.set(""min_premium"",String(t.minPremium));let a=i.toString()?""?"".concat(i.toString()):"""";return o(""/api/calendar/earnings"".concat(a),e,n?{signal:n}:{})}async function x(t,e,n,i,a,r){var c;let s=new URLSearchParams({start:String(e),end:String(n)});return(null==r?void 0:r.excludeMultiLeg)&&s.set(""exclude_multi_leg"",""true""),(null==r?void 0:r.moneyness)&&s.set(""moneyness"",r.moneyness),(null==r?void 0:r.minDte)!=null&&s.set(""min_dte"",String(r.minDte)),(null==r?void 0:r.maxDte)!=null&&s.set(""max_dte"",String(r.maxDte)),(null==r?void 0:r.minPremium)!=null&&s.set(""min_premium"",String(r.minPremium)),s.set(""limit"",String(null!=(c=null==r?void 0:r.limit)?c:500)),o(""/api/underlying/"".concat(t,""/trades?"").concat(s),i,a?{signal:a}:{})}async function P(t,e,n,i,a,r,c){let s=new URLSearchParams({start:String(e),end:String(n),bucket:i});return(null==a?void 0:a.singleLegOnly)&&s.set(""single_leg_only"",""true""),(null==a?void 0:a.multiLegOnly)&&s.set(""multi_leg_only"",""true""),(null==a?void 0:a.moneyness)&&s.set(""moneyness"",a.moneyness),(null==a?void 0:a.showItm)===!1&&s.set(""show_itm"",""false""),(null==a?void 0:a.showAtm)===!1&&s.s"
/api/opra-agreement,/Volumes/EAGET/SKYLIT_RE/bundles_pass2/_next__static__chunks__7187-dbf517257821735b.js,18566,"cat(t,""/distribution?"").concat(r),i)}async function U(t,e,n,i,a,r){let c=new URLSearchParams({interval:n});return i&&""all""!==i&&c.append(""dte_filter"",i),r&&c.append(""date"",r),o(""/api/underlying/"".concat(t,""/strike/"").concat(e,""/expirations?"").concat(c),a)}async function O(t,e,n,i,a,r){let c=new URLSearchParams({interval:e});return n&&c.append(""date"",n),i&&c.append(""exclude_multi_leg"",""true""),o(""/api/underlying/"".concat(t,""/net-premium?"").concat(c),a,r?{signal:r}:{})}async function R(t){return o(""/api/opra-agreement"",t)}async function L(t,e){return o(""/api/opra-agreement"",e,{method:""POST"",headers:{""Content-Type"":""application/json""},body:JSON.stringify(t)})}async function T(t,e){return o(""/api/preferences?user_id="".concat(encodeURIComponent(t)),e)}async function I(t,e,n){return o(""/api/preferences"",n,{method:""PUT"",headers:{""Content-Type"":""application/json""},body:JSON.stringify({user_id:t,preferences:e})})}async function D(t,e){return o(""/api/keys"",e,{method:""POST"",headers:{""Content-Type"":""application/json""},body:JSON.stringify({name:t})})}async function A(t){return o(""/api/keys"",t)}async function E(t,e){return o(""/api/keys/"".concat(encodeURIComponent(t)),e,{method:""DELETE""})}function N(t){var e,n;return"""".concat(null!=(e=t._ts_event)?e:0,""_"").concat(null!=(n=t._raw_symbol)?n:t.ticker)}async function B(t){return(await o(""/api/saved-trades"",t)).trades}async function j(t,e,n){await o(""/api/saved-trades"",e,{method:""POST"",headers:{""Content-Type"":""application/json""},body:JSON.stringify({trade_key:null!=n"
/api/preferences?user_id=,/Volumes/EAGET/SKYLIT_RE/bundles_pass2/_next__static__chunks__7187-dbf517257821735b.js,18761,".concat(t,""/strike/"").concat(e,""/expirations?"").concat(c),a)}async function O(t,e,n,i,a,r){let c=new URLSearchParams({interval:e});return n&&c.append(""date"",n),i&&c.append(""exclude_multi_leg"",""true""),o(""/api/underlying/"".concat(t,""/net-premium?"").concat(c),a,r?{signal:r}:{})}async function R(t){return o(""/api/opra-agreement"",t)}async function L(t,e){return o(""/api/opra-agreement"",e,{method:""POST"",headers:{""Content-Type"":""application/json""},body:JSON.stringify(t)})}async function T(t,e){return o(""/api/preferences?user_id="".concat(encodeURIComponent(t)),e)}async function I(t,e,n){return o(""/api/preferences"",n,{method:""PUT"",headers:{""Content-Type"":""application/json""},body:JSON.stringify({user_id:t,preferences:e})})}async function D(t,e){return o(""/api/keys"",e,{method:""POST"",headers:{""Content-Type"":""application/json""},body:JSON.stringify({name:t})})}async function A(t){return o(""/api/keys"",t)}async function E(t,e){return o(""/api/keys/"".concat(encodeURIComponent(t)),e,{method:""DELETE""})}function N(t){var e,n;return"""".concat(null!=(e=t._ts_event)?e:0,""_"").concat(null!=(n=t._raw_symbol)?n:t.ticker)}async function B(t){return(await o(""/api/saved-trades"",t)).trades}async function j(t,e,n){await o(""/api/saved-trades"",e,{method:""POST"",headers:{""Content-Type"":""application/json""},body:JSON.stringify({trade_key:null!=n?n:N(t),trade_data:t})})}async function M(t,e){await o(""/api/saved-trades/"".concat(encodeURIComponent(t)),e,{method:""DELETE""})}function J(t){let e=t.right.trim().toUpperCase().startsWith(""P"")?""P"":""C"",n"
/api/preferences,/Volumes/EAGET/SKYLIT_RE/bundles_pass2/_next__static__chunks__7187-dbf517257821735b.js,18855," c=new URLSearchParams({interval:e});return n&&c.append(""date"",n),i&&c.append(""exclude_multi_leg"",""true""),o(""/api/underlying/"".concat(t,""/net-premium?"").concat(c),a,r?{signal:r}:{})}async function R(t){return o(""/api/opra-agreement"",t)}async function L(t,e){return o(""/api/opra-agreement"",e,{method:""POST"",headers:{""Content-Type"":""application/json""},body:JSON.stringify(t)})}async function T(t,e){return o(""/api/preferences?user_id="".concat(encodeURIComponent(t)),e)}async function I(t,e,n){return o(""/api/preferences"",n,{method:""PUT"",headers:{""Content-Type"":""application/json""},body:JSON.stringify({user_id:t,preferences:e})})}async function D(t,e){return o(""/api/keys"",e,{method:""POST"",headers:{""Content-Type"":""application/json""},body:JSON.stringify({name:t})})}async function A(t){return o(""/api/keys"",t)}async function E(t,e){return o(""/api/keys/"".concat(encodeURIComponent(t)),e,{method:""DELETE""})}function N(t){var e,n;return"""".concat(null!=(e=t._ts_event)?e:0,""_"").concat(null!=(n=t._raw_symbol)?n:t.ticker)}async function B(t){return(await o(""/api/saved-trades"",t)).trades}async function j(t,e,n){await o(""/api/saved-trades"",e,{method:""POST"",headers:{""Content-Type"":""application/json""},body:JSON.stringify({trade_key:null!=n?n:N(t),trade_data:t})})}async function M(t,e){await o(""/api/saved-trades/"".concat(encodeURIComponent(t)),e,{method:""DELETE""})}function J(t){let e=t.right.trim().toUpperCase().startsWith(""P"")?""P"":""C"",n=t.strike.toFixed(3).replace(/0+$/,"""").replace(/\.$/,"""");return"""".concat(t.ticker.toU"
/api/keys,/Volumes/EAGET/SKYLIT_RE/bundles_pass2/_next__static__chunks__7187-dbf517257821735b.js,19014,"(c),a,r?{signal:r}:{})}async function R(t){return o(""/api/opra-agreement"",t)}async function L(t,e){return o(""/api/opra-agreement"",e,{method:""POST"",headers:{""Content-Type"":""application/json""},body:JSON.stringify(t)})}async function T(t,e){return o(""/api/preferences?user_id="".concat(encodeURIComponent(t)),e)}async function I(t,e,n){return o(""/api/preferences"",n,{method:""PUT"",headers:{""Content-Type"":""application/json""},body:JSON.stringify({user_id:t,preferences:e})})}async function D(t,e){return o(""/api/keys"",e,{method:""POST"",headers:{""Content-Type"":""application/json""},body:JSON.stringify({name:t})})}async function A(t){return o(""/api/keys"",t)}async function E(t,e){return o(""/api/keys/"".concat(encodeURIComponent(t)),e,{method:""DELETE""})}function N(t){var e,n;return"""".concat(null!=(e=t._ts_event)?e:0,""_"").concat(null!=(n=t._raw_symbol)?n:t.ticker)}async function B(t){return(await o(""/api/saved-trades"",t)).trades}async function j(t,e,n){await o(""/api/saved-trades"",e,{method:""POST"",headers:{""Content-Type"":""application/json""},body:JSON.stringify({trade_key:null!=n?n:N(t),trade_data:t})})}async function M(t,e){await o(""/api/saved-trades/"".concat(encodeURIComponent(t)),e,{method:""DELETE""})}function J(t){let e=t.right.trim().toUpperCase().startsWith(""P"")?""P"":""C"",n=t.strike.toFixed(3).replace(/0+$/,"""").replace(/\.$/,"""");return"""".concat(t.ticker.toUpperCase(),"":"").concat(t.expiration,"":"").concat(n,"":"").concat(e)}async function F(t){return(await o(""/api/tracked-contracts"",t)).contracts}async functio"
/api/keys/,/Volumes/EAGET/SKYLIT_RE/bundles_pass2/_next__static__chunks__7187-dbf517257821735b.js,19194,"ion/json""},body:JSON.stringify(t)})}async function T(t,e){return o(""/api/preferences?user_id="".concat(encodeURIComponent(t)),e)}async function I(t,e,n){return o(""/api/preferences"",n,{method:""PUT"",headers:{""Content-Type"":""application/json""},body:JSON.stringify({user_id:t,preferences:e})})}async function D(t,e){return o(""/api/keys"",e,{method:""POST"",headers:{""Content-Type"":""application/json""},body:JSON.stringify({name:t})})}async function A(t){return o(""/api/keys"",t)}async function E(t,e){return o(""/api/keys/"".concat(encodeURIComponent(t)),e,{method:""DELETE""})}function N(t){var e,n;return"""".concat(null!=(e=t._ts_event)?e:0,""_"").concat(null!=(n=t._raw_symbol)?n:t.ticker)}async function B(t){return(await o(""/api/saved-trades"",t)).trades}async function j(t,e,n){await o(""/api/saved-trades"",e,{method:""POST"",headers:{""Content-Type"":""application/json""},body:JSON.stringify({trade_key:null!=n?n:N(t),trade_data:t})})}async function M(t,e){await o(""/api/saved-trades/"".concat(encodeURIComponent(t)),e,{method:""DELETE""})}function J(t){let e=t.right.trim().toUpperCase().startsWith(""P"")?""P"":""C"",n=t.strike.toFixed(3).replace(/0+$/,"""").replace(/\.$/,"""");return"""".concat(t.ticker.toUpperCase(),"":"").concat(t.expiration,"":"").concat(n,"":"").concat(e)}async function F(t){return(await o(""/api/tracked-contracts"",t)).contracts}async function V(t,e){return(await o(""/api/tracked-contracts"",e,{method:""POST"",headers:{""Content-Type"":""application/json""},body:JSON.stringify(t)})).contract_key}async function z(t,e){await o(""/"
/api/saved-trades,/Volumes/EAGET/SKYLIT_RE/bundles_pass2/_next__static__chunks__7187-dbf517257821735b.js,19405,"nt-Type"":""application/json""},body:JSON.stringify({user_id:t,preferences:e})})}async function D(t,e){return o(""/api/keys"",e,{method:""POST"",headers:{""Content-Type"":""application/json""},body:JSON.stringify({name:t})})}async function A(t){return o(""/api/keys"",t)}async function E(t,e){return o(""/api/keys/"".concat(encodeURIComponent(t)),e,{method:""DELETE""})}function N(t){var e,n;return"""".concat(null!=(e=t._ts_event)?e:0,""_"").concat(null!=(n=t._raw_symbol)?n:t.ticker)}async function B(t){return(await o(""/api/saved-trades"",t)).trades}async function j(t,e,n){await o(""/api/saved-trades"",e,{method:""POST"",headers:{""Content-Type"":""application/json""},body:JSON.stringify({trade_key:null!=n?n:N(t),trade_data:t})})}async function M(t,e){await o(""/api/saved-trades/"".concat(encodeURIComponent(t)),e,{method:""DELETE""})}function J(t){let e=t.right.trim().toUpperCase().startsWith(""P"")?""P"":""C"",n=t.strike.toFixed(3).replace(/0+$/,"""").replace(/\.$/,"""");return"""".concat(t.ticker.toUpperCase(),"":"").concat(t.expiration,"":"").concat(n,"":"").concat(e)}async function F(t){return(await o(""/api/tracked-contracts"",t)).contracts}async function V(t,e){return(await o(""/api/tracked-contracts"",e,{method:""POST"",headers:{""Content-Type"":""application/json""},body:JSON.stringify(t)})).contract_key}async function z(t,e){await o(""/api/tracked-contracts/"".concat(encodeURIComponent(t)),e,{method:""DELETE""})}async function X(t){return(await o(""/api/saved-trades/check-closes"",t,{method:""POST""})).closed}async function q(t,e){await o(""/api/saved-trades"
/api/saved-trades/,/Volumes/EAGET/SKYLIT_RE/bundles_pass2/_next__static__chunks__7187-dbf517257821735b.js,19642,"urn o(""/api/keys"",t)}async function E(t,e){return o(""/api/keys/"".concat(encodeURIComponent(t)),e,{method:""DELETE""})}function N(t){var e,n;return"""".concat(null!=(e=t._ts_event)?e:0,""_"").concat(null!=(n=t._raw_symbol)?n:t.ticker)}async function B(t){return(await o(""/api/saved-trades"",t)).trades}async function j(t,e,n){await o(""/api/saved-trades"",e,{method:""POST"",headers:{""Content-Type"":""application/json""},body:JSON.stringify({trade_key:null!=n?n:N(t),trade_data:t})})}async function M(t,e){await o(""/api/saved-trades/"".concat(encodeURIComponent(t)),e,{method:""DELETE""})}function J(t){let e=t.right.trim().toUpperCase().startsWith(""P"")?""P"":""C"",n=t.strike.toFixed(3).replace(/0+$/,"""").replace(/\.$/,"""");return"""".concat(t.ticker.toUpperCase(),"":"").concat(t.expiration,"":"").concat(n,"":"").concat(e)}async function F(t){return(await o(""/api/tracked-contracts"",t)).contracts}async function V(t,e){return(await o(""/api/tracked-contracts"",e,{method:""POST"",headers:{""Content-Type"":""application/json""},body:JSON.stringify(t)})).contract_key}async function z(t,e){await o(""/api/tracked-contracts/"".concat(encodeURIComponent(t)),e,{method:""DELETE""})}async function X(t){return(await o(""/api/saved-trades/check-closes"",t,{method:""POST""})).closed}async function q(t,e){await o(""/api/saved-trades/"".concat(encodeURIComponent(t),""/dismiss""),e,{method:""PATCH""})}async function $(t,e){return 0===t.length?{}:(await o(""/api/saved-trades/quotes"",e,{method:""POST"",headers:{""Content-Type"":""application/json""},body:JSON.stringify({contracts:t"
/api/tracked-contracts,/Volumes/EAGET/SKYLIT_RE/bundles_pass2/_next__static__chunks__7187-dbf517257821735b.js,19973,"/saved-trades"",e,{method:""POST"",headers:{""Content-Type"":""application/json""},body:JSON.stringify({trade_key:null!=n?n:N(t),trade_data:t})})}async function M(t,e){await o(""/api/saved-trades/"".concat(encodeURIComponent(t)),e,{method:""DELETE""})}function J(t){let e=t.right.trim().toUpperCase().startsWith(""P"")?""P"":""C"",n=t.strike.toFixed(3).replace(/0+$/,"""").replace(/\.$/,"""");return"""".concat(t.ticker.toUpperCase(),"":"").concat(t.expiration,"":"").concat(n,"":"").concat(e)}async function F(t){return(await o(""/api/tracked-contracts"",t)).contracts}async function V(t,e){return(await o(""/api/tracked-contracts"",e,{method:""POST"",headers:{""Content-Type"":""application/json""},body:JSON.stringify(t)})).contract_key}async function z(t,e){await o(""/api/tracked-contracts/"".concat(encodeURIComponent(t)),e,{method:""DELETE""})}async function X(t){return(await o(""/api/saved-trades/check-closes"",t,{method:""POST""})).closed}async function q(t,e){await o(""/api/saved-trades/"".concat(encodeURIComponent(t),""/dismiss""),e,{method:""PATCH""})}async function $(t,e){return 0===t.length?{}:(await o(""/api/saved-trades/quotes"",e,{method:""POST"",headers:{""Content-Type"":""application/json""},body:JSON.stringify({contracts:t})})).quotes}async function Q(t){return o(""/api/discord-channels"",t)}async function W(t,e,n,i){let a={};return t&&(a.channels=t),void 0!==e&&(a.message_template=e),void 0!==n&&(a.include_open_link=n),o(""/api/discord-channels"",i,{method:""PUT"",headers:{""Content-Type"":""application/json""},body:JSON.stringify(a)})}async function Z(t,e){aw"
/api/tracked-contracts/,/Volumes/EAGET/SKYLIT_RE/bundles_pass2/_next__static__chunks__7187-dbf517257821735b.js,20204,"DELETE""})}function J(t){let e=t.right.trim().toUpperCase().startsWith(""P"")?""P"":""C"",n=t.strike.toFixed(3).replace(/0+$/,"""").replace(/\.$/,"""");return"""".concat(t.ticker.toUpperCase(),"":"").concat(t.expiration,"":"").concat(n,"":"").concat(e)}async function F(t){return(await o(""/api/tracked-contracts"",t)).contracts}async function V(t,e){return(await o(""/api/tracked-contracts"",e,{method:""POST"",headers:{""Content-Type"":""application/json""},body:JSON.stringify(t)})).contract_key}async function z(t,e){await o(""/api/tracked-contracts/"".concat(encodeURIComponent(t)),e,{method:""DELETE""})}async function X(t){return(await o(""/api/saved-trades/check-closes"",t,{method:""POST""})).closed}async function q(t,e){await o(""/api/saved-trades/"".concat(encodeURIComponent(t),""/dismiss""),e,{method:""PATCH""})}async function $(t,e){return 0===t.length?{}:(await o(""/api/saved-trades/quotes"",e,{method:""POST"",headers:{""Content-Type"":""application/json""},body:JSON.stringify({contracts:t})})).quotes}async function Q(t){return o(""/api/discord-channels"",t)}async function W(t,e,n,i){let a={};return t&&(a.channels=t),void 0!==e&&(a.message_template=e),void 0!==n&&(a.include_open_link=n),o(""/api/discord-channels"",i,{method:""PUT"",headers:{""Content-Type"":""application/json""},body:JSON.stringify(a)})}async function Z(t,e){await o(""/api/discord/test"",e,{method:""POST"",headers:{""Content-Type"":""application/json""},body:JSON.stringify({channel_id:t})})}async function H(t,e){return o(""/api/admin/users/"".concat(encodeURIComponent(t),""/discord-channels""),e)}asy"
/api/saved-trades/check-closes,/Volumes/EAGET/SKYLIT_RE/bundles_pass2/_next__static__chunks__7187-dbf517257821735b.js,20316,"(/0+$/,"""").replace(/\.$/,"""");return"""".concat(t.ticker.toUpperCase(),"":"").concat(t.expiration,"":"").concat(n,"":"").concat(e)}async function F(t){return(await o(""/api/tracked-contracts"",t)).contracts}async function V(t,e){return(await o(""/api/tracked-contracts"",e,{method:""POST"",headers:{""Content-Type"":""application/json""},body:JSON.stringify(t)})).contract_key}async function z(t,e){await o(""/api/tracked-contracts/"".concat(encodeURIComponent(t)),e,{method:""DELETE""})}async function X(t){return(await o(""/api/saved-trades/check-closes"",t,{method:""POST""})).closed}async function q(t,e){await o(""/api/saved-trades/"".concat(encodeURIComponent(t),""/dismiss""),e,{method:""PATCH""})}async function $(t,e){return 0===t.length?{}:(await o(""/api/saved-trades/quotes"",e,{method:""POST"",headers:{""Content-Type"":""application/json""},body:JSON.stringify({contracts:t})})).quotes}async function Q(t){return o(""/api/discord-channels"",t)}async function W(t,e,n,i){let a={};return t&&(a.channels=t),void 0!==e&&(a.message_template=e),void 0!==n&&(a.include_open_link=n),o(""/api/discord-channels"",i,{method:""PUT"",headers:{""Content-Type"":""application/json""},body:JSON.stringify(a)})}async function Z(t,e){await o(""/api/discord/test"",e,{method:""POST"",headers:{""Content-Type"":""application/json""},body:JSON.stringify({channel_id:t})})}async function H(t,e){return o(""/api/admin/users/"".concat(encodeURIComponent(t),""/discord-channels""),e)}async function G(t,e,n){return o(""/api/admin/users/"".concat(encodeURIComponent(t),""/discord-channels""),n,{method:""POST"",he"
/api/saved-trades/quotes,/Volumes/EAGET/SKYLIT_RE/bundles_pass2/_next__static__chunks__7187-dbf517257821735b.js,20542,"wait o(""/api/tracked-contracts"",e,{method:""POST"",headers:{""Content-Type"":""application/json""},body:JSON.stringify(t)})).contract_key}async function z(t,e){await o(""/api/tracked-contracts/"".concat(encodeURIComponent(t)),e,{method:""DELETE""})}async function X(t){return(await o(""/api/saved-trades/check-closes"",t,{method:""POST""})).closed}async function q(t,e){await o(""/api/saved-trades/"".concat(encodeURIComponent(t),""/dismiss""),e,{method:""PATCH""})}async function $(t,e){return 0===t.length?{}:(await o(""/api/saved-trades/quotes"",e,{method:""POST"",headers:{""Content-Type"":""application/json""},body:JSON.stringify({contracts:t})})).quotes}async function Q(t){return o(""/api/discord-channels"",t)}async function W(t,e,n,i){let a={};return t&&(a.channels=t),void 0!==e&&(a.message_template=e),void 0!==n&&(a.include_open_link=n),o(""/api/discord-channels"",i,{method:""PUT"",headers:{""Content-Type"":""application/json""},body:JSON.stringify(a)})}async function Z(t,e){await o(""/api/discord/test"",e,{method:""POST"",headers:{""Content-Type"":""application/json""},body:JSON.stringify({channel_id:t})})}async function H(t,e){return o(""/api/admin/users/"".concat(encodeURIComponent(t),""/discord-channels""),e)}async function G(t,e,n){return o(""/api/admin/users/"".concat(encodeURIComponent(t),""/discord-channels""),n,{method:""POST"",headers:{""Content-Type"":""application/json""},body:JSON.stringify(e)})}async function K(t,e,n){await o(""/api/admin/users/"".concat(encodeURIComponent(t),""/discord-channels/"").concat(encodeURIComponent(e),""/test""),n,{method:""P"
/api/discord-channels,/Volumes/EAGET/SKYLIT_RE/bundles_pass2/_next__static__chunks__7187-dbf517257821735b.js,20704,"""/api/tracked-contracts/"".concat(encodeURIComponent(t)),e,{method:""DELETE""})}async function X(t){return(await o(""/api/saved-trades/check-closes"",t,{method:""POST""})).closed}async function q(t,e){await o(""/api/saved-trades/"".concat(encodeURIComponent(t),""/dismiss""),e,{method:""PATCH""})}async function $(t,e){return 0===t.length?{}:(await o(""/api/saved-trades/quotes"",e,{method:""POST"",headers:{""Content-Type"":""application/json""},body:JSON.stringify({contracts:t})})).quotes}async function Q(t){return o(""/api/discord-channels"",t)}async function W(t,e,n,i){let a={};return t&&(a.channels=t),void 0!==e&&(a.message_template=e),void 0!==n&&(a.include_open_link=n),o(""/api/discord-channels"",i,{method:""PUT"",headers:{""Content-Type"":""application/json""},body:JSON.stringify(a)})}async function Z(t,e){await o(""/api/discord/test"",e,{method:""POST"",headers:{""Content-Type"":""application/json""},body:JSON.stringify({channel_id:t})})}async function H(t,e){return o(""/api/admin/users/"".concat(encodeURIComponent(t),""/discord-channels""),e)}async function G(t,e,n){return o(""/api/admin/users/"".concat(encodeURIComponent(t),""/discord-channels""),n,{method:""POST"",headers:{""Content-Type"":""application/json""},body:JSON.stringify(e)})}async function K(t,e,n){await o(""/api/admin/users/"".concat(encodeURIComponent(t),""/discord-channels/"").concat(encodeURIComponent(e),""/test""),n,{method:""POST""})}async function Y(t,e,n){return o(""/api/admin/users/"".concat(encodeURIComponent(t),""/discord-channels/"").concat(encodeURIComponent(e)),n,{method:""DELETE"""
/api/discord/test,/Volumes/EAGET/SKYLIT_RE/bundles_pass2/_next__static__chunks__7187-dbf517257821735b.js,21003,"$(t,e){return 0===t.length?{}:(await o(""/api/saved-trades/quotes"",e,{method:""POST"",headers:{""Content-Type"":""application/json""},body:JSON.stringify({contracts:t})})).quotes}async function Q(t){return o(""/api/discord-channels"",t)}async function W(t,e,n,i){let a={};return t&&(a.channels=t),void 0!==e&&(a.message_template=e),void 0!==n&&(a.include_open_link=n),o(""/api/discord-channels"",i,{method:""PUT"",headers:{""Content-Type"":""application/json""},body:JSON.stringify(a)})}async function Z(t,e){await o(""/api/discord/test"",e,{method:""POST"",headers:{""Content-Type"":""application/json""},body:JSON.stringify({channel_id:t})})}async function H(t,e){return o(""/api/admin/users/"".concat(encodeURIComponent(t),""/discord-channels""),e)}async function G(t,e,n){return o(""/api/admin/users/"".concat(encodeURIComponent(t),""/discord-channels""),n,{method:""POST"",headers:{""Content-Type"":""application/json""},body:JSON.stringify(e)})}async function K(t,e,n){await o(""/api/admin/users/"".concat(encodeURIComponent(t),""/discord-channels/"").concat(encodeURIComponent(e),""/test""),n,{method:""POST""})}async function Y(t,e,n){return o(""/api/admin/users/"".concat(encodeURIComponent(t),""/discord-channels/"").concat(encodeURIComponent(e)),n,{method:""DELETE""})}async function tt(t,e,n,i,a){await o(""/api/discord/share"",a,{method:""POST"",headers:{""Content-Type"":""application/json""},body:JSON.stringify({channel_id:t,image_base64:e,...n,custom_message:i})})}async function te(t,e){var n;let i=new URLSearchParams;t&&t.length>0&&i.set(""tickers"",t.join("",""))"
/api/admin/users/,/Volumes/EAGET/SKYLIT_RE/bundles_pass2/_next__static__chunks__7187-dbf517257821735b.js,21153,"ntracts:t})})).quotes}async function Q(t){return o(""/api/discord-channels"",t)}async function W(t,e,n,i){let a={};return t&&(a.channels=t),void 0!==e&&(a.message_template=e),void 0!==n&&(a.include_open_link=n),o(""/api/discord-channels"",i,{method:""PUT"",headers:{""Content-Type"":""application/json""},body:JSON.stringify(a)})}async function Z(t,e){await o(""/api/discord/test"",e,{method:""POST"",headers:{""Content-Type"":""application/json""},body:JSON.stringify({channel_id:t})})}async function H(t,e){return o(""/api/admin/users/"".concat(encodeURIComponent(t),""/discord-channels""),e)}async function G(t,e,n){return o(""/api/admin/users/"".concat(encodeURIComponent(t),""/discord-channels""),n,{method:""POST"",headers:{""Content-Type"":""application/json""},body:JSON.stringify(e)})}async function K(t,e,n){await o(""/api/admin/users/"".concat(encodeURIComponent(t),""/discord-channels/"").concat(encodeURIComponent(e),""/test""),n,{method:""POST""})}async function Y(t,e,n){return o(""/api/admin/users/"".concat(encodeURIComponent(t),""/discord-channels/"").concat(encodeURIComponent(e)),n,{method:""DELETE""})}async function tt(t,e,n,i,a){await o(""/api/discord/share"",a,{method:""POST"",headers:{""Content-Type"":""application/json""},body:JSON.stringify({channel_id:t,image_base64:e,...n,custom_message:i})})}async function te(t,e){var n;let i=new URLSearchParams;t&&t.length>0&&i.set(""tickers"",t.join("",""));let a=i.toString();return null!=(n=(await o(""/api/market/overview"".concat(a?""?"".concat(a):""""),e)).data)?n:null}async function tn(){var t;let e=argume"
/api/discord/share,/Volumes/EAGET/SKYLIT_RE/bundles_pass2/_next__static__chunks__7187-dbf517257821735b.js,21767,"min/users/"".concat(encodeURIComponent(t),""/discord-channels""),n,{method:""POST"",headers:{""Content-Type"":""application/json""},body:JSON.stringify(e)})}async function K(t,e,n){await o(""/api/admin/users/"".concat(encodeURIComponent(t),""/discord-channels/"").concat(encodeURIComponent(e),""/test""),n,{method:""POST""})}async function Y(t,e,n){return o(""/api/admin/users/"".concat(encodeURIComponent(t),""/discord-channels/"").concat(encodeURIComponent(e)),n,{method:""DELETE""})}async function tt(t,e,n,i,a){await o(""/api/discord/share"",a,{method:""POST"",headers:{""Content-Type"":""application/json""},body:JSON.stringify({channel_id:t,image_base64:e,...n,custom_message:i})})}async function te(t,e){var n;let i=new URLSearchParams;t&&t.length>0&&i.set(""tickers"",t.join("",""));let a=i.toString();return null!=(n=(await o(""/api/market/overview"".concat(a?""?"".concat(a):""""),e)).data)?n:null}async function tn(){var t;let e=arguments.length>0&&void 0!==arguments[0]?arguments[0]:""1D"",n=arguments.length>1&&void 0!==arguments[1]?arguments[1]:""1min"",i=arguments.length>2?arguments[2]:void 0,a=arguments.length>3?arguments[3]:void 0,r=arguments.length>4?arguments[4]:void 0,c=new URLSearchParams({interval:e,bucket:n});return i&&c.set(""date"",i),null!=(t=(await o(""/api/market/tide?"".concat(c.toString()),a,r?{signal:r}:{})).data)?t:null}async function ti(t,e,n){let i=new URLSearchParams({group_id:t});return n&&i.set(""trade_date"",n),o(""/api/strategy/legs?"".concat(i.toString()),e)}let ta=200;async function to(t,e,n){var i;return 0===t.length?{}:n"
/api/market/overview,/Volumes/EAGET/SKYLIT_RE/bundles_pass2/_next__static__chunks__7187-dbf517257821735b.js,22067,"POST""})}async function Y(t,e,n){return o(""/api/admin/users/"".concat(encodeURIComponent(t),""/discord-channels/"").concat(encodeURIComponent(e)),n,{method:""DELETE""})}async function tt(t,e,n,i,a){await o(""/api/discord/share"",a,{method:""POST"",headers:{""Content-Type"":""application/json""},body:JSON.stringify({channel_id:t,image_base64:e,...n,custom_message:i})})}async function te(t,e){var n;let i=new URLSearchParams;t&&t.length>0&&i.set(""tickers"",t.join("",""));let a=i.toString();return null!=(n=(await o(""/api/market/overview"".concat(a?""?"".concat(a):""""),e)).data)?n:null}async function tn(){var t;let e=arguments.length>0&&void 0!==arguments[0]?arguments[0]:""1D"",n=arguments.length>1&&void 0!==arguments[1]?arguments[1]:""1min"",i=arguments.length>2?arguments[2]:void 0,a=arguments.length>3?arguments[3]:void 0,r=arguments.length>4?arguments[4]:void 0,c=new URLSearchParams({interval:e,bucket:n});return i&&c.set(""date"",i),null!=(t=(await o(""/api/market/tide?"".concat(c.toString()),a,r?{signal:r}:{})).data)?t:null}async function ti(t,e,n){let i=new URLSearchParams({group_id:t});return n&&i.set(""trade_date"",n),o(""/api/strategy/legs?"".concat(i.toString()),e)}let ta=200;async function to(t,e,n){var i;return 0===t.length?{}:null!=(i=(await o(""/api/cross-hedge/links"",e,{method:""POST"",headers:{""Content-Type"":""application/json""},body:JSON.stringify({trades:t.slice(0,ta)}),...n?{signal:n}:{}})).links)?i:{}}async function tr(){let t=arguments.length>0&&void 0!==arguments[0]?arguments[0]:{},e=arguments.length>1?arguments[1]:voi"
/api/market/tide?,/Volumes/EAGET/SKYLIT_RE/bundles_pass2/_next__static__chunks__7187-dbf517257821735b.js,22502,"ickers"",t.join("",""));let a=i.toString();return null!=(n=(await o(""/api/market/overview"".concat(a?""?"".concat(a):""""),e)).data)?n:null}async function tn(){var t;let e=arguments.length>0&&void 0!==arguments[0]?arguments[0]:""1D"",n=arguments.length>1&&void 0!==arguments[1]?arguments[1]:""1min"",i=arguments.length>2?arguments[2]:void 0,a=arguments.length>3?arguments[3]:void 0,r=arguments.length>4?arguments[4]:void 0,c=new URLSearchParams({interval:e,bucket:n});return i&&c.set(""date"",i),null!=(t=(await o(""/api/market/tide?"".concat(c.toString()),a,r?{signal:r}:{})).data)?t:null}async function ti(t,e,n){let i=new URLSearchParams({group_id:t});return n&&i.set(""trade_date"",n),o(""/api/strategy/legs?"".concat(i.toString()),e)}let ta=200;async function to(t,e,n){var i;return 0===t.length?{}:null!=(i=(await o(""/api/cross-hedge/links"",e,{method:""POST"",headers:{""Content-Type"":""application/json""},body:JSON.stringify({trades:t.slice(0,ta)}),...n?{signal:n}:{}})).links)?i:{}}async function tr(){let t=arguments.length>0&&void 0!==arguments[0]?arguments[0]:{},e=arguments.length>1?arguments[1]:void 0,n=arguments.length>2?arguments[2]:void 0,i=(function(t){let e=new URLSearchParams;return t.date&&e.set(""date"",t.date),t.date_start&&e.set(""date_start"",t.date_start),t.date_end&&e.set(""date_end"",t.date_end),t.time_start&&e.set(""time_start"",t.time_start),t.time_end&&e.set(""time_end"",t.time_end),t.tickers&&e.set(""tickers"",t.tickers),null!=t.min_notional&&e.set(""min_notional"",String(t.min_notional)),null!=t.max_notional&&e.set("""
/api/strategy/legs?,/Volumes/EAGET/SKYLIT_RE/bundles_pass2/_next__static__chunks__7187-dbf517257821735b.js,22675,".length>0&&void 0!==arguments[0]?arguments[0]:""1D"",n=arguments.length>1&&void 0!==arguments[1]?arguments[1]:""1min"",i=arguments.length>2?arguments[2]:void 0,a=arguments.length>3?arguments[3]:void 0,r=arguments.length>4?arguments[4]:void 0,c=new URLSearchParams({interval:e,bucket:n});return i&&c.set(""date"",i),null!=(t=(await o(""/api/market/tide?"".concat(c.toString()),a,r?{signal:r}:{})).data)?t:null}async function ti(t,e,n){let i=new URLSearchParams({group_id:t});return n&&i.set(""trade_date"",n),o(""/api/strategy/legs?"".concat(i.toString()),e)}let ta=200;async function to(t,e,n){var i;return 0===t.length?{}:null!=(i=(await o(""/api/cross-hedge/links"",e,{method:""POST"",headers:{""Content-Type"":""application/json""},body:JSON.stringify({trades:t.slice(0,ta)}),...n?{signal:n}:{}})).links)?i:{}}async function tr(){let t=arguments.length>0&&void 0!==arguments[0]?arguments[0]:{},e=arguments.length>1?arguments[1]:void 0,n=arguments.length>2?arguments[2]:void 0,i=(function(t){let e=new URLSearchParams;return t.date&&e.set(""date"",t.date),t.date_start&&e.set(""date_start"",t.date_start),t.date_end&&e.set(""date_end"",t.date_end),t.time_start&&e.set(""time_start"",t.time_start),t.time_end&&e.set(""time_end"",t.time_end),t.tickers&&e.set(""tickers"",t.tickers),null!=t.min_notional&&e.set(""min_notional"",String(t.min_notional)),null!=t.max_notional&&e.set(""max_notional"",String(t.max_notional)),null!=t.min_size&&e.set(""min_size"",String(t.min_size)),null!=t.max_size&&e.set(""max_size"",String(t.max_size)),null!=t.min_price&&e.set(""m"
/api/cross-hedge/links,/Volumes/EAGET/SKYLIT_RE/bundles_pass2/_next__static__chunks__7187-dbf517257821735b.js,22804,"ngth>2?arguments[2]:void 0,a=arguments.length>3?arguments[3]:void 0,r=arguments.length>4?arguments[4]:void 0,c=new URLSearchParams({interval:e,bucket:n});return i&&c.set(""date"",i),null!=(t=(await o(""/api/market/tide?"".concat(c.toString()),a,r?{signal:r}:{})).data)?t:null}async function ti(t,e,n){let i=new URLSearchParams({group_id:t});return n&&i.set(""trade_date"",n),o(""/api/strategy/legs?"".concat(i.toString()),e)}let ta=200;async function to(t,e,n){var i;return 0===t.length?{}:null!=(i=(await o(""/api/cross-hedge/links"",e,{method:""POST"",headers:{""Content-Type"":""application/json""},body:JSON.stringify({trades:t.slice(0,ta)}),...n?{signal:n}:{}})).links)?i:{}}async function tr(){let t=arguments.length>0&&void 0!==arguments[0]?arguments[0]:{},e=arguments.length>1?arguments[1]:void 0,n=arguments.length>2?arguments[2]:void 0,i=(function(t){let e=new URLSearchParams;return t.date&&e.set(""date"",t.date),t.date_start&&e.set(""date_start"",t.date_start),t.date_end&&e.set(""date_end"",t.date_end),t.time_start&&e.set(""time_start"",t.time_start),t.time_end&&e.set(""time_end"",t.time_end),t.tickers&&e.set(""tickers"",t.tickers),null!=t.min_notional&&e.set(""min_notional"",String(t.min_notional)),null!=t.max_notional&&e.set(""max_notional"",String(t.max_notional)),null!=t.min_size&&e.set(""min_size"",String(t.min_size)),null!=t.max_size&&e.set(""max_size"",String(t.max_size)),null!=t.min_price&&e.set(""min_price"",String(t.min_price)),null!=t.max_price&&e.set(""max_price"",String(t.max_price)),null!=t.min_avg_vol&&e.set(""min_avg_vol"",St"
/api/dark-pool/trades,/Volumes/EAGET/SKYLIT_RE/bundles_pass2/_next__static__chunks__7187-dbf517257821735b.js,24184,"ce&&e.set(""min_price"",String(t.min_price)),null!=t.max_price&&e.set(""max_price"",String(t.max_price)),null!=t.min_avg_vol&&e.set(""min_avg_vol"",String(t.min_avg_vol)),null!=t.max_avg_vol&&e.set(""max_avg_vol"",String(t.max_avg_vol)),t.sectors&&e.set(""sectors"",t.sectors),t.industries&&e.set(""industries"",t.industries),t.venue&&e.set(""venue"",t.venue),null!=t.limit&&e.set(""limit"",String(t.limit)),null!=t.offset&&e.set(""offset"",String(t.offset)),t.order&&e.set(""order"",t.order),e})(t).toString();return o(""/api/dark-pool/trades"".concat(i?""?"".concat(i):""""),e,n?{signal:n}:{})}async function tc(){let t=arguments.length>0&&void 0!==arguments[0]?arguments[0]:{},e=arguments.length>1?arguments[1]:void 0,n=arguments.length>2?arguments[2]:void 0,i=new URLSearchParams;t.date&&i.set(""date"",t.date),null!=t.top_n&&i.set(""top_n"",String(t.top_n)),null!=t.min_notional&&i.set(""min_notional"",String(t.min_notional)),null!=t.min_avg_vol&&i.set(""min_avg_vol"",String(t.min_avg_vol)),null!=t.max_avg_vol&&i.set(""max_avg_vol"",String(t.max_avg_vol)),null!=t.min_price&&i.set(""min_price"",String(t.min_price)),null!=t.max_price&&i.set(""max_price"",String(t.max_price));let a=i.toString();return o(""/api/dark-pool/sector-summary"".concat(a?""?"".concat(a):""""),e,n?{signal:n}:{})}async function ts(t,e,n){let i=new URLSearchParams({ticker:t.ticker});return void 0!==t.top_n&&i.set(""top_n"",String(t.top_n)),void 0!==t.lookback_days&&i.set(""lookback_days"",String(t.lookback_days)),t.as_of_date&&i.set(""as_of_date"",t.as_of_date),o(""/api/dark-pool/top-print"
/api/dark-pool/sector-summary,/Volumes/EAGET/SKYLIT_RE/bundles_pass2/_next__static__chunks__7187-dbf517257821735b.js,24856,">1?arguments[1]:void 0,n=arguments.length>2?arguments[2]:void 0,i=new URLSearchParams;t.date&&i.set(""date"",t.date),null!=t.top_n&&i.set(""top_n"",String(t.top_n)),null!=t.min_notional&&i.set(""min_notional"",String(t.min_notional)),null!=t.min_avg_vol&&i.set(""min_avg_vol"",String(t.min_avg_vol)),null!=t.max_avg_vol&&i.set(""max_avg_vol"",String(t.max_avg_vol)),null!=t.min_price&&i.set(""min_price"",String(t.min_price)),null!=t.max_price&&i.set(""max_price"",String(t.max_price));let a=i.toString();return o(""/api/dark-pool/sector-summary"".concat(a?""?"".concat(a):""""),e,n?{signal:n}:{})}async function ts(t,e,n){let i=new URLSearchParams({ticker:t.ticker});return void 0!==t.top_n&&i.set(""top_n"",String(t.top_n)),void 0!==t.lookback_days&&i.set(""lookback_days"",String(t.lookback_days)),t.as_of_date&&i.set(""as_of_date"",t.as_of_date),o(""/api/dark-pool/top-prints?"".concat(i.toString()),e,n?{signal:n}:{})}async function tl(t){let e=arguments.length>1&&void 0!==arguments[1]?arguments[1]:""1D"",n=arguments.length>2?arguments[2]:void 0,i=arguments.length>3?arguments[3]:void 0,a=arguments.length>4?arguments[4]:void 0,r=new URLSearchParams({interval:e});return n&&r.set(""date"",n),o(""/api/underlying/"".concat(encodeURIComponent(t),""/flow-vwap?"").concat(r.toString()),i,a?{signal:a}:{})}async function tm(t,e,n){let i=new URLSearchParams;t.event_type&&i.set(""event_type"",t.event_type),t.from&&i.set(""from"",t.from),t.to&&i.set(""to"",t.to),void 0!==t.limit&&i.set(""limit"",String(t.limit));let a=i.toString();return o(""/api/underlying/"".concat(encode"
/api/dark-pool/top-prints?,/Volumes/EAGET/SKYLIT_RE/bundles_pass2/_next__static__chunks__7187-dbf517257821735b.js,25182,"g_vol"",String(t.max_avg_vol)),null!=t.min_price&&i.set(""min_price"",String(t.min_price)),null!=t.max_price&&i.set(""max_price"",String(t.max_price));let a=i.toString();return o(""/api/dark-pool/sector-summary"".concat(a?""?"".concat(a):""""),e,n?{signal:n}:{})}async function ts(t,e,n){let i=new URLSearchParams({ticker:t.ticker});return void 0!==t.top_n&&i.set(""top_n"",String(t.top_n)),void 0!==t.lookback_days&&i.set(""lookback_days"",String(t.lookback_days)),t.as_of_date&&i.set(""as_of_date"",t.as_of_date),o(""/api/dark-pool/top-prints?"".concat(i.toString()),e,n?{signal:n}:{})}async function tl(t){let e=arguments.length>1&&void 0!==arguments[1]?arguments[1]:""1D"",n=arguments.length>2?arguments[2]:void 0,i=arguments.length>3?arguments[3]:void 0,a=arguments.length>4?arguments[4]:void 0,r=new URLSearchParams({interval:e});return n&&r.set(""date"",n),o(""/api/underlying/"".concat(encodeURIComponent(t),""/flow-vwap?"").concat(r.toString()),i,a?{signal:a}:{})}async function tm(t,e,n){let i=new URLSearchParams;t.event_type&&i.set(""event_type"",t.event_type),t.from&&i.set(""from"",t.from),t.to&&i.set(""to"",t.to),void 0!==t.limit&&i.set(""limit"",String(t.limit));let a=i.toString();return o(""/api/underlying/"".concat(encodeURIComponent(t.ticker),""/events"").concat(a?""?"".concat(a):""""),e,n?{signal:n}:{})}async function td(){let t=arguments.length>0&&void 0!==arguments[0]?arguments[0]:{},e=arguments.length>1?arguments[1]:void 0,n=arguments.length>2?arguments[2]:void 0,i=new URLSearchParams;t.from&&i.set(""from"",t.from),t.to&&i.set(""to"",t.to),t.e"
/api/calendar/events,/Volumes/EAGET/SKYLIT_RE/bundles_pass2/_next__static__chunks__7187-dbf517257821735b.js,26398,"t(t.ticker),""/events"").concat(a?""?"".concat(a):""""),e,n?{signal:n}:{})}async function td(){let t=arguments.length>0&&void 0!==arguments[0]?arguments[0]:{},e=arguments.length>1?arguments[1]:void 0,n=arguments.length>2?arguments[2]:void 0,i=new URLSearchParams;t.from&&i.set(""from"",t.from),t.to&&i.set(""to"",t.to),t.event_type&&i.set(""event_type"",t.event_type),void 0!==t.min_premium&&i.set(""min_premium"",String(t.min_premium)),void 0!==t.limit&&i.set(""limit"",String(t.limit));let a=i.toString();return o(""/api/calendar/events"".concat(a?""?"".concat(a):""""),e,n?{signal:n}:{})}async function tu(){let t=arguments.length>0&&void 0!==arguments[0]?arguments[0]:{},e=arguments.length>1?arguments[1]:void 0,n=arguments.length>2?arguments[2]:void 0,i=new URLSearchParams;t.from&&i.set(""from"",t.from),t.to&&i.set(""to"",t.to),void 0!==t.min_premium&&i.set(""min_premium"",String(t.min_premium)),void 0!==t.limit&&i.set(""limit"",String(t.limit));let a=i.toString();return o(""/api/calendar/earnings-moves"".concat(a?""?"".concat(a):""""),e,n?{signal:n}:{})}async function tp(){let t=arguments.length>0&&void 0!==arguments[0]?arguments[0]:{},e=arguments.length>1?arguments[1]:void 0,n=arguments.length>2?arguments[2]:void 0,i=new URLSearchParams;void 0!==t.limit&&i.set(""limit"",String(t.limit)),void 0!==t.min_rvol&&i.set(""min_rvol"",String(t.min_rvol)),void 0!==t.lookback_days&&i.set(""lookback_days"",String(t.lookback_days)),void 0!==t.min_avg_volume&&i.set(""min_avg_volume"",String(t.min_avg_volume));let a=i.toString();return o(""/api/compass/top-co"
/api/calendar/earnings-moves,/Volumes/EAGET/SKYLIT_RE/bundles_pass2/_next__static__chunks__7187-dbf517257821735b.js,26851,""",String(t.limit));let a=i.toString();return o(""/api/calendar/events"".concat(a?""?"".concat(a):""""),e,n?{signal:n}:{})}async function tu(){let t=arguments.length>0&&void 0!==arguments[0]?arguments[0]:{},e=arguments.length>1?arguments[1]:void 0,n=arguments.length>2?arguments[2]:void 0,i=new URLSearchParams;t.from&&i.set(""from"",t.from),t.to&&i.set(""to"",t.to),void 0!==t.min_premium&&i.set(""min_premium"",String(t.min_premium)),void 0!==t.limit&&i.set(""limit"",String(t.limit));let a=i.toString();return o(""/api/calendar/earnings-moves"".concat(a?""?"".concat(a):""""),e,n?{signal:n}:{})}async function tp(){let t=arguments.length>0&&void 0!==arguments[0]?arguments[0]:{},e=arguments.length>1?arguments[1]:void 0,n=arguments.length>2?arguments[2]:void 0,i=new URLSearchParams;void 0!==t.limit&&i.set(""limit"",String(t.limit)),void 0!==t.min_rvol&&i.set(""min_rvol"",String(t.min_rvol)),void 0!==t.lookback_days&&i.set(""lookback_days"",String(t.lookback_days)),void 0!==t.min_avg_volume&&i.set(""min_avg_volume"",String(t.min_avg_volume));let a=i.toString();return o(""/api/compass/top-contracts"".concat(a?""?"".concat(a):""""),e,n?{signal:n}:{})}async function t_(){let t=arguments.length>0&&void 0!==arguments[0]?arguments[0]:{},e=arguments.length>1?arguments[1]:void 0,n=arguments.length>2?arguments[2]:void 0,i=new URLSearchParams;void 0!==t.limit&&i.set(""limit"",String(t.limit)),void 0!==t.min_premium&&i.set(""min_premium"",String(t.min_premium));let a=i.toString();return o(""/api/compass/top-industries"".concat(a?""?"".concat(a):""""),e,n?{signal:n}:{}"
/api/compass/top-contracts,/Volumes/EAGET/SKYLIT_RE/bundles_pass2/_next__static__chunks__7187-dbf517257821735b.js,27400,"t(a):""""),e,n?{signal:n}:{})}async function tp(){let t=arguments.length>0&&void 0!==arguments[0]?arguments[0]:{},e=arguments.length>1?arguments[1]:void 0,n=arguments.length>2?arguments[2]:void 0,i=new URLSearchParams;void 0!==t.limit&&i.set(""limit"",String(t.limit)),void 0!==t.min_rvol&&i.set(""min_rvol"",String(t.min_rvol)),void 0!==t.lookback_days&&i.set(""lookback_days"",String(t.lookback_days)),void 0!==t.min_avg_volume&&i.set(""min_avg_volume"",String(t.min_avg_volume));let a=i.toString();return o(""/api/compass/top-contracts"".concat(a?""?"".concat(a):""""),e,n?{signal:n}:{})}async function t_(){let t=arguments.length>0&&void 0!==arguments[0]?arguments[0]:{},e=arguments.length>1?arguments[1]:void 0,n=arguments.length>2?arguments[2]:void 0,i=new URLSearchParams;void 0!==t.limit&&i.set(""limit"",String(t.limit)),void 0!==t.min_premium&&i.set(""min_premium"",String(t.min_premium));let a=i.toString();return o(""/api/compass/top-industries"".concat(a?""?"".concat(a):""""),e,n?{signal:n}:{})}async function tg(){let t=arguments.length>0&&void 0!==arguments[0]?arguments[0]:{},e=arguments.length>1?arguments[1]:void 0,n=arguments.length>2?arguments[2]:void 0,i=new URLSearchParams;void 0!==t.limit&&i.set(""limit"",String(t.limit)),void 0!==t.min_premium&&i.set(""min_premium"",String(t.min_premium));let a=i.toString();return o(""/api/compass/net-impact"".concat(a?""?"".concat(a):""""),e,n?{signal:n}:{})}async function tv(t,e,n){let i=new URLSearchParams;return i.set(""industry"",t.industry),void 0!==t.limit&&i.set(""limit"",String(t.limit)),void "
/api/compass/top-industries,/Volumes/EAGET/SKYLIT_RE/bundles_pass2/_next__static__chunks__7187-dbf517257821735b.js,27807,"min_avg_volume&&i.set(""min_avg_volume"",String(t.min_avg_volume));let a=i.toString();return o(""/api/compass/top-contracts"".concat(a?""?"".concat(a):""""),e,n?{signal:n}:{})}async function t_(){let t=arguments.length>0&&void 0!==arguments[0]?arguments[0]:{},e=arguments.length>1?arguments[1]:void 0,n=arguments.length>2?arguments[2]:void 0,i=new URLSearchParams;void 0!==t.limit&&i.set(""limit"",String(t.limit)),void 0!==t.min_premium&&i.set(""min_premium"",String(t.min_premium));let a=i.toString();return o(""/api/compass/top-industries"".concat(a?""?"".concat(a):""""),e,n?{signal:n}:{})}async function tg(){let t=arguments.length>0&&void 0!==arguments[0]?arguments[0]:{},e=arguments.length>1?arguments[1]:void 0,n=arguments.length>2?arguments[2]:void 0,i=new URLSearchParams;void 0!==t.limit&&i.set(""limit"",String(t.limit)),void 0!==t.min_premium&&i.set(""min_premium"",String(t.min_premium));let a=i.toString();return o(""/api/compass/net-impact"".concat(a?""?"".concat(a):""""),e,n?{signal:n}:{})}async function tv(t,e,n){let i=new URLSearchParams;return i.set(""industry"",t.industry),void 0!==t.limit&&i.set(""limit"",String(t.limit)),void 0!==t.min_premium&&i.set(""min_premium"",String(t.min_premium)),o(""/api/compass/industry-tickers?"".concat(i.toString()),e,n?{signal:n}:{})}async function th(){let t=arguments.length>0&&void 0!==arguments[0]?arguments[0]:{},e=arguments.length>1?arguments[1]:void 0,n=arguments.length>2?arguments[2]:void 0,i=new URLSearchParams;void 0!==t.window&&i.set(""window"",t.window);let a=i.toString();return o(""/api/compa"
/api/compass/net-impact,/Volumes/EAGET/SKYLIT_RE/bundles_pass2/_next__static__chunks__7187-dbf517257821735b.js,28215,"d 0!==t.min_premium&&i.set(""min_premium"",String(t.min_premium));let a=i.toString();return o(""/api/compass/top-industries"".concat(a?""?"".concat(a):""""),e,n?{signal:n}:{})}async function tg(){let t=arguments.length>0&&void 0!==arguments[0]?arguments[0]:{},e=arguments.length>1?arguments[1]:void 0,n=arguments.length>2?arguments[2]:void 0,i=new URLSearchParams;void 0!==t.limit&&i.set(""limit"",String(t.limit)),void 0!==t.min_premium&&i.set(""min_premium"",String(t.min_premium));let a=i.toString();return o(""/api/compass/net-impact"".concat(a?""?"".concat(a):""""),e,n?{signal:n}:{})}async function tv(t,e,n){let i=new URLSearchParams;return i.set(""industry"",t.industry),void 0!==t.limit&&i.set(""limit"",String(t.limit)),void 0!==t.min_premium&&i.set(""min_premium"",String(t.min_premium)),o(""/api/compass/industry-tickers?"".concat(i.toString()),e,n?{signal:n}:{})}async function th(){let t=arguments.length>0&&void 0!==arguments[0]?arguments[0]:{},e=arguments.length>1?arguments[1]:void 0,n=arguments.length>2?arguments[2]:void 0,i=new URLSearchParams;void 0!==t.window&&i.set(""window"",t.window);let a=i.toString();return o(""/api/compass/breadth-calendar"".concat(a?""?"".concat(a):""""),e,n?{signal:n}:{})}async function tS(){let t=arguments.length>0&&void 0!==arguments[0]?arguments[0]:{},e=arguments.length>1?arguments[1]:void 0,n=arguments.length>2?arguments[2]:void 0,i=new URLSearchParams;void 0!==t.window&&i.set(""window"",t.window);let a=i.toString();return o(""/api/compass/rotation-map"".concat(a?""?"".concat(a):""""),e,n?{signal:n}:{})}asy"
/api/compass/industry-tickers?,/Volumes/EAGET/SKYLIT_RE/bundles_pass2/_next__static__chunks__7187-dbf517257821735b.js,28492,"ments[1]:void 0,n=arguments.length>2?arguments[2]:void 0,i=new URLSearchParams;void 0!==t.limit&&i.set(""limit"",String(t.limit)),void 0!==t.min_premium&&i.set(""min_premium"",String(t.min_premium));let a=i.toString();return o(""/api/compass/net-impact"".concat(a?""?"".concat(a):""""),e,n?{signal:n}:{})}async function tv(t,e,n){let i=new URLSearchParams;return i.set(""industry"",t.industry),void 0!==t.limit&&i.set(""limit"",String(t.limit)),void 0!==t.min_premium&&i.set(""min_premium"",String(t.min_premium)),o(""/api/compass/industry-tickers?"".concat(i.toString()),e,n?{signal:n}:{})}async function th(){let t=arguments.length>0&&void 0!==arguments[0]?arguments[0]:{},e=arguments.length>1?arguments[1]:void 0,n=arguments.length>2?arguments[2]:void 0,i=new URLSearchParams;void 0!==t.window&&i.set(""window"",t.window);let a=i.toString();return o(""/api/compass/breadth-calendar"".concat(a?""?"".concat(a):""""),e,n?{signal:n}:{})}async function tS(){let t=arguments.length>0&&void 0!==arguments[0]?arguments[0]:{},e=arguments.length>1?arguments[1]:void 0,n=arguments.length>2?arguments[2]:void 0,i=new URLSearchParams;void 0!==t.window&&i.set(""window"",t.window);let a=i.toString();return o(""/api/compass/rotation-map"".concat(a?""?"".concat(a):""""),e,n?{signal:n}:{})}async function tw(t,e,n){let i=new URLSearchParams;void 0!==t.window&&i.set(""window"",t.window),void 0!==t.expiration&&i.set(""expiration"",t.expiration),void 0!==t.strikes&&i.set(""strikes"",String(t.strikes)),void 0!==t.date&&i.set(""date"",t.date);let a=i.toString();return o(""/api/underlyin"
/api/compass/breadth-calendar,/Volumes/EAGET/SKYLIT_RE/bundles_pass2/_next__static__chunks__7187-dbf517257821735b.js,28825,"SearchParams;return i.set(""industry"",t.industry),void 0!==t.limit&&i.set(""limit"",String(t.limit)),void 0!==t.min_premium&&i.set(""min_premium"",String(t.min_premium)),o(""/api/compass/industry-tickers?"".concat(i.toString()),e,n?{signal:n}:{})}async function th(){let t=arguments.length>0&&void 0!==arguments[0]?arguments[0]:{},e=arguments.length>1?arguments[1]:void 0,n=arguments.length>2?arguments[2]:void 0,i=new URLSearchParams;void 0!==t.window&&i.set(""window"",t.window);let a=i.toString();return o(""/api/compass/breadth-calendar"".concat(a?""?"".concat(a):""""),e,n?{signal:n}:{})}async function tS(){let t=arguments.length>0&&void 0!==arguments[0]?arguments[0]:{},e=arguments.length>1?arguments[1]:void 0,n=arguments.length>2?arguments[2]:void 0,i=new URLSearchParams;void 0!==t.window&&i.set(""window"",t.window);let a=i.toString();return o(""/api/compass/rotation-map"".concat(a?""?"".concat(a):""""),e,n?{signal:n}:{})}async function tw(t,e,n){let i=new URLSearchParams;void 0!==t.window&&i.set(""window"",t.window),void 0!==t.expiration&&i.set(""expiration"",t.expiration),void 0!==t.strikes&&i.set(""strikes"",String(t.strikes)),void 0!==t.date&&i.set(""date"",t.date);let a=i.toString();return o(""/api/underlying/"".concat(encodeURIComponent(t.ticker),""/strike-flow"").concat(a?""?"".concat(a):""""),e,n?{signal:n}:{})}async function ty(t,e,n){let i=new URLSearchParams;void 0!==t.date&&i.set(""date"",t.date),void 0!==t.expiration&&i.set(""expiration"",t.expiration),void 0!==t.strikes&&i.set(""strikes"",String(t.strikes));let a=i.toString();return o(""/"
/api/compass/rotation-map,/Volumes/EAGET/SKYLIT_RE/bundles_pass2/_next__static__chunks__7187-dbf517257821735b.js,29163,"ngth>1?arguments[1]:void 0,n=arguments.length>2?arguments[2]:void 0,i=new URLSearchParams;void 0!==t.window&&i.set(""window"",t.window);let a=i.toString();return o(""/api/compass/breadth-calendar"".concat(a?""?"".concat(a):""""),e,n?{signal:n}:{})}async function tS(){let t=arguments.length>0&&void 0!==arguments[0]?arguments[0]:{},e=arguments.length>1?arguments[1]:void 0,n=arguments.length>2?arguments[2]:void 0,i=new URLSearchParams;void 0!==t.window&&i.set(""window"",t.window);let a=i.toString();return o(""/api/compass/rotation-map"".concat(a?""?"".concat(a):""""),e,n?{signal:n}:{})}async function tw(t,e,n){let i=new URLSearchParams;void 0!==t.window&&i.set(""window"",t.window),void 0!==t.expiration&&i.set(""expiration"",t.expiration),void 0!==t.strikes&&i.set(""strikes"",String(t.strikes)),void 0!==t.date&&i.set(""date"",t.date);let a=i.toString();return o(""/api/underlying/"".concat(encodeURIComponent(t.ticker),""/strike-flow"").concat(a?""?"".concat(a):""""),e,n?{signal:n}:{})}async function ty(t,e,n){let i=new URLSearchParams;void 0!==t.date&&i.set(""date"",t.date),void 0!==t.expiration&&i.set(""expiration"",t.expiration),void 0!==t.strikes&&i.set(""strikes"",String(t.strikes));let a=i.toString();return o(""/api/underlying/"".concat(encodeURIComponent(t.ticker),""/strike-flow/session"").concat(a?""?"".concat(a):""""),e,n?{signal:n}:{})}async function tf(){let t=arguments.length>0&&void 0!==arguments[0]?arguments[0]:{},e=arguments.length>1?arguments[1]:void 0,n=arguments.length>2?arguments[2]:void 0,i=new URLSearchParams;void 0!==t.limit&&i.set"
/api/compass/repetitive-hits,/Volumes/EAGET/SKYLIT_RE/bundles_pass2/_next__static__chunks__7187-dbf517257821735b.js,30876,"_volume&&i.set(""min_tower_volume"",String(t.min_tower_volume)),void 0!==t.min_tower_premium&&i.set(""min_tower_premium"",String(t.min_tower_premium)),void 0!==t.max_multi_leg_ratio&&i.set(""max_multi_leg_ratio"",String(t.max_multi_leg_ratio)),void 0!==t.min_tower_mult&&i.set(""min_tower_mult"",String(t.min_tower_mult)),void 0!==t.vol_similarity&&i.set(""vol_similarity"",String(t.vol_similarity)),void 0!==t.min_recent_share&&i.set(""min_recent_share"",String(t.min_recent_share));let a=i.toString();return o(""/api/compass/repetitive-hits"".concat(a?""?"".concat(a):""""),e,n?{signal:n}:{})}async function tk(){let t=arguments.length>0&&void 0!==arguments[0]?arguments[0]:{},e=arguments.length>1?arguments[1]:void 0,n=arguments.length>2?arguments[2]:void 0,i=new URLSearchParams;void 0!==t.limit&&i.set(""limit"",String(t.limit)),void 0!==t.min_premium&&i.set(""min_premium"",String(t.min_premium));let a=i.toString();return o(""/api/compass/large-opening-orders"".concat(a?""?"".concat(a):""""),e,n?{signal:n}:{})}let tx={maxRules:25,maxNameLen:80,maxChannelsPerRule:5,minRateCap:1,maxRateCap:120,defaultRateCap:10};async function tP(t){return o(""/api/alerts"",t)}async function tb(t,e){return o(""/api/alerts"",e,{method:""POST"",headers:{""Content-Type"":""application/json""},body:JSON.stringify(t)})}async function tC(t,e,n){return o(""/api/alerts/"".concat(encodeURIComponent(t)),n,{method:""PUT"",headers:{""Content-Type"":""application/json""},body:JSON.stringify(e)})}async function tU(t,e){return o(""/api/alerts/"".concat(encodeURIComponent(t)),e,{method:""DELETE"
/api/compass/large-opening-orders,/Volumes/EAGET/SKYLIT_RE/bundles_pass2/_next__static__chunks__7187-dbf517257821735b.js,31285,"nt_share&&i.set(""min_recent_share"",String(t.min_recent_share));let a=i.toString();return o(""/api/compass/repetitive-hits"".concat(a?""?"".concat(a):""""),e,n?{signal:n}:{})}async function tk(){let t=arguments.length>0&&void 0!==arguments[0]?arguments[0]:{},e=arguments.length>1?arguments[1]:void 0,n=arguments.length>2?arguments[2]:void 0,i=new URLSearchParams;void 0!==t.limit&&i.set(""limit"",String(t.limit)),void 0!==t.min_premium&&i.set(""min_premium"",String(t.min_premium));let a=i.toString();return o(""/api/compass/large-opening-orders"".concat(a?""?"".concat(a):""""),e,n?{signal:n}:{})}let tx={maxRules:25,maxNameLen:80,maxChannelsPerRule:5,minRateCap:1,maxRateCap:120,defaultRateCap:10};async function tP(t){return o(""/api/alerts"",t)}async function tb(t,e){return o(""/api/alerts"",e,{method:""POST"",headers:{""Content-Type"":""application/json""},body:JSON.stringify(t)})}async function tC(t,e,n){return o(""/api/alerts/"".concat(encodeURIComponent(t)),n,{method:""PUT"",headers:{""Content-Type"":""application/json""},body:JSON.stringify(e)})}async function tU(t,e){return o(""/api/alerts/"".concat(encodeURIComponent(t)),e,{method:""DELETE""})}async function tO(){var t;let e=arguments.length>0&&void 0!==arguments[0]?arguments[0]:{},n=arguments.length>1?arguments[1]:void 0,i=new URLSearchParams;return e.ruleId&&i.set(""rule_id"",e.ruleId),e.ticker&&i.set(""ticker"",e.ticker),i.set(""limit"",String(null!=(t=e.limit)?t:50)),e.paginationToken&&i.set(""pagination_token"",e.paginationToken),o(""/api/alerts/events?"".concat(i.toString()),n)}async function tR(t,e)"
/api/alerts,/Volumes/EAGET/SKYLIT_RE/bundles_pass2/_next__static__chunks__7187-dbf517257821735b.js,31499,"void 0!==arguments[0]?arguments[0]:{},e=arguments.length>1?arguments[1]:void 0,n=arguments.length>2?arguments[2]:void 0,i=new URLSearchParams;void 0!==t.limit&&i.set(""limit"",String(t.limit)),void 0!==t.min_premium&&i.set(""min_premium"",String(t.min_premium));let a=i.toString();return o(""/api/compass/large-opening-orders"".concat(a?""?"".concat(a):""""),e,n?{signal:n}:{})}let tx={maxRules:25,maxNameLen:80,maxChannelsPerRule:5,minRateCap:1,maxRateCap:120,defaultRateCap:10};async function tP(t){return o(""/api/alerts"",t)}async function tb(t,e){return o(""/api/alerts"",e,{method:""POST"",headers:{""Content-Type"":""application/json""},body:JSON.stringify(t)})}async function tC(t,e,n){return o(""/api/alerts/"".concat(encodeURIComponent(t)),n,{method:""PUT"",headers:{""Content-Type"":""application/json""},body:JSON.stringify(e)})}async function tU(t,e){return o(""/api/alerts/"".concat(encodeURIComponent(t)),e,{method:""DELETE""})}async function tO(){var t;let e=arguments.length>0&&void 0!==arguments[0]?arguments[0]:{},n=arguments.length>1?arguments[1]:void 0,i=new URLSearchParams;return e.ruleId&&i.set(""rule_id"",e.ruleId),e.ticker&&i.set(""ticker"",e.ticker),i.set(""limit"",String(null!=(t=e.limit)?t:50)),e.paginationToken&&i.set(""pagination_token"",e.paginationToken),o(""/api/alerts/events?"".concat(i.toString()),n)}async function tR(t,e){return o(""/api/alerts/events/acknowledge"",e,{method:""POST"",headers:{""Content-Type"":""application/json""},body:JSON.stringify(t)})}async function tL(t,e){return o(""/api/alerts/events/acknowledge"
/api/alerts/,/Volumes/EAGET/SKYLIT_RE/bundles_pass2/_next__static__chunks__7187-dbf517257821735b.js,31682,"limit)),void 0!==t.min_premium&&i.set(""min_premium"",String(t.min_premium));let a=i.toString();return o(""/api/compass/large-opening-orders"".concat(a?""?"".concat(a):""""),e,n?{signal:n}:{})}let tx={maxRules:25,maxNameLen:80,maxChannelsPerRule:5,minRateCap:1,maxRateCap:120,defaultRateCap:10};async function tP(t){return o(""/api/alerts"",t)}async function tb(t,e){return o(""/api/alerts"",e,{method:""POST"",headers:{""Content-Type"":""application/json""},body:JSON.stringify(t)})}async function tC(t,e,n){return o(""/api/alerts/"".concat(encodeURIComponent(t)),n,{method:""PUT"",headers:{""Content-Type"":""application/json""},body:JSON.stringify(e)})}async function tU(t,e){return o(""/api/alerts/"".concat(encodeURIComponent(t)),e,{method:""DELETE""})}async function tO(){var t;let e=arguments.length>0&&void 0!==arguments[0]?arguments[0]:{},n=arguments.length>1?arguments[1]:void 0,i=new URLSearchParams;return e.ruleId&&i.set(""rule_id"",e.ruleId),e.ticker&&i.set(""ticker"",e.ticker),i.set(""limit"",String(null!=(t=e.limit)?t:50)),e.paginationToken&&i.set(""pagination_token"",e.paginationToken),o(""/api/alerts/events?"".concat(i.toString()),n)}async function tR(t,e){return o(""/api/alerts/events/acknowledge"",e,{method:""POST"",headers:{""Content-Type"":""application/json""},body:JSON.stringify(t)})}async function tL(t,e){return o(""/api/alerts/events/acknowledge-bulk"",e,{method:""POST"",headers:{""Content-Type"":""application/json""},body:JSON.stringify({events:t})})}},64269:(t,e,n)=>{n.d(e,{cn:()=>o});var i=n(2821),a=n(75889);function o(){for(var "
/api/alerts/events?,/Volumes/EAGET/SKYLIT_RE/bundles_pass2/_next__static__chunks__7187-dbf517257821735b.js,32252,"""Content-Type"":""application/json""},body:JSON.stringify(e)})}async function tU(t,e){return o(""/api/alerts/"".concat(encodeURIComponent(t)),e,{method:""DELETE""})}async function tO(){var t;let e=arguments.length>0&&void 0!==arguments[0]?arguments[0]:{},n=arguments.length>1?arguments[1]:void 0,i=new URLSearchParams;return e.ruleId&&i.set(""rule_id"",e.ruleId),e.ticker&&i.set(""ticker"",e.ticker),i.set(""limit"",String(null!=(t=e.limit)?t:50)),e.paginationToken&&i.set(""pagination_token"",e.paginationToken),o(""/api/alerts/events?"".concat(i.toString()),n)}async function tR(t,e){return o(""/api/alerts/events/acknowledge"",e,{method:""POST"",headers:{""Content-Type"":""application/json""},body:JSON.stringify(t)})}async function tL(t,e){return o(""/api/alerts/events/acknowledge-bulk"",e,{method:""POST"",headers:{""Content-Type"":""application/json""},body:JSON.stringify({events:t})})}},64269:(t,e,n)=>{n.d(e,{cn:()=>o});var i=n(2821),a=n(75889);function o(){for(var t=arguments.length,e=Array(t),n=0;n<t;n++)e[n]=arguments[n];return(0,a.QP)((0,i.$)(e))}},65685:(t,e,n)=>{n.d(e,{D:()=>r});var i=n(12115),a=n(55485),o=n(86666);function r(){let{themeMode:t,setThemeMode:e,isDark:n,theme:r,monoFont:c}=(0,a.DP)(),s=(0,o.Z9)(t),l=(0,i.useCallback)(()=>{""system""===t?e(""dark""):""dark""===t?e(""light""):""light""===t?e(""dark""):""dark-mono""===t?e(""light-mono""):""light-mono""===t?e(""dark-mono""):e(""dark"")},[t,e]),m=(0,i.useCallback)(()=>{""system""===t||""dark""===t?e(""dark-mono""):""light""===t?e(""light-mono""):""dark-mono""===t?e(""dark""):""light-mono""===t?e(""light"")"
/api/alerts/events/acknowledge,/Volumes/EAGET/SKYLIT_RE/bundles_pass2/_next__static__chunks__7187-dbf517257821735b.js,32330,"t,e){return o(""/api/alerts/"".concat(encodeURIComponent(t)),e,{method:""DELETE""})}async function tO(){var t;let e=arguments.length>0&&void 0!==arguments[0]?arguments[0]:{},n=arguments.length>1?arguments[1]:void 0,i=new URLSearchParams;return e.ruleId&&i.set(""rule_id"",e.ruleId),e.ticker&&i.set(""ticker"",e.ticker),i.set(""limit"",String(null!=(t=e.limit)?t:50)),e.paginationToken&&i.set(""pagination_token"",e.paginationToken),o(""/api/alerts/events?"".concat(i.toString()),n)}async function tR(t,e){return o(""/api/alerts/events/acknowledge"",e,{method:""POST"",headers:{""Content-Type"":""application/json""},body:JSON.stringify(t)})}async function tL(t,e){return o(""/api/alerts/events/acknowledge-bulk"",e,{method:""POST"",headers:{""Content-Type"":""application/json""},body:JSON.stringify({events:t})})}},64269:(t,e,n)=>{n.d(e,{cn:()=>o});var i=n(2821),a=n(75889);function o(){for(var t=arguments.length,e=Array(t),n=0;n<t;n++)e[n]=arguments[n];return(0,a.QP)((0,i.$)(e))}},65685:(t,e,n)=>{n.d(e,{D:()=>r});var i=n(12115),a=n(55485),o=n(86666);function r(){let{themeMode:t,setThemeMode:e,isDark:n,theme:r,monoFont:c}=(0,a.DP)(),s=(0,o.Z9)(t),l=(0,i.useCallback)(()=>{""system""===t?e(""dark""):""dark""===t?e(""light""):""light""===t?e(""dark""):""dark-mono""===t?e(""light-mono""):""light-mono""===t?e(""dark-mono""):e(""dark"")},[t,e]),m=(0,i.useCallback)(()=>{""system""===t||""dark""===t?e(""dark-mono""):""light""===t?e(""light-mono""):""dark-mono""===t?e(""dark""):""light-mono""===t?e(""light""):e(""dark-mono"")},[t,e]);return{mode:t,theme:r,isDark:n,isMono:s,toggleTheme:l,toggleMono:"
/api/alerts/events/acknowledge-bulk,/Volumes/EAGET/SKYLIT_RE/bundles_pass2/_next__static__chunks__7187-dbf517257821735b.js,32481,"0]?arguments[0]:{},n=arguments.length>1?arguments[1]:void 0,i=new URLSearchParams;return e.ruleId&&i.set(""rule_id"",e.ruleId),e.ticker&&i.set(""ticker"",e.ticker),i.set(""limit"",String(null!=(t=e.limit)?t:50)),e.paginationToken&&i.set(""pagination_token"",e.paginationToken),o(""/api/alerts/events?"".concat(i.toString()),n)}async function tR(t,e){return o(""/api/alerts/events/acknowledge"",e,{method:""POST"",headers:{""Content-Type"":""application/json""},body:JSON.stringify(t)})}async function tL(t,e){return o(""/api/alerts/events/acknowledge-bulk"",e,{method:""POST"",headers:{""Content-Type"":""application/json""},body:JSON.stringify({events:t})})}},64269:(t,e,n)=>{n.d(e,{cn:()=>o});var i=n(2821),a=n(75889);function o(){for(var t=arguments.length,e=Array(t),n=0;n<t;n++)e[n]=arguments[n];return(0,a.QP)((0,i.$)(e))}},65685:(t,e,n)=>{n.d(e,{D:()=>r});var i=n(12115),a=n(55485),o=n(86666);function r(){let{themeMode:t,setThemeMode:e,isDark:n,theme:r,monoFont:c}=(0,a.DP)(),s=(0,o.Z9)(t),l=(0,i.useCallback)(()=>{""system""===t?e(""dark""):""dark""===t?e(""light""):""light""===t?e(""dark""):""dark-mono""===t?e(""light-mono""):""light-mono""===t?e(""dark-mono""):e(""dark"")},[t,e]),m=(0,i.useCallback)(()=>{""system""===t||""dark""===t?e(""dark-mono""):""light""===t?e(""light-mono""):""dark-mono""===t?e(""dark""):""light-mono""===t?e(""light""):e(""dark-mono"")},[t,e]);return{mode:t,theme:r,isDark:n,isMono:s,toggleTheme:l,toggleMono:m,setMode:e,monoFont:c}}}}]);"
/api/stages,/Volumes/EAGET/SKYLIT_RE/bundles_pass2/_next__static__chunks__6696-f35cc60e1a8df3cf.js,13622,":()=>i,D1:()=>U,Eh:()=>er,Gi:()=>ee,I_:()=>Y,Ic:()=>Z,J:()=>S,Ku:()=>p,LK:()=>N,Nx:()=>d,OE:()=>f,Oo:()=>W,Pv:()=>$,QJ:()=>J,Qy:()=>y,Rx:()=>eu,Wu:()=>et,XC:()=>u,Xi:()=>b,Xp:()=>D,Yt:()=>M,Yv:()=>h,Z1:()=>V,ZG:()=>O,Zx:()=>G,_B:()=>ei,_e:()=>B,aU:()=>eo,az:()=>A,b9:()=>ec,cj:()=>a,cl:()=>x,d9:()=>I,dc:()=>j,en:()=>_,fq:()=>m,h2:()=>z,hl:()=>w,i1:()=>en,j_:()=>C,jk:()=>q,jq:()=>ea,kJ:()=>H,m5:()=>K,m9:()=>P,nP:()=>s,pV:()=>R,sY:()=>Q,tj:()=>X,tv:()=>g,u5:()=>F,v6:()=>E,xS:()=>l,yC:()=>L});let o=""/api/stages"";class a extends Error{constructor(e,t){super(e),this.name=""StagesAPIError"",this.status=t}}async function r(e,t){let n,o=arguments.length>2&&void 0!==arguments[2]?arguments[2]:{},r=new Headers(o.headers);if(t)try{let e=await t();e&&r.set(""Authorization"",""Bearer "".concat(e))}catch(e){console.warn(""[Stages API] Failed to get Clerk token:"",e)}let{body:c,...i}=o,u={...i,headers:r};void 0!==c&&(r.set(""Content-Type"",""application/json""),u.body=""string""==typeof c?c:JSON.stringify(c));try{n=await fetch(e,u)}catch(e){throw new a(""Network error: "".concat(e instanceof Error?e.message:""Unknown error""),0)}if(!n.ok){let e=""HTTP "".concat(n.status,"": "").concat(n.statusText);try{let t=await n.json();e=t.code||t.message||t.error||e}catch(e){}throw new a(e,n.status)}if(204!==n.status)return await n.json()}function c(e,t){let n=arguments.length>2&&void 0!==arguments[2]?arguments[2]:{};return r("""".concat(o).concat(e),t,n)}async function i(e,t){let n=t?""?status="".concat(encodeURIComponent(t)):"""",o=await c("""""
/api/users/,/Volumes/EAGET/SKYLIT_RE/bundles_pass2/_next__static__chunks__6696-f35cc60e1a8df3cf.js,18964,"rn c(""/"".concat(t,""/clips""),e,{method:""POST"",body:n})}function $(e,t){return c(""/"".concat(t,""/polls""),e)}function ee(e,t,n){return c(""/"".concat(t,""/polls""),e,{method:""POST"",body:n})}function et(e,t,n,o){return c(""/"".concat(t,""/polls/"").concat(n,""/vote""),e,{method:""POST"",body:{option_index:o}})}function en(e,t,n){return c(""/"".concat(t,""/polls/"").concat(n,""/close""),e,{method:""POST""})}function eo(e,t,n){return c(""/"".concat(t,""/reactions""),e,{method:""POST"",body:{emoji:n}})}function ea(e,t){return r(""/api/users/"".concat(t,""/track-record""),e)}function er(e,t,n){return c(""/"".concat(t,""/tidbits/"").concat(n,""/copy""),e,{method:""POST""})}async function ec(e,t){try{return await c(""/"".concat(t,""/catch-me-up""),e)}catch(e){if(e instanceof a&&404===e.status)return{summary:""""};throw e}}function ei(e,t){return c(""/"".concat(t,""/catch-me-up""),e,{method:""POST""})}function eu(e,t,n){return c(""/"".concat(t,""/transcript?q="").concat(encodeURIComponent(n)),e)}function es(e,t){return"""".concat(o,""/"").concat(e,""/stream?token="").concat(encodeURIComponent(t))}},78014:(e,t,n)=>{n.d(t,{PP:()=>r,Q9:()=>a,Wc:()=>c});var o=n(93094);let a={adaptiveStream:{pixelDensity:""screen""},dynacast:!0,videoCaptureDefaults:{resolution:o.gF.h1440.resolution},audioCaptureDefaults:{autoGainControl:!0,echoCancellation:!0,noiseSuppression:!0},publishDefaults:{simulcast:!0,videoSimulcastLayers:[o.gF.h360,o.gF.h720],screenShareEncoding:{maxBitrate:16e6,maxFramerate:30,priority:""high""},screenShareSimulcastLayers:[o.G0.h360fps3,new o.B9(1920,1080,45"
/api/nexus/users/me,/Volumes/EAGET/SKYLIT_RE/bundles_pass2/_next__static__chunks__4338-2835906ea9e42f40.js,17809,"GuildHeader||!c||r.has(""X-Guild-ID"")||r.set(""X-Guild-ID"",c);try{let e=await fetch(a,{...n,headers:r});if(!e.ok){let t=""HTTP "".concat(e.status,"": "").concat(e.statusText);try{let n=await e.json();t=n.message||n.error||t}catch(e){}throw new s(t,e.status)}if(204===e.status)return;return await e.json()}catch(e){if(e instanceof s||e instanceof DOMException&&""AbortError""===e.name)throw e;throw new s(""Network error: "".concat(e instanceof Error?e.message:""Unknown error""),0)}}async function d(e){return c(""/api/nexus/users/me"",e)}async function u(e){let t=arguments.length>1&&void 0!==arguments[1]?arguments[1]:{},n=new URLSearchParams;t.agentSlug&&n.set(""agent"",t.agentSlug),t.ticker&&n.set(""ticker"",t.ticker),t.direction&&n.set(""direction"",t.direction),t.status&&n.set(""status"",t.status),void 0!==t.limit&&n.set(""limit"",String(t.limit)),void 0!==t.offset&&n.set(""offset"",String(t.offset));let a=n.toString();return c(""/api/nexus/agent-setups"".concat(a?""?"".concat(a):""""),e,{skipGuildHeader:!0})}async function l(e,t){let n=arguments.length>2&&void 0!==arguments[2]?arguments[2]:{};return c(""/api/nexus/agent-scans/"".concat(encodeURIComponent(t),""/run""),e,{method:""POST"",headers:{""Content-Type"":""application/json""},body:JSON.stringify(n),skipGuildHeader:!0})}async function p(e,t){return c(""/api/nexus/users/me"",e,{method:""PUT"",headers:{""Content-Type"":""application/json""},body:JSON.stringify(t)})}async function m(e,t){return c(""/api/nexus/users/"".concat(encodeURIComponent(t)),e)}async function y(e,t){return c(""/api/nexus/us"
/api/nexus/agent-setups,/Volumes/EAGET/SKYLIT_RE/bundles_pass2/_next__static__chunks__4338-2835906ea9e42f40.js,18223,"concat(e instanceof Error?e.message:""Unknown error""),0)}}async function d(e){return c(""/api/nexus/users/me"",e)}async function u(e){let t=arguments.length>1&&void 0!==arguments[1]?arguments[1]:{},n=new URLSearchParams;t.agentSlug&&n.set(""agent"",t.agentSlug),t.ticker&&n.set(""ticker"",t.ticker),t.direction&&n.set(""direction"",t.direction),t.status&&n.set(""status"",t.status),void 0!==t.limit&&n.set(""limit"",String(t.limit)),void 0!==t.offset&&n.set(""offset"",String(t.offset));let a=n.toString();return c(""/api/nexus/agent-setups"".concat(a?""?"".concat(a):""""),e,{skipGuildHeader:!0})}async function l(e,t){let n=arguments.length>2&&void 0!==arguments[2]?arguments[2]:{};return c(""/api/nexus/agent-scans/"".concat(encodeURIComponent(t),""/run""),e,{method:""POST"",headers:{""Content-Type"":""application/json""},body:JSON.stringify(n),skipGuildHeader:!0})}async function p(e,t){return c(""/api/nexus/users/me"",e,{method:""PUT"",headers:{""Content-Type"":""application/json""},body:JSON.stringify(t)})}async function m(e,t){return c(""/api/nexus/users/"".concat(encodeURIComponent(t)),e)}async function y(e,t){return c(""/api/nexus/users/by-username/"".concat(encodeURIComponent(t)),e)}async function f(e,t){let n=new URLSearchParams;(null==t?void 0:t.ticker)&&n.append(""ticker"",t.ticker),(null==t?void 0:t.status)&&n.append(""status"",t.status),(null==t?void 0:t.userId)&&n.append(""userId"",t.userId),(null==t?void 0:t.limit)!==void 0&&n.append(""limit"",t.limit.toString()),(null==t?void 0:t.offset)!==void 0&&n.append(""offset"",t.offset.toString());let a=n"
/api/nexus/agent-scans/,/Volumes/EAGET/SKYLIT_RE/bundles_pass2/_next__static__chunks__4338-2835906ea9e42f40.js,18395,"nts[1]?arguments[1]:{},n=new URLSearchParams;t.agentSlug&&n.set(""agent"",t.agentSlug),t.ticker&&n.set(""ticker"",t.ticker),t.direction&&n.set(""direction"",t.direction),t.status&&n.set(""status"",t.status),void 0!==t.limit&&n.set(""limit"",String(t.limit)),void 0!==t.offset&&n.set(""offset"",String(t.offset));let a=n.toString();return c(""/api/nexus/agent-setups"".concat(a?""?"".concat(a):""""),e,{skipGuildHeader:!0})}async function l(e,t){let n=arguments.length>2&&void 0!==arguments[2]?arguments[2]:{};return c(""/api/nexus/agent-scans/"".concat(encodeURIComponent(t),""/run""),e,{method:""POST"",headers:{""Content-Type"":""application/json""},body:JSON.stringify(n),skipGuildHeader:!0})}async function p(e,t){return c(""/api/nexus/users/me"",e,{method:""PUT"",headers:{""Content-Type"":""application/json""},body:JSON.stringify(t)})}async function m(e,t){return c(""/api/nexus/users/"".concat(encodeURIComponent(t)),e)}async function y(e,t){return c(""/api/nexus/users/by-username/"".concat(encodeURIComponent(t)),e)}async function f(e,t){let n=new URLSearchParams;(null==t?void 0:t.ticker)&&n.append(""ticker"",t.ticker),(null==t?void 0:t.status)&&n.append(""status"",t.status),(null==t?void 0:t.userId)&&n.append(""userId"",t.userId),(null==t?void 0:t.limit)!==void 0&&n.append(""limit"",t.limit.toString()),(null==t?void 0:t.offset)!==void 0&&n.append(""offset"",t.offset.toString());let a=n.toString();return c(""/api/nexus/trades"".concat(a?""?"".concat(a):""""),e)}async function g(e,t,n){let a=arguments.length>3&&void 0!==arguments[3]&&arguments[3],i=new URLSearch"
/api/nexus/users/,/Volumes/EAGET/SKYLIT_RE/bundles_pass2/_next__static__chunks__4338-2835906ea9e42f40.js,18732,"us/agent-setups"".concat(a?""?"".concat(a):""""),e,{skipGuildHeader:!0})}async function l(e,t){let n=arguments.length>2&&void 0!==arguments[2]?arguments[2]:{};return c(""/api/nexus/agent-scans/"".concat(encodeURIComponent(t),""/run""),e,{method:""POST"",headers:{""Content-Type"":""application/json""},body:JSON.stringify(n),skipGuildHeader:!0})}async function p(e,t){return c(""/api/nexus/users/me"",e,{method:""PUT"",headers:{""Content-Type"":""application/json""},body:JSON.stringify(t)})}async function m(e,t){return c(""/api/nexus/users/"".concat(encodeURIComponent(t)),e)}async function y(e,t){return c(""/api/nexus/users/by-username/"".concat(encodeURIComponent(t)),e)}async function f(e,t){let n=new URLSearchParams;(null==t?void 0:t.ticker)&&n.append(""ticker"",t.ticker),(null==t?void 0:t.status)&&n.append(""status"",t.status),(null==t?void 0:t.userId)&&n.append(""userId"",t.userId),(null==t?void 0:t.limit)!==void 0&&n.append(""limit"",t.limit.toString()),(null==t?void 0:t.offset)!==void 0&&n.append(""offset"",t.offset.toString());let a=n.toString();return c(""/api/nexus/trades"".concat(a?""?"".concat(a):""""),e)}async function g(e,t,n){let a=arguments.length>3&&void 0!==arguments[3]&&arguments[3],i=new URLSearchParams;return i.set(""ticker"",t),i.set(""scope"",n),a&&i.set(""includeClosed"",""true""),c(""/api/nexus/chart/positions?"".concat(i.toString()),e)}async function h(e,t){return c(""/api/nexus/trades/"".concat(encodeURIComponent(t)),e)}async function T(e,t,n){let a=new URLSearchParams;(null==n?void 0:n.limit)!==void 0&&a.append(""limit"",n.limi"
/api/nexus/users/by-username/,/Volumes/EAGET/SKYLIT_RE/bundles_pass2/_next__static__chunks__4338-2835906ea9e42f40.js,18816,"(e,t){let n=arguments.length>2&&void 0!==arguments[2]?arguments[2]:{};return c(""/api/nexus/agent-scans/"".concat(encodeURIComponent(t),""/run""),e,{method:""POST"",headers:{""Content-Type"":""application/json""},body:JSON.stringify(n),skipGuildHeader:!0})}async function p(e,t){return c(""/api/nexus/users/me"",e,{method:""PUT"",headers:{""Content-Type"":""application/json""},body:JSON.stringify(t)})}async function m(e,t){return c(""/api/nexus/users/"".concat(encodeURIComponent(t)),e)}async function y(e,t){return c(""/api/nexus/users/by-username/"".concat(encodeURIComponent(t)),e)}async function f(e,t){let n=new URLSearchParams;(null==t?void 0:t.ticker)&&n.append(""ticker"",t.ticker),(null==t?void 0:t.status)&&n.append(""status"",t.status),(null==t?void 0:t.userId)&&n.append(""userId"",t.userId),(null==t?void 0:t.limit)!==void 0&&n.append(""limit"",t.limit.toString()),(null==t?void 0:t.offset)!==void 0&&n.append(""offset"",t.offset.toString());let a=n.toString();return c(""/api/nexus/trades"".concat(a?""?"".concat(a):""""),e)}async function g(e,t,n){let a=arguments.length>3&&void 0!==arguments[3]&&arguments[3],i=new URLSearchParams;return i.set(""ticker"",t),i.set(""scope"",n),a&&i.set(""includeClosed"",""true""),c(""/api/nexus/chart/positions?"".concat(i.toString()),e)}async function h(e,t){return c(""/api/nexus/trades/"".concat(encodeURIComponent(t)),e)}async function T(e,t,n){let a=new URLSearchParams;(null==n?void 0:n.limit)!==void 0&&a.append(""limit"",n.limit.toString());let i=a.toString();try{return await c(""/api/nexus/trades/"".concat(encodeURICompone"
/api/nexus/trades,/Volumes/EAGET/SKYLIT_RE/bundles_pass2/_next__static__chunks__4338-2835906ea9e42f40.js,19269,"omponent(t)),e)}async function y(e,t){return c(""/api/nexus/users/by-username/"".concat(encodeURIComponent(t)),e)}async function f(e,t){let n=new URLSearchParams;(null==t?void 0:t.ticker)&&n.append(""ticker"",t.ticker),(null==t?void 0:t.status)&&n.append(""status"",t.status),(null==t?void 0:t.userId)&&n.append(""userId"",t.userId),(null==t?void 0:t.limit)!==void 0&&n.append(""limit"",t.limit.toString()),(null==t?void 0:t.offset)!==void 0&&n.append(""offset"",t.offset.toString());let a=n.toString();return c(""/api/nexus/trades"".concat(a?""?"".concat(a):""""),e)}async function g(e,t,n){let a=arguments.length>3&&void 0!==arguments[3]&&arguments[3],i=new URLSearchParams;return i.set(""ticker"",t),i.set(""scope"",n),a&&i.set(""includeClosed"",""true""),c(""/api/nexus/chart/positions?"".concat(i.toString()),e)}async function h(e,t){return c(""/api/nexus/trades/"".concat(encodeURIComponent(t)),e)}async function T(e,t,n){let a=new URLSearchParams;(null==n?void 0:n.limit)!==void 0&&a.append(""limit"",n.limit.toString());let i=a.toString();try{return await c(""/api/nexus/trades/"".concat(encodeURIComponent(t),""/pnl-history"").concat(i?""?"".concat(i):""""),e)}catch(e){if(e instanceof s&&404===e.status)return[];throw e}}async function C(e,t){let{guildId:n,...a}=t;return c(""/api/nexus/trades"",e,{method:""POST"",headers:{""Content-Type"":""application/json"",...n?{""X-Guild-ID"":n}:{}},body:JSON.stringify(a)})}async function S(e,t,n){return c(""/api/nexus/trades/"".concat(encodeURIComponent(t),""/entries""),e,{method:""POST"",headers:{""Content-Type"":""applica"
/api/nexus/chart/positions?,/Volumes/EAGET/SKYLIT_RE/bundles_pass2/_next__static__chunks__4338-2835906ea9e42f40.js,19504,"atus)&&n.append(""status"",t.status),(null==t?void 0:t.userId)&&n.append(""userId"",t.userId),(null==t?void 0:t.limit)!==void 0&&n.append(""limit"",t.limit.toString()),(null==t?void 0:t.offset)!==void 0&&n.append(""offset"",t.offset.toString());let a=n.toString();return c(""/api/nexus/trades"".concat(a?""?"".concat(a):""""),e)}async function g(e,t,n){let a=arguments.length>3&&void 0!==arguments[3]&&arguments[3],i=new URLSearchParams;return i.set(""ticker"",t),i.set(""scope"",n),a&&i.set(""includeClosed"",""true""),c(""/api/nexus/chart/positions?"".concat(i.toString()),e)}async function h(e,t){return c(""/api/nexus/trades/"".concat(encodeURIComponent(t)),e)}async function T(e,t,n){let a=new URLSearchParams;(null==n?void 0:n.limit)!==void 0&&a.append(""limit"",n.limit.toString());let i=a.toString();try{return await c(""/api/nexus/trades/"".concat(encodeURIComponent(t),""/pnl-history"").concat(i?""?"".concat(i):""""),e)}catch(e){if(e instanceof s&&404===e.status)return[];throw e}}async function C(e,t){let{guildId:n,...a}=t;return c(""/api/nexus/trades"",e,{method:""POST"",headers:{""Content-Type"":""application/json"",...n?{""X-Guild-ID"":n}:{}},body:JSON.stringify(a)})}async function S(e,t,n){return c(""/api/nexus/trades/"".concat(encodeURIComponent(t),""/entries""),e,{method:""POST"",headers:{""Content-Type"":""application/json""},body:JSON.stringify(n)})}async function x(e,t,n){return c(""/api/nexus/trades/"".concat(encodeURIComponent(t),""/exits""),e,{method:""POST"",headers:{""Content-Type"":""application/json""},body:JSON.stringify(n)})}async function k(e,t,n,a){ret"
/api/nexus/trades/,/Volumes/EAGET/SKYLIT_RE/bundles_pass2/_next__static__chunks__4338-2835906ea9e42f40.js,19589,"rId),(null==t?void 0:t.limit)!==void 0&&n.append(""limit"",t.limit.toString()),(null==t?void 0:t.offset)!==void 0&&n.append(""offset"",t.offset.toString());let a=n.toString();return c(""/api/nexus/trades"".concat(a?""?"".concat(a):""""),e)}async function g(e,t,n){let a=arguments.length>3&&void 0!==arguments[3]&&arguments[3],i=new URLSearchParams;return i.set(""ticker"",t),i.set(""scope"",n),a&&i.set(""includeClosed"",""true""),c(""/api/nexus/chart/positions?"".concat(i.toString()),e)}async function h(e,t){return c(""/api/nexus/trades/"".concat(encodeURIComponent(t)),e)}async function T(e,t,n){let a=new URLSearchParams;(null==n?void 0:n.limit)!==void 0&&a.append(""limit"",n.limit.toString());let i=a.toString();try{return await c(""/api/nexus/trades/"".concat(encodeURIComponent(t),""/pnl-history"").concat(i?""?"".concat(i):""""),e)}catch(e){if(e instanceof s&&404===e.status)return[];throw e}}async function C(e,t){let{guildId:n,...a}=t;return c(""/api/nexus/trades"",e,{method:""POST"",headers:{""Content-Type"":""application/json"",...n?{""X-Guild-ID"":n}:{}},body:JSON.stringify(a)})}async function S(e,t,n){return c(""/api/nexus/trades/"".concat(encodeURIComponent(t),""/entries""),e,{method:""POST"",headers:{""Content-Type"":""application/json""},body:JSON.stringify(n)})}async function x(e,t,n){return c(""/api/nexus/trades/"".concat(encodeURIComponent(t),""/exits""),e,{method:""POST"",headers:{""Content-Type"":""application/json""},body:JSON.stringify(n)})}async function k(e,t,n,a){return c(""/api/nexus/"".concat(encodeURIComponent(t),""/"").concat(encodeURICompon"
/api/nexus/,/Volumes/EAGET/SKYLIT_RE/bundles_pass2/_next__static__chunks__4338-2835906ea9e42f40.js,20539,"hod:""POST"",headers:{""Content-Type"":""application/json"",...n?{""X-Guild-ID"":n}:{}},body:JSON.stringify(a)})}async function S(e,t,n){return c(""/api/nexus/trades/"".concat(encodeURIComponent(t),""/entries""),e,{method:""POST"",headers:{""Content-Type"":""application/json""},body:JSON.stringify(n)})}async function x(e,t,n){return c(""/api/nexus/trades/"".concat(encodeURIComponent(t),""/exits""),e,{method:""POST"",headers:{""Content-Type"":""application/json""},body:JSON.stringify(n)})}async function k(e,t,n,a){return c(""/api/nexus/"".concat(encodeURIComponent(t),""/"").concat(encodeURIComponent(n),""/reactions""),e,{method:""POST"",headers:{""Content-Type"":""application/json""},body:JSON.stringify({reaction:a})})}async function v(e,t,n){return c(""/api/nexus/"".concat(encodeURIComponent(t),""/"").concat(encodeURIComponent(n),""/bookmark""),e,{method:""POST"",headers:{""Content-Type"":""application/json""},body:JSON.stringify({})})}async function I(e,t){return c(""/api/nexus/users/"".concat(encodeURIComponent(t),""/follow""),e,{method:""POST""})}async function P(e,t){return c(""/api/nexus/users/"".concat(encodeURIComponent(t),""/follow""),e,{method:""DELETE""})}async function w(e){var t;return null!=(t=(await c(""/api/nexus/users/me/following"",e)).following)?t:[]}async function R(e,t,n){return(await c(""/api/nexus/"".concat(encodeURIComponent(t),""/"").concat(encodeURIComponent(n),""/comments""),e)).comments}async function A(e,t,n,a,i){return c(""/api/nexus/"".concat(encodeURIComponent(t),""/"").concat(encodeURIComponent(n),""/comments""),e,{method:""POST"",head"
/api/nexus/users/me/following,/Volumes/EAGET/SKYLIT_RE/bundles_pass2/_next__static__chunks__4338-2835906ea9e42f40.js,21210,"({reaction:a})})}async function v(e,t,n){return c(""/api/nexus/"".concat(encodeURIComponent(t),""/"").concat(encodeURIComponent(n),""/bookmark""),e,{method:""POST"",headers:{""Content-Type"":""application/json""},body:JSON.stringify({})})}async function I(e,t){return c(""/api/nexus/users/"".concat(encodeURIComponent(t),""/follow""),e,{method:""POST""})}async function P(e,t){return c(""/api/nexus/users/"".concat(encodeURIComponent(t),""/follow""),e,{method:""DELETE""})}async function w(e){var t;return null!=(t=(await c(""/api/nexus/users/me/following"",e)).following)?t:[]}async function R(e,t,n){return(await c(""/api/nexus/"".concat(encodeURIComponent(t),""/"").concat(encodeURIComponent(n),""/comments""),e)).comments}async function A(e,t,n,a,i){return c(""/api/nexus/"".concat(encodeURIComponent(t),""/"").concat(encodeURIComponent(n),""/comments""),e,{method:""POST"",headers:{""Content-Type"":""application/json""},body:JSON.stringify({content:a,parentId:i})})}async function b(e,t){let n=new URLSearchParams;(null==t?void 0:t.ticker)&&n.append(""ticker"",t.ticker),(null==t?void 0:t.status)&&n.append(""status"",t.status),(null==t?void 0:t.userId)&&n.append(""userId"",t.userId);let a=n.toString();return c(""/api/nexus/ideas"".concat(a?""?"".concat(a):""""),e)}async function _(e,t){return c(""/api/nexus/ideas"",e,{method:""POST"",headers:{""Content-Type"":""application/json""},body:JSON.stringify(t)})}async function U(e,t){let n=new URLSearchParams;(null==t?void 0:t.tab)&&n.append(""tab"",t.tab),(null==t?void 0:t.ticker)&&n.append(""ticker"",t.ticker),(null==t?void 0:t.limit)!==v"
/api/nexus/ideas,/Volumes/EAGET/SKYLIT_RE/bundles_pass2/_next__static__chunks__4338-2835906ea9e42f40.js,21879,"/comments""),e)).comments}async function A(e,t,n,a,i){return c(""/api/nexus/"".concat(encodeURIComponent(t),""/"").concat(encodeURIComponent(n),""/comments""),e,{method:""POST"",headers:{""Content-Type"":""application/json""},body:JSON.stringify({content:a,parentId:i})})}async function b(e,t){let n=new URLSearchParams;(null==t?void 0:t.ticker)&&n.append(""ticker"",t.ticker),(null==t?void 0:t.status)&&n.append(""status"",t.status),(null==t?void 0:t.userId)&&n.append(""userId"",t.userId);let a=n.toString();return c(""/api/nexus/ideas"".concat(a?""?"".concat(a):""""),e)}async function _(e,t){return c(""/api/nexus/ideas"",e,{method:""POST"",headers:{""Content-Type"":""application/json""},body:JSON.stringify(t)})}async function U(e,t){let n=new URLSearchParams;(null==t?void 0:t.tab)&&n.append(""tab"",t.tab),(null==t?void 0:t.ticker)&&n.append(""ticker"",t.ticker),(null==t?void 0:t.limit)!==void 0&&n.append(""limit"",t.limit.toString()),(null==t?void 0:t.offset)!==void 0&&n.append(""offset"",t.offset.toString());let a=n.toString();return c(""/api/nexus/feed"".concat(a?""?"".concat(a):""""),e)}async function D(e,t){let n=new URLSearchParams;(null==t?void 0:t.timeframe)&&n.append(""timeframe"",t.timeframe),(null==t?void 0:t.verifiedOnly)&&n.append(""verifiedOnly"",""true""),(null==t?void 0:t.limit)!==void 0&&n.append(""limit"",t.limit.toString()),(null==t?void 0:t.offset)!==void 0&&n.append(""offset"",t.offset.toString());let a=n.toString();return c(""/api/nexus/leaderboard"".concat(a?""?"".concat(a):""""),e,{skipGuildHeader:!0})}async function O(e,t){let n=new U"
/api/nexus/feed,/Volumes/EAGET/SKYLIT_RE/bundles_pass2/_next__static__chunks__4338-2835906ea9e42f40.js,22388,"us/ideas"".concat(a?""?"".concat(a):""""),e)}async function _(e,t){return c(""/api/nexus/ideas"",e,{method:""POST"",headers:{""Content-Type"":""application/json""},body:JSON.stringify(t)})}async function U(e,t){let n=new URLSearchParams;(null==t?void 0:t.tab)&&n.append(""tab"",t.tab),(null==t?void 0:t.ticker)&&n.append(""ticker"",t.ticker),(null==t?void 0:t.limit)!==void 0&&n.append(""limit"",t.limit.toString()),(null==t?void 0:t.offset)!==void 0&&n.append(""offset"",t.offset.toString());let a=n.toString();return c(""/api/nexus/feed"".concat(a?""?"".concat(a):""""),e)}async function D(e,t){let n=new URLSearchParams;(null==t?void 0:t.timeframe)&&n.append(""timeframe"",t.timeframe),(null==t?void 0:t.verifiedOnly)&&n.append(""verifiedOnly"",""true""),(null==t?void 0:t.limit)!==void 0&&n.append(""limit"",t.limit.toString()),(null==t?void 0:t.offset)!==void 0&&n.append(""offset"",t.offset.toString());let a=n.toString();return c(""/api/nexus/leaderboard"".concat(a?""?"".concat(a):""""),e,{skipGuildHeader:!0})}async function O(e,t){let n=new URLSearchParams({q:t});return c(""/api/nexus/search/tickers?"".concat(n),e)}async function E(e,t){let n=new URLSearchParams({username:t});return c(""/api/nexus/users/me/username-available?"".concat(n),e)}async function N(e,t){var n;let a=new URLSearchParams({q:t}),i=await c(""/api/nexus/search/users?"".concat(a),e);return Array.isArray(i)?i:null!=(n=i.users)?n:[]}async function Q(e,t){let n=new URLSearchParams({serverId:t});return c(""/api/nexus/routing-rules?"".concat(n),e)}async function j(e,t){return c(""/api/"
/api/nexus/leaderboard,/Volumes/EAGET/SKYLIT_RE/bundles_pass2/_next__static__chunks__4338-2835906ea9e42f40.js,22788,"ll==t?void 0:t.offset)!==void 0&&n.append(""offset"",t.offset.toString());let a=n.toString();return c(""/api/nexus/feed"".concat(a?""?"".concat(a):""""),e)}async function D(e,t){let n=new URLSearchParams;(null==t?void 0:t.timeframe)&&n.append(""timeframe"",t.timeframe),(null==t?void 0:t.verifiedOnly)&&n.append(""verifiedOnly"",""true""),(null==t?void 0:t.limit)!==void 0&&n.append(""limit"",t.limit.toString()),(null==t?void 0:t.offset)!==void 0&&n.append(""offset"",t.offset.toString());let a=n.toString();return c(""/api/nexus/leaderboard"".concat(a?""?"".concat(a):""""),e,{skipGuildHeader:!0})}async function O(e,t){let n=new URLSearchParams({q:t});return c(""/api/nexus/search/tickers?"".concat(n),e)}async function E(e,t){let n=new URLSearchParams({username:t});return c(""/api/nexus/users/me/username-available?"".concat(n),e)}async function N(e,t){var n;let a=new URLSearchParams({q:t}),i=await c(""/api/nexus/search/users?"".concat(a),e);return Array.isArray(i)?i:null!=(n=i.users)?n:[]}async function Q(e,t){let n=new URLSearchParams({serverId:t});return c(""/api/nexus/routing-rules?"".concat(n),e)}async function j(e,t){return c(""/api/nexus/routing-rules"",e,{method:""POST"",headers:{""Content-Type"":""application/json""},body:JSON.stringify(t)})}async function J(e,t,n){return c(""/api/nexus/routing-rules/"".concat(encodeURIComponent(t)),e,{method:""PUT"",headers:{""Content-Type"":""application/json""},body:JSON.stringify(n)})}async function L(e,t){return c(""/api/nexus/routing-rules/"".concat(encodeURIComponent(t)),e,{method:""DELETE""})}async function"
/api/nexus/search/tickers?,/Volumes/EAGET/SKYLIT_RE/bundles_pass2/_next__static__chunks__4338-2835906ea9e42f40.js,22928,":""""),e)}async function D(e,t){let n=new URLSearchParams;(null==t?void 0:t.timeframe)&&n.append(""timeframe"",t.timeframe),(null==t?void 0:t.verifiedOnly)&&n.append(""verifiedOnly"",""true""),(null==t?void 0:t.limit)!==void 0&&n.append(""limit"",t.limit.toString()),(null==t?void 0:t.offset)!==void 0&&n.append(""offset"",t.offset.toString());let a=n.toString();return c(""/api/nexus/leaderboard"".concat(a?""?"".concat(a):""""),e,{skipGuildHeader:!0})}async function O(e,t){let n=new URLSearchParams({q:t});return c(""/api/nexus/search/tickers?"".concat(n),e)}async function E(e,t){let n=new URLSearchParams({username:t});return c(""/api/nexus/users/me/username-available?"".concat(n),e)}async function N(e,t){var n;let a=new URLSearchParams({q:t}),i=await c(""/api/nexus/search/users?"".concat(a),e);return Array.isArray(i)?i:null!=(n=i.users)?n:[]}async function Q(e,t){let n=new URLSearchParams({serverId:t});return c(""/api/nexus/routing-rules?"".concat(n),e)}async function j(e,t){return c(""/api/nexus/routing-rules"",e,{method:""POST"",headers:{""Content-Type"":""application/json""},body:JSON.stringify(t)})}async function J(e,t,n){return c(""/api/nexus/routing-rules/"".concat(encodeURIComponent(t)),e,{method:""PUT"",headers:{""Content-Type"":""application/json""},body:JSON.stringify(n)})}async function L(e,t){return c(""/api/nexus/routing-rules/"".concat(encodeURIComponent(t)),e,{method:""DELETE""})}async function q(e,t){return c(""/api/nexus/discord/servers/"".concat(encodeURIComponent(t),""/embed-templates""),e)}async function M(e,t,n){return c(""/api/nexus/"
/api/nexus/users/me/username-available?,/Volumes/EAGET/SKYLIT_RE/bundles_pass2/_next__static__chunks__4338-2835906ea9e42f40.js,23041,"frame),(null==t?void 0:t.verifiedOnly)&&n.append(""verifiedOnly"",""true""),(null==t?void 0:t.limit)!==void 0&&n.append(""limit"",t.limit.toString()),(null==t?void 0:t.offset)!==void 0&&n.append(""offset"",t.offset.toString());let a=n.toString();return c(""/api/nexus/leaderboard"".concat(a?""?"".concat(a):""""),e,{skipGuildHeader:!0})}async function O(e,t){let n=new URLSearchParams({q:t});return c(""/api/nexus/search/tickers?"".concat(n),e)}async function E(e,t){let n=new URLSearchParams({username:t});return c(""/api/nexus/users/me/username-available?"".concat(n),e)}async function N(e,t){var n;let a=new URLSearchParams({q:t}),i=await c(""/api/nexus/search/users?"".concat(a),e);return Array.isArray(i)?i:null!=(n=i.users)?n:[]}async function Q(e,t){let n=new URLSearchParams({serverId:t});return c(""/api/nexus/routing-rules?"".concat(n),e)}async function j(e,t){return c(""/api/nexus/routing-rules"",e,{method:""POST"",headers:{""Content-Type"":""application/json""},body:JSON.stringify(t)})}async function J(e,t,n){return c(""/api/nexus/routing-rules/"".concat(encodeURIComponent(t)),e,{method:""PUT"",headers:{""Content-Type"":""application/json""},body:JSON.stringify(n)})}async function L(e,t){return c(""/api/nexus/routing-rules/"".concat(encodeURIComponent(t)),e,{method:""DELETE""})}async function q(e,t){return c(""/api/nexus/discord/servers/"".concat(encodeURIComponent(t),""/embed-templates""),e)}async function M(e,t,n){return c(""/api/nexus/discord/servers/"".concat(encodeURIComponent(t),""/embed-templates""),e,{method:""PUT"",headers:{""Content-Type"":""application/json""}"
/api/nexus/search/users?,/Volumes/EAGET/SKYLIT_RE/bundles_pass2/_next__static__chunks__4338-2835906ea9e42f40.js,23167,"limit.toString()),(null==t?void 0:t.offset)!==void 0&&n.append(""offset"",t.offset.toString());let a=n.toString();return c(""/api/nexus/leaderboard"".concat(a?""?"".concat(a):""""),e,{skipGuildHeader:!0})}async function O(e,t){let n=new URLSearchParams({q:t});return c(""/api/nexus/search/tickers?"".concat(n),e)}async function E(e,t){let n=new URLSearchParams({username:t});return c(""/api/nexus/users/me/username-available?"".concat(n),e)}async function N(e,t){var n;let a=new URLSearchParams({q:t}),i=await c(""/api/nexus/search/users?"".concat(a),e);return Array.isArray(i)?i:null!=(n=i.users)?n:[]}async function Q(e,t){let n=new URLSearchParams({serverId:t});return c(""/api/nexus/routing-rules?"".concat(n),e)}async function j(e,t){return c(""/api/nexus/routing-rules"",e,{method:""POST"",headers:{""Content-Type"":""application/json""},body:JSON.stringify(t)})}async function J(e,t,n){return c(""/api/nexus/routing-rules/"".concat(encodeURIComponent(t)),e,{method:""PUT"",headers:{""Content-Type"":""application/json""},body:JSON.stringify(n)})}async function L(e,t){return c(""/api/nexus/routing-rules/"".concat(encodeURIComponent(t)),e,{method:""DELETE""})}async function q(e,t){return c(""/api/nexus/discord/servers/"".concat(encodeURIComponent(t),""/embed-templates""),e)}async function M(e,t,n){return c(""/api/nexus/discord/servers/"".concat(encodeURIComponent(t),""/embed-templates""),e,{method:""PUT"",headers:{""Content-Type"":""application/json""},body:JSON.stringify(n)})}async function Y(e,t){return c(""/api/nexus/discord/servers/"".concat(encodeURIComponen"
/api/nexus/routing-rules?,/Volumes/EAGET/SKYLIT_RE/bundles_pass2/_next__static__chunks__4338-2835906ea9e42f40.js,23327,"oncat(a):""""),e,{skipGuildHeader:!0})}async function O(e,t){let n=new URLSearchParams({q:t});return c(""/api/nexus/search/tickers?"".concat(n),e)}async function E(e,t){let n=new URLSearchParams({username:t});return c(""/api/nexus/users/me/username-available?"".concat(n),e)}async function N(e,t){var n;let a=new URLSearchParams({q:t}),i=await c(""/api/nexus/search/users?"".concat(a),e);return Array.isArray(i)?i:null!=(n=i.users)?n:[]}async function Q(e,t){let n=new URLSearchParams({serverId:t});return c(""/api/nexus/routing-rules?"".concat(n),e)}async function j(e,t){return c(""/api/nexus/routing-rules"",e,{method:""POST"",headers:{""Content-Type"":""application/json""},body:JSON.stringify(t)})}async function J(e,t,n){return c(""/api/nexus/routing-rules/"".concat(encodeURIComponent(t)),e,{method:""PUT"",headers:{""Content-Type"":""application/json""},body:JSON.stringify(n)})}async function L(e,t){return c(""/api/nexus/routing-rules/"".concat(encodeURIComponent(t)),e,{method:""DELETE""})}async function q(e,t){return c(""/api/nexus/discord/servers/"".concat(encodeURIComponent(t),""/embed-templates""),e)}async function M(e,t,n){return c(""/api/nexus/discord/servers/"".concat(encodeURIComponent(t),""/embed-templates""),e,{method:""PUT"",headers:{""Content-Type"":""application/json""},body:JSON.stringify(n)})}async function Y(e,t){return c(""/api/nexus/discord/servers/"".concat(encodeURIComponent(t),""/daily-digest""),e)}async function G(e,t,n){return c(""/api/nexus/discord/servers/"".concat(encodeURIComponent(t),""/daily-digest""),e,{method:""PUT"",headers:{""C"
/api/nexus/routing-rules,/Volumes/EAGET/SKYLIT_RE/bundles_pass2/_next__static__chunks__4338-2835906ea9e42f40.js,23399,"SearchParams({q:t});return c(""/api/nexus/search/tickers?"".concat(n),e)}async function E(e,t){let n=new URLSearchParams({username:t});return c(""/api/nexus/users/me/username-available?"".concat(n),e)}async function N(e,t){var n;let a=new URLSearchParams({q:t}),i=await c(""/api/nexus/search/users?"".concat(a),e);return Array.isArray(i)?i:null!=(n=i.users)?n:[]}async function Q(e,t){let n=new URLSearchParams({serverId:t});return c(""/api/nexus/routing-rules?"".concat(n),e)}async function j(e,t){return c(""/api/nexus/routing-rules"",e,{method:""POST"",headers:{""Content-Type"":""application/json""},body:JSON.stringify(t)})}async function J(e,t,n){return c(""/api/nexus/routing-rules/"".concat(encodeURIComponent(t)),e,{method:""PUT"",headers:{""Content-Type"":""application/json""},body:JSON.stringify(n)})}async function L(e,t){return c(""/api/nexus/routing-rules/"".concat(encodeURIComponent(t)),e,{method:""DELETE""})}async function q(e,t){return c(""/api/nexus/discord/servers/"".concat(encodeURIComponent(t),""/embed-templates""),e)}async function M(e,t,n){return c(""/api/nexus/discord/servers/"".concat(encodeURIComponent(t),""/embed-templates""),e,{method:""PUT"",headers:{""Content-Type"":""application/json""},body:JSON.stringify(n)})}async function Y(e,t){return c(""/api/nexus/discord/servers/"".concat(encodeURIComponent(t),""/daily-digest""),e)}async function G(e,t,n){return c(""/api/nexus/discord/servers/"".concat(encodeURIComponent(t),""/daily-digest""),e,{method:""PUT"",headers:{""Content-Type"":""application/json""},body:JSON.stringify(n)})}async functio"
/api/nexus/routing-rules/,/Volumes/EAGET/SKYLIT_RE/bundles_pass2/_next__static__chunks__4338-2835906ea9e42f40.js,23545,"i/nexus/users/me/username-available?"".concat(n),e)}async function N(e,t){var n;let a=new URLSearchParams({q:t}),i=await c(""/api/nexus/search/users?"".concat(a),e);return Array.isArray(i)?i:null!=(n=i.users)?n:[]}async function Q(e,t){let n=new URLSearchParams({serverId:t});return c(""/api/nexus/routing-rules?"".concat(n),e)}async function j(e,t){return c(""/api/nexus/routing-rules"",e,{method:""POST"",headers:{""Content-Type"":""application/json""},body:JSON.stringify(t)})}async function J(e,t,n){return c(""/api/nexus/routing-rules/"".concat(encodeURIComponent(t)),e,{method:""PUT"",headers:{""Content-Type"":""application/json""},body:JSON.stringify(n)})}async function L(e,t){return c(""/api/nexus/routing-rules/"".concat(encodeURIComponent(t)),e,{method:""DELETE""})}async function q(e,t){return c(""/api/nexus/discord/servers/"".concat(encodeURIComponent(t),""/embed-templates""),e)}async function M(e,t,n){return c(""/api/nexus/discord/servers/"".concat(encodeURIComponent(t),""/embed-templates""),e,{method:""PUT"",headers:{""Content-Type"":""application/json""},body:JSON.stringify(n)})}async function Y(e,t){return c(""/api/nexus/discord/servers/"".concat(encodeURIComponent(t),""/daily-digest""),e)}async function G(e,t,n){return c(""/api/nexus/discord/servers/"".concat(encodeURIComponent(t),""/daily-digest""),e,{method:""PUT"",headers:{""Content-Type"":""application/json""},body:JSON.stringify(n)})}async function V(e,t,n){return c(""/api/nexus/discord/servers/"".concat(encodeURIComponent(t),""/daily-digest/run""),e,{method:""POST"",headers:{""Content-Type"":""appli"
/api/nexus/discord/servers/,/Volumes/EAGET/SKYLIT_RE/bundles_pass2/_next__static__chunks__4338-2835906ea9e42f40.js,23829,"api/nexus/routing-rules?"".concat(n),e)}async function j(e,t){return c(""/api/nexus/routing-rules"",e,{method:""POST"",headers:{""Content-Type"":""application/json""},body:JSON.stringify(t)})}async function J(e,t,n){return c(""/api/nexus/routing-rules/"".concat(encodeURIComponent(t)),e,{method:""PUT"",headers:{""Content-Type"":""application/json""},body:JSON.stringify(n)})}async function L(e,t){return c(""/api/nexus/routing-rules/"".concat(encodeURIComponent(t)),e,{method:""DELETE""})}async function q(e,t){return c(""/api/nexus/discord/servers/"".concat(encodeURIComponent(t),""/embed-templates""),e)}async function M(e,t,n){return c(""/api/nexus/discord/servers/"".concat(encodeURIComponent(t),""/embed-templates""),e,{method:""PUT"",headers:{""Content-Type"":""application/json""},body:JSON.stringify(n)})}async function Y(e,t){return c(""/api/nexus/discord/servers/"".concat(encodeURIComponent(t),""/daily-digest""),e)}async function G(e,t,n){return c(""/api/nexus/discord/servers/"".concat(encodeURIComponent(t),""/daily-digest""),e,{method:""PUT"",headers:{""Content-Type"":""application/json""},body:JSON.stringify(n)})}async function V(e,t,n){return c(""/api/nexus/discord/servers/"".concat(encodeURIComponent(t),""/daily-digest/run""),e,{method:""POST"",headers:{""Content-Type"":""application/json""},body:JSON.stringify(n)})}async function H(e,t){let n=new URLSearchParams({q:t});return c(""/api/nexus/admin/users?"".concat(n),e)}async function z(e,t){return c(""/api/nexus/admin/users/"".concat(encodeURIComponent(t)),e)}async function B(e,t,n){return c(""/api/nexus/admin/tra"
/api/nexus/admin/users?,/Volumes/EAGET/SKYLIT_RE/bundles_pass2/_next__static__chunks__4338-2835906ea9e42f40.js,24675,"(encodeURIComponent(t),""/daily-digest""),e)}async function G(e,t,n){return c(""/api/nexus/discord/servers/"".concat(encodeURIComponent(t),""/daily-digest""),e,{method:""PUT"",headers:{""Content-Type"":""application/json""},body:JSON.stringify(n)})}async function V(e,t,n){return c(""/api/nexus/discord/servers/"".concat(encodeURIComponent(t),""/daily-digest/run""),e,{method:""POST"",headers:{""Content-Type"":""application/json""},body:JSON.stringify(n)})}async function H(e,t){let n=new URLSearchParams({q:t});return c(""/api/nexus/admin/users?"".concat(n),e)}async function z(e,t){return c(""/api/nexus/admin/users/"".concat(encodeURIComponent(t)),e)}async function B(e,t,n){return c(""/api/nexus/admin/trades/"".concat(encodeURIComponent(t)),e,{method:""PUT"",headers:{""Content-Type"":""application/json""},body:JSON.stringify(n)})}async function F(e,t){return c(""/api/nexus/admin/trades/"".concat(encodeURIComponent(t)),e,{method:""DELETE""})}async function K(e,t){return c(""/api/nexus/admin/users/"".concat(encodeURIComponent(t),""/reset""),e,{method:""POST""})}async function X(e){return c(""/api/nexus/admin/trades/nuke-season"",e,{method:""POST""})}async function $(e,t){let n=new URLSearchParams;(null==t?void 0:t.limit)!==void 0&&n.append(""limit"",t.limit.toString()),(null==t?void 0:t.offset)!==void 0&&n.append(""offset"",t.offset.toString()),(null==t?void 0:t.q)&&n.append(""q"",t.q),(null==t?void 0:t.action)&&n.append(""action"",t.action),(null==t?void 0:t.targetType)&&n.append(""targetType"",t.targetType);let a=n.toString();return c(""/api/nexus/admin/audit-lo"
/api/nexus/admin/users/,/Volumes/EAGET/SKYLIT_RE/bundles_pass2/_next__static__chunks__4338-2835906ea9e42f40.js,24745,"urn c(""/api/nexus/discord/servers/"".concat(encodeURIComponent(t),""/daily-digest""),e,{method:""PUT"",headers:{""Content-Type"":""application/json""},body:JSON.stringify(n)})}async function V(e,t,n){return c(""/api/nexus/discord/servers/"".concat(encodeURIComponent(t),""/daily-digest/run""),e,{method:""POST"",headers:{""Content-Type"":""application/json""},body:JSON.stringify(n)})}async function H(e,t){let n=new URLSearchParams({q:t});return c(""/api/nexus/admin/users?"".concat(n),e)}async function z(e,t){return c(""/api/nexus/admin/users/"".concat(encodeURIComponent(t)),e)}async function B(e,t,n){return c(""/api/nexus/admin/trades/"".concat(encodeURIComponent(t)),e,{method:""PUT"",headers:{""Content-Type"":""application/json""},body:JSON.stringify(n)})}async function F(e,t){return c(""/api/nexus/admin/trades/"".concat(encodeURIComponent(t)),e,{method:""DELETE""})}async function K(e,t){return c(""/api/nexus/admin/users/"".concat(encodeURIComponent(t),""/reset""),e,{method:""POST""})}async function X(e){return c(""/api/nexus/admin/trades/nuke-season"",e,{method:""POST""})}async function $(e,t){let n=new URLSearchParams;(null==t?void 0:t.limit)!==void 0&&n.append(""limit"",t.limit.toString()),(null==t?void 0:t.offset)!==void 0&&n.append(""offset"",t.offset.toString()),(null==t?void 0:t.q)&&n.append(""q"",t.q),(null==t?void 0:t.action)&&n.append(""action"",t.action),(null==t?void 0:t.targetType)&&n.append(""targetType"",t.targetType);let a=n.toString();return c(""/api/nexus/admin/audit-logs"".concat(a?""?"".concat(a):""""),e)}async function Z(e){return c(""/api/n"
/api/nexus/admin/trades/,/Volumes/EAGET/SKYLIT_RE/bundles_pass2/_next__static__chunks__4338-2835906ea9e42f40.js,24837,"""PUT"",headers:{""Content-Type"":""application/json""},body:JSON.stringify(n)})}async function V(e,t,n){return c(""/api/nexus/discord/servers/"".concat(encodeURIComponent(t),""/daily-digest/run""),e,{method:""POST"",headers:{""Content-Type"":""application/json""},body:JSON.stringify(n)})}async function H(e,t){let n=new URLSearchParams({q:t});return c(""/api/nexus/admin/users?"".concat(n),e)}async function z(e,t){return c(""/api/nexus/admin/users/"".concat(encodeURIComponent(t)),e)}async function B(e,t,n){return c(""/api/nexus/admin/trades/"".concat(encodeURIComponent(t)),e,{method:""PUT"",headers:{""Content-Type"":""application/json""},body:JSON.stringify(n)})}async function F(e,t){return c(""/api/nexus/admin/trades/"".concat(encodeURIComponent(t)),e,{method:""DELETE""})}async function K(e,t){return c(""/api/nexus/admin/users/"".concat(encodeURIComponent(t),""/reset""),e,{method:""POST""})}async function X(e){return c(""/api/nexus/admin/trades/nuke-season"",e,{method:""POST""})}async function $(e,t){let n=new URLSearchParams;(null==t?void 0:t.limit)!==void 0&&n.append(""limit"",t.limit.toString()),(null==t?void 0:t.offset)!==void 0&&n.append(""offset"",t.offset.toString()),(null==t?void 0:t.q)&&n.append(""q"",t.q),(null==t?void 0:t.action)&&n.append(""action"",t.action),(null==t?void 0:t.targetType)&&n.append(""targetType"",t.targetType);let a=n.toString();return c(""/api/nexus/admin/audit-logs"".concat(a?""?"".concat(a):""""),e)}async function Z(e){return c(""/api/nexus/admin/stats/rebuild"",e,{method:""POST""})}async function W(e,t){return c(""/api/nexus/admin"
/api/nexus/admin/trades/nuke-season,/Volumes/EAGET/SKYLIT_RE/bundles_pass2/_next__static__chunks__4338-2835906ea9e42f40.js,25232,",t){return c(""/api/nexus/admin/users/"".concat(encodeURIComponent(t)),e)}async function B(e,t,n){return c(""/api/nexus/admin/trades/"".concat(encodeURIComponent(t)),e,{method:""PUT"",headers:{""Content-Type"":""application/json""},body:JSON.stringify(n)})}async function F(e,t){return c(""/api/nexus/admin/trades/"".concat(encodeURIComponent(t)),e,{method:""DELETE""})}async function K(e,t){return c(""/api/nexus/admin/users/"".concat(encodeURIComponent(t),""/reset""),e,{method:""POST""})}async function X(e){return c(""/api/nexus/admin/trades/nuke-season"",e,{method:""POST""})}async function $(e,t){let n=new URLSearchParams;(null==t?void 0:t.limit)!==void 0&&n.append(""limit"",t.limit.toString()),(null==t?void 0:t.offset)!==void 0&&n.append(""offset"",t.offset.toString()),(null==t?void 0:t.q)&&n.append(""q"",t.q),(null==t?void 0:t.action)&&n.append(""action"",t.action),(null==t?void 0:t.targetType)&&n.append(""targetType"",t.targetType);let a=n.toString();return c(""/api/nexus/admin/audit-logs"".concat(a?""?"".concat(a):""""),e)}async function Z(e){return c(""/api/nexus/admin/stats/rebuild"",e,{method:""POST""})}async function W(e,t){return c(""/api/nexus/admin/options/rehydrate"",e,{method:""POST"",headers:{""Content-Type"":""application/json""},body:JSON.stringify(t)})}async function ee(e){return c(""/api/nexus/discord/servers"",e)}async function et(e,t){return c(""/api/nexus/discord/servers/"".concat(encodeURIComponent(t),""/channels""),e)}async function en(e,t,n){return c(""/api/nexus/discord/servers/"".concat(encodeURIComponent(t),""/channels""),e,{method:""POST"",headers:"
/api/nexus/admin/audit-logs,/Volumes/EAGET/SKYLIT_RE/bundles_pass2/_next__static__chunks__4338-2835906ea9e42f40.js,25674,"""/reset""),e,{method:""POST""})}async function X(e){return c(""/api/nexus/admin/trades/nuke-season"",e,{method:""POST""})}async function $(e,t){let n=new URLSearchParams;(null==t?void 0:t.limit)!==void 0&&n.append(""limit"",t.limit.toString()),(null==t?void 0:t.offset)!==void 0&&n.append(""offset"",t.offset.toString()),(null==t?void 0:t.q)&&n.append(""q"",t.q),(null==t?void 0:t.action)&&n.append(""action"",t.action),(null==t?void 0:t.targetType)&&n.append(""targetType"",t.targetType);let a=n.toString();return c(""/api/nexus/admin/audit-logs"".concat(a?""?"".concat(a):""""),e)}async function Z(e){return c(""/api/nexus/admin/stats/rebuild"",e,{method:""POST""})}async function W(e,t){return c(""/api/nexus/admin/options/rehydrate"",e,{method:""POST"",headers:{""Content-Type"":""application/json""},body:JSON.stringify(t)})}async function ee(e){return c(""/api/nexus/discord/servers"",e)}async function et(e,t){return c(""/api/nexus/discord/servers/"".concat(encodeURIComponent(t),""/channels""),e)}async function en(e,t,n){return c(""/api/nexus/discord/servers/"".concat(encodeURIComponent(t),""/channels""),e,{method:""POST"",headers:{""Content-Type"":""application/json""},body:JSON.stringify(n)})}async function ea(e,t,n){return c(""/api/nexus/discord/servers/"".concat(encodeURIComponent(t),""/channels/"").concat(encodeURIComponent(n)),e,{method:""DELETE""})}async function ei(e,t,n,a){return c(""/api/nexus/discord/servers/"".concat(encodeURIComponent(t),""/channels/"").concat(encodeURIComponent(n),""/webhook""),e,{method:""PUT"",headers:{""Content-Type"":""application/json""},body:"
/api/nexus/admin/stats/rebuild,/Volumes/EAGET/SKYLIT_RE/bundles_pass2/_next__static__chunks__4338-2835906ea9e42f40.js,25763,"eason"",e,{method:""POST""})}async function $(e,t){let n=new URLSearchParams;(null==t?void 0:t.limit)!==void 0&&n.append(""limit"",t.limit.toString()),(null==t?void 0:t.offset)!==void 0&&n.append(""offset"",t.offset.toString()),(null==t?void 0:t.q)&&n.append(""q"",t.q),(null==t?void 0:t.action)&&n.append(""action"",t.action),(null==t?void 0:t.targetType)&&n.append(""targetType"",t.targetType);let a=n.toString();return c(""/api/nexus/admin/audit-logs"".concat(a?""?"".concat(a):""""),e)}async function Z(e){return c(""/api/nexus/admin/stats/rebuild"",e,{method:""POST""})}async function W(e,t){return c(""/api/nexus/admin/options/rehydrate"",e,{method:""POST"",headers:{""Content-Type"":""application/json""},body:JSON.stringify(t)})}async function ee(e){return c(""/api/nexus/discord/servers"",e)}async function et(e,t){return c(""/api/nexus/discord/servers/"".concat(encodeURIComponent(t),""/channels""),e)}async function en(e,t,n){return c(""/api/nexus/discord/servers/"".concat(encodeURIComponent(t),""/channels""),e,{method:""POST"",headers:{""Content-Type"":""application/json""},body:JSON.stringify(n)})}async function ea(e,t,n){return c(""/api/nexus/discord/servers/"".concat(encodeURIComponent(t),""/channels/"").concat(encodeURIComponent(n)),e,{method:""DELETE""})}async function ei(e,t,n,a){return c(""/api/nexus/discord/servers/"".concat(encodeURIComponent(t),""/channels/"").concat(encodeURIComponent(n),""/webhook""),e,{method:""PUT"",headers:{""Content-Type"":""application/json""},body:JSON.stringify({webhookUrl:a})})}async function er(e,t){var n;let a=await c(""/api/nexus/disc"
/api/nexus/admin/options/rehydrate,/Volumes/EAGET/SKYLIT_RE/bundles_pass2/_next__static__chunks__4338-2835906ea9e42f40.js,25846,"void 0:t.limit)!==void 0&&n.append(""limit"",t.limit.toString()),(null==t?void 0:t.offset)!==void 0&&n.append(""offset"",t.offset.toString()),(null==t?void 0:t.q)&&n.append(""q"",t.q),(null==t?void 0:t.action)&&n.append(""action"",t.action),(null==t?void 0:t.targetType)&&n.append(""targetType"",t.targetType);let a=n.toString();return c(""/api/nexus/admin/audit-logs"".concat(a?""?"".concat(a):""""),e)}async function Z(e){return c(""/api/nexus/admin/stats/rebuild"",e,{method:""POST""})}async function W(e,t){return c(""/api/nexus/admin/options/rehydrate"",e,{method:""POST"",headers:{""Content-Type"":""application/json""},body:JSON.stringify(t)})}async function ee(e){return c(""/api/nexus/discord/servers"",e)}async function et(e,t){return c(""/api/nexus/discord/servers/"".concat(encodeURIComponent(t),""/channels""),e)}async function en(e,t,n){return c(""/api/nexus/discord/servers/"".concat(encodeURIComponent(t),""/channels""),e,{method:""POST"",headers:{""Content-Type"":""application/json""},body:JSON.stringify(n)})}async function ea(e,t,n){return c(""/api/nexus/discord/servers/"".concat(encodeURIComponent(t),""/channels/"").concat(encodeURIComponent(n)),e,{method:""DELETE""})}async function ei(e,t,n,a){return c(""/api/nexus/discord/servers/"".concat(encodeURIComponent(t),""/channels/"").concat(encodeURIComponent(n),""/webhook""),e,{method:""PUT"",headers:{""Content-Type"":""application/json""},body:JSON.stringify({webhookUrl:a})})}async function er(e,t){var n;let a=await c(""/api/nexus/discord/servers/"".concat(encodeURIComponent(t),""/roles""),e);return Array.isArray(a)?a:null!"
/api/nexus/discord/servers,/Volumes/EAGET/SKYLIT_RE/bundles_pass2/_next__static__chunks__4338-2835906ea9e42f40.js,25999,":t.q)&&n.append(""q"",t.q),(null==t?void 0:t.action)&&n.append(""action"",t.action),(null==t?void 0:t.targetType)&&n.append(""targetType"",t.targetType);let a=n.toString();return c(""/api/nexus/admin/audit-logs"".concat(a?""?"".concat(a):""""),e)}async function Z(e){return c(""/api/nexus/admin/stats/rebuild"",e,{method:""POST""})}async function W(e,t){return c(""/api/nexus/admin/options/rehydrate"",e,{method:""POST"",headers:{""Content-Type"":""application/json""},body:JSON.stringify(t)})}async function ee(e){return c(""/api/nexus/discord/servers"",e)}async function et(e,t){return c(""/api/nexus/discord/servers/"".concat(encodeURIComponent(t),""/channels""),e)}async function en(e,t,n){return c(""/api/nexus/discord/servers/"".concat(encodeURIComponent(t),""/channels""),e,{method:""POST"",headers:{""Content-Type"":""application/json""},body:JSON.stringify(n)})}async function ea(e,t,n){return c(""/api/nexus/discord/servers/"".concat(encodeURIComponent(t),""/channels/"").concat(encodeURIComponent(n)),e,{method:""DELETE""})}async function ei(e,t,n,a){return c(""/api/nexus/discord/servers/"".concat(encodeURIComponent(t),""/channels/"").concat(encodeURIComponent(n),""/webhook""),e,{method:""PUT"",headers:{""Content-Type"":""application/json""},body:JSON.stringify({webhookUrl:a})})}async function er(e,t){var n;let a=await c(""/api/nexus/discord/servers/"".concat(encodeURIComponent(t),""/roles""),e);return Array.isArray(a)?a:null!=(n=a.roles)?n:[]}async function eo(e,t,n){return c(""/api/nexus/discord/servers/"".concat(encodeURIComponent(t),""/access-roles""),e,{method:""PUT"",h"
/api/nexus/seasons/current,/Volumes/EAGET/SKYLIT_RE/bundles_pass2/_next__static__chunks__4338-2835906ea9e42f40.js,27430,"n c(""/api/nexus/discord/servers/"".concat(encodeURIComponent(t),""/access-roles""),e,{method:""PUT"",headers:{""Content-Type"":""application/json""},body:JSON.stringify({roleIds:n})})}async function es(e,t){var n;return null!=(n=(await c(""/api/nexus/discord/servers/"".concat(encodeURIComponent(t),""/sync-roles""),e,{method:""POST""})).roles)?n:[]}async function ec(e,t){return c(""/api/nexus/discord/servers/"".concat(encodeURIComponent(t),""/test-route""),e,{method:""POST""})}async function ed(e){try{return await c(""/api/nexus/seasons/current"",e)}catch(e){if(e instanceof s&&404===e.status)return null;throw e}}async function eu(e,t,n){let a=n?""?expiration="".concat(encodeURIComponent(n)):"""";return c(""/api/nexus/options/"".concat(encodeURIComponent(t)).concat(a),e)}async function el(e,t){return c(""/api/nexus/options/"".concat(encodeURIComponent(t),""/expirations""),e)}async function ep(e,t,n){let a=new URLSearchParams;(null==n?void 0:n.timeframe)&&a.append(""timeframe"",n.timeframe),(null==n?void 0:n.direction)&&a.append(""direction"",n.direction);let i=a.toString();return c(""/api/nexus/users/"".concat(encodeURIComponent(t),""/stats"").concat(i?""?"".concat(i):""""),e)}async function em(e){return c(""/api/nexus/portfolio/simulated/current"",e)}async function ey(e,t){let n=new URLSearchParams;(null==t?void 0:t.limit)!==void 0&&n.append(""limit"",t.limit.toString()),(null==t?void 0:t.offset)!==void 0&&n.append(""offset"",t.offset.toString());let a=n.toString();return c(""/api/nexus/portfolio/simulated/ledger"".concat(a?""?"".concat(a):""""),e)}async funct"
/api/nexus/options/,/Volumes/EAGET/SKYLIT_RE/bundles_pass2/_next__static__chunks__4338-2835906ea9e42f40.js,27616,"ion es(e,t){var n;return null!=(n=(await c(""/api/nexus/discord/servers/"".concat(encodeURIComponent(t),""/sync-roles""),e,{method:""POST""})).roles)?n:[]}async function ec(e,t){return c(""/api/nexus/discord/servers/"".concat(encodeURIComponent(t),""/test-route""),e,{method:""POST""})}async function ed(e){try{return await c(""/api/nexus/seasons/current"",e)}catch(e){if(e instanceof s&&404===e.status)return null;throw e}}async function eu(e,t,n){let a=n?""?expiration="".concat(encodeURIComponent(n)):"""";return c(""/api/nexus/options/"".concat(encodeURIComponent(t)).concat(a),e)}async function el(e,t){return c(""/api/nexus/options/"".concat(encodeURIComponent(t),""/expirations""),e)}async function ep(e,t,n){let a=new URLSearchParams;(null==n?void 0:n.timeframe)&&a.append(""timeframe"",n.timeframe),(null==n?void 0:n.direction)&&a.append(""direction"",n.direction);let i=a.toString();return c(""/api/nexus/users/"".concat(encodeURIComponent(t),""/stats"").concat(i?""?"".concat(i):""""),e)}async function em(e){return c(""/api/nexus/portfolio/simulated/current"",e)}async function ey(e,t){let n=new URLSearchParams;(null==t?void 0:t.limit)!==void 0&&n.append(""limit"",t.limit.toString()),(null==t?void 0:t.offset)!==void 0&&n.append(""offset"",t.offset.toString());let a=n.toString();return c(""/api/nexus/portfolio/simulated/ledger"".concat(a?""?"".concat(a):""""),e)}async function ef(e,t){let n=new URLSearchParams;(null==t?void 0:t.limit)!==void 0&&n.append(""limit"",t.limit.toString()),(null==t?void 0:t.offset)!==void 0&&n.append(""offset"",t.offset.toStri"
/api/nexus/portfolio/simulated/current,/Volumes/EAGET/SKYLIT_RE/bundles_pass2/_next__static__chunks__4338-2835906ea9e42f40.js,28109,"turn c(""/api/nexus/options/"".concat(encodeURIComponent(t)).concat(a),e)}async function el(e,t){return c(""/api/nexus/options/"".concat(encodeURIComponent(t),""/expirations""),e)}async function ep(e,t,n){let a=new URLSearchParams;(null==n?void 0:n.timeframe)&&a.append(""timeframe"",n.timeframe),(null==n?void 0:n.direction)&&a.append(""direction"",n.direction);let i=a.toString();return c(""/api/nexus/users/"".concat(encodeURIComponent(t),""/stats"").concat(i?""?"".concat(i):""""),e)}async function em(e){return c(""/api/nexus/portfolio/simulated/current"",e)}async function ey(e,t){let n=new URLSearchParams;(null==t?void 0:t.limit)!==void 0&&n.append(""limit"",t.limit.toString()),(null==t?void 0:t.offset)!==void 0&&n.append(""offset"",t.offset.toString());let a=n.toString();return c(""/api/nexus/portfolio/simulated/ledger"".concat(a?""?"".concat(a):""""),e)}async function ef(e,t){let n=new URLSearchParams;(null==t?void 0:t.limit)!==void 0&&n.append(""limit"",t.limit.toString()),(null==t?void 0:t.offset)!==void 0&&n.append(""offset"",t.offset.toString()),(null==t?void 0:t.timeframe)&&n.append(""timeframe"",t.timeframe);let a=n.toString();return c(""/api/nexus/guilds"".concat(a?""?"".concat(a):""""),e)}async function eg(e){var t,n,a;let i=await c(""/api/nexus/user/guilds"",e),r=(null!=(n=null!=(t=i.items)?t:i.guilds)?n:[]).map(e=>{var t,n,a,i,r,o,s,c,d,u,l,p,m,y;return{id:e.id,discordServerId:null!=(n=null!=(t=e.discordServerId)?t:e.discord_server_id)?n:"""",name:null!=(r=null!=(i=null!=(a=e.name)?a:e.discordGuildName)?i:e.discord_guild_name)?r:""Unknown Guild"",ava"
/api/nexus/portfolio/simulated/ledger,/Volumes/EAGET/SKYLIT_RE/bundles_pass2/_next__static__chunks__4338-2835906ea9e42f40.js,28377,"eframe"",n.timeframe),(null==n?void 0:n.direction)&&a.append(""direction"",n.direction);let i=a.toString();return c(""/api/nexus/users/"".concat(encodeURIComponent(t),""/stats"").concat(i?""?"".concat(i):""""),e)}async function em(e){return c(""/api/nexus/portfolio/simulated/current"",e)}async function ey(e,t){let n=new URLSearchParams;(null==t?void 0:t.limit)!==void 0&&n.append(""limit"",t.limit.toString()),(null==t?void 0:t.offset)!==void 0&&n.append(""offset"",t.offset.toString());let a=n.toString();return c(""/api/nexus/portfolio/simulated/ledger"".concat(a?""?"".concat(a):""""),e)}async function ef(e,t){let n=new URLSearchParams;(null==t?void 0:t.limit)!==void 0&&n.append(""limit"",t.limit.toString()),(null==t?void 0:t.offset)!==void 0&&n.append(""offset"",t.offset.toString()),(null==t?void 0:t.timeframe)&&n.append(""timeframe"",t.timeframe);let a=n.toString();return c(""/api/nexus/guilds"".concat(a?""?"".concat(a):""""),e)}async function eg(e){var t,n,a;let i=await c(""/api/nexus/user/guilds"",e),r=(null!=(n=null!=(t=i.items)?t:i.guilds)?n:[]).map(e=>{var t,n,a,i,r,o,s,c,d,u,l,p,m,y;return{id:e.id,discordServerId:null!=(n=null!=(t=e.discordServerId)?t:e.discord_server_id)?n:"""",name:null!=(r=null!=(i=null!=(a=e.name)?a:e.discordGuildName)?i:e.discord_guild_name)?r:""Unknown Guild"",avatarUrl:null!=(o=e.avatarUrl)?o:e.avatar_url,memberCount:null!=(c=null!=(s=e.memberCount)?s:e.member_count)?c:0,representationCount:0,avgCred:null!=(u=null!=(d=e.avgCred)?d:e.avg_cred)?u:0,winRate:0,avgReturn:0,currentStreak:0,activeTradesCount:0,totalTrades:null!=(p="
/api/nexus/guilds,/Volumes/EAGET/SKYLIT_RE/bundles_pass2/_next__static__chunks__4338-2835906ea9e42f40.js,28735,"&&n.append(""limit"",t.limit.toString()),(null==t?void 0:t.offset)!==void 0&&n.append(""offset"",t.offset.toString());let a=n.toString();return c(""/api/nexus/portfolio/simulated/ledger"".concat(a?""?"".concat(a):""""),e)}async function ef(e,t){let n=new URLSearchParams;(null==t?void 0:t.limit)!==void 0&&n.append(""limit"",t.limit.toString()),(null==t?void 0:t.offset)!==void 0&&n.append(""offset"",t.offset.toString()),(null==t?void 0:t.timeframe)&&n.append(""timeframe"",t.timeframe);let a=n.toString();return c(""/api/nexus/guilds"".concat(a?""?"".concat(a):""""),e)}async function eg(e){var t,n,a;let i=await c(""/api/nexus/user/guilds"",e),r=(null!=(n=null!=(t=i.items)?t:i.guilds)?n:[]).map(e=>{var t,n,a,i,r,o,s,c,d,u,l,p,m,y;return{id:e.id,discordServerId:null!=(n=null!=(t=e.discordServerId)?t:e.discord_server_id)?n:"""",name:null!=(r=null!=(i=null!=(a=e.name)?a:e.discordGuildName)?i:e.discord_guild_name)?r:""Unknown Guild"",avatarUrl:null!=(o=e.avatarUrl)?o:e.avatar_url,memberCount:null!=(c=null!=(s=e.memberCount)?s:e.member_count)?c:0,representationCount:0,avgCred:null!=(u=null!=(d=e.avgCred)?d:e.avg_cred)?u:0,winRate:0,avgReturn:0,currentStreak:0,activeTradesCount:0,totalTrades:null!=(p=null!=(l=e.totalTrades)?l:e.total_trades)?p:0,seasonalRank:null!=(m=e.seasonalRank)?m:e.seasonal_rank,allTimeRank:null!=(y=e.allTimeRank)?y:e.all_time_rank,roster:[]}});return{guilds:r,total:null!=(a=i.total)?a:r.length}}async function eh(e,t){return c(""/api/nexus/guilds/"".concat(encodeURIComponent(t),""/roster""),e)}async function eT(e,t"
/api/nexus/user/guilds,/Volumes/EAGET/SKYLIT_RE/bundles_pass2/_next__static__chunks__4338-2835906ea9e42f40.js,28830,"offset.toString());let a=n.toString();return c(""/api/nexus/portfolio/simulated/ledger"".concat(a?""?"".concat(a):""""),e)}async function ef(e,t){let n=new URLSearchParams;(null==t?void 0:t.limit)!==void 0&&n.append(""limit"",t.limit.toString()),(null==t?void 0:t.offset)!==void 0&&n.append(""offset"",t.offset.toString()),(null==t?void 0:t.timeframe)&&n.append(""timeframe"",t.timeframe);let a=n.toString();return c(""/api/nexus/guilds"".concat(a?""?"".concat(a):""""),e)}async function eg(e){var t,n,a;let i=await c(""/api/nexus/user/guilds"",e),r=(null!=(n=null!=(t=i.items)?t:i.guilds)?n:[]).map(e=>{var t,n,a,i,r,o,s,c,d,u,l,p,m,y;return{id:e.id,discordServerId:null!=(n=null!=(t=e.discordServerId)?t:e.discord_server_id)?n:"""",name:null!=(r=null!=(i=null!=(a=e.name)?a:e.discordGuildName)?i:e.discord_guild_name)?r:""Unknown Guild"",avatarUrl:null!=(o=e.avatarUrl)?o:e.avatar_url,memberCount:null!=(c=null!=(s=e.memberCount)?s:e.member_count)?c:0,representationCount:0,avgCred:null!=(u=null!=(d=e.avgCred)?d:e.avg_cred)?u:0,winRate:0,avgReturn:0,currentStreak:0,activeTradesCount:0,totalTrades:null!=(p=null!=(l=e.totalTrades)?l:e.total_trades)?p:0,seasonalRank:null!=(m=e.seasonalRank)?m:e.seasonal_rank,allTimeRank:null!=(y=e.allTimeRank)?y:e.all_time_rank,roster:[]}});return{guilds:r,total:null!=(a=i.total)?a:r.length}}async function eh(e,t){return c(""/api/nexus/guilds/"".concat(encodeURIComponent(t),""/roster""),e)}async function eT(e,t){return c(""/api/nexus/guilds/"".concat(encodeURIComponent(t),""/roster/candidates""),e)}async function"
/api/nexus/guilds/,/Volumes/EAGET/SKYLIT_RE/bundles_pass2/_next__static__chunks__4338-2835906ea9e42f40.js,29669,"atarUrl)?o:e.avatar_url,memberCount:null!=(c=null!=(s=e.memberCount)?s:e.member_count)?c:0,representationCount:0,avgCred:null!=(u=null!=(d=e.avgCred)?d:e.avg_cred)?u:0,winRate:0,avgReturn:0,currentStreak:0,activeTradesCount:0,totalTrades:null!=(p=null!=(l=e.totalTrades)?l:e.total_trades)?p:0,seasonalRank:null!=(m=e.seasonalRank)?m:e.seasonal_rank,allTimeRank:null!=(y=e.allTimeRank)?y:e.all_time_rank,roster:[]}});return{guilds:r,total:null!=(a=i.total)?a:r.length}}async function eh(e,t){return c(""/api/nexus/guilds/"".concat(encodeURIComponent(t),""/roster""),e)}async function eT(e,t){return c(""/api/nexus/guilds/"".concat(encodeURIComponent(t),""/roster/candidates""),e)}async function eC(e,t,n){return c(""/api/nexus/guilds/"".concat(encodeURIComponent(t),""/roster""),e,{method:""PUT"",headers:{""Content-Type"":""application/json""},body:JSON.stringify({userIds:n})})}async function eS(e,t){return c(""/api/nexus/user/primary-guild"",e,{method:""PUT"",headers:{""Content-Type"":""application/json""},body:JSON.stringify({guild_id:t})})}async function ex(e,t){return c(""/api/nexus/users/"".concat(encodeURIComponent(t),""/rank-history""),e)}async function ek(e){return c(""/api/nexus/academy/courses"",e)}async function ev(e,t){return c(""/api/nexus/academy/courses/"".concat(encodeURIComponent(t)),e)}async function eI(e,t){return c(""/api/nexus/academy/courses/"".concat(encodeURIComponent(t),""/attempts""),e,{method:""POST"",headers:{""Content-Type"":""application/json""},body:JSON.stringify({})})}async function eP(e,t,n){return c(""/api/nexus/acad"
/api/nexus/user/primary-guild,/Volumes/EAGET/SKYLIT_RE/bundles_pass2/_next__static__chunks__4338-2835906ea9e42f40.js,30062,"time_rank,roster:[]}});return{guilds:r,total:null!=(a=i.total)?a:r.length}}async function eh(e,t){return c(""/api/nexus/guilds/"".concat(encodeURIComponent(t),""/roster""),e)}async function eT(e,t){return c(""/api/nexus/guilds/"".concat(encodeURIComponent(t),""/roster/candidates""),e)}async function eC(e,t,n){return c(""/api/nexus/guilds/"".concat(encodeURIComponent(t),""/roster""),e,{method:""PUT"",headers:{""Content-Type"":""application/json""},body:JSON.stringify({userIds:n})})}async function eS(e,t){return c(""/api/nexus/user/primary-guild"",e,{method:""PUT"",headers:{""Content-Type"":""application/json""},body:JSON.stringify({guild_id:t})})}async function ex(e,t){return c(""/api/nexus/users/"".concat(encodeURIComponent(t),""/rank-history""),e)}async function ek(e){return c(""/api/nexus/academy/courses"",e)}async function ev(e,t){return c(""/api/nexus/academy/courses/"".concat(encodeURIComponent(t)),e)}async function eI(e,t){return c(""/api/nexus/academy/courses/"".concat(encodeURIComponent(t),""/attempts""),e,{method:""POST"",headers:{""Content-Type"":""application/json""},body:JSON.stringify({})})}async function eP(e,t,n){return c(""/api/nexus/academy/attempts/"".concat(encodeURIComponent(t),""/submit""),e,{method:""PUT"",headers:{""Content-Type"":""application/json""},body:JSON.stringify({answers:n.map(e=>({questionId:e.questionId,selectedOptionId:e.selectedOptionId}))})})}async function ew(e){return c(""/api/nexus/academy/certifications"",e)}async function eR(e){var t;let n=await c(""/api/nexus/admin/academy/courses"",e);return Array.isArray(n)?n:null!=(t"
/api/nexus/academy/courses,/Volumes/EAGET/SKYLIT_RE/bundles_pass2/_next__static__chunks__4338-2835906ea9e42f40.js,30321,"er/candidates""),e)}async function eC(e,t,n){return c(""/api/nexus/guilds/"".concat(encodeURIComponent(t),""/roster""),e,{method:""PUT"",headers:{""Content-Type"":""application/json""},body:JSON.stringify({userIds:n})})}async function eS(e,t){return c(""/api/nexus/user/primary-guild"",e,{method:""PUT"",headers:{""Content-Type"":""application/json""},body:JSON.stringify({guild_id:t})})}async function ex(e,t){return c(""/api/nexus/users/"".concat(encodeURIComponent(t),""/rank-history""),e)}async function ek(e){return c(""/api/nexus/academy/courses"",e)}async function ev(e,t){return c(""/api/nexus/academy/courses/"".concat(encodeURIComponent(t)),e)}async function eI(e,t){return c(""/api/nexus/academy/courses/"".concat(encodeURIComponent(t),""/attempts""),e,{method:""POST"",headers:{""Content-Type"":""application/json""},body:JSON.stringify({})})}async function eP(e,t,n){return c(""/api/nexus/academy/attempts/"".concat(encodeURIComponent(t),""/submit""),e,{method:""PUT"",headers:{""Content-Type"":""application/json""},body:JSON.stringify({answers:n.map(e=>({questionId:e.questionId,selectedOptionId:e.selectedOptionId}))})})}async function ew(e){return c(""/api/nexus/academy/certifications"",e)}async function eR(e){var t;let n=await c(""/api/nexus/admin/academy/courses"",e);return Array.isArray(n)?n:null!=(t=null==n?void 0:n.courses)?t:[]}async function eA(e,t){return c(""/api/nexus/admin/academy/courses"",e,{method:""POST"",headers:{""Content-Type"":""application/json""},body:JSON.stringify(t)})}async function eb(e,t,n){return c(""/api/nexus/admin/academy/courses/"".c"
/api/nexus/academy/courses/,/Volumes/EAGET/SKYLIT_RE/bundles_pass2/_next__static__chunks__4338-2835906ea9e42f40.js,30385,"/guilds/"".concat(encodeURIComponent(t),""/roster""),e,{method:""PUT"",headers:{""Content-Type"":""application/json""},body:JSON.stringify({userIds:n})})}async function eS(e,t){return c(""/api/nexus/user/primary-guild"",e,{method:""PUT"",headers:{""Content-Type"":""application/json""},body:JSON.stringify({guild_id:t})})}async function ex(e,t){return c(""/api/nexus/users/"".concat(encodeURIComponent(t),""/rank-history""),e)}async function ek(e){return c(""/api/nexus/academy/courses"",e)}async function ev(e,t){return c(""/api/nexus/academy/courses/"".concat(encodeURIComponent(t)),e)}async function eI(e,t){return c(""/api/nexus/academy/courses/"".concat(encodeURIComponent(t),""/attempts""),e,{method:""POST"",headers:{""Content-Type"":""application/json""},body:JSON.stringify({})})}async function eP(e,t,n){return c(""/api/nexus/academy/attempts/"".concat(encodeURIComponent(t),""/submit""),e,{method:""PUT"",headers:{""Content-Type"":""application/json""},body:JSON.stringify({answers:n.map(e=>({questionId:e.questionId,selectedOptionId:e.selectedOptionId}))})})}async function ew(e){return c(""/api/nexus/academy/certifications"",e)}async function eR(e){var t;let n=await c(""/api/nexus/admin/academy/courses"",e);return Array.isArray(n)?n:null!=(t=null==n?void 0:n.courses)?t:[]}async function eA(e,t){return c(""/api/nexus/admin/academy/courses"",e,{method:""POST"",headers:{""Content-Type"":""application/json""},body:JSON.stringify(t)})}async function eb(e,t,n){return c(""/api/nexus/admin/academy/courses/"".concat(encodeURIComponent(t)),e,{method:""PUT"",headers:{""Content-Ty"
/api/nexus/academy/attempts/,/Volumes/EAGET/SKYLIT_RE/bundles_pass2/_next__static__chunks__4338-2835906ea9e42f40.js,30673,"({guild_id:t})})}async function ex(e,t){return c(""/api/nexus/users/"".concat(encodeURIComponent(t),""/rank-history""),e)}async function ek(e){return c(""/api/nexus/academy/courses"",e)}async function ev(e,t){return c(""/api/nexus/academy/courses/"".concat(encodeURIComponent(t)),e)}async function eI(e,t){return c(""/api/nexus/academy/courses/"".concat(encodeURIComponent(t),""/attempts""),e,{method:""POST"",headers:{""Content-Type"":""application/json""},body:JSON.stringify({})})}async function eP(e,t,n){return c(""/api/nexus/academy/attempts/"".concat(encodeURIComponent(t),""/submit""),e,{method:""PUT"",headers:{""Content-Type"":""application/json""},body:JSON.stringify({answers:n.map(e=>({questionId:e.questionId,selectedOptionId:e.selectedOptionId}))})})}async function ew(e){return c(""/api/nexus/academy/certifications"",e)}async function eR(e){var t;let n=await c(""/api/nexus/admin/academy/courses"",e);return Array.isArray(n)?n:null!=(t=null==n?void 0:n.courses)?t:[]}async function eA(e,t){return c(""/api/nexus/admin/academy/courses"",e,{method:""POST"",headers:{""Content-Type"":""application/json""},body:JSON.stringify(t)})}async function eb(e,t,n){return c(""/api/nexus/admin/academy/courses/"".concat(encodeURIComponent(t)),e,{method:""PUT"",headers:{""Content-Type"":""application/json""},body:JSON.stringify(n)})}async function e_(e,t){return c(""/api/nexus/admin/academy/courses/"".concat(encodeURIComponent(t)),e,{method:""DELETE""})}async function eU(e,t,n){return c(""/api/nexus/admin/academy/courses/"".concat(encodeURIComponent(t),""/sections""),e,{method"
/api/nexus/academy/certifications,/Volumes/EAGET/SKYLIT_RE/bundles_pass2/_next__static__chunks__4338-2835906ea9e42f40.js,30941,"t)),e)}async function eI(e,t){return c(""/api/nexus/academy/courses/"".concat(encodeURIComponent(t),""/attempts""),e,{method:""POST"",headers:{""Content-Type"":""application/json""},body:JSON.stringify({})})}async function eP(e,t,n){return c(""/api/nexus/academy/attempts/"".concat(encodeURIComponent(t),""/submit""),e,{method:""PUT"",headers:{""Content-Type"":""application/json""},body:JSON.stringify({answers:n.map(e=>({questionId:e.questionId,selectedOptionId:e.selectedOptionId}))})})}async function ew(e){return c(""/api/nexus/academy/certifications"",e)}async function eR(e){var t;let n=await c(""/api/nexus/admin/academy/courses"",e);return Array.isArray(n)?n:null!=(t=null==n?void 0:n.courses)?t:[]}async function eA(e,t){return c(""/api/nexus/admin/academy/courses"",e,{method:""POST"",headers:{""Content-Type"":""application/json""},body:JSON.stringify(t)})}async function eb(e,t,n){return c(""/api/nexus/admin/academy/courses/"".concat(encodeURIComponent(t)),e,{method:""PUT"",headers:{""Content-Type"":""application/json""},body:JSON.stringify(n)})}async function e_(e,t){return c(""/api/nexus/admin/academy/courses/"".concat(encodeURIComponent(t)),e,{method:""DELETE""})}async function eU(e,t,n){return c(""/api/nexus/admin/academy/courses/"".concat(encodeURIComponent(t),""/sections""),e,{method:""POST"",headers:{""Content-Type"":""application/json""},body:JSON.stringify(n)})}async function eD(e,t,n){return c(""/api/nexus/admin/academy/sections/"".concat(encodeURIComponent(t)),e,{method:""PUT"",headers:{""Content-Type"":""application/json""},body:JSON.stringify(n)})}async func"
/api/nexus/admin/academy/courses,/Volumes/EAGET/SKYLIT_RE/bundles_pass2/_next__static__chunks__4338-2835906ea9e42f40.js,31021,"deURIComponent(t),""/attempts""),e,{method:""POST"",headers:{""Content-Type"":""application/json""},body:JSON.stringify({})})}async function eP(e,t,n){return c(""/api/nexus/academy/attempts/"".concat(encodeURIComponent(t),""/submit""),e,{method:""PUT"",headers:{""Content-Type"":""application/json""},body:JSON.stringify({answers:n.map(e=>({questionId:e.questionId,selectedOptionId:e.selectedOptionId}))})})}async function ew(e){return c(""/api/nexus/academy/certifications"",e)}async function eR(e){var t;let n=await c(""/api/nexus/admin/academy/courses"",e);return Array.isArray(n)?n:null!=(t=null==n?void 0:n.courses)?t:[]}async function eA(e,t){return c(""/api/nexus/admin/academy/courses"",e,{method:""POST"",headers:{""Content-Type"":""application/json""},body:JSON.stringify(t)})}async function eb(e,t,n){return c(""/api/nexus/admin/academy/courses/"".concat(encodeURIComponent(t)),e,{method:""PUT"",headers:{""Content-Type"":""application/json""},body:JSON.stringify(n)})}async function e_(e,t){return c(""/api/nexus/admin/academy/courses/"".concat(encodeURIComponent(t)),e,{method:""DELETE""})}async function eU(e,t,n){return c(""/api/nexus/admin/academy/courses/"".concat(encodeURIComponent(t),""/sections""),e,{method:""POST"",headers:{""Content-Type"":""application/json""},body:JSON.stringify(n)})}async function eD(e,t,n){return c(""/api/nexus/admin/academy/sections/"".concat(encodeURIComponent(t)),e,{method:""PUT"",headers:{""Content-Type"":""application/json""},body:JSON.stringify(n)})}async function eO(e,t){return c(""/api/nexus/admin/academy/sections/"".concat(encodeURIComp"
/api/nexus/admin/academy/courses/,/Volumes/EAGET/SKYLIT_RE/bundles_pass2/_next__static__chunks__4338-2835906ea9e42f40.js,31312,"N.stringify({answers:n.map(e=>({questionId:e.questionId,selectedOptionId:e.selectedOptionId}))})})}async function ew(e){return c(""/api/nexus/academy/certifications"",e)}async function eR(e){var t;let n=await c(""/api/nexus/admin/academy/courses"",e);return Array.isArray(n)?n:null!=(t=null==n?void 0:n.courses)?t:[]}async function eA(e,t){return c(""/api/nexus/admin/academy/courses"",e,{method:""POST"",headers:{""Content-Type"":""application/json""},body:JSON.stringify(t)})}async function eb(e,t,n){return c(""/api/nexus/admin/academy/courses/"".concat(encodeURIComponent(t)),e,{method:""PUT"",headers:{""Content-Type"":""application/json""},body:JSON.stringify(n)})}async function e_(e,t){return c(""/api/nexus/admin/academy/courses/"".concat(encodeURIComponent(t)),e,{method:""DELETE""})}async function eU(e,t,n){return c(""/api/nexus/admin/academy/courses/"".concat(encodeURIComponent(t),""/sections""),e,{method:""POST"",headers:{""Content-Type"":""application/json""},body:JSON.stringify(n)})}async function eD(e,t,n){return c(""/api/nexus/admin/academy/sections/"".concat(encodeURIComponent(t)),e,{method:""PUT"",headers:{""Content-Type"":""application/json""},body:JSON.stringify(n)})}async function eO(e,t){return c(""/api/nexus/admin/academy/sections/"".concat(encodeURIComponent(t)),e,{method:""DELETE""})}async function eE(e,t,n){return c(""/api/nexus/admin/academy/sections/"".concat(encodeURIComponent(t),""/questions""),e,{method:""POST"",headers:{""Content-Type"":""application/json""},body:JSON.stringify(n)})}async function eN(e,t,n){return c(""/api/nexus/admin/academy/q"
/api/nexus/admin/academy/sections/,/Volumes/EAGET/SKYLIT_RE/bundles_pass2/_next__static__chunks__4338-2835906ea9e42f40.js,31814,"api/nexus/admin/academy/courses/"".concat(encodeURIComponent(t)),e,{method:""PUT"",headers:{""Content-Type"":""application/json""},body:JSON.stringify(n)})}async function e_(e,t){return c(""/api/nexus/admin/academy/courses/"".concat(encodeURIComponent(t)),e,{method:""DELETE""})}async function eU(e,t,n){return c(""/api/nexus/admin/academy/courses/"".concat(encodeURIComponent(t),""/sections""),e,{method:""POST"",headers:{""Content-Type"":""application/json""},body:JSON.stringify(n)})}async function eD(e,t,n){return c(""/api/nexus/admin/academy/sections/"".concat(encodeURIComponent(t)),e,{method:""PUT"",headers:{""Content-Type"":""application/json""},body:JSON.stringify(n)})}async function eO(e,t){return c(""/api/nexus/admin/academy/sections/"".concat(encodeURIComponent(t)),e,{method:""DELETE""})}async function eE(e,t,n){return c(""/api/nexus/admin/academy/sections/"".concat(encodeURIComponent(t),""/questions""),e,{method:""POST"",headers:{""Content-Type"":""application/json""},body:JSON.stringify(n)})}async function eN(e,t,n){return c(""/api/nexus/admin/academy/questions/"".concat(encodeURIComponent(t)),e,{method:""PUT"",headers:{""Content-Type"":""application/json""},body:JSON.stringify(n)})}async function eQ(e,t){return c(""/api/nexus/admin/academy/questions/"".concat(encodeURIComponent(t)),e,{method:""DELETE""})}async function ej(e,t){let n=!(arguments.length>2)||void 0===arguments[2]||arguments[2];return c(""/api/nexus/admin/academy/courses/"".concat(encodeURIComponent(t),""/publish""),e,{method:""PUT"",headers:{""Content-Type"":""application/json""},body:JSON.stringify({p"
/api/nexus/admin/academy/questions/,/Volumes/EAGET/SKYLIT_RE/bundles_pass2/_next__static__chunks__4338-2835906ea9e42f40.js,32320,"nexus/admin/academy/sections/"".concat(encodeURIComponent(t)),e,{method:""PUT"",headers:{""Content-Type"":""application/json""},body:JSON.stringify(n)})}async function eO(e,t){return c(""/api/nexus/admin/academy/sections/"".concat(encodeURIComponent(t)),e,{method:""DELETE""})}async function eE(e,t,n){return c(""/api/nexus/admin/academy/sections/"".concat(encodeURIComponent(t),""/questions""),e,{method:""POST"",headers:{""Content-Type"":""application/json""},body:JSON.stringify(n)})}async function eN(e,t,n){return c(""/api/nexus/admin/academy/questions/"".concat(encodeURIComponent(t)),e,{method:""PUT"",headers:{""Content-Type"":""application/json""},body:JSON.stringify(n)})}async function eQ(e,t){return c(""/api/nexus/admin/academy/questions/"".concat(encodeURIComponent(t)),e,{method:""DELETE""})}async function ej(e,t){let n=!(arguments.length>2)||void 0===arguments[2]||arguments[2];return c(""/api/nexus/admin/academy/courses/"".concat(encodeURIComponent(t),""/publish""),e,{method:""PUT"",headers:{""Content-Type"":""application/json""},body:JSON.stringify({published:n})})}async function eJ(e){var t;let n=await c(""/api/nexus/admin/academy/categories"",e);return null!=(t=null==n?void 0:n.categories)?t:[]}async function eL(e,t){return c(""/api/nexus/admin/academy/categories"",e,{method:""POST"",headers:{""Content-Type"":""application/json""},body:JSON.stringify(t)})}async function eq(e,t,n){return c(""/api/nexus/admin/academy/categories/"".concat(encodeURIComponent(t)),e,{method:""PUT"",headers:{""Content-Type"":""application/json""},body:JSON.stringify(n)})}async function e"
/api/nexus/admin/academy/categories,/Volumes/EAGET/SKYLIT_RE/bundles_pass2/_next__static__chunks__4338-2835906ea9e42f40.js,32906,"aders:{""Content-Type"":""application/json""},body:JSON.stringify(n)})}async function eQ(e,t){return c(""/api/nexus/admin/academy/questions/"".concat(encodeURIComponent(t)),e,{method:""DELETE""})}async function ej(e,t){let n=!(arguments.length>2)||void 0===arguments[2]||arguments[2];return c(""/api/nexus/admin/academy/courses/"".concat(encodeURIComponent(t),""/publish""),e,{method:""PUT"",headers:{""Content-Type"":""application/json""},body:JSON.stringify({published:n})})}async function eJ(e){var t;let n=await c(""/api/nexus/admin/academy/categories"",e);return null!=(t=null==n?void 0:n.categories)?t:[]}async function eL(e,t){return c(""/api/nexus/admin/academy/categories"",e,{method:""POST"",headers:{""Content-Type"":""application/json""},body:JSON.stringify(t)})}async function eq(e,t,n){return c(""/api/nexus/admin/academy/categories/"".concat(encodeURIComponent(t)),e,{method:""PUT"",headers:{""Content-Type"":""application/json""},body:JSON.stringify(n)})}async function eM(e,t){return c(""/api/nexus/admin/academy/categories/"".concat(encodeURIComponent(t)),e,{method:""DELETE""})}async function eY(e,t){return c(""/api/nexus/admin/academy/courses/"".concat(encodeURIComponent(t)),e)}async function eG(e,t,n){return c(""/api/nexus/admin/academy/upload/presign"",e,{method:""POST"",headers:{""Content-Type"":""application/json""},body:JSON.stringify({filename:t,contentType:n})})}async function eV(e,t,n){return c(""/api/nexus/academy/courses/"".concat(encodeURIComponent(t),""/reviews""),e,{method:""POST"",headers:{""Content-Type"":""application/json""},body:JSON.stringify(n)})}a"
/api/nexus/admin/academy/categories/,/Volumes/EAGET/SKYLIT_RE/bundles_pass2/_next__static__chunks__4338-2835906ea9e42f40.js,33187,"n c(""/api/nexus/admin/academy/courses/"".concat(encodeURIComponent(t),""/publish""),e,{method:""PUT"",headers:{""Content-Type"":""application/json""},body:JSON.stringify({published:n})})}async function eJ(e){var t;let n=await c(""/api/nexus/admin/academy/categories"",e);return null!=(t=null==n?void 0:n.categories)?t:[]}async function eL(e,t){return c(""/api/nexus/admin/academy/categories"",e,{method:""POST"",headers:{""Content-Type"":""application/json""},body:JSON.stringify(t)})}async function eq(e,t,n){return c(""/api/nexus/admin/academy/categories/"".concat(encodeURIComponent(t)),e,{method:""PUT"",headers:{""Content-Type"":""application/json""},body:JSON.stringify(n)})}async function eM(e,t){return c(""/api/nexus/admin/academy/categories/"".concat(encodeURIComponent(t)),e,{method:""DELETE""})}async function eY(e,t){return c(""/api/nexus/admin/academy/courses/"".concat(encodeURIComponent(t)),e)}async function eG(e,t,n){return c(""/api/nexus/admin/academy/upload/presign"",e,{method:""POST"",headers:{""Content-Type"":""application/json""},body:JSON.stringify({filename:t,contentType:n})})}async function eV(e,t,n){return c(""/api/nexus/academy/courses/"".concat(encodeURIComponent(t),""/reviews""),e,{method:""POST"",headers:{""Content-Type"":""application/json""},body:JSON.stringify(n)})}async function eH(e,t){return c(""/api/nexus/admin/academy/courses/"".concat(encodeURIComponent(t),""/reviews""),e)}async function ez(e){return c(""/api/nexus/copytrade/schema"",e)}async function eB(e,t){return c(""/api/nexus/copytrade/schema"",e,{method:""POST"",headers:{""Content-Type"":""appl"
/api/nexus/admin/academy/upload/presign,/Volumes/EAGET/SKYLIT_RE/bundles_pass2/_next__static__chunks__4338-2835906ea9e42f40.js,33598,"ent-Type"":""application/json""},body:JSON.stringify(t)})}async function eq(e,t,n){return c(""/api/nexus/admin/academy/categories/"".concat(encodeURIComponent(t)),e,{method:""PUT"",headers:{""Content-Type"":""application/json""},body:JSON.stringify(n)})}async function eM(e,t){return c(""/api/nexus/admin/academy/categories/"".concat(encodeURIComponent(t)),e,{method:""DELETE""})}async function eY(e,t){return c(""/api/nexus/admin/academy/courses/"".concat(encodeURIComponent(t)),e)}async function eG(e,t,n){return c(""/api/nexus/admin/academy/upload/presign"",e,{method:""POST"",headers:{""Content-Type"":""application/json""},body:JSON.stringify({filename:t,contentType:n})})}async function eV(e,t,n){return c(""/api/nexus/academy/courses/"".concat(encodeURIComponent(t),""/reviews""),e,{method:""POST"",headers:{""Content-Type"":""application/json""},body:JSON.stringify(n)})}async function eH(e,t){return c(""/api/nexus/admin/academy/courses/"".concat(encodeURIComponent(t),""/reviews""),e)}async function ez(e){return c(""/api/nexus/copytrade/schema"",e)}async function eB(e,t){return c(""/api/nexus/copytrade/schema"",e,{method:""POST"",headers:{""Content-Type"":""application/json""},body:JSON.stringify(t)})}async function eF(e,t){return c(""/api/nexus/copytrade/schema"",e,{method:""PUT"",headers:{""Content-Type"":""application/json""},body:JSON.stringify(t)})}async function eK(e){return c(""/api/nexus/copytrade/schema/traders"",e)}async function eX(e,t){return c(""/api/nexus/copytrade/schema/traders"",e,{method:""POST"",headers:{""Content-Type"":""application/json""},body:JSON.stringify(t)})}"
/api/nexus/copytrade/schema,/Volumes/EAGET/SKYLIT_RE/bundles_pass2/_next__static__chunks__4338-2835906ea9e42f40.js,34084,"t,n){return c(""/api/nexus/admin/academy/upload/presign"",e,{method:""POST"",headers:{""Content-Type"":""application/json""},body:JSON.stringify({filename:t,contentType:n})})}async function eV(e,t,n){return c(""/api/nexus/academy/courses/"".concat(encodeURIComponent(t),""/reviews""),e,{method:""POST"",headers:{""Content-Type"":""application/json""},body:JSON.stringify(n)})}async function eH(e,t){return c(""/api/nexus/admin/academy/courses/"".concat(encodeURIComponent(t),""/reviews""),e)}async function ez(e){return c(""/api/nexus/copytrade/schema"",e)}async function eB(e,t){return c(""/api/nexus/copytrade/schema"",e,{method:""POST"",headers:{""Content-Type"":""application/json""},body:JSON.stringify(t)})}async function eF(e,t){return c(""/api/nexus/copytrade/schema"",e,{method:""PUT"",headers:{""Content-Type"":""application/json""},body:JSON.stringify(t)})}async function eK(e){return c(""/api/nexus/copytrade/schema/traders"",e)}async function eX(e,t){return c(""/api/nexus/copytrade/schema/traders"",e,{method:""POST"",headers:{""Content-Type"":""application/json""},body:JSON.stringify(t)})}async function e$(e,t,n){return c(""/api/nexus/copytrade/schema/traders/"".concat(encodeURIComponent(t)),e,{method:""PUT"",headers:{""Content-Type"":""application/json""},body:JSON.stringify(n)})}async function eZ(e,t){return c(""/api/nexus/copytrade/schema/traders/"".concat(encodeURIComponent(t)),e,{method:""DELETE""})}async function eW(e,t){let n=new URLSearchParams;(null==t?void 0:t.status)&&n.append(""status"",t.status),(null==t?void 0:t.limit)!==void 0&&n.append(""limit"",t.limit."
/api/nexus/copytrade/schema/traders,/Volumes/EAGET/SKYLIT_RE/bundles_pass2/_next__static__chunks__4338-2835906ea9e42f40.js,34442,"async function eH(e,t){return c(""/api/nexus/admin/academy/courses/"".concat(encodeURIComponent(t),""/reviews""),e)}async function ez(e){return c(""/api/nexus/copytrade/schema"",e)}async function eB(e,t){return c(""/api/nexus/copytrade/schema"",e,{method:""POST"",headers:{""Content-Type"":""application/json""},body:JSON.stringify(t)})}async function eF(e,t){return c(""/api/nexus/copytrade/schema"",e,{method:""PUT"",headers:{""Content-Type"":""application/json""},body:JSON.stringify(t)})}async function eK(e){return c(""/api/nexus/copytrade/schema/traders"",e)}async function eX(e,t){return c(""/api/nexus/copytrade/schema/traders"",e,{method:""POST"",headers:{""Content-Type"":""application/json""},body:JSON.stringify(t)})}async function e$(e,t,n){return c(""/api/nexus/copytrade/schema/traders/"".concat(encodeURIComponent(t)),e,{method:""PUT"",headers:{""Content-Type"":""application/json""},body:JSON.stringify(n)})}async function eZ(e,t){return c(""/api/nexus/copytrade/schema/traders/"".concat(encodeURIComponent(t)),e,{method:""DELETE""})}async function eW(e,t){let n=new URLSearchParams;(null==t?void 0:t.status)&&n.append(""status"",t.status),(null==t?void 0:t.limit)!==void 0&&n.append(""limit"",t.limit.toString()),(null==t?void 0:t.offset)!==void 0&&n.append(""offset"",t.offset.toString());let a=n.toString();return c(""/api/nexus/copytrade/executions"".concat(a?""?"".concat(a):""""),e)}async function e0(e,t){return c(""/api/nexus/copytrade/executions/"".concat(encodeURIComponent(t),""/timeline""),e)}async function e1(e,t){return c(""/api/nexus/copytrade/executions/"".concat(e"
/api/nexus/copytrade/schema/traders/,/Volumes/EAGET/SKYLIT_RE/bundles_pass2/_next__static__chunks__4338-2835906ea9e42f40.js,34673,"hema"",e,{method:""POST"",headers:{""Content-Type"":""application/json""},body:JSON.stringify(t)})}async function eF(e,t){return c(""/api/nexus/copytrade/schema"",e,{method:""PUT"",headers:{""Content-Type"":""application/json""},body:JSON.stringify(t)})}async function eK(e){return c(""/api/nexus/copytrade/schema/traders"",e)}async function eX(e,t){return c(""/api/nexus/copytrade/schema/traders"",e,{method:""POST"",headers:{""Content-Type"":""application/json""},body:JSON.stringify(t)})}async function e$(e,t,n){return c(""/api/nexus/copytrade/schema/traders/"".concat(encodeURIComponent(t)),e,{method:""PUT"",headers:{""Content-Type"":""application/json""},body:JSON.stringify(n)})}async function eZ(e,t){return c(""/api/nexus/copytrade/schema/traders/"".concat(encodeURIComponent(t)),e,{method:""DELETE""})}async function eW(e,t){let n=new URLSearchParams;(null==t?void 0:t.status)&&n.append(""status"",t.status),(null==t?void 0:t.limit)!==void 0&&n.append(""limit"",t.limit.toString()),(null==t?void 0:t.offset)!==void 0&&n.append(""offset"",t.offset.toString());let a=n.toString();return c(""/api/nexus/copytrade/executions"".concat(a?""?"".concat(a):""""),e)}async function e0(e,t){return c(""/api/nexus/copytrade/executions/"".concat(encodeURIComponent(t),""/timeline""),e)}async function e1(e,t){return c(""/api/nexus/copytrade/executions/"".concat(encodeURIComponent(t),""/approve""),e,{method:""POST""})}async function e2(e,t){return c(""/api/nexus/copytrade/executions/"".concat(encodeURIComponent(t),""/reject""),e,{method:""POST""})}async function e5(e,t){return c(""/api/nexus/copytrade/"
/api/nexus/copytrade/executions,/Volumes/EAGET/SKYLIT_RE/bundles_pass2/_next__static__chunks__4338-2835906ea9e42f40.js,35228,"Component(t)),e,{method:""PUT"",headers:{""Content-Type"":""application/json""},body:JSON.stringify(n)})}async function eZ(e,t){return c(""/api/nexus/copytrade/schema/traders/"".concat(encodeURIComponent(t)),e,{method:""DELETE""})}async function eW(e,t){let n=new URLSearchParams;(null==t?void 0:t.status)&&n.append(""status"",t.status),(null==t?void 0:t.limit)!==void 0&&n.append(""limit"",t.limit.toString()),(null==t?void 0:t.offset)!==void 0&&n.append(""offset"",t.offset.toString());let a=n.toString();return c(""/api/nexus/copytrade/executions"".concat(a?""?"".concat(a):""""),e)}async function e0(e,t){return c(""/api/nexus/copytrade/executions/"".concat(encodeURIComponent(t),""/timeline""),e)}async function e1(e,t){return c(""/api/nexus/copytrade/executions/"".concat(encodeURIComponent(t),""/approve""),e,{method:""POST""})}async function e2(e,t){return c(""/api/nexus/copytrade/executions/"".concat(encodeURIComponent(t),""/reject""),e,{method:""POST""})}async function e5(e,t){return c(""/api/nexus/copytrade/executions/"".concat(encodeURIComponent(t),""/detach""),e,{method:""POST""})}async function e8(e){return c(""/api/nexus/copytrade/schema/kill"",e,{method:""POST""})}}}]);"
/api/nexus/copytrade/executions/,/Volumes/EAGET/SKYLIT_RE/bundles_pass2/_next__static__chunks__4338-2835906ea9e42f40.js,35324,"})}async function eZ(e,t){return c(""/api/nexus/copytrade/schema/traders/"".concat(encodeURIComponent(t)),e,{method:""DELETE""})}async function eW(e,t){let n=new URLSearchParams;(null==t?void 0:t.status)&&n.append(""status"",t.status),(null==t?void 0:t.limit)!==void 0&&n.append(""limit"",t.limit.toString()),(null==t?void 0:t.offset)!==void 0&&n.append(""offset"",t.offset.toString());let a=n.toString();return c(""/api/nexus/copytrade/executions"".concat(a?""?"".concat(a):""""),e)}async function e0(e,t){return c(""/api/nexus/copytrade/executions/"".concat(encodeURIComponent(t),""/timeline""),e)}async function e1(e,t){return c(""/api/nexus/copytrade/executions/"".concat(encodeURIComponent(t),""/approve""),e,{method:""POST""})}async function e2(e,t){return c(""/api/nexus/copytrade/executions/"".concat(encodeURIComponent(t),""/reject""),e,{method:""POST""})}async function e5(e,t){return c(""/api/nexus/copytrade/executions/"".concat(encodeURIComponent(t),""/detach""),e,{method:""POST""})}async function e8(e){return c(""/api/nexus/copytrade/schema/kill"",e,{method:""POST""})}}}]);"
/api/nexus/copytrade/schema/kill,/Volumes/EAGET/SKYLIT_RE/bundles_pass2/_next__static__chunks__4338-2835906ea9e42f40.js,35813,"){return c(""/api/nexus/copytrade/executions/"".concat(encodeURIComponent(t),""/timeline""),e)}async function e1(e,t){return c(""/api/nexus/copytrade/executions/"".concat(encodeURIComponent(t),""/approve""),e,{method:""POST""})}async function e2(e,t){return c(""/api/nexus/copytrade/executions/"".concat(encodeURIComponent(t),""/reject""),e,{method:""POST""})}async function e5(e,t){return c(""/api/nexus/copytrade/executions/"".concat(encodeURIComponent(t),""/detach""),e,{method:""POST""})}async function e8(e){return c(""/api/nexus/copytrade/schema/kill"",e,{method:""POST""})}}}]);"
/api/nexus/coach/insights,/Volumes/EAGET/SKYLIT_RE/bundles_pass2/_next__static__chunks__9130-634f29a92d49fbd9.js,1781,"o.wj)()).concat(e),u=new Headers(n.headers);try{let e=await r();e&&u.set(""Authorization"",""Bearer "".concat(e))}catch(e){console.warn(""[Coach API] Failed to get Clerk token:"",e)}let i=(0,o.Oj)();i&&!u.has(""X-Guild-ID"")&&u.set(""X-Guild-ID"",i);let s=await fetch(t,{...n,headers:u});if(!s.ok){let e=""HTTP "".concat(s.status,"": "").concat(s.statusText);try{let r=await s.json();e=r.error||r.message||e}catch(e){}throw new o.er(e,s.status)}if(204!==s.status)return await s.json()}async function c(e){return l(""/api/nexus/coach/insights"",e)}async function y(e,r){return l(""/api/nexus/coach/insights/"".concat(encodeURIComponent(r),""/dismiss""),e,{method:""POST""})}async function m(e,r){return l(""/api/nexus/coach/insights/"".concat(encodeURIComponent(r),""/save""),e,{method:""POST""})}async function q(e,r){return l(""/api/nexus/coach/insights/"".concat(encodeURIComponent(r),""/academy-click""),e,{method:""POST""})}n(24646);let v={currentUser:()=>[""nexus"",""currentUser""],user:e=>[""nexus"",""user"",e],trades:e=>e?[""nexus"",""trades"",e]:[""nexus"",""trades""],trade:e=>[""nexus"",""trade"",e],tradePnlHistory:e=>[""nexus"",""trade"",e,""pnl-history""],leaderboard:e=>e?[""nexus"",""leaderboard"",e]:[""nexus"",""leaderboard""],feed:e=>e?[""nexus"",""feed"",e]:[""nexus"",""feed""],ideas:e=>e?[""nexus"",""ideas"",e]:[""nexus"",""ideas""],comments:(e,r)=>[""nexus"",""comments"",e,r],userStats:(e,r)=>r?[""nexus"",""userStats"",e,r]:[""nexus"",""userStats"",e],simulatedPortfolioCurrent:()=>[""nexus"",""simulatedPortfolio"",""current""],simulatedPortfolioLedger:e=>e?[""nexus"",""simulatedPortfolio"",""ledger"",e]:["
/api/nexus/coach/insights/,/Volumes/EAGET/SKYLIT_RE/bundles_pass2/_next__static__chunks__9130-634f29a92d49fbd9.js,1843,");e&&u.set(""Authorization"",""Bearer "".concat(e))}catch(e){console.warn(""[Coach API] Failed to get Clerk token:"",e)}let i=(0,o.Oj)();i&&!u.has(""X-Guild-ID"")&&u.set(""X-Guild-ID"",i);let s=await fetch(t,{...n,headers:u});if(!s.ok){let e=""HTTP "".concat(s.status,"": "").concat(s.statusText);try{let r=await s.json();e=r.error||r.message||e}catch(e){}throw new o.er(e,s.status)}if(204!==s.status)return await s.json()}async function c(e){return l(""/api/nexus/coach/insights"",e)}async function y(e,r){return l(""/api/nexus/coach/insights/"".concat(encodeURIComponent(r),""/dismiss""),e,{method:""POST""})}async function m(e,r){return l(""/api/nexus/coach/insights/"".concat(encodeURIComponent(r),""/save""),e,{method:""POST""})}async function q(e,r){return l(""/api/nexus/coach/insights/"".concat(encodeURIComponent(r),""/academy-click""),e,{method:""POST""})}n(24646);let v={currentUser:()=>[""nexus"",""currentUser""],user:e=>[""nexus"",""user"",e],trades:e=>e?[""nexus"",""trades"",e]:[""nexus"",""trades""],trade:e=>[""nexus"",""trade"",e],tradePnlHistory:e=>[""nexus"",""trade"",e,""pnl-history""],leaderboard:e=>e?[""nexus"",""leaderboard"",e]:[""nexus"",""leaderboard""],feed:e=>e?[""nexus"",""feed"",e]:[""nexus"",""feed""],ideas:e=>e?[""nexus"",""ideas"",e]:[""nexus"",""ideas""],comments:(e,r)=>[""nexus"",""comments"",e,r],userStats:(e,r)=>r?[""nexus"",""userStats"",e,r]:[""nexus"",""userStats"",e],simulatedPortfolioCurrent:()=>[""nexus"",""simulatedPortfolio"",""current""],simulatedPortfolioLedger:e=>e?[""nexus"",""simulatedPortfolio"",""ledger"",e]:[""nexus"",""simulatedPortfolio"",""ledger""],routingRules:e=>e?[""nexu"
/api/nexus/sse/trades,/Volumes/EAGET/SKYLIT_RE/bundles_pass2/_next__static__chunks__9130-634f29a92d49fbd9.js,4583,"""roles""],discordEmbedTemplates:e=>e?[""nexus"",""discord"",""embed-templates"",e]:[""nexus"",""discord"",""embed-templates""],discordDailyDigest:e=>e?[""nexus"",""discord"",""daily-digest"",e]:[""nexus"",""discord"",""daily-digest""]},f=null,K=0,Q=new Set,p=null;function g(e,r){e.setQueryData(v.trade(r.id),r),e.setQueriesData({queryKey:v.trades()},e=>e?{...e,trades:e.trades.map(e=>e.id===r.id?r:e)}:e)}async function x(e){return f||p?null!=p?p:Promise.resolve():p=(async()=>{let r=await e();if(!r||f)return;let n=new URL(""/api/nexus/sse/trades"",(0,o.wj)());n.searchParams.set(""token"",r);let t=new EventSource(n.toString());f=t,t.addEventListener(""pnl_update"",e=>{try{let r=JSON.parse(e.data);Q.forEach(e=>e(r))}catch(e){console.warn(""[nexus] failed to parse trade stream payload"",e)}}),t.onerror=()=>{null==f||f.close(),f=null,p=null}})().finally(()=>{p=null})}function F(e){var r,n;let{getToken:u,isSignedIn:i}=(0,s.d)(),d=(0,t.I)({queryKey:v.currentUser(),queryFn:()=>(0,o.rQ)(u),staleTime:3e4,gcTime:3e5,enabled:!!i&&(null==(n=null==e?void 0:e.enabled)||n)});return(0,a.useEffect)(()=>{var e;(null==(e=d.data)?void 0:e.primaryGuildId)&&(0,o.Kf)(d.data.primaryGuildId)},[null==(r=d.data)?void 0:r.primaryGuildId]),d}function h(e){let{getToken:r}=(0,s.d)();return(0,t.I)({queryKey:v.user(null!=e?e:""""),queryFn:()=>(0,o.im)(r,e),enabled:!!e,staleTime:3e4})}function E(e){let{getToken:r}=(0,s.d)(),n=null==e?void 0:e.trim();return(0,t.I)({queryKey:[""nexus"",""user-by-username"",null!=n?n:""""],queryFn:()=>(0,o.RK)(r,n),enabled:!!n,staleTime:3e4,ret"
/api/nexus/sse/options,/Volumes/EAGET/SKYLIT_RE/bundles_pass2/_next__static__chunks__9130-634f29a92d49fbd9.js,9630,"us"",""options-chain"",null!=e?e:"""",null!=r?r:""""],queryFn:()=>(0,o.IB)(i,e,r),enabled:n&&!!e,staleTime:3e4,refetchInterval:u,placeholderData:e=>e})}function P(e,r){let n=!(arguments.length>2)||void 0===arguments[2]||arguments[2],{getToken:t}=(0,s.d)(),[u,i]=(0,a.useState)(void 0),[d,l]=(0,a.useState)(!1),c=(0,a.useRef)(null);return(0,a.useEffect)(()=>{if(!n||!e||!r)return void l(!1);let u=!1,s=e.trim().toUpperCase(),a=r.slice(0,10);return(async()=>{try{let e=await t();if(!e||u)return;let r=new URL(""/api/nexus/sse/options"",(0,o.wj)());r.searchParams.set(""ticker"",s),r.searchParams.set(""expiration"",a),r.searchParams.set(""token"",e);let n=new EventSource(r.toString());c.current=n;let d=e=>{try{let r=JSON.parse(e.data);u||(i(r),l(!0))}catch(e){console.warn(""[nexus] failed to parse options stream payload"",e)}};n.addEventListener(""initial_data"",d),n.addEventListener(""snapshot_update"",d),n.addEventListener(""connected"",()=>{u||l(!0)}),n.addEventListener(""stream_error"",()=>{u||l(!1)}),n.onerror=()=>{u||l(!1)}}catch(e){console.warn(""[nexus] failed to connect options stream"",e),u||l(!1)}})(),()=>{u=!0,c.current&&(c.current.close(),c.current=null),u||l(!1)}},[n,r,t,e]),{data:u,connected:d}}function k(e){let{getToken:r}=(0,s.d)(),n=e.trim().toUpperCase();return(0,t.I)({queryKey:[""nexus"",""search"",""tickers"",n],queryFn:()=>(0,o.Os)(r,n),enabled:n.length>0,staleTime:3e5,placeholderData:e=>e})}function U(e){let{getToken:r}=(0,s.d)(),n=e.trim();return(0,t.I)({queryKey:[""nexus"",""username-available"",n],queryFn:()=>(0,o.Y0)(r"
/api/ohlcv/symbols,/Volumes/EAGET/SKYLIT_RE/bundles_pass2/_next__static__chunks__7026-d5f1da6b0d5e5c29.js,4851,"get(e);return n&&Date.now()-n.time<6e5?n.data:null}(t,0);if(n)return n;let a=f.get(t);if(a)return a;let l=(async()=>{let n=await d("""".concat(o,""/contracts?root="").concat(encodeURIComponent(e.toUpperCase())));if(!n.ok)throw Error(""Contracts failed ["".concat(n.status,""]""));let a=await n.json();return m.set(t,{data:a,time:Date.now()}),a})().finally(()=>{f.delete(t)});return f.set(t,l),l}async function v(e){var t;let n=new URLSearchParams;e&&n.set(""kinds"",e);let a=n.toString(),l=await d("""".concat(o,""/api/ohlcv/symbols"").concat(a?""?"".concat(a):""""));if(!l.ok)throw Error(""Chart symbols failed ["".concat(l.status,""]""));return(null!=(t=(await l.json()).symbols)?t:[]).map(e=>{var t;return{...e,displayName:null!=(t=e.displayName)?t:""VIX""===e.name?""CVIX"":void 0}})}function y(e,t){if(t<=1)return e;let n=new Map,a=60*t;for(let r of e){let e=new Date(r.time+""Z"").getTime()/1e3,o=t>=1440?(0,l.bY)(e)+""T00:00:00"":new Date(Math.floor(e/a)*a*1e3).toISOString().slice(0,19),i=n.get(o);i?(i.high=Math.max(i.high,r.high),i.low=Math.min(i.low,r.low),i.close=r.close):n.set(o,{time:o,open:r.open,high:r.high,low:r.low,close:r.close})}return Array.from(n.values()).sort((e,t)=>e.time.localeCompare(t.time))}async function p(e,t,n){let l=arguments.length>3&&void 0!==arguments[3]&&arguments[3],i=arguments.length>4&&void 0!==arguments[4]?arguments[4]:""1"",u=""udf:"".concat(e,"":"").concat(Math.floor(t/86400),"":"").concat(Math.floor(n/86400),"":"").concat(l?""ext"":""reg"","":"").concat(i);if(f.has(u))return f.get(u);let s=(0,a.N)(),c=86400*Math."
/api/push/subscribe,/Volumes/EAGET/SKYLIT_RE/bundles_pass2/_next__static__chunks__app__layout-f8c87dfd0b87bada.js,18754,"nager] Successfully subscribed to push""),r}catch(e){return console.error(""[Push Manager] Failed to subscribe:"",e),null}}async function F(e,t){try{let r=e.toJSON(),n=function(){{let e=window.location.host;if(!e.includes(""localhost""))return"""".concat(window.location.protocol,""//"").concat(e);let t=M.env.NEXT_PUBLIC_API_BASE_URL;if(t&&""http://localhost:8080""!==t)return t}return M.env.NEXT_PUBLIC_API_BASE_URL||""http://localhost:8080""}();console.log(""[Push Manager] Saving subscription to:"","""".concat(n,""/api/push/subscribe""));let a=await fetch("""".concat(n,""/api/push/subscribe""),{method:""POST"",headers:{""Content-Type"":""application/json"",...t?{Authorization:""Bearer "".concat(t)}:{}},body:JSON.stringify({subscription:r})});if(!a.ok){let e=await a.json();return console.error(""[Push Manager] Failed to save subscription:"",e),!1}let i=await a.json();return console.log(""[Push Manager] Subscription saved to backend:"",i),!0}catch(e){return console.error(""[Push Manager] Failed to save subscription:"",e),!1}}async function O(e,t){console.log(""[Push Manager] Enabling push notifications..."");let r=await U(e);return r?await F(r,t)?(console.log(""[Push Manager] Push notifications enabled successfully""),!0):(console.error(""[Push Manager] Failed to save subscription to backend""),!1):(console.error(""[Push Manager] Failed to subscribe to push""),!1)}function L(e){let{children:t}=e,{isSignedIn:r,getToken:i}=(0,j.d)(),{setAuthToken:o,fetchAlerts:s,fetchEvents:l}=(0,D.u)();return(0,a.useEffect)(()=>{r&&(async()=>{try{console.log(""["
/api/nexus/legal/terms-status,/Volumes/EAGET/SKYLIT_RE/bundles_pass2/_next__static__chunks__app__layout-f8c87dfd0b87bada.js,32304,"ion.protocol,""//"").concat(window.location.host)).concat(e),{...r,headers:n});if(!i.ok){let e=""HTTP "".concat(i.status,"": "").concat(i.statusText);try{let t=await i.json();e=t.message||t.error||e}catch(e){}throw new eN(e,i.status)}return await i.json()}function eC(e){var t;let{children:r}=e,{isLoaded:o,isSignedIn:s}=(0,j.d)(),{data:l,isLoading:c,isError:d,error:u,refetch:m}=function(){let{getToken:e,isSignedIn:t,userId:r}=(0,j.d)();return(0,eT.I)({queryKey:[""legal"",""terms-status"",r],queryFn:()=>eA(""/api/nexus/legal/terms-status"",e),enabled:!!t,staleTime:6e4,retry:3,retryDelay:e=>Math.min(1e3*2**e,8e3)})}(),g=function(){let{getToken:e}=(0,j.d)(),t=(0,i.jE)();return(0,eE.n)({mutationFn:()=>(function(e){let t=window.sessionStorage.getItem(""skylit-session-id"")||crypto.randomUUID();return t&&window.sessionStorage.setItem(""skylit-session-id"",t),eA(""/api/nexus/legal/terms-acceptance"",e,{method:""POST"",body:JSON.stringify({accepted:!0,termsVersion:""tos_2026_03_25"",termsContentHash:""sha256:9a5cb589761687a96895e49d9e7ec8fce35220aafdfd6b725804f6a846ca4607"",sessionId:t,appEnvironment:""production""})})})(e),onSuccess:()=>{t.invalidateQueries({queryKey:[""legal"",""terms-status""]})}})}(),[f,h]=(0,a.useState)(!1);if(!o||c)return null;let p=d&&(!(u instanceof eN)||(null!=(t=u.status)?t:500)>=500);if(!s||(null==l?void 0:l.accepted)||p)return(0,n.jsx)(n.Fragment,{children:r});let y=d||(null==l?void 0:l.accepted)===!1;return(0,n.jsx)(e_.lG,{open:y,modal:!0,children:(0,n.jsxs)(e_.Cf,{showCloseButton:!1,className:""sm:max-w-xl border-b"
/api/nexus/legal/terms-acceptance,/Volumes/EAGET/SKYLIT_RE/bundles_pass2/_next__static__chunks__app__layout-f8c87dfd0b87bada.js,32655,"r:d,error:u,refetch:m}=function(){let{getToken:e,isSignedIn:t,userId:r}=(0,j.d)();return(0,eT.I)({queryKey:[""legal"",""terms-status"",r],queryFn:()=>eA(""/api/nexus/legal/terms-status"",e),enabled:!!t,staleTime:6e4,retry:3,retryDelay:e=>Math.min(1e3*2**e,8e3)})}(),g=function(){let{getToken:e}=(0,j.d)(),t=(0,i.jE)();return(0,eE.n)({mutationFn:()=>(function(e){let t=window.sessionStorage.getItem(""skylit-session-id"")||crypto.randomUUID();return t&&window.sessionStorage.setItem(""skylit-session-id"",t),eA(""/api/nexus/legal/terms-acceptance"",e,{method:""POST"",body:JSON.stringify({accepted:!0,termsVersion:""tos_2026_03_25"",termsContentHash:""sha256:9a5cb589761687a96895e49d9e7ec8fce35220aafdfd6b725804f6a846ca4607"",sessionId:t,appEnvironment:""production""})})})(e),onSuccess:()=>{t.invalidateQueries({queryKey:[""legal"",""terms-status""]})}})}(),[f,h]=(0,a.useState)(!1);if(!o||c)return null;let p=d&&(!(u instanceof eN)||(null!=(t=u.status)?t:500)>=500);if(!s||(null==l?void 0:l.accepted)||p)return(0,n.jsx)(n.Fragment,{children:r});let y=d||(null==l?void 0:l.accepted)===!1;return(0,n.jsx)(e_.lG,{open:y,modal:!0,children:(0,n.jsxs)(e_.Cf,{showCloseButton:!1,className:""sm:max-w-xl border-border/80 bg-background/95 p-0 overflow-hidden"",onPointerDownOutside:e=>e.preventDefault(),onEscapeKeyDown:e=>e.preventDefault(),onInteractOutside:e=>e.preventDefault(),children:[(0,n.jsxs)(""div"",{className:""border-b border-border/70 bg-muted/30 px-6 py-5"",children:[(0,n.jsx)(""div"",{className:""mb-3 flex h-11 w-11 items-center justify-center rounded-2xl b"
/api/alerts,/Volumes/EAGET/SKYLIT_RE/bundles_pass2/_next__static__chunks__5168-9901aec5fd79d4ae.js,1103,"ent(String(n)))});return t.length>0?""?"".concat(t.join(""&"")):""""}async function c(e){let t=arguments.length>1&&void 0!==arguments[1]?arguments[1]:{},n=arguments.length>2?arguments[2]:void 0,r=new Headers(t.headers);n&&r.set(""Authorization"",""Bearer "".concat(n));let o=await fetch(e,{...t,headers:r});if(!o.ok){let e=await o.json().catch(()=>({message:o.statusText}));throw new s(e.message||e.error||""Request failed"",o.status,e.code)}return o}async function d(e,t){let n=l(e||{}),r=await c("""".concat(a(),""/api/alerts"").concat(n),{},t),o=await r.json();return o.alerts&&Array.isArray(o.alerts)&&(o.alerts=o.alerts.map(e=>{var t,n,r;let o=e.proximity_settings;e.threshold&&(o={distance_points:null!==e.threshold.points&&void 0!==e.threshold.points?e.threshold.points:void 0,distance_percent:null!==e.threshold.percentage&&void 0!==e.threshold.percentage?e.threshold.percentage:void 0});let i=e.ticker||(null==(t=e.scope)?void 0:t.ticker_id)||((null==(r=e.scope)||null==(n=r.ticker_ids)?void 0:n.length)===1?e.scope.ticker_ids[0]:"""")||"""",a=e.scope||(i?{type:""ticker"",ticker_id:i}:void 0);return{...e,ticker:i,scope:a,proximity_settings:o,notification_channels:e.notification_channels||e.channels||[""InApp""]}})),o}async function u(e,t){var n,r,o,s;let l={scope:e.ticker?{type:""ticker"",ticker_id:e.ticker}:e.scope,node_type:null==(n=e.node_type)?void 0:n.toLowerCase(),exposure_type:e.exposure_type||""gex"",custom_strike:e.custom_strike||(null==(r=e.custom_node_config)?void 0:r.price_level)||null,enabled:e.enabled,name:e."
/api/alerts?alert_id=,/Volumes/EAGET/SKYLIT_RE/bundles_pass2/_next__static__chunks__5168-9901aec5fd79d4ae.js,5384,"ce_window_minutes=t.debounce_window_minutes:void 0!==t.debounce_settings&&(s.debounce_window_minutes=t.debounce_settings.debounce_seconds),void 0!==t.expiration_range&&(s.expiration_range=t.expiration_range),void 0!==t.significant_node_count&&(s.significant_node_count=t.significant_node_count),void 0!==t.webhook_url&&(s.webhook_url=t.webhook_url),console.log(""[alerts-api] updateAlert - frontend updates:"",t),console.log(""[alerts-api] updateAlert - backend payload:"",s);let l=await c("""".concat(a(),""/api/alerts?alert_id="").concat(e),{method:""PUT"",headers:{""Content-Type"":""application/json""},body:JSON.stringify(s)},n),d=await l.json();return console.log(""[alerts-api] updateAlert - backend response:"",d),d}async function g(e,t){await c("""".concat(a(),""/api/alerts?alert_id="").concat(e),{method:""DELETE""},t)}async function p(e,t,n){let r=l({...e||{},pagination_token:n||void 0});return(await c("""".concat(a(),""/api/alert-events"").concat(r),{},t)).json()}async function h(e,t){return(await c("""".concat(a(),""/api/alerts/bulk""),{method:""POST"",headers:{""Content-Type"":""application/json""},body:JSON.stringify(e)},t)).json()}async function v(e,t){return(await c("""".concat(a(),""/api/alerts/batch-update""),{method:""POST"",headers:{""Content-Type"":""application/json""},body:JSON.stringify(e)},t)).json()}async function m(e,t){return(await c("""".concat(a(),""/api/alerts/smart-setup""),{method:""POST"",headers:{""Content-Type"":""application/json""},body:JSON.stringify(e)},t)).json()}let f={isLoading:!1,error:null,activeTab:""active"",selectedAl"
/api/alert-events,/Volumes/EAGET/SKYLIT_RE/bundles_pass2/_next__static__chunks__5168-9901aec5fd79d4ae.js,5792,"t),console.log(""[alerts-api] updateAlert - backend payload:"",s);let l=await c("""".concat(a(),""/api/alerts?alert_id="").concat(e),{method:""PUT"",headers:{""Content-Type"":""application/json""},body:JSON.stringify(s)},n),d=await l.json();return console.log(""[alerts-api] updateAlert - backend response:"",d),d}async function g(e,t){await c("""".concat(a(),""/api/alerts?alert_id="").concat(e),{method:""DELETE""},t)}async function p(e,t,n){let r=l({...e||{},pagination_token:n||void 0});return(await c("""".concat(a(),""/api/alert-events"").concat(r),{},t)).json()}async function h(e,t){return(await c("""".concat(a(),""/api/alerts/bulk""),{method:""POST"",headers:{""Content-Type"":""application/json""},body:JSON.stringify(e)},t)).json()}async function v(e,t){return(await c("""".concat(a(),""/api/alerts/batch-update""),{method:""POST"",headers:{""Content-Type"":""application/json""},body:JSON.stringify(e)},t)).json()}async function m(e,t){return(await c("""".concat(a(),""/api/alerts/smart-setup""),{method:""POST"",headers:{""Content-Type"":""application/json""},body:JSON.stringify(e)},t)).json()}let f={isLoading:!1,error:null,activeTab:""active"",selectedAlert:null,selectedEvent:null,alerts:[],events:[],statistics:null,authToken:null,eventsHasMore:!1,eventsPaginationToken:null,eventsTotal:0},y=(0,r.v)()((0,o.lt)((e,t)=>({...f,setAuthToken:t=>e(()=>({authToken:t}),!1,""setAuthToken""),setActiveTab:t=>e(()=>({activeTab:t}),!1,""setActiveTab""),setLoading:t=>e(()=>({isLoading:t}),!1,""setLoading""),setError:t=>e(()=>({error:t}),!1,""setError""),setSelectedAlert:t="
/api/alerts/bulk,/Volumes/EAGET/SKYLIT_RE/bundles_pass2/_next__static__chunks__5168-9901aec5fd79d4ae.js,5888,"i/alerts?alert_id="").concat(e),{method:""PUT"",headers:{""Content-Type"":""application/json""},body:JSON.stringify(s)},n),d=await l.json();return console.log(""[alerts-api] updateAlert - backend response:"",d),d}async function g(e,t){await c("""".concat(a(),""/api/alerts?alert_id="").concat(e),{method:""DELETE""},t)}async function p(e,t,n){let r=l({...e||{},pagination_token:n||void 0});return(await c("""".concat(a(),""/api/alert-events"").concat(r),{},t)).json()}async function h(e,t){return(await c("""".concat(a(),""/api/alerts/bulk""),{method:""POST"",headers:{""Content-Type"":""application/json""},body:JSON.stringify(e)},t)).json()}async function v(e,t){return(await c("""".concat(a(),""/api/alerts/batch-update""),{method:""POST"",headers:{""Content-Type"":""application/json""},body:JSON.stringify(e)},t)).json()}async function m(e,t){return(await c("""".concat(a(),""/api/alerts/smart-setup""),{method:""POST"",headers:{""Content-Type"":""application/json""},body:JSON.stringify(e)},t)).json()}let f={isLoading:!1,error:null,activeTab:""active"",selectedAlert:null,selectedEvent:null,alerts:[],events:[],statistics:null,authToken:null,eventsHasMore:!1,eventsPaginationToken:null,eventsTotal:0},y=(0,r.v)()((0,o.lt)((e,t)=>({...f,setAuthToken:t=>e(()=>({authToken:t}),!1,""setAuthToken""),setActiveTab:t=>e(()=>({activeTab:t}),!1,""setActiveTab""),setLoading:t=>e(()=>({isLoading:t}),!1,""setLoading""),setError:t=>e(()=>({error:t}),!1,""setError""),setSelectedAlert:t=>e(()=>({selectedAlert:t}),!1,""setSelectedAlert""),setSelectedEvent:t=>e(()=>({selectedEvent:t})"
/api/alerts/batch-update,/Volumes/EAGET/SKYLIT_RE/bundles_pass2/_next__static__chunks__5168-9901aec5fd79d4ae.js,6053," updateAlert - backend response:"",d),d}async function g(e,t){await c("""".concat(a(),""/api/alerts?alert_id="").concat(e),{method:""DELETE""},t)}async function p(e,t,n){let r=l({...e||{},pagination_token:n||void 0});return(await c("""".concat(a(),""/api/alert-events"").concat(r),{},t)).json()}async function h(e,t){return(await c("""".concat(a(),""/api/alerts/bulk""),{method:""POST"",headers:{""Content-Type"":""application/json""},body:JSON.stringify(e)},t)).json()}async function v(e,t){return(await c("""".concat(a(),""/api/alerts/batch-update""),{method:""POST"",headers:{""Content-Type"":""application/json""},body:JSON.stringify(e)},t)).json()}async function m(e,t){return(await c("""".concat(a(),""/api/alerts/smart-setup""),{method:""POST"",headers:{""Content-Type"":""application/json""},body:JSON.stringify(e)},t)).json()}let f={isLoading:!1,error:null,activeTab:""active"",selectedAlert:null,selectedEvent:null,alerts:[],events:[],statistics:null,authToken:null,eventsHasMore:!1,eventsPaginationToken:null,eventsTotal:0},y=(0,r.v)()((0,o.lt)((e,t)=>({...f,setAuthToken:t=>e(()=>({authToken:t}),!1,""setAuthToken""),setActiveTab:t=>e(()=>({activeTab:t}),!1,""setActiveTab""),setLoading:t=>e(()=>({isLoading:t}),!1,""setLoading""),setError:t=>e(()=>({error:t}),!1,""setError""),setSelectedAlert:t=>e(()=>({selectedAlert:t}),!1,""setSelectedAlert""),setSelectedEvent:t=>e(()=>({selectedEvent:t}),!1,""setSelectedEvent""),fetchAlerts:async n=>{e({isLoading:!0,error:null},!1,""fetchAlerts:start"");try{let r=t().authToken||void 0,o=await d(n,r);e(()=>({alerts:o.alerts||[],"
/api/alerts/smart-setup,/Volumes/EAGET/SKYLIT_RE/bundles_pass2/_next__static__chunks__5168-9901aec5fd79d4ae.js,6226,"..e||{},pagination_token:n||void 0});return(await c("""".concat(a(),""/api/alert-events"").concat(r),{},t)).json()}async function h(e,t){return(await c("""".concat(a(),""/api/alerts/bulk""),{method:""POST"",headers:{""Content-Type"":""application/json""},body:JSON.stringify(e)},t)).json()}async function v(e,t){return(await c("""".concat(a(),""/api/alerts/batch-update""),{method:""POST"",headers:{""Content-Type"":""application/json""},body:JSON.stringify(e)},t)).json()}async function m(e,t){return(await c("""".concat(a(),""/api/alerts/smart-setup""),{method:""POST"",headers:{""Content-Type"":""application/json""},body:JSON.stringify(e)},t)).json()}let f={isLoading:!1,error:null,activeTab:""active"",selectedAlert:null,selectedEvent:null,alerts:[],events:[],statistics:null,authToken:null,eventsHasMore:!1,eventsPaginationToken:null,eventsTotal:0},y=(0,r.v)()((0,o.lt)((e,t)=>({...f,setAuthToken:t=>e(()=>({authToken:t}),!1,""setAuthToken""),setActiveTab:t=>e(()=>({activeTab:t}),!1,""setActiveTab""),setLoading:t=>e(()=>({isLoading:t}),!1,""setLoading""),setError:t=>e(()=>({error:t}),!1,""setError""),setSelectedAlert:t=>e(()=>({selectedAlert:t}),!1,""setSelectedAlert""),setSelectedEvent:t=>e(()=>({selectedEvent:t}),!1,""setSelectedEvent""),fetchAlerts:async n=>{e({isLoading:!0,error:null},!1,""fetchAlerts:start"");try{let r=t().authToken||void 0,o=await d(n,r);e(()=>({alerts:o.alerts||[],isLoading:!1}),!1,""fetchAlerts:success""),t().calculateStatistics()}catch(t){throw e({isLoading:!1,error:t instanceof Error?t.message:""Failed to fetch alerts""},!1,""fetchAler"
/api/,/Volumes/EAGET/SKYLIT_RE/bundles_pass2/_next__static__chunks__3680-bedf33ad8e108721.js,35052,"rossOrigin:m.crossOrigin}:{as:""script"",nonce:E,crossOrigin:m.crossOrigin})}return null}Object.defineProperty(_,""__nextScript"",{value:!0});let g=_;(""function""==typeof t.default||""object""==typeof t.default&&null!==t.default)&&void 0===t.default.__esModule&&(Object.defineProperty(t.default,""__esModule"",{value:!0}),Object.assign(t.default,t),e.exports=t.default)},42206:e=>{""use strict"";e.exports={rE:""15.5.9""}},42742:(e,t)=>{""use strict"";function r(e){return""/api""===e||!!(null==e?void 0:e.startsWith(""/api/""))}Object.defineProperty(t,""__esModule"",{value:!0}),Object.defineProperty(t,""isAPIRoute"",{enumerable:!0,get:function(){return r}})},43843:(e,t,r)=>{""use strict"";r.d(t,{_:()=>o,c:()=>i});var n=r(12115);let a=n.createContext(void 0);a.displayName=""ClerkNextOptionsCtx"";let i=()=>{let e=n.useContext(a);return null==e?void 0:e.value},o=e=>{let{children:t,options:r}=e;return n.createElement(a.Provider,{value:{value:r}},t)}},44761:(e,t)=>{""use strict"";Object.defineProperty(t,""__esModule"",{value:!0}),!function(e,t){for(var r in t)Object.defineProperty(e,r,{enumerable:!0,get:t[r]})}(t,{getSortedRouteObjects:function(){return a},getSortedRoutes:function(){return n}});class r{insert(e){this._insert(e.split(""/"").filter(Boolean),[],!1)}smoosh(){return this._smoosh()}_smoosh(e){void 0===e&&(e=""/"");let t=[...this.children.keys()].sort();null!==this.slugName&&t.splice(t.indexOf(""[]""),1),null!==this.restSlugName&&t.splice(t.indexOf(""[...]""),1),null!==this.optionalRestSlugName&&t.splice(t.indexOf(""[[..."
/api/early_access_features/?token=,/Volumes/EAGET/SKYLIT_RE/bundles_pass2/_next__static__chunks__6614-bb93312999c77658.js,80011,"e_name=s.name),i&&(a.$feature_enrollment_stage=i),this._instance.capture(""$feature_enrollment_update"",a),this.setPersonPropertiesForFlags(n,!1);var o=y({},this.getFlagVariants(),{[e]:t});null==(r=this._instance.persistence)||r.register({[sc]:Object.keys(sg(o)),[eK]:o}),this.pi()}getEarlyAccessFeatures(e,t,i){void 0===t&&(t=!1);var r=this._instance.get_property(eQ),s=i?""&""+i.map(e=>""stage=""+e).join(""&""):"""";if(r&&!t)return e(r);this._instance.ci({url:this._instance.requestRouter.endpointFor(""api"",""/api/early_access_features/?token=""+this._instance.config.token+s),method:""GET"",callback:t=>{var i,r;if(t.json){var s=t.json.earlyAccessFeatures;return null==(i=this._instance.persistence)||i.unregister(eQ),null==(r=this._instance.persistence)||r.register({[eQ]:s}),e(s)}}})}gi(){var e=this.getFlags(),t=this.getFlagVariants();return{flags:e.filter(e=>t[e]),flagVariants:Object.keys(t).filter(e=>t[e]).reduce((e,i)=>(e[i]=t[i],e),{})}}pi(e){var{flags:t,flagVariants:i}=this.gi();this.featureFlagEventHandlers.forEach(r=>r(t,i,{errorsLoading:e}))}setPersonPropertiesForFlags(e,t){void 0===t&&(t=!0);var i=this._instance.get_property(e1)||{};this._instance.register({[e1]:y({},i,e)}),t&&this._instance.reloadFeatureFlags()}resetPersonPropertiesForFlags(){this._instance.unregister(e1)}setGroupPropertiesForFlags(e,t){void 0===t&&(t=!0);var i=this._instance.get_property(e2)||{};0!==Object.keys(i).length&&Object.keys(i).forEach(t=>{i[t]=y({},i[t],e[t]),delete e[t]}),this._instance.register({[e2]:y({},i,e)}),t&&this._instance.reloadFeat"
/api/surveys/?token=,/Volumes/EAGET/SKYLIT_RE/bundles_pass2/_next__static__chunks__6614-bb93312999c77658.js,94234,"or:e})}onSurveysLoaded(e){return this.Yi.push(e),this._surveyManager&&this.Zi({isLoaded:!0}),()=>{this.Yi=this.Yi.filter(t=>t!==e)}}getSurveys(e,t){if(void 0===t&&(t=!1),this._instance.config.disable_surveys)return sI.info(""Disabled. Not loading surveys.""),e([]);var i=this._instance.get_property(e3);if(i&&!t)return e(i,{isLoaded:!0});if(this.Ji)return e([],{isLoaded:!1,error:""Surveys are already being loaded""});try{this.Ji=!0,this._instance.ci({url:this._instance.requestRouter.endpointFor(""api"",""/api/surveys/?token=""+this._instance.config.token),method:""GET"",timeout:this._instance.config.surveys_request_timeout_ms,callback:t=>{this.Ji=!1;var i=t.statusCode;if(200!==i||!t.json){var r=""Surveys API could not be loaded, status: ""+i;return sI.error(r),e([],{isLoaded:!1,error:r})}var s,n,a=t.json.surveys||[],o=a.filter(e=>{var t,i;return!(!e.start_date||e.end_date)&&(!(null==(t=e.conditions)||null==(t=t.events)||null==(t=t.values)||!t.length)||!(null==(i=e.conditions)||null==(i=i.actions)||null==(i=i.values)||!i.length))});return o.length>0&&(null==(n=this._surveyEventReceiver)||n.register(o)),null==(s=this._instance.persistence)||s.register({[e3]:a}),e(a,{isLoaded:!0})}})}catch(e){throw this.Ji=!1,e}}Zi(e){for(var t of this.Yi)try{if(!e.isLoaded)return t([],e);this.getSurveys(t)}catch(e){sI.error(""Error in survey callback"",e)}}getActiveMatchingSurveys(e,t){if(void 0===t&&(t=!1),!D(this._surveyManager))return this._surveyManager.getActiveMatchingSurveys(e,t);sI.warn(""init was not called"")}te(e){var t=nu"
/api/web_experiments/?token=,/Volumes/EAGET/SKYLIT_RE/bundles_pass2/_next__static__chunks__6614-bb93312999c77658.js,116853," 0:e.search,""__experiment_variant"");t&&i&&(s6.Xe(""previewing web experiments ""+t+"" && ""+i),this.getWebExperiments(e=>{this.ir(parseInt(t),i,e)},!1,!0))}}loadIfEnabled(){this._instance.config.disable_web_experiments||this.getWebExperimentsAndEvaluateDisplayLogic()}getWebExperiments(e,t,i){if(this._instance.config.disable_web_experiments&&!i)return e([]);var r=this._instance.get_property(""$web_experiments"");if(r&&!t)return e(r);this._instance.ci({url:this._instance.requestRouter.endpointFor(""api"",""/api/web_experiments/?token=""+this._instance.config.token),method:""GET"",callback:t=>200===t.statusCode&&t.json?e(t.json.experiments||[]):e([])})}ir(e,t,i){var r=i.filter(t=>t.id===e);r&&r.length>0&&(s6.Xe(""Previewing web experiment [""+r[0].name+""] with variant [""+t+""]""),this.Ze(r[0].name,t,r[0].variants[t].transforms))}static tr(e){return!D(e.conditions)&&s6.er(e)&&s6.rr(e)}static er(e){if(D(e.conditions)||D(null==(t=e.conditions)?void 0:t.url))return!0;var t,i,r,s,n=s6.getWindowLocation();return!!n&&(null==(i=e.conditions)||!i.url||s5[null!=(r=null==(s=e.conditions)?void 0:s.urlMatchType)?r:""icontains""](e.conditions.url,n))}static getWindowLocation(){return null==r?void 0:r.location}static rr(e){if(D(e.conditions)||D(null==(i=e.conditions)?void 0:i.utm))return!0;var t=rp();if(t.utm_source){var i,r,s,n,a,o,l,c,u,h=null==(r=e.conditions)||null==(r=r.utm)||!r.utm_campaign||(null==(s=e.conditions)||null==(s=s.utm)?void 0:s.utm_campaign)==t.utm_campaign,d=null==(n=e.conditions)||null==(n=n.utm)||!n.utm_source||(null=="
/api/live-spot?symbol=,/Volumes/EAGET/SKYLIT_RE/bundles_pass2/_next__static__chunks__7297-f12effc5f786481c.js,38601,",(0,l.jsx)(""span"",{children:y(t[t.length-1][0])})]})]})}function F(e,t){let n=(0,o.K)({symbol:e||""SPY"",enabled:t&&!!e,resolution:""1s""});return t&&n.connected&&n.bars&&n.bars.length?n.bars[n.bars.length-1].c:void 0}function z(e,t){var n;let l=(0,o.K)({symbol:e||""SPY"",enabled:t&&!!e,resolution:""1s""}),r=(0,a.useRef)(void 0),s=l.bars&&l.bars.length?l.bars[l.bars.length-1].c:void 0;null!=s&&(r.current=s);let[c,i]=(0,a.useState)(void 0);return(0,a.useEffect)(()=>{if(!t||!e)return;let n=!0,l=()=>fetch(""/api/live-spot?symbol="".concat(encodeURIComponent(e)),{cache:""no-store""}).then(e=>e.ok?e.json():null).then(e=>{n&&e&&null!=e.px&&i(e.px)}).catch(()=>{});l();let a=setInterval(l,2e3);return()=>{n=!1,clearInterval(a)}},[e,t]),{px:null!=(n=null!=s?s:r.current)?n:c,live:t&&l.connected&&null!=s}}function C(e,t,n){let l=/^([A-Z]+) (\d+(?:\.\d+)?)([CP])$/.exec(e||""""),a=l&&t?(0,s.$q)(l[1],t,l[3],Number(l[2])):null,r=n&&!!a&&function(e){if(!e)return!1;let t=new Date,n=new Intl.DateTimeFormat(""en-US"",{timeZone:""America/New_York"",hour12:!1,weekday:""short"",year:""numeric"",month:""2-digit"",day:""2-digit"",hour:""2-digit"",minute:""2-digit""}).formatToParts(t).reduce((e,t)=>(e[t.type]=t.value,e),{});if(e<"""".concat(n.year,""-"").concat(n.month,""-"").concat(n.day)||""Sat""===n.weekday||""Sun""===n.weekday)return!1;let l="""".concat(n.hour,"":"").concat(n.minute);return l>=""09:25""&&l<=""16:20""}(t),c=(0,o.K)({symbol:null!=a?a:""SPY"",enabled:r,resolution:""1s""});return r&&c.connected&&c.bars&&c.bars.length?c.bars[c.bars.length-1].c:void 0}function "
https://discord.com/api/webhooks/…,/Volumes/EAGET/SKYLIT_RE/bundles_pass2/_next__static__chunks__7297-f12effc5f786481c.js,65307,"er(e=>e!==t):l:[...l,t]},P=e=>(0,l.jsx)(""span"",{style:{fontSize:8.5,letterSpacing:""0.12em"",color:o.textMuted},children:e}),_=()=>{var e,t,a,r,s,c,i,d;return(0,l.jsxs)(""div"",{className:""flex flex-col gap-2 rounded-xl p-3"",style:{background:n.ink(.05),border:""1px solid "".concat(n.accent,""55""),boxShadow:""inset 0 1px 0 "".concat(n.ink(.04),"", 0 0 24px "").concat(n.accent,""11"")},children:[""new""===g&&(0,l.jsx)(""input"",{value:null!=(t=m.url)?t:"""",onChange:e=>f(t=>({...t,url:e.target.value})),placeholder:""https://discord.com/api/webhooks/…"",autoFocus:!0,className:""w-full rounded-lg px-2.5 py-2"",style:{fontSize:12,minHeight:36,background:n.ink(.05),border:""1px solid "".concat(n.ink(.14)),color:o.textPrimary,outline:""none""}}),(0,l.jsxs)(""div"",{className:""flex items-center gap-1.5"",children:[P(""NAME""),(0,l.jsx)(""input"",{value:null!=(a=m.name)?a:"""",onChange:e=>f(t=>({...t,name:e.target.value})),placeholder:""e.g. #0dte-alerts"",className:""min-w-0 flex-1 rounded px-2 py-1"",style:{fontSize:11,background:n.ink(.05),border:""1px solid "".concat(n.ink(.12)),color:o.textPrimary,outline:""none""}}),j(!1!==m.enabled?""ACTIVE"":""MUTED"",!1!==m.enabled,()=>f(e=>({...e,enabled:!1===e.enabled})),""ed-en"")]}),(0,l.jsxs)(""div"",{className:""flex flex-wrap items-center gap-1.5"",children:[P(""SCOPE""),E.map(e=>{var t;return j(e.toUpperCase(),(null!=(t=m.scope)?t:""all"")===e,()=>f(t=>({...t,scope:e})),""ed-s-"".concat(e))})]}),(0,l.jsxs)(""div"",{className:""flex flex-wrap items-center gap-1.5"",children:[P(""EVENTS""),N.map(e=>{var t;let[n,l]=e;return j(l,(null!=("
/api/velocity/history?,/Volumes/EAGET/SKYLIT_RE/bundles_pass2/_next__static__chunks__1576-b802384d65dd427f.js,11077,"51531);function i(e,t,l,i,a){let s=(0,n.Z)(),{existingHistory:o,enabled:u=!0,replayMode:d=!1,replayTimestamp:c}=null!=a?a:{},h=!d&&o&&o.length>0,m=d&&null!=c;return(0,r.I)({queryKey:[""velocity-history"",e,t,l,i,d?""replay"":""live"",d?null==c?void 0:c.toISOString():null],queryFn:async()=>{var r;let n=(r=i,/^\d{8}$/.test(r)?r:/^\d{4}-\d{2}-\d{2}$/.test(r)?r.replace(/-/g,""""):r),a=new URLSearchParams({symbol:e,dataType:t,strike:l.toString(),exp:n});d&&c&&a.set(""timestamp"",c.toISOString());let o=await s(""/api/velocity/history?"".concat(a));return{history:o.history,timestamps:o.timestamps,delta1Min:o.delta1Min,delta5Min:o.delta5Min,delta10Min:o.delta10Min,delta15Min:o.delta15Min,delta1Hour:o.delta1Hour,delta4Hour:o.delta4Hour,delta1Day:o.delta1Day,percent1Min:o.percent1Min,percent5Min:o.percent5Min,percent10Min:o.percent10Min,percent15Min:o.percent15Min,percent1Hour:o.percent1Hour,percent4Hour:o.percent4Hour,percent1Day:o.percent1Day}},enabled:u&&!!e&&!!l&&!!i&&!h&&(!d||m),initialData:h?{history:o,timestamps:[],delta1Min:0,delta5Min:0,delta10Min:0,delta15Min:0,delta1Hour:0,delta4Hour:0,delta1Day:0,percent1Min:0,percent5Min:0,percent10Min:0,percent15Min:0,percent1Hour:0,percent4Hour:0,percent1Day:0}:void 0,staleTime:d?3e5:6e4,gcTime:d?3e5:12e4,retry:1,refetchOnWindowFocus:!1})}function a(e){return""netGamma""===e?""gamma"":""vanna""}},64300:(e,t,l)=>{l.d(t,{j:()=>a});var r=l(12115),n=l(47471),i=l(17055);function a(){let{getToken:e}=(0,n.d)(),t=(0,i.u)(e=>e.setAuthToken),l=(0,i.u)(e=>e.createAlert),a=(0,i.u)(e=>e.upda"
/api/v1,/Volumes/EAGET/SKYLIT_RE/bundles_pass2/_next__static__chunks__589c24b9-a5f0df66608c07b4.js,13349,"e""===(0,l.Jz)(""HIDE_OUTPUTS""),hideMetadata:""true""===(0,l.Jz)(""HIDE_METADATA""),workspaceId:n,oauthAccessToken:r?void 0:t.oauthAccessToken,oauthRefreshToken:r?void 0:t.oauthRefreshToken,profileAuth:r?void 0:t.profileAuth}}getHostUrl(){if(this.webUrl)return this.webUrl;if((t=>{let e=t.replace(""http://"","""").replace(""https://"","""").split(""/"")[0].split("":"")[0];return""localhost""===e||""127.0.0.1""===e||""::1""===e})(this.apiUrl))return this.webUrl=""http://localhost:3000"",this.webUrl;if(this.apiUrl.endsWith(""/api/v1""))return this.webUrl=this.apiUrl.replace(""/api/v1"",""""),this.webUrl;if(this.apiUrl.includes(""/api"")&&!this.apiUrl.split(""."",1)[0].endsWith(""api""))return this.webUrl=this.apiUrl.replace(""/api"",""""),this.webUrl;if(this.apiUrl.split(""."",1)[0].includes(""dev""))return this.webUrl=""https://dev.smith.langchain.com"",this.webUrl;else if(this.apiUrl.split(""."",1)[0].includes(""eu""))return this.webUrl=""https://eu.smith.langchain.com"",this.webUrl;else if(this.apiUrl.split(""."",1)[0].includes(""aws""))return this.webUrl=""https://aws.smith.langchain.com"",this.webUrl;else if(this.apiUrl.split(""."",1)[0].includes(""apac""))return this.webUrl=""https://apac.smith.langchain.com"",this.webUrl;else if(this.apiUrl.split(""."",1)[0].includes(""beta""))return this.webUrl=""https://beta.smith.langchain.com"",this.webUrl;else return this.webUrl=""https://smith.langchain.com"",this.webUrl}get _mergedHeaders(){let t={""User-Agent"":`langsmith-js/${d.Ls}`,...this._customHeaders};if(void 0!==this.apiKey)t[""x-api-key""]=`${this.apiKey}`;e"
http://localhost:8000/api/v1,/Volumes/EAGET/SKYLIT_RE/bundles_pass2/_next__static__chunks__8593-0b7dc0fa05075470.js,2135,"ync listSetups(){let e=arguments.length>0&&void 0!==arguments[0]?arguments[0]:50;return a.A.get(""/setups?limit="".concat(e))}async getSetup(e){return a.A.get(""/setups/"".concat(e))}async getAgentSetups(e){return a.A.get(""/agents/"".concat(e,""/setups""))}async enterSetup(e){return a.A.post(""/setups/"".concat(e,""/enter""))}async closeSetup(e,t,n){return a.A.post(""/setups/"".concat(e,""/close""),{exit_price:t,exit_reason:n})}async getIndexFlow(){return a.A.get(""/index-flow"")}}new i;class l{getWsUrl(){let e=""http://localhost:8000/api/v1"".replace(""http://"",""ws://"").replace(""https://"",""wss://""),t=a.A.getToken();return"""".concat(e,""/ws?token="").concat(t)}connect(){return this.connectionPromise||(this.connectionPromise=new Promise((e,t)=>{var n;if((null==(n=this.ws)?void 0:n.readyState)===WebSocket.OPEN)return void e();let a=this.getWsUrl();this.ws=new WebSocket(a),this.ws.onopen=()=>{console.log(""WebSocket connected""),this.reconnectAttempts=0,this.subscriptions.forEach(e=>{this.sendSubscribe(e)}),e()},this.ws.onmessage=e=>{try{let t=JSON.parse(e.data);this.handleMessage(t)}catch(e){console.error(""Failed to parse WebSocket message:"",e)}},this.ws.onerror=e=>{console.error(""WebSocket error:"",e),t(e)},this.ws.onclose=()=>{console.log(""WebSocket disconnected""),this.connectionPromise=null,this.attemptReconnect()}})),this.connectionPromise}attemptReconnect(){if(this.reconnectAttempts>=this.maxReconnectAttempts)return void console.error(""Max reconnection attempts reached"");this.reconnectAttempts++;let e=this.reconnectDelay*Math.p"
/api/data?,/Volumes/EAGET/SKYLIT_RE/bundles_pass2/_next__static__chunks__988-7c66963a05bdd0b2.js,3650,"i.ee)(e),max_strikes:m.toString(),max_expirations:p.toString()});r?(y.set(""timestamp"",(function(t){let e=new Intl.DateTimeFormat(""en-US"",{timeZone:""America/New_York"",hour12:!1,hour:""2-digit"",minute:""2-digit"",second:""2-digit""}).formatToParts(t),a=t=>{var a;return null==(a=e.find(e=>e.type===t))?void 0:a.value};return""09""===a(""hour"")&&""30""===a(""minute"")&&""00""===a(""second"")?new Date(t.getTime()+6e4):t})(r).toISOString()),y.set(""v"",(0,n.N)())):y.set(""nocache"",Math.random().toString());let h=await t(""/api/data?"".concat(y));return h&&h.symbol&&(h.symbol=e),h},getHeatmapRange:async(e,a,r,s)=>{var o,c;let{strikeCount:d,expirationCount:u}=l.z3.getState(),m=new URLSearchParams({symbol:(0,i.ee)(e),from:a.toISOString(),to:r.toISOString(),v:(0,n.N)(),max_strikes:(null!=(o=null==s?void 0:s.maxStrikes)?o:d).toString(),max_expirations:(null!=(c=null==s?void 0:s.maxExpirations)?c:u).toString()});try{let a=await t(""/api/data/range?"".concat(m));return a&&a.symbol&&(a.symbol=e),a}catch(t){return null}},getSymbols:async()=>(await t(""/api/symbols"")).symbols},settingsAPI:{getSymbols:async()=>t(""/api/settings/symbols""),addSymbol:async e=>t(""/api/settings/symbols"",{method:""POST"",body:JSON.stringify(e)}),updateSymbol:async(e,a)=>t(""/api/settings/symbols/"".concat(e),{method:""PUT"",body:JSON.stringify(a)}),deleteSymbol:async e=>t(""/api/settings/symbols/"".concat(e),{method:""DELETE""}),getDiscordSettings:async()=>t(""/api/settings/discord""),updateDiscordSettings:async e=>t(""/api/settings/discord"",{method:""PUT"",body:JSON"
/api/data/range?,/Volumes/EAGET/SKYLIT_RE/bundles_pass2/_next__static__chunks__988-7c66963a05bdd0b2.js,4060,"SOString()),y.set(""v"",(0,n.N)())):y.set(""nocache"",Math.random().toString());let h=await t(""/api/data?"".concat(y));return h&&h.symbol&&(h.symbol=e),h},getHeatmapRange:async(e,a,r,s)=>{var o,c;let{strikeCount:d,expirationCount:u}=l.z3.getState(),m=new URLSearchParams({symbol:(0,i.ee)(e),from:a.toISOString(),to:r.toISOString(),v:(0,n.N)(),max_strikes:(null!=(o=null==s?void 0:s.maxStrikes)?o:d).toString(),max_expirations:(null!=(c=null==s?void 0:s.maxExpirations)?c:u).toString()});try{let a=await t(""/api/data/range?"".concat(m));return a&&a.symbol&&(a.symbol=e),a}catch(t){return null}},getSymbols:async()=>(await t(""/api/symbols"")).symbols},settingsAPI:{getSymbols:async()=>t(""/api/settings/symbols""),addSymbol:async e=>t(""/api/settings/symbols"",{method:""POST"",body:JSON.stringify(e)}),updateSymbol:async(e,a)=>t(""/api/settings/symbols/"".concat(e),{method:""PUT"",body:JSON.stringify(a)}),deleteSymbol:async e=>t(""/api/settings/symbols/"".concat(e),{method:""DELETE""}),getDiscordSettings:async()=>t(""/api/settings/discord""),updateDiscordSettings:async e=>t(""/api/settings/discord"",{method:""PUT"",body:JSON.stringify({symbol:e.symbol,discord:{enabled:e.enabled,netGamma_webhooks:e.gamma_webhooks,netVanna_webhooks:e.vanna_webhooks}})}),getAPISettings:async()=>t(""/api/settings/api""),updateAPISettings:async e=>t(""/api/settings/api"",{method:""PUT"",body:JSON.stringify(e)}),testAPIKey:async()=>{try{return await t(""/api/test""),!0}catch(t){return!1}},getAlertsGlobalSettings:async()=>t(""/api/settings/alerts-global""),updateAle"
/api/symbols,/Volumes/EAGET/SKYLIT_RE/bundles_pass2/_next__static__chunks__988-7c66963a05bdd0b2.js,4177,"urn h&&h.symbol&&(h.symbol=e),h},getHeatmapRange:async(e,a,r,s)=>{var o,c;let{strikeCount:d,expirationCount:u}=l.z3.getState(),m=new URLSearchParams({symbol:(0,i.ee)(e),from:a.toISOString(),to:r.toISOString(),v:(0,n.N)(),max_strikes:(null!=(o=null==s?void 0:s.maxStrikes)?o:d).toString(),max_expirations:(null!=(c=null==s?void 0:s.maxExpirations)?c:u).toString()});try{let a=await t(""/api/data/range?"".concat(m));return a&&a.symbol&&(a.symbol=e),a}catch(t){return null}},getSymbols:async()=>(await t(""/api/symbols"")).symbols},settingsAPI:{getSymbols:async()=>t(""/api/settings/symbols""),addSymbol:async e=>t(""/api/settings/symbols"",{method:""POST"",body:JSON.stringify(e)}),updateSymbol:async(e,a)=>t(""/api/settings/symbols/"".concat(e),{method:""PUT"",body:JSON.stringify(a)}),deleteSymbol:async e=>t(""/api/settings/symbols/"".concat(e),{method:""DELETE""}),getDiscordSettings:async()=>t(""/api/settings/discord""),updateDiscordSettings:async e=>t(""/api/settings/discord"",{method:""PUT"",body:JSON.stringify({symbol:e.symbol,discord:{enabled:e.enabled,netGamma_webhooks:e.gamma_webhooks,netVanna_webhooks:e.vanna_webhooks}})}),getAPISettings:async()=>t(""/api/settings/api""),updateAPISettings:async e=>t(""/api/settings/api"",{method:""PUT"",body:JSON.stringify(e)}),testAPIKey:async()=>{try{return await t(""/api/test""),!0}catch(t){return!1}},getAlertsGlobalSettings:async()=>t(""/api/settings/alerts-global""),updateAlertsGlobalSettings:async e=>t(""/api/settings/alerts-global"",{method:""PUT"",body:JSON.stringify({alerts_enabled:e})}"
/api/settings/symbols,/Volumes/EAGET/SKYLIT_RE/bundles_pass2/_next__static__chunks__988-7c66963a05bdd0b2.js,4238,"s)=>{var o,c;let{strikeCount:d,expirationCount:u}=l.z3.getState(),m=new URLSearchParams({symbol:(0,i.ee)(e),from:a.toISOString(),to:r.toISOString(),v:(0,n.N)(),max_strikes:(null!=(o=null==s?void 0:s.maxStrikes)?o:d).toString(),max_expirations:(null!=(c=null==s?void 0:s.maxExpirations)?c:u).toString()});try{let a=await t(""/api/data/range?"".concat(m));return a&&a.symbol&&(a.symbol=e),a}catch(t){return null}},getSymbols:async()=>(await t(""/api/symbols"")).symbols},settingsAPI:{getSymbols:async()=>t(""/api/settings/symbols""),addSymbol:async e=>t(""/api/settings/symbols"",{method:""POST"",body:JSON.stringify(e)}),updateSymbol:async(e,a)=>t(""/api/settings/symbols/"".concat(e),{method:""PUT"",body:JSON.stringify(a)}),deleteSymbol:async e=>t(""/api/settings/symbols/"".concat(e),{method:""DELETE""}),getDiscordSettings:async()=>t(""/api/settings/discord""),updateDiscordSettings:async e=>t(""/api/settings/discord"",{method:""PUT"",body:JSON.stringify({symbol:e.symbol,discord:{enabled:e.enabled,netGamma_webhooks:e.gamma_webhooks,netVanna_webhooks:e.vanna_webhooks}})}),getAPISettings:async()=>t(""/api/settings/api""),updateAPISettings:async e=>t(""/api/settings/api"",{method:""PUT"",body:JSON.stringify(e)}),testAPIKey:async()=>{try{return await t(""/api/test""),!0}catch(t){return!1}},getAlertsGlobalSettings:async()=>t(""/api/settings/alerts-global""),updateAlertsGlobalSettings:async e=>t(""/api/settings/alerts-global"",{method:""PUT"",body:JSON.stringify({alerts_enabled:e})}),getNexusMarketDataSettings:async()=>t(""/api/settings/nexus-market-da"
/api/settings/symbols/,/Volumes/EAGET/SKYLIT_RE/bundles_pass2/_next__static__chunks__988-7c66963a05bdd0b2.js,4375,"SOString(),v:(0,n.N)(),max_strikes:(null!=(o=null==s?void 0:s.maxStrikes)?o:d).toString(),max_expirations:(null!=(c=null==s?void 0:s.maxExpirations)?c:u).toString()});try{let a=await t(""/api/data/range?"".concat(m));return a&&a.symbol&&(a.symbol=e),a}catch(t){return null}},getSymbols:async()=>(await t(""/api/symbols"")).symbols},settingsAPI:{getSymbols:async()=>t(""/api/settings/symbols""),addSymbol:async e=>t(""/api/settings/symbols"",{method:""POST"",body:JSON.stringify(e)}),updateSymbol:async(e,a)=>t(""/api/settings/symbols/"".concat(e),{method:""PUT"",body:JSON.stringify(a)}),deleteSymbol:async e=>t(""/api/settings/symbols/"".concat(e),{method:""DELETE""}),getDiscordSettings:async()=>t(""/api/settings/discord""),updateDiscordSettings:async e=>t(""/api/settings/discord"",{method:""PUT"",body:JSON.stringify({symbol:e.symbol,discord:{enabled:e.enabled,netGamma_webhooks:e.gamma_webhooks,netVanna_webhooks:e.vanna_webhooks}})}),getAPISettings:async()=>t(""/api/settings/api""),updateAPISettings:async e=>t(""/api/settings/api"",{method:""PUT"",body:JSON.stringify(e)}),testAPIKey:async()=>{try{return await t(""/api/test""),!0}catch(t){return!1}},getAlertsGlobalSettings:async()=>t(""/api/settings/alerts-global""),updateAlertsGlobalSettings:async e=>t(""/api/settings/alerts-global"",{method:""PUT"",body:JSON.stringify({alerts_enabled:e})}),getNexusMarketDataSettings:async()=>t(""/api/settings/nexus-market-data""),updateNexusMarketDataSettings:async e=>t(""/api/settings/nexus-market-data"",{method:""PUT"",body:JSON.stringify({nexus_market_data_enabl"
/api/settings/discord,/Volumes/EAGET/SKYLIT_RE/bundles_pass2/_next__static__chunks__988-7c66963a05bdd0b2.js,4557," t(""/api/data/range?"".concat(m));return a&&a.symbol&&(a.symbol=e),a}catch(t){return null}},getSymbols:async()=>(await t(""/api/symbols"")).symbols},settingsAPI:{getSymbols:async()=>t(""/api/settings/symbols""),addSymbol:async e=>t(""/api/settings/symbols"",{method:""POST"",body:JSON.stringify(e)}),updateSymbol:async(e,a)=>t(""/api/settings/symbols/"".concat(e),{method:""PUT"",body:JSON.stringify(a)}),deleteSymbol:async e=>t(""/api/settings/symbols/"".concat(e),{method:""DELETE""}),getDiscordSettings:async()=>t(""/api/settings/discord""),updateDiscordSettings:async e=>t(""/api/settings/discord"",{method:""PUT"",body:JSON.stringify({symbol:e.symbol,discord:{enabled:e.enabled,netGamma_webhooks:e.gamma_webhooks,netVanna_webhooks:e.vanna_webhooks}})}),getAPISettings:async()=>t(""/api/settings/api""),updateAPISettings:async e=>t(""/api/settings/api"",{method:""PUT"",body:JSON.stringify(e)}),testAPIKey:async()=>{try{return await t(""/api/test""),!0}catch(t){return!1}},getAlertsGlobalSettings:async()=>t(""/api/settings/alerts-global""),updateAlertsGlobalSettings:async e=>t(""/api/settings/alerts-global"",{method:""PUT"",body:JSON.stringify({alerts_enabled:e})}),getNexusMarketDataSettings:async()=>t(""/api/settings/nexus-market-data""),updateNexusMarketDataSettings:async e=>t(""/api/settings/nexus-market-data"",{method:""PUT"",body:JSON.stringify({nexus_market_data_enabled:e})}),getBackfillStatus:async e=>t(""/api/settings/symbols/backfill/"".concat(e)),retryBackfill:async e=>t(""/api/settings/symbols/retry-backfill/"".concat(e),{method:""POST""}),forceB"
/api/settings/api,/Volumes/EAGET/SKYLIT_RE/bundles_pass2/_next__static__chunks__988-7c66963a05bdd0b2.js,4818,"OST"",body:JSON.stringify(e)}),updateSymbol:async(e,a)=>t(""/api/settings/symbols/"".concat(e),{method:""PUT"",body:JSON.stringify(a)}),deleteSymbol:async e=>t(""/api/settings/symbols/"".concat(e),{method:""DELETE""}),getDiscordSettings:async()=>t(""/api/settings/discord""),updateDiscordSettings:async e=>t(""/api/settings/discord"",{method:""PUT"",body:JSON.stringify({symbol:e.symbol,discord:{enabled:e.enabled,netGamma_webhooks:e.gamma_webhooks,netVanna_webhooks:e.vanna_webhooks}})}),getAPISettings:async()=>t(""/api/settings/api""),updateAPISettings:async e=>t(""/api/settings/api"",{method:""PUT"",body:JSON.stringify(e)}),testAPIKey:async()=>{try{return await t(""/api/test""),!0}catch(t){return!1}},getAlertsGlobalSettings:async()=>t(""/api/settings/alerts-global""),updateAlertsGlobalSettings:async e=>t(""/api/settings/alerts-global"",{method:""PUT"",body:JSON.stringify({alerts_enabled:e})}),getNexusMarketDataSettings:async()=>t(""/api/settings/nexus-market-data""),updateNexusMarketDataSettings:async e=>t(""/api/settings/nexus-market-data"",{method:""PUT"",body:JSON.stringify({nexus_market_data_enabled:e})}),getBackfillStatus:async e=>t(""/api/settings/symbols/backfill/"".concat(e)),retryBackfill:async e=>t(""/api/settings/symbols/retry-backfill/"".concat(e),{method:""POST""}),forceBackfill:async(e,a)=>t(""/api/settings/symbols/force-backfill/"".concat(e),{method:""POST"",body:JSON.stringify({backfill_days:a})})},watchlistAPI:{getWatchlists:async()=>t(""/api/watchlists""),createWatchlist:async e=>t(""/api/watchlists"",{method:""POST"",body:JSON."
/api/test,/Volumes/EAGET/SKYLIT_RE/bundles_pass2/_next__static__chunks__988-7c66963a05bdd0b2.js,4967," e=>t(""/api/settings/symbols/"".concat(e),{method:""DELETE""}),getDiscordSettings:async()=>t(""/api/settings/discord""),updateDiscordSettings:async e=>t(""/api/settings/discord"",{method:""PUT"",body:JSON.stringify({symbol:e.symbol,discord:{enabled:e.enabled,netGamma_webhooks:e.gamma_webhooks,netVanna_webhooks:e.vanna_webhooks}})}),getAPISettings:async()=>t(""/api/settings/api""),updateAPISettings:async e=>t(""/api/settings/api"",{method:""PUT"",body:JSON.stringify(e)}),testAPIKey:async()=>{try{return await t(""/api/test""),!0}catch(t){return!1}},getAlertsGlobalSettings:async()=>t(""/api/settings/alerts-global""),updateAlertsGlobalSettings:async e=>t(""/api/settings/alerts-global"",{method:""PUT"",body:JSON.stringify({alerts_enabled:e})}),getNexusMarketDataSettings:async()=>t(""/api/settings/nexus-market-data""),updateNexusMarketDataSettings:async e=>t(""/api/settings/nexus-market-data"",{method:""PUT"",body:JSON.stringify({nexus_market_data_enabled:e})}),getBackfillStatus:async e=>t(""/api/settings/symbols/backfill/"".concat(e)),retryBackfill:async e=>t(""/api/settings/symbols/retry-backfill/"".concat(e),{method:""POST""}),forceBackfill:async(e,a)=>t(""/api/settings/symbols/force-backfill/"".concat(e),{method:""POST"",body:JSON.stringify({backfill_days:a})})},watchlistAPI:{getWatchlists:async()=>t(""/api/watchlists""),createWatchlist:async e=>t(""/api/watchlists"",{method:""POST"",body:JSON.stringify(e)}),updateWatchlist:async(e,a)=>t(""/api/watchlists/"".concat(e),{method:""PUT"",body:JSON.stringify(a)}),deleteWatchlist:async e=>t("""
/api/settings/alerts-global,/Volumes/EAGET/SKYLIT_RE/bundles_pass2/_next__static__chunks__988-7c66963a05bdd0b2.js,5038,"ettings:async()=>t(""/api/settings/discord""),updateDiscordSettings:async e=>t(""/api/settings/discord"",{method:""PUT"",body:JSON.stringify({symbol:e.symbol,discord:{enabled:e.enabled,netGamma_webhooks:e.gamma_webhooks,netVanna_webhooks:e.vanna_webhooks}})}),getAPISettings:async()=>t(""/api/settings/api""),updateAPISettings:async e=>t(""/api/settings/api"",{method:""PUT"",body:JSON.stringify(e)}),testAPIKey:async()=>{try{return await t(""/api/test""),!0}catch(t){return!1}},getAlertsGlobalSettings:async()=>t(""/api/settings/alerts-global""),updateAlertsGlobalSettings:async e=>t(""/api/settings/alerts-global"",{method:""PUT"",body:JSON.stringify({alerts_enabled:e})}),getNexusMarketDataSettings:async()=>t(""/api/settings/nexus-market-data""),updateNexusMarketDataSettings:async e=>t(""/api/settings/nexus-market-data"",{method:""PUT"",body:JSON.stringify({nexus_market_data_enabled:e})}),getBackfillStatus:async e=>t(""/api/settings/symbols/backfill/"".concat(e)),retryBackfill:async e=>t(""/api/settings/symbols/retry-backfill/"".concat(e),{method:""POST""}),forceBackfill:async(e,a)=>t(""/api/settings/symbols/force-backfill/"".concat(e),{method:""POST"",body:JSON.stringify({backfill_days:a})})},watchlistAPI:{getWatchlists:async()=>t(""/api/watchlists""),createWatchlist:async e=>t(""/api/watchlists"",{method:""POST"",body:JSON.stringify(e)}),updateWatchlist:async(e,a)=>t(""/api/watchlists/"".concat(e),{method:""PUT"",body:JSON.stringify(a)}),deleteWatchlist:async e=>t(""/api/watchlists/"".concat(e),{method:""DELETE""}),getFavorites:async()=>t(""/api/favorites""),"
/api/settings/nexus-market-data,/Volumes/EAGET/SKYLIT_RE/bundles_pass2/_next__static__chunks__988-7c66963a05bdd0b2.js,5231,"oks:e.gamma_webhooks,netVanna_webhooks:e.vanna_webhooks}})}),getAPISettings:async()=>t(""/api/settings/api""),updateAPISettings:async e=>t(""/api/settings/api"",{method:""PUT"",body:JSON.stringify(e)}),testAPIKey:async()=>{try{return await t(""/api/test""),!0}catch(t){return!1}},getAlertsGlobalSettings:async()=>t(""/api/settings/alerts-global""),updateAlertsGlobalSettings:async e=>t(""/api/settings/alerts-global"",{method:""PUT"",body:JSON.stringify({alerts_enabled:e})}),getNexusMarketDataSettings:async()=>t(""/api/settings/nexus-market-data""),updateNexusMarketDataSettings:async e=>t(""/api/settings/nexus-market-data"",{method:""PUT"",body:JSON.stringify({nexus_market_data_enabled:e})}),getBackfillStatus:async e=>t(""/api/settings/symbols/backfill/"".concat(e)),retryBackfill:async e=>t(""/api/settings/symbols/retry-backfill/"".concat(e),{method:""POST""}),forceBackfill:async(e,a)=>t(""/api/settings/symbols/force-backfill/"".concat(e),{method:""POST"",body:JSON.stringify({backfill_days:a})})},watchlistAPI:{getWatchlists:async()=>t(""/api/watchlists""),createWatchlist:async e=>t(""/api/watchlists"",{method:""POST"",body:JSON.stringify(e)}),updateWatchlist:async(e,a)=>t(""/api/watchlists/"".concat(e),{method:""PUT"",body:JSON.stringify(a)}),deleteWatchlist:async e=>t(""/api/watchlists/"".concat(e),{method:""DELETE""}),getFavorites:async()=>t(""/api/favorites""),addFavorite:async e=>t(""/api/favorites/"".concat(e),{method:""POST""}),removeFavorite:async e=>t(""/api/favorites/"".concat(e),{method:""DELETE""})},healthAPI:{checkHealth:async()=>{try{return await t(""/a"
/api/settings/symbols/backfill/,/Volumes/EAGET/SKYLIT_RE/bundles_pass2/_next__static__chunks__988-7c66963a05bdd0b2.js,5437,":async()=>{try{return await t(""/api/test""),!0}catch(t){return!1}},getAlertsGlobalSettings:async()=>t(""/api/settings/alerts-global""),updateAlertsGlobalSettings:async e=>t(""/api/settings/alerts-global"",{method:""PUT"",body:JSON.stringify({alerts_enabled:e})}),getNexusMarketDataSettings:async()=>t(""/api/settings/nexus-market-data""),updateNexusMarketDataSettings:async e=>t(""/api/settings/nexus-market-data"",{method:""PUT"",body:JSON.stringify({nexus_market_data_enabled:e})}),getBackfillStatus:async e=>t(""/api/settings/symbols/backfill/"".concat(e)),retryBackfill:async e=>t(""/api/settings/symbols/retry-backfill/"".concat(e),{method:""POST""}),forceBackfill:async(e,a)=>t(""/api/settings/symbols/force-backfill/"".concat(e),{method:""POST"",body:JSON.stringify({backfill_days:a})})},watchlistAPI:{getWatchlists:async()=>t(""/api/watchlists""),createWatchlist:async e=>t(""/api/watchlists"",{method:""POST"",body:JSON.stringify(e)}),updateWatchlist:async(e,a)=>t(""/api/watchlists/"".concat(e),{method:""PUT"",body:JSON.stringify(a)}),deleteWatchlist:async e=>t(""/api/watchlists/"".concat(e),{method:""DELETE""}),getFavorites:async()=>t(""/api/favorites""),addFavorite:async e=>t(""/api/favorites/"".concat(e),{method:""POST""}),removeFavorite:async e=>t(""/api/favorites/"".concat(e),{method:""DELETE""})},healthAPI:{checkHealth:async()=>{try{return await t(""/api/health""),!0}catch(t){return!1}}},statusNotificationsAPI:{getNotifications:async()=>{try{return await t(""/api/status-notifications"")}catch(t){if(t instanceof Error&&""status""in t&&404===t.status)return{not"
/api/settings/symbols/retry-backfill/,/Volumes/EAGET/SKYLIT_RE/bundles_pass2/_next__static__chunks__988-7c66963a05bdd0b2.js,5507,"lertsGlobalSettings:async()=>t(""/api/settings/alerts-global""),updateAlertsGlobalSettings:async e=>t(""/api/settings/alerts-global"",{method:""PUT"",body:JSON.stringify({alerts_enabled:e})}),getNexusMarketDataSettings:async()=>t(""/api/settings/nexus-market-data""),updateNexusMarketDataSettings:async e=>t(""/api/settings/nexus-market-data"",{method:""PUT"",body:JSON.stringify({nexus_market_data_enabled:e})}),getBackfillStatus:async e=>t(""/api/settings/symbols/backfill/"".concat(e)),retryBackfill:async e=>t(""/api/settings/symbols/retry-backfill/"".concat(e),{method:""POST""}),forceBackfill:async(e,a)=>t(""/api/settings/symbols/force-backfill/"".concat(e),{method:""POST"",body:JSON.stringify({backfill_days:a})})},watchlistAPI:{getWatchlists:async()=>t(""/api/watchlists""),createWatchlist:async e=>t(""/api/watchlists"",{method:""POST"",body:JSON.stringify(e)}),updateWatchlist:async(e,a)=>t(""/api/watchlists/"".concat(e),{method:""PUT"",body:JSON.stringify(a)}),deleteWatchlist:async e=>t(""/api/watchlists/"".concat(e),{method:""DELETE""}),getFavorites:async()=>t(""/api/favorites""),addFavorite:async e=>t(""/api/favorites/"".concat(e),{method:""POST""}),removeFavorite:async e=>t(""/api/favorites/"".concat(e),{method:""DELETE""})},healthAPI:{checkHealth:async()=>{try{return await t(""/api/health""),!0}catch(t){return!1}}},statusNotificationsAPI:{getNotifications:async()=>{try{return await t(""/api/status-notifications"")}catch(t){if(t instanceof Error&&""status""in t&&404===t.status)return{notifications:[]};throw t}},createNotification:async e=>t(""/api/status-notifica"
/api/settings/symbols/force-backfill/,/Volumes/EAGET/SKYLIT_RE/bundles_pass2/_next__static__chunks__988-7c66963a05bdd0b2.js,5602,"e=>t(""/api/settings/alerts-global"",{method:""PUT"",body:JSON.stringify({alerts_enabled:e})}),getNexusMarketDataSettings:async()=>t(""/api/settings/nexus-market-data""),updateNexusMarketDataSettings:async e=>t(""/api/settings/nexus-market-data"",{method:""PUT"",body:JSON.stringify({nexus_market_data_enabled:e})}),getBackfillStatus:async e=>t(""/api/settings/symbols/backfill/"".concat(e)),retryBackfill:async e=>t(""/api/settings/symbols/retry-backfill/"".concat(e),{method:""POST""}),forceBackfill:async(e,a)=>t(""/api/settings/symbols/force-backfill/"".concat(e),{method:""POST"",body:JSON.stringify({backfill_days:a})})},watchlistAPI:{getWatchlists:async()=>t(""/api/watchlists""),createWatchlist:async e=>t(""/api/watchlists"",{method:""POST"",body:JSON.stringify(e)}),updateWatchlist:async(e,a)=>t(""/api/watchlists/"".concat(e),{method:""PUT"",body:JSON.stringify(a)}),deleteWatchlist:async e=>t(""/api/watchlists/"".concat(e),{method:""DELETE""}),getFavorites:async()=>t(""/api/favorites""),addFavorite:async e=>t(""/api/favorites/"".concat(e),{method:""POST""}),removeFavorite:async e=>t(""/api/favorites/"".concat(e),{method:""DELETE""})},healthAPI:{checkHealth:async()=>{try{return await t(""/api/health""),!0}catch(t){return!1}}},statusNotificationsAPI:{getNotifications:async()=>{try{return await t(""/api/status-notifications"")}catch(t){if(t instanceof Error&&""status""in t&&404===t.status)return{notifications:[]};throw t}},createNotification:async e=>t(""/api/status-notifications"",{method:""POST"",body:JSON.stringify(e)}),deleteNotification:async e=>t(""/api/status-notif"
/api/watchlists,/Volumes/EAGET/SKYLIT_RE/bundles_pass2/_next__static__chunks__988-7c66963a05bdd0b2.js,5748,"xus-market-data""),updateNexusMarketDataSettings:async e=>t(""/api/settings/nexus-market-data"",{method:""PUT"",body:JSON.stringify({nexus_market_data_enabled:e})}),getBackfillStatus:async e=>t(""/api/settings/symbols/backfill/"".concat(e)),retryBackfill:async e=>t(""/api/settings/symbols/retry-backfill/"".concat(e),{method:""POST""}),forceBackfill:async(e,a)=>t(""/api/settings/symbols/force-backfill/"".concat(e),{method:""POST"",body:JSON.stringify({backfill_days:a})})},watchlistAPI:{getWatchlists:async()=>t(""/api/watchlists""),createWatchlist:async e=>t(""/api/watchlists"",{method:""POST"",body:JSON.stringify(e)}),updateWatchlist:async(e,a)=>t(""/api/watchlists/"".concat(e),{method:""PUT"",body:JSON.stringify(a)}),deleteWatchlist:async e=>t(""/api/watchlists/"".concat(e),{method:""DELETE""}),getFavorites:async()=>t(""/api/favorites""),addFavorite:async e=>t(""/api/favorites/"".concat(e),{method:""POST""}),removeFavorite:async e=>t(""/api/favorites/"".concat(e),{method:""DELETE""})},healthAPI:{checkHealth:async()=>{try{return await t(""/api/health""),!0}catch(t){return!1}}},statusNotificationsAPI:{getNotifications:async()=>{try{return await t(""/api/status-notifications"")}catch(t){if(t instanceof Error&&""status""in t&&404===t.status)return{notifications:[]};throw t}},createNotification:async e=>t(""/api/status-notifications"",{method:""POST"",body:JSON.stringify(e)}),deleteNotification:async e=>t(""/api/status-notifications/"".concat(e),{method:""DELETE""})}}),[t])}},52777:(t,e,a)=>{a.d(e,{h:()=>y});var r=a(25959),s=a(89863),n=a(5923),i=a(5"
/api/watchlists/,/Volumes/EAGET/SKYLIT_RE/bundles_pass2/_next__static__chunks__988-7c66963a05bdd0b2.js,5882,"market_data_enabled:e})}),getBackfillStatus:async e=>t(""/api/settings/symbols/backfill/"".concat(e)),retryBackfill:async e=>t(""/api/settings/symbols/retry-backfill/"".concat(e),{method:""POST""}),forceBackfill:async(e,a)=>t(""/api/settings/symbols/force-backfill/"".concat(e),{method:""POST"",body:JSON.stringify({backfill_days:a})})},watchlistAPI:{getWatchlists:async()=>t(""/api/watchlists""),createWatchlist:async e=>t(""/api/watchlists"",{method:""POST"",body:JSON.stringify(e)}),updateWatchlist:async(e,a)=>t(""/api/watchlists/"".concat(e),{method:""PUT"",body:JSON.stringify(a)}),deleteWatchlist:async e=>t(""/api/watchlists/"".concat(e),{method:""DELETE""}),getFavorites:async()=>t(""/api/favorites""),addFavorite:async e=>t(""/api/favorites/"".concat(e),{method:""POST""}),removeFavorite:async e=>t(""/api/favorites/"".concat(e),{method:""DELETE""})},healthAPI:{checkHealth:async()=>{try{return await t(""/api/health""),!0}catch(t){return!1}}},statusNotificationsAPI:{getNotifications:async()=>{try{return await t(""/api/status-notifications"")}catch(t){if(t instanceof Error&&""status""in t&&404===t.status)return{notifications:[]};throw t}},createNotification:async e=>t(""/api/status-notifications"",{method:""POST"",body:JSON.stringify(e)}),deleteNotification:async e=>t(""/api/status-notifications/"".concat(e),{method:""DELETE""})}}),[t])}},52777:(t,e,a)=>{a.d(e,{h:()=>y});var r=a(25959),s=a(89863),n=a(5923),i=a(58752),o=a(82514),l=a(81907);function c(t,e,a){let r=arguments.length>3&&void 0!==arguments[3]?arguments[3]:0,[s,i,o]=t.split(""-"").map(N"
/api/favorites,/Volumes/EAGET/SKYLIT_RE/bundles_pass2/_next__static__chunks__988-7c66963a05bdd0b2.js,6049,"ncat(e),{method:""POST""}),forceBackfill:async(e,a)=>t(""/api/settings/symbols/force-backfill/"".concat(e),{method:""POST"",body:JSON.stringify({backfill_days:a})})},watchlistAPI:{getWatchlists:async()=>t(""/api/watchlists""),createWatchlist:async e=>t(""/api/watchlists"",{method:""POST"",body:JSON.stringify(e)}),updateWatchlist:async(e,a)=>t(""/api/watchlists/"".concat(e),{method:""PUT"",body:JSON.stringify(a)}),deleteWatchlist:async e=>t(""/api/watchlists/"".concat(e),{method:""DELETE""}),getFavorites:async()=>t(""/api/favorites""),addFavorite:async e=>t(""/api/favorites/"".concat(e),{method:""POST""}),removeFavorite:async e=>t(""/api/favorites/"".concat(e),{method:""DELETE""})},healthAPI:{checkHealth:async()=>{try{return await t(""/api/health""),!0}catch(t){return!1}}},statusNotificationsAPI:{getNotifications:async()=>{try{return await t(""/api/status-notifications"")}catch(t){if(t instanceof Error&&""status""in t&&404===t.status)return{notifications:[]};throw t}},createNotification:async e=>t(""/api/status-notifications"",{method:""POST"",body:JSON.stringify(e)}),deleteNotification:async e=>t(""/api/status-notifications/"".concat(e),{method:""DELETE""})}}),[t])}},52777:(t,e,a)=>{a.d(e,{h:()=>y});var r=a(25959),s=a(89863),n=a(5923),i=a(58752),o=a(82514),l=a(81907);function c(t,e,a){let r=arguments.length>3&&void 0!==arguments[3]?arguments[3]:0,[s,i,o]=t.split(""-"").map(Number),l=new Date(s,i-1,o,e,a,r,0);return(0,n.u)(l,""America/New_York"")}let d=new Set([""SPXW"",""SPX"",""VIX"",""NDX"",""NDXP"",""RUT""]);function u(t){return!!t&&d.has(t.toUppe"
/api/favorites/,/Volumes/EAGET/SKYLIT_RE/bundles_pass2/_next__static__chunks__988-7c66963a05bdd0b2.js,6090,"ync(e,a)=>t(""/api/settings/symbols/force-backfill/"".concat(e),{method:""POST"",body:JSON.stringify({backfill_days:a})})},watchlistAPI:{getWatchlists:async()=>t(""/api/watchlists""),createWatchlist:async e=>t(""/api/watchlists"",{method:""POST"",body:JSON.stringify(e)}),updateWatchlist:async(e,a)=>t(""/api/watchlists/"".concat(e),{method:""PUT"",body:JSON.stringify(a)}),deleteWatchlist:async e=>t(""/api/watchlists/"".concat(e),{method:""DELETE""}),getFavorites:async()=>t(""/api/favorites""),addFavorite:async e=>t(""/api/favorites/"".concat(e),{method:""POST""}),removeFavorite:async e=>t(""/api/favorites/"".concat(e),{method:""DELETE""})},healthAPI:{checkHealth:async()=>{try{return await t(""/api/health""),!0}catch(t){return!1}}},statusNotificationsAPI:{getNotifications:async()=>{try{return await t(""/api/status-notifications"")}catch(t){if(t instanceof Error&&""status""in t&&404===t.status)return{notifications:[]};throw t}},createNotification:async e=>t(""/api/status-notifications"",{method:""POST"",body:JSON.stringify(e)}),deleteNotification:async e=>t(""/api/status-notifications/"".concat(e),{method:""DELETE""})}}),[t])}},52777:(t,e,a)=>{a.d(e,{h:()=>y});var r=a(25959),s=a(89863),n=a(5923),i=a(58752),o=a(82514),l=a(81907);function c(t,e,a){let r=arguments.length>3&&void 0!==arguments[3]?arguments[3]:0,[s,i,o]=t.split(""-"").map(Number),l=new Date(s,i-1,o,e,a,r,0);return(0,n.u)(l,""America/New_York"")}let d=new Set([""SPXW"",""SPX"",""VIX"",""NDX"",""NDXP"",""RUT""]);function u(t){return!!t&&d.has(t.toUpperCase())}function m(){let t=arguments.leng"
/api/health,/Volumes/EAGET/SKYLIT_RE/bundles_pass2/_next__static__chunks__988-7c66963a05bdd0b2.js,6261,"sts""),createWatchlist:async e=>t(""/api/watchlists"",{method:""POST"",body:JSON.stringify(e)}),updateWatchlist:async(e,a)=>t(""/api/watchlists/"".concat(e),{method:""PUT"",body:JSON.stringify(a)}),deleteWatchlist:async e=>t(""/api/watchlists/"".concat(e),{method:""DELETE""}),getFavorites:async()=>t(""/api/favorites""),addFavorite:async e=>t(""/api/favorites/"".concat(e),{method:""POST""}),removeFavorite:async e=>t(""/api/favorites/"".concat(e),{method:""DELETE""})},healthAPI:{checkHealth:async()=>{try{return await t(""/api/health""),!0}catch(t){return!1}}},statusNotificationsAPI:{getNotifications:async()=>{try{return await t(""/api/status-notifications"")}catch(t){if(t instanceof Error&&""status""in t&&404===t.status)return{notifications:[]};throw t}},createNotification:async e=>t(""/api/status-notifications"",{method:""POST"",body:JSON.stringify(e)}),deleteNotification:async e=>t(""/api/status-notifications/"".concat(e),{method:""DELETE""})}}),[t])}},52777:(t,e,a)=>{a.d(e,{h:()=>y});var r=a(25959),s=a(89863),n=a(5923),i=a(58752),o=a(82514),l=a(81907);function c(t,e,a){let r=arguments.length>3&&void 0!==arguments[3]?arguments[3]:0,[s,i,o]=t.split(""-"").map(Number),l=new Date(s,i-1,o,e,a,r,0);return(0,n.u)(l,""America/New_York"")}let d=new Set([""SPXW"",""SPX"",""VIX"",""NDX"",""NDXP"",""RUT""]);function u(t){return!!t&&d.has(t.toUpperCase())}function m(){let t=arguments.length>0&&void 0!==arguments[0]?arguments[0]:new Date,e=Math.floor(t.getTime()/1e3);return(0,l.Dy)(e)}let p={selectedSymbol:"""",colorScale:""viridis"",isLoading:!1,lastUpdate"
/api/status-notifications,/Volumes/EAGET/SKYLIT_RE/bundles_pass2/_next__static__chunks__988-7c66963a05bdd0b2.js,6370,"ync(e,a)=>t(""/api/watchlists/"".concat(e),{method:""PUT"",body:JSON.stringify(a)}),deleteWatchlist:async e=>t(""/api/watchlists/"".concat(e),{method:""DELETE""}),getFavorites:async()=>t(""/api/favorites""),addFavorite:async e=>t(""/api/favorites/"".concat(e),{method:""POST""}),removeFavorite:async e=>t(""/api/favorites/"".concat(e),{method:""DELETE""})},healthAPI:{checkHealth:async()=>{try{return await t(""/api/health""),!0}catch(t){return!1}}},statusNotificationsAPI:{getNotifications:async()=>{try{return await t(""/api/status-notifications"")}catch(t){if(t instanceof Error&&""status""in t&&404===t.status)return{notifications:[]};throw t}},createNotification:async e=>t(""/api/status-notifications"",{method:""POST"",body:JSON.stringify(e)}),deleteNotification:async e=>t(""/api/status-notifications/"".concat(e),{method:""DELETE""})}}),[t])}},52777:(t,e,a)=>{a.d(e,{h:()=>y});var r=a(25959),s=a(89863),n=a(5923),i=a(58752),o=a(82514),l=a(81907);function c(t,e,a){let r=arguments.length>3&&void 0!==arguments[3]?arguments[3]:0,[s,i,o]=t.split(""-"").map(Number),l=new Date(s,i-1,o,e,a,r,0);return(0,n.u)(l,""America/New_York"")}let d=new Set([""SPXW"",""SPX"",""VIX"",""NDX"",""NDXP"",""RUT""]);function u(t){return!!t&&d.has(t.toUpperCase())}function m(){let t=arguments.length>0&&void 0!==arguments[0]?arguments[0]:new Date,e=Math.floor(t.getTime()/1e3);return(0,l.Dy)(e)}let p={selectedSymbol:"""",colorScale:""viridis"",isLoading:!1,lastUpdated:null,error:null,gammaData:null,vannaData:null,symbols:[],connectionStatus:{connected:!1,lastHeartbeat:null},shouldAutoScr"
/api/status-notifications/,/Volumes/EAGET/SKYLIT_RE/bundles_pass2/_next__static__chunks__988-7c66963a05bdd0b2.js,6623,"od:""POST""}),removeFavorite:async e=>t(""/api/favorites/"".concat(e),{method:""DELETE""})},healthAPI:{checkHealth:async()=>{try{return await t(""/api/health""),!0}catch(t){return!1}}},statusNotificationsAPI:{getNotifications:async()=>{try{return await t(""/api/status-notifications"")}catch(t){if(t instanceof Error&&""status""in t&&404===t.status)return{notifications:[]};throw t}},createNotification:async e=>t(""/api/status-notifications"",{method:""POST"",body:JSON.stringify(e)}),deleteNotification:async e=>t(""/api/status-notifications/"".concat(e),{method:""DELETE""})}}),[t])}},52777:(t,e,a)=>{a.d(e,{h:()=>y});var r=a(25959),s=a(89863),n=a(5923),i=a(58752),o=a(82514),l=a(81907);function c(t,e,a){let r=arguments.length>3&&void 0!==arguments[3]?arguments[3]:0,[s,i,o]=t.split(""-"").map(Number),l=new Date(s,i-1,o,e,a,r,0);return(0,n.u)(l,""America/New_York"")}let d=new Set([""SPXW"",""SPX"",""VIX"",""NDX"",""NDXP"",""RUT""]);function u(t){return!!t&&d.has(t.toUpperCase())}function m(){let t=arguments.length>0&&void 0!==arguments[0]?arguments[0]:new Date,e=Math.floor(t.getTime()/1e3);return(0,l.Dy)(e)}let p={selectedSymbol:"""",colorScale:""viridis"",isLoading:!1,lastUpdated:null,error:null,gammaData:null,vannaData:null,symbols:[],connectionStatus:{connected:!1,lastHeartbeat:null},shouldAutoScroll:!1,autoCenterMode:""dominant"",userRole:null,replayMode:!1,replayTimestamp:null,replayDate:"""",playbackSpeed:1,isPlaying:!1},y=(0,r.v)()((0,s.lt)(t=>({...p,setSelectedSymbol:e=>t(t=>(0,i.Uy)(t.userRole)&&!(0,i.Vz)(e,!0)?{}:((0,o.$)(e),{selectedSymbol:e,"
/api/sse/ticket,/Volumes/EAGET/SKYLIT_RE/bundles_pass2/_next__static__chunks__988-7c66963a05bdd0b2.js,17890,"wait fetch(a,{...e,headers:{...r,...e.headers}});if(!t.ok){let e=""HTTP "".concat(t.status,"": "").concat(t.statusText),a=t.status;try{let r=await t.text();if(r)try{let t=JSON.parse(r);e=t.message||r.trim(),a=t.code||a}catch(t){e=r.trim()}}catch(t){}throw new n(e,t.status,a)}return await t.json()}catch(t){if(t instanceof n)throw t;throw new n(""Network error: "".concat(t instanceof Error?t.message:""Unknown error""),0)}}async function o(t,e){try{var a;let r=await t();if(!r)return null;let s=await fetch(""/api/sse/ticket"",{method:""POST"",headers:{Authorization:""Bearer "".concat(r)},signal:e});if(!s.ok)return null;return null!=(a=(await s.json()).ticket)?a:null}catch(t){return null}}function l(t){return async function(e){let a=arguments.length>1&&void 0!==arguments[1]?arguments[1]:{},r={};if(t)try{let e=await t();e&&(r.Authorization=""Bearer "".concat(e))}catch(t){console.warn(""Failed to get Clerk token:"",t)}return i(e,{...a,headers:{...r,...a.headers}})}}},94412:(t,e,a)=>{a.d(e,{l:()=>s,q:()=>r});let r=new(a(31461)).E({defaultOptions:{queries:{staleTime:5e3,gcTime:3e4,retry:3,retryDelay:t=>Math.min(1e3*2**t,3e4),refetchOnWindowFocus:!0,refetchOnMount:!0,refetchOnReconnect:!1},mutations:{retry:2,retryDelay:t=>Math.min(1e3*2**t,1e4)}}}),s={heatmap:{all:[""heatmap""],dataForSymbol:t=>[...s.heatmap.all,""data"",t],data:(t,e,a)=>[...s.heatmap.dataForSymbol(t),e,null!=a?a:""full""],symbols:()=>[...s.heatmap.all,""symbols""]},settings:{all:[""settings""],symbols:()=>[...s.settings.all,""symbols""],discord:()=>[...s.settings."
/api/gex/levels?,/Volumes/EAGET/SKYLIT_RE/bundles_pass2/_next__static__chunks__4712-c51afc57ca55d292.js,28866,"0,o.vv)(n.expirationCount)),extended:String(a)});u&&(s.set(""with_snapshot"",""true""),s.set(""with_slices"",""true"")),n.includeDerived&&s.set(""include_derived"",""true""),n.orbV2CallPutFill&&s.set(""with_callput"",""true"");let c=function(){try{let e=localStorage.getItem(""gex_levels_additional_params"");return e?new URLSearchParams(e):null}catch(e){return null}}();if(c)for(let[e,t]of c)s.set(e,t);for(let e of t)s.append(""dates"",e);let d=(0,l.N)();return d&&s.set(""v"",d),i&&s.set(""_t"",String(i)),"""".concat(r.qG,""/api/gex/levels?"").concat(s)}(e,t,n,a,i,u),{signal:s.signal,...i?{cache:""no-store""}:{}}).finally(()=>clearTimeout(c));if(!d.ok){let e=await d.text().catch(()=>"""");return console.error(""[fetchGexLevels:gex-cache] "".concat(d.status,"": "").concat(e)),null}let p=await d.json();if(!p.success||p.error)return null;return p}catch(e){return null}}async function b(e,t,n){var r,l,o,a,i;let u,s=arguments.length>3&&void 0!==arguments[3]&&arguments[3],d=arguments.length>4?arguments[4]:void 0,m=!(arguments.length>5)||void 0===arguments[5]||arguments[5];if(0===t.length)return{levels:[],snapshot:null,expirations:[]};let f=t.reduce((e,t)=>e>t?e:t),b=await Promise.all(t.map(t=>h(e,[t],n,s,d,t===f&&m))),v=[],w=[],g=[],y=[];for(let e=0;e<b.length;e++){let n=b[e];if(!n)continue;let i=null!=(o=null==(r=n.expirations)?void 0:r[0])?o:t[e],s=(null!=(a=n.levels)?a:[]).map(c);if(i)for(let e of s)e.firstExpiration=i;if(v.push(...s),n.derived)for(let e of n.derived)w.push(i?{...e,firstExpiration:i}:e);n.snapshot&&g.push(n.snapshot),"
/api/v1,/Volumes/EAGET/SKYLIT_RE/bundles_pass2/_next__static__chunks__6514-bd56272b2716d98c.js,384088,"se=void 0})),await u(this.refreshPromise,t));let r=h(this.state.profile);return this.rememberProfileAuthHeader(r),r}isProfileAuthorizationHeader(e){return e===this.managedAuthorizationValue}async refreshOAuthToken(e){let t=this.state.profile.oauth?.refresh_token;if(!t)return;let r=o(this.state.profile.api_url)??i;try{var n;let i=new URLSearchParams({grant_type:""refresh_token"",client_id:""langsmith-cli"",refresh_token:t}),s=await e(`${function(e){let t=e;for(;t.endsWith(""/"");)t=t.slice(0,-1);let r=""/api/v1"";return t.endsWith(r)?t.slice(0,-r.length):t}(r)}/oauth/token`,{method:""POST"",headers:{""Content-Type"":""application/x-www-form-urlencoded""},body:i.toString(),signal:AbortSignal.timeout(1e4)});if(!s.ok)return;let o=await s.json();if(!o.access_token)return;n=this.state.profile,n.oauth??={},o.access_token&&(n.oauth.access_token=o.access_token),o.refresh_token&&(n.oauth.refresh_token=o.refresh_token),""number""==typeof o.expires_in&&o.expires_in>0&&(n.oauth.expires_at=new Date(Date.now()+1e3*o.expires_in).toISOString()),this.state.config.profiles??={},this.state.config.profiles[this.state.profileName]=this.state.profile,await a.Zf(this.state.configPath,`${JSON.stringify(this.state.config,null,2)}
`)}catch{return}}rememberProfileAuthHeader(e){this.managedAuthorizationValue=e?.name===""Authorization""?e.value:void 0}}function h(e){let t=o(e.oauth?.access_token);if(t)return{name:""Authorization"",value:`Bearer ${t}`};let r=o(e.api_key);if(r)return{name:""x-api-key"",value:r}}},78465:(e,t,r)=>{r.d(t,{S"
/api/changelog,/Volumes/EAGET/SKYLIT_RE/bundles_pass2/_next__static__chunks__1536-064f08115df39c50.js,10974,"er-side watchlist state."",category:""heatseeker"",type:""bug_fix"",attachments:[],authorId:""user_admin"",authorName:""Jimin Kim"",authorAvatarUrl:u(""Jimin Kim""),reactions:{...p,thumbsUp:6,clap:3},userReactions:[],createdAt:c(55),updatedAt:c(55)}]),n(87358);class m extends Error{constructor(e,t,n=""UNKNOWN""){super(e),this.name=""ChangelogAPIError"",this.status=t,this.code=n}}async function g(e,t){let n=arguments.length>2&&void 0!==arguments[2]?arguments[2]:{},r=await e(),a="""".concat(window.location.origin,""/api/changelog"").concat(t),l=await fetch(a,{...n,headers:{""Content-Type"":""application/json"",...r?{Authorization:""Bearer "".concat(r)}:{},...n.headers}});if(!l.ok){let e=await l.json().catch(()=>({}));throw new m(e.message||""Request failed: "".concat(l.status),l.status,e.code)}if(204!==l.status)return l.json()}async function h(e,t){let n=new URLSearchParams;(null==t?void 0:t.category)&&n.set(""category"",t.category),(null==t?void 0:t.cursor)&&n.set(""cursor"",t.cursor),(null==t?void 0:t.limit)&&n.set(""limit"",String(t.limit));let r=n.toString();return g(e,r?""?"".concat(r):"""")}async function x(e,t){return g(e,"""",{method:""POST"",body:JSON.stringify(t)})}async function f(e,t,n){return g(e,""/"".concat(t),{method:""PATCH"",body:JSON.stringify(n)})}async function b(e,t){return g(e,""/"".concat(t),{method:""DELETE""})}async function y(e,t,n){return g(e,""/"".concat(t,""/reactions""),{method:""POST"",body:JSON.stringify({type:n})})}async function v(e){return g(e,""/seen"",{method:""PATCH""})}async function k(e){return g(e,""/unseen"")}l"
/api/glitch/feed,/Volumes/EAGET/SKYLIT_RE/bundles_pass2/_next__static__chunks__1536-064f08115df39c50.js,61175,"i=s.slice(0,o),c=i.length===o&&s.length>o?i[i.length-1].id:null;return{messages:i,nextCursor:c}}(t);let r=new URLSearchParams;t.source&&""all""!==t.source&&r.set(""source"",t.source),t.ticker&&r.set(""ticker"",t.ticker.toUpperCase()),t.tickers&&t.tickers.length>0&&r.set(""tickers"",t.tickers.map(e=>e.toUpperCase()).join("","")),""number""==typeof t.minSignal&&r.set(""minSignal"",String(t.minSignal)),t.before&&r.set(""before"",t.before),t.limit&&r.set(""limit"",String(t.limit));let a=r.toString(),l="""".concat(eY(),""/api/glitch/feed"").concat(a?""?"".concat(a):""""),o=new Headers;try{let t=await e();t&&o.set(""Authorization"",""Bearer "".concat(t))}catch(e){console.warn(""[Glitch API] Failed to get Clerk token:"",e)}try{let e=await fetch(l,{headers:o,signal:n});if(!e.ok){let t=""HTTP "".concat(e.status,"": "").concat(e.statusText);try{let n=await e.json();t=n.message||n.error||t}catch(e){}throw new eX(t,e.status)}let t=await e.json();if(!t||""object""!=typeof t||!Array.isArray(t.messages))throw new eX(""Unexpected response shape from /api/glitch/feed (endpoint not deployed?)"",e.status);return t}catch(e){if(e instanceof eX||e instanceof DOMException&&""AbortError""===e.name)throw e;throw new eX(""Network error: "".concat(e instanceof Error?e.message:""Unknown error""),0)}}var e$=n(90960),eJ=n(52777);function eZ(e){let t=document.createElement(""div"");t.style.position=""fixed"",t.style.height=""env(safe-area-inset-"".concat(e,"", 0px)""),t.style.visibility=""hidden"",document.body.appendChild(t);let n=parseFloat(getComputedStyle(t).height)||0;retur"
/api/v1/talon/followups,/Volumes/EAGET/SKYLIT_RE/bundles_pass2/_next__static__chunks__1536-064f08115df39c50.js,89539,"-md bg-primary px-4 py-2 text-sm font-medium text-primary-foreground shadow hover:bg-primary/90 disabled:opacity-50 disabled:pointer-events-none transition-colors"",children:[s&&(0,r.jsx)(no.A,{className:""size-4 animate-spin""}),""I understand""]})]})]})})}function ng(e){return e.startsWith(""cadence-"")?""cadence"":e.startsWith(""page-"")?""page"":e.startsWith(""followup-"")?""followup"":""unknown""}async function nh(e){if(0===e.liveCapabilityIds.length)return[];try{var t;let n=await fetch("""".concat((0,tV.FC)(),""/api/v1/talon/followups""),{method:""POST"",headers:{""Content-Type"":""application/json"",Accept:""application/json""},body:JSON.stringify({answer:e.answer,page_type:e.pageType,ticker:null!=(t=e.ticker)?t:null,live_capability_ids:e.liveCapabilityIds})});if(!n.ok)return[];let r=await n.json();return(Array.isArray(null==r?void 0:r.chips)?r.chips:[]).filter(e=>""string""==typeof(null==e?void 0:e.question)&&e.question.trim().length>0).map((e,t)=>({id:""followup-"".concat(t),type:""quick_reply"",label:e.question,prompt:e.question}))}catch(e){return[]}}var nx=n(60080),nf=n(54390),nb=n(30814),ny=n(79397),nv=n(90889),nk=n(90399),nw=n(39068),nj=n(84382),nS=n(10383),nN=n(71360),nT=n(20908),nA=n(9058);let nC=[{id:""levels"",name:""Levels"",shortcut:""/levels"",description:""Key GEX/VEX levels for a symbol"",icon:nb.A,category:""skill"",completion:""symbol"",usage:""/levels SPY""},{id:""flow"",name:""Flow"",shortcut:""/flow"",description:""Single-leg options flow digest"",icon:H.A,category:""skill"",completion:""symbol"",usage:""/flow NVDA""},{id:""darkpool"",name"
/flow/compass,/Volumes/EAGET/SKYLIT_RE/bundles_pass2/_next__static__chunks__1536-064f08115df39c50.js,108693,"5"",n5={fontSize:""11.5px"",fontWeight:400,letterSpacing:""0""},n4=new Set(nC.map(e=>e.shortcut));function n3(e){if(!e)return{};if(""/""===e)return{pageType:""heatseeker"",pageId:""heatseeker""};let t=e.match(/^\/agents\/research\/([^/?#]+)/);if(t)return{pageType:""research"",pageId:""research"",focusedTicker:n9(t[1])};let n=e.match(/^\/agents\/trade\/([^/?#]+)/);return n?{pageType:""trade"",pageId:""trade"",focusedTicker:n9(n[1])}:e.startsWith(""/agents/flow-ai"")?{pageType:""flow-ai"",pageId:""flow-ai""}:e.startsWith(""/flow/compass"")?{pageType:""compass"",pageId:""compass""}:e.startsWith(""/flow/live"")?{pageType:""livefeed"",pageId:n6(e)}:e.startsWith(""/flow/tracker"")?{pageType:""tracker"",pageId:n6(e)}:e.startsWith(""/flow/scanner"")?{pageType:""scanner"",pageId:n6(e)}:e.startsWith(""/flow/lookup"")?{pageType:""contract_lookup"",pageId:n6(e)}:""/alerts""===e?{pageType:""alerts"",pageId:""alerts""}:""/atlas""===e||""/charts""===e?{pageType:""atlas"",pageId:n6(e)}:""/trinity""===e?{pageType:""trinity"",pageId:""trinity""}:e.match(/^\/academy\/([^/?#]+)/)?{pageType:""academy"",pageId:""academy""}:{pageId:n6(e)}}function n6(e){let t,n=e.replace(/\/+$/,"""")||""/"",r=_.zt[n];if(r)return r;let a="""";for(let[e,r]of Object.entries(_.zt))""/""!==e&&n.startsWith(e+""/"")&&e.length>a.length&&(a=e,t=r);let l=n.split(""/"").filter(Boolean);if(t){let e=a.split(""/"").filter(Boolean).length;return Object.keys(_.zt).some(e=>e!==a&&e.startsWith(a+""/""))?l[e]:t}return 0===l.length?""unknown"":l[l.length-1]}let n8=/^[A-Z0-9][A-Z0-9.\-^]{0,11}$/;function n9(e){let t;try{t=decodeURIComp"
/flow/live,/Volumes/EAGET/SKYLIT_RE/bundles_pass2/_next__static__chunks__1536-064f08115df39c50.js,108761,"t(nC.map(e=>e.shortcut));function n3(e){if(!e)return{};if(""/""===e)return{pageType:""heatseeker"",pageId:""heatseeker""};let t=e.match(/^\/agents\/research\/([^/?#]+)/);if(t)return{pageType:""research"",pageId:""research"",focusedTicker:n9(t[1])};let n=e.match(/^\/agents\/trade\/([^/?#]+)/);return n?{pageType:""trade"",pageId:""trade"",focusedTicker:n9(n[1])}:e.startsWith(""/agents/flow-ai"")?{pageType:""flow-ai"",pageId:""flow-ai""}:e.startsWith(""/flow/compass"")?{pageType:""compass"",pageId:""compass""}:e.startsWith(""/flow/live"")?{pageType:""livefeed"",pageId:n6(e)}:e.startsWith(""/flow/tracker"")?{pageType:""tracker"",pageId:n6(e)}:e.startsWith(""/flow/scanner"")?{pageType:""scanner"",pageId:n6(e)}:e.startsWith(""/flow/lookup"")?{pageType:""contract_lookup"",pageId:n6(e)}:""/alerts""===e?{pageType:""alerts"",pageId:""alerts""}:""/atlas""===e||""/charts""===e?{pageType:""atlas"",pageId:n6(e)}:""/trinity""===e?{pageType:""trinity"",pageId:""trinity""}:e.match(/^\/academy\/([^/?#]+)/)?{pageType:""academy"",pageId:""academy""}:{pageId:n6(e)}}function n6(e){let t,n=e.replace(/\/+$/,"""")||""/"",r=_.zt[n];if(r)return r;let a="""";for(let[e,r]of Object.entries(_.zt))""/""!==e&&n.startsWith(e+""/"")&&e.length>a.length&&(a=e,t=r);let l=n.split(""/"").filter(Boolean);if(t){let e=a.split(""/"").filter(Boolean).length;return Object.keys(_.zt).some(e=>e!==a&&e.startsWith(a+""/""))?l[e]:t}return 0===l.length?""unknown"":l[l.length-1]}let n8=/^[A-Z0-9][A-Z0-9.\-^]{0,11}$/;function n9(e){let t;try{t=decodeURIComponent(e).trim().toUpperCase()}catch(n){t=e.trim().toUpperCase()}r"
/flow/tracker,/Volumes/EAGET/SKYLIT_RE/bundles_pass2/_next__static__chunks__1536-064f08115df39c50.js,108823,"==e)return{pageType:""heatseeker"",pageId:""heatseeker""};let t=e.match(/^\/agents\/research\/([^/?#]+)/);if(t)return{pageType:""research"",pageId:""research"",focusedTicker:n9(t[1])};let n=e.match(/^\/agents\/trade\/([^/?#]+)/);return n?{pageType:""trade"",pageId:""trade"",focusedTicker:n9(n[1])}:e.startsWith(""/agents/flow-ai"")?{pageType:""flow-ai"",pageId:""flow-ai""}:e.startsWith(""/flow/compass"")?{pageType:""compass"",pageId:""compass""}:e.startsWith(""/flow/live"")?{pageType:""livefeed"",pageId:n6(e)}:e.startsWith(""/flow/tracker"")?{pageType:""tracker"",pageId:n6(e)}:e.startsWith(""/flow/scanner"")?{pageType:""scanner"",pageId:n6(e)}:e.startsWith(""/flow/lookup"")?{pageType:""contract_lookup"",pageId:n6(e)}:""/alerts""===e?{pageType:""alerts"",pageId:""alerts""}:""/atlas""===e||""/charts""===e?{pageType:""atlas"",pageId:n6(e)}:""/trinity""===e?{pageType:""trinity"",pageId:""trinity""}:e.match(/^\/academy\/([^/?#]+)/)?{pageType:""academy"",pageId:""academy""}:{pageId:n6(e)}}function n6(e){let t,n=e.replace(/\/+$/,"""")||""/"",r=_.zt[n];if(r)return r;let a="""";for(let[e,r]of Object.entries(_.zt))""/""!==e&&n.startsWith(e+""/"")&&e.length>a.length&&(a=e,t=r);let l=n.split(""/"").filter(Boolean);if(t){let e=a.split(""/"").filter(Boolean).length;return Object.keys(_.zt).some(e=>e!==a&&e.startsWith(a+""/""))?l[e]:t}return 0===l.length?""unknown"":l[l.length-1]}let n8=/^[A-Z0-9][A-Z0-9.\-^]{0,11}$/;function n9(e){let t;try{t=decodeURIComponent(e).trim().toUpperCase()}catch(n){t=e.trim().toUpperCase()}return n8.test(t)?t:void 0}let n7=""linear-gradient(rgba(147, 197, "
/flow/scanner,/Volumes/EAGET/SKYLIT_RE/bundles_pass2/_next__static__chunks__1536-064f08115df39c50.js,108887,"tch(/^\/agents\/research\/([^/?#]+)/);if(t)return{pageType:""research"",pageId:""research"",focusedTicker:n9(t[1])};let n=e.match(/^\/agents\/trade\/([^/?#]+)/);return n?{pageType:""trade"",pageId:""trade"",focusedTicker:n9(n[1])}:e.startsWith(""/agents/flow-ai"")?{pageType:""flow-ai"",pageId:""flow-ai""}:e.startsWith(""/flow/compass"")?{pageType:""compass"",pageId:""compass""}:e.startsWith(""/flow/live"")?{pageType:""livefeed"",pageId:n6(e)}:e.startsWith(""/flow/tracker"")?{pageType:""tracker"",pageId:n6(e)}:e.startsWith(""/flow/scanner"")?{pageType:""scanner"",pageId:n6(e)}:e.startsWith(""/flow/lookup"")?{pageType:""contract_lookup"",pageId:n6(e)}:""/alerts""===e?{pageType:""alerts"",pageId:""alerts""}:""/atlas""===e||""/charts""===e?{pageType:""atlas"",pageId:n6(e)}:""/trinity""===e?{pageType:""trinity"",pageId:""trinity""}:e.match(/^\/academy\/([^/?#]+)/)?{pageType:""academy"",pageId:""academy""}:{pageId:n6(e)}}function n6(e){let t,n=e.replace(/\/+$/,"""")||""/"",r=_.zt[n];if(r)return r;let a="""";for(let[e,r]of Object.entries(_.zt))""/""!==e&&n.startsWith(e+""/"")&&e.length>a.length&&(a=e,t=r);let l=n.split(""/"").filter(Boolean);if(t){let e=a.split(""/"").filter(Boolean).length;return Object.keys(_.zt).some(e=>e!==a&&e.startsWith(a+""/""))?l[e]:t}return 0===l.length?""unknown"":l[l.length-1]}let n8=/^[A-Z0-9][A-Z0-9.\-^]{0,11}$/;function n9(e){let t;try{t=decodeURIComponent(e).trim().toUpperCase()}catch(n){t=e.trim().toUpperCase()}return n8.test(t)?t:void 0}let n7=""linear-gradient(rgba(147, 197, 253, 0.045) 1px, transparent 1px), linear-gradient(90deg, rgba(1"
/flow/lookup,/Volumes/EAGET/SKYLIT_RE/bundles_pass2/_next__static__chunks__1536-064f08115df39c50.js,108951,"arch"",pageId:""research"",focusedTicker:n9(t[1])};let n=e.match(/^\/agents\/trade\/([^/?#]+)/);return n?{pageType:""trade"",pageId:""trade"",focusedTicker:n9(n[1])}:e.startsWith(""/agents/flow-ai"")?{pageType:""flow-ai"",pageId:""flow-ai""}:e.startsWith(""/flow/compass"")?{pageType:""compass"",pageId:""compass""}:e.startsWith(""/flow/live"")?{pageType:""livefeed"",pageId:n6(e)}:e.startsWith(""/flow/tracker"")?{pageType:""tracker"",pageId:n6(e)}:e.startsWith(""/flow/scanner"")?{pageType:""scanner"",pageId:n6(e)}:e.startsWith(""/flow/lookup"")?{pageType:""contract_lookup"",pageId:n6(e)}:""/alerts""===e?{pageType:""alerts"",pageId:""alerts""}:""/atlas""===e||""/charts""===e?{pageType:""atlas"",pageId:n6(e)}:""/trinity""===e?{pageType:""trinity"",pageId:""trinity""}:e.match(/^\/academy\/([^/?#]+)/)?{pageType:""academy"",pageId:""academy""}:{pageId:n6(e)}}function n6(e){let t,n=e.replace(/\/+$/,"""")||""/"",r=_.zt[n];if(r)return r;let a="""";for(let[e,r]of Object.entries(_.zt))""/""!==e&&n.startsWith(e+""/"")&&e.length>a.length&&(a=e,t=r);let l=n.split(""/"").filter(Boolean);if(t){let e=a.split(""/"").filter(Boolean).length;return Object.keys(_.zt).some(e=>e!==a&&e.startsWith(a+""/""))?l[e]:t}return 0===l.length?""unknown"":l[l.length-1]}let n8=/^[A-Z0-9][A-Z0-9.\-^]{0,11}$/;function n9(e){let t;try{t=decodeURIComponent(e).trim().toUpperCase()}catch(n){t=e.trim().toUpperCase()}return n8.test(t)?t:void 0}let n7=""linear-gradient(rgba(147, 197, 253, 0.045) 1px, transparent 1px), linear-gradient(90deg, rgba(147, 197, 253, 0.045) 1px, transparent 1px), radial-gradient(cir"
/falcon/contract_flow,/Volumes/EAGET/SKYLIT_RE/bundles_pass2/_next__static__chunks__1536-064f08115df39c50.js,214049,"d:""rgba(var(--tv2-ink),0.04)"",border:""1px solid rgba(var(--tv2-ink),0.08)""},children:[(0,r.jsx)(""span"",{style:{fontSize:10,fontWeight:700,letterSpacing:""0.1em"",color:E.textSecondary},children:""COPILOT MODE""}),(0,r.jsxs)(""span"",{style:{fontSize:10.5,color:E.textMuted},children:[""No per-tranche lifecycle for the "",_.contract.split("" "")[0],"" leg yet — this leg has no timestamped fill log to copy. Switch to a leg with a lifecycle, or check back once it's graded.""]})]})})(),(0,r.jsx)(rf.Sl,{endpoint:""/falcon/contract_flow"",contract:_.contract.split("" \xb7 "")[0],expiryIso:C.expiryIso,since:C.ago,t:E,skin:rS,side:C.side,scrubTime:ee,onScrub:et}),(0,r.jsxs)(""div"",{className:""mx-5 mt-5"",children:[(0,r.jsxs)(""div"",{className:""mb-1 flex flex-wrap items-center justify-between gap-y-1"",children:[(0,r.jsxs)(""span"",{className:""uppercase"",style:{fontSize:8.5,fontWeight:600,letterSpacing:""0.16em"",color:E.textMuted},children:[""Trade map"",_.native?"""":(null==(d=_.levels)?void 0:d.prem)?"" \xb7 premium basis \xb7 trims +30/50/70/100% \xb7 stop −50%"":_.levels?"" \xb7 this leg's own structure"":"" \xb7 SPY levels (own structure unavailable)""]}),(0,r.jsxs)(""span"",{className:""flex flex-wrap items-center justify-end gap-x-2.5 gap-y-0.5"",style:{fontVariantNumeric:""tabular-nums"",flexGrow:1},children:[(0,r.jsxs)(""span"",{style:{fontSize:10,fontWeight:600,color:E.textMuted,whiteSpace:""nowrap""},children:[""ENTRY "",(0,r.jsx)(""b"",{style:{color:rN,fontWeight:700},children:R.entry.toFixed(2)})]}),null!=J&&(0,r.jsxs)(""span"",{className:""fle"
/falcon/days?strategy=,/Volumes/EAGET/SKYLIT_RE/bundles_pass2/_next__static__chunks__1536-064f08115df39c50.js,229348,"kylit:talon:otm"")&&F(!0)}catch(e){}},[]),(0,a.useEffect)(()=>{try{I&&localStorage.setItem(""skylit:talon:book"",I)}catch(e){}},[I]),(0,a.useEffect)(()=>{try{localStorage.setItem(""skylit:talon:otm"",R?""1"":""0"")}catch(e){}},[R]);let W=null!=I?I:""v2"",P=""v3""===W,D=""legacy""===W?""legacy"":""v3""===W?R?""v3_degen"":""v3"":""v1""===W?R?""degen"":""normal"":R?""v2_degen"":""v2"",{isAdmin:L}=(0,ec.$)(),q=function(e){let[t,n]=(0,a.useState)([]);return(0,a.useEffect)(()=>{let t,r=!0,a=async()=>{let l=!1;try{let t=await fetch(e?""/falcon/days?strategy="".concat(e):""/falcon/days"",{cache:""no-store""}),a=await t.json();r&&Array.isArray(null==a?void 0:a.days)&&a.days.length>0&&(n(a.days),l=!0)}catch(e){}r&&(t=setTimeout(a,l?3e5:15e3))};return a(),()=>{r=!1,clearTimeout(t)}},[e]),t}(D),[O,B]=(0,a.useState)(!1),G=function(e,t){let[n,r]=(0,a.useState)({});return(0,a.useEffect)(()=>{if(!t)return;let n=!0;return(async()=>{try{let t=e?""?strategy="".concat(e):"""",a=await fetch(""/falcon/day-summaries"".concat(t),{cache:""no-store""}),l=await a.json();n&&(null==l?void 0:l.summaries)&&r(l.summaries)}catch(e){}})(),()=>{n=!1}},[e,t]),n}(D,O),V=function(){let e=arguments.length>0&&void 0!==arguments[0]?arguments[0]:5e3,t=arguments.length>1?arguments[1]:void 0,n=arguments.length>2?arguments[2]:void 0,[r,l]=(0,a.useState)({status:""loading"",setups:[]}),o=(0,a.useRef)(()=>{});return(0,a.useEffect)(()=>{let r=!0;l({status:""loading"",setups:[]});let a=async()=>{try{let e=[t?""day="".concat(t):"""",n?""strategy="".concat(n):""""].filter(Boolean).join(""&""),a=await fetch(e?"
/falcon/days,/Volumes/EAGET/SKYLIT_RE/bundles_pass2/_next__static__chunks__1536-064f08115df39c50.js,229383,"},[]),(0,a.useEffect)(()=>{try{I&&localStorage.setItem(""skylit:talon:book"",I)}catch(e){}},[I]),(0,a.useEffect)(()=>{try{localStorage.setItem(""skylit:talon:otm"",R?""1"":""0"")}catch(e){}},[R]);let W=null!=I?I:""v2"",P=""v3""===W,D=""legacy""===W?""legacy"":""v3""===W?R?""v3_degen"":""v3"":""v1""===W?R?""degen"":""normal"":R?""v2_degen"":""v2"",{isAdmin:L}=(0,ec.$)(),q=function(e){let[t,n]=(0,a.useState)([]);return(0,a.useEffect)(()=>{let t,r=!0,a=async()=>{let l=!1;try{let t=await fetch(e?""/falcon/days?strategy="".concat(e):""/falcon/days"",{cache:""no-store""}),a=await t.json();r&&Array.isArray(null==a?void 0:a.days)&&a.days.length>0&&(n(a.days),l=!0)}catch(e){}r&&(t=setTimeout(a,l?3e5:15e3))};return a(),()=>{r=!1,clearTimeout(t)}},[e]),t}(D),[O,B]=(0,a.useState)(!1),G=function(e,t){let[n,r]=(0,a.useState)({});return(0,a.useEffect)(()=>{if(!t)return;let n=!0;return(async()=>{try{let t=e?""?strategy="".concat(e):"""",a=await fetch(""/falcon/day-summaries"".concat(t),{cache:""no-store""}),l=await a.json();n&&(null==l?void 0:l.summaries)&&r(l.summaries)}catch(e){}})(),()=>{n=!1}},[e,t]),n}(D,O),V=function(){let e=arguments.length>0&&void 0!==arguments[0]?arguments[0]:5e3,t=arguments.length>1?arguments[1]:void 0,n=arguments.length>2?arguments[2]:void 0,[r,l]=(0,a.useState)({status:""loading"",setups:[]}),o=(0,a.useRef)(()=>{});return(0,a.useEffect)(()=>{let r=!0;l({status:""loading"",setups:[]});let a=async()=>{try{let e=[t?""day="".concat(t):"""",n?""strategy="".concat(n):""""].filter(Boolean).join(""&""),a=await fetch(e?""/falcon/setups?"".concat("
/falcon/day-summaries,/Volumes/EAGET/SKYLIT_RE/bundles_pass2/_next__static__chunks__1536-064f08115df39c50.js,229790,">{let t,r=!0,a=async()=>{let l=!1;try{let t=await fetch(e?""/falcon/days?strategy="".concat(e):""/falcon/days"",{cache:""no-store""}),a=await t.json();r&&Array.isArray(null==a?void 0:a.days)&&a.days.length>0&&(n(a.days),l=!0)}catch(e){}r&&(t=setTimeout(a,l?3e5:15e3))};return a(),()=>{r=!1,clearTimeout(t)}},[e]),t}(D),[O,B]=(0,a.useState)(!1),G=function(e,t){let[n,r]=(0,a.useState)({});return(0,a.useEffect)(()=>{if(!t)return;let n=!0;return(async()=>{try{let t=e?""?strategy="".concat(e):"""",a=await fetch(""/falcon/day-summaries"".concat(t),{cache:""no-store""}),l=await a.json();n&&(null==l?void 0:l.summaries)&&r(l.summaries)}catch(e){}})(),()=>{n=!1}},[e,t]),n}(D,O),V=function(){let e=arguments.length>0&&void 0!==arguments[0]?arguments[0]:5e3,t=arguments.length>1?arguments[1]:void 0,n=arguments.length>2?arguments[2]:void 0,[r,l]=(0,a.useState)({status:""loading"",setups:[]}),o=(0,a.useRef)(()=>{});return(0,a.useEffect)(()=>{let r=!0;l({status:""loading"",setups:[]});let a=async()=>{try{let e=[t?""day="".concat(t):"""",n?""strategy="".concat(n):""""].filter(Boolean).join(""&""),a=await fetch(e?""/falcon/setups?"".concat(e):""/falcon/setups"",{cache:""no-store""}),o=await a.json(),s=Array.isArray(null==o?void 0:o.setups)?o.setups:[];r&&l(e=>{var n;return!t&&0===s.length&&(null==o?void 0:o.live)!==!0&&e.setups.length>0?e:{status:null!=(n=null==o?void 0:o.status)?n:""unavailable"",experimental:null==o?void 0:o.experimental,generated_at:null==o?void 0:o.generated_at,live:null==o?void 0:o.live,date:null==o?void 0:o.date,historical:null==o?"
/falcon/setups?,/Volumes/EAGET/SKYLIT_RE/bundles_pass2/_next__static__chunks__1536-064f08115df39c50.js,230372,"?void 0:l.summaries)&&r(l.summaries)}catch(e){}})(),()=>{n=!1}},[e,t]),n}(D,O),V=function(){let e=arguments.length>0&&void 0!==arguments[0]?arguments[0]:5e3,t=arguments.length>1?arguments[1]:void 0,n=arguments.length>2?arguments[2]:void 0,[r,l]=(0,a.useState)({status:""loading"",setups:[]}),o=(0,a.useRef)(()=>{});return(0,a.useEffect)(()=>{let r=!0;l({status:""loading"",setups:[]});let a=async()=>{try{let e=[t?""day="".concat(t):"""",n?""strategy="".concat(n):""""].filter(Boolean).join(""&""),a=await fetch(e?""/falcon/setups?"".concat(e):""/falcon/setups"",{cache:""no-store""}),o=await a.json(),s=Array.isArray(null==o?void 0:o.setups)?o.setups:[];r&&l(e=>{var n;return!t&&0===s.length&&(null==o?void 0:o.live)!==!0&&e.setups.length>0?e:{status:null!=(n=null==o?void 0:o.status)?n:""unavailable"",experimental:null==o?void 0:o.experimental,generated_at:null==o?void 0:o.generated_at,live:null==o?void 0:o.live,date:null==o?void 0:o.date,historical:null==o?void 0:o.historical,summary:null==o?void 0:o.summary,playbook:null==o?void 0:o.playbook,radar:null==o?void 0:o.radar,orb:null==o?void 0:o.orb,setups:s}})}catch(e){r&&l(e=>e.setups.length>0?e:{status:""unavailable"",setups:[]})}};o.current=a,a();let s=setInterval(a,t?6e4:e);return()=>{r=!1,clearInterval(s)}},[e,t,n]),(0,rg.l)(e=>{""falcon""===e.agent&&o.current()},{enabled:!t}),r}(5e3,E,D),H=a.useMemo(()=>{var e;return(null!=(e=V.setups)?e:[]).map(r_).sort((e,t)=>(t.ago||"""").localeCompare(e.ago||"""")).filter(e=>{var t;return!e.episodeId||(null!=(t=e.tranche)?t:1)<=1})},[V.set"
/falcon/setups,/Volumes/EAGET/SKYLIT_RE/bundles_pass2/_next__static__chunks__1536-064f08115df39c50.js,230400,"mmaries)}catch(e){}})(),()=>{n=!1}},[e,t]),n}(D,O),V=function(){let e=arguments.length>0&&void 0!==arguments[0]?arguments[0]:5e3,t=arguments.length>1?arguments[1]:void 0,n=arguments.length>2?arguments[2]:void 0,[r,l]=(0,a.useState)({status:""loading"",setups:[]}),o=(0,a.useRef)(()=>{});return(0,a.useEffect)(()=>{let r=!0;l({status:""loading"",setups:[]});let a=async()=>{try{let e=[t?""day="".concat(t):"""",n?""strategy="".concat(n):""""].filter(Boolean).join(""&""),a=await fetch(e?""/falcon/setups?"".concat(e):""/falcon/setups"",{cache:""no-store""}),o=await a.json(),s=Array.isArray(null==o?void 0:o.setups)?o.setups:[];r&&l(e=>{var n;return!t&&0===s.length&&(null==o?void 0:o.live)!==!0&&e.setups.length>0?e:{status:null!=(n=null==o?void 0:o.status)?n:""unavailable"",experimental:null==o?void 0:o.experimental,generated_at:null==o?void 0:o.generated_at,live:null==o?void 0:o.live,date:null==o?void 0:o.date,historical:null==o?void 0:o.historical,summary:null==o?void 0:o.summary,playbook:null==o?void 0:o.playbook,radar:null==o?void 0:o.radar,orb:null==o?void 0:o.orb,setups:s}})}catch(e){r&&l(e=>e.setups.length>0?e:{status:""unavailable"",setups:[]})}};o.current=a,a();let s=setInterval(a,t?6e4:e);return()=>{r=!1,clearInterval(s)}},[e,t,n]),(0,rg.l)(e=>{""falcon""===e.agent&&o.current()},{enabled:!t}),r}(5e3,E,D),H=a.useMemo(()=>{var e;return(null!=(e=V.setups)?e:[]).map(r_).sort((e,t)=>(t.ago||"""").localeCompare(e.ago||"""")).filter(e=>{var t;return!e.episodeId||(null!=(t=e.tranche)?t:1)<=1})},[V.setups]),K=""ok""===V.status&&H."
/falcon/feed,/Volumes/EAGET/SKYLIT_RE/bundles_pass2/_next__static__chunks__1536-064f08115df39c50.js,233710,"var t;let n=N(e),r=null!=(t=rL(e,n.native,n.contract).avg)?t:""—""!==n.mark?Number(n.mark.replace(/[^0-9.]/g,"""")):NaN;return{entryPrem:Number.isFinite(r)?r:null,managedPct:n.managedReturn,lifecycle:Array.isArray(n.lifecycle)&&n.lifecycle.length?n.lifecycle:void 0,sizingModel:""equal""}}),el=(0,rf.ZZ)(ea),eo=X?""Today"":rA(V.date),es=function(){let e=arguments.length>0&&void 0!==arguments[0]?arguments[0]:8e3,[t,n]=(0,a.useState)([]);return(0,a.useEffect)(()=>{let t=!0,r=async()=>{try{let e=await fetch(""/falcon/feed"",{cache:""no-store""}),r=await e.json();t&&n(Array.isArray(null==r?void 0:r.orders)?r.orders:[])}catch(e){}};r();let a=setInterval(r,e);return()=>{t=!1,clearInterval(a)}},[e]),t}(),ei=(null!=es?es:[]).map((e,t)=>{let n=e.premium>=1e6?""$"".concat((e.premium/1e6).toFixed(1),""M""):""$"".concat(Math.round(e.premium/1e3),""K""),a=""C""===e.right?""C"":""P"",l=""whale""===e.tier,o=e.expiration?"""".concat(e.expiration.slice(5,7),""/"").concat(e.expiration.slice(8,10)):"""";return{key:-1-t,src:""flowseeker"",time:e.time||"""",msg:(0,r.jsxs)(r.Fragment,{children:[(0,r.jsx)(""b"",{children:n}),"" "",""C""===a?""call"":""put"","" sweep \xb7"","" "",(0,r.jsxs)(""button"",{type:""button"",onClick:()=>e.expiration&&v(e),disabled:!e.expiration,className:""cursor-pointer border-none bg-transparent p-0"",title:""Drill into this contract's flow"",style:{font:""inherit"",color:""inherit""},children:[(0,r.jsxs)(rz,{children:[""$"",e.ticker]}),"" "",Math.round(e.strike),a,(0,r.jsx)(""span"",{style:{color:u.textMuted,fontSize:9},children:"" ↗""})]}),o?(0,r.jsxs)(""s"
/falcon/commentary,/Volumes/EAGET/SKYLIT_RE/bundles_pass2/_next__static__chunks__1536-064f08115df39c50.js,235292,"ier&&(0,r.jsxs)(""span"",{style:{color:l?rN:u.textSecondary,fontWeight:l?600:500},children:["" \xb7 "",e.tier,l?"" \uD83D\uDD25"":""""]}),null!=e.top_pct&&(0,r.jsxs)(""span"",{style:{color:u.textMuted},children:["" \xb7 "",null!=e.rank&&e.rank<=10?""#"".concat(e.rank,"" sweep today""):""top "".concat(e.top_pct,""% of today’s sweeps"")]})]})}}),ed=function(){let e=arguments.length>0&&void 0!==arguments[0]?arguments[0]:1e4,[t,n]=(0,a.useState)([]);return(0,a.useEffect)(()=>{let t=!0,r=async()=>{try{let e=await fetch(""/falcon/commentary"",{cache:""no-store""}),r=await e.json();t&&n(Array.isArray(null==r?void 0:r.commentary)?r.commentary:[])}catch(e){}};r();let a=setInterval(r,e);return()=>{t=!1,clearInterval(a)}},[e]),t}(),eu=[...(null!=ed?ed:[]).map((e,t)=>({key:-1e3-t,src:[""atlas"",""heatseeker"",""flowseeker""].includes(e.src)?e.src:""atlas"",time:e.time||"""",msg:(0,r.jsxs)(r.Fragment,{children:[e.magnet?""\uD83E\uDDF2 "":"""",e.msg]})})),...ei].sort((e,t)=>(t.time||"""").localeCompare(e.time||""""));(0,a.useEffect)(()=>{let e,t=[],n=e=>A(t=>[{key:_.current++,...e},...t].slice(0,8));rM.forEach((e,r)=>t.push(setTimeout(()=>n(e),300+380*r)));let r=0;return t.push(setTimeout(()=>{e=setInterval(()=>{n({...rI[r%rI.length],time:""09:"".concat(String(43+r%5).padStart(2,""0""))}),r++},2700)},2300)),()=>{t.forEach(clearTimeout),e&&clearInterval(e)}},[]);let ep=(e,t)=>(0,r.jsxs)(""div"",{className:""my-1 flex flex-wrap items-center gap-x-2 gap-y-1 uppercase"",style:{fontSize:9,letterSpacing:""0.18em"",color:u.textMuted},children:[e,(0,r.jsx)(""span"",{cla"
/falcon/stats?strategy=,/Volumes/EAGET/SKYLIT_RE/bundles_pass2/_next__static__chunks__1536-064f08115df39c50.js,250245,"yle:{color:u.textSecondary},children:[null==(n=V.orb.lo)?void 0:n.toFixed(2),""–"",null==(o=V.orb.hi)?void 0:o.toFixed(2)]})]}),""armed""===V.orb.state&&null!=V.orb.dist_hi&&(0,r.jsxs)(""span"",{children:[V.orb.dist_hi.toFixed(2),"" to upper trigger \xb7 "",null==(s=V.orb.dist_lo)?void 0:s.toFixed(2),"" to lower""]}),null!=V.orb.last&&(0,r.jsxs)(""span"",{children:[""last "",(0,r.jsx)(""b"",{style:{color:u.textPrimary},children:V.orb.last.toFixed(2)})]})]}),j&&(0,r.jsxs)(r.Fragment,{children:[(0,r.jsx)(rj,{src:""/falcon/stats?strategy="".concat(D),mode:""options"",accent:""var(--tv2-accent)"",ink:""var(--tv2-ink)"",bull:""var(--tv2-bull)"",bear:""var(--tv2-bear)"",t:u}),(0,r.jsx)(ry,{src:""/falcon/plcurve?strategy="".concat(D),mode:""options"",accent:""var(--tv2-accent)"",ink:""var(--tv2-ink)"",bull:""var(--tv2-bull)"",bear:""var(--tv2-bear)"",t:u}),(0,r.jsx)(""div"",{className:""mt-2.5"",children:ep(""Live agent stream"",eu.length?""Atlas \xb7 Heatseeker \xb7 Flowseeker"":void 0)}),(0,r.jsx)(""div"",{className:""talon-noscroll flex min-h-0 flex-1 flex-col overflow-y-auto"",style:{overflowAnchor:""none"",scrollbarWidth:""none""},children:(eu.length?eu:T).map(e=>(0,r.jsxs)(""div"",{className:""flex gap-2.5 py-2"",style:{borderBottom:""1px solid rgba(var(--tv2-ink),0.05)"",animation:""talonFin .45s ease""},children:[(0,r.jsx)(rR,{src:e.src,size:27}),(0,r.jsxs)(""div"",{className:""min-w-0 flex-1"",children:[(0,r.jsxs)(""div"",{className:""flex items-baseline gap-1.5"",children:[(0,r.jsx)(""span"",{style:{fontSize:12,fontWeight:500,color:u.textPrimary},children:rE[e.src].name"
/falcon/plcurve?strategy=,/Volumes/EAGET/SKYLIT_RE/bundles_pass2/_next__static__chunks__1536-064f08115df39c50.js,250414,"&(0,r.jsxs)(""span"",{children:[V.orb.dist_hi.toFixed(2),"" to upper trigger \xb7 "",null==(s=V.orb.dist_lo)?void 0:s.toFixed(2),"" to lower""]}),null!=V.orb.last&&(0,r.jsxs)(""span"",{children:[""last "",(0,r.jsx)(""b"",{style:{color:u.textPrimary},children:V.orb.last.toFixed(2)})]})]}),j&&(0,r.jsxs)(r.Fragment,{children:[(0,r.jsx)(rj,{src:""/falcon/stats?strategy="".concat(D),mode:""options"",accent:""var(--tv2-accent)"",ink:""var(--tv2-ink)"",bull:""var(--tv2-bull)"",bear:""var(--tv2-bear)"",t:u}),(0,r.jsx)(ry,{src:""/falcon/plcurve?strategy="".concat(D),mode:""options"",accent:""var(--tv2-accent)"",ink:""var(--tv2-ink)"",bull:""var(--tv2-bull)"",bear:""var(--tv2-bear)"",t:u}),(0,r.jsx)(""div"",{className:""mt-2.5"",children:ep(""Live agent stream"",eu.length?""Atlas \xb7 Heatseeker \xb7 Flowseeker"":void 0)}),(0,r.jsx)(""div"",{className:""talon-noscroll flex min-h-0 flex-1 flex-col overflow-y-auto"",style:{overflowAnchor:""none"",scrollbarWidth:""none""},children:(eu.length?eu:T).map(e=>(0,r.jsxs)(""div"",{className:""flex gap-2.5 py-2"",style:{borderBottom:""1px solid rgba(var(--tv2-ink),0.05)"",animation:""talonFin .45s ease""},children:[(0,r.jsx)(rR,{src:e.src,size:27}),(0,r.jsxs)(""div"",{className:""min-w-0 flex-1"",children:[(0,r.jsxs)(""div"",{className:""flex items-baseline gap-1.5"",children:[(0,r.jsx)(""span"",{style:{fontSize:12,fontWeight:500,color:u.textPrimary},children:rE[e.src].name}),(0,r.jsx)(""span"",{className:""ml-auto"",style:{fontSize:9,color:u.textMuted,fontFamily:""var(--font-mono, monospace)""},children:e.time})]}),(0,r.jsx)(""div"",{className:""mt-"
/api/glitch/stream?,/Volumes/EAGET/SKYLIT_RE/bundles_pass2/_next__static__chunks__1536-064f08115df39c50.js,265589,"hOnWindowFocus:!0,staleTime:0}),m=(0,eB.jE)();!function(e,t){let{getToken:n}=(0,v.d)(),r=(0,a.useRef)(null),l=(0,a.useRef)(0),o=(0,a.useRef)(null),s=(0,a.useRef)(e);s.current=e;let i=(0,a.useRef)(t);i.current=t;let c=(0,a.useCallback)(async()=>{if(s.current){r.current&&(r.current.close(),r.current=null);try{let e,t=await (0,e$.ML)(n);if(t)e=""ticket="".concat(encodeURIComponent(t));else{let t=await n();if(!t)return;e=""token="".concat(encodeURIComponent(t))}if(!s.current)return;let a="""".concat(eY(),""/api/glitch/stream?"").concat(e),d=new EventSource(a);r.current=d,d.onopen=()=>{l.current=0},d.addEventListener(""glitch_message"",e=>{try{let t=JSON.parse(e.data);i.current(t)}catch(e){}}),d.onerror=()=>{if(d.close(),r.current===d&&(r.current=null),!s.current)return;l.current+=1;let e=Math.min(1e3*2**l.current,3e4);o.current=setTimeout(c,e)}}catch(e){}}},[n]);(0,a.useEffect)(()=>(e&&c(),()=>{o.current&&clearTimeout(o.current),r.current&&(r.current.onerror=null,r.current.close(),r.current=null)}),[e,c])}(c,(0,a.useCallback)(e=>{var t,n;if((""all""===o||e.source===o)&&!((null!=(t=e.signalScore)?t:0)<i)){if(s.length>0){let t=s.map(e=>e.toUpperCase());if(!(null!=(n=e.cashtags)?n:[]).some(e=>t.includes(e.toUpperCase())))return}m.setQueryData([""glitch-feed"",o,u,i],t=>{if(!t||0===t.pages.length)return t;let[n,...r]=t.pages,a=n.messages.findIndex(t=>t.id===e.id)>=0?n.messages.map(t=>t.id===e.id?e:t):[e,...n.messages];return{...t,pages:[{...n,messages:a},...r]}})}},[o,s,u,i,m]));let g=null!=(r=null==(t=p.data)?void 0:"
/midas/feed,/Volumes/EAGET/SKYLIT_RE/bundles_pass2/_next__static__chunks__1536-064f08115df39c50.js,278940,"void 0!==arguments[1]?arguments[1]:""/midas"",[n,r]=(0,a.useState)([]);return(0,a.useEffect)(()=>{let n=!0,a=async()=>{try{let e=await fetch("""".concat(t,""/commentary""));if(!e.ok)return;let a=await e.json();n&&a&&Array.isArray(a.items)&&r(a.items)}catch(e){}};a();let l=setInterval(a,e);return()=>{n=!1,clearInterval(l)}},[e]),n}function as(){let e=arguments.length>0&&void 0!==arguments[0]?arguments[0]:2e4,[t,n]=(0,a.useState)([]);return(0,a.useEffect)(()=>{let t=!0,r=async()=>{try{let e=await fetch(""/midas/feed"");if(!e.ok)return;let r=await e.json();t&&r&&Array.isArray(r.orders)&&n(r.orders)}catch(e){}};r();let a=setInterval(r,e);return()=>{t=!1,clearInterval(a)}},[e]),t}let ai=(0,rf.mr)(""mds""),ac=""var(--mds-accent)"",ad=""rgba(var(--mds-accent-rgb),0.5)"",au={WATCHLIST:""rgba(var(--mds-ink),0.55)"",ARMED:""#ddd6fe"",TRIGGERED:""var(--mds-bull)"",T1_TAG:""var(--mds-bull)"",T2_TAG:""var(--mds-accent)"",T3_TAG:""var(--mds-accent)"",INVALIDATED:""var(--mds-bear)""},ap={WATCHLIST:""Qualified at the morning scan — waiting for price to reach the entry zone. No position yet, so no P/L."",ARMED:""Price tagged the entry zone — one close back above the floor from execution."",TRIGGERED:""Executed: the deflection confirmed. Entry premium is frozen at this minute’s print and P/L tracking starts."",T1_TAG:""Short-term GEX target touched (the front-column ceiling). Position keeps riding."",T2_TAG:""VEX swing target reached — the primary thesis played out."",T3_TAG:""Extended VEX magnet tagged — the runner’s moonshot rung."",INVALIDATE"
/midas/search?q=,/Volumes/EAGET/SKYLIT_RE/bundles_pass2/_next__static__chunks__1536-064f08115df39c50.js,316589,"R,F]=(0,a.useState)(!1),[W,P]=(0,a.useState)(""""),[D,L]=(0,a.useState)(null),q=(0,a.useRef)(null),[O,B]=(0,a.useState)(null);(0,a.useEffect)(()=>{if(null===D||!q.current)return void B(null);let e=q.current.getBoundingClientRect(),t=Math.min(256,window.innerWidth-16);B({left:Math.max(8,Math.min(e.right-t,window.innerWidth-t-8))-e.left,width:t})},[D]);let[G,V]=(0,a.useState)(null);(0,a.useEffect)(()=>{let e=W.trim();if(e.length<2)return void L(null);let t=setTimeout(async()=>{try{let t=await fetch(""/midas/search?q="".concat(encodeURIComponent(e),""&mode="").concat(j,""&strategy=conservative""),{cache:""no-store""}),n=await t.json();L(Array.isArray(null==n?void 0:n.results)?n.results:[])}catch(e){L([])}},350);return()=>clearTimeout(t)},[W,j]),(0,a.useEffect)(()=>{var e;if(!G||!I)return;let t=(null!=(e=I.setups)?e:[]).find(e=>e.symbol===G.symbol&&e.day===G.day);t&&(N(t),V(null))},[G,I]);let H=W.trim().toLowerCase(),[K,U]=(0,a.useState)(!1),Y=(null!=(t=null==I?void 0:I.setups)?t:[]).filter(e=>""radar""===e.tier).length,X=e=>{var t,n,r;let a=(Array.isArray(e.state_history)?e.state_history:[]).find(e=>""TRIGGERED""===e.state),l=String(null!=(n=null!=(t=null==a?void 0:a.at)?t:e.time)?n:"""");return"""".concat(null!=(r=e.day)?r:"""","" "").concat(l.includes("" "")?l.split("" "").pop():l)},Q=(null!=(n=null==I?void 0:I.setups)?n:[]).filter(e=>{var t,n;return(0===T.size||T.has(e.state))&&(!!K||!!H||(null!=(t=e.tier)?t:""book"")!==""radar"")&&(!H||e.symbol.toLowerCase().includes(H)||(null!=(n=e.setup_class)?n:"""").toLowerCase().includ"
/midas/stats,/Volumes/EAGET/SKYLIT_RE/bundles_pass2/_next__static__chunks__1536-064f08115df39c50.js,328795,"==el?void 0:el.w20)!=null&&(0,r.jsxs)(""span"",{children:[""≥20%: "",(0,r.jsxs)(""b"",{style:{color:h.textSecondary},children:[Math.round(100*(null!=(m=null==el?void 0:el.w20)?m:0)/el.fires),""%""]})]}),null!=el.best_max&&(0,r.jsxs)(""span"",{children:[""best "",(0,r.jsxs)(""b"",{style:{color:""var(--mds-accent)""},children:[""+"",el.best_max,""%""]})]}),null!=el.avg_max&&(0,r.jsxs)(""span"",{children:[""avg max "",(0,r.jsxs)(""b"",{style:{color:h.textSecondary},children:[""+"",el.avg_max,""%""]})]})]})]}),(0,r.jsx)(rj,{src:""/midas/stats"",mode:""equity""===j?""equity"":""options"",accent:ac,ink:""var(--mds-ink)"",bull:""var(--mds-bull)"",bear:""var(--mds-bear)"",t:h}),(0,r.jsx)(ry,{src:""/midas/plcurve"",mode:""equity""===j?""equity"":""options"",accent:ac,ink:""var(--mds-ink)"",bull:""var(--mds-bull)"",bear:""var(--mds-bear)"",t:h}),(0,r.jsx)(""div"",{className:""mt-2.5"",children:ei(""Midas stream"",Z.length?""Lifecycle \xb7 Flowseeker whales"":z.length?""Boards \xb7 Breadth \xb7 Lifecycle"":void 0)}),(0,r.jsxs)(""div"",{className:""talon-noscroll flex min-h-0 flex-1 flex-col overflow-y-auto"",style:{overflowAnchor:""none"",scrollbarWidth:""none""},children:[Z.map((e,t)=>(0,r.jsxs)(""div"",{className:""flex gap-2.5 py-2"",style:{borderBottom:""1px solid rgba(var(--mds-ink),0.05)"",animation:""talonFin .45s ease""},children:[(0,r.jsx)(""span"",{className:""grid flex-none place-items-center overflow-hidden rounded-[7px]"",style:{width:27,height:27,background:""rgba(var(--mds-ink),0.04)"",border:""1px solid rgba(var(--mds-ink),0.05)""},children:(0,r.jsx)(""img"",{src:""/agent-logos"
/midas/plcurve,/Volumes/EAGET/SKYLIT_RE/bundles_pass2/_next__static__chunks__1536-064f08115df39c50.js,328948,"l?void 0:el.w20)?m:0)/el.fires),""%""]})]}),null!=el.best_max&&(0,r.jsxs)(""span"",{children:[""best "",(0,r.jsxs)(""b"",{style:{color:""var(--mds-accent)""},children:[""+"",el.best_max,""%""]})]}),null!=el.avg_max&&(0,r.jsxs)(""span"",{children:[""avg max "",(0,r.jsxs)(""b"",{style:{color:h.textSecondary},children:[""+"",el.avg_max,""%""]})]})]})]}),(0,r.jsx)(rj,{src:""/midas/stats"",mode:""equity""===j?""equity"":""options"",accent:ac,ink:""var(--mds-ink)"",bull:""var(--mds-bull)"",bear:""var(--mds-bear)"",t:h}),(0,r.jsx)(ry,{src:""/midas/plcurve"",mode:""equity""===j?""equity"":""options"",accent:ac,ink:""var(--mds-ink)"",bull:""var(--mds-bull)"",bear:""var(--mds-bear)"",t:h}),(0,r.jsx)(""div"",{className:""mt-2.5"",children:ei(""Midas stream"",Z.length?""Lifecycle \xb7 Flowseeker whales"":z.length?""Boards \xb7 Breadth \xb7 Lifecycle"":void 0)}),(0,r.jsxs)(""div"",{className:""talon-noscroll flex min-h-0 flex-1 flex-col overflow-y-auto"",style:{overflowAnchor:""none"",scrollbarWidth:""none""},children:[Z.map((e,t)=>(0,r.jsxs)(""div"",{className:""flex gap-2.5 py-2"",style:{borderBottom:""1px solid rgba(var(--mds-ink),0.05)"",animation:""talonFin .45s ease""},children:[(0,r.jsx)(""span"",{className:""grid flex-none place-items-center overflow-hidden rounded-[7px]"",style:{width:27,height:27,background:""rgba(var(--mds-ink),0.04)"",border:""1px solid rgba(var(--mds-ink),0.05)""},children:(0,r.jsx)(""img"",{src:""/agent-logos/flowseeker.png"",alt:"""",style:{width:21,height:21,objectFit:""contain""},onError:e=>{e.currentTarget.style.display=""none""}})}),(0,r.jsxs)(""div"",{className:""m"
/flow/dark,/Volumes/EAGET/SKYLIT_RE/bundles_pass2/_next__static__chunks__1536-064f08115df39c50.js,478644,"Z={home:""/"",stages:""/stages"",heatmaps:""/"",""skylit-charts"":""/atlas"",alerts:""/alerts"",trinity:""/trinity"",settings:""/settings"",""admin-portal"":""/admin-portal"",megaphone:""/megaphone"",""talon-kb"":""/agents/talon-kb"",""talon-usage"":""/agents/talon-usage"",""agent-terminal"":""/agents"",trade:""/agents/trade"",""trinity-sniper"":""/agents/trinity-sniper"",""deep-research"":""/agents/research"",tradelab:""/agents/tradelab"",plugins:""/plugins"",""creator-studio"":""/creator"",compass:""/flow/compass"",livefeed:""/flow/live"",darkfeed:""/flow/dark"",scanner:""/flow/scanner"",lookup:""/flow/lookup"",""company-events"":""/flow/events"",tracker:""/flow/tracker"",""flow-alerts"":""/flow/alerts"",""flowseeker-settings"":""/flow/settings"",leaderboard:""/nexus/leaderboard"",profile:""/nexus/profile"",trades:""/nexus/trades"",ideas:""/nexus/ideas"",newtrade:""/nexus/new-trade"",academy:""/academy"",""nexus-settings"":""/nexus/settings"",""copy-trading"":""/nexus/copy-trading"",""nexus-admin"":""/nexus/admin"",portal:""/portal"",developer:""/developer"",""admin-api-platform"":""/admin/api-platform"",...H?{""njord-catalog"":""/products""}:{}},ee={""/"":""heatmaps"",""/stages"":""stages"",""/atlas"":""skylit-charts"",""/charts"":""skylit-charts"",""/alerts"":""alerts"",""/trinity"":""trinity"",""/settings"":""settings"",""/admin-portal"":""admin-portal"",""/megaphone"":""megaphone"",""/agents/talon-kb"":""talon-kb"",""/agents/talon-usage"":""talon-usage"",""/agents/trade"":""trade"",""/agents/trinity-sniper"":""trinity-sniper"",""/agents/research"":""deep-research"",""/agents"":""agent-terminal"",""/agents/tradelab"":""tradelab"",""/plugins"":""plugins"",""/cr"
/flow/events,/Volumes/EAGET/SKYLIT_RE/bundles_pass2/_next__static__chunks__1536-064f08115df39c50.js,478720,"alerts"",trinity:""/trinity"",settings:""/settings"",""admin-portal"":""/admin-portal"",megaphone:""/megaphone"",""talon-kb"":""/agents/talon-kb"",""talon-usage"":""/agents/talon-usage"",""agent-terminal"":""/agents"",trade:""/agents/trade"",""trinity-sniper"":""/agents/trinity-sniper"",""deep-research"":""/agents/research"",tradelab:""/agents/tradelab"",plugins:""/plugins"",""creator-studio"":""/creator"",compass:""/flow/compass"",livefeed:""/flow/live"",darkfeed:""/flow/dark"",scanner:""/flow/scanner"",lookup:""/flow/lookup"",""company-events"":""/flow/events"",tracker:""/flow/tracker"",""flow-alerts"":""/flow/alerts"",""flowseeker-settings"":""/flow/settings"",leaderboard:""/nexus/leaderboard"",profile:""/nexus/profile"",trades:""/nexus/trades"",ideas:""/nexus/ideas"",newtrade:""/nexus/new-trade"",academy:""/academy"",""nexus-settings"":""/nexus/settings"",""copy-trading"":""/nexus/copy-trading"",""nexus-admin"":""/nexus/admin"",portal:""/portal"",developer:""/developer"",""admin-api-platform"":""/admin/api-platform"",...H?{""njord-catalog"":""/products""}:{}},ee={""/"":""heatmaps"",""/stages"":""stages"",""/atlas"":""skylit-charts"",""/charts"":""skylit-charts"",""/alerts"":""alerts"",""/trinity"":""trinity"",""/settings"":""settings"",""/admin-portal"":""admin-portal"",""/megaphone"":""megaphone"",""/agents/talon-kb"":""talon-kb"",""/agents/talon-usage"":""talon-usage"",""/agents/trade"":""trade"",""/agents/trinity-sniper"":""trinity-sniper"",""/agents/research"":""deep-research"",""/agents"":""agent-terminal"",""/agents/tradelab"":""tradelab"",""/plugins"":""plugins"",""/creator"":""creator-studio"",""/flow/compass"":""compass"",""/flow/live"":""livefeed"",""/fl"
/flow/alerts,/Volumes/EAGET/SKYLIT_RE/bundles_pass2/_next__static__chunks__1536-064f08115df39c50.js,478773,"n-portal"":""/admin-portal"",megaphone:""/megaphone"",""talon-kb"":""/agents/talon-kb"",""talon-usage"":""/agents/talon-usage"",""agent-terminal"":""/agents"",trade:""/agents/trade"",""trinity-sniper"":""/agents/trinity-sniper"",""deep-research"":""/agents/research"",tradelab:""/agents/tradelab"",plugins:""/plugins"",""creator-studio"":""/creator"",compass:""/flow/compass"",livefeed:""/flow/live"",darkfeed:""/flow/dark"",scanner:""/flow/scanner"",lookup:""/flow/lookup"",""company-events"":""/flow/events"",tracker:""/flow/tracker"",""flow-alerts"":""/flow/alerts"",""flowseeker-settings"":""/flow/settings"",leaderboard:""/nexus/leaderboard"",profile:""/nexus/profile"",trades:""/nexus/trades"",ideas:""/nexus/ideas"",newtrade:""/nexus/new-trade"",academy:""/academy"",""nexus-settings"":""/nexus/settings"",""copy-trading"":""/nexus/copy-trading"",""nexus-admin"":""/nexus/admin"",portal:""/portal"",developer:""/developer"",""admin-api-platform"":""/admin/api-platform"",...H?{""njord-catalog"":""/products""}:{}},ee={""/"":""heatmaps"",""/stages"":""stages"",""/atlas"":""skylit-charts"",""/charts"":""skylit-charts"",""/alerts"":""alerts"",""/trinity"":""trinity"",""/settings"":""settings"",""/admin-portal"":""admin-portal"",""/megaphone"":""megaphone"",""/agents/talon-kb"":""talon-kb"",""/agents/talon-usage"":""talon-usage"",""/agents/trade"":""trade"",""/agents/trinity-sniper"":""trinity-sniper"",""/agents/research"":""deep-research"",""/agents"":""agent-terminal"",""/agents/tradelab"":""tradelab"",""/plugins"":""plugins"",""/creator"":""creator-studio"",""/flow/compass"":""compass"",""/flow/live"":""livefeed"",""/flow/dark"":""darkfeed"",""/flow/scanner"":""scanner"",""/flow/"
/flow/settings,/Volumes/EAGET/SKYLIT_RE/bundles_pass2/_next__static__chunks__1536-064f08115df39c50.js,478810,"/megaphone"",""talon-kb"":""/agents/talon-kb"",""talon-usage"":""/agents/talon-usage"",""agent-terminal"":""/agents"",trade:""/agents/trade"",""trinity-sniper"":""/agents/trinity-sniper"",""deep-research"":""/agents/research"",tradelab:""/agents/tradelab"",plugins:""/plugins"",""creator-studio"":""/creator"",compass:""/flow/compass"",livefeed:""/flow/live"",darkfeed:""/flow/dark"",scanner:""/flow/scanner"",lookup:""/flow/lookup"",""company-events"":""/flow/events"",tracker:""/flow/tracker"",""flow-alerts"":""/flow/alerts"",""flowseeker-settings"":""/flow/settings"",leaderboard:""/nexus/leaderboard"",profile:""/nexus/profile"",trades:""/nexus/trades"",ideas:""/nexus/ideas"",newtrade:""/nexus/new-trade"",academy:""/academy"",""nexus-settings"":""/nexus/settings"",""copy-trading"":""/nexus/copy-trading"",""nexus-admin"":""/nexus/admin"",portal:""/portal"",developer:""/developer"",""admin-api-platform"":""/admin/api-platform"",...H?{""njord-catalog"":""/products""}:{}},ee={""/"":""heatmaps"",""/stages"":""stages"",""/atlas"":""skylit-charts"",""/charts"":""skylit-charts"",""/alerts"":""alerts"",""/trinity"":""trinity"",""/settings"":""settings"",""/admin-portal"":""admin-portal"",""/megaphone"":""megaphone"",""/agents/talon-kb"":""talon-kb"",""/agents/talon-usage"":""talon-usage"",""/agents/trade"":""trade"",""/agents/trinity-sniper"":""trinity-sniper"",""/agents/research"":""deep-research"",""/agents"":""agent-terminal"",""/agents/tradelab"":""tradelab"",""/plugins"":""plugins"",""/creator"":""creator-studio"",""/flow/compass"":""compass"",""/flow/live"":""livefeed"",""/flow/dark"":""darkfeed"",""/flow/scanner"":""scanner"",""/flow/lookup"":""lookup"",""/flow/events"":""compan"
/api/ohlcv/symbols,/Volumes/EAGET/SKYLIT_RE/bundles_pass2/_next__static__chunks__7883-6592990794d20510.js,2064,"get(t);return e&&Date.now()-e.time<6e5?e.data:null}(n,0);if(e)return e;let l=d.get(n);if(l)return l;let r=(async()=>{let e=await h("""".concat(a,""/contracts?root="").concat(encodeURIComponent(t.toUpperCase())));if(!e.ok)throw Error(""Contracts failed ["".concat(e.status,""]""));let l=await e.json();return f.set(n,{data:l,time:Date.now()}),l})().finally(()=>{d.delete(n)});return d.set(n,r),r}async function m(t){var n;let e=new URLSearchParams;t&&e.set(""kinds"",t);let l=e.toString(),r=await h("""".concat(a,""/api/ohlcv/symbols"").concat(l?""?"".concat(l):""""));if(!r.ok)throw Error(""Chart symbols failed ["".concat(r.status,""]""));return(null!=(n=(await r.json()).symbols)?n:[]).map(t=>{var n;return{...t,displayName:null!=(n=t.displayName)?n:""VIX""===t.name?""CVIX"":void 0}})}function p(t,n){if(n<=1)return t;let e=new Map,l=60*n;for(let o of t){let t=new Date(o.time+""Z"").getTime()/1e3,a=n>=1440?(0,r.bY)(t)+""T00:00:00"":new Date(Math.floor(t/l)*l*1e3).toISOString().slice(0,19),u=e.get(a);u?(u.high=Math.max(u.high,o.high),u.low=Math.min(u.low,o.low),u.close=o.close):e.set(a,{time:a,open:o.open,high:o.high,low:o.low,close:o.close})}return Array.from(e.values()).sort((t,n)=>t.time.localeCompare(n.time))}async function w(t,n,e){let r=arguments.length>3&&void 0!==arguments[3]&&arguments[3],u=arguments.length>4&&void 0!==arguments[4]?arguments[4]:""1"",i=""udf:"".concat(t,"":"").concat(Math.floor(n/86400),"":"").concat(Math.floor(e/86400),"":"").concat(r?""ext"":""reg"","":"").concat(u);if(d.has(i))return d.get(i);let c=(0,l.N)(),s=86400*Math."
/api/push/subscribe,/Volumes/EAGET/SKYLIT_RE/AUDIT_PUBLIC_2026-08-25/current_bundles/layout-f8c87dfd0b87bada.js,18754,"nager] Successfully subscribed to push""),r}catch(e){return console.error(""[Push Manager] Failed to subscribe:"",e),null}}async function F(e,t){try{let r=e.toJSON(),n=function(){{let e=window.location.host;if(!e.includes(""localhost""))return"""".concat(window.location.protocol,""//"").concat(e);let t=M.env.NEXT_PUBLIC_API_BASE_URL;if(t&&""http://localhost:8080""!==t)return t}return M.env.NEXT_PUBLIC_API_BASE_URL||""http://localhost:8080""}();console.log(""[Push Manager] Saving subscription to:"","""".concat(n,""/api/push/subscribe""));let a=await fetch("""".concat(n,""/api/push/subscribe""),{method:""POST"",headers:{""Content-Type"":""application/json"",...t?{Authorization:""Bearer "".concat(t)}:{}},body:JSON.stringify({subscription:r})});if(!a.ok){let e=await a.json();return console.error(""[Push Manager] Failed to save subscription:"",e),!1}let i=await a.json();return console.log(""[Push Manager] Subscription saved to backend:"",i),!0}catch(e){return console.error(""[Push Manager] Failed to save subscription:"",e),!1}}async function O(e,t){console.log(""[Push Manager] Enabling push notifications..."");let r=await U(e);return r?await F(r,t)?(console.log(""[Push Manager] Push notifications enabled successfully""),!0):(console.error(""[Push Manager] Failed to save subscription to backend""),!1):(console.error(""[Push Manager] Failed to subscribe to push""),!1)}function L(e){let{children:t}=e,{isSignedIn:r,getToken:i}=(0,j.d)(),{setAuthToken:o,fetchAlerts:s,fetchEvents:l}=(0,D.u)();return(0,a.useEffect)(()=>{r&&(async()=>{try{console.log(""["
/api/nexus/legal/terms-status,/Volumes/EAGET/SKYLIT_RE/AUDIT_PUBLIC_2026-08-25/current_bundles/layout-f8c87dfd0b87bada.js,32304,"ion.protocol,""//"").concat(window.location.host)).concat(e),{...r,headers:n});if(!i.ok){let e=""HTTP "".concat(i.status,"": "").concat(i.statusText);try{let t=await i.json();e=t.message||t.error||e}catch(e){}throw new eN(e,i.status)}return await i.json()}function eC(e){var t;let{children:r}=e,{isLoaded:o,isSignedIn:s}=(0,j.d)(),{data:l,isLoading:c,isError:d,error:u,refetch:m}=function(){let{getToken:e,isSignedIn:t,userId:r}=(0,j.d)();return(0,eT.I)({queryKey:[""legal"",""terms-status"",r],queryFn:()=>eA(""/api/nexus/legal/terms-status"",e),enabled:!!t,staleTime:6e4,retry:3,retryDelay:e=>Math.min(1e3*2**e,8e3)})}(),g=function(){let{getToken:e}=(0,j.d)(),t=(0,i.jE)();return(0,eE.n)({mutationFn:()=>(function(e){let t=window.sessionStorage.getItem(""skylit-session-id"")||crypto.randomUUID();return t&&window.sessionStorage.setItem(""skylit-session-id"",t),eA(""/api/nexus/legal/terms-acceptance"",e,{method:""POST"",body:JSON.stringify({accepted:!0,termsVersion:""tos_2026_03_25"",termsContentHash:""sha256:9a5cb589761687a96895e49d9e7ec8fce35220aafdfd6b725804f6a846ca4607"",sessionId:t,appEnvironment:""production""})})})(e),onSuccess:()=>{t.invalidateQueries({queryKey:[""legal"",""terms-status""]})}})}(),[f,h]=(0,a.useState)(!1);if(!o||c)return null;let p=d&&(!(u instanceof eN)||(null!=(t=u.status)?t:500)>=500);if(!s||(null==l?void 0:l.accepted)||p)return(0,n.jsx)(n.Fragment,{children:r});let y=d||(null==l?void 0:l.accepted)===!1;return(0,n.jsx)(e_.lG,{open:y,modal:!0,children:(0,n.jsxs)(e_.Cf,{showCloseButton:!1,className:""sm:max-w-xl border-b"
/api/nexus/legal/terms-acceptance,/Volumes/EAGET/SKYLIT_RE/AUDIT_PUBLIC_2026-08-25/current_bundles/layout-f8c87dfd0b87bada.js,32655,"r:d,error:u,refetch:m}=function(){let{getToken:e,isSignedIn:t,userId:r}=(0,j.d)();return(0,eT.I)({queryKey:[""legal"",""terms-status"",r],queryFn:()=>eA(""/api/nexus/legal/terms-status"",e),enabled:!!t,staleTime:6e4,retry:3,retryDelay:e=>Math.min(1e3*2**e,8e3)})}(),g=function(){let{getToken:e}=(0,j.d)(),t=(0,i.jE)();return(0,eE.n)({mutationFn:()=>(function(e){let t=window.sessionStorage.getItem(""skylit-session-id"")||crypto.randomUUID();return t&&window.sessionStorage.setItem(""skylit-session-id"",t),eA(""/api/nexus/legal/terms-acceptance"",e,{method:""POST"",body:JSON.stringify({accepted:!0,termsVersion:""tos_2026_03_25"",termsContentHash:""sha256:9a5cb589761687a96895e49d9e7ec8fce35220aafdfd6b725804f6a846ca4607"",sessionId:t,appEnvironment:""production""})})})(e),onSuccess:()=>{t.invalidateQueries({queryKey:[""legal"",""terms-status""]})}})}(),[f,h]=(0,a.useState)(!1);if(!o||c)return null;let p=d&&(!(u instanceof eN)||(null!=(t=u.status)?t:500)>=500);if(!s||(null==l?void 0:l.accepted)||p)return(0,n.jsx)(n.Fragment,{children:r});let y=d||(null==l?void 0:l.accepted)===!1;return(0,n.jsx)(e_.lG,{open:y,modal:!0,children:(0,n.jsxs)(e_.Cf,{showCloseButton:!1,className:""sm:max-w-xl border-border/80 bg-background/95 p-0 overflow-hidden"",onPointerDownOutside:e=>e.preventDefault(),onEscapeKeyDown:e=>e.preventDefault(),onInteractOutside:e=>e.preventDefault(),children:[(0,n.jsxs)(""div"",{className:""border-b border-border/70 bg-muted/30 px-6 py-5"",children:[(0,n.jsx)(""div"",{className:""mb-3 flex h-11 w-11 items-center justify-center rounded-2xl b"
/api/nexus/coach/insights,/Volumes/EAGET/SKYLIT_RE/AUDIT_PUBLIC_2026-08-25/current_bundles/9130-634f29a92d49fbd9.js,1781,"o.wj)()).concat(e),u=new Headers(n.headers);try{let e=await r();e&&u.set(""Authorization"",""Bearer "".concat(e))}catch(e){console.warn(""[Coach API] Failed to get Clerk token:"",e)}let i=(0,o.Oj)();i&&!u.has(""X-Guild-ID"")&&u.set(""X-Guild-ID"",i);let s=await fetch(t,{...n,headers:u});if(!s.ok){let e=""HTTP "".concat(s.status,"": "").concat(s.statusText);try{let r=await s.json();e=r.error||r.message||e}catch(e){}throw new o.er(e,s.status)}if(204!==s.status)return await s.json()}async function c(e){return l(""/api/nexus/coach/insights"",e)}async function y(e,r){return l(""/api/nexus/coach/insights/"".concat(encodeURIComponent(r),""/dismiss""),e,{method:""POST""})}async function m(e,r){return l(""/api/nexus/coach/insights/"".concat(encodeURIComponent(r),""/save""),e,{method:""POST""})}async function q(e,r){return l(""/api/nexus/coach/insights/"".concat(encodeURIComponent(r),""/academy-click""),e,{method:""POST""})}n(24646);let v={currentUser:()=>[""nexus"",""currentUser""],user:e=>[""nexus"",""user"",e],trades:e=>e?[""nexus"",""trades"",e]:[""nexus"",""trades""],trade:e=>[""nexus"",""trade"",e],tradePnlHistory:e=>[""nexus"",""trade"",e,""pnl-history""],leaderboard:e=>e?[""nexus"",""leaderboard"",e]:[""nexus"",""leaderboard""],feed:e=>e?[""nexus"",""feed"",e]:[""nexus"",""feed""],ideas:e=>e?[""nexus"",""ideas"",e]:[""nexus"",""ideas""],comments:(e,r)=>[""nexus"",""comments"",e,r],userStats:(e,r)=>r?[""nexus"",""userStats"",e,r]:[""nexus"",""userStats"",e],simulatedPortfolioCurrent:()=>[""nexus"",""simulatedPortfolio"",""current""],simulatedPortfolioLedger:e=>e?[""nexus"",""simulatedPortfolio"",""ledger"",e]:["
/api/nexus/coach/insights/,/Volumes/EAGET/SKYLIT_RE/AUDIT_PUBLIC_2026-08-25/current_bundles/9130-634f29a92d49fbd9.js,1843,");e&&u.set(""Authorization"",""Bearer "".concat(e))}catch(e){console.warn(""[Coach API] Failed to get Clerk token:"",e)}let i=(0,o.Oj)();i&&!u.has(""X-Guild-ID"")&&u.set(""X-Guild-ID"",i);let s=await fetch(t,{...n,headers:u});if(!s.ok){let e=""HTTP "".concat(s.status,"": "").concat(s.statusText);try{let r=await s.json();e=r.error||r.message||e}catch(e){}throw new o.er(e,s.status)}if(204!==s.status)return await s.json()}async function c(e){return l(""/api/nexus/coach/insights"",e)}async function y(e,r){return l(""/api/nexus/coach/insights/"".concat(encodeURIComponent(r),""/dismiss""),e,{method:""POST""})}async function m(e,r){return l(""/api/nexus/coach/insights/"".concat(encodeURIComponent(r),""/save""),e,{method:""POST""})}async function q(e,r){return l(""/api/nexus/coach/insights/"".concat(encodeURIComponent(r),""/academy-click""),e,{method:""POST""})}n(24646);let v={currentUser:()=>[""nexus"",""currentUser""],user:e=>[""nexus"",""user"",e],trades:e=>e?[""nexus"",""trades"",e]:[""nexus"",""trades""],trade:e=>[""nexus"",""trade"",e],tradePnlHistory:e=>[""nexus"",""trade"",e,""pnl-history""],leaderboard:e=>e?[""nexus"",""leaderboard"",e]:[""nexus"",""leaderboard""],feed:e=>e?[""nexus"",""feed"",e]:[""nexus"",""feed""],ideas:e=>e?[""nexus"",""ideas"",e]:[""nexus"",""ideas""],comments:(e,r)=>[""nexus"",""comments"",e,r],userStats:(e,r)=>r?[""nexus"",""userStats"",e,r]:[""nexus"",""userStats"",e],simulatedPortfolioCurrent:()=>[""nexus"",""simulatedPortfolio"",""current""],simulatedPortfolioLedger:e=>e?[""nexus"",""simulatedPortfolio"",""ledger"",e]:[""nexus"",""simulatedPortfolio"",""ledger""],routingRules:e=>e?[""nexu"
/api/nexus/sse/trades,/Volumes/EAGET/SKYLIT_RE/AUDIT_PUBLIC_2026-08-25/current_bundles/9130-634f29a92d49fbd9.js,4583,"""roles""],discordEmbedTemplates:e=>e?[""nexus"",""discord"",""embed-templates"",e]:[""nexus"",""discord"",""embed-templates""],discordDailyDigest:e=>e?[""nexus"",""discord"",""daily-digest"",e]:[""nexus"",""discord"",""daily-digest""]},f=null,K=0,Q=new Set,p=null;function g(e,r){e.setQueryData(v.trade(r.id),r),e.setQueriesData({queryKey:v.trades()},e=>e?{...e,trades:e.trades.map(e=>e.id===r.id?r:e)}:e)}async function x(e){return f||p?null!=p?p:Promise.resolve():p=(async()=>{let r=await e();if(!r||f)return;let n=new URL(""/api/nexus/sse/trades"",(0,o.wj)());n.searchParams.set(""token"",r);let t=new EventSource(n.toString());f=t,t.addEventListener(""pnl_update"",e=>{try{let r=JSON.parse(e.data);Q.forEach(e=>e(r))}catch(e){console.warn(""[nexus] failed to parse trade stream payload"",e)}}),t.onerror=()=>{null==f||f.close(),f=null,p=null}})().finally(()=>{p=null})}function F(e){var r,n;let{getToken:u,isSignedIn:i}=(0,s.d)(),d=(0,t.I)({queryKey:v.currentUser(),queryFn:()=>(0,o.rQ)(u),staleTime:3e4,gcTime:3e5,enabled:!!i&&(null==(n=null==e?void 0:e.enabled)||n)});return(0,a.useEffect)(()=>{var e;(null==(e=d.data)?void 0:e.primaryGuildId)&&(0,o.Kf)(d.data.primaryGuildId)},[null==(r=d.data)?void 0:r.primaryGuildId]),d}function h(e){let{getToken:r}=(0,s.d)();return(0,t.I)({queryKey:v.user(null!=e?e:""""),queryFn:()=>(0,o.im)(r,e),enabled:!!e,staleTime:3e4})}function E(e){let{getToken:r}=(0,s.d)(),n=null==e?void 0:e.trim();return(0,t.I)({queryKey:[""nexus"",""user-by-username"",null!=n?n:""""],queryFn:()=>(0,o.RK)(r,n),enabled:!!n,staleTime:3e4,ret"
/api/nexus/sse/options,/Volumes/EAGET/SKYLIT_RE/AUDIT_PUBLIC_2026-08-25/current_bundles/9130-634f29a92d49fbd9.js,9630,"us"",""options-chain"",null!=e?e:"""",null!=r?r:""""],queryFn:()=>(0,o.IB)(i,e,r),enabled:n&&!!e,staleTime:3e4,refetchInterval:u,placeholderData:e=>e})}function P(e,r){let n=!(arguments.length>2)||void 0===arguments[2]||arguments[2],{getToken:t}=(0,s.d)(),[u,i]=(0,a.useState)(void 0),[d,l]=(0,a.useState)(!1),c=(0,a.useRef)(null);return(0,a.useEffect)(()=>{if(!n||!e||!r)return void l(!1);let u=!1,s=e.trim().toUpperCase(),a=r.slice(0,10);return(async()=>{try{let e=await t();if(!e||u)return;let r=new URL(""/api/nexus/sse/options"",(0,o.wj)());r.searchParams.set(""ticker"",s),r.searchParams.set(""expiration"",a),r.searchParams.set(""token"",e);let n=new EventSource(r.toString());c.current=n;let d=e=>{try{let r=JSON.parse(e.data);u||(i(r),l(!0))}catch(e){console.warn(""[nexus] failed to parse options stream payload"",e)}};n.addEventListener(""initial_data"",d),n.addEventListener(""snapshot_update"",d),n.addEventListener(""connected"",()=>{u||l(!0)}),n.addEventListener(""stream_error"",()=>{u||l(!1)}),n.onerror=()=>{u||l(!1)}}catch(e){console.warn(""[nexus] failed to connect options stream"",e),u||l(!1)}})(),()=>{u=!0,c.current&&(c.current.close(),c.current=null),u||l(!1)}},[n,r,t,e]),{data:u,connected:d}}function k(e){let{getToken:r}=(0,s.d)(),n=e.trim().toUpperCase();return(0,t.I)({queryKey:[""nexus"",""search"",""tickers"",n],queryFn:()=>(0,o.Os)(r,n),enabled:n.length>0,staleTime:3e5,placeholderData:e=>e})}function U(e){let{getToken:r}=(0,s.d)(),n=e.trim();return(0,t.I)({queryKey:[""nexus"",""username-available"",n],queryFn:()=>(0,o.Y0)(r"
/api/stream?symbol=,/Volumes/EAGET/SKYLIT_RE/AUDIT_PUBLIC_2026-08-25/current_bundles/2501-547c53e2053a1b35.js,3751,",F=(0,t.useCallback)(async()=>{if(!a||!n)return;P();let e=new AbortController;C.current=e;let t=()=>{var e;return null!=(e=b.current)?e:i.l.heatmap.data(a,""netGamma"",m)};try{let n,r=await (0,o.ML)(w,e.signal);if(e.signal.aborted)return;if(r)n=""ticket="".concat(encodeURIComponent(r));else{let a=await w();if(e.signal.aborted)return;if(!a)return void y(e=>({...e,connected:!1,error:""Authentication required""}));n=""token="".concat(a)}let l=null!=f?f:500,i=m||50,d=""both""!==p?""&data_type="".concat(p):"""",h=""/api/stream?symbol="".concat(encodeURIComponent((0,s.ee)(a)),""&"").concat(n,""&max_strikes="").concat(l,""&max_expirations="").concat(i).concat(d);console.log(""[SSE] Connecting to:"",h);let v=new EventSource(h);S.current=v;let C=()=>{y({connected:!0,error:null,reconnectAttempts:0})},b=e=>{};if(k.current.onOpen=C,k.current.onConnected=b,v.onopen=C,v.addEventListener(""connected"",b),g){let e=e=>{let a=JSON.parse(e.data);if(a.data){let{gammaData:e}=D(a.data);T.setQueryData(t(),e)}else T.invalidateQueries({queryKey:t(),exact:!0})};k.current.onInitialData=e,v.addEventListener(""initial_data"",e);let n={},r=e=>{let r=JSON.parse(e.data);if(_.current=new Date,r.data){let e=r.data.timestamp;if(e&&n[a]===e)return;n[a]=e;let{gammaData:l}=D(r.data);T.setQueryData(t(),l)}else T.invalidateQueries({queryKey:t(),exact:!0});x.current&&x.current()};k.current.onSnapshotUpdate=r,v.addEventListener(""snapshot_update"",r);let l=e=>{let a,n,r=JSON.parse(e.data).price,l=T.getQueryData(t());(null==l?void 0:l.currentSpot)!==r&&((null==l?void "
/flow/live?,/Volumes/EAGET/SKYLIT_RE/AUDIT_PUBLIC_2026-08-25/current_bundles/9832-3e591358ebdb25b9.js,166700,"):r})(i,(e=>{let t=window.location.origin,l=new URLSearchParams;l.set(""tickers"",e.ticker.toUpperCase()),l.set(""type"",""C""===e.right?""call"":""put""),l.set(""strike_min"",String(e.strike)),l.set(""strike_max"",String(e.strike));let r=(e=>{if(/^\d{4}-\d{2}-\d{2}$/.test(e))return e;let t=e.split(""/"");if(3!==t.length)return e;let[l,r,n]=t,i=2===n.length?""20"".concat(n):n;return"""".concat(i,""-"").concat(l.padStart(2,""0""),""-"").concat(r.padStart(2,""0""))})(e.expiration);return r&&l.set(""expiration"",r),"""".concat(t,""/flow/live?"").concat(l.toString())})({ticker:ei,strike:es,right:ea,expiration:eo})):i;await (0,y.Nh)(e,l,{ticker:ei,strike:es,right:ea,expiration:eo,premium:eg,sentiment:ef},s,lY),G.oR.success(""Shared to "".concat(t))}catch(e){G.oR.error(e instanceof Error?e.message:""Failed to share chart"")}finally{l1(!1)}}},[np,ei,es,ea,eo,eg,ef,lY,l0,l5,l6,l3,na,lX,l7]);if(!t)return null;let nh=ev?""w-full max-h-[calc(100vh-120px)] flex flex-col rounded-xl overflow-y-auto scrollbar-hide"":eN?""w-full h-full flex flex-col overflow-y-auto overscroll-contain"":""w-[95%] max-w-[1600px] max-h-[calc(var(--visual-vh,100vh)*0.9)] flex flex-col rounded-xl overflow-y-auto scrollbar-hide"",ng=ev?{border:""1px solid "".concat(ez),borderRadius:""12px"",boxShadow:e_?""0 4px 16px rgba(0,0,0,0.3)"":""0 4px 16px rgba(0,0,0,0.08)""}:eN?{border:""none"",borderRadius:""0"",boxShadow:""none""}:{border:""1px solid "".concat(ez),borderRadius:""12px"",boxShadow:eW},nf=(0,r.jsxs)(""div"",{ref:rn,className:nh,style:{backgroundColor:eT,backdropFilter:""blur(24px) sa"
/flow/settings?tab=discord,/Volumes/EAGET/SKYLIT_RE/AUDIT_PUBLIC_2026-08-25/current_bundles/9832-3e591358ebdb25b9.js,176552,"0.1)"":""rgba(0,0,0,0.1)""),boxShadow:e_?""0 8px 32px rgba(0,0,0,0.5)"":""0 8px 32px rgba(0,0,0,0.15)"",backdropFilter:""blur(12px)""},onClick:e=>e.stopPropagation(),children:0===lX.length?(0,r.jsxs)(""div"",{className:""px-3 py-3 text-center"",children:[(0,r.jsx)(T.A,{size:20,style:{margin:""0 auto 8px"",color:eC.textMuted,opacity:.5}}),(0,r.jsx)(""p"",{style:{fontSize:""11px"",fontFamily:""'Inter', sans-serif"",color:eC.textMuted,margin:""0 0 8px 0""},children:""No Discord channels configured""}),(0,r.jsxs)(""a"",{href:""/flow/settings?tab=discord"",target:""_blank"",rel:""noopener noreferrer"",className:""inline-flex items-center gap-1 text-xs transition-colors"",style:{color:e_?""#818cf8"":""#6366f1"",fontFamily:""'Inter', sans-serif""},children:[(0,r.jsx)(z.A,{size:12}),""Set up in Settings""]})]}):(0,r.jsxs)(r.Fragment,{children:[(0,r.jsxs)(""div"",{className:""px-3 py-2"",style:{borderBottom:""1px solid "".concat(e_?""rgba(255,255,255,0.06)"":""rgba(0,0,0,0.06)"")},children:[(0,r.jsxs)(""div"",{className:""flex items-center justify-between"",children:[(0,r.jsx)(""p"",{style:{fontSize:""10px"",fontFamily:""'Inter', sans-serif"",color:eC.textMuted,textTransform:""uppercase"",letterSpacing:""0.05em"",margin:0},children:""Share to Discord""}),(0,r.jsx)(""div"",{className:""flex items-center rounded"",style:{border:""1px solid "".concat(e_?""rgba(255,255,255,0.1)"":""rgba(0,0,0,0.1)""),overflow:""hidden""},children:[""auto"",""manual""].map(e=>(0,r.jsx)(""button"",{onClick:()=>nu(e),style:{padding:""2px 8px"",fontSize:""9px"",fontFamily:""'Inter', sans-serif"",fontWeight:500,textTransform:""up"
/api/velocity/history?,/Volumes/EAGET/SKYLIT_RE/AUDIT_PUBLIC_2026-08-25/current_bundles/1576-b802384d65dd427f.js,11077,"51531);function i(e,t,l,i,a){let s=(0,n.Z)(),{existingHistory:o,enabled:u=!0,replayMode:d=!1,replayTimestamp:c}=null!=a?a:{},h=!d&&o&&o.length>0,m=d&&null!=c;return(0,r.I)({queryKey:[""velocity-history"",e,t,l,i,d?""replay"":""live"",d?null==c?void 0:c.toISOString():null],queryFn:async()=>{var r;let n=(r=i,/^\d{8}$/.test(r)?r:/^\d{4}-\d{2}-\d{2}$/.test(r)?r.replace(/-/g,""""):r),a=new URLSearchParams({symbol:e,dataType:t,strike:l.toString(),exp:n});d&&c&&a.set(""timestamp"",c.toISOString());let o=await s(""/api/velocity/history?"".concat(a));return{history:o.history,timestamps:o.timestamps,delta1Min:o.delta1Min,delta5Min:o.delta5Min,delta10Min:o.delta10Min,delta15Min:o.delta15Min,delta1Hour:o.delta1Hour,delta4Hour:o.delta4Hour,delta1Day:o.delta1Day,percent1Min:o.percent1Min,percent5Min:o.percent5Min,percent10Min:o.percent10Min,percent15Min:o.percent15Min,percent1Hour:o.percent1Hour,percent4Hour:o.percent4Hour,percent1Day:o.percent1Day}},enabled:u&&!!e&&!!l&&!!i&&!h&&(!d||m),initialData:h?{history:o,timestamps:[],delta1Min:0,delta5Min:0,delta10Min:0,delta15Min:0,delta1Hour:0,delta4Hour:0,delta1Day:0,percent1Min:0,percent5Min:0,percent10Min:0,percent15Min:0,percent1Hour:0,percent4Hour:0,percent1Day:0}:void 0,staleTime:d?3e5:6e4,gcTime:d?3e5:12e4,retry:1,refetchOnWindowFocus:!1})}function a(e){return""netGamma""===e?""gamma"":""vanna""}},64300:(e,t,l)=>{l.d(t,{j:()=>a});var r=l(12115),n=l(47471),i=l(17055);function a(){let{getToken:e}=(0,n.d)(),t=(0,i.u)(e=>e.setAuthToken),l=(0,i.u)(e=>e.createAlert),a=(0,i.u)(e=>e.upda"
/api/ohlcv/symbols,/Volumes/EAGET/SKYLIT_RE/AUDIT_PUBLIC_2026-08-25/current_bundles/7026-d5f1da6b0d5e5c29.js,4851,"get(e);return n&&Date.now()-n.time<6e5?n.data:null}(t,0);if(n)return n;let a=f.get(t);if(a)return a;let l=(async()=>{let n=await d("""".concat(o,""/contracts?root="").concat(encodeURIComponent(e.toUpperCase())));if(!n.ok)throw Error(""Contracts failed ["".concat(n.status,""]""));let a=await n.json();return m.set(t,{data:a,time:Date.now()}),a})().finally(()=>{f.delete(t)});return f.set(t,l),l}async function v(e){var t;let n=new URLSearchParams;e&&n.set(""kinds"",e);let a=n.toString(),l=await d("""".concat(o,""/api/ohlcv/symbols"").concat(a?""?"".concat(a):""""));if(!l.ok)throw Error(""Chart symbols failed ["".concat(l.status,""]""));return(null!=(t=(await l.json()).symbols)?t:[]).map(e=>{var t;return{...e,displayName:null!=(t=e.displayName)?t:""VIX""===e.name?""CVIX"":void 0}})}function y(e,t){if(t<=1)return e;let n=new Map,a=60*t;for(let r of e){let e=new Date(r.time+""Z"").getTime()/1e3,o=t>=1440?(0,l.bY)(e)+""T00:00:00"":new Date(Math.floor(e/a)*a*1e3).toISOString().slice(0,19),i=n.get(o);i?(i.high=Math.max(i.high,r.high),i.low=Math.min(i.low,r.low),i.close=r.close):n.set(o,{time:o,open:r.open,high:r.high,low:r.low,close:r.close})}return Array.from(n.values()).sort((e,t)=>e.time.localeCompare(t.time))}async function p(e,t,n){let l=arguments.length>3&&void 0!==arguments[3]&&arguments[3],i=arguments.length>4&&void 0!==arguments[4]?arguments[4]:""1"",u=""udf:"".concat(e,"":"").concat(Math.floor(t/86400),"":"").concat(Math.floor(n/86400),"":"").concat(l?""ext"":""reg"","":"").concat(i);if(f.has(u))return f.get(u);let s=(0,a.N)(),c=86400*Math."
/api/nexus/users/me,/Volumes/EAGET/SKYLIT_RE/AUDIT_PUBLIC_2026-08-25/current_bundles/4338-2835906ea9e42f40.js,17809,"GuildHeader||!c||r.has(""X-Guild-ID"")||r.set(""X-Guild-ID"",c);try{let e=await fetch(a,{...n,headers:r});if(!e.ok){let t=""HTTP "".concat(e.status,"": "").concat(e.statusText);try{let n=await e.json();t=n.message||n.error||t}catch(e){}throw new s(t,e.status)}if(204===e.status)return;return await e.json()}catch(e){if(e instanceof s||e instanceof DOMException&&""AbortError""===e.name)throw e;throw new s(""Network error: "".concat(e instanceof Error?e.message:""Unknown error""),0)}}async function d(e){return c(""/api/nexus/users/me"",e)}async function u(e){let t=arguments.length>1&&void 0!==arguments[1]?arguments[1]:{},n=new URLSearchParams;t.agentSlug&&n.set(""agent"",t.agentSlug),t.ticker&&n.set(""ticker"",t.ticker),t.direction&&n.set(""direction"",t.direction),t.status&&n.set(""status"",t.status),void 0!==t.limit&&n.set(""limit"",String(t.limit)),void 0!==t.offset&&n.set(""offset"",String(t.offset));let a=n.toString();return c(""/api/nexus/agent-setups"".concat(a?""?"".concat(a):""""),e,{skipGuildHeader:!0})}async function l(e,t){let n=arguments.length>2&&void 0!==arguments[2]?arguments[2]:{};return c(""/api/nexus/agent-scans/"".concat(encodeURIComponent(t),""/run""),e,{method:""POST"",headers:{""Content-Type"":""application/json""},body:JSON.stringify(n),skipGuildHeader:!0})}async function p(e,t){return c(""/api/nexus/users/me"",e,{method:""PUT"",headers:{""Content-Type"":""application/json""},body:JSON.stringify(t)})}async function m(e,t){return c(""/api/nexus/users/"".concat(encodeURIComponent(t)),e)}async function y(e,t){return c(""/api/nexus/us"
/api/nexus/agent-setups,/Volumes/EAGET/SKYLIT_RE/AUDIT_PUBLIC_2026-08-25/current_bundles/4338-2835906ea9e42f40.js,18223,"concat(e instanceof Error?e.message:""Unknown error""),0)}}async function d(e){return c(""/api/nexus/users/me"",e)}async function u(e){let t=arguments.length>1&&void 0!==arguments[1]?arguments[1]:{},n=new URLSearchParams;t.agentSlug&&n.set(""agent"",t.agentSlug),t.ticker&&n.set(""ticker"",t.ticker),t.direction&&n.set(""direction"",t.direction),t.status&&n.set(""status"",t.status),void 0!==t.limit&&n.set(""limit"",String(t.limit)),void 0!==t.offset&&n.set(""offset"",String(t.offset));let a=n.toString();return c(""/api/nexus/agent-setups"".concat(a?""?"".concat(a):""""),e,{skipGuildHeader:!0})}async function l(e,t){let n=arguments.length>2&&void 0!==arguments[2]?arguments[2]:{};return c(""/api/nexus/agent-scans/"".concat(encodeURIComponent(t),""/run""),e,{method:""POST"",headers:{""Content-Type"":""application/json""},body:JSON.stringify(n),skipGuildHeader:!0})}async function p(e,t){return c(""/api/nexus/users/me"",e,{method:""PUT"",headers:{""Content-Type"":""application/json""},body:JSON.stringify(t)})}async function m(e,t){return c(""/api/nexus/users/"".concat(encodeURIComponent(t)),e)}async function y(e,t){return c(""/api/nexus/users/by-username/"".concat(encodeURIComponent(t)),e)}async function f(e,t){let n=new URLSearchParams;(null==t?void 0:t.ticker)&&n.append(""ticker"",t.ticker),(null==t?void 0:t.status)&&n.append(""status"",t.status),(null==t?void 0:t.userId)&&n.append(""userId"",t.userId),(null==t?void 0:t.limit)!==void 0&&n.append(""limit"",t.limit.toString()),(null==t?void 0:t.offset)!==void 0&&n.append(""offset"",t.offset.toString());let a=n"
/api/nexus/agent-scans/,/Volumes/EAGET/SKYLIT_RE/AUDIT_PUBLIC_2026-08-25/current_bundles/4338-2835906ea9e42f40.js,18395,"nts[1]?arguments[1]:{},n=new URLSearchParams;t.agentSlug&&n.set(""agent"",t.agentSlug),t.ticker&&n.set(""ticker"",t.ticker),t.direction&&n.set(""direction"",t.direction),t.status&&n.set(""status"",t.status),void 0!==t.limit&&n.set(""limit"",String(t.limit)),void 0!==t.offset&&n.set(""offset"",String(t.offset));let a=n.toString();return c(""/api/nexus/agent-setups"".concat(a?""?"".concat(a):""""),e,{skipGuildHeader:!0})}async function l(e,t){let n=arguments.length>2&&void 0!==arguments[2]?arguments[2]:{};return c(""/api/nexus/agent-scans/"".concat(encodeURIComponent(t),""/run""),e,{method:""POST"",headers:{""Content-Type"":""application/json""},body:JSON.stringify(n),skipGuildHeader:!0})}async function p(e,t){return c(""/api/nexus/users/me"",e,{method:""PUT"",headers:{""Content-Type"":""application/json""},body:JSON.stringify(t)})}async function m(e,t){return c(""/api/nexus/users/"".concat(encodeURIComponent(t)),e)}async function y(e,t){return c(""/api/nexus/users/by-username/"".concat(encodeURIComponent(t)),e)}async function f(e,t){let n=new URLSearchParams;(null==t?void 0:t.ticker)&&n.append(""ticker"",t.ticker),(null==t?void 0:t.status)&&n.append(""status"",t.status),(null==t?void 0:t.userId)&&n.append(""userId"",t.userId),(null==t?void 0:t.limit)!==void 0&&n.append(""limit"",t.limit.toString()),(null==t?void 0:t.offset)!==void 0&&n.append(""offset"",t.offset.toString());let a=n.toString();return c(""/api/nexus/trades"".concat(a?""?"".concat(a):""""),e)}async function g(e,t,n){let a=arguments.length>3&&void 0!==arguments[3]&&arguments[3],i=new URLSearch"
/api/nexus/users/,/Volumes/EAGET/SKYLIT_RE/AUDIT_PUBLIC_2026-08-25/current_bundles/4338-2835906ea9e42f40.js,18732,"us/agent-setups"".concat(a?""?"".concat(a):""""),e,{skipGuildHeader:!0})}async function l(e,t){let n=arguments.length>2&&void 0!==arguments[2]?arguments[2]:{};return c(""/api/nexus/agent-scans/"".concat(encodeURIComponent(t),""/run""),e,{method:""POST"",headers:{""Content-Type"":""application/json""},body:JSON.stringify(n),skipGuildHeader:!0})}async function p(e,t){return c(""/api/nexus/users/me"",e,{method:""PUT"",headers:{""Content-Type"":""application/json""},body:JSON.stringify(t)})}async function m(e,t){return c(""/api/nexus/users/"".concat(encodeURIComponent(t)),e)}async function y(e,t){return c(""/api/nexus/users/by-username/"".concat(encodeURIComponent(t)),e)}async function f(e,t){let n=new URLSearchParams;(null==t?void 0:t.ticker)&&n.append(""ticker"",t.ticker),(null==t?void 0:t.status)&&n.append(""status"",t.status),(null==t?void 0:t.userId)&&n.append(""userId"",t.userId),(null==t?void 0:t.limit)!==void 0&&n.append(""limit"",t.limit.toString()),(null==t?void 0:t.offset)!==void 0&&n.append(""offset"",t.offset.toString());let a=n.toString();return c(""/api/nexus/trades"".concat(a?""?"".concat(a):""""),e)}async function g(e,t,n){let a=arguments.length>3&&void 0!==arguments[3]&&arguments[3],i=new URLSearchParams;return i.set(""ticker"",t),i.set(""scope"",n),a&&i.set(""includeClosed"",""true""),c(""/api/nexus/chart/positions?"".concat(i.toString()),e)}async function h(e,t){return c(""/api/nexus/trades/"".concat(encodeURIComponent(t)),e)}async function T(e,t,n){let a=new URLSearchParams;(null==n?void 0:n.limit)!==void 0&&a.append(""limit"",n.limi"
/api/nexus/users/by-username/,/Volumes/EAGET/SKYLIT_RE/AUDIT_PUBLIC_2026-08-25/current_bundles/4338-2835906ea9e42f40.js,18816,"(e,t){let n=arguments.length>2&&void 0!==arguments[2]?arguments[2]:{};return c(""/api/nexus/agent-scans/"".concat(encodeURIComponent(t),""/run""),e,{method:""POST"",headers:{""Content-Type"":""application/json""},body:JSON.stringify(n),skipGuildHeader:!0})}async function p(e,t){return c(""/api/nexus/users/me"",e,{method:""PUT"",headers:{""Content-Type"":""application/json""},body:JSON.stringify(t)})}async function m(e,t){return c(""/api/nexus/users/"".concat(encodeURIComponent(t)),e)}async function y(e,t){return c(""/api/nexus/users/by-username/"".concat(encodeURIComponent(t)),e)}async function f(e,t){let n=new URLSearchParams;(null==t?void 0:t.ticker)&&n.append(""ticker"",t.ticker),(null==t?void 0:t.status)&&n.append(""status"",t.status),(null==t?void 0:t.userId)&&n.append(""userId"",t.userId),(null==t?void 0:t.limit)!==void 0&&n.append(""limit"",t.limit.toString()),(null==t?void 0:t.offset)!==void 0&&n.append(""offset"",t.offset.toString());let a=n.toString();return c(""/api/nexus/trades"".concat(a?""?"".concat(a):""""),e)}async function g(e,t,n){let a=arguments.length>3&&void 0!==arguments[3]&&arguments[3],i=new URLSearchParams;return i.set(""ticker"",t),i.set(""scope"",n),a&&i.set(""includeClosed"",""true""),c(""/api/nexus/chart/positions?"".concat(i.toString()),e)}async function h(e,t){return c(""/api/nexus/trades/"".concat(encodeURIComponent(t)),e)}async function T(e,t,n){let a=new URLSearchParams;(null==n?void 0:n.limit)!==void 0&&a.append(""limit"",n.limit.toString());let i=a.toString();try{return await c(""/api/nexus/trades/"".concat(encodeURICompone"
/api/nexus/trades,/Volumes/EAGET/SKYLIT_RE/AUDIT_PUBLIC_2026-08-25/current_bundles/4338-2835906ea9e42f40.js,19269,"omponent(t)),e)}async function y(e,t){return c(""/api/nexus/users/by-username/"".concat(encodeURIComponent(t)),e)}async function f(e,t){let n=new URLSearchParams;(null==t?void 0:t.ticker)&&n.append(""ticker"",t.ticker),(null==t?void 0:t.status)&&n.append(""status"",t.status),(null==t?void 0:t.userId)&&n.append(""userId"",t.userId),(null==t?void 0:t.limit)!==void 0&&n.append(""limit"",t.limit.toString()),(null==t?void 0:t.offset)!==void 0&&n.append(""offset"",t.offset.toString());let a=n.toString();return c(""/api/nexus/trades"".concat(a?""?"".concat(a):""""),e)}async function g(e,t,n){let a=arguments.length>3&&void 0!==arguments[3]&&arguments[3],i=new URLSearchParams;return i.set(""ticker"",t),i.set(""scope"",n),a&&i.set(""includeClosed"",""true""),c(""/api/nexus/chart/positions?"".concat(i.toString()),e)}async function h(e,t){return c(""/api/nexus/trades/"".concat(encodeURIComponent(t)),e)}async function T(e,t,n){let a=new URLSearchParams;(null==n?void 0:n.limit)!==void 0&&a.append(""limit"",n.limit.toString());let i=a.toString();try{return await c(""/api/nexus/trades/"".concat(encodeURIComponent(t),""/pnl-history"").concat(i?""?"".concat(i):""""),e)}catch(e){if(e instanceof s&&404===e.status)return[];throw e}}async function C(e,t){let{guildId:n,...a}=t;return c(""/api/nexus/trades"",e,{method:""POST"",headers:{""Content-Type"":""application/json"",...n?{""X-Guild-ID"":n}:{}},body:JSON.stringify(a)})}async function S(e,t,n){return c(""/api/nexus/trades/"".concat(encodeURIComponent(t),""/entries""),e,{method:""POST"",headers:{""Content-Type"":""applica"
/api/nexus/chart/positions?,/Volumes/EAGET/SKYLIT_RE/AUDIT_PUBLIC_2026-08-25/current_bundles/4338-2835906ea9e42f40.js,19504,"atus)&&n.append(""status"",t.status),(null==t?void 0:t.userId)&&n.append(""userId"",t.userId),(null==t?void 0:t.limit)!==void 0&&n.append(""limit"",t.limit.toString()),(null==t?void 0:t.offset)!==void 0&&n.append(""offset"",t.offset.toString());let a=n.toString();return c(""/api/nexus/trades"".concat(a?""?"".concat(a):""""),e)}async function g(e,t,n){let a=arguments.length>3&&void 0!==arguments[3]&&arguments[3],i=new URLSearchParams;return i.set(""ticker"",t),i.set(""scope"",n),a&&i.set(""includeClosed"",""true""),c(""/api/nexus/chart/positions?"".concat(i.toString()),e)}async function h(e,t){return c(""/api/nexus/trades/"".concat(encodeURIComponent(t)),e)}async function T(e,t,n){let a=new URLSearchParams;(null==n?void 0:n.limit)!==void 0&&a.append(""limit"",n.limit.toString());let i=a.toString();try{return await c(""/api/nexus/trades/"".concat(encodeURIComponent(t),""/pnl-history"").concat(i?""?"".concat(i):""""),e)}catch(e){if(e instanceof s&&404===e.status)return[];throw e}}async function C(e,t){let{guildId:n,...a}=t;return c(""/api/nexus/trades"",e,{method:""POST"",headers:{""Content-Type"":""application/json"",...n?{""X-Guild-ID"":n}:{}},body:JSON.stringify(a)})}async function S(e,t,n){return c(""/api/nexus/trades/"".concat(encodeURIComponent(t),""/entries""),e,{method:""POST"",headers:{""Content-Type"":""application/json""},body:JSON.stringify(n)})}async function x(e,t,n){return c(""/api/nexus/trades/"".concat(encodeURIComponent(t),""/exits""),e,{method:""POST"",headers:{""Content-Type"":""application/json""},body:JSON.stringify(n)})}async function k(e,t,n,a){ret"
/api/nexus/trades/,/Volumes/EAGET/SKYLIT_RE/AUDIT_PUBLIC_2026-08-25/current_bundles/4338-2835906ea9e42f40.js,19589,"rId),(null==t?void 0:t.limit)!==void 0&&n.append(""limit"",t.limit.toString()),(null==t?void 0:t.offset)!==void 0&&n.append(""offset"",t.offset.toString());let a=n.toString();return c(""/api/nexus/trades"".concat(a?""?"".concat(a):""""),e)}async function g(e,t,n){let a=arguments.length>3&&void 0!==arguments[3]&&arguments[3],i=new URLSearchParams;return i.set(""ticker"",t),i.set(""scope"",n),a&&i.set(""includeClosed"",""true""),c(""/api/nexus/chart/positions?"".concat(i.toString()),e)}async function h(e,t){return c(""/api/nexus/trades/"".concat(encodeURIComponent(t)),e)}async function T(e,t,n){let a=new URLSearchParams;(null==n?void 0:n.limit)!==void 0&&a.append(""limit"",n.limit.toString());let i=a.toString();try{return await c(""/api/nexus/trades/"".concat(encodeURIComponent(t),""/pnl-history"").concat(i?""?"".concat(i):""""),e)}catch(e){if(e instanceof s&&404===e.status)return[];throw e}}async function C(e,t){let{guildId:n,...a}=t;return c(""/api/nexus/trades"",e,{method:""POST"",headers:{""Content-Type"":""application/json"",...n?{""X-Guild-ID"":n}:{}},body:JSON.stringify(a)})}async function S(e,t,n){return c(""/api/nexus/trades/"".concat(encodeURIComponent(t),""/entries""),e,{method:""POST"",headers:{""Content-Type"":""application/json""},body:JSON.stringify(n)})}async function x(e,t,n){return c(""/api/nexus/trades/"".concat(encodeURIComponent(t),""/exits""),e,{method:""POST"",headers:{""Content-Type"":""application/json""},body:JSON.stringify(n)})}async function k(e,t,n,a){return c(""/api/nexus/"".concat(encodeURIComponent(t),""/"").concat(encodeURICompon"
/api/nexus/,/Volumes/EAGET/SKYLIT_RE/AUDIT_PUBLIC_2026-08-25/current_bundles/4338-2835906ea9e42f40.js,20539,"hod:""POST"",headers:{""Content-Type"":""application/json"",...n?{""X-Guild-ID"":n}:{}},body:JSON.stringify(a)})}async function S(e,t,n){return c(""/api/nexus/trades/"".concat(encodeURIComponent(t),""/entries""),e,{method:""POST"",headers:{""Content-Type"":""application/json""},body:JSON.stringify(n)})}async function x(e,t,n){return c(""/api/nexus/trades/"".concat(encodeURIComponent(t),""/exits""),e,{method:""POST"",headers:{""Content-Type"":""application/json""},body:JSON.stringify(n)})}async function k(e,t,n,a){return c(""/api/nexus/"".concat(encodeURIComponent(t),""/"").concat(encodeURIComponent(n),""/reactions""),e,{method:""POST"",headers:{""Content-Type"":""application/json""},body:JSON.stringify({reaction:a})})}async function v(e,t,n){return c(""/api/nexus/"".concat(encodeURIComponent(t),""/"").concat(encodeURIComponent(n),""/bookmark""),e,{method:""POST"",headers:{""Content-Type"":""application/json""},body:JSON.stringify({})})}async function I(e,t){return c(""/api/nexus/users/"".concat(encodeURIComponent(t),""/follow""),e,{method:""POST""})}async function P(e,t){return c(""/api/nexus/users/"".concat(encodeURIComponent(t),""/follow""),e,{method:""DELETE""})}async function w(e){var t;return null!=(t=(await c(""/api/nexus/users/me/following"",e)).following)?t:[]}async function R(e,t,n){return(await c(""/api/nexus/"".concat(encodeURIComponent(t),""/"").concat(encodeURIComponent(n),""/comments""),e)).comments}async function A(e,t,n,a,i){return c(""/api/nexus/"".concat(encodeURIComponent(t),""/"").concat(encodeURIComponent(n),""/comments""),e,{method:""POST"",head"
/api/nexus/users/me/following,/Volumes/EAGET/SKYLIT_RE/AUDIT_PUBLIC_2026-08-25/current_bundles/4338-2835906ea9e42f40.js,21210,"({reaction:a})})}async function v(e,t,n){return c(""/api/nexus/"".concat(encodeURIComponent(t),""/"").concat(encodeURIComponent(n),""/bookmark""),e,{method:""POST"",headers:{""Content-Type"":""application/json""},body:JSON.stringify({})})}async function I(e,t){return c(""/api/nexus/users/"".concat(encodeURIComponent(t),""/follow""),e,{method:""POST""})}async function P(e,t){return c(""/api/nexus/users/"".concat(encodeURIComponent(t),""/follow""),e,{method:""DELETE""})}async function w(e){var t;return null!=(t=(await c(""/api/nexus/users/me/following"",e)).following)?t:[]}async function R(e,t,n){return(await c(""/api/nexus/"".concat(encodeURIComponent(t),""/"").concat(encodeURIComponent(n),""/comments""),e)).comments}async function A(e,t,n,a,i){return c(""/api/nexus/"".concat(encodeURIComponent(t),""/"").concat(encodeURIComponent(n),""/comments""),e,{method:""POST"",headers:{""Content-Type"":""application/json""},body:JSON.stringify({content:a,parentId:i})})}async function b(e,t){let n=new URLSearchParams;(null==t?void 0:t.ticker)&&n.append(""ticker"",t.ticker),(null==t?void 0:t.status)&&n.append(""status"",t.status),(null==t?void 0:t.userId)&&n.append(""userId"",t.userId);let a=n.toString();return c(""/api/nexus/ideas"".concat(a?""?"".concat(a):""""),e)}async function _(e,t){return c(""/api/nexus/ideas"",e,{method:""POST"",headers:{""Content-Type"":""application/json""},body:JSON.stringify(t)})}async function U(e,t){let n=new URLSearchParams;(null==t?void 0:t.tab)&&n.append(""tab"",t.tab),(null==t?void 0:t.ticker)&&n.append(""ticker"",t.ticker),(null==t?void 0:t.limit)!==v"
/api/nexus/ideas,/Volumes/EAGET/SKYLIT_RE/AUDIT_PUBLIC_2026-08-25/current_bundles/4338-2835906ea9e42f40.js,21879,"/comments""),e)).comments}async function A(e,t,n,a,i){return c(""/api/nexus/"".concat(encodeURIComponent(t),""/"").concat(encodeURIComponent(n),""/comments""),e,{method:""POST"",headers:{""Content-Type"":""application/json""},body:JSON.stringify({content:a,parentId:i})})}async function b(e,t){let n=new URLSearchParams;(null==t?void 0:t.ticker)&&n.append(""ticker"",t.ticker),(null==t?void 0:t.status)&&n.append(""status"",t.status),(null==t?void 0:t.userId)&&n.append(""userId"",t.userId);let a=n.toString();return c(""/api/nexus/ideas"".concat(a?""?"".concat(a):""""),e)}async function _(e,t){return c(""/api/nexus/ideas"",e,{method:""POST"",headers:{""Content-Type"":""application/json""},body:JSON.stringify(t)})}async function U(e,t){let n=new URLSearchParams;(null==t?void 0:t.tab)&&n.append(""tab"",t.tab),(null==t?void 0:t.ticker)&&n.append(""ticker"",t.ticker),(null==t?void 0:t.limit)!==void 0&&n.append(""limit"",t.limit.toString()),(null==t?void 0:t.offset)!==void 0&&n.append(""offset"",t.offset.toString());let a=n.toString();return c(""/api/nexus/feed"".concat(a?""?"".concat(a):""""),e)}async function D(e,t){let n=new URLSearchParams;(null==t?void 0:t.timeframe)&&n.append(""timeframe"",t.timeframe),(null==t?void 0:t.verifiedOnly)&&n.append(""verifiedOnly"",""true""),(null==t?void 0:t.limit)!==void 0&&n.append(""limit"",t.limit.toString()),(null==t?void 0:t.offset)!==void 0&&n.append(""offset"",t.offset.toString());let a=n.toString();return c(""/api/nexus/leaderboard"".concat(a?""?"".concat(a):""""),e,{skipGuildHeader:!0})}async function O(e,t){let n=new U"
/api/nexus/feed,/Volumes/EAGET/SKYLIT_RE/AUDIT_PUBLIC_2026-08-25/current_bundles/4338-2835906ea9e42f40.js,22388,"us/ideas"".concat(a?""?"".concat(a):""""),e)}async function _(e,t){return c(""/api/nexus/ideas"",e,{method:""POST"",headers:{""Content-Type"":""application/json""},body:JSON.stringify(t)})}async function U(e,t){let n=new URLSearchParams;(null==t?void 0:t.tab)&&n.append(""tab"",t.tab),(null==t?void 0:t.ticker)&&n.append(""ticker"",t.ticker),(null==t?void 0:t.limit)!==void 0&&n.append(""limit"",t.limit.toString()),(null==t?void 0:t.offset)!==void 0&&n.append(""offset"",t.offset.toString());let a=n.toString();return c(""/api/nexus/feed"".concat(a?""?"".concat(a):""""),e)}async function D(e,t){let n=new URLSearchParams;(null==t?void 0:t.timeframe)&&n.append(""timeframe"",t.timeframe),(null==t?void 0:t.verifiedOnly)&&n.append(""verifiedOnly"",""true""),(null==t?void 0:t.limit)!==void 0&&n.append(""limit"",t.limit.toString()),(null==t?void 0:t.offset)!==void 0&&n.append(""offset"",t.offset.toString());let a=n.toString();return c(""/api/nexus/leaderboard"".concat(a?""?"".concat(a):""""),e,{skipGuildHeader:!0})}async function O(e,t){let n=new URLSearchParams({q:t});return c(""/api/nexus/search/tickers?"".concat(n),e)}async function E(e,t){let n=new URLSearchParams({username:t});return c(""/api/nexus/users/me/username-available?"".concat(n),e)}async function N(e,t){var n;let a=new URLSearchParams({q:t}),i=await c(""/api/nexus/search/users?"".concat(a),e);return Array.isArray(i)?i:null!=(n=i.users)?n:[]}async function Q(e,t){let n=new URLSearchParams({serverId:t});return c(""/api/nexus/routing-rules?"".concat(n),e)}async function j(e,t){return c(""/api/"
/api/nexus/leaderboard,/Volumes/EAGET/SKYLIT_RE/AUDIT_PUBLIC_2026-08-25/current_bundles/4338-2835906ea9e42f40.js,22788,"ll==t?void 0:t.offset)!==void 0&&n.append(""offset"",t.offset.toString());let a=n.toString();return c(""/api/nexus/feed"".concat(a?""?"".concat(a):""""),e)}async function D(e,t){let n=new URLSearchParams;(null==t?void 0:t.timeframe)&&n.append(""timeframe"",t.timeframe),(null==t?void 0:t.verifiedOnly)&&n.append(""verifiedOnly"",""true""),(null==t?void 0:t.limit)!==void 0&&n.append(""limit"",t.limit.toString()),(null==t?void 0:t.offset)!==void 0&&n.append(""offset"",t.offset.toString());let a=n.toString();return c(""/api/nexus/leaderboard"".concat(a?""?"".concat(a):""""),e,{skipGuildHeader:!0})}async function O(e,t){let n=new URLSearchParams({q:t});return c(""/api/nexus/search/tickers?"".concat(n),e)}async function E(e,t){let n=new URLSearchParams({username:t});return c(""/api/nexus/users/me/username-available?"".concat(n),e)}async function N(e,t){var n;let a=new URLSearchParams({q:t}),i=await c(""/api/nexus/search/users?"".concat(a),e);return Array.isArray(i)?i:null!=(n=i.users)?n:[]}async function Q(e,t){let n=new URLSearchParams({serverId:t});return c(""/api/nexus/routing-rules?"".concat(n),e)}async function j(e,t){return c(""/api/nexus/routing-rules"",e,{method:""POST"",headers:{""Content-Type"":""application/json""},body:JSON.stringify(t)})}async function J(e,t,n){return c(""/api/nexus/routing-rules/"".concat(encodeURIComponent(t)),e,{method:""PUT"",headers:{""Content-Type"":""application/json""},body:JSON.stringify(n)})}async function L(e,t){return c(""/api/nexus/routing-rules/"".concat(encodeURIComponent(t)),e,{method:""DELETE""})}async function"
/api/nexus/search/tickers?,/Volumes/EAGET/SKYLIT_RE/AUDIT_PUBLIC_2026-08-25/current_bundles/4338-2835906ea9e42f40.js,22928,":""""),e)}async function D(e,t){let n=new URLSearchParams;(null==t?void 0:t.timeframe)&&n.append(""timeframe"",t.timeframe),(null==t?void 0:t.verifiedOnly)&&n.append(""verifiedOnly"",""true""),(null==t?void 0:t.limit)!==void 0&&n.append(""limit"",t.limit.toString()),(null==t?void 0:t.offset)!==void 0&&n.append(""offset"",t.offset.toString());let a=n.toString();return c(""/api/nexus/leaderboard"".concat(a?""?"".concat(a):""""),e,{skipGuildHeader:!0})}async function O(e,t){let n=new URLSearchParams({q:t});return c(""/api/nexus/search/tickers?"".concat(n),e)}async function E(e,t){let n=new URLSearchParams({username:t});return c(""/api/nexus/users/me/username-available?"".concat(n),e)}async function N(e,t){var n;let a=new URLSearchParams({q:t}),i=await c(""/api/nexus/search/users?"".concat(a),e);return Array.isArray(i)?i:null!=(n=i.users)?n:[]}async function Q(e,t){let n=new URLSearchParams({serverId:t});return c(""/api/nexus/routing-rules?"".concat(n),e)}async function j(e,t){return c(""/api/nexus/routing-rules"",e,{method:""POST"",headers:{""Content-Type"":""application/json""},body:JSON.stringify(t)})}async function J(e,t,n){return c(""/api/nexus/routing-rules/"".concat(encodeURIComponent(t)),e,{method:""PUT"",headers:{""Content-Type"":""application/json""},body:JSON.stringify(n)})}async function L(e,t){return c(""/api/nexus/routing-rules/"".concat(encodeURIComponent(t)),e,{method:""DELETE""})}async function q(e,t){return c(""/api/nexus/discord/servers/"".concat(encodeURIComponent(t),""/embed-templates""),e)}async function M(e,t,n){return c(""/api/nexus/"
/api/nexus/users/me/username-available?,/Volumes/EAGET/SKYLIT_RE/AUDIT_PUBLIC_2026-08-25/current_bundles/4338-2835906ea9e42f40.js,23041,"frame),(null==t?void 0:t.verifiedOnly)&&n.append(""verifiedOnly"",""true""),(null==t?void 0:t.limit)!==void 0&&n.append(""limit"",t.limit.toString()),(null==t?void 0:t.offset)!==void 0&&n.append(""offset"",t.offset.toString());let a=n.toString();return c(""/api/nexus/leaderboard"".concat(a?""?"".concat(a):""""),e,{skipGuildHeader:!0})}async function O(e,t){let n=new URLSearchParams({q:t});return c(""/api/nexus/search/tickers?"".concat(n),e)}async function E(e,t){let n=new URLSearchParams({username:t});return c(""/api/nexus/users/me/username-available?"".concat(n),e)}async function N(e,t){var n;let a=new URLSearchParams({q:t}),i=await c(""/api/nexus/search/users?"".concat(a),e);return Array.isArray(i)?i:null!=(n=i.users)?n:[]}async function Q(e,t){let n=new URLSearchParams({serverId:t});return c(""/api/nexus/routing-rules?"".concat(n),e)}async function j(e,t){return c(""/api/nexus/routing-rules"",e,{method:""POST"",headers:{""Content-Type"":""application/json""},body:JSON.stringify(t)})}async function J(e,t,n){return c(""/api/nexus/routing-rules/"".concat(encodeURIComponent(t)),e,{method:""PUT"",headers:{""Content-Type"":""application/json""},body:JSON.stringify(n)})}async function L(e,t){return c(""/api/nexus/routing-rules/"".concat(encodeURIComponent(t)),e,{method:""DELETE""})}async function q(e,t){return c(""/api/nexus/discord/servers/"".concat(encodeURIComponent(t),""/embed-templates""),e)}async function M(e,t,n){return c(""/api/nexus/discord/servers/"".concat(encodeURIComponent(t),""/embed-templates""),e,{method:""PUT"",headers:{""Content-Type"":""application/json""}"
/api/nexus/search/users?,/Volumes/EAGET/SKYLIT_RE/AUDIT_PUBLIC_2026-08-25/current_bundles/4338-2835906ea9e42f40.js,23167,"limit.toString()),(null==t?void 0:t.offset)!==void 0&&n.append(""offset"",t.offset.toString());let a=n.toString();return c(""/api/nexus/leaderboard"".concat(a?""?"".concat(a):""""),e,{skipGuildHeader:!0})}async function O(e,t){let n=new URLSearchParams({q:t});return c(""/api/nexus/search/tickers?"".concat(n),e)}async function E(e,t){let n=new URLSearchParams({username:t});return c(""/api/nexus/users/me/username-available?"".concat(n),e)}async function N(e,t){var n;let a=new URLSearchParams({q:t}),i=await c(""/api/nexus/search/users?"".concat(a),e);return Array.isArray(i)?i:null!=(n=i.users)?n:[]}async function Q(e,t){let n=new URLSearchParams({serverId:t});return c(""/api/nexus/routing-rules?"".concat(n),e)}async function j(e,t){return c(""/api/nexus/routing-rules"",e,{method:""POST"",headers:{""Content-Type"":""application/json""},body:JSON.stringify(t)})}async function J(e,t,n){return c(""/api/nexus/routing-rules/"".concat(encodeURIComponent(t)),e,{method:""PUT"",headers:{""Content-Type"":""application/json""},body:JSON.stringify(n)})}async function L(e,t){return c(""/api/nexus/routing-rules/"".concat(encodeURIComponent(t)),e,{method:""DELETE""})}async function q(e,t){return c(""/api/nexus/discord/servers/"".concat(encodeURIComponent(t),""/embed-templates""),e)}async function M(e,t,n){return c(""/api/nexus/discord/servers/"".concat(encodeURIComponent(t),""/embed-templates""),e,{method:""PUT"",headers:{""Content-Type"":""application/json""},body:JSON.stringify(n)})}async function Y(e,t){return c(""/api/nexus/discord/servers/"".concat(encodeURIComponen"
/api/nexus/routing-rules?,/Volumes/EAGET/SKYLIT_RE/AUDIT_PUBLIC_2026-08-25/current_bundles/4338-2835906ea9e42f40.js,23327,"oncat(a):""""),e,{skipGuildHeader:!0})}async function O(e,t){let n=new URLSearchParams({q:t});return c(""/api/nexus/search/tickers?"".concat(n),e)}async function E(e,t){let n=new URLSearchParams({username:t});return c(""/api/nexus/users/me/username-available?"".concat(n),e)}async function N(e,t){var n;let a=new URLSearchParams({q:t}),i=await c(""/api/nexus/search/users?"".concat(a),e);return Array.isArray(i)?i:null!=(n=i.users)?n:[]}async function Q(e,t){let n=new URLSearchParams({serverId:t});return c(""/api/nexus/routing-rules?"".concat(n),e)}async function j(e,t){return c(""/api/nexus/routing-rules"",e,{method:""POST"",headers:{""Content-Type"":""application/json""},body:JSON.stringify(t)})}async function J(e,t,n){return c(""/api/nexus/routing-rules/"".concat(encodeURIComponent(t)),e,{method:""PUT"",headers:{""Content-Type"":""application/json""},body:JSON.stringify(n)})}async function L(e,t){return c(""/api/nexus/routing-rules/"".concat(encodeURIComponent(t)),e,{method:""DELETE""})}async function q(e,t){return c(""/api/nexus/discord/servers/"".concat(encodeURIComponent(t),""/embed-templates""),e)}async function M(e,t,n){return c(""/api/nexus/discord/servers/"".concat(encodeURIComponent(t),""/embed-templates""),e,{method:""PUT"",headers:{""Content-Type"":""application/json""},body:JSON.stringify(n)})}async function Y(e,t){return c(""/api/nexus/discord/servers/"".concat(encodeURIComponent(t),""/daily-digest""),e)}async function G(e,t,n){return c(""/api/nexus/discord/servers/"".concat(encodeURIComponent(t),""/daily-digest""),e,{method:""PUT"",headers:{""C"
/api/nexus/routing-rules,/Volumes/EAGET/SKYLIT_RE/AUDIT_PUBLIC_2026-08-25/current_bundles/4338-2835906ea9e42f40.js,23399,"SearchParams({q:t});return c(""/api/nexus/search/tickers?"".concat(n),e)}async function E(e,t){let n=new URLSearchParams({username:t});return c(""/api/nexus/users/me/username-available?"".concat(n),e)}async function N(e,t){var n;let a=new URLSearchParams({q:t}),i=await c(""/api/nexus/search/users?"".concat(a),e);return Array.isArray(i)?i:null!=(n=i.users)?n:[]}async function Q(e,t){let n=new URLSearchParams({serverId:t});return c(""/api/nexus/routing-rules?"".concat(n),e)}async function j(e,t){return c(""/api/nexus/routing-rules"",e,{method:""POST"",headers:{""Content-Type"":""application/json""},body:JSON.stringify(t)})}async function J(e,t,n){return c(""/api/nexus/routing-rules/"".concat(encodeURIComponent(t)),e,{method:""PUT"",headers:{""Content-Type"":""application/json""},body:JSON.stringify(n)})}async function L(e,t){return c(""/api/nexus/routing-rules/"".concat(encodeURIComponent(t)),e,{method:""DELETE""})}async function q(e,t){return c(""/api/nexus/discord/servers/"".concat(encodeURIComponent(t),""/embed-templates""),e)}async function M(e,t,n){return c(""/api/nexus/discord/servers/"".concat(encodeURIComponent(t),""/embed-templates""),e,{method:""PUT"",headers:{""Content-Type"":""application/json""},body:JSON.stringify(n)})}async function Y(e,t){return c(""/api/nexus/discord/servers/"".concat(encodeURIComponent(t),""/daily-digest""),e)}async function G(e,t,n){return c(""/api/nexus/discord/servers/"".concat(encodeURIComponent(t),""/daily-digest""),e,{method:""PUT"",headers:{""Content-Type"":""application/json""},body:JSON.stringify(n)})}async functio"
/api/nexus/routing-rules/,/Volumes/EAGET/SKYLIT_RE/AUDIT_PUBLIC_2026-08-25/current_bundles/4338-2835906ea9e42f40.js,23545,"i/nexus/users/me/username-available?"".concat(n),e)}async function N(e,t){var n;let a=new URLSearchParams({q:t}),i=await c(""/api/nexus/search/users?"".concat(a),e);return Array.isArray(i)?i:null!=(n=i.users)?n:[]}async function Q(e,t){let n=new URLSearchParams({serverId:t});return c(""/api/nexus/routing-rules?"".concat(n),e)}async function j(e,t){return c(""/api/nexus/routing-rules"",e,{method:""POST"",headers:{""Content-Type"":""application/json""},body:JSON.stringify(t)})}async function J(e,t,n){return c(""/api/nexus/routing-rules/"".concat(encodeURIComponent(t)),e,{method:""PUT"",headers:{""Content-Type"":""application/json""},body:JSON.stringify(n)})}async function L(e,t){return c(""/api/nexus/routing-rules/"".concat(encodeURIComponent(t)),e,{method:""DELETE""})}async function q(e,t){return c(""/api/nexus/discord/servers/"".concat(encodeURIComponent(t),""/embed-templates""),e)}async function M(e,t,n){return c(""/api/nexus/discord/servers/"".concat(encodeURIComponent(t),""/embed-templates""),e,{method:""PUT"",headers:{""Content-Type"":""application/json""},body:JSON.stringify(n)})}async function Y(e,t){return c(""/api/nexus/discord/servers/"".concat(encodeURIComponent(t),""/daily-digest""),e)}async function G(e,t,n){return c(""/api/nexus/discord/servers/"".concat(encodeURIComponent(t),""/daily-digest""),e,{method:""PUT"",headers:{""Content-Type"":""application/json""},body:JSON.stringify(n)})}async function V(e,t,n){return c(""/api/nexus/discord/servers/"".concat(encodeURIComponent(t),""/daily-digest/run""),e,{method:""POST"",headers:{""Content-Type"":""appli"
/api/nexus/discord/servers/,/Volumes/EAGET/SKYLIT_RE/AUDIT_PUBLIC_2026-08-25/current_bundles/4338-2835906ea9e42f40.js,23829,"api/nexus/routing-rules?"".concat(n),e)}async function j(e,t){return c(""/api/nexus/routing-rules"",e,{method:""POST"",headers:{""Content-Type"":""application/json""},body:JSON.stringify(t)})}async function J(e,t,n){return c(""/api/nexus/routing-rules/"".concat(encodeURIComponent(t)),e,{method:""PUT"",headers:{""Content-Type"":""application/json""},body:JSON.stringify(n)})}async function L(e,t){return c(""/api/nexus/routing-rules/"".concat(encodeURIComponent(t)),e,{method:""DELETE""})}async function q(e,t){return c(""/api/nexus/discord/servers/"".concat(encodeURIComponent(t),""/embed-templates""),e)}async function M(e,t,n){return c(""/api/nexus/discord/servers/"".concat(encodeURIComponent(t),""/embed-templates""),e,{method:""PUT"",headers:{""Content-Type"":""application/json""},body:JSON.stringify(n)})}async function Y(e,t){return c(""/api/nexus/discord/servers/"".concat(encodeURIComponent(t),""/daily-digest""),e)}async function G(e,t,n){return c(""/api/nexus/discord/servers/"".concat(encodeURIComponent(t),""/daily-digest""),e,{method:""PUT"",headers:{""Content-Type"":""application/json""},body:JSON.stringify(n)})}async function V(e,t,n){return c(""/api/nexus/discord/servers/"".concat(encodeURIComponent(t),""/daily-digest/run""),e,{method:""POST"",headers:{""Content-Type"":""application/json""},body:JSON.stringify(n)})}async function H(e,t){let n=new URLSearchParams({q:t});return c(""/api/nexus/admin/users?"".concat(n),e)}async function z(e,t){return c(""/api/nexus/admin/users/"".concat(encodeURIComponent(t)),e)}async function B(e,t,n){return c(""/api/nexus/admin/tra"
/api/nexus/admin/users?,/Volumes/EAGET/SKYLIT_RE/AUDIT_PUBLIC_2026-08-25/current_bundles/4338-2835906ea9e42f40.js,24675,"(encodeURIComponent(t),""/daily-digest""),e)}async function G(e,t,n){return c(""/api/nexus/discord/servers/"".concat(encodeURIComponent(t),""/daily-digest""),e,{method:""PUT"",headers:{""Content-Type"":""application/json""},body:JSON.stringify(n)})}async function V(e,t,n){return c(""/api/nexus/discord/servers/"".concat(encodeURIComponent(t),""/daily-digest/run""),e,{method:""POST"",headers:{""Content-Type"":""application/json""},body:JSON.stringify(n)})}async function H(e,t){let n=new URLSearchParams({q:t});return c(""/api/nexus/admin/users?"".concat(n),e)}async function z(e,t){return c(""/api/nexus/admin/users/"".concat(encodeURIComponent(t)),e)}async function B(e,t,n){return c(""/api/nexus/admin/trades/"".concat(encodeURIComponent(t)),e,{method:""PUT"",headers:{""Content-Type"":""application/json""},body:JSON.stringify(n)})}async function F(e,t){return c(""/api/nexus/admin/trades/"".concat(encodeURIComponent(t)),e,{method:""DELETE""})}async function K(e,t){return c(""/api/nexus/admin/users/"".concat(encodeURIComponent(t),""/reset""),e,{method:""POST""})}async function X(e){return c(""/api/nexus/admin/trades/nuke-season"",e,{method:""POST""})}async function $(e,t){let n=new URLSearchParams;(null==t?void 0:t.limit)!==void 0&&n.append(""limit"",t.limit.toString()),(null==t?void 0:t.offset)!==void 0&&n.append(""offset"",t.offset.toString()),(null==t?void 0:t.q)&&n.append(""q"",t.q),(null==t?void 0:t.action)&&n.append(""action"",t.action),(null==t?void 0:t.targetType)&&n.append(""targetType"",t.targetType);let a=n.toString();return c(""/api/nexus/admin/audit-lo"
/api/nexus/admin/users/,/Volumes/EAGET/SKYLIT_RE/AUDIT_PUBLIC_2026-08-25/current_bundles/4338-2835906ea9e42f40.js,24745,"urn c(""/api/nexus/discord/servers/"".concat(encodeURIComponent(t),""/daily-digest""),e,{method:""PUT"",headers:{""Content-Type"":""application/json""},body:JSON.stringify(n)})}async function V(e,t,n){return c(""/api/nexus/discord/servers/"".concat(encodeURIComponent(t),""/daily-digest/run""),e,{method:""POST"",headers:{""Content-Type"":""application/json""},body:JSON.stringify(n)})}async function H(e,t){let n=new URLSearchParams({q:t});return c(""/api/nexus/admin/users?"".concat(n),e)}async function z(e,t){return c(""/api/nexus/admin/users/"".concat(encodeURIComponent(t)),e)}async function B(e,t,n){return c(""/api/nexus/admin/trades/"".concat(encodeURIComponent(t)),e,{method:""PUT"",headers:{""Content-Type"":""application/json""},body:JSON.stringify(n)})}async function F(e,t){return c(""/api/nexus/admin/trades/"".concat(encodeURIComponent(t)),e,{method:""DELETE""})}async function K(e,t){return c(""/api/nexus/admin/users/"".concat(encodeURIComponent(t),""/reset""),e,{method:""POST""})}async function X(e){return c(""/api/nexus/admin/trades/nuke-season"",e,{method:""POST""})}async function $(e,t){let n=new URLSearchParams;(null==t?void 0:t.limit)!==void 0&&n.append(""limit"",t.limit.toString()),(null==t?void 0:t.offset)!==void 0&&n.append(""offset"",t.offset.toString()),(null==t?void 0:t.q)&&n.append(""q"",t.q),(null==t?void 0:t.action)&&n.append(""action"",t.action),(null==t?void 0:t.targetType)&&n.append(""targetType"",t.targetType);let a=n.toString();return c(""/api/nexus/admin/audit-logs"".concat(a?""?"".concat(a):""""),e)}async function Z(e){return c(""/api/n"
/api/nexus/admin/trades/,/Volumes/EAGET/SKYLIT_RE/AUDIT_PUBLIC_2026-08-25/current_bundles/4338-2835906ea9e42f40.js,24837,"""PUT"",headers:{""Content-Type"":""application/json""},body:JSON.stringify(n)})}async function V(e,t,n){return c(""/api/nexus/discord/servers/"".concat(encodeURIComponent(t),""/daily-digest/run""),e,{method:""POST"",headers:{""Content-Type"":""application/json""},body:JSON.stringify(n)})}async function H(e,t){let n=new URLSearchParams({q:t});return c(""/api/nexus/admin/users?"".concat(n),e)}async function z(e,t){return c(""/api/nexus/admin/users/"".concat(encodeURIComponent(t)),e)}async function B(e,t,n){return c(""/api/nexus/admin/trades/"".concat(encodeURIComponent(t)),e,{method:""PUT"",headers:{""Content-Type"":""application/json""},body:JSON.stringify(n)})}async function F(e,t){return c(""/api/nexus/admin/trades/"".concat(encodeURIComponent(t)),e,{method:""DELETE""})}async function K(e,t){return c(""/api/nexus/admin/users/"".concat(encodeURIComponent(t),""/reset""),e,{method:""POST""})}async function X(e){return c(""/api/nexus/admin/trades/nuke-season"",e,{method:""POST""})}async function $(e,t){let n=new URLSearchParams;(null==t?void 0:t.limit)!==void 0&&n.append(""limit"",t.limit.toString()),(null==t?void 0:t.offset)!==void 0&&n.append(""offset"",t.offset.toString()),(null==t?void 0:t.q)&&n.append(""q"",t.q),(null==t?void 0:t.action)&&n.append(""action"",t.action),(null==t?void 0:t.targetType)&&n.append(""targetType"",t.targetType);let a=n.toString();return c(""/api/nexus/admin/audit-logs"".concat(a?""?"".concat(a):""""),e)}async function Z(e){return c(""/api/nexus/admin/stats/rebuild"",e,{method:""POST""})}async function W(e,t){return c(""/api/nexus/admin"
/api/nexus/admin/trades/nuke-season,/Volumes/EAGET/SKYLIT_RE/AUDIT_PUBLIC_2026-08-25/current_bundles/4338-2835906ea9e42f40.js,25232,",t){return c(""/api/nexus/admin/users/"".concat(encodeURIComponent(t)),e)}async function B(e,t,n){return c(""/api/nexus/admin/trades/"".concat(encodeURIComponent(t)),e,{method:""PUT"",headers:{""Content-Type"":""application/json""},body:JSON.stringify(n)})}async function F(e,t){return c(""/api/nexus/admin/trades/"".concat(encodeURIComponent(t)),e,{method:""DELETE""})}async function K(e,t){return c(""/api/nexus/admin/users/"".concat(encodeURIComponent(t),""/reset""),e,{method:""POST""})}async function X(e){return c(""/api/nexus/admin/trades/nuke-season"",e,{method:""POST""})}async function $(e,t){let n=new URLSearchParams;(null==t?void 0:t.limit)!==void 0&&n.append(""limit"",t.limit.toString()),(null==t?void 0:t.offset)!==void 0&&n.append(""offset"",t.offset.toString()),(null==t?void 0:t.q)&&n.append(""q"",t.q),(null==t?void 0:t.action)&&n.append(""action"",t.action),(null==t?void 0:t.targetType)&&n.append(""targetType"",t.targetType);let a=n.toString();return c(""/api/nexus/admin/audit-logs"".concat(a?""?"".concat(a):""""),e)}async function Z(e){return c(""/api/nexus/admin/stats/rebuild"",e,{method:""POST""})}async function W(e,t){return c(""/api/nexus/admin/options/rehydrate"",e,{method:""POST"",headers:{""Content-Type"":""application/json""},body:JSON.stringify(t)})}async function ee(e){return c(""/api/nexus/discord/servers"",e)}async function et(e,t){return c(""/api/nexus/discord/servers/"".concat(encodeURIComponent(t),""/channels""),e)}async function en(e,t,n){return c(""/api/nexus/discord/servers/"".concat(encodeURIComponent(t),""/channels""),e,{method:""POST"",headers:"
/api/nexus/admin/audit-logs,/Volumes/EAGET/SKYLIT_RE/AUDIT_PUBLIC_2026-08-25/current_bundles/4338-2835906ea9e42f40.js,25674,"""/reset""),e,{method:""POST""})}async function X(e){return c(""/api/nexus/admin/trades/nuke-season"",e,{method:""POST""})}async function $(e,t){let n=new URLSearchParams;(null==t?void 0:t.limit)!==void 0&&n.append(""limit"",t.limit.toString()),(null==t?void 0:t.offset)!==void 0&&n.append(""offset"",t.offset.toString()),(null==t?void 0:t.q)&&n.append(""q"",t.q),(null==t?void 0:t.action)&&n.append(""action"",t.action),(null==t?void 0:t.targetType)&&n.append(""targetType"",t.targetType);let a=n.toString();return c(""/api/nexus/admin/audit-logs"".concat(a?""?"".concat(a):""""),e)}async function Z(e){return c(""/api/nexus/admin/stats/rebuild"",e,{method:""POST""})}async function W(e,t){return c(""/api/nexus/admin/options/rehydrate"",e,{method:""POST"",headers:{""Content-Type"":""application/json""},body:JSON.stringify(t)})}async function ee(e){return c(""/api/nexus/discord/servers"",e)}async function et(e,t){return c(""/api/nexus/discord/servers/"".concat(encodeURIComponent(t),""/channels""),e)}async function en(e,t,n){return c(""/api/nexus/discord/servers/"".concat(encodeURIComponent(t),""/channels""),e,{method:""POST"",headers:{""Content-Type"":""application/json""},body:JSON.stringify(n)})}async function ea(e,t,n){return c(""/api/nexus/discord/servers/"".concat(encodeURIComponent(t),""/channels/"").concat(encodeURIComponent(n)),e,{method:""DELETE""})}async function ei(e,t,n,a){return c(""/api/nexus/discord/servers/"".concat(encodeURIComponent(t),""/channels/"").concat(encodeURIComponent(n),""/webhook""),e,{method:""PUT"",headers:{""Content-Type"":""application/json""},body:"
/api/nexus/admin/stats/rebuild,/Volumes/EAGET/SKYLIT_RE/AUDIT_PUBLIC_2026-08-25/current_bundles/4338-2835906ea9e42f40.js,25763,"eason"",e,{method:""POST""})}async function $(e,t){let n=new URLSearchParams;(null==t?void 0:t.limit)!==void 0&&n.append(""limit"",t.limit.toString()),(null==t?void 0:t.offset)!==void 0&&n.append(""offset"",t.offset.toString()),(null==t?void 0:t.q)&&n.append(""q"",t.q),(null==t?void 0:t.action)&&n.append(""action"",t.action),(null==t?void 0:t.targetType)&&n.append(""targetType"",t.targetType);let a=n.toString();return c(""/api/nexus/admin/audit-logs"".concat(a?""?"".concat(a):""""),e)}async function Z(e){return c(""/api/nexus/admin/stats/rebuild"",e,{method:""POST""})}async function W(e,t){return c(""/api/nexus/admin/options/rehydrate"",e,{method:""POST"",headers:{""Content-Type"":""application/json""},body:JSON.stringify(t)})}async function ee(e){return c(""/api/nexus/discord/servers"",e)}async function et(e,t){return c(""/api/nexus/discord/servers/"".concat(encodeURIComponent(t),""/channels""),e)}async function en(e,t,n){return c(""/api/nexus/discord/servers/"".concat(encodeURIComponent(t),""/channels""),e,{method:""POST"",headers:{""Content-Type"":""application/json""},body:JSON.stringify(n)})}async function ea(e,t,n){return c(""/api/nexus/discord/servers/"".concat(encodeURIComponent(t),""/channels/"").concat(encodeURIComponent(n)),e,{method:""DELETE""})}async function ei(e,t,n,a){return c(""/api/nexus/discord/servers/"".concat(encodeURIComponent(t),""/channels/"").concat(encodeURIComponent(n),""/webhook""),e,{method:""PUT"",headers:{""Content-Type"":""application/json""},body:JSON.stringify({webhookUrl:a})})}async function er(e,t){var n;let a=await c(""/api/nexus/disc"
/api/nexus/admin/options/rehydrate,/Volumes/EAGET/SKYLIT_RE/AUDIT_PUBLIC_2026-08-25/current_bundles/4338-2835906ea9e42f40.js,25846,"void 0:t.limit)!==void 0&&n.append(""limit"",t.limit.toString()),(null==t?void 0:t.offset)!==void 0&&n.append(""offset"",t.offset.toString()),(null==t?void 0:t.q)&&n.append(""q"",t.q),(null==t?void 0:t.action)&&n.append(""action"",t.action),(null==t?void 0:t.targetType)&&n.append(""targetType"",t.targetType);let a=n.toString();return c(""/api/nexus/admin/audit-logs"".concat(a?""?"".concat(a):""""),e)}async function Z(e){return c(""/api/nexus/admin/stats/rebuild"",e,{method:""POST""})}async function W(e,t){return c(""/api/nexus/admin/options/rehydrate"",e,{method:""POST"",headers:{""Content-Type"":""application/json""},body:JSON.stringify(t)})}async function ee(e){return c(""/api/nexus/discord/servers"",e)}async function et(e,t){return c(""/api/nexus/discord/servers/"".concat(encodeURIComponent(t),""/channels""),e)}async function en(e,t,n){return c(""/api/nexus/discord/servers/"".concat(encodeURIComponent(t),""/channels""),e,{method:""POST"",headers:{""Content-Type"":""application/json""},body:JSON.stringify(n)})}async function ea(e,t,n){return c(""/api/nexus/discord/servers/"".concat(encodeURIComponent(t),""/channels/"").concat(encodeURIComponent(n)),e,{method:""DELETE""})}async function ei(e,t,n,a){return c(""/api/nexus/discord/servers/"".concat(encodeURIComponent(t),""/channels/"").concat(encodeURIComponent(n),""/webhook""),e,{method:""PUT"",headers:{""Content-Type"":""application/json""},body:JSON.stringify({webhookUrl:a})})}async function er(e,t){var n;let a=await c(""/api/nexus/discord/servers/"".concat(encodeURIComponent(t),""/roles""),e);return Array.isArray(a)?a:null!"
/api/nexus/discord/servers,/Volumes/EAGET/SKYLIT_RE/AUDIT_PUBLIC_2026-08-25/current_bundles/4338-2835906ea9e42f40.js,25999,":t.q)&&n.append(""q"",t.q),(null==t?void 0:t.action)&&n.append(""action"",t.action),(null==t?void 0:t.targetType)&&n.append(""targetType"",t.targetType);let a=n.toString();return c(""/api/nexus/admin/audit-logs"".concat(a?""?"".concat(a):""""),e)}async function Z(e){return c(""/api/nexus/admin/stats/rebuild"",e,{method:""POST""})}async function W(e,t){return c(""/api/nexus/admin/options/rehydrate"",e,{method:""POST"",headers:{""Content-Type"":""application/json""},body:JSON.stringify(t)})}async function ee(e){return c(""/api/nexus/discord/servers"",e)}async function et(e,t){return c(""/api/nexus/discord/servers/"".concat(encodeURIComponent(t),""/channels""),e)}async function en(e,t,n){return c(""/api/nexus/discord/servers/"".concat(encodeURIComponent(t),""/channels""),e,{method:""POST"",headers:{""Content-Type"":""application/json""},body:JSON.stringify(n)})}async function ea(e,t,n){return c(""/api/nexus/discord/servers/"".concat(encodeURIComponent(t),""/channels/"").concat(encodeURIComponent(n)),e,{method:""DELETE""})}async function ei(e,t,n,a){return c(""/api/nexus/discord/servers/"".concat(encodeURIComponent(t),""/channels/"").concat(encodeURIComponent(n),""/webhook""),e,{method:""PUT"",headers:{""Content-Type"":""application/json""},body:JSON.stringify({webhookUrl:a})})}async function er(e,t){var n;let a=await c(""/api/nexus/discord/servers/"".concat(encodeURIComponent(t),""/roles""),e);return Array.isArray(a)?a:null!=(n=a.roles)?n:[]}async function eo(e,t,n){return c(""/api/nexus/discord/servers/"".concat(encodeURIComponent(t),""/access-roles""),e,{method:""PUT"",h"
/api/nexus/seasons/current,/Volumes/EAGET/SKYLIT_RE/AUDIT_PUBLIC_2026-08-25/current_bundles/4338-2835906ea9e42f40.js,27430,"n c(""/api/nexus/discord/servers/"".concat(encodeURIComponent(t),""/access-roles""),e,{method:""PUT"",headers:{""Content-Type"":""application/json""},body:JSON.stringify({roleIds:n})})}async function es(e,t){var n;return null!=(n=(await c(""/api/nexus/discord/servers/"".concat(encodeURIComponent(t),""/sync-roles""),e,{method:""POST""})).roles)?n:[]}async function ec(e,t){return c(""/api/nexus/discord/servers/"".concat(encodeURIComponent(t),""/test-route""),e,{method:""POST""})}async function ed(e){try{return await c(""/api/nexus/seasons/current"",e)}catch(e){if(e instanceof s&&404===e.status)return null;throw e}}async function eu(e,t,n){let a=n?""?expiration="".concat(encodeURIComponent(n)):"""";return c(""/api/nexus/options/"".concat(encodeURIComponent(t)).concat(a),e)}async function el(e,t){return c(""/api/nexus/options/"".concat(encodeURIComponent(t),""/expirations""),e)}async function ep(e,t,n){let a=new URLSearchParams;(null==n?void 0:n.timeframe)&&a.append(""timeframe"",n.timeframe),(null==n?void 0:n.direction)&&a.append(""direction"",n.direction);let i=a.toString();return c(""/api/nexus/users/"".concat(encodeURIComponent(t),""/stats"").concat(i?""?"".concat(i):""""),e)}async function em(e){return c(""/api/nexus/portfolio/simulated/current"",e)}async function ey(e,t){let n=new URLSearchParams;(null==t?void 0:t.limit)!==void 0&&n.append(""limit"",t.limit.toString()),(null==t?void 0:t.offset)!==void 0&&n.append(""offset"",t.offset.toString());let a=n.toString();return c(""/api/nexus/portfolio/simulated/ledger"".concat(a?""?"".concat(a):""""),e)}async funct"
/api/nexus/options/,/Volumes/EAGET/SKYLIT_RE/AUDIT_PUBLIC_2026-08-25/current_bundles/4338-2835906ea9e42f40.js,27616,"ion es(e,t){var n;return null!=(n=(await c(""/api/nexus/discord/servers/"".concat(encodeURIComponent(t),""/sync-roles""),e,{method:""POST""})).roles)?n:[]}async function ec(e,t){return c(""/api/nexus/discord/servers/"".concat(encodeURIComponent(t),""/test-route""),e,{method:""POST""})}async function ed(e){try{return await c(""/api/nexus/seasons/current"",e)}catch(e){if(e instanceof s&&404===e.status)return null;throw e}}async function eu(e,t,n){let a=n?""?expiration="".concat(encodeURIComponent(n)):"""";return c(""/api/nexus/options/"".concat(encodeURIComponent(t)).concat(a),e)}async function el(e,t){return c(""/api/nexus/options/"".concat(encodeURIComponent(t),""/expirations""),e)}async function ep(e,t,n){let a=new URLSearchParams;(null==n?void 0:n.timeframe)&&a.append(""timeframe"",n.timeframe),(null==n?void 0:n.direction)&&a.append(""direction"",n.direction);let i=a.toString();return c(""/api/nexus/users/"".concat(encodeURIComponent(t),""/stats"").concat(i?""?"".concat(i):""""),e)}async function em(e){return c(""/api/nexus/portfolio/simulated/current"",e)}async function ey(e,t){let n=new URLSearchParams;(null==t?void 0:t.limit)!==void 0&&n.append(""limit"",t.limit.toString()),(null==t?void 0:t.offset)!==void 0&&n.append(""offset"",t.offset.toString());let a=n.toString();return c(""/api/nexus/portfolio/simulated/ledger"".concat(a?""?"".concat(a):""""),e)}async function ef(e,t){let n=new URLSearchParams;(null==t?void 0:t.limit)!==void 0&&n.append(""limit"",t.limit.toString()),(null==t?void 0:t.offset)!==void 0&&n.append(""offset"",t.offset.toStri"
/api/nexus/portfolio/simulated/current,/Volumes/EAGET/SKYLIT_RE/AUDIT_PUBLIC_2026-08-25/current_bundles/4338-2835906ea9e42f40.js,28109,"turn c(""/api/nexus/options/"".concat(encodeURIComponent(t)).concat(a),e)}async function el(e,t){return c(""/api/nexus/options/"".concat(encodeURIComponent(t),""/expirations""),e)}async function ep(e,t,n){let a=new URLSearchParams;(null==n?void 0:n.timeframe)&&a.append(""timeframe"",n.timeframe),(null==n?void 0:n.direction)&&a.append(""direction"",n.direction);let i=a.toString();return c(""/api/nexus/users/"".concat(encodeURIComponent(t),""/stats"").concat(i?""?"".concat(i):""""),e)}async function em(e){return c(""/api/nexus/portfolio/simulated/current"",e)}async function ey(e,t){let n=new URLSearchParams;(null==t?void 0:t.limit)!==void 0&&n.append(""limit"",t.limit.toString()),(null==t?void 0:t.offset)!==void 0&&n.append(""offset"",t.offset.toString());let a=n.toString();return c(""/api/nexus/portfolio/simulated/ledger"".concat(a?""?"".concat(a):""""),e)}async function ef(e,t){let n=new URLSearchParams;(null==t?void 0:t.limit)!==void 0&&n.append(""limit"",t.limit.toString()),(null==t?void 0:t.offset)!==void 0&&n.append(""offset"",t.offset.toString()),(null==t?void 0:t.timeframe)&&n.append(""timeframe"",t.timeframe);let a=n.toString();return c(""/api/nexus/guilds"".concat(a?""?"".concat(a):""""),e)}async function eg(e){var t,n,a;let i=await c(""/api/nexus/user/guilds"",e),r=(null!=(n=null!=(t=i.items)?t:i.guilds)?n:[]).map(e=>{var t,n,a,i,r,o,s,c,d,u,l,p,m,y;return{id:e.id,discordServerId:null!=(n=null!=(t=e.discordServerId)?t:e.discord_server_id)?n:"""",name:null!=(r=null!=(i=null!=(a=e.name)?a:e.discordGuildName)?i:e.discord_guild_name)?r:""Unknown Guild"",ava"
/api/nexus/portfolio/simulated/ledger,/Volumes/EAGET/SKYLIT_RE/AUDIT_PUBLIC_2026-08-25/current_bundles/4338-2835906ea9e42f40.js,28377,"eframe"",n.timeframe),(null==n?void 0:n.direction)&&a.append(""direction"",n.direction);let i=a.toString();return c(""/api/nexus/users/"".concat(encodeURIComponent(t),""/stats"").concat(i?""?"".concat(i):""""),e)}async function em(e){return c(""/api/nexus/portfolio/simulated/current"",e)}async function ey(e,t){let n=new URLSearchParams;(null==t?void 0:t.limit)!==void 0&&n.append(""limit"",t.limit.toString()),(null==t?void 0:t.offset)!==void 0&&n.append(""offset"",t.offset.toString());let a=n.toString();return c(""/api/nexus/portfolio/simulated/ledger"".concat(a?""?"".concat(a):""""),e)}async function ef(e,t){let n=new URLSearchParams;(null==t?void 0:t.limit)!==void 0&&n.append(""limit"",t.limit.toString()),(null==t?void 0:t.offset)!==void 0&&n.append(""offset"",t.offset.toString()),(null==t?void 0:t.timeframe)&&n.append(""timeframe"",t.timeframe);let a=n.toString();return c(""/api/nexus/guilds"".concat(a?""?"".concat(a):""""),e)}async function eg(e){var t,n,a;let i=await c(""/api/nexus/user/guilds"",e),r=(null!=(n=null!=(t=i.items)?t:i.guilds)?n:[]).map(e=>{var t,n,a,i,r,o,s,c,d,u,l,p,m,y;return{id:e.id,discordServerId:null!=(n=null!=(t=e.discordServerId)?t:e.discord_server_id)?n:"""",name:null!=(r=null!=(i=null!=(a=e.name)?a:e.discordGuildName)?i:e.discord_guild_name)?r:""Unknown Guild"",avatarUrl:null!=(o=e.avatarUrl)?o:e.avatar_url,memberCount:null!=(c=null!=(s=e.memberCount)?s:e.member_count)?c:0,representationCount:0,avgCred:null!=(u=null!=(d=e.avgCred)?d:e.avg_cred)?u:0,winRate:0,avgReturn:0,currentStreak:0,activeTradesCount:0,totalTrades:null!=(p="
/api/nexus/guilds,/Volumes/EAGET/SKYLIT_RE/AUDIT_PUBLIC_2026-08-25/current_bundles/4338-2835906ea9e42f40.js,28735,"&&n.append(""limit"",t.limit.toString()),(null==t?void 0:t.offset)!==void 0&&n.append(""offset"",t.offset.toString());let a=n.toString();return c(""/api/nexus/portfolio/simulated/ledger"".concat(a?""?"".concat(a):""""),e)}async function ef(e,t){let n=new URLSearchParams;(null==t?void 0:t.limit)!==void 0&&n.append(""limit"",t.limit.toString()),(null==t?void 0:t.offset)!==void 0&&n.append(""offset"",t.offset.toString()),(null==t?void 0:t.timeframe)&&n.append(""timeframe"",t.timeframe);let a=n.toString();return c(""/api/nexus/guilds"".concat(a?""?"".concat(a):""""),e)}async function eg(e){var t,n,a;let i=await c(""/api/nexus/user/guilds"",e),r=(null!=(n=null!=(t=i.items)?t:i.guilds)?n:[]).map(e=>{var t,n,a,i,r,o,s,c,d,u,l,p,m,y;return{id:e.id,discordServerId:null!=(n=null!=(t=e.discordServerId)?t:e.discord_server_id)?n:"""",name:null!=(r=null!=(i=null!=(a=e.name)?a:e.discordGuildName)?i:e.discord_guild_name)?r:""Unknown Guild"",avatarUrl:null!=(o=e.avatarUrl)?o:e.avatar_url,memberCount:null!=(c=null!=(s=e.memberCount)?s:e.member_count)?c:0,representationCount:0,avgCred:null!=(u=null!=(d=e.avgCred)?d:e.avg_cred)?u:0,winRate:0,avgReturn:0,currentStreak:0,activeTradesCount:0,totalTrades:null!=(p=null!=(l=e.totalTrades)?l:e.total_trades)?p:0,seasonalRank:null!=(m=e.seasonalRank)?m:e.seasonal_rank,allTimeRank:null!=(y=e.allTimeRank)?y:e.all_time_rank,roster:[]}});return{guilds:r,total:null!=(a=i.total)?a:r.length}}async function eh(e,t){return c(""/api/nexus/guilds/"".concat(encodeURIComponent(t),""/roster""),e)}async function eT(e,t"
/api/nexus/user/guilds,/Volumes/EAGET/SKYLIT_RE/AUDIT_PUBLIC_2026-08-25/current_bundles/4338-2835906ea9e42f40.js,28830,"offset.toString());let a=n.toString();return c(""/api/nexus/portfolio/simulated/ledger"".concat(a?""?"".concat(a):""""),e)}async function ef(e,t){let n=new URLSearchParams;(null==t?void 0:t.limit)!==void 0&&n.append(""limit"",t.limit.toString()),(null==t?void 0:t.offset)!==void 0&&n.append(""offset"",t.offset.toString()),(null==t?void 0:t.timeframe)&&n.append(""timeframe"",t.timeframe);let a=n.toString();return c(""/api/nexus/guilds"".concat(a?""?"".concat(a):""""),e)}async function eg(e){var t,n,a;let i=await c(""/api/nexus/user/guilds"",e),r=(null!=(n=null!=(t=i.items)?t:i.guilds)?n:[]).map(e=>{var t,n,a,i,r,o,s,c,d,u,l,p,m,y;return{id:e.id,discordServerId:null!=(n=null!=(t=e.discordServerId)?t:e.discord_server_id)?n:"""",name:null!=(r=null!=(i=null!=(a=e.name)?a:e.discordGuildName)?i:e.discord_guild_name)?r:""Unknown Guild"",avatarUrl:null!=(o=e.avatarUrl)?o:e.avatar_url,memberCount:null!=(c=null!=(s=e.memberCount)?s:e.member_count)?c:0,representationCount:0,avgCred:null!=(u=null!=(d=e.avgCred)?d:e.avg_cred)?u:0,winRate:0,avgReturn:0,currentStreak:0,activeTradesCount:0,totalTrades:null!=(p=null!=(l=e.totalTrades)?l:e.total_trades)?p:0,seasonalRank:null!=(m=e.seasonalRank)?m:e.seasonal_rank,allTimeRank:null!=(y=e.allTimeRank)?y:e.all_time_rank,roster:[]}});return{guilds:r,total:null!=(a=i.total)?a:r.length}}async function eh(e,t){return c(""/api/nexus/guilds/"".concat(encodeURIComponent(t),""/roster""),e)}async function eT(e,t){return c(""/api/nexus/guilds/"".concat(encodeURIComponent(t),""/roster/candidates""),e)}async function"
/api/nexus/guilds/,/Volumes/EAGET/SKYLIT_RE/AUDIT_PUBLIC_2026-08-25/current_bundles/4338-2835906ea9e42f40.js,29669,"atarUrl)?o:e.avatar_url,memberCount:null!=(c=null!=(s=e.memberCount)?s:e.member_count)?c:0,representationCount:0,avgCred:null!=(u=null!=(d=e.avgCred)?d:e.avg_cred)?u:0,winRate:0,avgReturn:0,currentStreak:0,activeTradesCount:0,totalTrades:null!=(p=null!=(l=e.totalTrades)?l:e.total_trades)?p:0,seasonalRank:null!=(m=e.seasonalRank)?m:e.seasonal_rank,allTimeRank:null!=(y=e.allTimeRank)?y:e.all_time_rank,roster:[]}});return{guilds:r,total:null!=(a=i.total)?a:r.length}}async function eh(e,t){return c(""/api/nexus/guilds/"".concat(encodeURIComponent(t),""/roster""),e)}async function eT(e,t){return c(""/api/nexus/guilds/"".concat(encodeURIComponent(t),""/roster/candidates""),e)}async function eC(e,t,n){return c(""/api/nexus/guilds/"".concat(encodeURIComponent(t),""/roster""),e,{method:""PUT"",headers:{""Content-Type"":""application/json""},body:JSON.stringify({userIds:n})})}async function eS(e,t){return c(""/api/nexus/user/primary-guild"",e,{method:""PUT"",headers:{""Content-Type"":""application/json""},body:JSON.stringify({guild_id:t})})}async function ex(e,t){return c(""/api/nexus/users/"".concat(encodeURIComponent(t),""/rank-history""),e)}async function ek(e){return c(""/api/nexus/academy/courses"",e)}async function ev(e,t){return c(""/api/nexus/academy/courses/"".concat(encodeURIComponent(t)),e)}async function eI(e,t){return c(""/api/nexus/academy/courses/"".concat(encodeURIComponent(t),""/attempts""),e,{method:""POST"",headers:{""Content-Type"":""application/json""},body:JSON.stringify({})})}async function eP(e,t,n){return c(""/api/nexus/acad"
/api/nexus/user/primary-guild,/Volumes/EAGET/SKYLIT_RE/AUDIT_PUBLIC_2026-08-25/current_bundles/4338-2835906ea9e42f40.js,30062,"time_rank,roster:[]}});return{guilds:r,total:null!=(a=i.total)?a:r.length}}async function eh(e,t){return c(""/api/nexus/guilds/"".concat(encodeURIComponent(t),""/roster""),e)}async function eT(e,t){return c(""/api/nexus/guilds/"".concat(encodeURIComponent(t),""/roster/candidates""),e)}async function eC(e,t,n){return c(""/api/nexus/guilds/"".concat(encodeURIComponent(t),""/roster""),e,{method:""PUT"",headers:{""Content-Type"":""application/json""},body:JSON.stringify({userIds:n})})}async function eS(e,t){return c(""/api/nexus/user/primary-guild"",e,{method:""PUT"",headers:{""Content-Type"":""application/json""},body:JSON.stringify({guild_id:t})})}async function ex(e,t){return c(""/api/nexus/users/"".concat(encodeURIComponent(t),""/rank-history""),e)}async function ek(e){return c(""/api/nexus/academy/courses"",e)}async function ev(e,t){return c(""/api/nexus/academy/courses/"".concat(encodeURIComponent(t)),e)}async function eI(e,t){return c(""/api/nexus/academy/courses/"".concat(encodeURIComponent(t),""/attempts""),e,{method:""POST"",headers:{""Content-Type"":""application/json""},body:JSON.stringify({})})}async function eP(e,t,n){return c(""/api/nexus/academy/attempts/"".concat(encodeURIComponent(t),""/submit""),e,{method:""PUT"",headers:{""Content-Type"":""application/json""},body:JSON.stringify({answers:n.map(e=>({questionId:e.questionId,selectedOptionId:e.selectedOptionId}))})})}async function ew(e){return c(""/api/nexus/academy/certifications"",e)}async function eR(e){var t;let n=await c(""/api/nexus/admin/academy/courses"",e);return Array.isArray(n)?n:null!=(t"
/api/nexus/academy/courses,/Volumes/EAGET/SKYLIT_RE/AUDIT_PUBLIC_2026-08-25/current_bundles/4338-2835906ea9e42f40.js,30321,"er/candidates""),e)}async function eC(e,t,n){return c(""/api/nexus/guilds/"".concat(encodeURIComponent(t),""/roster""),e,{method:""PUT"",headers:{""Content-Type"":""application/json""},body:JSON.stringify({userIds:n})})}async function eS(e,t){return c(""/api/nexus/user/primary-guild"",e,{method:""PUT"",headers:{""Content-Type"":""application/json""},body:JSON.stringify({guild_id:t})})}async function ex(e,t){return c(""/api/nexus/users/"".concat(encodeURIComponent(t),""/rank-history""),e)}async function ek(e){return c(""/api/nexus/academy/courses"",e)}async function ev(e,t){return c(""/api/nexus/academy/courses/"".concat(encodeURIComponent(t)),e)}async function eI(e,t){return c(""/api/nexus/academy/courses/"".concat(encodeURIComponent(t),""/attempts""),e,{method:""POST"",headers:{""Content-Type"":""application/json""},body:JSON.stringify({})})}async function eP(e,t,n){return c(""/api/nexus/academy/attempts/"".concat(encodeURIComponent(t),""/submit""),e,{method:""PUT"",headers:{""Content-Type"":""application/json""},body:JSON.stringify({answers:n.map(e=>({questionId:e.questionId,selectedOptionId:e.selectedOptionId}))})})}async function ew(e){return c(""/api/nexus/academy/certifications"",e)}async function eR(e){var t;let n=await c(""/api/nexus/admin/academy/courses"",e);return Array.isArray(n)?n:null!=(t=null==n?void 0:n.courses)?t:[]}async function eA(e,t){return c(""/api/nexus/admin/academy/courses"",e,{method:""POST"",headers:{""Content-Type"":""application/json""},body:JSON.stringify(t)})}async function eb(e,t,n){return c(""/api/nexus/admin/academy/courses/"".c"
/api/nexus/academy/courses/,/Volumes/EAGET/SKYLIT_RE/AUDIT_PUBLIC_2026-08-25/current_bundles/4338-2835906ea9e42f40.js,30385,"/guilds/"".concat(encodeURIComponent(t),""/roster""),e,{method:""PUT"",headers:{""Content-Type"":""application/json""},body:JSON.stringify({userIds:n})})}async function eS(e,t){return c(""/api/nexus/user/primary-guild"",e,{method:""PUT"",headers:{""Content-Type"":""application/json""},body:JSON.stringify({guild_id:t})})}async function ex(e,t){return c(""/api/nexus/users/"".concat(encodeURIComponent(t),""/rank-history""),e)}async function ek(e){return c(""/api/nexus/academy/courses"",e)}async function ev(e,t){return c(""/api/nexus/academy/courses/"".concat(encodeURIComponent(t)),e)}async function eI(e,t){return c(""/api/nexus/academy/courses/"".concat(encodeURIComponent(t),""/attempts""),e,{method:""POST"",headers:{""Content-Type"":""application/json""},body:JSON.stringify({})})}async function eP(e,t,n){return c(""/api/nexus/academy/attempts/"".concat(encodeURIComponent(t),""/submit""),e,{method:""PUT"",headers:{""Content-Type"":""application/json""},body:JSON.stringify({answers:n.map(e=>({questionId:e.questionId,selectedOptionId:e.selectedOptionId}))})})}async function ew(e){return c(""/api/nexus/academy/certifications"",e)}async function eR(e){var t;let n=await c(""/api/nexus/admin/academy/courses"",e);return Array.isArray(n)?n:null!=(t=null==n?void 0:n.courses)?t:[]}async function eA(e,t){return c(""/api/nexus/admin/academy/courses"",e,{method:""POST"",headers:{""Content-Type"":""application/json""},body:JSON.stringify(t)})}async function eb(e,t,n){return c(""/api/nexus/admin/academy/courses/"".concat(encodeURIComponent(t)),e,{method:""PUT"",headers:{""Content-Ty"
/api/nexus/academy/attempts/,/Volumes/EAGET/SKYLIT_RE/AUDIT_PUBLIC_2026-08-25/current_bundles/4338-2835906ea9e42f40.js,30673,"({guild_id:t})})}async function ex(e,t){return c(""/api/nexus/users/"".concat(encodeURIComponent(t),""/rank-history""),e)}async function ek(e){return c(""/api/nexus/academy/courses"",e)}async function ev(e,t){return c(""/api/nexus/academy/courses/"".concat(encodeURIComponent(t)),e)}async function eI(e,t){return c(""/api/nexus/academy/courses/"".concat(encodeURIComponent(t),""/attempts""),e,{method:""POST"",headers:{""Content-Type"":""application/json""},body:JSON.stringify({})})}async function eP(e,t,n){return c(""/api/nexus/academy/attempts/"".concat(encodeURIComponent(t),""/submit""),e,{method:""PUT"",headers:{""Content-Type"":""application/json""},body:JSON.stringify({answers:n.map(e=>({questionId:e.questionId,selectedOptionId:e.selectedOptionId}))})})}async function ew(e){return c(""/api/nexus/academy/certifications"",e)}async function eR(e){var t;let n=await c(""/api/nexus/admin/academy/courses"",e);return Array.isArray(n)?n:null!=(t=null==n?void 0:n.courses)?t:[]}async function eA(e,t){return c(""/api/nexus/admin/academy/courses"",e,{method:""POST"",headers:{""Content-Type"":""application/json""},body:JSON.stringify(t)})}async function eb(e,t,n){return c(""/api/nexus/admin/academy/courses/"".concat(encodeURIComponent(t)),e,{method:""PUT"",headers:{""Content-Type"":""application/json""},body:JSON.stringify(n)})}async function e_(e,t){return c(""/api/nexus/admin/academy/courses/"".concat(encodeURIComponent(t)),e,{method:""DELETE""})}async function eU(e,t,n){return c(""/api/nexus/admin/academy/courses/"".concat(encodeURIComponent(t),""/sections""),e,{method"
/api/nexus/academy/certifications,/Volumes/EAGET/SKYLIT_RE/AUDIT_PUBLIC_2026-08-25/current_bundles/4338-2835906ea9e42f40.js,30941,"t)),e)}async function eI(e,t){return c(""/api/nexus/academy/courses/"".concat(encodeURIComponent(t),""/attempts""),e,{method:""POST"",headers:{""Content-Type"":""application/json""},body:JSON.stringify({})})}async function eP(e,t,n){return c(""/api/nexus/academy/attempts/"".concat(encodeURIComponent(t),""/submit""),e,{method:""PUT"",headers:{""Content-Type"":""application/json""},body:JSON.stringify({answers:n.map(e=>({questionId:e.questionId,selectedOptionId:e.selectedOptionId}))})})}async function ew(e){return c(""/api/nexus/academy/certifications"",e)}async function eR(e){var t;let n=await c(""/api/nexus/admin/academy/courses"",e);return Array.isArray(n)?n:null!=(t=null==n?void 0:n.courses)?t:[]}async function eA(e,t){return c(""/api/nexus/admin/academy/courses"",e,{method:""POST"",headers:{""Content-Type"":""application/json""},body:JSON.stringify(t)})}async function eb(e,t,n){return c(""/api/nexus/admin/academy/courses/"".concat(encodeURIComponent(t)),e,{method:""PUT"",headers:{""Content-Type"":""application/json""},body:JSON.stringify(n)})}async function e_(e,t){return c(""/api/nexus/admin/academy/courses/"".concat(encodeURIComponent(t)),e,{method:""DELETE""})}async function eU(e,t,n){return c(""/api/nexus/admin/academy/courses/"".concat(encodeURIComponent(t),""/sections""),e,{method:""POST"",headers:{""Content-Type"":""application/json""},body:JSON.stringify(n)})}async function eD(e,t,n){return c(""/api/nexus/admin/academy/sections/"".concat(encodeURIComponent(t)),e,{method:""PUT"",headers:{""Content-Type"":""application/json""},body:JSON.stringify(n)})}async func"
/api/nexus/admin/academy/courses,/Volumes/EAGET/SKYLIT_RE/AUDIT_PUBLIC_2026-08-25/current_bundles/4338-2835906ea9e42f40.js,31021,"deURIComponent(t),""/attempts""),e,{method:""POST"",headers:{""Content-Type"":""application/json""},body:JSON.stringify({})})}async function eP(e,t,n){return c(""/api/nexus/academy/attempts/"".concat(encodeURIComponent(t),""/submit""),e,{method:""PUT"",headers:{""Content-Type"":""application/json""},body:JSON.stringify({answers:n.map(e=>({questionId:e.questionId,selectedOptionId:e.selectedOptionId}))})})}async function ew(e){return c(""/api/nexus/academy/certifications"",e)}async function eR(e){var t;let n=await c(""/api/nexus/admin/academy/courses"",e);return Array.isArray(n)?n:null!=(t=null==n?void 0:n.courses)?t:[]}async function eA(e,t){return c(""/api/nexus/admin/academy/courses"",e,{method:""POST"",headers:{""Content-Type"":""application/json""},body:JSON.stringify(t)})}async function eb(e,t,n){return c(""/api/nexus/admin/academy/courses/"".concat(encodeURIComponent(t)),e,{method:""PUT"",headers:{""Content-Type"":""application/json""},body:JSON.stringify(n)})}async function e_(e,t){return c(""/api/nexus/admin/academy/courses/"".concat(encodeURIComponent(t)),e,{method:""DELETE""})}async function eU(e,t,n){return c(""/api/nexus/admin/academy/courses/"".concat(encodeURIComponent(t),""/sections""),e,{method:""POST"",headers:{""Content-Type"":""application/json""},body:JSON.stringify(n)})}async function eD(e,t,n){return c(""/api/nexus/admin/academy/sections/"".concat(encodeURIComponent(t)),e,{method:""PUT"",headers:{""Content-Type"":""application/json""},body:JSON.stringify(n)})}async function eO(e,t){return c(""/api/nexus/admin/academy/sections/"".concat(encodeURIComp"
/api/nexus/admin/academy/courses/,/Volumes/EAGET/SKYLIT_RE/AUDIT_PUBLIC_2026-08-25/current_bundles/4338-2835906ea9e42f40.js,31312,"N.stringify({answers:n.map(e=>({questionId:e.questionId,selectedOptionId:e.selectedOptionId}))})})}async function ew(e){return c(""/api/nexus/academy/certifications"",e)}async function eR(e){var t;let n=await c(""/api/nexus/admin/academy/courses"",e);return Array.isArray(n)?n:null!=(t=null==n?void 0:n.courses)?t:[]}async function eA(e,t){return c(""/api/nexus/admin/academy/courses"",e,{method:""POST"",headers:{""Content-Type"":""application/json""},body:JSON.stringify(t)})}async function eb(e,t,n){return c(""/api/nexus/admin/academy/courses/"".concat(encodeURIComponent(t)),e,{method:""PUT"",headers:{""Content-Type"":""application/json""},body:JSON.stringify(n)})}async function e_(e,t){return c(""/api/nexus/admin/academy/courses/"".concat(encodeURIComponent(t)),e,{method:""DELETE""})}async function eU(e,t,n){return c(""/api/nexus/admin/academy/courses/"".concat(encodeURIComponent(t),""/sections""),e,{method:""POST"",headers:{""Content-Type"":""application/json""},body:JSON.stringify(n)})}async function eD(e,t,n){return c(""/api/nexus/admin/academy/sections/"".concat(encodeURIComponent(t)),e,{method:""PUT"",headers:{""Content-Type"":""application/json""},body:JSON.stringify(n)})}async function eO(e,t){return c(""/api/nexus/admin/academy/sections/"".concat(encodeURIComponent(t)),e,{method:""DELETE""})}async function eE(e,t,n){return c(""/api/nexus/admin/academy/sections/"".concat(encodeURIComponent(t),""/questions""),e,{method:""POST"",headers:{""Content-Type"":""application/json""},body:JSON.stringify(n)})}async function eN(e,t,n){return c(""/api/nexus/admin/academy/q"
/api/nexus/admin/academy/sections/,/Volumes/EAGET/SKYLIT_RE/AUDIT_PUBLIC_2026-08-25/current_bundles/4338-2835906ea9e42f40.js,31814,"api/nexus/admin/academy/courses/"".concat(encodeURIComponent(t)),e,{method:""PUT"",headers:{""Content-Type"":""application/json""},body:JSON.stringify(n)})}async function e_(e,t){return c(""/api/nexus/admin/academy/courses/"".concat(encodeURIComponent(t)),e,{method:""DELETE""})}async function eU(e,t,n){return c(""/api/nexus/admin/academy/courses/"".concat(encodeURIComponent(t),""/sections""),e,{method:""POST"",headers:{""Content-Type"":""application/json""},body:JSON.stringify(n)})}async function eD(e,t,n){return c(""/api/nexus/admin/academy/sections/"".concat(encodeURIComponent(t)),e,{method:""PUT"",headers:{""Content-Type"":""application/json""},body:JSON.stringify(n)})}async function eO(e,t){return c(""/api/nexus/admin/academy/sections/"".concat(encodeURIComponent(t)),e,{method:""DELETE""})}async function eE(e,t,n){return c(""/api/nexus/admin/academy/sections/"".concat(encodeURIComponent(t),""/questions""),e,{method:""POST"",headers:{""Content-Type"":""application/json""},body:JSON.stringify(n)})}async function eN(e,t,n){return c(""/api/nexus/admin/academy/questions/"".concat(encodeURIComponent(t)),e,{method:""PUT"",headers:{""Content-Type"":""application/json""},body:JSON.stringify(n)})}async function eQ(e,t){return c(""/api/nexus/admin/academy/questions/"".concat(encodeURIComponent(t)),e,{method:""DELETE""})}async function ej(e,t){let n=!(arguments.length>2)||void 0===arguments[2]||arguments[2];return c(""/api/nexus/admin/academy/courses/"".concat(encodeURIComponent(t),""/publish""),e,{method:""PUT"",headers:{""Content-Type"":""application/json""},body:JSON.stringify({p"
/api/nexus/admin/academy/questions/,/Volumes/EAGET/SKYLIT_RE/AUDIT_PUBLIC_2026-08-25/current_bundles/4338-2835906ea9e42f40.js,32320,"nexus/admin/academy/sections/"".concat(encodeURIComponent(t)),e,{method:""PUT"",headers:{""Content-Type"":""application/json""},body:JSON.stringify(n)})}async function eO(e,t){return c(""/api/nexus/admin/academy/sections/"".concat(encodeURIComponent(t)),e,{method:""DELETE""})}async function eE(e,t,n){return c(""/api/nexus/admin/academy/sections/"".concat(encodeURIComponent(t),""/questions""),e,{method:""POST"",headers:{""Content-Type"":""application/json""},body:JSON.stringify(n)})}async function eN(e,t,n){return c(""/api/nexus/admin/academy/questions/"".concat(encodeURIComponent(t)),e,{method:""PUT"",headers:{""Content-Type"":""application/json""},body:JSON.stringify(n)})}async function eQ(e,t){return c(""/api/nexus/admin/academy/questions/"".concat(encodeURIComponent(t)),e,{method:""DELETE""})}async function ej(e,t){let n=!(arguments.length>2)||void 0===arguments[2]||arguments[2];return c(""/api/nexus/admin/academy/courses/"".concat(encodeURIComponent(t),""/publish""),e,{method:""PUT"",headers:{""Content-Type"":""application/json""},body:JSON.stringify({published:n})})}async function eJ(e){var t;let n=await c(""/api/nexus/admin/academy/categories"",e);return null!=(t=null==n?void 0:n.categories)?t:[]}async function eL(e,t){return c(""/api/nexus/admin/academy/categories"",e,{method:""POST"",headers:{""Content-Type"":""application/json""},body:JSON.stringify(t)})}async function eq(e,t,n){return c(""/api/nexus/admin/academy/categories/"".concat(encodeURIComponent(t)),e,{method:""PUT"",headers:{""Content-Type"":""application/json""},body:JSON.stringify(n)})}async function e"
/api/nexus/admin/academy/categories,/Volumes/EAGET/SKYLIT_RE/AUDIT_PUBLIC_2026-08-25/current_bundles/4338-2835906ea9e42f40.js,32906,"aders:{""Content-Type"":""application/json""},body:JSON.stringify(n)})}async function eQ(e,t){return c(""/api/nexus/admin/academy/questions/"".concat(encodeURIComponent(t)),e,{method:""DELETE""})}async function ej(e,t){let n=!(arguments.length>2)||void 0===arguments[2]||arguments[2];return c(""/api/nexus/admin/academy/courses/"".concat(encodeURIComponent(t),""/publish""),e,{method:""PUT"",headers:{""Content-Type"":""application/json""},body:JSON.stringify({published:n})})}async function eJ(e){var t;let n=await c(""/api/nexus/admin/academy/categories"",e);return null!=(t=null==n?void 0:n.categories)?t:[]}async function eL(e,t){return c(""/api/nexus/admin/academy/categories"",e,{method:""POST"",headers:{""Content-Type"":""application/json""},body:JSON.stringify(t)})}async function eq(e,t,n){return c(""/api/nexus/admin/academy/categories/"".concat(encodeURIComponent(t)),e,{method:""PUT"",headers:{""Content-Type"":""application/json""},body:JSON.stringify(n)})}async function eM(e,t){return c(""/api/nexus/admin/academy/categories/"".concat(encodeURIComponent(t)),e,{method:""DELETE""})}async function eY(e,t){return c(""/api/nexus/admin/academy/courses/"".concat(encodeURIComponent(t)),e)}async function eG(e,t,n){return c(""/api/nexus/admin/academy/upload/presign"",e,{method:""POST"",headers:{""Content-Type"":""application/json""},body:JSON.stringify({filename:t,contentType:n})})}async function eV(e,t,n){return c(""/api/nexus/academy/courses/"".concat(encodeURIComponent(t),""/reviews""),e,{method:""POST"",headers:{""Content-Type"":""application/json""},body:JSON.stringify(n)})}a"
/api/nexus/admin/academy/categories/,/Volumes/EAGET/SKYLIT_RE/AUDIT_PUBLIC_2026-08-25/current_bundles/4338-2835906ea9e42f40.js,33187,"n c(""/api/nexus/admin/academy/courses/"".concat(encodeURIComponent(t),""/publish""),e,{method:""PUT"",headers:{""Content-Type"":""application/json""},body:JSON.stringify({published:n})})}async function eJ(e){var t;let n=await c(""/api/nexus/admin/academy/categories"",e);return null!=(t=null==n?void 0:n.categories)?t:[]}async function eL(e,t){return c(""/api/nexus/admin/academy/categories"",e,{method:""POST"",headers:{""Content-Type"":""application/json""},body:JSON.stringify(t)})}async function eq(e,t,n){return c(""/api/nexus/admin/academy/categories/"".concat(encodeURIComponent(t)),e,{method:""PUT"",headers:{""Content-Type"":""application/json""},body:JSON.stringify(n)})}async function eM(e,t){return c(""/api/nexus/admin/academy/categories/"".concat(encodeURIComponent(t)),e,{method:""DELETE""})}async function eY(e,t){return c(""/api/nexus/admin/academy/courses/"".concat(encodeURIComponent(t)),e)}async function eG(e,t,n){return c(""/api/nexus/admin/academy/upload/presign"",e,{method:""POST"",headers:{""Content-Type"":""application/json""},body:JSON.stringify({filename:t,contentType:n})})}async function eV(e,t,n){return c(""/api/nexus/academy/courses/"".concat(encodeURIComponent(t),""/reviews""),e,{method:""POST"",headers:{""Content-Type"":""application/json""},body:JSON.stringify(n)})}async function eH(e,t){return c(""/api/nexus/admin/academy/courses/"".concat(encodeURIComponent(t),""/reviews""),e)}async function ez(e){return c(""/api/nexus/copytrade/schema"",e)}async function eB(e,t){return c(""/api/nexus/copytrade/schema"",e,{method:""POST"",headers:{""Content-Type"":""appl"
/api/nexus/admin/academy/upload/presign,/Volumes/EAGET/SKYLIT_RE/AUDIT_PUBLIC_2026-08-25/current_bundles/4338-2835906ea9e42f40.js,33598,"ent-Type"":""application/json""},body:JSON.stringify(t)})}async function eq(e,t,n){return c(""/api/nexus/admin/academy/categories/"".concat(encodeURIComponent(t)),e,{method:""PUT"",headers:{""Content-Type"":""application/json""},body:JSON.stringify(n)})}async function eM(e,t){return c(""/api/nexus/admin/academy/categories/"".concat(encodeURIComponent(t)),e,{method:""DELETE""})}async function eY(e,t){return c(""/api/nexus/admin/academy/courses/"".concat(encodeURIComponent(t)),e)}async function eG(e,t,n){return c(""/api/nexus/admin/academy/upload/presign"",e,{method:""POST"",headers:{""Content-Type"":""application/json""},body:JSON.stringify({filename:t,contentType:n})})}async function eV(e,t,n){return c(""/api/nexus/academy/courses/"".concat(encodeURIComponent(t),""/reviews""),e,{method:""POST"",headers:{""Content-Type"":""application/json""},body:JSON.stringify(n)})}async function eH(e,t){return c(""/api/nexus/admin/academy/courses/"".concat(encodeURIComponent(t),""/reviews""),e)}async function ez(e){return c(""/api/nexus/copytrade/schema"",e)}async function eB(e,t){return c(""/api/nexus/copytrade/schema"",e,{method:""POST"",headers:{""Content-Type"":""application/json""},body:JSON.stringify(t)})}async function eF(e,t){return c(""/api/nexus/copytrade/schema"",e,{method:""PUT"",headers:{""Content-Type"":""application/json""},body:JSON.stringify(t)})}async function eK(e){return c(""/api/nexus/copytrade/schema/traders"",e)}async function eX(e,t){return c(""/api/nexus/copytrade/schema/traders"",e,{method:""POST"",headers:{""Content-Type"":""application/json""},body:JSON.stringify(t)})}"
/api/nexus/copytrade/schema,/Volumes/EAGET/SKYLIT_RE/AUDIT_PUBLIC_2026-08-25/current_bundles/4338-2835906ea9e42f40.js,34084,"t,n){return c(""/api/nexus/admin/academy/upload/presign"",e,{method:""POST"",headers:{""Content-Type"":""application/json""},body:JSON.stringify({filename:t,contentType:n})})}async function eV(e,t,n){return c(""/api/nexus/academy/courses/"".concat(encodeURIComponent(t),""/reviews""),e,{method:""POST"",headers:{""Content-Type"":""application/json""},body:JSON.stringify(n)})}async function eH(e,t){return c(""/api/nexus/admin/academy/courses/"".concat(encodeURIComponent(t),""/reviews""),e)}async function ez(e){return c(""/api/nexus/copytrade/schema"",e)}async function eB(e,t){return c(""/api/nexus/copytrade/schema"",e,{method:""POST"",headers:{""Content-Type"":""application/json""},body:JSON.stringify(t)})}async function eF(e,t){return c(""/api/nexus/copytrade/schema"",e,{method:""PUT"",headers:{""Content-Type"":""application/json""},body:JSON.stringify(t)})}async function eK(e){return c(""/api/nexus/copytrade/schema/traders"",e)}async function eX(e,t){return c(""/api/nexus/copytrade/schema/traders"",e,{method:""POST"",headers:{""Content-Type"":""application/json""},body:JSON.stringify(t)})}async function e$(e,t,n){return c(""/api/nexus/copytrade/schema/traders/"".concat(encodeURIComponent(t)),e,{method:""PUT"",headers:{""Content-Type"":""application/json""},body:JSON.stringify(n)})}async function eZ(e,t){return c(""/api/nexus/copytrade/schema/traders/"".concat(encodeURIComponent(t)),e,{method:""DELETE""})}async function eW(e,t){let n=new URLSearchParams;(null==t?void 0:t.status)&&n.append(""status"",t.status),(null==t?void 0:t.limit)!==void 0&&n.append(""limit"",t.limit."
/api/nexus/copytrade/schema/traders,/Volumes/EAGET/SKYLIT_RE/AUDIT_PUBLIC_2026-08-25/current_bundles/4338-2835906ea9e42f40.js,34442,"async function eH(e,t){return c(""/api/nexus/admin/academy/courses/"".concat(encodeURIComponent(t),""/reviews""),e)}async function ez(e){return c(""/api/nexus/copytrade/schema"",e)}async function eB(e,t){return c(""/api/nexus/copytrade/schema"",e,{method:""POST"",headers:{""Content-Type"":""application/json""},body:JSON.stringify(t)})}async function eF(e,t){return c(""/api/nexus/copytrade/schema"",e,{method:""PUT"",headers:{""Content-Type"":""application/json""},body:JSON.stringify(t)})}async function eK(e){return c(""/api/nexus/copytrade/schema/traders"",e)}async function eX(e,t){return c(""/api/nexus/copytrade/schema/traders"",e,{method:""POST"",headers:{""Content-Type"":""application/json""},body:JSON.stringify(t)})}async function e$(e,t,n){return c(""/api/nexus/copytrade/schema/traders/"".concat(encodeURIComponent(t)),e,{method:""PUT"",headers:{""Content-Type"":""application/json""},body:JSON.stringify(n)})}async function eZ(e,t){return c(""/api/nexus/copytrade/schema/traders/"".concat(encodeURIComponent(t)),e,{method:""DELETE""})}async function eW(e,t){let n=new URLSearchParams;(null==t?void 0:t.status)&&n.append(""status"",t.status),(null==t?void 0:t.limit)!==void 0&&n.append(""limit"",t.limit.toString()),(null==t?void 0:t.offset)!==void 0&&n.append(""offset"",t.offset.toString());let a=n.toString();return c(""/api/nexus/copytrade/executions"".concat(a?""?"".concat(a):""""),e)}async function e0(e,t){return c(""/api/nexus/copytrade/executions/"".concat(encodeURIComponent(t),""/timeline""),e)}async function e1(e,t){return c(""/api/nexus/copytrade/executions/"".concat(e"
/api/nexus/copytrade/schema/traders/,/Volumes/EAGET/SKYLIT_RE/AUDIT_PUBLIC_2026-08-25/current_bundles/4338-2835906ea9e42f40.js,34673,"hema"",e,{method:""POST"",headers:{""Content-Type"":""application/json""},body:JSON.stringify(t)})}async function eF(e,t){return c(""/api/nexus/copytrade/schema"",e,{method:""PUT"",headers:{""Content-Type"":""application/json""},body:JSON.stringify(t)})}async function eK(e){return c(""/api/nexus/copytrade/schema/traders"",e)}async function eX(e,t){return c(""/api/nexus/copytrade/schema/traders"",e,{method:""POST"",headers:{""Content-Type"":""application/json""},body:JSON.stringify(t)})}async function e$(e,t,n){return c(""/api/nexus/copytrade/schema/traders/"".concat(encodeURIComponent(t)),e,{method:""PUT"",headers:{""Content-Type"":""application/json""},body:JSON.stringify(n)})}async function eZ(e,t){return c(""/api/nexus/copytrade/schema/traders/"".concat(encodeURIComponent(t)),e,{method:""DELETE""})}async function eW(e,t){let n=new URLSearchParams;(null==t?void 0:t.status)&&n.append(""status"",t.status),(null==t?void 0:t.limit)!==void 0&&n.append(""limit"",t.limit.toString()),(null==t?void 0:t.offset)!==void 0&&n.append(""offset"",t.offset.toString());let a=n.toString();return c(""/api/nexus/copytrade/executions"".concat(a?""?"".concat(a):""""),e)}async function e0(e,t){return c(""/api/nexus/copytrade/executions/"".concat(encodeURIComponent(t),""/timeline""),e)}async function e1(e,t){return c(""/api/nexus/copytrade/executions/"".concat(encodeURIComponent(t),""/approve""),e,{method:""POST""})}async function e2(e,t){return c(""/api/nexus/copytrade/executions/"".concat(encodeURIComponent(t),""/reject""),e,{method:""POST""})}async function e5(e,t){return c(""/api/nexus/copytrade/"
/api/nexus/copytrade/executions,/Volumes/EAGET/SKYLIT_RE/AUDIT_PUBLIC_2026-08-25/current_bundles/4338-2835906ea9e42f40.js,35228,"Component(t)),e,{method:""PUT"",headers:{""Content-Type"":""application/json""},body:JSON.stringify(n)})}async function eZ(e,t){return c(""/api/nexus/copytrade/schema/traders/"".concat(encodeURIComponent(t)),e,{method:""DELETE""})}async function eW(e,t){let n=new URLSearchParams;(null==t?void 0:t.status)&&n.append(""status"",t.status),(null==t?void 0:t.limit)!==void 0&&n.append(""limit"",t.limit.toString()),(null==t?void 0:t.offset)!==void 0&&n.append(""offset"",t.offset.toString());let a=n.toString();return c(""/api/nexus/copytrade/executions"".concat(a?""?"".concat(a):""""),e)}async function e0(e,t){return c(""/api/nexus/copytrade/executions/"".concat(encodeURIComponent(t),""/timeline""),e)}async function e1(e,t){return c(""/api/nexus/copytrade/executions/"".concat(encodeURIComponent(t),""/approve""),e,{method:""POST""})}async function e2(e,t){return c(""/api/nexus/copytrade/executions/"".concat(encodeURIComponent(t),""/reject""),e,{method:""POST""})}async function e5(e,t){return c(""/api/nexus/copytrade/executions/"".concat(encodeURIComponent(t),""/detach""),e,{method:""POST""})}async function e8(e){return c(""/api/nexus/copytrade/schema/kill"",e,{method:""POST""})}}}]);"
/api/nexus/copytrade/executions/,/Volumes/EAGET/SKYLIT_RE/AUDIT_PUBLIC_2026-08-25/current_bundles/4338-2835906ea9e42f40.js,35324,"})}async function eZ(e,t){return c(""/api/nexus/copytrade/schema/traders/"".concat(encodeURIComponent(t)),e,{method:""DELETE""})}async function eW(e,t){let n=new URLSearchParams;(null==t?void 0:t.status)&&n.append(""status"",t.status),(null==t?void 0:t.limit)!==void 0&&n.append(""limit"",t.limit.toString()),(null==t?void 0:t.offset)!==void 0&&n.append(""offset"",t.offset.toString());let a=n.toString();return c(""/api/nexus/copytrade/executions"".concat(a?""?"".concat(a):""""),e)}async function e0(e,t){return c(""/api/nexus/copytrade/executions/"".concat(encodeURIComponent(t),""/timeline""),e)}async function e1(e,t){return c(""/api/nexus/copytrade/executions/"".concat(encodeURIComponent(t),""/approve""),e,{method:""POST""})}async function e2(e,t){return c(""/api/nexus/copytrade/executions/"".concat(encodeURIComponent(t),""/reject""),e,{method:""POST""})}async function e5(e,t){return c(""/api/nexus/copytrade/executions/"".concat(encodeURIComponent(t),""/detach""),e,{method:""POST""})}async function e8(e){return c(""/api/nexus/copytrade/schema/kill"",e,{method:""POST""})}}}]);"
/api/nexus/copytrade/schema/kill,/Volumes/EAGET/SKYLIT_RE/AUDIT_PUBLIC_2026-08-25/current_bundles/4338-2835906ea9e42f40.js,35813,"){return c(""/api/nexus/copytrade/executions/"".concat(encodeURIComponent(t),""/timeline""),e)}async function e1(e,t){return c(""/api/nexus/copytrade/executions/"".concat(encodeURIComponent(t),""/approve""),e,{method:""POST""})}async function e2(e,t){return c(""/api/nexus/copytrade/executions/"".concat(encodeURIComponent(t),""/reject""),e,{method:""POST""})}async function e5(e,t){return c(""/api/nexus/copytrade/executions/"".concat(encodeURIComponent(t),""/detach""),e,{method:""POST""})}async function e8(e){return c(""/api/nexus/copytrade/schema/kill"",e,{method:""POST""})}}}]);"
/api/changelog,/Volumes/EAGET/SKYLIT_RE/AUDIT_PUBLIC_2026-08-25/current_bundles/1536-064f08115df39c50.js,10974,"er-side watchlist state."",category:""heatseeker"",type:""bug_fix"",attachments:[],authorId:""user_admin"",authorName:""Jimin Kim"",authorAvatarUrl:u(""Jimin Kim""),reactions:{...p,thumbsUp:6,clap:3},userReactions:[],createdAt:c(55),updatedAt:c(55)}]),n(87358);class m extends Error{constructor(e,t,n=""UNKNOWN""){super(e),this.name=""ChangelogAPIError"",this.status=t,this.code=n}}async function g(e,t){let n=arguments.length>2&&void 0!==arguments[2]?arguments[2]:{},r=await e(),a="""".concat(window.location.origin,""/api/changelog"").concat(t),l=await fetch(a,{...n,headers:{""Content-Type"":""application/json"",...r?{Authorization:""Bearer "".concat(r)}:{},...n.headers}});if(!l.ok){let e=await l.json().catch(()=>({}));throw new m(e.message||""Request failed: "".concat(l.status),l.status,e.code)}if(204!==l.status)return l.json()}async function h(e,t){let n=new URLSearchParams;(null==t?void 0:t.category)&&n.set(""category"",t.category),(null==t?void 0:t.cursor)&&n.set(""cursor"",t.cursor),(null==t?void 0:t.limit)&&n.set(""limit"",String(t.limit));let r=n.toString();return g(e,r?""?"".concat(r):"""")}async function x(e,t){return g(e,"""",{method:""POST"",body:JSON.stringify(t)})}async function f(e,t,n){return g(e,""/"".concat(t),{method:""PATCH"",body:JSON.stringify(n)})}async function b(e,t){return g(e,""/"".concat(t),{method:""DELETE""})}async function y(e,t,n){return g(e,""/"".concat(t,""/reactions""),{method:""POST"",body:JSON.stringify({type:n})})}async function v(e){return g(e,""/seen"",{method:""PATCH""})}async function k(e){return g(e,""/unseen"")}l"
/api/glitch/feed,/Volumes/EAGET/SKYLIT_RE/AUDIT_PUBLIC_2026-08-25/current_bundles/1536-064f08115df39c50.js,61175,"i=s.slice(0,o),c=i.length===o&&s.length>o?i[i.length-1].id:null;return{messages:i,nextCursor:c}}(t);let r=new URLSearchParams;t.source&&""all""!==t.source&&r.set(""source"",t.source),t.ticker&&r.set(""ticker"",t.ticker.toUpperCase()),t.tickers&&t.tickers.length>0&&r.set(""tickers"",t.tickers.map(e=>e.toUpperCase()).join("","")),""number""==typeof t.minSignal&&r.set(""minSignal"",String(t.minSignal)),t.before&&r.set(""before"",t.before),t.limit&&r.set(""limit"",String(t.limit));let a=r.toString(),l="""".concat(eY(),""/api/glitch/feed"").concat(a?""?"".concat(a):""""),o=new Headers;try{let t=await e();t&&o.set(""Authorization"",""Bearer "".concat(t))}catch(e){console.warn(""[Glitch API] Failed to get Clerk token:"",e)}try{let e=await fetch(l,{headers:o,signal:n});if(!e.ok){let t=""HTTP "".concat(e.status,"": "").concat(e.statusText);try{let n=await e.json();t=n.message||n.error||t}catch(e){}throw new eX(t,e.status)}let t=await e.json();if(!t||""object""!=typeof t||!Array.isArray(t.messages))throw new eX(""Unexpected response shape from /api/glitch/feed (endpoint not deployed?)"",e.status);return t}catch(e){if(e instanceof eX||e instanceof DOMException&&""AbortError""===e.name)throw e;throw new eX(""Network error: "".concat(e instanceof Error?e.message:""Unknown error""),0)}}var e$=n(90960),eJ=n(52777);function eZ(e){let t=document.createElement(""div"");t.style.position=""fixed"",t.style.height=""env(safe-area-inset-"".concat(e,"", 0px)""),t.style.visibility=""hidden"",document.body.appendChild(t);let n=parseFloat(getComputedStyle(t).height)||0;retur"
/api/v1/talon/followups,/Volumes/EAGET/SKYLIT_RE/AUDIT_PUBLIC_2026-08-25/current_bundles/1536-064f08115df39c50.js,89539,"-md bg-primary px-4 py-2 text-sm font-medium text-primary-foreground shadow hover:bg-primary/90 disabled:opacity-50 disabled:pointer-events-none transition-colors"",children:[s&&(0,r.jsx)(no.A,{className:""size-4 animate-spin""}),""I understand""]})]})]})})}function ng(e){return e.startsWith(""cadence-"")?""cadence"":e.startsWith(""page-"")?""page"":e.startsWith(""followup-"")?""followup"":""unknown""}async function nh(e){if(0===e.liveCapabilityIds.length)return[];try{var t;let n=await fetch("""".concat((0,tV.FC)(),""/api/v1/talon/followups""),{method:""POST"",headers:{""Content-Type"":""application/json"",Accept:""application/json""},body:JSON.stringify({answer:e.answer,page_type:e.pageType,ticker:null!=(t=e.ticker)?t:null,live_capability_ids:e.liveCapabilityIds})});if(!n.ok)return[];let r=await n.json();return(Array.isArray(null==r?void 0:r.chips)?r.chips:[]).filter(e=>""string""==typeof(null==e?void 0:e.question)&&e.question.trim().length>0).map((e,t)=>({id:""followup-"".concat(t),type:""quick_reply"",label:e.question,prompt:e.question}))}catch(e){return[]}}var nx=n(60080),nf=n(54390),nb=n(30814),ny=n(79397),nv=n(90889),nk=n(90399),nw=n(39068),nj=n(84382),nS=n(10383),nN=n(71360),nT=n(20908),nA=n(9058);let nC=[{id:""levels"",name:""Levels"",shortcut:""/levels"",description:""Key GEX/VEX levels for a symbol"",icon:nb.A,category:""skill"",completion:""symbol"",usage:""/levels SPY""},{id:""flow"",name:""Flow"",shortcut:""/flow"",description:""Single-leg options flow digest"",icon:H.A,category:""skill"",completion:""symbol"",usage:""/flow NVDA""},{id:""darkpool"",name"
/flow/compass,/Volumes/EAGET/SKYLIT_RE/AUDIT_PUBLIC_2026-08-25/current_bundles/1536-064f08115df39c50.js,108693,"5"",n5={fontSize:""11.5px"",fontWeight:400,letterSpacing:""0""},n4=new Set(nC.map(e=>e.shortcut));function n3(e){if(!e)return{};if(""/""===e)return{pageType:""heatseeker"",pageId:""heatseeker""};let t=e.match(/^\/agents\/research\/([^/?#]+)/);if(t)return{pageType:""research"",pageId:""research"",focusedTicker:n9(t[1])};let n=e.match(/^\/agents\/trade\/([^/?#]+)/);return n?{pageType:""trade"",pageId:""trade"",focusedTicker:n9(n[1])}:e.startsWith(""/agents/flow-ai"")?{pageType:""flow-ai"",pageId:""flow-ai""}:e.startsWith(""/flow/compass"")?{pageType:""compass"",pageId:""compass""}:e.startsWith(""/flow/live"")?{pageType:""livefeed"",pageId:n6(e)}:e.startsWith(""/flow/tracker"")?{pageType:""tracker"",pageId:n6(e)}:e.startsWith(""/flow/scanner"")?{pageType:""scanner"",pageId:n6(e)}:e.startsWith(""/flow/lookup"")?{pageType:""contract_lookup"",pageId:n6(e)}:""/alerts""===e?{pageType:""alerts"",pageId:""alerts""}:""/atlas""===e||""/charts""===e?{pageType:""atlas"",pageId:n6(e)}:""/trinity""===e?{pageType:""trinity"",pageId:""trinity""}:e.match(/^\/academy\/([^/?#]+)/)?{pageType:""academy"",pageId:""academy""}:{pageId:n6(e)}}function n6(e){let t,n=e.replace(/\/+$/,"""")||""/"",r=_.zt[n];if(r)return r;let a="""";for(let[e,r]of Object.entries(_.zt))""/""!==e&&n.startsWith(e+""/"")&&e.length>a.length&&(a=e,t=r);let l=n.split(""/"").filter(Boolean);if(t){let e=a.split(""/"").filter(Boolean).length;return Object.keys(_.zt).some(e=>e!==a&&e.startsWith(a+""/""))?l[e]:t}return 0===l.length?""unknown"":l[l.length-1]}let n8=/^[A-Z0-9][A-Z0-9.\-^]{0,11}$/;function n9(e){let t;try{t=decodeURIComp"
/flow/live,/Volumes/EAGET/SKYLIT_RE/AUDIT_PUBLIC_2026-08-25/current_bundles/1536-064f08115df39c50.js,108761,"t(nC.map(e=>e.shortcut));function n3(e){if(!e)return{};if(""/""===e)return{pageType:""heatseeker"",pageId:""heatseeker""};let t=e.match(/^\/agents\/research\/([^/?#]+)/);if(t)return{pageType:""research"",pageId:""research"",focusedTicker:n9(t[1])};let n=e.match(/^\/agents\/trade\/([^/?#]+)/);return n?{pageType:""trade"",pageId:""trade"",focusedTicker:n9(n[1])}:e.startsWith(""/agents/flow-ai"")?{pageType:""flow-ai"",pageId:""flow-ai""}:e.startsWith(""/flow/compass"")?{pageType:""compass"",pageId:""compass""}:e.startsWith(""/flow/live"")?{pageType:""livefeed"",pageId:n6(e)}:e.startsWith(""/flow/tracker"")?{pageType:""tracker"",pageId:n6(e)}:e.startsWith(""/flow/scanner"")?{pageType:""scanner"",pageId:n6(e)}:e.startsWith(""/flow/lookup"")?{pageType:""contract_lookup"",pageId:n6(e)}:""/alerts""===e?{pageType:""alerts"",pageId:""alerts""}:""/atlas""===e||""/charts""===e?{pageType:""atlas"",pageId:n6(e)}:""/trinity""===e?{pageType:""trinity"",pageId:""trinity""}:e.match(/^\/academy\/([^/?#]+)/)?{pageType:""academy"",pageId:""academy""}:{pageId:n6(e)}}function n6(e){let t,n=e.replace(/\/+$/,"""")||""/"",r=_.zt[n];if(r)return r;let a="""";for(let[e,r]of Object.entries(_.zt))""/""!==e&&n.startsWith(e+""/"")&&e.length>a.length&&(a=e,t=r);let l=n.split(""/"").filter(Boolean);if(t){let e=a.split(""/"").filter(Boolean).length;return Object.keys(_.zt).some(e=>e!==a&&e.startsWith(a+""/""))?l[e]:t}return 0===l.length?""unknown"":l[l.length-1]}let n8=/^[A-Z0-9][A-Z0-9.\-^]{0,11}$/;function n9(e){let t;try{t=decodeURIComponent(e).trim().toUpperCase()}catch(n){t=e.trim().toUpperCase()}r"
/flow/tracker,/Volumes/EAGET/SKYLIT_RE/AUDIT_PUBLIC_2026-08-25/current_bundles/1536-064f08115df39c50.js,108823,"==e)return{pageType:""heatseeker"",pageId:""heatseeker""};let t=e.match(/^\/agents\/research\/([^/?#]+)/);if(t)return{pageType:""research"",pageId:""research"",focusedTicker:n9(t[1])};let n=e.match(/^\/agents\/trade\/([^/?#]+)/);return n?{pageType:""trade"",pageId:""trade"",focusedTicker:n9(n[1])}:e.startsWith(""/agents/flow-ai"")?{pageType:""flow-ai"",pageId:""flow-ai""}:e.startsWith(""/flow/compass"")?{pageType:""compass"",pageId:""compass""}:e.startsWith(""/flow/live"")?{pageType:""livefeed"",pageId:n6(e)}:e.startsWith(""/flow/tracker"")?{pageType:""tracker"",pageId:n6(e)}:e.startsWith(""/flow/scanner"")?{pageType:""scanner"",pageId:n6(e)}:e.startsWith(""/flow/lookup"")?{pageType:""contract_lookup"",pageId:n6(e)}:""/alerts""===e?{pageType:""alerts"",pageId:""alerts""}:""/atlas""===e||""/charts""===e?{pageType:""atlas"",pageId:n6(e)}:""/trinity""===e?{pageType:""trinity"",pageId:""trinity""}:e.match(/^\/academy\/([^/?#]+)/)?{pageType:""academy"",pageId:""academy""}:{pageId:n6(e)}}function n6(e){let t,n=e.replace(/\/+$/,"""")||""/"",r=_.zt[n];if(r)return r;let a="""";for(let[e,r]of Object.entries(_.zt))""/""!==e&&n.startsWith(e+""/"")&&e.length>a.length&&(a=e,t=r);let l=n.split(""/"").filter(Boolean);if(t){let e=a.split(""/"").filter(Boolean).length;return Object.keys(_.zt).some(e=>e!==a&&e.startsWith(a+""/""))?l[e]:t}return 0===l.length?""unknown"":l[l.length-1]}let n8=/^[A-Z0-9][A-Z0-9.\-^]{0,11}$/;function n9(e){let t;try{t=decodeURIComponent(e).trim().toUpperCase()}catch(n){t=e.trim().toUpperCase()}return n8.test(t)?t:void 0}let n7=""linear-gradient(rgba(147, 197, "
/flow/scanner,/Volumes/EAGET/SKYLIT_RE/AUDIT_PUBLIC_2026-08-25/current_bundles/1536-064f08115df39c50.js,108887,"tch(/^\/agents\/research\/([^/?#]+)/);if(t)return{pageType:""research"",pageId:""research"",focusedTicker:n9(t[1])};let n=e.match(/^\/agents\/trade\/([^/?#]+)/);return n?{pageType:""trade"",pageId:""trade"",focusedTicker:n9(n[1])}:e.startsWith(""/agents/flow-ai"")?{pageType:""flow-ai"",pageId:""flow-ai""}:e.startsWith(""/flow/compass"")?{pageType:""compass"",pageId:""compass""}:e.startsWith(""/flow/live"")?{pageType:""livefeed"",pageId:n6(e)}:e.startsWith(""/flow/tracker"")?{pageType:""tracker"",pageId:n6(e)}:e.startsWith(""/flow/scanner"")?{pageType:""scanner"",pageId:n6(e)}:e.startsWith(""/flow/lookup"")?{pageType:""contract_lookup"",pageId:n6(e)}:""/alerts""===e?{pageType:""alerts"",pageId:""alerts""}:""/atlas""===e||""/charts""===e?{pageType:""atlas"",pageId:n6(e)}:""/trinity""===e?{pageType:""trinity"",pageId:""trinity""}:e.match(/^\/academy\/([^/?#]+)/)?{pageType:""academy"",pageId:""academy""}:{pageId:n6(e)}}function n6(e){let t,n=e.replace(/\/+$/,"""")||""/"",r=_.zt[n];if(r)return r;let a="""";for(let[e,r]of Object.entries(_.zt))""/""!==e&&n.startsWith(e+""/"")&&e.length>a.length&&(a=e,t=r);let l=n.split(""/"").filter(Boolean);if(t){let e=a.split(""/"").filter(Boolean).length;return Object.keys(_.zt).some(e=>e!==a&&e.startsWith(a+""/""))?l[e]:t}return 0===l.length?""unknown"":l[l.length-1]}let n8=/^[A-Z0-9][A-Z0-9.\-^]{0,11}$/;function n9(e){let t;try{t=decodeURIComponent(e).trim().toUpperCase()}catch(n){t=e.trim().toUpperCase()}return n8.test(t)?t:void 0}let n7=""linear-gradient(rgba(147, 197, 253, 0.045) 1px, transparent 1px), linear-gradient(90deg, rgba(1"
/flow/lookup,/Volumes/EAGET/SKYLIT_RE/AUDIT_PUBLIC_2026-08-25/current_bundles/1536-064f08115df39c50.js,108951,"arch"",pageId:""research"",focusedTicker:n9(t[1])};let n=e.match(/^\/agents\/trade\/([^/?#]+)/);return n?{pageType:""trade"",pageId:""trade"",focusedTicker:n9(n[1])}:e.startsWith(""/agents/flow-ai"")?{pageType:""flow-ai"",pageId:""flow-ai""}:e.startsWith(""/flow/compass"")?{pageType:""compass"",pageId:""compass""}:e.startsWith(""/flow/live"")?{pageType:""livefeed"",pageId:n6(e)}:e.startsWith(""/flow/tracker"")?{pageType:""tracker"",pageId:n6(e)}:e.startsWith(""/flow/scanner"")?{pageType:""scanner"",pageId:n6(e)}:e.startsWith(""/flow/lookup"")?{pageType:""contract_lookup"",pageId:n6(e)}:""/alerts""===e?{pageType:""alerts"",pageId:""alerts""}:""/atlas""===e||""/charts""===e?{pageType:""atlas"",pageId:n6(e)}:""/trinity""===e?{pageType:""trinity"",pageId:""trinity""}:e.match(/^\/academy\/([^/?#]+)/)?{pageType:""academy"",pageId:""academy""}:{pageId:n6(e)}}function n6(e){let t,n=e.replace(/\/+$/,"""")||""/"",r=_.zt[n];if(r)return r;let a="""";for(let[e,r]of Object.entries(_.zt))""/""!==e&&n.startsWith(e+""/"")&&e.length>a.length&&(a=e,t=r);let l=n.split(""/"").filter(Boolean);if(t){let e=a.split(""/"").filter(Boolean).length;return Object.keys(_.zt).some(e=>e!==a&&e.startsWith(a+""/""))?l[e]:t}return 0===l.length?""unknown"":l[l.length-1]}let n8=/^[A-Z0-9][A-Z0-9.\-^]{0,11}$/;function n9(e){let t;try{t=decodeURIComponent(e).trim().toUpperCase()}catch(n){t=e.trim().toUpperCase()}return n8.test(t)?t:void 0}let n7=""linear-gradient(rgba(147, 197, 253, 0.045) 1px, transparent 1px), linear-gradient(90deg, rgba(147, 197, 253, 0.045) 1px, transparent 1px), radial-gradient(cir"
/falcon/contract_flow,/Volumes/EAGET/SKYLIT_RE/AUDIT_PUBLIC_2026-08-25/current_bundles/1536-064f08115df39c50.js,214049,"d:""rgba(var(--tv2-ink),0.04)"",border:""1px solid rgba(var(--tv2-ink),0.08)""},children:[(0,r.jsx)(""span"",{style:{fontSize:10,fontWeight:700,letterSpacing:""0.1em"",color:E.textSecondary},children:""COPILOT MODE""}),(0,r.jsxs)(""span"",{style:{fontSize:10.5,color:E.textMuted},children:[""No per-tranche lifecycle for the "",_.contract.split("" "")[0],"" leg yet — this leg has no timestamped fill log to copy. Switch to a leg with a lifecycle, or check back once it's graded.""]})]})})(),(0,r.jsx)(rf.Sl,{endpoint:""/falcon/contract_flow"",contract:_.contract.split("" \xb7 "")[0],expiryIso:C.expiryIso,since:C.ago,t:E,skin:rS,side:C.side,scrubTime:ee,onScrub:et}),(0,r.jsxs)(""div"",{className:""mx-5 mt-5"",children:[(0,r.jsxs)(""div"",{className:""mb-1 flex flex-wrap items-center justify-between gap-y-1"",children:[(0,r.jsxs)(""span"",{className:""uppercase"",style:{fontSize:8.5,fontWeight:600,letterSpacing:""0.16em"",color:E.textMuted},children:[""Trade map"",_.native?"""":(null==(d=_.levels)?void 0:d.prem)?"" \xb7 premium basis \xb7 trims +30/50/70/100% \xb7 stop −50%"":_.levels?"" \xb7 this leg's own structure"":"" \xb7 SPY levels (own structure unavailable)""]}),(0,r.jsxs)(""span"",{className:""flex flex-wrap items-center justify-end gap-x-2.5 gap-y-0.5"",style:{fontVariantNumeric:""tabular-nums"",flexGrow:1},children:[(0,r.jsxs)(""span"",{style:{fontSize:10,fontWeight:600,color:E.textMuted,whiteSpace:""nowrap""},children:[""ENTRY "",(0,r.jsx)(""b"",{style:{color:rN,fontWeight:700},children:R.entry.toFixed(2)})]}),null!=J&&(0,r.jsxs)(""span"",{className:""fle"
/falcon/days?strategy=,/Volumes/EAGET/SKYLIT_RE/AUDIT_PUBLIC_2026-08-25/current_bundles/1536-064f08115df39c50.js,229348,"kylit:talon:otm"")&&F(!0)}catch(e){}},[]),(0,a.useEffect)(()=>{try{I&&localStorage.setItem(""skylit:talon:book"",I)}catch(e){}},[I]),(0,a.useEffect)(()=>{try{localStorage.setItem(""skylit:talon:otm"",R?""1"":""0"")}catch(e){}},[R]);let W=null!=I?I:""v2"",P=""v3""===W,D=""legacy""===W?""legacy"":""v3""===W?R?""v3_degen"":""v3"":""v1""===W?R?""degen"":""normal"":R?""v2_degen"":""v2"",{isAdmin:L}=(0,ec.$)(),q=function(e){let[t,n]=(0,a.useState)([]);return(0,a.useEffect)(()=>{let t,r=!0,a=async()=>{let l=!1;try{let t=await fetch(e?""/falcon/days?strategy="".concat(e):""/falcon/days"",{cache:""no-store""}),a=await t.json();r&&Array.isArray(null==a?void 0:a.days)&&a.days.length>0&&(n(a.days),l=!0)}catch(e){}r&&(t=setTimeout(a,l?3e5:15e3))};return a(),()=>{r=!1,clearTimeout(t)}},[e]),t}(D),[O,B]=(0,a.useState)(!1),G=function(e,t){let[n,r]=(0,a.useState)({});return(0,a.useEffect)(()=>{if(!t)return;let n=!0;return(async()=>{try{let t=e?""?strategy="".concat(e):"""",a=await fetch(""/falcon/day-summaries"".concat(t),{cache:""no-store""}),l=await a.json();n&&(null==l?void 0:l.summaries)&&r(l.summaries)}catch(e){}})(),()=>{n=!1}},[e,t]),n}(D,O),V=function(){let e=arguments.length>0&&void 0!==arguments[0]?arguments[0]:5e3,t=arguments.length>1?arguments[1]:void 0,n=arguments.length>2?arguments[2]:void 0,[r,l]=(0,a.useState)({status:""loading"",setups:[]}),o=(0,a.useRef)(()=>{});return(0,a.useEffect)(()=>{let r=!0;l({status:""loading"",setups:[]});let a=async()=>{try{let e=[t?""day="".concat(t):"""",n?""strategy="".concat(n):""""].filter(Boolean).join(""&""),a=await fetch(e?"
/falcon/days,/Volumes/EAGET/SKYLIT_RE/AUDIT_PUBLIC_2026-08-25/current_bundles/1536-064f08115df39c50.js,229383,"},[]),(0,a.useEffect)(()=>{try{I&&localStorage.setItem(""skylit:talon:book"",I)}catch(e){}},[I]),(0,a.useEffect)(()=>{try{localStorage.setItem(""skylit:talon:otm"",R?""1"":""0"")}catch(e){}},[R]);let W=null!=I?I:""v2"",P=""v3""===W,D=""legacy""===W?""legacy"":""v3""===W?R?""v3_degen"":""v3"":""v1""===W?R?""degen"":""normal"":R?""v2_degen"":""v2"",{isAdmin:L}=(0,ec.$)(),q=function(e){let[t,n]=(0,a.useState)([]);return(0,a.useEffect)(()=>{let t,r=!0,a=async()=>{let l=!1;try{let t=await fetch(e?""/falcon/days?strategy="".concat(e):""/falcon/days"",{cache:""no-store""}),a=await t.json();r&&Array.isArray(null==a?void 0:a.days)&&a.days.length>0&&(n(a.days),l=!0)}catch(e){}r&&(t=setTimeout(a,l?3e5:15e3))};return a(),()=>{r=!1,clearTimeout(t)}},[e]),t}(D),[O,B]=(0,a.useState)(!1),G=function(e,t){let[n,r]=(0,a.useState)({});return(0,a.useEffect)(()=>{if(!t)return;let n=!0;return(async()=>{try{let t=e?""?strategy="".concat(e):"""",a=await fetch(""/falcon/day-summaries"".concat(t),{cache:""no-store""}),l=await a.json();n&&(null==l?void 0:l.summaries)&&r(l.summaries)}catch(e){}})(),()=>{n=!1}},[e,t]),n}(D,O),V=function(){let e=arguments.length>0&&void 0!==arguments[0]?arguments[0]:5e3,t=arguments.length>1?arguments[1]:void 0,n=arguments.length>2?arguments[2]:void 0,[r,l]=(0,a.useState)({status:""loading"",setups:[]}),o=(0,a.useRef)(()=>{});return(0,a.useEffect)(()=>{let r=!0;l({status:""loading"",setups:[]});let a=async()=>{try{let e=[t?""day="".concat(t):"""",n?""strategy="".concat(n):""""].filter(Boolean).join(""&""),a=await fetch(e?""/falcon/setups?"".concat("
/falcon/day-summaries,/Volumes/EAGET/SKYLIT_RE/AUDIT_PUBLIC_2026-08-25/current_bundles/1536-064f08115df39c50.js,229790,">{let t,r=!0,a=async()=>{let l=!1;try{let t=await fetch(e?""/falcon/days?strategy="".concat(e):""/falcon/days"",{cache:""no-store""}),a=await t.json();r&&Array.isArray(null==a?void 0:a.days)&&a.days.length>0&&(n(a.days),l=!0)}catch(e){}r&&(t=setTimeout(a,l?3e5:15e3))};return a(),()=>{r=!1,clearTimeout(t)}},[e]),t}(D),[O,B]=(0,a.useState)(!1),G=function(e,t){let[n,r]=(0,a.useState)({});return(0,a.useEffect)(()=>{if(!t)return;let n=!0;return(async()=>{try{let t=e?""?strategy="".concat(e):"""",a=await fetch(""/falcon/day-summaries"".concat(t),{cache:""no-store""}),l=await a.json();n&&(null==l?void 0:l.summaries)&&r(l.summaries)}catch(e){}})(),()=>{n=!1}},[e,t]),n}(D,O),V=function(){let e=arguments.length>0&&void 0!==arguments[0]?arguments[0]:5e3,t=arguments.length>1?arguments[1]:void 0,n=arguments.length>2?arguments[2]:void 0,[r,l]=(0,a.useState)({status:""loading"",setups:[]}),o=(0,a.useRef)(()=>{});return(0,a.useEffect)(()=>{let r=!0;l({status:""loading"",setups:[]});let a=async()=>{try{let e=[t?""day="".concat(t):"""",n?""strategy="".concat(n):""""].filter(Boolean).join(""&""),a=await fetch(e?""/falcon/setups?"".concat(e):""/falcon/setups"",{cache:""no-store""}),o=await a.json(),s=Array.isArray(null==o?void 0:o.setups)?o.setups:[];r&&l(e=>{var n;return!t&&0===s.length&&(null==o?void 0:o.live)!==!0&&e.setups.length>0?e:{status:null!=(n=null==o?void 0:o.status)?n:""unavailable"",experimental:null==o?void 0:o.experimental,generated_at:null==o?void 0:o.generated_at,live:null==o?void 0:o.live,date:null==o?void 0:o.date,historical:null==o?"
/falcon/setups?,/Volumes/EAGET/SKYLIT_RE/AUDIT_PUBLIC_2026-08-25/current_bundles/1536-064f08115df39c50.js,230372,"?void 0:l.summaries)&&r(l.summaries)}catch(e){}})(),()=>{n=!1}},[e,t]),n}(D,O),V=function(){let e=arguments.length>0&&void 0!==arguments[0]?arguments[0]:5e3,t=arguments.length>1?arguments[1]:void 0,n=arguments.length>2?arguments[2]:void 0,[r,l]=(0,a.useState)({status:""loading"",setups:[]}),o=(0,a.useRef)(()=>{});return(0,a.useEffect)(()=>{let r=!0;l({status:""loading"",setups:[]});let a=async()=>{try{let e=[t?""day="".concat(t):"""",n?""strategy="".concat(n):""""].filter(Boolean).join(""&""),a=await fetch(e?""/falcon/setups?"".concat(e):""/falcon/setups"",{cache:""no-store""}),o=await a.json(),s=Array.isArray(null==o?void 0:o.setups)?o.setups:[];r&&l(e=>{var n;return!t&&0===s.length&&(null==o?void 0:o.live)!==!0&&e.setups.length>0?e:{status:null!=(n=null==o?void 0:o.status)?n:""unavailable"",experimental:null==o?void 0:o.experimental,generated_at:null==o?void 0:o.generated_at,live:null==o?void 0:o.live,date:null==o?void 0:o.date,historical:null==o?void 0:o.historical,summary:null==o?void 0:o.summary,playbook:null==o?void 0:o.playbook,radar:null==o?void 0:o.radar,orb:null==o?void 0:o.orb,setups:s}})}catch(e){r&&l(e=>e.setups.length>0?e:{status:""unavailable"",setups:[]})}};o.current=a,a();let s=setInterval(a,t?6e4:e);return()=>{r=!1,clearInterval(s)}},[e,t,n]),(0,rg.l)(e=>{""falcon""===e.agent&&o.current()},{enabled:!t}),r}(5e3,E,D),H=a.useMemo(()=>{var e;return(null!=(e=V.setups)?e:[]).map(r_).sort((e,t)=>(t.ago||"""").localeCompare(e.ago||"""")).filter(e=>{var t;return!e.episodeId||(null!=(t=e.tranche)?t:1)<=1})},[V.set"
/falcon/setups,/Volumes/EAGET/SKYLIT_RE/AUDIT_PUBLIC_2026-08-25/current_bundles/1536-064f08115df39c50.js,230400,"mmaries)}catch(e){}})(),()=>{n=!1}},[e,t]),n}(D,O),V=function(){let e=arguments.length>0&&void 0!==arguments[0]?arguments[0]:5e3,t=arguments.length>1?arguments[1]:void 0,n=arguments.length>2?arguments[2]:void 0,[r,l]=(0,a.useState)({status:""loading"",setups:[]}),o=(0,a.useRef)(()=>{});return(0,a.useEffect)(()=>{let r=!0;l({status:""loading"",setups:[]});let a=async()=>{try{let e=[t?""day="".concat(t):"""",n?""strategy="".concat(n):""""].filter(Boolean).join(""&""),a=await fetch(e?""/falcon/setups?"".concat(e):""/falcon/setups"",{cache:""no-store""}),o=await a.json(),s=Array.isArray(null==o?void 0:o.setups)?o.setups:[];r&&l(e=>{var n;return!t&&0===s.length&&(null==o?void 0:o.live)!==!0&&e.setups.length>0?e:{status:null!=(n=null==o?void 0:o.status)?n:""unavailable"",experimental:null==o?void 0:o.experimental,generated_at:null==o?void 0:o.generated_at,live:null==o?void 0:o.live,date:null==o?void 0:o.date,historical:null==o?void 0:o.historical,summary:null==o?void 0:o.summary,playbook:null==o?void 0:o.playbook,radar:null==o?void 0:o.radar,orb:null==o?void 0:o.orb,setups:s}})}catch(e){r&&l(e=>e.setups.length>0?e:{status:""unavailable"",setups:[]})}};o.current=a,a();let s=setInterval(a,t?6e4:e);return()=>{r=!1,clearInterval(s)}},[e,t,n]),(0,rg.l)(e=>{""falcon""===e.agent&&o.current()},{enabled:!t}),r}(5e3,E,D),H=a.useMemo(()=>{var e;return(null!=(e=V.setups)?e:[]).map(r_).sort((e,t)=>(t.ago||"""").localeCompare(e.ago||"""")).filter(e=>{var t;return!e.episodeId||(null!=(t=e.tranche)?t:1)<=1})},[V.setups]),K=""ok""===V.status&&H."
/falcon/feed,/Volumes/EAGET/SKYLIT_RE/AUDIT_PUBLIC_2026-08-25/current_bundles/1536-064f08115df39c50.js,233710,"var t;let n=N(e),r=null!=(t=rL(e,n.native,n.contract).avg)?t:""—""!==n.mark?Number(n.mark.replace(/[^0-9.]/g,"""")):NaN;return{entryPrem:Number.isFinite(r)?r:null,managedPct:n.managedReturn,lifecycle:Array.isArray(n.lifecycle)&&n.lifecycle.length?n.lifecycle:void 0,sizingModel:""equal""}}),el=(0,rf.ZZ)(ea),eo=X?""Today"":rA(V.date),es=function(){let e=arguments.length>0&&void 0!==arguments[0]?arguments[0]:8e3,[t,n]=(0,a.useState)([]);return(0,a.useEffect)(()=>{let t=!0,r=async()=>{try{let e=await fetch(""/falcon/feed"",{cache:""no-store""}),r=await e.json();t&&n(Array.isArray(null==r?void 0:r.orders)?r.orders:[])}catch(e){}};r();let a=setInterval(r,e);return()=>{t=!1,clearInterval(a)}},[e]),t}(),ei=(null!=es?es:[]).map((e,t)=>{let n=e.premium>=1e6?""$"".concat((e.premium/1e6).toFixed(1),""M""):""$"".concat(Math.round(e.premium/1e3),""K""),a=""C""===e.right?""C"":""P"",l=""whale""===e.tier,o=e.expiration?"""".concat(e.expiration.slice(5,7),""/"").concat(e.expiration.slice(8,10)):"""";return{key:-1-t,src:""flowseeker"",time:e.time||"""",msg:(0,r.jsxs)(r.Fragment,{children:[(0,r.jsx)(""b"",{children:n}),"" "",""C""===a?""call"":""put"","" sweep \xb7"","" "",(0,r.jsxs)(""button"",{type:""button"",onClick:()=>e.expiration&&v(e),disabled:!e.expiration,className:""cursor-pointer border-none bg-transparent p-0"",title:""Drill into this contract's flow"",style:{font:""inherit"",color:""inherit""},children:[(0,r.jsxs)(rz,{children:[""$"",e.ticker]}),"" "",Math.round(e.strike),a,(0,r.jsx)(""span"",{style:{color:u.textMuted,fontSize:9},children:"" ↗""})]}),o?(0,r.jsxs)(""s"
/falcon/commentary,/Volumes/EAGET/SKYLIT_RE/AUDIT_PUBLIC_2026-08-25/current_bundles/1536-064f08115df39c50.js,235292,"ier&&(0,r.jsxs)(""span"",{style:{color:l?rN:u.textSecondary,fontWeight:l?600:500},children:["" \xb7 "",e.tier,l?"" \uD83D\uDD25"":""""]}),null!=e.top_pct&&(0,r.jsxs)(""span"",{style:{color:u.textMuted},children:["" \xb7 "",null!=e.rank&&e.rank<=10?""#"".concat(e.rank,"" sweep today""):""top "".concat(e.top_pct,""% of today’s sweeps"")]})]})}}),ed=function(){let e=arguments.length>0&&void 0!==arguments[0]?arguments[0]:1e4,[t,n]=(0,a.useState)([]);return(0,a.useEffect)(()=>{let t=!0,r=async()=>{try{let e=await fetch(""/falcon/commentary"",{cache:""no-store""}),r=await e.json();t&&n(Array.isArray(null==r?void 0:r.commentary)?r.commentary:[])}catch(e){}};r();let a=setInterval(r,e);return()=>{t=!1,clearInterval(a)}},[e]),t}(),eu=[...(null!=ed?ed:[]).map((e,t)=>({key:-1e3-t,src:[""atlas"",""heatseeker"",""flowseeker""].includes(e.src)?e.src:""atlas"",time:e.time||"""",msg:(0,r.jsxs)(r.Fragment,{children:[e.magnet?""\uD83E\uDDF2 "":"""",e.msg]})})),...ei].sort((e,t)=>(t.time||"""").localeCompare(e.time||""""));(0,a.useEffect)(()=>{let e,t=[],n=e=>A(t=>[{key:_.current++,...e},...t].slice(0,8));rM.forEach((e,r)=>t.push(setTimeout(()=>n(e),300+380*r)));let r=0;return t.push(setTimeout(()=>{e=setInterval(()=>{n({...rI[r%rI.length],time:""09:"".concat(String(43+r%5).padStart(2,""0""))}),r++},2700)},2300)),()=>{t.forEach(clearTimeout),e&&clearInterval(e)}},[]);let ep=(e,t)=>(0,r.jsxs)(""div"",{className:""my-1 flex flex-wrap items-center gap-x-2 gap-y-1 uppercase"",style:{fontSize:9,letterSpacing:""0.18em"",color:u.textMuted},children:[e,(0,r.jsx)(""span"",{cla"
/falcon/stats?strategy=,/Volumes/EAGET/SKYLIT_RE/AUDIT_PUBLIC_2026-08-25/current_bundles/1536-064f08115df39c50.js,250245,"yle:{color:u.textSecondary},children:[null==(n=V.orb.lo)?void 0:n.toFixed(2),""–"",null==(o=V.orb.hi)?void 0:o.toFixed(2)]})]}),""armed""===V.orb.state&&null!=V.orb.dist_hi&&(0,r.jsxs)(""span"",{children:[V.orb.dist_hi.toFixed(2),"" to upper trigger \xb7 "",null==(s=V.orb.dist_lo)?void 0:s.toFixed(2),"" to lower""]}),null!=V.orb.last&&(0,r.jsxs)(""span"",{children:[""last "",(0,r.jsx)(""b"",{style:{color:u.textPrimary},children:V.orb.last.toFixed(2)})]})]}),j&&(0,r.jsxs)(r.Fragment,{children:[(0,r.jsx)(rj,{src:""/falcon/stats?strategy="".concat(D),mode:""options"",accent:""var(--tv2-accent)"",ink:""var(--tv2-ink)"",bull:""var(--tv2-bull)"",bear:""var(--tv2-bear)"",t:u}),(0,r.jsx)(ry,{src:""/falcon/plcurve?strategy="".concat(D),mode:""options"",accent:""var(--tv2-accent)"",ink:""var(--tv2-ink)"",bull:""var(--tv2-bull)"",bear:""var(--tv2-bear)"",t:u}),(0,r.jsx)(""div"",{className:""mt-2.5"",children:ep(""Live agent stream"",eu.length?""Atlas \xb7 Heatseeker \xb7 Flowseeker"":void 0)}),(0,r.jsx)(""div"",{className:""talon-noscroll flex min-h-0 flex-1 flex-col overflow-y-auto"",style:{overflowAnchor:""none"",scrollbarWidth:""none""},children:(eu.length?eu:T).map(e=>(0,r.jsxs)(""div"",{className:""flex gap-2.5 py-2"",style:{borderBottom:""1px solid rgba(var(--tv2-ink),0.05)"",animation:""talonFin .45s ease""},children:[(0,r.jsx)(rR,{src:e.src,size:27}),(0,r.jsxs)(""div"",{className:""min-w-0 flex-1"",children:[(0,r.jsxs)(""div"",{className:""flex items-baseline gap-1.5"",children:[(0,r.jsx)(""span"",{style:{fontSize:12,fontWeight:500,color:u.textPrimary},children:rE[e.src].name"
/falcon/plcurve?strategy=,/Volumes/EAGET/SKYLIT_RE/AUDIT_PUBLIC_2026-08-25/current_bundles/1536-064f08115df39c50.js,250414,"&(0,r.jsxs)(""span"",{children:[V.orb.dist_hi.toFixed(2),"" to upper trigger \xb7 "",null==(s=V.orb.dist_lo)?void 0:s.toFixed(2),"" to lower""]}),null!=V.orb.last&&(0,r.jsxs)(""span"",{children:[""last "",(0,r.jsx)(""b"",{style:{color:u.textPrimary},children:V.orb.last.toFixed(2)})]})]}),j&&(0,r.jsxs)(r.Fragment,{children:[(0,r.jsx)(rj,{src:""/falcon/stats?strategy="".concat(D),mode:""options"",accent:""var(--tv2-accent)"",ink:""var(--tv2-ink)"",bull:""var(--tv2-bull)"",bear:""var(--tv2-bear)"",t:u}),(0,r.jsx)(ry,{src:""/falcon/plcurve?strategy="".concat(D),mode:""options"",accent:""var(--tv2-accent)"",ink:""var(--tv2-ink)"",bull:""var(--tv2-bull)"",bear:""var(--tv2-bear)"",t:u}),(0,r.jsx)(""div"",{className:""mt-2.5"",children:ep(""Live agent stream"",eu.length?""Atlas \xb7 Heatseeker \xb7 Flowseeker"":void 0)}),(0,r.jsx)(""div"",{className:""talon-noscroll flex min-h-0 flex-1 flex-col overflow-y-auto"",style:{overflowAnchor:""none"",scrollbarWidth:""none""},children:(eu.length?eu:T).map(e=>(0,r.jsxs)(""div"",{className:""flex gap-2.5 py-2"",style:{borderBottom:""1px solid rgba(var(--tv2-ink),0.05)"",animation:""talonFin .45s ease""},children:[(0,r.jsx)(rR,{src:e.src,size:27}),(0,r.jsxs)(""div"",{className:""min-w-0 flex-1"",children:[(0,r.jsxs)(""div"",{className:""flex items-baseline gap-1.5"",children:[(0,r.jsx)(""span"",{style:{fontSize:12,fontWeight:500,color:u.textPrimary},children:rE[e.src].name}),(0,r.jsx)(""span"",{className:""ml-auto"",style:{fontSize:9,color:u.textMuted,fontFamily:""var(--font-mono, monospace)""},children:e.time})]}),(0,r.jsx)(""div"",{className:""mt-"
/api/glitch/stream?,/Volumes/EAGET/SKYLIT_RE/AUDIT_PUBLIC_2026-08-25/current_bundles/1536-064f08115df39c50.js,265589,"hOnWindowFocus:!0,staleTime:0}),m=(0,eB.jE)();!function(e,t){let{getToken:n}=(0,v.d)(),r=(0,a.useRef)(null),l=(0,a.useRef)(0),o=(0,a.useRef)(null),s=(0,a.useRef)(e);s.current=e;let i=(0,a.useRef)(t);i.current=t;let c=(0,a.useCallback)(async()=>{if(s.current){r.current&&(r.current.close(),r.current=null);try{let e,t=await (0,e$.ML)(n);if(t)e=""ticket="".concat(encodeURIComponent(t));else{let t=await n();if(!t)return;e=""token="".concat(encodeURIComponent(t))}if(!s.current)return;let a="""".concat(eY(),""/api/glitch/stream?"").concat(e),d=new EventSource(a);r.current=d,d.onopen=()=>{l.current=0},d.addEventListener(""glitch_message"",e=>{try{let t=JSON.parse(e.data);i.current(t)}catch(e){}}),d.onerror=()=>{if(d.close(),r.current===d&&(r.current=null),!s.current)return;l.current+=1;let e=Math.min(1e3*2**l.current,3e4);o.current=setTimeout(c,e)}}catch(e){}}},[n]);(0,a.useEffect)(()=>(e&&c(),()=>{o.current&&clearTimeout(o.current),r.current&&(r.current.onerror=null,r.current.close(),r.current=null)}),[e,c])}(c,(0,a.useCallback)(e=>{var t,n;if((""all""===o||e.source===o)&&!((null!=(t=e.signalScore)?t:0)<i)){if(s.length>0){let t=s.map(e=>e.toUpperCase());if(!(null!=(n=e.cashtags)?n:[]).some(e=>t.includes(e.toUpperCase())))return}m.setQueryData([""glitch-feed"",o,u,i],t=>{if(!t||0===t.pages.length)return t;let[n,...r]=t.pages,a=n.messages.findIndex(t=>t.id===e.id)>=0?n.messages.map(t=>t.id===e.id?e:t):[e,...n.messages];return{...t,pages:[{...n,messages:a},...r]}})}},[o,s,u,i,m]));let g=null!=(r=null==(t=p.data)?void 0:"
/midas/feed,/Volumes/EAGET/SKYLIT_RE/AUDIT_PUBLIC_2026-08-25/current_bundles/1536-064f08115df39c50.js,278940,"void 0!==arguments[1]?arguments[1]:""/midas"",[n,r]=(0,a.useState)([]);return(0,a.useEffect)(()=>{let n=!0,a=async()=>{try{let e=await fetch("""".concat(t,""/commentary""));if(!e.ok)return;let a=await e.json();n&&a&&Array.isArray(a.items)&&r(a.items)}catch(e){}};a();let l=setInterval(a,e);return()=>{n=!1,clearInterval(l)}},[e]),n}function as(){let e=arguments.length>0&&void 0!==arguments[0]?arguments[0]:2e4,[t,n]=(0,a.useState)([]);return(0,a.useEffect)(()=>{let t=!0,r=async()=>{try{let e=await fetch(""/midas/feed"");if(!e.ok)return;let r=await e.json();t&&r&&Array.isArray(r.orders)&&n(r.orders)}catch(e){}};r();let a=setInterval(r,e);return()=>{t=!1,clearInterval(a)}},[e]),t}let ai=(0,rf.mr)(""mds""),ac=""var(--mds-accent)"",ad=""rgba(var(--mds-accent-rgb),0.5)"",au={WATCHLIST:""rgba(var(--mds-ink),0.55)"",ARMED:""#ddd6fe"",TRIGGERED:""var(--mds-bull)"",T1_TAG:""var(--mds-bull)"",T2_TAG:""var(--mds-accent)"",T3_TAG:""var(--mds-accent)"",INVALIDATED:""var(--mds-bear)""},ap={WATCHLIST:""Qualified at the morning scan — waiting for price to reach the entry zone. No position yet, so no P/L."",ARMED:""Price tagged the entry zone — one close back above the floor from execution."",TRIGGERED:""Executed: the deflection confirmed. Entry premium is frozen at this minute’s print and P/L tracking starts."",T1_TAG:""Short-term GEX target touched (the front-column ceiling). Position keeps riding."",T2_TAG:""VEX swing target reached — the primary thesis played out."",T3_TAG:""Extended VEX magnet tagged — the runner’s moonshot rung."",INVALIDATE"
/midas/search?q=,/Volumes/EAGET/SKYLIT_RE/AUDIT_PUBLIC_2026-08-25/current_bundles/1536-064f08115df39c50.js,316589,"R,F]=(0,a.useState)(!1),[W,P]=(0,a.useState)(""""),[D,L]=(0,a.useState)(null),q=(0,a.useRef)(null),[O,B]=(0,a.useState)(null);(0,a.useEffect)(()=>{if(null===D||!q.current)return void B(null);let e=q.current.getBoundingClientRect(),t=Math.min(256,window.innerWidth-16);B({left:Math.max(8,Math.min(e.right-t,window.innerWidth-t-8))-e.left,width:t})},[D]);let[G,V]=(0,a.useState)(null);(0,a.useEffect)(()=>{let e=W.trim();if(e.length<2)return void L(null);let t=setTimeout(async()=>{try{let t=await fetch(""/midas/search?q="".concat(encodeURIComponent(e),""&mode="").concat(j,""&strategy=conservative""),{cache:""no-store""}),n=await t.json();L(Array.isArray(null==n?void 0:n.results)?n.results:[])}catch(e){L([])}},350);return()=>clearTimeout(t)},[W,j]),(0,a.useEffect)(()=>{var e;if(!G||!I)return;let t=(null!=(e=I.setups)?e:[]).find(e=>e.symbol===G.symbol&&e.day===G.day);t&&(N(t),V(null))},[G,I]);let H=W.trim().toLowerCase(),[K,U]=(0,a.useState)(!1),Y=(null!=(t=null==I?void 0:I.setups)?t:[]).filter(e=>""radar""===e.tier).length,X=e=>{var t,n,r;let a=(Array.isArray(e.state_history)?e.state_history:[]).find(e=>""TRIGGERED""===e.state),l=String(null!=(n=null!=(t=null==a?void 0:a.at)?t:e.time)?n:"""");return"""".concat(null!=(r=e.day)?r:"""","" "").concat(l.includes("" "")?l.split("" "").pop():l)},Q=(null!=(n=null==I?void 0:I.setups)?n:[]).filter(e=>{var t,n;return(0===T.size||T.has(e.state))&&(!!K||!!H||(null!=(t=e.tier)?t:""book"")!==""radar"")&&(!H||e.symbol.toLowerCase().includes(H)||(null!=(n=e.setup_class)?n:"""").toLowerCase().includ"
/midas/stats,/Volumes/EAGET/SKYLIT_RE/AUDIT_PUBLIC_2026-08-25/current_bundles/1536-064f08115df39c50.js,328795,"==el?void 0:el.w20)!=null&&(0,r.jsxs)(""span"",{children:[""≥20%: "",(0,r.jsxs)(""b"",{style:{color:h.textSecondary},children:[Math.round(100*(null!=(m=null==el?void 0:el.w20)?m:0)/el.fires),""%""]})]}),null!=el.best_max&&(0,r.jsxs)(""span"",{children:[""best "",(0,r.jsxs)(""b"",{style:{color:""var(--mds-accent)""},children:[""+"",el.best_max,""%""]})]}),null!=el.avg_max&&(0,r.jsxs)(""span"",{children:[""avg max "",(0,r.jsxs)(""b"",{style:{color:h.textSecondary},children:[""+"",el.avg_max,""%""]})]})]})]}),(0,r.jsx)(rj,{src:""/midas/stats"",mode:""equity""===j?""equity"":""options"",accent:ac,ink:""var(--mds-ink)"",bull:""var(--mds-bull)"",bear:""var(--mds-bear)"",t:h}),(0,r.jsx)(ry,{src:""/midas/plcurve"",mode:""equity""===j?""equity"":""options"",accent:ac,ink:""var(--mds-ink)"",bull:""var(--mds-bull)"",bear:""var(--mds-bear)"",t:h}),(0,r.jsx)(""div"",{className:""mt-2.5"",children:ei(""Midas stream"",Z.length?""Lifecycle \xb7 Flowseeker whales"":z.length?""Boards \xb7 Breadth \xb7 Lifecycle"":void 0)}),(0,r.jsxs)(""div"",{className:""talon-noscroll flex min-h-0 flex-1 flex-col overflow-y-auto"",style:{overflowAnchor:""none"",scrollbarWidth:""none""},children:[Z.map((e,t)=>(0,r.jsxs)(""div"",{className:""flex gap-2.5 py-2"",style:{borderBottom:""1px solid rgba(var(--mds-ink),0.05)"",animation:""talonFin .45s ease""},children:[(0,r.jsx)(""span"",{className:""grid flex-none place-items-center overflow-hidden rounded-[7px]"",style:{width:27,height:27,background:""rgba(var(--mds-ink),0.04)"",border:""1px solid rgba(var(--mds-ink),0.05)""},children:(0,r.jsx)(""img"",{src:""/agent-logos"
/midas/plcurve,/Volumes/EAGET/SKYLIT_RE/AUDIT_PUBLIC_2026-08-25/current_bundles/1536-064f08115df39c50.js,328948,"l?void 0:el.w20)?m:0)/el.fires),""%""]})]}),null!=el.best_max&&(0,r.jsxs)(""span"",{children:[""best "",(0,r.jsxs)(""b"",{style:{color:""var(--mds-accent)""},children:[""+"",el.best_max,""%""]})]}),null!=el.avg_max&&(0,r.jsxs)(""span"",{children:[""avg max "",(0,r.jsxs)(""b"",{style:{color:h.textSecondary},children:[""+"",el.avg_max,""%""]})]})]})]}),(0,r.jsx)(rj,{src:""/midas/stats"",mode:""equity""===j?""equity"":""options"",accent:ac,ink:""var(--mds-ink)"",bull:""var(--mds-bull)"",bear:""var(--mds-bear)"",t:h}),(0,r.jsx)(ry,{src:""/midas/plcurve"",mode:""equity""===j?""equity"":""options"",accent:ac,ink:""var(--mds-ink)"",bull:""var(--mds-bull)"",bear:""var(--mds-bear)"",t:h}),(0,r.jsx)(""div"",{className:""mt-2.5"",children:ei(""Midas stream"",Z.length?""Lifecycle \xb7 Flowseeker whales"":z.length?""Boards \xb7 Breadth \xb7 Lifecycle"":void 0)}),(0,r.jsxs)(""div"",{className:""talon-noscroll flex min-h-0 flex-1 flex-col overflow-y-auto"",style:{overflowAnchor:""none"",scrollbarWidth:""none""},children:[Z.map((e,t)=>(0,r.jsxs)(""div"",{className:""flex gap-2.5 py-2"",style:{borderBottom:""1px solid rgba(var(--mds-ink),0.05)"",animation:""talonFin .45s ease""},children:[(0,r.jsx)(""span"",{className:""grid flex-none place-items-center overflow-hidden rounded-[7px]"",style:{width:27,height:27,background:""rgba(var(--mds-ink),0.04)"",border:""1px solid rgba(var(--mds-ink),0.05)""},children:(0,r.jsx)(""img"",{src:""/agent-logos/flowseeker.png"",alt:"""",style:{width:21,height:21,objectFit:""contain""},onError:e=>{e.currentTarget.style.display=""none""}})}),(0,r.jsxs)(""div"",{className:""m"
/flow/dark,/Volumes/EAGET/SKYLIT_RE/AUDIT_PUBLIC_2026-08-25/current_bundles/1536-064f08115df39c50.js,478644,"Z={home:""/"",stages:""/stages"",heatmaps:""/"",""skylit-charts"":""/atlas"",alerts:""/alerts"",trinity:""/trinity"",settings:""/settings"",""admin-portal"":""/admin-portal"",megaphone:""/megaphone"",""talon-kb"":""/agents/talon-kb"",""talon-usage"":""/agents/talon-usage"",""agent-terminal"":""/agents"",trade:""/agents/trade"",""trinity-sniper"":""/agents/trinity-sniper"",""deep-research"":""/agents/research"",tradelab:""/agents/tradelab"",plugins:""/plugins"",""creator-studio"":""/creator"",compass:""/flow/compass"",livefeed:""/flow/live"",darkfeed:""/flow/dark"",scanner:""/flow/scanner"",lookup:""/flow/lookup"",""company-events"":""/flow/events"",tracker:""/flow/tracker"",""flow-alerts"":""/flow/alerts"",""flowseeker-settings"":""/flow/settings"",leaderboard:""/nexus/leaderboard"",profile:""/nexus/profile"",trades:""/nexus/trades"",ideas:""/nexus/ideas"",newtrade:""/nexus/new-trade"",academy:""/academy"",""nexus-settings"":""/nexus/settings"",""copy-trading"":""/nexus/copy-trading"",""nexus-admin"":""/nexus/admin"",portal:""/portal"",developer:""/developer"",""admin-api-platform"":""/admin/api-platform"",...H?{""njord-catalog"":""/products""}:{}},ee={""/"":""heatmaps"",""/stages"":""stages"",""/atlas"":""skylit-charts"",""/charts"":""skylit-charts"",""/alerts"":""alerts"",""/trinity"":""trinity"",""/settings"":""settings"",""/admin-portal"":""admin-portal"",""/megaphone"":""megaphone"",""/agents/talon-kb"":""talon-kb"",""/agents/talon-usage"":""talon-usage"",""/agents/trade"":""trade"",""/agents/trinity-sniper"":""trinity-sniper"",""/agents/research"":""deep-research"",""/agents"":""agent-terminal"",""/agents/tradelab"":""tradelab"",""/plugins"":""plugins"",""/cr"
/flow/events,/Volumes/EAGET/SKYLIT_RE/AUDIT_PUBLIC_2026-08-25/current_bundles/1536-064f08115df39c50.js,478720,"alerts"",trinity:""/trinity"",settings:""/settings"",""admin-portal"":""/admin-portal"",megaphone:""/megaphone"",""talon-kb"":""/agents/talon-kb"",""talon-usage"":""/agents/talon-usage"",""agent-terminal"":""/agents"",trade:""/agents/trade"",""trinity-sniper"":""/agents/trinity-sniper"",""deep-research"":""/agents/research"",tradelab:""/agents/tradelab"",plugins:""/plugins"",""creator-studio"":""/creator"",compass:""/flow/compass"",livefeed:""/flow/live"",darkfeed:""/flow/dark"",scanner:""/flow/scanner"",lookup:""/flow/lookup"",""company-events"":""/flow/events"",tracker:""/flow/tracker"",""flow-alerts"":""/flow/alerts"",""flowseeker-settings"":""/flow/settings"",leaderboard:""/nexus/leaderboard"",profile:""/nexus/profile"",trades:""/nexus/trades"",ideas:""/nexus/ideas"",newtrade:""/nexus/new-trade"",academy:""/academy"",""nexus-settings"":""/nexus/settings"",""copy-trading"":""/nexus/copy-trading"",""nexus-admin"":""/nexus/admin"",portal:""/portal"",developer:""/developer"",""admin-api-platform"":""/admin/api-platform"",...H?{""njord-catalog"":""/products""}:{}},ee={""/"":""heatmaps"",""/stages"":""stages"",""/atlas"":""skylit-charts"",""/charts"":""skylit-charts"",""/alerts"":""alerts"",""/trinity"":""trinity"",""/settings"":""settings"",""/admin-portal"":""admin-portal"",""/megaphone"":""megaphone"",""/agents/talon-kb"":""talon-kb"",""/agents/talon-usage"":""talon-usage"",""/agents/trade"":""trade"",""/agents/trinity-sniper"":""trinity-sniper"",""/agents/research"":""deep-research"",""/agents"":""agent-terminal"",""/agents/tradelab"":""tradelab"",""/plugins"":""plugins"",""/creator"":""creator-studio"",""/flow/compass"":""compass"",""/flow/live"":""livefeed"",""/fl"
/flow/alerts,/Volumes/EAGET/SKYLIT_RE/AUDIT_PUBLIC_2026-08-25/current_bundles/1536-064f08115df39c50.js,478773,"n-portal"":""/admin-portal"",megaphone:""/megaphone"",""talon-kb"":""/agents/talon-kb"",""talon-usage"":""/agents/talon-usage"",""agent-terminal"":""/agents"",trade:""/agents/trade"",""trinity-sniper"":""/agents/trinity-sniper"",""deep-research"":""/agents/research"",tradelab:""/agents/tradelab"",plugins:""/plugins"",""creator-studio"":""/creator"",compass:""/flow/compass"",livefeed:""/flow/live"",darkfeed:""/flow/dark"",scanner:""/flow/scanner"",lookup:""/flow/lookup"",""company-events"":""/flow/events"",tracker:""/flow/tracker"",""flow-alerts"":""/flow/alerts"",""flowseeker-settings"":""/flow/settings"",leaderboard:""/nexus/leaderboard"",profile:""/nexus/profile"",trades:""/nexus/trades"",ideas:""/nexus/ideas"",newtrade:""/nexus/new-trade"",academy:""/academy"",""nexus-settings"":""/nexus/settings"",""copy-trading"":""/nexus/copy-trading"",""nexus-admin"":""/nexus/admin"",portal:""/portal"",developer:""/developer"",""admin-api-platform"":""/admin/api-platform"",...H?{""njord-catalog"":""/products""}:{}},ee={""/"":""heatmaps"",""/stages"":""stages"",""/atlas"":""skylit-charts"",""/charts"":""skylit-charts"",""/alerts"":""alerts"",""/trinity"":""trinity"",""/settings"":""settings"",""/admin-portal"":""admin-portal"",""/megaphone"":""megaphone"",""/agents/talon-kb"":""talon-kb"",""/agents/talon-usage"":""talon-usage"",""/agents/trade"":""trade"",""/agents/trinity-sniper"":""trinity-sniper"",""/agents/research"":""deep-research"",""/agents"":""agent-terminal"",""/agents/tradelab"":""tradelab"",""/plugins"":""plugins"",""/creator"":""creator-studio"",""/flow/compass"":""compass"",""/flow/live"":""livefeed"",""/flow/dark"":""darkfeed"",""/flow/scanner"":""scanner"",""/flow/"
/flow/settings,/Volumes/EAGET/SKYLIT_RE/AUDIT_PUBLIC_2026-08-25/current_bundles/1536-064f08115df39c50.js,478810,"/megaphone"",""talon-kb"":""/agents/talon-kb"",""talon-usage"":""/agents/talon-usage"",""agent-terminal"":""/agents"",trade:""/agents/trade"",""trinity-sniper"":""/agents/trinity-sniper"",""deep-research"":""/agents/research"",tradelab:""/agents/tradelab"",plugins:""/plugins"",""creator-studio"":""/creator"",compass:""/flow/compass"",livefeed:""/flow/live"",darkfeed:""/flow/dark"",scanner:""/flow/scanner"",lookup:""/flow/lookup"",""company-events"":""/flow/events"",tracker:""/flow/tracker"",""flow-alerts"":""/flow/alerts"",""flowseeker-settings"":""/flow/settings"",leaderboard:""/nexus/leaderboard"",profile:""/nexus/profile"",trades:""/nexus/trades"",ideas:""/nexus/ideas"",newtrade:""/nexus/new-trade"",academy:""/academy"",""nexus-settings"":""/nexus/settings"",""copy-trading"":""/nexus/copy-trading"",""nexus-admin"":""/nexus/admin"",portal:""/portal"",developer:""/developer"",""admin-api-platform"":""/admin/api-platform"",...H?{""njord-catalog"":""/products""}:{}},ee={""/"":""heatmaps"",""/stages"":""stages"",""/atlas"":""skylit-charts"",""/charts"":""skylit-charts"",""/alerts"":""alerts"",""/trinity"":""trinity"",""/settings"":""settings"",""/admin-portal"":""admin-portal"",""/megaphone"":""megaphone"",""/agents/talon-kb"":""talon-kb"",""/agents/talon-usage"":""talon-usage"",""/agents/trade"":""trade"",""/agents/trinity-sniper"":""trinity-sniper"",""/agents/research"":""deep-research"",""/agents"":""agent-terminal"",""/agents/tradelab"":""tradelab"",""/plugins"":""plugins"",""/creator"":""creator-studio"",""/flow/compass"":""compass"",""/flow/live"":""livefeed"",""/flow/dark"":""darkfeed"",""/flow/scanner"":""scanner"",""/flow/lookup"":""lookup"",""/flow/events"":""compan"
/api/screener/daily,/Volumes/EAGET/SKYLIT_RE/AUDIT_PUBLIC_2026-08-25/current_bundles/7187-dbf517257821735b.js,9396,",void 0!==t.maxContractSkewPct&&e.append(""max_contract_skew_pct"",t.maxContractSkewPct.toString()),!1===t.showStocks&&e.append(""show_stocks"",""false""),!1===t.showEtf&&e.append(""show_etf"",""false""),!1===t.showIndices&&e.append(""show_indices"",""false""),t.expiration&&e.append(""expiration"",t.expiration),void 0!==t.cursorPremium&&void 0!==t.cursorSymbol&&(e.append(""cursor_premium"",t.cursorPremium.toString()),e.append(""cursor_symbol"",t.cursorSymbol)),e}async function c(t,e){let n=r(t).toString();return o(""/api/screener/daily"".concat(n?""?"".concat(n):""""),e)}function s(t){var e,n,i;let a=null!=(e=t.ask_skew_pct)?e:(()=>{var e,n,i;let a=(null!=(e=t.below_ask_volume)?e:0)+(null!=(n=t.ask_volume)?n:0)+(null!=(i=t.above_ask_volume)?i:0),o=t.weekly_volume||0;return o>0?a/o*100:0})();return{last_trade_time:t.last_trade_time,raw_symbol:t.raw_symbol,ticker:t.ticker,expiration:t.expiration,strike:t.strike,right:t.right,dte:t.dte,stock_price:t.stock_price,otm_pct:null!=(n=t.otm_pct)?n:0,avg_price:t.avg_price,last_price:t.last_price,chg_pct:t.week_chg_pct,chg_pct_age:t.week_chg_pct_age,volume:t.weekly_volume,premium:t.weekly_premium,oi:t.oi,oi_change:t.oi_change,iv:t.iv,last_best_bid:t.last_best_bid,last_best_ask:t.last_best_ask,below_bid_volume:t.below_bid_volume,bid_volume:t.bid_volume,above_bid_volume:t.above_bid_volume,mid_volume:t.mid_volume,below_ask_volume:t.below_ask_volume,ask_volume:t.ask_volume,above_ask_volume:t.above_ask_volume,no_side_volume:t.no_side_volume,bid_skew_pct:t.bid_skew_pct,ask_skew_pct:a,bull_"
/api/screener/weekly,/Volumes/EAGET/SKYLIT_RE/AUDIT_PUBLIC_2026-08-25/current_bundles/7187-dbf517257821735b.js,10936,"_pct:t.bear_pct,neutral_pct:t.neutral_pct,sweep_volume:t.sweep_volume,is_sweep:t.is_sweep,multi_leg_volume:t.multi_leg_volume,multi_pct:t.multi_pct,chain_total_volume:t.chain_total_volume,chain_bid_pct:t.chain_bid_pct,chain_ask_pct:t.chain_ask_pct,chain_bull_pct:t.chain_bull_pct,chain_bear_pct:t.chain_bear_pct,chain_neutral_pct:t.chain_neutral_pct,total_pct:null!=(i=t.total_pct)?i:0,trade_count:t.trade_count,earnings_dte:t.earnings_dte}}async function l(t,e){let n=r(t).toString();return(await o(""/api/screener/weekly"".concat(n?""?"".concat(n):""""),e)).map(s)}function m(t,e){let n=arguments.length>2&&void 0!==arguments[2]?arguments[2]:""daily"";return""weekly""===n?l(t,e):c(t,e)}async function d(t,e,n){let i=arguments.length>3&&void 0!==arguments[3]&&arguments[3],a=arguments.length>4?arguments[4]:void 0,r=arguments.length>5&&void 0!==arguments[5]&&arguments[5],c=arguments.length>6?arguments[6]:void 0,s=arguments.length>7?arguments[7]:void 0,l=new URLSearchParams({interval:e,bucket:n});return i&&l.append(""rvol"",""true""),a&&l.append(""date"",a),r&&l.append(""exclude_multi_leg"",""true""),o(""/api/contract/"".concat(t,""/intraday?"").concat(l),c,s?{signal:s}:{})}function u(t,e,n,i){let a=e.replace(/-/g,"""").slice(2),o=String(Math.round(1e3*i)).padStart(8,""0"");return"""".concat(t,""__"").concat(a).concat(n).concat(o)}async function p(t,e,n,i){let a=new URLSearchParams;e&&a.set(""date"",e);let r=a.toString();return o(""/api/contract/"".concat(t,""/metrics"").concat(r?""?"".concat(r):""""),n,i?{signal:i}:{})}async function _(t,e,n,i){ret"
/api/contract/,/Volumes/EAGET/SKYLIT_RE/AUDIT_PUBLIC_2026-08-25/current_bundles/7187-dbf517257821735b.js,11525,"nts.length>2&&void 0!==arguments[2]?arguments[2]:""daily"";return""weekly""===n?l(t,e):c(t,e)}async function d(t,e,n){let i=arguments.length>3&&void 0!==arguments[3]&&arguments[3],a=arguments.length>4?arguments[4]:void 0,r=arguments.length>5&&void 0!==arguments[5]&&arguments[5],c=arguments.length>6?arguments[6]:void 0,s=arguments.length>7?arguments[7]:void 0,l=new URLSearchParams({interval:e,bucket:n});return i&&l.append(""rvol"",""true""),a&&l.append(""date"",a),r&&l.append(""exclude_multi_leg"",""true""),o(""/api/contract/"".concat(t,""/intraday?"").concat(l),c,s?{signal:s}:{})}function u(t,e,n,i){let a=e.replace(/-/g,"""").slice(2),o=String(Math.round(1e3*i)).padStart(8,""0"");return"""".concat(t,""__"").concat(a).concat(n).concat(o)}async function p(t,e,n,i){let a=new URLSearchParams;e&&a.set(""date"",e);let r=a.toString();return o(""/api/contract/"".concat(t,""/metrics"").concat(r?""?"".concat(r):""""),n,i?{signal:i}:{})}async function _(t,e,n,i){return o(""/api/contract/"".concat(t,""/since-fill?from_ts="").concat(e),n,i?{signal:i}:{})}async function g(t,e,n,i,a){return o(""/api/contract/"".concat(t,""/trades?start="").concat(e,""&end="").concat(n),i,a?{signal:a}:{})}async function v(t,e,n,i,a){if(a)return o(""/api/contract/"".concat(t,""/history?limit="").concat(a.limit,""&offset="").concat(a.offset),n);if(i){let a=new Date(new Date(i+""T00:00:00Z""));a.setUTCDate(a.getUTCDate()-Math.ceil(1.5*e));let r=a.toISOString().slice(0,10);return o(""/api/contract/"".concat(t,""/history?start_date="").concat(r,""&end_date="").concat(i),n)}return o(""/api"
/api/contracts/lookup?,/Volumes/EAGET/SKYLIT_RE/AUDIT_PUBLIC_2026-08-25/current_bundles/7187-dbf517257821735b.js,12813,"t a=new Date(new Date(i+""T00:00:00Z""));a.setUTCDate(a.getUTCDate()-Math.ceil(1.5*e));let r=a.toISOString().slice(0,10);return o(""/api/contract/"".concat(t,""/history?start_date="").concat(r,""&end_date="").concat(i),n)}return o(""/api/contract/"".concat(t,""/history?days="").concat(e),n)}async function h(t){let e=arguments.length>1&&void 0!==arguments[1]?arguments[1]:20,n=arguments.length>2?arguments[2]:void 0,i=arguments.length>3?arguments[3]:void 0,a=new URLSearchParams({q:t,limit:String(e)});return o(""/api/contracts/lookup?"".concat(a),n,i?{signal:i}:{})}async function S(t,e,n){let i=new URLSearchParams({ticker:t});return o(""/api/contracts/chain?"".concat(i),e,n?{signal:n}:{})}async function w(t,e){let n=arguments.length>2&&void 0!==arguments[2]?arguments[2]:15,i=arguments.length>3?arguments[3]:void 0,a=arguments.length>4&&void 0!==arguments[4]&&arguments[4],r=arguments.length>5&&void 0!==arguments[5]?arguments[5]:1,c=new URLSearchParams({ticker:t,limit:String(n)});return a&&c.set(""single_leg_only"",""true""),r>1&&c.set(""days"",String(r)),o(""/api/contracts/top?"".concat(c),e,i?{signal:i}:{})}async function y(t,e,n){let i=arguments.length>3&&void 0!==arguments[3]&&arguments[3],a=arguments.length>4?arguments[4]:void 0,r=arguments.length>5&&void 0!==arguments[5]&&arguments[5],c=arguments.length>6?arguments[6]:void 0,s=arguments.length>7?arguments[7]:void 0,l=new URLSearchParams({interval:e,bucket:n});return i&&l.append(""rvol"",""true""),a&&l.append(""date"",a),r&&l.append(""exclude_multi_leg"",""true""),o(""/api/underlying/"""
/api/contracts/chain?,/Volumes/EAGET/SKYLIT_RE/AUDIT_PUBLIC_2026-08-25/current_bundles/7187-dbf517257821735b.js,12938," o(""/api/contract/"".concat(t,""/history?start_date="").concat(r,""&end_date="").concat(i),n)}return o(""/api/contract/"".concat(t,""/history?days="").concat(e),n)}async function h(t){let e=arguments.length>1&&void 0!==arguments[1]?arguments[1]:20,n=arguments.length>2?arguments[2]:void 0,i=arguments.length>3?arguments[3]:void 0,a=new URLSearchParams({q:t,limit:String(e)});return o(""/api/contracts/lookup?"".concat(a),n,i?{signal:i}:{})}async function S(t,e,n){let i=new URLSearchParams({ticker:t});return o(""/api/contracts/chain?"".concat(i),e,n?{signal:n}:{})}async function w(t,e){let n=arguments.length>2&&void 0!==arguments[2]?arguments[2]:15,i=arguments.length>3?arguments[3]:void 0,a=arguments.length>4&&void 0!==arguments[4]&&arguments[4],r=arguments.length>5&&void 0!==arguments[5]?arguments[5]:1,c=new URLSearchParams({ticker:t,limit:String(n)});return a&&c.set(""single_leg_only"",""true""),r>1&&c.set(""days"",String(r)),o(""/api/contracts/top?"".concat(c),e,i?{signal:i}:{})}async function y(t,e,n){let i=arguments.length>3&&void 0!==arguments[3]&&arguments[3],a=arguments.length>4?arguments[4]:void 0,r=arguments.length>5&&void 0!==arguments[5]&&arguments[5],c=arguments.length>6?arguments[6]:void 0,s=arguments.length>7?arguments[7]:void 0,l=new URLSearchParams({interval:e,bucket:n});return i&&l.append(""rvol"",""true""),a&&l.append(""date"",a),r&&l.append(""exclude_multi_leg"",""true""),o(""/api/underlying/"".concat(t,""/intraday?"").concat(l),c,s?{signal:s}:{})}async function f(t,e,n,i){let a=new URLSearchParams;e&&a.set(""date"",e);"
/api/contracts/top?,/Volumes/EAGET/SKYLIT_RE/AUDIT_PUBLIC_2026-08-25/current_bundles/7187-dbf517257821735b.js,13358,"l:i}:{})}async function S(t,e,n){let i=new URLSearchParams({ticker:t});return o(""/api/contracts/chain?"".concat(i),e,n?{signal:n}:{})}async function w(t,e){let n=arguments.length>2&&void 0!==arguments[2]?arguments[2]:15,i=arguments.length>3?arguments[3]:void 0,a=arguments.length>4&&void 0!==arguments[4]&&arguments[4],r=arguments.length>5&&void 0!==arguments[5]?arguments[5]:1,c=new URLSearchParams({ticker:t,limit:String(n)});return a&&c.set(""single_leg_only"",""true""),r>1&&c.set(""days"",String(r)),o(""/api/contracts/top?"".concat(c),e,i?{signal:i}:{})}async function y(t,e,n){let i=arguments.length>3&&void 0!==arguments[3]&&arguments[3],a=arguments.length>4?arguments[4]:void 0,r=arguments.length>5&&void 0!==arguments[5]&&arguments[5],c=arguments.length>6?arguments[6]:void 0,s=arguments.length>7?arguments[7]:void 0,l=new URLSearchParams({interval:e,bucket:n});return i&&l.append(""rvol"",""true""),a&&l.append(""date"",a),r&&l.append(""exclude_multi_leg"",""true""),o(""/api/underlying/"".concat(t,""/intraday?"").concat(l),c,s?{signal:s}:{})}async function f(t,e,n,i){let a=new URLSearchParams;e&&a.set(""date"",e);let r=a.toString();return o(""/api/underlying/"".concat(t,""/metrics"").concat(r?""?"".concat(r):""""),n,i?{signal:i}:{})}async function k(){let t=arguments.length>0&&void 0!==arguments[0]?arguments[0]:{},e=arguments.length>1?arguments[1]:void 0,n=arguments.length>2?arguments[2]:void 0,i=new URLSearchParams;null!=t.days&&i.set(""days"",String(t.days)),null!=t.limit&&i.set(""limit"",String(t.limit)),null!=t.minPremium&&i.set(""m"
/api/underlying/,/Volumes/EAGET/SKYLIT_RE/AUDIT_PUBLIC_2026-08-25/current_bundles/7187-dbf517257821735b.js,13819,"""true""),r>1&&c.set(""days"",String(r)),o(""/api/contracts/top?"".concat(c),e,i?{signal:i}:{})}async function y(t,e,n){let i=arguments.length>3&&void 0!==arguments[3]&&arguments[3],a=arguments.length>4?arguments[4]:void 0,r=arguments.length>5&&void 0!==arguments[5]&&arguments[5],c=arguments.length>6?arguments[6]:void 0,s=arguments.length>7?arguments[7]:void 0,l=new URLSearchParams({interval:e,bucket:n});return i&&l.append(""rvol"",""true""),a&&l.append(""date"",a),r&&l.append(""exclude_multi_leg"",""true""),o(""/api/underlying/"".concat(t,""/intraday?"").concat(l),c,s?{signal:s}:{})}async function f(t,e,n,i){let a=new URLSearchParams;e&&a.set(""date"",e);let r=a.toString();return o(""/api/underlying/"".concat(t,""/metrics"").concat(r?""?"".concat(r):""""),n,i?{signal:i}:{})}async function k(){let t=arguments.length>0&&void 0!==arguments[0]?arguments[0]:{},e=arguments.length>1?arguments[1]:void 0,n=arguments.length>2?arguments[2]:void 0,i=new URLSearchParams;null!=t.days&&i.set(""days"",String(t.days)),null!=t.limit&&i.set(""limit"",String(t.limit)),null!=t.minPremium&&i.set(""min_premium"",String(t.minPremium));let a=i.toString()?""?"".concat(i.toString()):"""";return o(""/api/calendar/earnings"".concat(a),e,n?{signal:n}:{})}async function x(t,e,n,i,a,r){var c;let s=new URLSearchParams({start:String(e),end:String(n)});return(null==r?void 0:r.excludeMultiLeg)&&s.set(""exclude_multi_leg"",""true""),(null==r?void 0:r.moneyness)&&s.set(""moneyness"",r.moneyness),(null==r?void 0:r.minDte)!=null&&s.set(""min_dte"",String(r.minDte)),(null==r?void 0"
/api/calendar/earnings,/Volumes/EAGET/SKYLIT_RE/AUDIT_PUBLIC_2026-08-25/current_bundles/7187-dbf517257821735b.js,14469,"toString();return o(""/api/underlying/"".concat(t,""/metrics"").concat(r?""?"".concat(r):""""),n,i?{signal:i}:{})}async function k(){let t=arguments.length>0&&void 0!==arguments[0]?arguments[0]:{},e=arguments.length>1?arguments[1]:void 0,n=arguments.length>2?arguments[2]:void 0,i=new URLSearchParams;null!=t.days&&i.set(""days"",String(t.days)),null!=t.limit&&i.set(""limit"",String(t.limit)),null!=t.minPremium&&i.set(""min_premium"",String(t.minPremium));let a=i.toString()?""?"".concat(i.toString()):"""";return o(""/api/calendar/earnings"".concat(a),e,n?{signal:n}:{})}async function x(t,e,n,i,a,r){var c;let s=new URLSearchParams({start:String(e),end:String(n)});return(null==r?void 0:r.excludeMultiLeg)&&s.set(""exclude_multi_leg"",""true""),(null==r?void 0:r.moneyness)&&s.set(""moneyness"",r.moneyness),(null==r?void 0:r.minDte)!=null&&s.set(""min_dte"",String(r.minDte)),(null==r?void 0:r.maxDte)!=null&&s.set(""max_dte"",String(r.maxDte)),(null==r?void 0:r.minPremium)!=null&&s.set(""min_premium"",String(r.minPremium)),s.set(""limit"",String(null!=(c=null==r?void 0:r.limit)?c:500)),o(""/api/underlying/"".concat(t,""/trades?"").concat(s),i,a?{signal:a}:{})}async function P(t,e,n,i,a,r,c){let s=new URLSearchParams({start:String(e),end:String(n),bucket:i});return(null==a?void 0:a.singleLegOnly)&&s.set(""single_leg_only"",""true""),(null==a?void 0:a.multiLegOnly)&&s.set(""multi_leg_only"",""true""),(null==a?void 0:a.moneyness)&&s.set(""moneyness"",a.moneyness),(null==a?void 0:a.showItm)===!1&&s.set(""show_itm"",""false""),(null==a?void 0:a.showAtm)===!1&&s.s"
/api/opra-agreement,/Volumes/EAGET/SKYLIT_RE/AUDIT_PUBLIC_2026-08-25/current_bundles/7187-dbf517257821735b.js,18566,"cat(t,""/distribution?"").concat(r),i)}async function U(t,e,n,i,a,r){let c=new URLSearchParams({interval:n});return i&&""all""!==i&&c.append(""dte_filter"",i),r&&c.append(""date"",r),o(""/api/underlying/"".concat(t,""/strike/"").concat(e,""/expirations?"").concat(c),a)}async function O(t,e,n,i,a,r){let c=new URLSearchParams({interval:e});return n&&c.append(""date"",n),i&&c.append(""exclude_multi_leg"",""true""),o(""/api/underlying/"".concat(t,""/net-premium?"").concat(c),a,r?{signal:r}:{})}async function R(t){return o(""/api/opra-agreement"",t)}async function L(t,e){return o(""/api/opra-agreement"",e,{method:""POST"",headers:{""Content-Type"":""application/json""},body:JSON.stringify(t)})}async function T(t,e){return o(""/api/preferences?user_id="".concat(encodeURIComponent(t)),e)}async function I(t,e,n){return o(""/api/preferences"",n,{method:""PUT"",headers:{""Content-Type"":""application/json""},body:JSON.stringify({user_id:t,preferences:e})})}async function D(t,e){return o(""/api/keys"",e,{method:""POST"",headers:{""Content-Type"":""application/json""},body:JSON.stringify({name:t})})}async function A(t){return o(""/api/keys"",t)}async function E(t,e){return o(""/api/keys/"".concat(encodeURIComponent(t)),e,{method:""DELETE""})}function N(t){var e,n;return"""".concat(null!=(e=t._ts_event)?e:0,""_"").concat(null!=(n=t._raw_symbol)?n:t.ticker)}async function B(t){return(await o(""/api/saved-trades"",t)).trades}async function j(t,e,n){await o(""/api/saved-trades"",e,{method:""POST"",headers:{""Content-Type"":""application/json""},body:JSON.stringify({trade_key:null!=n"
/api/preferences?user_id=,/Volumes/EAGET/SKYLIT_RE/AUDIT_PUBLIC_2026-08-25/current_bundles/7187-dbf517257821735b.js,18761,".concat(t,""/strike/"").concat(e,""/expirations?"").concat(c),a)}async function O(t,e,n,i,a,r){let c=new URLSearchParams({interval:e});return n&&c.append(""date"",n),i&&c.append(""exclude_multi_leg"",""true""),o(""/api/underlying/"".concat(t,""/net-premium?"").concat(c),a,r?{signal:r}:{})}async function R(t){return o(""/api/opra-agreement"",t)}async function L(t,e){return o(""/api/opra-agreement"",e,{method:""POST"",headers:{""Content-Type"":""application/json""},body:JSON.stringify(t)})}async function T(t,e){return o(""/api/preferences?user_id="".concat(encodeURIComponent(t)),e)}async function I(t,e,n){return o(""/api/preferences"",n,{method:""PUT"",headers:{""Content-Type"":""application/json""},body:JSON.stringify({user_id:t,preferences:e})})}async function D(t,e){return o(""/api/keys"",e,{method:""POST"",headers:{""Content-Type"":""application/json""},body:JSON.stringify({name:t})})}async function A(t){return o(""/api/keys"",t)}async function E(t,e){return o(""/api/keys/"".concat(encodeURIComponent(t)),e,{method:""DELETE""})}function N(t){var e,n;return"""".concat(null!=(e=t._ts_event)?e:0,""_"").concat(null!=(n=t._raw_symbol)?n:t.ticker)}async function B(t){return(await o(""/api/saved-trades"",t)).trades}async function j(t,e,n){await o(""/api/saved-trades"",e,{method:""POST"",headers:{""Content-Type"":""application/json""},body:JSON.stringify({trade_key:null!=n?n:N(t),trade_data:t})})}async function M(t,e){await o(""/api/saved-trades/"".concat(encodeURIComponent(t)),e,{method:""DELETE""})}function J(t){let e=t.right.trim().toUpperCase().startsWith(""P"")?""P"":""C"",n"
/api/preferences,/Volumes/EAGET/SKYLIT_RE/AUDIT_PUBLIC_2026-08-25/current_bundles/7187-dbf517257821735b.js,18855," c=new URLSearchParams({interval:e});return n&&c.append(""date"",n),i&&c.append(""exclude_multi_leg"",""true""),o(""/api/underlying/"".concat(t,""/net-premium?"").concat(c),a,r?{signal:r}:{})}async function R(t){return o(""/api/opra-agreement"",t)}async function L(t,e){return o(""/api/opra-agreement"",e,{method:""POST"",headers:{""Content-Type"":""application/json""},body:JSON.stringify(t)})}async function T(t,e){return o(""/api/preferences?user_id="".concat(encodeURIComponent(t)),e)}async function I(t,e,n){return o(""/api/preferences"",n,{method:""PUT"",headers:{""Content-Type"":""application/json""},body:JSON.stringify({user_id:t,preferences:e})})}async function D(t,e){return o(""/api/keys"",e,{method:""POST"",headers:{""Content-Type"":""application/json""},body:JSON.stringify({name:t})})}async function A(t){return o(""/api/keys"",t)}async function E(t,e){return o(""/api/keys/"".concat(encodeURIComponent(t)),e,{method:""DELETE""})}function N(t){var e,n;return"""".concat(null!=(e=t._ts_event)?e:0,""_"").concat(null!=(n=t._raw_symbol)?n:t.ticker)}async function B(t){return(await o(""/api/saved-trades"",t)).trades}async function j(t,e,n){await o(""/api/saved-trades"",e,{method:""POST"",headers:{""Content-Type"":""application/json""},body:JSON.stringify({trade_key:null!=n?n:N(t),trade_data:t})})}async function M(t,e){await o(""/api/saved-trades/"".concat(encodeURIComponent(t)),e,{method:""DELETE""})}function J(t){let e=t.right.trim().toUpperCase().startsWith(""P"")?""P"":""C"",n=t.strike.toFixed(3).replace(/0+$/,"""").replace(/\.$/,"""");return"""".concat(t.ticker.toU"
/api/keys,/Volumes/EAGET/SKYLIT_RE/AUDIT_PUBLIC_2026-08-25/current_bundles/7187-dbf517257821735b.js,19014,"(c),a,r?{signal:r}:{})}async function R(t){return o(""/api/opra-agreement"",t)}async function L(t,e){return o(""/api/opra-agreement"",e,{method:""POST"",headers:{""Content-Type"":""application/json""},body:JSON.stringify(t)})}async function T(t,e){return o(""/api/preferences?user_id="".concat(encodeURIComponent(t)),e)}async function I(t,e,n){return o(""/api/preferences"",n,{method:""PUT"",headers:{""Content-Type"":""application/json""},body:JSON.stringify({user_id:t,preferences:e})})}async function D(t,e){return o(""/api/keys"",e,{method:""POST"",headers:{""Content-Type"":""application/json""},body:JSON.stringify({name:t})})}async function A(t){return o(""/api/keys"",t)}async function E(t,e){return o(""/api/keys/"".concat(encodeURIComponent(t)),e,{method:""DELETE""})}function N(t){var e,n;return"""".concat(null!=(e=t._ts_event)?e:0,""_"").concat(null!=(n=t._raw_symbol)?n:t.ticker)}async function B(t){return(await o(""/api/saved-trades"",t)).trades}async function j(t,e,n){await o(""/api/saved-trades"",e,{method:""POST"",headers:{""Content-Type"":""application/json""},body:JSON.stringify({trade_key:null!=n?n:N(t),trade_data:t})})}async function M(t,e){await o(""/api/saved-trades/"".concat(encodeURIComponent(t)),e,{method:""DELETE""})}function J(t){let e=t.right.trim().toUpperCase().startsWith(""P"")?""P"":""C"",n=t.strike.toFixed(3).replace(/0+$/,"""").replace(/\.$/,"""");return"""".concat(t.ticker.toUpperCase(),"":"").concat(t.expiration,"":"").concat(n,"":"").concat(e)}async function F(t){return(await o(""/api/tracked-contracts"",t)).contracts}async functio"
/api/keys/,/Volumes/EAGET/SKYLIT_RE/AUDIT_PUBLIC_2026-08-25/current_bundles/7187-dbf517257821735b.js,19194,"ion/json""},body:JSON.stringify(t)})}async function T(t,e){return o(""/api/preferences?user_id="".concat(encodeURIComponent(t)),e)}async function I(t,e,n){return o(""/api/preferences"",n,{method:""PUT"",headers:{""Content-Type"":""application/json""},body:JSON.stringify({user_id:t,preferences:e})})}async function D(t,e){return o(""/api/keys"",e,{method:""POST"",headers:{""Content-Type"":""application/json""},body:JSON.stringify({name:t})})}async function A(t){return o(""/api/keys"",t)}async function E(t,e){return o(""/api/keys/"".concat(encodeURIComponent(t)),e,{method:""DELETE""})}function N(t){var e,n;return"""".concat(null!=(e=t._ts_event)?e:0,""_"").concat(null!=(n=t._raw_symbol)?n:t.ticker)}async function B(t){return(await o(""/api/saved-trades"",t)).trades}async function j(t,e,n){await o(""/api/saved-trades"",e,{method:""POST"",headers:{""Content-Type"":""application/json""},body:JSON.stringify({trade_key:null!=n?n:N(t),trade_data:t})})}async function M(t,e){await o(""/api/saved-trades/"".concat(encodeURIComponent(t)),e,{method:""DELETE""})}function J(t){let e=t.right.trim().toUpperCase().startsWith(""P"")?""P"":""C"",n=t.strike.toFixed(3).replace(/0+$/,"""").replace(/\.$/,"""");return"""".concat(t.ticker.toUpperCase(),"":"").concat(t.expiration,"":"").concat(n,"":"").concat(e)}async function F(t){return(await o(""/api/tracked-contracts"",t)).contracts}async function V(t,e){return(await o(""/api/tracked-contracts"",e,{method:""POST"",headers:{""Content-Type"":""application/json""},body:JSON.stringify(t)})).contract_key}async function z(t,e){await o(""/"
/api/saved-trades,/Volumes/EAGET/SKYLIT_RE/AUDIT_PUBLIC_2026-08-25/current_bundles/7187-dbf517257821735b.js,19405,"nt-Type"":""application/json""},body:JSON.stringify({user_id:t,preferences:e})})}async function D(t,e){return o(""/api/keys"",e,{method:""POST"",headers:{""Content-Type"":""application/json""},body:JSON.stringify({name:t})})}async function A(t){return o(""/api/keys"",t)}async function E(t,e){return o(""/api/keys/"".concat(encodeURIComponent(t)),e,{method:""DELETE""})}function N(t){var e,n;return"""".concat(null!=(e=t._ts_event)?e:0,""_"").concat(null!=(n=t._raw_symbol)?n:t.ticker)}async function B(t){return(await o(""/api/saved-trades"",t)).trades}async function j(t,e,n){await o(""/api/saved-trades"",e,{method:""POST"",headers:{""Content-Type"":""application/json""},body:JSON.stringify({trade_key:null!=n?n:N(t),trade_data:t})})}async function M(t,e){await o(""/api/saved-trades/"".concat(encodeURIComponent(t)),e,{method:""DELETE""})}function J(t){let e=t.right.trim().toUpperCase().startsWith(""P"")?""P"":""C"",n=t.strike.toFixed(3).replace(/0+$/,"""").replace(/\.$/,"""");return"""".concat(t.ticker.toUpperCase(),"":"").concat(t.expiration,"":"").concat(n,"":"").concat(e)}async function F(t){return(await o(""/api/tracked-contracts"",t)).contracts}async function V(t,e){return(await o(""/api/tracked-contracts"",e,{method:""POST"",headers:{""Content-Type"":""application/json""},body:JSON.stringify(t)})).contract_key}async function z(t,e){await o(""/api/tracked-contracts/"".concat(encodeURIComponent(t)),e,{method:""DELETE""})}async function X(t){return(await o(""/api/saved-trades/check-closes"",t,{method:""POST""})).closed}async function q(t,e){await o(""/api/saved-trades"
/api/saved-trades/,/Volumes/EAGET/SKYLIT_RE/AUDIT_PUBLIC_2026-08-25/current_bundles/7187-dbf517257821735b.js,19642,"urn o(""/api/keys"",t)}async function E(t,e){return o(""/api/keys/"".concat(encodeURIComponent(t)),e,{method:""DELETE""})}function N(t){var e,n;return"""".concat(null!=(e=t._ts_event)?e:0,""_"").concat(null!=(n=t._raw_symbol)?n:t.ticker)}async function B(t){return(await o(""/api/saved-trades"",t)).trades}async function j(t,e,n){await o(""/api/saved-trades"",e,{method:""POST"",headers:{""Content-Type"":""application/json""},body:JSON.stringify({trade_key:null!=n?n:N(t),trade_data:t})})}async function M(t,e){await o(""/api/saved-trades/"".concat(encodeURIComponent(t)),e,{method:""DELETE""})}function J(t){let e=t.right.trim().toUpperCase().startsWith(""P"")?""P"":""C"",n=t.strike.toFixed(3).replace(/0+$/,"""").replace(/\.$/,"""");return"""".concat(t.ticker.toUpperCase(),"":"").concat(t.expiration,"":"").concat(n,"":"").concat(e)}async function F(t){return(await o(""/api/tracked-contracts"",t)).contracts}async function V(t,e){return(await o(""/api/tracked-contracts"",e,{method:""POST"",headers:{""Content-Type"":""application/json""},body:JSON.stringify(t)})).contract_key}async function z(t,e){await o(""/api/tracked-contracts/"".concat(encodeURIComponent(t)),e,{method:""DELETE""})}async function X(t){return(await o(""/api/saved-trades/check-closes"",t,{method:""POST""})).closed}async function q(t,e){await o(""/api/saved-trades/"".concat(encodeURIComponent(t),""/dismiss""),e,{method:""PATCH""})}async function $(t,e){return 0===t.length?{}:(await o(""/api/saved-trades/quotes"",e,{method:""POST"",headers:{""Content-Type"":""application/json""},body:JSON.stringify({contracts:t"
/api/tracked-contracts,/Volumes/EAGET/SKYLIT_RE/AUDIT_PUBLIC_2026-08-25/current_bundles/7187-dbf517257821735b.js,19973,"/saved-trades"",e,{method:""POST"",headers:{""Content-Type"":""application/json""},body:JSON.stringify({trade_key:null!=n?n:N(t),trade_data:t})})}async function M(t,e){await o(""/api/saved-trades/"".concat(encodeURIComponent(t)),e,{method:""DELETE""})}function J(t){let e=t.right.trim().toUpperCase().startsWith(""P"")?""P"":""C"",n=t.strike.toFixed(3).replace(/0+$/,"""").replace(/\.$/,"""");return"""".concat(t.ticker.toUpperCase(),"":"").concat(t.expiration,"":"").concat(n,"":"").concat(e)}async function F(t){return(await o(""/api/tracked-contracts"",t)).contracts}async function V(t,e){return(await o(""/api/tracked-contracts"",e,{method:""POST"",headers:{""Content-Type"":""application/json""},body:JSON.stringify(t)})).contract_key}async function z(t,e){await o(""/api/tracked-contracts/"".concat(encodeURIComponent(t)),e,{method:""DELETE""})}async function X(t){return(await o(""/api/saved-trades/check-closes"",t,{method:""POST""})).closed}async function q(t,e){await o(""/api/saved-trades/"".concat(encodeURIComponent(t),""/dismiss""),e,{method:""PATCH""})}async function $(t,e){return 0===t.length?{}:(await o(""/api/saved-trades/quotes"",e,{method:""POST"",headers:{""Content-Type"":""application/json""},body:JSON.stringify({contracts:t})})).quotes}async function Q(t){return o(""/api/discord-channels"",t)}async function W(t,e,n,i){let a={};return t&&(a.channels=t),void 0!==e&&(a.message_template=e),void 0!==n&&(a.include_open_link=n),o(""/api/discord-channels"",i,{method:""PUT"",headers:{""Content-Type"":""application/json""},body:JSON.stringify(a)})}async function Z(t,e){aw"
/api/tracked-contracts/,/Volumes/EAGET/SKYLIT_RE/AUDIT_PUBLIC_2026-08-25/current_bundles/7187-dbf517257821735b.js,20204,"DELETE""})}function J(t){let e=t.right.trim().toUpperCase().startsWith(""P"")?""P"":""C"",n=t.strike.toFixed(3).replace(/0+$/,"""").replace(/\.$/,"""");return"""".concat(t.ticker.toUpperCase(),"":"").concat(t.expiration,"":"").concat(n,"":"").concat(e)}async function F(t){return(await o(""/api/tracked-contracts"",t)).contracts}async function V(t,e){return(await o(""/api/tracked-contracts"",e,{method:""POST"",headers:{""Content-Type"":""application/json""},body:JSON.stringify(t)})).contract_key}async function z(t,e){await o(""/api/tracked-contracts/"".concat(encodeURIComponent(t)),e,{method:""DELETE""})}async function X(t){return(await o(""/api/saved-trades/check-closes"",t,{method:""POST""})).closed}async function q(t,e){await o(""/api/saved-trades/"".concat(encodeURIComponent(t),""/dismiss""),e,{method:""PATCH""})}async function $(t,e){return 0===t.length?{}:(await o(""/api/saved-trades/quotes"",e,{method:""POST"",headers:{""Content-Type"":""application/json""},body:JSON.stringify({contracts:t})})).quotes}async function Q(t){return o(""/api/discord-channels"",t)}async function W(t,e,n,i){let a={};return t&&(a.channels=t),void 0!==e&&(a.message_template=e),void 0!==n&&(a.include_open_link=n),o(""/api/discord-channels"",i,{method:""PUT"",headers:{""Content-Type"":""application/json""},body:JSON.stringify(a)})}async function Z(t,e){await o(""/api/discord/test"",e,{method:""POST"",headers:{""Content-Type"":""application/json""},body:JSON.stringify({channel_id:t})})}async function H(t,e){return o(""/api/admin/users/"".concat(encodeURIComponent(t),""/discord-channels""),e)}asy"
/api/saved-trades/check-closes,/Volumes/EAGET/SKYLIT_RE/AUDIT_PUBLIC_2026-08-25/current_bundles/7187-dbf517257821735b.js,20316,"(/0+$/,"""").replace(/\.$/,"""");return"""".concat(t.ticker.toUpperCase(),"":"").concat(t.expiration,"":"").concat(n,"":"").concat(e)}async function F(t){return(await o(""/api/tracked-contracts"",t)).contracts}async function V(t,e){return(await o(""/api/tracked-contracts"",e,{method:""POST"",headers:{""Content-Type"":""application/json""},body:JSON.stringify(t)})).contract_key}async function z(t,e){await o(""/api/tracked-contracts/"".concat(encodeURIComponent(t)),e,{method:""DELETE""})}async function X(t){return(await o(""/api/saved-trades/check-closes"",t,{method:""POST""})).closed}async function q(t,e){await o(""/api/saved-trades/"".concat(encodeURIComponent(t),""/dismiss""),e,{method:""PATCH""})}async function $(t,e){return 0===t.length?{}:(await o(""/api/saved-trades/quotes"",e,{method:""POST"",headers:{""Content-Type"":""application/json""},body:JSON.stringify({contracts:t})})).quotes}async function Q(t){return o(""/api/discord-channels"",t)}async function W(t,e,n,i){let a={};return t&&(a.channels=t),void 0!==e&&(a.message_template=e),void 0!==n&&(a.include_open_link=n),o(""/api/discord-channels"",i,{method:""PUT"",headers:{""Content-Type"":""application/json""},body:JSON.stringify(a)})}async function Z(t,e){await o(""/api/discord/test"",e,{method:""POST"",headers:{""Content-Type"":""application/json""},body:JSON.stringify({channel_id:t})})}async function H(t,e){return o(""/api/admin/users/"".concat(encodeURIComponent(t),""/discord-channels""),e)}async function G(t,e,n){return o(""/api/admin/users/"".concat(encodeURIComponent(t),""/discord-channels""),n,{method:""POST"",he"
/api/saved-trades/quotes,/Volumes/EAGET/SKYLIT_RE/AUDIT_PUBLIC_2026-08-25/current_bundles/7187-dbf517257821735b.js,20542,"wait o(""/api/tracked-contracts"",e,{method:""POST"",headers:{""Content-Type"":""application/json""},body:JSON.stringify(t)})).contract_key}async function z(t,e){await o(""/api/tracked-contracts/"".concat(encodeURIComponent(t)),e,{method:""DELETE""})}async function X(t){return(await o(""/api/saved-trades/check-closes"",t,{method:""POST""})).closed}async function q(t,e){await o(""/api/saved-trades/"".concat(encodeURIComponent(t),""/dismiss""),e,{method:""PATCH""})}async function $(t,e){return 0===t.length?{}:(await o(""/api/saved-trades/quotes"",e,{method:""POST"",headers:{""Content-Type"":""application/json""},body:JSON.stringify({contracts:t})})).quotes}async function Q(t){return o(""/api/discord-channels"",t)}async function W(t,e,n,i){let a={};return t&&(a.channels=t),void 0!==e&&(a.message_template=e),void 0!==n&&(a.include_open_link=n),o(""/api/discord-channels"",i,{method:""PUT"",headers:{""Content-Type"":""application/json""},body:JSON.stringify(a)})}async function Z(t,e){await o(""/api/discord/test"",e,{method:""POST"",headers:{""Content-Type"":""application/json""},body:JSON.stringify({channel_id:t})})}async function H(t,e){return o(""/api/admin/users/"".concat(encodeURIComponent(t),""/discord-channels""),e)}async function G(t,e,n){return o(""/api/admin/users/"".concat(encodeURIComponent(t),""/discord-channels""),n,{method:""POST"",headers:{""Content-Type"":""application/json""},body:JSON.stringify(e)})}async function K(t,e,n){await o(""/api/admin/users/"".concat(encodeURIComponent(t),""/discord-channels/"").concat(encodeURIComponent(e),""/test""),n,{method:""P"
/api/discord-channels,/Volumes/EAGET/SKYLIT_RE/AUDIT_PUBLIC_2026-08-25/current_bundles/7187-dbf517257821735b.js,20704,"""/api/tracked-contracts/"".concat(encodeURIComponent(t)),e,{method:""DELETE""})}async function X(t){return(await o(""/api/saved-trades/check-closes"",t,{method:""POST""})).closed}async function q(t,e){await o(""/api/saved-trades/"".concat(encodeURIComponent(t),""/dismiss""),e,{method:""PATCH""})}async function $(t,e){return 0===t.length?{}:(await o(""/api/saved-trades/quotes"",e,{method:""POST"",headers:{""Content-Type"":""application/json""},body:JSON.stringify({contracts:t})})).quotes}async function Q(t){return o(""/api/discord-channels"",t)}async function W(t,e,n,i){let a={};return t&&(a.channels=t),void 0!==e&&(a.message_template=e),void 0!==n&&(a.include_open_link=n),o(""/api/discord-channels"",i,{method:""PUT"",headers:{""Content-Type"":""application/json""},body:JSON.stringify(a)})}async function Z(t,e){await o(""/api/discord/test"",e,{method:""POST"",headers:{""Content-Type"":""application/json""},body:JSON.stringify({channel_id:t})})}async function H(t,e){return o(""/api/admin/users/"".concat(encodeURIComponent(t),""/discord-channels""),e)}async function G(t,e,n){return o(""/api/admin/users/"".concat(encodeURIComponent(t),""/discord-channels""),n,{method:""POST"",headers:{""Content-Type"":""application/json""},body:JSON.stringify(e)})}async function K(t,e,n){await o(""/api/admin/users/"".concat(encodeURIComponent(t),""/discord-channels/"").concat(encodeURIComponent(e),""/test""),n,{method:""POST""})}async function Y(t,e,n){return o(""/api/admin/users/"".concat(encodeURIComponent(t),""/discord-channels/"").concat(encodeURIComponent(e)),n,{method:""DELETE"""
/api/discord/test,/Volumes/EAGET/SKYLIT_RE/AUDIT_PUBLIC_2026-08-25/current_bundles/7187-dbf517257821735b.js,21003,"$(t,e){return 0===t.length?{}:(await o(""/api/saved-trades/quotes"",e,{method:""POST"",headers:{""Content-Type"":""application/json""},body:JSON.stringify({contracts:t})})).quotes}async function Q(t){return o(""/api/discord-channels"",t)}async function W(t,e,n,i){let a={};return t&&(a.channels=t),void 0!==e&&(a.message_template=e),void 0!==n&&(a.include_open_link=n),o(""/api/discord-channels"",i,{method:""PUT"",headers:{""Content-Type"":""application/json""},body:JSON.stringify(a)})}async function Z(t,e){await o(""/api/discord/test"",e,{method:""POST"",headers:{""Content-Type"":""application/json""},body:JSON.stringify({channel_id:t})})}async function H(t,e){return o(""/api/admin/users/"".concat(encodeURIComponent(t),""/discord-channels""),e)}async function G(t,e,n){return o(""/api/admin/users/"".concat(encodeURIComponent(t),""/discord-channels""),n,{method:""POST"",headers:{""Content-Type"":""application/json""},body:JSON.stringify(e)})}async function K(t,e,n){await o(""/api/admin/users/"".concat(encodeURIComponent(t),""/discord-channels/"").concat(encodeURIComponent(e),""/test""),n,{method:""POST""})}async function Y(t,e,n){return o(""/api/admin/users/"".concat(encodeURIComponent(t),""/discord-channels/"").concat(encodeURIComponent(e)),n,{method:""DELETE""})}async function tt(t,e,n,i,a){await o(""/api/discord/share"",a,{method:""POST"",headers:{""Content-Type"":""application/json""},body:JSON.stringify({channel_id:t,image_base64:e,...n,custom_message:i})})}async function te(t,e){var n;let i=new URLSearchParams;t&&t.length>0&&i.set(""tickers"",t.join("",""))"
/api/admin/users/,/Volumes/EAGET/SKYLIT_RE/AUDIT_PUBLIC_2026-08-25/current_bundles/7187-dbf517257821735b.js,21153,"ntracts:t})})).quotes}async function Q(t){return o(""/api/discord-channels"",t)}async function W(t,e,n,i){let a={};return t&&(a.channels=t),void 0!==e&&(a.message_template=e),void 0!==n&&(a.include_open_link=n),o(""/api/discord-channels"",i,{method:""PUT"",headers:{""Content-Type"":""application/json""},body:JSON.stringify(a)})}async function Z(t,e){await o(""/api/discord/test"",e,{method:""POST"",headers:{""Content-Type"":""application/json""},body:JSON.stringify({channel_id:t})})}async function H(t,e){return o(""/api/admin/users/"".concat(encodeURIComponent(t),""/discord-channels""),e)}async function G(t,e,n){return o(""/api/admin/users/"".concat(encodeURIComponent(t),""/discord-channels""),n,{method:""POST"",headers:{""Content-Type"":""application/json""},body:JSON.stringify(e)})}async function K(t,e,n){await o(""/api/admin/users/"".concat(encodeURIComponent(t),""/discord-channels/"").concat(encodeURIComponent(e),""/test""),n,{method:""POST""})}async function Y(t,e,n){return o(""/api/admin/users/"".concat(encodeURIComponent(t),""/discord-channels/"").concat(encodeURIComponent(e)),n,{method:""DELETE""})}async function tt(t,e,n,i,a){await o(""/api/discord/share"",a,{method:""POST"",headers:{""Content-Type"":""application/json""},body:JSON.stringify({channel_id:t,image_base64:e,...n,custom_message:i})})}async function te(t,e){var n;let i=new URLSearchParams;t&&t.length>0&&i.set(""tickers"",t.join("",""));let a=i.toString();return null!=(n=(await o(""/api/market/overview"".concat(a?""?"".concat(a):""""),e)).data)?n:null}async function tn(){var t;let e=argume"
/api/discord/share,/Volumes/EAGET/SKYLIT_RE/AUDIT_PUBLIC_2026-08-25/current_bundles/7187-dbf517257821735b.js,21767,"min/users/"".concat(encodeURIComponent(t),""/discord-channels""),n,{method:""POST"",headers:{""Content-Type"":""application/json""},body:JSON.stringify(e)})}async function K(t,e,n){await o(""/api/admin/users/"".concat(encodeURIComponent(t),""/discord-channels/"").concat(encodeURIComponent(e),""/test""),n,{method:""POST""})}async function Y(t,e,n){return o(""/api/admin/users/"".concat(encodeURIComponent(t),""/discord-channels/"").concat(encodeURIComponent(e)),n,{method:""DELETE""})}async function tt(t,e,n,i,a){await o(""/api/discord/share"",a,{method:""POST"",headers:{""Content-Type"":""application/json""},body:JSON.stringify({channel_id:t,image_base64:e,...n,custom_message:i})})}async function te(t,e){var n;let i=new URLSearchParams;t&&t.length>0&&i.set(""tickers"",t.join("",""));let a=i.toString();return null!=(n=(await o(""/api/market/overview"".concat(a?""?"".concat(a):""""),e)).data)?n:null}async function tn(){var t;let e=arguments.length>0&&void 0!==arguments[0]?arguments[0]:""1D"",n=arguments.length>1&&void 0!==arguments[1]?arguments[1]:""1min"",i=arguments.length>2?arguments[2]:void 0,a=arguments.length>3?arguments[3]:void 0,r=arguments.length>4?arguments[4]:void 0,c=new URLSearchParams({interval:e,bucket:n});return i&&c.set(""date"",i),null!=(t=(await o(""/api/market/tide?"".concat(c.toString()),a,r?{signal:r}:{})).data)?t:null}async function ti(t,e,n){let i=new URLSearchParams({group_id:t});return n&&i.set(""trade_date"",n),o(""/api/strategy/legs?"".concat(i.toString()),e)}let ta=200;async function to(t,e,n){var i;return 0===t.length?{}:n"
/api/market/overview,/Volumes/EAGET/SKYLIT_RE/AUDIT_PUBLIC_2026-08-25/current_bundles/7187-dbf517257821735b.js,22067,"POST""})}async function Y(t,e,n){return o(""/api/admin/users/"".concat(encodeURIComponent(t),""/discord-channels/"").concat(encodeURIComponent(e)),n,{method:""DELETE""})}async function tt(t,e,n,i,a){await o(""/api/discord/share"",a,{method:""POST"",headers:{""Content-Type"":""application/json""},body:JSON.stringify({channel_id:t,image_base64:e,...n,custom_message:i})})}async function te(t,e){var n;let i=new URLSearchParams;t&&t.length>0&&i.set(""tickers"",t.join("",""));let a=i.toString();return null!=(n=(await o(""/api/market/overview"".concat(a?""?"".concat(a):""""),e)).data)?n:null}async function tn(){var t;let e=arguments.length>0&&void 0!==arguments[0]?arguments[0]:""1D"",n=arguments.length>1&&void 0!==arguments[1]?arguments[1]:""1min"",i=arguments.length>2?arguments[2]:void 0,a=arguments.length>3?arguments[3]:void 0,r=arguments.length>4?arguments[4]:void 0,c=new URLSearchParams({interval:e,bucket:n});return i&&c.set(""date"",i),null!=(t=(await o(""/api/market/tide?"".concat(c.toString()),a,r?{signal:r}:{})).data)?t:null}async function ti(t,e,n){let i=new URLSearchParams({group_id:t});return n&&i.set(""trade_date"",n),o(""/api/strategy/legs?"".concat(i.toString()),e)}let ta=200;async function to(t,e,n){var i;return 0===t.length?{}:null!=(i=(await o(""/api/cross-hedge/links"",e,{method:""POST"",headers:{""Content-Type"":""application/json""},body:JSON.stringify({trades:t.slice(0,ta)}),...n?{signal:n}:{}})).links)?i:{}}async function tr(){let t=arguments.length>0&&void 0!==arguments[0]?arguments[0]:{},e=arguments.length>1?arguments[1]:voi"
/api/market/tide?,/Volumes/EAGET/SKYLIT_RE/AUDIT_PUBLIC_2026-08-25/current_bundles/7187-dbf517257821735b.js,22502,"ickers"",t.join("",""));let a=i.toString();return null!=(n=(await o(""/api/market/overview"".concat(a?""?"".concat(a):""""),e)).data)?n:null}async function tn(){var t;let e=arguments.length>0&&void 0!==arguments[0]?arguments[0]:""1D"",n=arguments.length>1&&void 0!==arguments[1]?arguments[1]:""1min"",i=arguments.length>2?arguments[2]:void 0,a=arguments.length>3?arguments[3]:void 0,r=arguments.length>4?arguments[4]:void 0,c=new URLSearchParams({interval:e,bucket:n});return i&&c.set(""date"",i),null!=(t=(await o(""/api/market/tide?"".concat(c.toString()),a,r?{signal:r}:{})).data)?t:null}async function ti(t,e,n){let i=new URLSearchParams({group_id:t});return n&&i.set(""trade_date"",n),o(""/api/strategy/legs?"".concat(i.toString()),e)}let ta=200;async function to(t,e,n){var i;return 0===t.length?{}:null!=(i=(await o(""/api/cross-hedge/links"",e,{method:""POST"",headers:{""Content-Type"":""application/json""},body:JSON.stringify({trades:t.slice(0,ta)}),...n?{signal:n}:{}})).links)?i:{}}async function tr(){let t=arguments.length>0&&void 0!==arguments[0]?arguments[0]:{},e=arguments.length>1?arguments[1]:void 0,n=arguments.length>2?arguments[2]:void 0,i=(function(t){let e=new URLSearchParams;return t.date&&e.set(""date"",t.date),t.date_start&&e.set(""date_start"",t.date_start),t.date_end&&e.set(""date_end"",t.date_end),t.time_start&&e.set(""time_start"",t.time_start),t.time_end&&e.set(""time_end"",t.time_end),t.tickers&&e.set(""tickers"",t.tickers),null!=t.min_notional&&e.set(""min_notional"",String(t.min_notional)),null!=t.max_notional&&e.set("""
/api/strategy/legs?,/Volumes/EAGET/SKYLIT_RE/AUDIT_PUBLIC_2026-08-25/current_bundles/7187-dbf517257821735b.js,22675,".length>0&&void 0!==arguments[0]?arguments[0]:""1D"",n=arguments.length>1&&void 0!==arguments[1]?arguments[1]:""1min"",i=arguments.length>2?arguments[2]:void 0,a=arguments.length>3?arguments[3]:void 0,r=arguments.length>4?arguments[4]:void 0,c=new URLSearchParams({interval:e,bucket:n});return i&&c.set(""date"",i),null!=(t=(await o(""/api/market/tide?"".concat(c.toString()),a,r?{signal:r}:{})).data)?t:null}async function ti(t,e,n){let i=new URLSearchParams({group_id:t});return n&&i.set(""trade_date"",n),o(""/api/strategy/legs?"".concat(i.toString()),e)}let ta=200;async function to(t,e,n){var i;return 0===t.length?{}:null!=(i=(await o(""/api/cross-hedge/links"",e,{method:""POST"",headers:{""Content-Type"":""application/json""},body:JSON.stringify({trades:t.slice(0,ta)}),...n?{signal:n}:{}})).links)?i:{}}async function tr(){let t=arguments.length>0&&void 0!==arguments[0]?arguments[0]:{},e=arguments.length>1?arguments[1]:void 0,n=arguments.length>2?arguments[2]:void 0,i=(function(t){let e=new URLSearchParams;return t.date&&e.set(""date"",t.date),t.date_start&&e.set(""date_start"",t.date_start),t.date_end&&e.set(""date_end"",t.date_end),t.time_start&&e.set(""time_start"",t.time_start),t.time_end&&e.set(""time_end"",t.time_end),t.tickers&&e.set(""tickers"",t.tickers),null!=t.min_notional&&e.set(""min_notional"",String(t.min_notional)),null!=t.max_notional&&e.set(""max_notional"",String(t.max_notional)),null!=t.min_size&&e.set(""min_size"",String(t.min_size)),null!=t.max_size&&e.set(""max_size"",String(t.max_size)),null!=t.min_price&&e.set(""m"
/api/cross-hedge/links,/Volumes/EAGET/SKYLIT_RE/AUDIT_PUBLIC_2026-08-25/current_bundles/7187-dbf517257821735b.js,22804,"ngth>2?arguments[2]:void 0,a=arguments.length>3?arguments[3]:void 0,r=arguments.length>4?arguments[4]:void 0,c=new URLSearchParams({interval:e,bucket:n});return i&&c.set(""date"",i),null!=(t=(await o(""/api/market/tide?"".concat(c.toString()),a,r?{signal:r}:{})).data)?t:null}async function ti(t,e,n){let i=new URLSearchParams({group_id:t});return n&&i.set(""trade_date"",n),o(""/api/strategy/legs?"".concat(i.toString()),e)}let ta=200;async function to(t,e,n){var i;return 0===t.length?{}:null!=(i=(await o(""/api/cross-hedge/links"",e,{method:""POST"",headers:{""Content-Type"":""application/json""},body:JSON.stringify({trades:t.slice(0,ta)}),...n?{signal:n}:{}})).links)?i:{}}async function tr(){let t=arguments.length>0&&void 0!==arguments[0]?arguments[0]:{},e=arguments.length>1?arguments[1]:void 0,n=arguments.length>2?arguments[2]:void 0,i=(function(t){let e=new URLSearchParams;return t.date&&e.set(""date"",t.date),t.date_start&&e.set(""date_start"",t.date_start),t.date_end&&e.set(""date_end"",t.date_end),t.time_start&&e.set(""time_start"",t.time_start),t.time_end&&e.set(""time_end"",t.time_end),t.tickers&&e.set(""tickers"",t.tickers),null!=t.min_notional&&e.set(""min_notional"",String(t.min_notional)),null!=t.max_notional&&e.set(""max_notional"",String(t.max_notional)),null!=t.min_size&&e.set(""min_size"",String(t.min_size)),null!=t.max_size&&e.set(""max_size"",String(t.max_size)),null!=t.min_price&&e.set(""min_price"",String(t.min_price)),null!=t.max_price&&e.set(""max_price"",String(t.max_price)),null!=t.min_avg_vol&&e.set(""min_avg_vol"",St"
/api/dark-pool/trades,/Volumes/EAGET/SKYLIT_RE/AUDIT_PUBLIC_2026-08-25/current_bundles/7187-dbf517257821735b.js,24184,"ce&&e.set(""min_price"",String(t.min_price)),null!=t.max_price&&e.set(""max_price"",String(t.max_price)),null!=t.min_avg_vol&&e.set(""min_avg_vol"",String(t.min_avg_vol)),null!=t.max_avg_vol&&e.set(""max_avg_vol"",String(t.max_avg_vol)),t.sectors&&e.set(""sectors"",t.sectors),t.industries&&e.set(""industries"",t.industries),t.venue&&e.set(""venue"",t.venue),null!=t.limit&&e.set(""limit"",String(t.limit)),null!=t.offset&&e.set(""offset"",String(t.offset)),t.order&&e.set(""order"",t.order),e})(t).toString();return o(""/api/dark-pool/trades"".concat(i?""?"".concat(i):""""),e,n?{signal:n}:{})}async function tc(){let t=arguments.length>0&&void 0!==arguments[0]?arguments[0]:{},e=arguments.length>1?arguments[1]:void 0,n=arguments.length>2?arguments[2]:void 0,i=new URLSearchParams;t.date&&i.set(""date"",t.date),null!=t.top_n&&i.set(""top_n"",String(t.top_n)),null!=t.min_notional&&i.set(""min_notional"",String(t.min_notional)),null!=t.min_avg_vol&&i.set(""min_avg_vol"",String(t.min_avg_vol)),null!=t.max_avg_vol&&i.set(""max_avg_vol"",String(t.max_avg_vol)),null!=t.min_price&&i.set(""min_price"",String(t.min_price)),null!=t.max_price&&i.set(""max_price"",String(t.max_price));let a=i.toString();return o(""/api/dark-pool/sector-summary"".concat(a?""?"".concat(a):""""),e,n?{signal:n}:{})}async function ts(t,e,n){let i=new URLSearchParams({ticker:t.ticker});return void 0!==t.top_n&&i.set(""top_n"",String(t.top_n)),void 0!==t.lookback_days&&i.set(""lookback_days"",String(t.lookback_days)),t.as_of_date&&i.set(""as_of_date"",t.as_of_date),o(""/api/dark-pool/top-print"
/api/dark-pool/sector-summary,/Volumes/EAGET/SKYLIT_RE/AUDIT_PUBLIC_2026-08-25/current_bundles/7187-dbf517257821735b.js,24856,">1?arguments[1]:void 0,n=arguments.length>2?arguments[2]:void 0,i=new URLSearchParams;t.date&&i.set(""date"",t.date),null!=t.top_n&&i.set(""top_n"",String(t.top_n)),null!=t.min_notional&&i.set(""min_notional"",String(t.min_notional)),null!=t.min_avg_vol&&i.set(""min_avg_vol"",String(t.min_avg_vol)),null!=t.max_avg_vol&&i.set(""max_avg_vol"",String(t.max_avg_vol)),null!=t.min_price&&i.set(""min_price"",String(t.min_price)),null!=t.max_price&&i.set(""max_price"",String(t.max_price));let a=i.toString();return o(""/api/dark-pool/sector-summary"".concat(a?""?"".concat(a):""""),e,n?{signal:n}:{})}async function ts(t,e,n){let i=new URLSearchParams({ticker:t.ticker});return void 0!==t.top_n&&i.set(""top_n"",String(t.top_n)),void 0!==t.lookback_days&&i.set(""lookback_days"",String(t.lookback_days)),t.as_of_date&&i.set(""as_of_date"",t.as_of_date),o(""/api/dark-pool/top-prints?"".concat(i.toString()),e,n?{signal:n}:{})}async function tl(t){let e=arguments.length>1&&void 0!==arguments[1]?arguments[1]:""1D"",n=arguments.length>2?arguments[2]:void 0,i=arguments.length>3?arguments[3]:void 0,a=arguments.length>4?arguments[4]:void 0,r=new URLSearchParams({interval:e});return n&&r.set(""date"",n),o(""/api/underlying/"".concat(encodeURIComponent(t),""/flow-vwap?"").concat(r.toString()),i,a?{signal:a}:{})}async function tm(t,e,n){let i=new URLSearchParams;t.event_type&&i.set(""event_type"",t.event_type),t.from&&i.set(""from"",t.from),t.to&&i.set(""to"",t.to),void 0!==t.limit&&i.set(""limit"",String(t.limit));let a=i.toString();return o(""/api/underlying/"".concat(encode"
/api/dark-pool/top-prints?,/Volumes/EAGET/SKYLIT_RE/AUDIT_PUBLIC_2026-08-25/current_bundles/7187-dbf517257821735b.js,25182,"g_vol"",String(t.max_avg_vol)),null!=t.min_price&&i.set(""min_price"",String(t.min_price)),null!=t.max_price&&i.set(""max_price"",String(t.max_price));let a=i.toString();return o(""/api/dark-pool/sector-summary"".concat(a?""?"".concat(a):""""),e,n?{signal:n}:{})}async function ts(t,e,n){let i=new URLSearchParams({ticker:t.ticker});return void 0!==t.top_n&&i.set(""top_n"",String(t.top_n)),void 0!==t.lookback_days&&i.set(""lookback_days"",String(t.lookback_days)),t.as_of_date&&i.set(""as_of_date"",t.as_of_date),o(""/api/dark-pool/top-prints?"".concat(i.toString()),e,n?{signal:n}:{})}async function tl(t){let e=arguments.length>1&&void 0!==arguments[1]?arguments[1]:""1D"",n=arguments.length>2?arguments[2]:void 0,i=arguments.length>3?arguments[3]:void 0,a=arguments.length>4?arguments[4]:void 0,r=new URLSearchParams({interval:e});return n&&r.set(""date"",n),o(""/api/underlying/"".concat(encodeURIComponent(t),""/flow-vwap?"").concat(r.toString()),i,a?{signal:a}:{})}async function tm(t,e,n){let i=new URLSearchParams;t.event_type&&i.set(""event_type"",t.event_type),t.from&&i.set(""from"",t.from),t.to&&i.set(""to"",t.to),void 0!==t.limit&&i.set(""limit"",String(t.limit));let a=i.toString();return o(""/api/underlying/"".concat(encodeURIComponent(t.ticker),""/events"").concat(a?""?"".concat(a):""""),e,n?{signal:n}:{})}async function td(){let t=arguments.length>0&&void 0!==arguments[0]?arguments[0]:{},e=arguments.length>1?arguments[1]:void 0,n=arguments.length>2?arguments[2]:void 0,i=new URLSearchParams;t.from&&i.set(""from"",t.from),t.to&&i.set(""to"",t.to),t.e"
/api/calendar/events,/Volumes/EAGET/SKYLIT_RE/AUDIT_PUBLIC_2026-08-25/current_bundles/7187-dbf517257821735b.js,26398,"t(t.ticker),""/events"").concat(a?""?"".concat(a):""""),e,n?{signal:n}:{})}async function td(){let t=arguments.length>0&&void 0!==arguments[0]?arguments[0]:{},e=arguments.length>1?arguments[1]:void 0,n=arguments.length>2?arguments[2]:void 0,i=new URLSearchParams;t.from&&i.set(""from"",t.from),t.to&&i.set(""to"",t.to),t.event_type&&i.set(""event_type"",t.event_type),void 0!==t.min_premium&&i.set(""min_premium"",String(t.min_premium)),void 0!==t.limit&&i.set(""limit"",String(t.limit));let a=i.toString();return o(""/api/calendar/events"".concat(a?""?"".concat(a):""""),e,n?{signal:n}:{})}async function tu(){let t=arguments.length>0&&void 0!==arguments[0]?arguments[0]:{},e=arguments.length>1?arguments[1]:void 0,n=arguments.length>2?arguments[2]:void 0,i=new URLSearchParams;t.from&&i.set(""from"",t.from),t.to&&i.set(""to"",t.to),void 0!==t.min_premium&&i.set(""min_premium"",String(t.min_premium)),void 0!==t.limit&&i.set(""limit"",String(t.limit));let a=i.toString();return o(""/api/calendar/earnings-moves"".concat(a?""?"".concat(a):""""),e,n?{signal:n}:{})}async function tp(){let t=arguments.length>0&&void 0!==arguments[0]?arguments[0]:{},e=arguments.length>1?arguments[1]:void 0,n=arguments.length>2?arguments[2]:void 0,i=new URLSearchParams;void 0!==t.limit&&i.set(""limit"",String(t.limit)),void 0!==t.min_rvol&&i.set(""min_rvol"",String(t.min_rvol)),void 0!==t.lookback_days&&i.set(""lookback_days"",String(t.lookback_days)),void 0!==t.min_avg_volume&&i.set(""min_avg_volume"",String(t.min_avg_volume));let a=i.toString();return o(""/api/compass/top-co"
/api/calendar/earnings-moves,/Volumes/EAGET/SKYLIT_RE/AUDIT_PUBLIC_2026-08-25/current_bundles/7187-dbf517257821735b.js,26851,""",String(t.limit));let a=i.toString();return o(""/api/calendar/events"".concat(a?""?"".concat(a):""""),e,n?{signal:n}:{})}async function tu(){let t=arguments.length>0&&void 0!==arguments[0]?arguments[0]:{},e=arguments.length>1?arguments[1]:void 0,n=arguments.length>2?arguments[2]:void 0,i=new URLSearchParams;t.from&&i.set(""from"",t.from),t.to&&i.set(""to"",t.to),void 0!==t.min_premium&&i.set(""min_premium"",String(t.min_premium)),void 0!==t.limit&&i.set(""limit"",String(t.limit));let a=i.toString();return o(""/api/calendar/earnings-moves"".concat(a?""?"".concat(a):""""),e,n?{signal:n}:{})}async function tp(){let t=arguments.length>0&&void 0!==arguments[0]?arguments[0]:{},e=arguments.length>1?arguments[1]:void 0,n=arguments.length>2?arguments[2]:void 0,i=new URLSearchParams;void 0!==t.limit&&i.set(""limit"",String(t.limit)),void 0!==t.min_rvol&&i.set(""min_rvol"",String(t.min_rvol)),void 0!==t.lookback_days&&i.set(""lookback_days"",String(t.lookback_days)),void 0!==t.min_avg_volume&&i.set(""min_avg_volume"",String(t.min_avg_volume));let a=i.toString();return o(""/api/compass/top-contracts"".concat(a?""?"".concat(a):""""),e,n?{signal:n}:{})}async function t_(){let t=arguments.length>0&&void 0!==arguments[0]?arguments[0]:{},e=arguments.length>1?arguments[1]:void 0,n=arguments.length>2?arguments[2]:void 0,i=new URLSearchParams;void 0!==t.limit&&i.set(""limit"",String(t.limit)),void 0!==t.min_premium&&i.set(""min_premium"",String(t.min_premium));let a=i.toString();return o(""/api/compass/top-industries"".concat(a?""?"".concat(a):""""),e,n?{signal:n}:{}"
/api/compass/top-contracts,/Volumes/EAGET/SKYLIT_RE/AUDIT_PUBLIC_2026-08-25/current_bundles/7187-dbf517257821735b.js,27400,"t(a):""""),e,n?{signal:n}:{})}async function tp(){let t=arguments.length>0&&void 0!==arguments[0]?arguments[0]:{},e=arguments.length>1?arguments[1]:void 0,n=arguments.length>2?arguments[2]:void 0,i=new URLSearchParams;void 0!==t.limit&&i.set(""limit"",String(t.limit)),void 0!==t.min_rvol&&i.set(""min_rvol"",String(t.min_rvol)),void 0!==t.lookback_days&&i.set(""lookback_days"",String(t.lookback_days)),void 0!==t.min_avg_volume&&i.set(""min_avg_volume"",String(t.min_avg_volume));let a=i.toString();return o(""/api/compass/top-contracts"".concat(a?""?"".concat(a):""""),e,n?{signal:n}:{})}async function t_(){let t=arguments.length>0&&void 0!==arguments[0]?arguments[0]:{},e=arguments.length>1?arguments[1]:void 0,n=arguments.length>2?arguments[2]:void 0,i=new URLSearchParams;void 0!==t.limit&&i.set(""limit"",String(t.limit)),void 0!==t.min_premium&&i.set(""min_premium"",String(t.min_premium));let a=i.toString();return o(""/api/compass/top-industries"".concat(a?""?"".concat(a):""""),e,n?{signal:n}:{})}async function tg(){let t=arguments.length>0&&void 0!==arguments[0]?arguments[0]:{},e=arguments.length>1?arguments[1]:void 0,n=arguments.length>2?arguments[2]:void 0,i=new URLSearchParams;void 0!==t.limit&&i.set(""limit"",String(t.limit)),void 0!==t.min_premium&&i.set(""min_premium"",String(t.min_premium));let a=i.toString();return o(""/api/compass/net-impact"".concat(a?""?"".concat(a):""""),e,n?{signal:n}:{})}async function tv(t,e,n){let i=new URLSearchParams;return i.set(""industry"",t.industry),void 0!==t.limit&&i.set(""limit"",String(t.limit)),void "
/api/compass/top-industries,/Volumes/EAGET/SKYLIT_RE/AUDIT_PUBLIC_2026-08-25/current_bundles/7187-dbf517257821735b.js,27807,"min_avg_volume&&i.set(""min_avg_volume"",String(t.min_avg_volume));let a=i.toString();return o(""/api/compass/top-contracts"".concat(a?""?"".concat(a):""""),e,n?{signal:n}:{})}async function t_(){let t=arguments.length>0&&void 0!==arguments[0]?arguments[0]:{},e=arguments.length>1?arguments[1]:void 0,n=arguments.length>2?arguments[2]:void 0,i=new URLSearchParams;void 0!==t.limit&&i.set(""limit"",String(t.limit)),void 0!==t.min_premium&&i.set(""min_premium"",String(t.min_premium));let a=i.toString();return o(""/api/compass/top-industries"".concat(a?""?"".concat(a):""""),e,n?{signal:n}:{})}async function tg(){let t=arguments.length>0&&void 0!==arguments[0]?arguments[0]:{},e=arguments.length>1?arguments[1]:void 0,n=arguments.length>2?arguments[2]:void 0,i=new URLSearchParams;void 0!==t.limit&&i.set(""limit"",String(t.limit)),void 0!==t.min_premium&&i.set(""min_premium"",String(t.min_premium));let a=i.toString();return o(""/api/compass/net-impact"".concat(a?""?"".concat(a):""""),e,n?{signal:n}:{})}async function tv(t,e,n){let i=new URLSearchParams;return i.set(""industry"",t.industry),void 0!==t.limit&&i.set(""limit"",String(t.limit)),void 0!==t.min_premium&&i.set(""min_premium"",String(t.min_premium)),o(""/api/compass/industry-tickers?"".concat(i.toString()),e,n?{signal:n}:{})}async function th(){let t=arguments.length>0&&void 0!==arguments[0]?arguments[0]:{},e=arguments.length>1?arguments[1]:void 0,n=arguments.length>2?arguments[2]:void 0,i=new URLSearchParams;void 0!==t.window&&i.set(""window"",t.window);let a=i.toString();return o(""/api/compa"
/api/compass/net-impact,/Volumes/EAGET/SKYLIT_RE/AUDIT_PUBLIC_2026-08-25/current_bundles/7187-dbf517257821735b.js,28215,"d 0!==t.min_premium&&i.set(""min_premium"",String(t.min_premium));let a=i.toString();return o(""/api/compass/top-industries"".concat(a?""?"".concat(a):""""),e,n?{signal:n}:{})}async function tg(){let t=arguments.length>0&&void 0!==arguments[0]?arguments[0]:{},e=arguments.length>1?arguments[1]:void 0,n=arguments.length>2?arguments[2]:void 0,i=new URLSearchParams;void 0!==t.limit&&i.set(""limit"",String(t.limit)),void 0!==t.min_premium&&i.set(""min_premium"",String(t.min_premium));let a=i.toString();return o(""/api/compass/net-impact"".concat(a?""?"".concat(a):""""),e,n?{signal:n}:{})}async function tv(t,e,n){let i=new URLSearchParams;return i.set(""industry"",t.industry),void 0!==t.limit&&i.set(""limit"",String(t.limit)),void 0!==t.min_premium&&i.set(""min_premium"",String(t.min_premium)),o(""/api/compass/industry-tickers?"".concat(i.toString()),e,n?{signal:n}:{})}async function th(){let t=arguments.length>0&&void 0!==arguments[0]?arguments[0]:{},e=arguments.length>1?arguments[1]:void 0,n=arguments.length>2?arguments[2]:void 0,i=new URLSearchParams;void 0!==t.window&&i.set(""window"",t.window);let a=i.toString();return o(""/api/compass/breadth-calendar"".concat(a?""?"".concat(a):""""),e,n?{signal:n}:{})}async function tS(){let t=arguments.length>0&&void 0!==arguments[0]?arguments[0]:{},e=arguments.length>1?arguments[1]:void 0,n=arguments.length>2?arguments[2]:void 0,i=new URLSearchParams;void 0!==t.window&&i.set(""window"",t.window);let a=i.toString();return o(""/api/compass/rotation-map"".concat(a?""?"".concat(a):""""),e,n?{signal:n}:{})}asy"
/api/compass/industry-tickers?,/Volumes/EAGET/SKYLIT_RE/AUDIT_PUBLIC_2026-08-25/current_bundles/7187-dbf517257821735b.js,28492,"ments[1]:void 0,n=arguments.length>2?arguments[2]:void 0,i=new URLSearchParams;void 0!==t.limit&&i.set(""limit"",String(t.limit)),void 0!==t.min_premium&&i.set(""min_premium"",String(t.min_premium));let a=i.toString();return o(""/api/compass/net-impact"".concat(a?""?"".concat(a):""""),e,n?{signal:n}:{})}async function tv(t,e,n){let i=new URLSearchParams;return i.set(""industry"",t.industry),void 0!==t.limit&&i.set(""limit"",String(t.limit)),void 0!==t.min_premium&&i.set(""min_premium"",String(t.min_premium)),o(""/api/compass/industry-tickers?"".concat(i.toString()),e,n?{signal:n}:{})}async function th(){let t=arguments.length>0&&void 0!==arguments[0]?arguments[0]:{},e=arguments.length>1?arguments[1]:void 0,n=arguments.length>2?arguments[2]:void 0,i=new URLSearchParams;void 0!==t.window&&i.set(""window"",t.window);let a=i.toString();return o(""/api/compass/breadth-calendar"".concat(a?""?"".concat(a):""""),e,n?{signal:n}:{})}async function tS(){let t=arguments.length>0&&void 0!==arguments[0]?arguments[0]:{},e=arguments.length>1?arguments[1]:void 0,n=arguments.length>2?arguments[2]:void 0,i=new URLSearchParams;void 0!==t.window&&i.set(""window"",t.window);let a=i.toString();return o(""/api/compass/rotation-map"".concat(a?""?"".concat(a):""""),e,n?{signal:n}:{})}async function tw(t,e,n){let i=new URLSearchParams;void 0!==t.window&&i.set(""window"",t.window),void 0!==t.expiration&&i.set(""expiration"",t.expiration),void 0!==t.strikes&&i.set(""strikes"",String(t.strikes)),void 0!==t.date&&i.set(""date"",t.date);let a=i.toString();return o(""/api/underlyin"
/api/compass/breadth-calendar,/Volumes/EAGET/SKYLIT_RE/AUDIT_PUBLIC_2026-08-25/current_bundles/7187-dbf517257821735b.js,28825,"SearchParams;return i.set(""industry"",t.industry),void 0!==t.limit&&i.set(""limit"",String(t.limit)),void 0!==t.min_premium&&i.set(""min_premium"",String(t.min_premium)),o(""/api/compass/industry-tickers?"".concat(i.toString()),e,n?{signal:n}:{})}async function th(){let t=arguments.length>0&&void 0!==arguments[0]?arguments[0]:{},e=arguments.length>1?arguments[1]:void 0,n=arguments.length>2?arguments[2]:void 0,i=new URLSearchParams;void 0!==t.window&&i.set(""window"",t.window);let a=i.toString();return o(""/api/compass/breadth-calendar"".concat(a?""?"".concat(a):""""),e,n?{signal:n}:{})}async function tS(){let t=arguments.length>0&&void 0!==arguments[0]?arguments[0]:{},e=arguments.length>1?arguments[1]:void 0,n=arguments.length>2?arguments[2]:void 0,i=new URLSearchParams;void 0!==t.window&&i.set(""window"",t.window);let a=i.toString();return o(""/api/compass/rotation-map"".concat(a?""?"".concat(a):""""),e,n?{signal:n}:{})}async function tw(t,e,n){let i=new URLSearchParams;void 0!==t.window&&i.set(""window"",t.window),void 0!==t.expiration&&i.set(""expiration"",t.expiration),void 0!==t.strikes&&i.set(""strikes"",String(t.strikes)),void 0!==t.date&&i.set(""date"",t.date);let a=i.toString();return o(""/api/underlying/"".concat(encodeURIComponent(t.ticker),""/strike-flow"").concat(a?""?"".concat(a):""""),e,n?{signal:n}:{})}async function ty(t,e,n){let i=new URLSearchParams;void 0!==t.date&&i.set(""date"",t.date),void 0!==t.expiration&&i.set(""expiration"",t.expiration),void 0!==t.strikes&&i.set(""strikes"",String(t.strikes));let a=i.toString();return o(""/"
/api/compass/rotation-map,/Volumes/EAGET/SKYLIT_RE/AUDIT_PUBLIC_2026-08-25/current_bundles/7187-dbf517257821735b.js,29163,"ngth>1?arguments[1]:void 0,n=arguments.length>2?arguments[2]:void 0,i=new URLSearchParams;void 0!==t.window&&i.set(""window"",t.window);let a=i.toString();return o(""/api/compass/breadth-calendar"".concat(a?""?"".concat(a):""""),e,n?{signal:n}:{})}async function tS(){let t=arguments.length>0&&void 0!==arguments[0]?arguments[0]:{},e=arguments.length>1?arguments[1]:void 0,n=arguments.length>2?arguments[2]:void 0,i=new URLSearchParams;void 0!==t.window&&i.set(""window"",t.window);let a=i.toString();return o(""/api/compass/rotation-map"".concat(a?""?"".concat(a):""""),e,n?{signal:n}:{})}async function tw(t,e,n){let i=new URLSearchParams;void 0!==t.window&&i.set(""window"",t.window),void 0!==t.expiration&&i.set(""expiration"",t.expiration),void 0!==t.strikes&&i.set(""strikes"",String(t.strikes)),void 0!==t.date&&i.set(""date"",t.date);let a=i.toString();return o(""/api/underlying/"".concat(encodeURIComponent(t.ticker),""/strike-flow"").concat(a?""?"".concat(a):""""),e,n?{signal:n}:{})}async function ty(t,e,n){let i=new URLSearchParams;void 0!==t.date&&i.set(""date"",t.date),void 0!==t.expiration&&i.set(""expiration"",t.expiration),void 0!==t.strikes&&i.set(""strikes"",String(t.strikes));let a=i.toString();return o(""/api/underlying/"".concat(encodeURIComponent(t.ticker),""/strike-flow/session"").concat(a?""?"".concat(a):""""),e,n?{signal:n}:{})}async function tf(){let t=arguments.length>0&&void 0!==arguments[0]?arguments[0]:{},e=arguments.length>1?arguments[1]:void 0,n=arguments.length>2?arguments[2]:void 0,i=new URLSearchParams;void 0!==t.limit&&i.set"
/api/compass/repetitive-hits,/Volumes/EAGET/SKYLIT_RE/AUDIT_PUBLIC_2026-08-25/current_bundles/7187-dbf517257821735b.js,30876,"_volume&&i.set(""min_tower_volume"",String(t.min_tower_volume)),void 0!==t.min_tower_premium&&i.set(""min_tower_premium"",String(t.min_tower_premium)),void 0!==t.max_multi_leg_ratio&&i.set(""max_multi_leg_ratio"",String(t.max_multi_leg_ratio)),void 0!==t.min_tower_mult&&i.set(""min_tower_mult"",String(t.min_tower_mult)),void 0!==t.vol_similarity&&i.set(""vol_similarity"",String(t.vol_similarity)),void 0!==t.min_recent_share&&i.set(""min_recent_share"",String(t.min_recent_share));let a=i.toString();return o(""/api/compass/repetitive-hits"".concat(a?""?"".concat(a):""""),e,n?{signal:n}:{})}async function tk(){let t=arguments.length>0&&void 0!==arguments[0]?arguments[0]:{},e=arguments.length>1?arguments[1]:void 0,n=arguments.length>2?arguments[2]:void 0,i=new URLSearchParams;void 0!==t.limit&&i.set(""limit"",String(t.limit)),void 0!==t.min_premium&&i.set(""min_premium"",String(t.min_premium));let a=i.toString();return o(""/api/compass/large-opening-orders"".concat(a?""?"".concat(a):""""),e,n?{signal:n}:{})}let tx={maxRules:25,maxNameLen:80,maxChannelsPerRule:5,minRateCap:1,maxRateCap:120,defaultRateCap:10};async function tP(t){return o(""/api/alerts"",t)}async function tb(t,e){return o(""/api/alerts"",e,{method:""POST"",headers:{""Content-Type"":""application/json""},body:JSON.stringify(t)})}async function tC(t,e,n){return o(""/api/alerts/"".concat(encodeURIComponent(t)),n,{method:""PUT"",headers:{""Content-Type"":""application/json""},body:JSON.stringify(e)})}async function tU(t,e){return o(""/api/alerts/"".concat(encodeURIComponent(t)),e,{method:""DELETE"
/api/compass/large-opening-orders,/Volumes/EAGET/SKYLIT_RE/AUDIT_PUBLIC_2026-08-25/current_bundles/7187-dbf517257821735b.js,31285,"nt_share&&i.set(""min_recent_share"",String(t.min_recent_share));let a=i.toString();return o(""/api/compass/repetitive-hits"".concat(a?""?"".concat(a):""""),e,n?{signal:n}:{})}async function tk(){let t=arguments.length>0&&void 0!==arguments[0]?arguments[0]:{},e=arguments.length>1?arguments[1]:void 0,n=arguments.length>2?arguments[2]:void 0,i=new URLSearchParams;void 0!==t.limit&&i.set(""limit"",String(t.limit)),void 0!==t.min_premium&&i.set(""min_premium"",String(t.min_premium));let a=i.toString();return o(""/api/compass/large-opening-orders"".concat(a?""?"".concat(a):""""),e,n?{signal:n}:{})}let tx={maxRules:25,maxNameLen:80,maxChannelsPerRule:5,minRateCap:1,maxRateCap:120,defaultRateCap:10};async function tP(t){return o(""/api/alerts"",t)}async function tb(t,e){return o(""/api/alerts"",e,{method:""POST"",headers:{""Content-Type"":""application/json""},body:JSON.stringify(t)})}async function tC(t,e,n){return o(""/api/alerts/"".concat(encodeURIComponent(t)),n,{method:""PUT"",headers:{""Content-Type"":""application/json""},body:JSON.stringify(e)})}async function tU(t,e){return o(""/api/alerts/"".concat(encodeURIComponent(t)),e,{method:""DELETE""})}async function tO(){var t;let e=arguments.length>0&&void 0!==arguments[0]?arguments[0]:{},n=arguments.length>1?arguments[1]:void 0,i=new URLSearchParams;return e.ruleId&&i.set(""rule_id"",e.ruleId),e.ticker&&i.set(""ticker"",e.ticker),i.set(""limit"",String(null!=(t=e.limit)?t:50)),e.paginationToken&&i.set(""pagination_token"",e.paginationToken),o(""/api/alerts/events?"".concat(i.toString()),n)}async function tR(t,e)"
/api/alerts,/Volumes/EAGET/SKYLIT_RE/AUDIT_PUBLIC_2026-08-25/current_bundles/7187-dbf517257821735b.js,31499,"void 0!==arguments[0]?arguments[0]:{},e=arguments.length>1?arguments[1]:void 0,n=arguments.length>2?arguments[2]:void 0,i=new URLSearchParams;void 0!==t.limit&&i.set(""limit"",String(t.limit)),void 0!==t.min_premium&&i.set(""min_premium"",String(t.min_premium));let a=i.toString();return o(""/api/compass/large-opening-orders"".concat(a?""?"".concat(a):""""),e,n?{signal:n}:{})}let tx={maxRules:25,maxNameLen:80,maxChannelsPerRule:5,minRateCap:1,maxRateCap:120,defaultRateCap:10};async function tP(t){return o(""/api/alerts"",t)}async function tb(t,e){return o(""/api/alerts"",e,{method:""POST"",headers:{""Content-Type"":""application/json""},body:JSON.stringify(t)})}async function tC(t,e,n){return o(""/api/alerts/"".concat(encodeURIComponent(t)),n,{method:""PUT"",headers:{""Content-Type"":""application/json""},body:JSON.stringify(e)})}async function tU(t,e){return o(""/api/alerts/"".concat(encodeURIComponent(t)),e,{method:""DELETE""})}async function tO(){var t;let e=arguments.length>0&&void 0!==arguments[0]?arguments[0]:{},n=arguments.length>1?arguments[1]:void 0,i=new URLSearchParams;return e.ruleId&&i.set(""rule_id"",e.ruleId),e.ticker&&i.set(""ticker"",e.ticker),i.set(""limit"",String(null!=(t=e.limit)?t:50)),e.paginationToken&&i.set(""pagination_token"",e.paginationToken),o(""/api/alerts/events?"".concat(i.toString()),n)}async function tR(t,e){return o(""/api/alerts/events/acknowledge"",e,{method:""POST"",headers:{""Content-Type"":""application/json""},body:JSON.stringify(t)})}async function tL(t,e){return o(""/api/alerts/events/acknowledge"
/api/alerts/,/Volumes/EAGET/SKYLIT_RE/AUDIT_PUBLIC_2026-08-25/current_bundles/7187-dbf517257821735b.js,31682,"limit)),void 0!==t.min_premium&&i.set(""min_premium"",String(t.min_premium));let a=i.toString();return o(""/api/compass/large-opening-orders"".concat(a?""?"".concat(a):""""),e,n?{signal:n}:{})}let tx={maxRules:25,maxNameLen:80,maxChannelsPerRule:5,minRateCap:1,maxRateCap:120,defaultRateCap:10};async function tP(t){return o(""/api/alerts"",t)}async function tb(t,e){return o(""/api/alerts"",e,{method:""POST"",headers:{""Content-Type"":""application/json""},body:JSON.stringify(t)})}async function tC(t,e,n){return o(""/api/alerts/"".concat(encodeURIComponent(t)),n,{method:""PUT"",headers:{""Content-Type"":""application/json""},body:JSON.stringify(e)})}async function tU(t,e){return o(""/api/alerts/"".concat(encodeURIComponent(t)),e,{method:""DELETE""})}async function tO(){var t;let e=arguments.length>0&&void 0!==arguments[0]?arguments[0]:{},n=arguments.length>1?arguments[1]:void 0,i=new URLSearchParams;return e.ruleId&&i.set(""rule_id"",e.ruleId),e.ticker&&i.set(""ticker"",e.ticker),i.set(""limit"",String(null!=(t=e.limit)?t:50)),e.paginationToken&&i.set(""pagination_token"",e.paginationToken),o(""/api/alerts/events?"".concat(i.toString()),n)}async function tR(t,e){return o(""/api/alerts/events/acknowledge"",e,{method:""POST"",headers:{""Content-Type"":""application/json""},body:JSON.stringify(t)})}async function tL(t,e){return o(""/api/alerts/events/acknowledge-bulk"",e,{method:""POST"",headers:{""Content-Type"":""application/json""},body:JSON.stringify({events:t})})}},64269:(t,e,n)=>{n.d(e,{cn:()=>o});var i=n(2821),a=n(75889);function o(){for(var "
/api/alerts/events?,/Volumes/EAGET/SKYLIT_RE/AUDIT_PUBLIC_2026-08-25/current_bundles/7187-dbf517257821735b.js,32252,"""Content-Type"":""application/json""},body:JSON.stringify(e)})}async function tU(t,e){return o(""/api/alerts/"".concat(encodeURIComponent(t)),e,{method:""DELETE""})}async function tO(){var t;let e=arguments.length>0&&void 0!==arguments[0]?arguments[0]:{},n=arguments.length>1?arguments[1]:void 0,i=new URLSearchParams;return e.ruleId&&i.set(""rule_id"",e.ruleId),e.ticker&&i.set(""ticker"",e.ticker),i.set(""limit"",String(null!=(t=e.limit)?t:50)),e.paginationToken&&i.set(""pagination_token"",e.paginationToken),o(""/api/alerts/events?"".concat(i.toString()),n)}async function tR(t,e){return o(""/api/alerts/events/acknowledge"",e,{method:""POST"",headers:{""Content-Type"":""application/json""},body:JSON.stringify(t)})}async function tL(t,e){return o(""/api/alerts/events/acknowledge-bulk"",e,{method:""POST"",headers:{""Content-Type"":""application/json""},body:JSON.stringify({events:t})})}},64269:(t,e,n)=>{n.d(e,{cn:()=>o});var i=n(2821),a=n(75889);function o(){for(var t=arguments.length,e=Array(t),n=0;n<t;n++)e[n]=arguments[n];return(0,a.QP)((0,i.$)(e))}},65685:(t,e,n)=>{n.d(e,{D:()=>r});var i=n(12115),a=n(55485),o=n(86666);function r(){let{themeMode:t,setThemeMode:e,isDark:n,theme:r,monoFont:c}=(0,a.DP)(),s=(0,o.Z9)(t),l=(0,i.useCallback)(()=>{""system""===t?e(""dark""):""dark""===t?e(""light""):""light""===t?e(""dark""):""dark-mono""===t?e(""light-mono""):""light-mono""===t?e(""dark-mono""):e(""dark"")},[t,e]),m=(0,i.useCallback)(()=>{""system""===t||""dark""===t?e(""dark-mono""):""light""===t?e(""light-mono""):""dark-mono""===t?e(""dark""):""light-mono""===t?e(""light"")"
/api/alerts/events/acknowledge,/Volumes/EAGET/SKYLIT_RE/AUDIT_PUBLIC_2026-08-25/current_bundles/7187-dbf517257821735b.js,32330,"t,e){return o(""/api/alerts/"".concat(encodeURIComponent(t)),e,{method:""DELETE""})}async function tO(){var t;let e=arguments.length>0&&void 0!==arguments[0]?arguments[0]:{},n=arguments.length>1?arguments[1]:void 0,i=new URLSearchParams;return e.ruleId&&i.set(""rule_id"",e.ruleId),e.ticker&&i.set(""ticker"",e.ticker),i.set(""limit"",String(null!=(t=e.limit)?t:50)),e.paginationToken&&i.set(""pagination_token"",e.paginationToken),o(""/api/alerts/events?"".concat(i.toString()),n)}async function tR(t,e){return o(""/api/alerts/events/acknowledge"",e,{method:""POST"",headers:{""Content-Type"":""application/json""},body:JSON.stringify(t)})}async function tL(t,e){return o(""/api/alerts/events/acknowledge-bulk"",e,{method:""POST"",headers:{""Content-Type"":""application/json""},body:JSON.stringify({events:t})})}},64269:(t,e,n)=>{n.d(e,{cn:()=>o});var i=n(2821),a=n(75889);function o(){for(var t=arguments.length,e=Array(t),n=0;n<t;n++)e[n]=arguments[n];return(0,a.QP)((0,i.$)(e))}},65685:(t,e,n)=>{n.d(e,{D:()=>r});var i=n(12115),a=n(55485),o=n(86666);function r(){let{themeMode:t,setThemeMode:e,isDark:n,theme:r,monoFont:c}=(0,a.DP)(),s=(0,o.Z9)(t),l=(0,i.useCallback)(()=>{""system""===t?e(""dark""):""dark""===t?e(""light""):""light""===t?e(""dark""):""dark-mono""===t?e(""light-mono""):""light-mono""===t?e(""dark-mono""):e(""dark"")},[t,e]),m=(0,i.useCallback)(()=>{""system""===t||""dark""===t?e(""dark-mono""):""light""===t?e(""light-mono""):""dark-mono""===t?e(""dark""):""light-mono""===t?e(""light""):e(""dark-mono"")},[t,e]);return{mode:t,theme:r,isDark:n,isMono:s,toggleTheme:l,toggleMono:"
/api/alerts/events/acknowledge-bulk,/Volumes/EAGET/SKYLIT_RE/AUDIT_PUBLIC_2026-08-25/current_bundles/7187-dbf517257821735b.js,32481,"0]?arguments[0]:{},n=arguments.length>1?arguments[1]:void 0,i=new URLSearchParams;return e.ruleId&&i.set(""rule_id"",e.ruleId),e.ticker&&i.set(""ticker"",e.ticker),i.set(""limit"",String(null!=(t=e.limit)?t:50)),e.paginationToken&&i.set(""pagination_token"",e.paginationToken),o(""/api/alerts/events?"".concat(i.toString()),n)}async function tR(t,e){return o(""/api/alerts/events/acknowledge"",e,{method:""POST"",headers:{""Content-Type"":""application/json""},body:JSON.stringify(t)})}async function tL(t,e){return o(""/api/alerts/events/acknowledge-bulk"",e,{method:""POST"",headers:{""Content-Type"":""application/json""},body:JSON.stringify({events:t})})}},64269:(t,e,n)=>{n.d(e,{cn:()=>o});var i=n(2821),a=n(75889);function o(){for(var t=arguments.length,e=Array(t),n=0;n<t;n++)e[n]=arguments[n];return(0,a.QP)((0,i.$)(e))}},65685:(t,e,n)=>{n.d(e,{D:()=>r});var i=n(12115),a=n(55485),o=n(86666);function r(){let{themeMode:t,setThemeMode:e,isDark:n,theme:r,monoFont:c}=(0,a.DP)(),s=(0,o.Z9)(t),l=(0,i.useCallback)(()=>{""system""===t?e(""dark""):""dark""===t?e(""light""):""light""===t?e(""dark""):""dark-mono""===t?e(""light-mono""):""light-mono""===t?e(""dark-mono""):e(""dark"")},[t,e]),m=(0,i.useCallback)(()=>{""system""===t||""dark""===t?e(""dark-mono""):""light""===t?e(""light-mono""):""dark-mono""===t?e(""dark""):""light-mono""===t?e(""light""):e(""dark-mono"")},[t,e]);return{mode:t,theme:r,isDark:n,isMono:s,toggleTheme:l,toggleMono:m,setMode:e,monoFont:c}}}}]);"
/api/gex/levels?,/Volumes/EAGET/SKYLIT_RE/AUDIT_PUBLIC_2026-08-25/current_bundles/4712-c51afc57ca55d292.js,28866,"0,o.vv)(n.expirationCount)),extended:String(a)});u&&(s.set(""with_snapshot"",""true""),s.set(""with_slices"",""true"")),n.includeDerived&&s.set(""include_derived"",""true""),n.orbV2CallPutFill&&s.set(""with_callput"",""true"");let c=function(){try{let e=localStorage.getItem(""gex_levels_additional_params"");return e?new URLSearchParams(e):null}catch(e){return null}}();if(c)for(let[e,t]of c)s.set(e,t);for(let e of t)s.append(""dates"",e);let d=(0,l.N)();return d&&s.set(""v"",d),i&&s.set(""_t"",String(i)),"""".concat(r.qG,""/api/gex/levels?"").concat(s)}(e,t,n,a,i,u),{signal:s.signal,...i?{cache:""no-store""}:{}}).finally(()=>clearTimeout(c));if(!d.ok){let e=await d.text().catch(()=>"""");return console.error(""[fetchGexLevels:gex-cache] "".concat(d.status,"": "").concat(e)),null}let p=await d.json();if(!p.success||p.error)return null;return p}catch(e){return null}}async function b(e,t,n){var r,l,o,a,i;let u,s=arguments.length>3&&void 0!==arguments[3]&&arguments[3],d=arguments.length>4?arguments[4]:void 0,m=!(arguments.length>5)||void 0===arguments[5]||arguments[5];if(0===t.length)return{levels:[],snapshot:null,expirations:[]};let f=t.reduce((e,t)=>e>t?e:t),b=await Promise.all(t.map(t=>h(e,[t],n,s,d,t===f&&m))),v=[],w=[],g=[],y=[];for(let e=0;e<b.length;e++){let n=b[e];if(!n)continue;let i=null!=(o=null==(r=n.expirations)?void 0:r[0])?o:t[e],s=(null!=(a=n.levels)?a:[]).map(c);if(i)for(let e of s)e.firstExpiration=i;if(v.push(...s),n.derived)for(let e of n.derived)w.push(i?{...e,firstExpiration:i}:e);n.snapshot&&g.push(n.snapshot),"
/api/alerts,/Volumes/EAGET/SKYLIT_RE/AUDIT_PUBLIC_2026-08-25/current_bundles/5168-9901aec5fd79d4ae.js,1103,"ent(String(n)))});return t.length>0?""?"".concat(t.join(""&"")):""""}async function c(e){let t=arguments.length>1&&void 0!==arguments[1]?arguments[1]:{},n=arguments.length>2?arguments[2]:void 0,r=new Headers(t.headers);n&&r.set(""Authorization"",""Bearer "".concat(n));let o=await fetch(e,{...t,headers:r});if(!o.ok){let e=await o.json().catch(()=>({message:o.statusText}));throw new s(e.message||e.error||""Request failed"",o.status,e.code)}return o}async function d(e,t){let n=l(e||{}),r=await c("""".concat(a(),""/api/alerts"").concat(n),{},t),o=await r.json();return o.alerts&&Array.isArray(o.alerts)&&(o.alerts=o.alerts.map(e=>{var t,n,r;let o=e.proximity_settings;e.threshold&&(o={distance_points:null!==e.threshold.points&&void 0!==e.threshold.points?e.threshold.points:void 0,distance_percent:null!==e.threshold.percentage&&void 0!==e.threshold.percentage?e.threshold.percentage:void 0});let i=e.ticker||(null==(t=e.scope)?void 0:t.ticker_id)||((null==(r=e.scope)||null==(n=r.ticker_ids)?void 0:n.length)===1?e.scope.ticker_ids[0]:"""")||"""",a=e.scope||(i?{type:""ticker"",ticker_id:i}:void 0);return{...e,ticker:i,scope:a,proximity_settings:o,notification_channels:e.notification_channels||e.channels||[""InApp""]}})),o}async function u(e,t){var n,r,o,s;let l={scope:e.ticker?{type:""ticker"",ticker_id:e.ticker}:e.scope,node_type:null==(n=e.node_type)?void 0:n.toLowerCase(),exposure_type:e.exposure_type||""gex"",custom_strike:e.custom_strike||(null==(r=e.custom_node_config)?void 0:r.price_level)||null,enabled:e.enabled,name:e."
/api/alerts?alert_id=,/Volumes/EAGET/SKYLIT_RE/AUDIT_PUBLIC_2026-08-25/current_bundles/5168-9901aec5fd79d4ae.js,5384,"ce_window_minutes=t.debounce_window_minutes:void 0!==t.debounce_settings&&(s.debounce_window_minutes=t.debounce_settings.debounce_seconds),void 0!==t.expiration_range&&(s.expiration_range=t.expiration_range),void 0!==t.significant_node_count&&(s.significant_node_count=t.significant_node_count),void 0!==t.webhook_url&&(s.webhook_url=t.webhook_url),console.log(""[alerts-api] updateAlert - frontend updates:"",t),console.log(""[alerts-api] updateAlert - backend payload:"",s);let l=await c("""".concat(a(),""/api/alerts?alert_id="").concat(e),{method:""PUT"",headers:{""Content-Type"":""application/json""},body:JSON.stringify(s)},n),d=await l.json();return console.log(""[alerts-api] updateAlert - backend response:"",d),d}async function g(e,t){await c("""".concat(a(),""/api/alerts?alert_id="").concat(e),{method:""DELETE""},t)}async function p(e,t,n){let r=l({...e||{},pagination_token:n||void 0});return(await c("""".concat(a(),""/api/alert-events"").concat(r),{},t)).json()}async function h(e,t){return(await c("""".concat(a(),""/api/alerts/bulk""),{method:""POST"",headers:{""Content-Type"":""application/json""},body:JSON.stringify(e)},t)).json()}async function v(e,t){return(await c("""".concat(a(),""/api/alerts/batch-update""),{method:""POST"",headers:{""Content-Type"":""application/json""},body:JSON.stringify(e)},t)).json()}async function m(e,t){return(await c("""".concat(a(),""/api/alerts/smart-setup""),{method:""POST"",headers:{""Content-Type"":""application/json""},body:JSON.stringify(e)},t)).json()}let f={isLoading:!1,error:null,activeTab:""active"",selectedAl"
/api/alert-events,/Volumes/EAGET/SKYLIT_RE/AUDIT_PUBLIC_2026-08-25/current_bundles/5168-9901aec5fd79d4ae.js,5792,"t),console.log(""[alerts-api] updateAlert - backend payload:"",s);let l=await c("""".concat(a(),""/api/alerts?alert_id="").concat(e),{method:""PUT"",headers:{""Content-Type"":""application/json""},body:JSON.stringify(s)},n),d=await l.json();return console.log(""[alerts-api] updateAlert - backend response:"",d),d}async function g(e,t){await c("""".concat(a(),""/api/alerts?alert_id="").concat(e),{method:""DELETE""},t)}async function p(e,t,n){let r=l({...e||{},pagination_token:n||void 0});return(await c("""".concat(a(),""/api/alert-events"").concat(r),{},t)).json()}async function h(e,t){return(await c("""".concat(a(),""/api/alerts/bulk""),{method:""POST"",headers:{""Content-Type"":""application/json""},body:JSON.stringify(e)},t)).json()}async function v(e,t){return(await c("""".concat(a(),""/api/alerts/batch-update""),{method:""POST"",headers:{""Content-Type"":""application/json""},body:JSON.stringify(e)},t)).json()}async function m(e,t){return(await c("""".concat(a(),""/api/alerts/smart-setup""),{method:""POST"",headers:{""Content-Type"":""application/json""},body:JSON.stringify(e)},t)).json()}let f={isLoading:!1,error:null,activeTab:""active"",selectedAlert:null,selectedEvent:null,alerts:[],events:[],statistics:null,authToken:null,eventsHasMore:!1,eventsPaginationToken:null,eventsTotal:0},y=(0,r.v)()((0,o.lt)((e,t)=>({...f,setAuthToken:t=>e(()=>({authToken:t}),!1,""setAuthToken""),setActiveTab:t=>e(()=>({activeTab:t}),!1,""setActiveTab""),setLoading:t=>e(()=>({isLoading:t}),!1,""setLoading""),setError:t=>e(()=>({error:t}),!1,""setError""),setSelectedAlert:t="
/api/alerts/bulk,/Volumes/EAGET/SKYLIT_RE/AUDIT_PUBLIC_2026-08-25/current_bundles/5168-9901aec5fd79d4ae.js,5888,"i/alerts?alert_id="").concat(e),{method:""PUT"",headers:{""Content-Type"":""application/json""},body:JSON.stringify(s)},n),d=await l.json();return console.log(""[alerts-api] updateAlert - backend response:"",d),d}async function g(e,t){await c("""".concat(a(),""/api/alerts?alert_id="").concat(e),{method:""DELETE""},t)}async function p(e,t,n){let r=l({...e||{},pagination_token:n||void 0});return(await c("""".concat(a(),""/api/alert-events"").concat(r),{},t)).json()}async function h(e,t){return(await c("""".concat(a(),""/api/alerts/bulk""),{method:""POST"",headers:{""Content-Type"":""application/json""},body:JSON.stringify(e)},t)).json()}async function v(e,t){return(await c("""".concat(a(),""/api/alerts/batch-update""),{method:""POST"",headers:{""Content-Type"":""application/json""},body:JSON.stringify(e)},t)).json()}async function m(e,t){return(await c("""".concat(a(),""/api/alerts/smart-setup""),{method:""POST"",headers:{""Content-Type"":""application/json""},body:JSON.stringify(e)},t)).json()}let f={isLoading:!1,error:null,activeTab:""active"",selectedAlert:null,selectedEvent:null,alerts:[],events:[],statistics:null,authToken:null,eventsHasMore:!1,eventsPaginationToken:null,eventsTotal:0},y=(0,r.v)()((0,o.lt)((e,t)=>({...f,setAuthToken:t=>e(()=>({authToken:t}),!1,""setAuthToken""),setActiveTab:t=>e(()=>({activeTab:t}),!1,""setActiveTab""),setLoading:t=>e(()=>({isLoading:t}),!1,""setLoading""),setError:t=>e(()=>({error:t}),!1,""setError""),setSelectedAlert:t=>e(()=>({selectedAlert:t}),!1,""setSelectedAlert""),setSelectedEvent:t=>e(()=>({selectedEvent:t})"
/api/alerts/batch-update,/Volumes/EAGET/SKYLIT_RE/AUDIT_PUBLIC_2026-08-25/current_bundles/5168-9901aec5fd79d4ae.js,6053," updateAlert - backend response:"",d),d}async function g(e,t){await c("""".concat(a(),""/api/alerts?alert_id="").concat(e),{method:""DELETE""},t)}async function p(e,t,n){let r=l({...e||{},pagination_token:n||void 0});return(await c("""".concat(a(),""/api/alert-events"").concat(r),{},t)).json()}async function h(e,t){return(await c("""".concat(a(),""/api/alerts/bulk""),{method:""POST"",headers:{""Content-Type"":""application/json""},body:JSON.stringify(e)},t)).json()}async function v(e,t){return(await c("""".concat(a(),""/api/alerts/batch-update""),{method:""POST"",headers:{""Content-Type"":""application/json""},body:JSON.stringify(e)},t)).json()}async function m(e,t){return(await c("""".concat(a(),""/api/alerts/smart-setup""),{method:""POST"",headers:{""Content-Type"":""application/json""},body:JSON.stringify(e)},t)).json()}let f={isLoading:!1,error:null,activeTab:""active"",selectedAlert:null,selectedEvent:null,alerts:[],events:[],statistics:null,authToken:null,eventsHasMore:!1,eventsPaginationToken:null,eventsTotal:0},y=(0,r.v)()((0,o.lt)((e,t)=>({...f,setAuthToken:t=>e(()=>({authToken:t}),!1,""setAuthToken""),setActiveTab:t=>e(()=>({activeTab:t}),!1,""setActiveTab""),setLoading:t=>e(()=>({isLoading:t}),!1,""setLoading""),setError:t=>e(()=>({error:t}),!1,""setError""),setSelectedAlert:t=>e(()=>({selectedAlert:t}),!1,""setSelectedAlert""),setSelectedEvent:t=>e(()=>({selectedEvent:t}),!1,""setSelectedEvent""),fetchAlerts:async n=>{e({isLoading:!0,error:null},!1,""fetchAlerts:start"");try{let r=t().authToken||void 0,o=await d(n,r);e(()=>({alerts:o.alerts||[],"
/api/alerts/smart-setup,/Volumes/EAGET/SKYLIT_RE/AUDIT_PUBLIC_2026-08-25/current_bundles/5168-9901aec5fd79d4ae.js,6226,"..e||{},pagination_token:n||void 0});return(await c("""".concat(a(),""/api/alert-events"").concat(r),{},t)).json()}async function h(e,t){return(await c("""".concat(a(),""/api/alerts/bulk""),{method:""POST"",headers:{""Content-Type"":""application/json""},body:JSON.stringify(e)},t)).json()}async function v(e,t){return(await c("""".concat(a(),""/api/alerts/batch-update""),{method:""POST"",headers:{""Content-Type"":""application/json""},body:JSON.stringify(e)},t)).json()}async function m(e,t){return(await c("""".concat(a(),""/api/alerts/smart-setup""),{method:""POST"",headers:{""Content-Type"":""application/json""},body:JSON.stringify(e)},t)).json()}let f={isLoading:!1,error:null,activeTab:""active"",selectedAlert:null,selectedEvent:null,alerts:[],events:[],statistics:null,authToken:null,eventsHasMore:!1,eventsPaginationToken:null,eventsTotal:0},y=(0,r.v)()((0,o.lt)((e,t)=>({...f,setAuthToken:t=>e(()=>({authToken:t}),!1,""setAuthToken""),setActiveTab:t=>e(()=>({activeTab:t}),!1,""setActiveTab""),setLoading:t=>e(()=>({isLoading:t}),!1,""setLoading""),setError:t=>e(()=>({error:t}),!1,""setError""),setSelectedAlert:t=>e(()=>({selectedAlert:t}),!1,""setSelectedAlert""),setSelectedEvent:t=>e(()=>({selectedEvent:t}),!1,""setSelectedEvent""),fetchAlerts:async n=>{e({isLoading:!0,error:null},!1,""fetchAlerts:start"");try{let r=t().authToken||void 0,o=await d(n,r);e(()=>({alerts:o.alerts||[],isLoading:!1}),!1,""fetchAlerts:success""),t().calculateStatistics()}catch(t){throw e({isLoading:!1,error:t instanceof Error?t.message:""Failed to fetch alerts""},!1,""fetchAler"
/api/early_access_features/?token=,/Volumes/EAGET/SKYLIT_RE/AUDIT_PUBLIC_2026-08-25/current_bundles/6614-bb93312999c77658.js,80011,"e_name=s.name),i&&(a.$feature_enrollment_stage=i),this._instance.capture(""$feature_enrollment_update"",a),this.setPersonPropertiesForFlags(n,!1);var o=y({},this.getFlagVariants(),{[e]:t});null==(r=this._instance.persistence)||r.register({[sc]:Object.keys(sg(o)),[eK]:o}),this.pi()}getEarlyAccessFeatures(e,t,i){void 0===t&&(t=!1);var r=this._instance.get_property(eQ),s=i?""&""+i.map(e=>""stage=""+e).join(""&""):"""";if(r&&!t)return e(r);this._instance.ci({url:this._instance.requestRouter.endpointFor(""api"",""/api/early_access_features/?token=""+this._instance.config.token+s),method:""GET"",callback:t=>{var i,r;if(t.json){var s=t.json.earlyAccessFeatures;return null==(i=this._instance.persistence)||i.unregister(eQ),null==(r=this._instance.persistence)||r.register({[eQ]:s}),e(s)}}})}gi(){var e=this.getFlags(),t=this.getFlagVariants();return{flags:e.filter(e=>t[e]),flagVariants:Object.keys(t).filter(e=>t[e]).reduce((e,i)=>(e[i]=t[i],e),{})}}pi(e){var{flags:t,flagVariants:i}=this.gi();this.featureFlagEventHandlers.forEach(r=>r(t,i,{errorsLoading:e}))}setPersonPropertiesForFlags(e,t){void 0===t&&(t=!0);var i=this._instance.get_property(e1)||{};this._instance.register({[e1]:y({},i,e)}),t&&this._instance.reloadFeatureFlags()}resetPersonPropertiesForFlags(){this._instance.unregister(e1)}setGroupPropertiesForFlags(e,t){void 0===t&&(t=!0);var i=this._instance.get_property(e2)||{};0!==Object.keys(i).length&&Object.keys(i).forEach(t=>{i[t]=y({},i[t],e[t]),delete e[t]}),this._instance.register({[e2]:y({},i,e)}),t&&this._instance.reloadFeat"
/api/surveys/?token=,/Volumes/EAGET/SKYLIT_RE/AUDIT_PUBLIC_2026-08-25/current_bundles/6614-bb93312999c77658.js,94234,"or:e})}onSurveysLoaded(e){return this.Yi.push(e),this._surveyManager&&this.Zi({isLoaded:!0}),()=>{this.Yi=this.Yi.filter(t=>t!==e)}}getSurveys(e,t){if(void 0===t&&(t=!1),this._instance.config.disable_surveys)return sI.info(""Disabled. Not loading surveys.""),e([]);var i=this._instance.get_property(e3);if(i&&!t)return e(i,{isLoaded:!0});if(this.Ji)return e([],{isLoaded:!1,error:""Surveys are already being loaded""});try{this.Ji=!0,this._instance.ci({url:this._instance.requestRouter.endpointFor(""api"",""/api/surveys/?token=""+this._instance.config.token),method:""GET"",timeout:this._instance.config.surveys_request_timeout_ms,callback:t=>{this.Ji=!1;var i=t.statusCode;if(200!==i||!t.json){var r=""Surveys API could not be loaded, status: ""+i;return sI.error(r),e([],{isLoaded:!1,error:r})}var s,n,a=t.json.surveys||[],o=a.filter(e=>{var t,i;return!(!e.start_date||e.end_date)&&(!(null==(t=e.conditions)||null==(t=t.events)||null==(t=t.values)||!t.length)||!(null==(i=e.conditions)||null==(i=i.actions)||null==(i=i.values)||!i.length))});return o.length>0&&(null==(n=this._surveyEventReceiver)||n.register(o)),null==(s=this._instance.persistence)||s.register({[e3]:a}),e(a,{isLoaded:!0})}})}catch(e){throw this.Ji=!1,e}}Zi(e){for(var t of this.Yi)try{if(!e.isLoaded)return t([],e);this.getSurveys(t)}catch(e){sI.error(""Error in survey callback"",e)}}getActiveMatchingSurveys(e,t){if(void 0===t&&(t=!1),!D(this._surveyManager))return this._surveyManager.getActiveMatchingSurveys(e,t);sI.warn(""init was not called"")}te(e){var t=nu"
/api/web_experiments/?token=,/Volumes/EAGET/SKYLIT_RE/AUDIT_PUBLIC_2026-08-25/current_bundles/6614-bb93312999c77658.js,116853," 0:e.search,""__experiment_variant"");t&&i&&(s6.Xe(""previewing web experiments ""+t+"" && ""+i),this.getWebExperiments(e=>{this.ir(parseInt(t),i,e)},!1,!0))}}loadIfEnabled(){this._instance.config.disable_web_experiments||this.getWebExperimentsAndEvaluateDisplayLogic()}getWebExperiments(e,t,i){if(this._instance.config.disable_web_experiments&&!i)return e([]);var r=this._instance.get_property(""$web_experiments"");if(r&&!t)return e(r);this._instance.ci({url:this._instance.requestRouter.endpointFor(""api"",""/api/web_experiments/?token=""+this._instance.config.token),method:""GET"",callback:t=>200===t.statusCode&&t.json?e(t.json.experiments||[]):e([])})}ir(e,t,i){var r=i.filter(t=>t.id===e);r&&r.length>0&&(s6.Xe(""Previewing web experiment [""+r[0].name+""] with variant [""+t+""]""),this.Ze(r[0].name,t,r[0].variants[t].transforms))}static tr(e){return!D(e.conditions)&&s6.er(e)&&s6.rr(e)}static er(e){if(D(e.conditions)||D(null==(t=e.conditions)?void 0:t.url))return!0;var t,i,r,s,n=s6.getWindowLocation();return!!n&&(null==(i=e.conditions)||!i.url||s5[null!=(r=null==(s=e.conditions)?void 0:s.urlMatchType)?r:""icontains""](e.conditions.url,n))}static getWindowLocation(){return null==r?void 0:r.location}static rr(e){if(D(e.conditions)||D(null==(i=e.conditions)?void 0:i.utm))return!0;var t=rp();if(t.utm_source){var i,r,s,n,a,o,l,c,u,h=null==(r=e.conditions)||null==(r=r.utm)||!r.utm_campaign||(null==(s=e.conditions)||null==(s=s.utm)?void 0:s.utm_campaign)==t.utm_campaign,d=null==(n=e.conditions)||null==(n=n.utm)||!n.utm_source||(null=="
/api/stages,/Volumes/EAGET/SKYLIT_RE/AUDIT_PUBLIC_2026-08-25/current_bundles/6696-f35cc60e1a8df3cf.js,13622,":()=>i,D1:()=>U,Eh:()=>er,Gi:()=>ee,I_:()=>Y,Ic:()=>Z,J:()=>S,Ku:()=>p,LK:()=>N,Nx:()=>d,OE:()=>f,Oo:()=>W,Pv:()=>$,QJ:()=>J,Qy:()=>y,Rx:()=>eu,Wu:()=>et,XC:()=>u,Xi:()=>b,Xp:()=>D,Yt:()=>M,Yv:()=>h,Z1:()=>V,ZG:()=>O,Zx:()=>G,_B:()=>ei,_e:()=>B,aU:()=>eo,az:()=>A,b9:()=>ec,cj:()=>a,cl:()=>x,d9:()=>I,dc:()=>j,en:()=>_,fq:()=>m,h2:()=>z,hl:()=>w,i1:()=>en,j_:()=>C,jk:()=>q,jq:()=>ea,kJ:()=>H,m5:()=>K,m9:()=>P,nP:()=>s,pV:()=>R,sY:()=>Q,tj:()=>X,tv:()=>g,u5:()=>F,v6:()=>E,xS:()=>l,yC:()=>L});let o=""/api/stages"";class a extends Error{constructor(e,t){super(e),this.name=""StagesAPIError"",this.status=t}}async function r(e,t){let n,o=arguments.length>2&&void 0!==arguments[2]?arguments[2]:{},r=new Headers(o.headers);if(t)try{let e=await t();e&&r.set(""Authorization"",""Bearer "".concat(e))}catch(e){console.warn(""[Stages API] Failed to get Clerk token:"",e)}let{body:c,...i}=o,u={...i,headers:r};void 0!==c&&(r.set(""Content-Type"",""application/json""),u.body=""string""==typeof c?c:JSON.stringify(c));try{n=await fetch(e,u)}catch(e){throw new a(""Network error: "".concat(e instanceof Error?e.message:""Unknown error""),0)}if(!n.ok){let e=""HTTP "".concat(n.status,"": "").concat(n.statusText);try{let t=await n.json();e=t.code||t.message||t.error||e}catch(e){}throw new a(e,n.status)}if(204!==n.status)return await n.json()}function c(e,t){let n=arguments.length>2&&void 0!==arguments[2]?arguments[2]:{};return r("""".concat(o).concat(e),t,n)}async function i(e,t){let n=t?""?status="".concat(encodeURIComponent(t)):"""",o=await c("""""
/api/users/,/Volumes/EAGET/SKYLIT_RE/AUDIT_PUBLIC_2026-08-25/current_bundles/6696-f35cc60e1a8df3cf.js,18964,"rn c(""/"".concat(t,""/clips""),e,{method:""POST"",body:n})}function $(e,t){return c(""/"".concat(t,""/polls""),e)}function ee(e,t,n){return c(""/"".concat(t,""/polls""),e,{method:""POST"",body:n})}function et(e,t,n,o){return c(""/"".concat(t,""/polls/"").concat(n,""/vote""),e,{method:""POST"",body:{option_index:o}})}function en(e,t,n){return c(""/"".concat(t,""/polls/"").concat(n,""/close""),e,{method:""POST""})}function eo(e,t,n){return c(""/"".concat(t,""/reactions""),e,{method:""POST"",body:{emoji:n}})}function ea(e,t){return r(""/api/users/"".concat(t,""/track-record""),e)}function er(e,t,n){return c(""/"".concat(t,""/tidbits/"").concat(n,""/copy""),e,{method:""POST""})}async function ec(e,t){try{return await c(""/"".concat(t,""/catch-me-up""),e)}catch(e){if(e instanceof a&&404===e.status)return{summary:""""};throw e}}function ei(e,t){return c(""/"".concat(t,""/catch-me-up""),e,{method:""POST""})}function eu(e,t,n){return c(""/"".concat(t,""/transcript?q="").concat(encodeURIComponent(n)),e)}function es(e,t){return"""".concat(o,""/"").concat(e,""/stream?token="").concat(encodeURIComponent(t))}},78014:(e,t,n)=>{n.d(t,{PP:()=>r,Q9:()=>a,Wc:()=>c});var o=n(93094);let a={adaptiveStream:{pixelDensity:""screen""},dynacast:!0,videoCaptureDefaults:{resolution:o.gF.h1440.resolution},audioCaptureDefaults:{autoGainControl:!0,echoCancellation:!0,noiseSuppression:!0},publishDefaults:{simulcast:!0,videoSimulcastLayers:[o.gF.h360,o.gF.h720],screenShareEncoding:{maxBitrate:16e6,maxFramerate:30,priority:""high""},screenShareSimulcastLayers:[o.G0.h360fps3,new o.B9(1920,1080,45"
/api/v1,/Volumes/EAGET/SKYLIT_RE/AUDIT_PUBLIC_2026-08-25/current_bundles/589c24b9-a5f0df66608c07b4.js,13349,"e""===(0,l.Jz)(""HIDE_OUTPUTS""),hideMetadata:""true""===(0,l.Jz)(""HIDE_METADATA""),workspaceId:n,oauthAccessToken:r?void 0:t.oauthAccessToken,oauthRefreshToken:r?void 0:t.oauthRefreshToken,profileAuth:r?void 0:t.profileAuth}}getHostUrl(){if(this.webUrl)return this.webUrl;if((t=>{let e=t.replace(""http://"","""").replace(""https://"","""").split(""/"")[0].split("":"")[0];return""localhost""===e||""127.0.0.1""===e||""::1""===e})(this.apiUrl))return this.webUrl=""http://localhost:3000"",this.webUrl;if(this.apiUrl.endsWith(""/api/v1""))return this.webUrl=this.apiUrl.replace(""/api/v1"",""""),this.webUrl;if(this.apiUrl.includes(""/api"")&&!this.apiUrl.split(""."",1)[0].endsWith(""api""))return this.webUrl=this.apiUrl.replace(""/api"",""""),this.webUrl;if(this.apiUrl.split(""."",1)[0].includes(""dev""))return this.webUrl=""https://dev.smith.langchain.com"",this.webUrl;else if(this.apiUrl.split(""."",1)[0].includes(""eu""))return this.webUrl=""https://eu.smith.langchain.com"",this.webUrl;else if(this.apiUrl.split(""."",1)[0].includes(""aws""))return this.webUrl=""https://aws.smith.langchain.com"",this.webUrl;else if(this.apiUrl.split(""."",1)[0].includes(""apac""))return this.webUrl=""https://apac.smith.langchain.com"",this.webUrl;else if(this.apiUrl.split(""."",1)[0].includes(""beta""))return this.webUrl=""https://beta.smith.langchain.com"",this.webUrl;else return this.webUrl=""https://smith.langchain.com"",this.webUrl}get _mergedHeaders(){let t={""User-Agent"":`langsmith-js/${d.Ls}`,...this._customHeaders};if(void 0!==this.apiKey)t[""x-api-key""]=`${this.apiKey}`;e"
/api/v1,/Volumes/EAGET/SKYLIT_RE/AUDIT_PUBLIC_2026-08-25/current_bundles/6514-bd56272b2716d98c.js,384088,"se=void 0})),await u(this.refreshPromise,t));let r=h(this.state.profile);return this.rememberProfileAuthHeader(r),r}isProfileAuthorizationHeader(e){return e===this.managedAuthorizationValue}async refreshOAuthToken(e){let t=this.state.profile.oauth?.refresh_token;if(!t)return;let r=o(this.state.profile.api_url)??i;try{var n;let i=new URLSearchParams({grant_type:""refresh_token"",client_id:""langsmith-cli"",refresh_token:t}),s=await e(`${function(e){let t=e;for(;t.endsWith(""/"");)t=t.slice(0,-1);let r=""/api/v1"";return t.endsWith(r)?t.slice(0,-r.length):t}(r)}/oauth/token`,{method:""POST"",headers:{""Content-Type"":""application/x-www-form-urlencoded""},body:i.toString(),signal:AbortSignal.timeout(1e4)});if(!s.ok)return;let o=await s.json();if(!o.access_token)return;n=this.state.profile,n.oauth??={},o.access_token&&(n.oauth.access_token=o.access_token),o.refresh_token&&(n.oauth.refresh_token=o.refresh_token),""number""==typeof o.expires_in&&o.expires_in>0&&(n.oauth.expires_at=new Date(Date.now()+1e3*o.expires_in).toISOString()),this.state.config.profiles??={},this.state.config.profiles[this.state.profileName]=this.state.profile,await a.Zf(this.state.configPath,`${JSON.stringify(this.state.config,null,2)}
`)}catch{return}}rememberProfileAuthHeader(e){this.managedAuthorizationValue=e?.name===""Authorization""?e.value:void 0}}function h(e){let t=o(e.oauth?.access_token);if(t)return{name:""Authorization"",value:`Bearer ${t}`};let r=o(e.api_key);if(r)return{name:""x-api-key"",value:r}}},78465:(e,t,r)=>{r.d(t,{S"
/api/live-spot?symbol=,/Volumes/EAGET/SKYLIT_RE/AUDIT_PUBLIC_2026-08-25/current_bundles/7297-f12effc5f786481c.js,38601,",(0,l.jsx)(""span"",{children:y(t[t.length-1][0])})]})]})}function F(e,t){let n=(0,o.K)({symbol:e||""SPY"",enabled:t&&!!e,resolution:""1s""});return t&&n.connected&&n.bars&&n.bars.length?n.bars[n.bars.length-1].c:void 0}function z(e,t){var n;let l=(0,o.K)({symbol:e||""SPY"",enabled:t&&!!e,resolution:""1s""}),r=(0,a.useRef)(void 0),s=l.bars&&l.bars.length?l.bars[l.bars.length-1].c:void 0;null!=s&&(r.current=s);let[c,i]=(0,a.useState)(void 0);return(0,a.useEffect)(()=>{if(!t||!e)return;let n=!0,l=()=>fetch(""/api/live-spot?symbol="".concat(encodeURIComponent(e)),{cache:""no-store""}).then(e=>e.ok?e.json():null).then(e=>{n&&e&&null!=e.px&&i(e.px)}).catch(()=>{});l();let a=setInterval(l,2e3);return()=>{n=!1,clearInterval(a)}},[e,t]),{px:null!=(n=null!=s?s:r.current)?n:c,live:t&&l.connected&&null!=s}}function C(e,t,n){let l=/^([A-Z]+) (\d+(?:\.\d+)?)([CP])$/.exec(e||""""),a=l&&t?(0,s.$q)(l[1],t,l[3],Number(l[2])):null,r=n&&!!a&&function(e){if(!e)return!1;let t=new Date,n=new Intl.DateTimeFormat(""en-US"",{timeZone:""America/New_York"",hour12:!1,weekday:""short"",year:""numeric"",month:""2-digit"",day:""2-digit"",hour:""2-digit"",minute:""2-digit""}).formatToParts(t).reduce((e,t)=>(e[t.type]=t.value,e),{});if(e<"""".concat(n.year,""-"").concat(n.month,""-"").concat(n.day)||""Sat""===n.weekday||""Sun""===n.weekday)return!1;let l="""".concat(n.hour,"":"").concat(n.minute);return l>=""09:25""&&l<=""16:20""}(t),c=(0,o.K)({symbol:null!=a?a:""SPY"",enabled:r,resolution:""1s""});return r&&c.connected&&c.bars&&c.bars.length?c.bars[c.bars.length-1].c:void 0}function "
https://discord.com/api/webhooks/…,/Volumes/EAGET/SKYLIT_RE/AUDIT_PUBLIC_2026-08-25/current_bundles/7297-f12effc5f786481c.js,65307,"er(e=>e!==t):l:[...l,t]},P=e=>(0,l.jsx)(""span"",{style:{fontSize:8.5,letterSpacing:""0.12em"",color:o.textMuted},children:e}),_=()=>{var e,t,a,r,s,c,i,d;return(0,l.jsxs)(""div"",{className:""flex flex-col gap-2 rounded-xl p-3"",style:{background:n.ink(.05),border:""1px solid "".concat(n.accent,""55""),boxShadow:""inset 0 1px 0 "".concat(n.ink(.04),"", 0 0 24px "").concat(n.accent,""11"")},children:[""new""===g&&(0,l.jsx)(""input"",{value:null!=(t=m.url)?t:"""",onChange:e=>f(t=>({...t,url:e.target.value})),placeholder:""https://discord.com/api/webhooks/…"",autoFocus:!0,className:""w-full rounded-lg px-2.5 py-2"",style:{fontSize:12,minHeight:36,background:n.ink(.05),border:""1px solid "".concat(n.ink(.14)),color:o.textPrimary,outline:""none""}}),(0,l.jsxs)(""div"",{className:""flex items-center gap-1.5"",children:[P(""NAME""),(0,l.jsx)(""input"",{value:null!=(a=m.name)?a:"""",onChange:e=>f(t=>({...t,name:e.target.value})),placeholder:""e.g. #0dte-alerts"",className:""min-w-0 flex-1 rounded px-2 py-1"",style:{fontSize:11,background:n.ink(.05),border:""1px solid "".concat(n.ink(.12)),color:o.textPrimary,outline:""none""}}),j(!1!==m.enabled?""ACTIVE"":""MUTED"",!1!==m.enabled,()=>f(e=>({...e,enabled:!1===e.enabled})),""ed-en"")]}),(0,l.jsxs)(""div"",{className:""flex flex-wrap items-center gap-1.5"",children:[P(""SCOPE""),E.map(e=>{var t;return j(e.toUpperCase(),(null!=(t=m.scope)?t:""all"")===e,()=>f(t=>({...t,scope:e})),""ed-s-"".concat(e))})]}),(0,l.jsxs)(""div"",{className:""flex flex-wrap items-center gap-1.5"",children:[P(""EVENTS""),N.map(e=>{var t;let[n,l]=e;return j(l,(null!=("
/api/data?,/Volumes/EAGET/SKYLIT_RE/AUDIT_PUBLIC_2026-08-25/current_bundles/988-7c66963a05bdd0b2.js,3650,"i.ee)(e),max_strikes:m.toString(),max_expirations:p.toString()});r?(y.set(""timestamp"",(function(t){let e=new Intl.DateTimeFormat(""en-US"",{timeZone:""America/New_York"",hour12:!1,hour:""2-digit"",minute:""2-digit"",second:""2-digit""}).formatToParts(t),a=t=>{var a;return null==(a=e.find(e=>e.type===t))?void 0:a.value};return""09""===a(""hour"")&&""30""===a(""minute"")&&""00""===a(""second"")?new Date(t.getTime()+6e4):t})(r).toISOString()),y.set(""v"",(0,n.N)())):y.set(""nocache"",Math.random().toString());let h=await t(""/api/data?"".concat(y));return h&&h.symbol&&(h.symbol=e),h},getHeatmapRange:async(e,a,r,s)=>{var o,c;let{strikeCount:d,expirationCount:u}=l.z3.getState(),m=new URLSearchParams({symbol:(0,i.ee)(e),from:a.toISOString(),to:r.toISOString(),v:(0,n.N)(),max_strikes:(null!=(o=null==s?void 0:s.maxStrikes)?o:d).toString(),max_expirations:(null!=(c=null==s?void 0:s.maxExpirations)?c:u).toString()});try{let a=await t(""/api/data/range?"".concat(m));return a&&a.symbol&&(a.symbol=e),a}catch(t){return null}},getSymbols:async()=>(await t(""/api/symbols"")).symbols},settingsAPI:{getSymbols:async()=>t(""/api/settings/symbols""),addSymbol:async e=>t(""/api/settings/symbols"",{method:""POST"",body:JSON.stringify(e)}),updateSymbol:async(e,a)=>t(""/api/settings/symbols/"".concat(e),{method:""PUT"",body:JSON.stringify(a)}),deleteSymbol:async e=>t(""/api/settings/symbols/"".concat(e),{method:""DELETE""}),getDiscordSettings:async()=>t(""/api/settings/discord""),updateDiscordSettings:async e=>t(""/api/settings/discord"",{method:""PUT"",body:JSON"
/api/data/range?,/Volumes/EAGET/SKYLIT_RE/AUDIT_PUBLIC_2026-08-25/current_bundles/988-7c66963a05bdd0b2.js,4060,"SOString()),y.set(""v"",(0,n.N)())):y.set(""nocache"",Math.random().toString());let h=await t(""/api/data?"".concat(y));return h&&h.symbol&&(h.symbol=e),h},getHeatmapRange:async(e,a,r,s)=>{var o,c;let{strikeCount:d,expirationCount:u}=l.z3.getState(),m=new URLSearchParams({symbol:(0,i.ee)(e),from:a.toISOString(),to:r.toISOString(),v:(0,n.N)(),max_strikes:(null!=(o=null==s?void 0:s.maxStrikes)?o:d).toString(),max_expirations:(null!=(c=null==s?void 0:s.maxExpirations)?c:u).toString()});try{let a=await t(""/api/data/range?"".concat(m));return a&&a.symbol&&(a.symbol=e),a}catch(t){return null}},getSymbols:async()=>(await t(""/api/symbols"")).symbols},settingsAPI:{getSymbols:async()=>t(""/api/settings/symbols""),addSymbol:async e=>t(""/api/settings/symbols"",{method:""POST"",body:JSON.stringify(e)}),updateSymbol:async(e,a)=>t(""/api/settings/symbols/"".concat(e),{method:""PUT"",body:JSON.stringify(a)}),deleteSymbol:async e=>t(""/api/settings/symbols/"".concat(e),{method:""DELETE""}),getDiscordSettings:async()=>t(""/api/settings/discord""),updateDiscordSettings:async e=>t(""/api/settings/discord"",{method:""PUT"",body:JSON.stringify({symbol:e.symbol,discord:{enabled:e.enabled,netGamma_webhooks:e.gamma_webhooks,netVanna_webhooks:e.vanna_webhooks}})}),getAPISettings:async()=>t(""/api/settings/api""),updateAPISettings:async e=>t(""/api/settings/api"",{method:""PUT"",body:JSON.stringify(e)}),testAPIKey:async()=>{try{return await t(""/api/test""),!0}catch(t){return!1}},getAlertsGlobalSettings:async()=>t(""/api/settings/alerts-global""),updateAle"
/api/symbols,/Volumes/EAGET/SKYLIT_RE/AUDIT_PUBLIC_2026-08-25/current_bundles/988-7c66963a05bdd0b2.js,4177,"urn h&&h.symbol&&(h.symbol=e),h},getHeatmapRange:async(e,a,r,s)=>{var o,c;let{strikeCount:d,expirationCount:u}=l.z3.getState(),m=new URLSearchParams({symbol:(0,i.ee)(e),from:a.toISOString(),to:r.toISOString(),v:(0,n.N)(),max_strikes:(null!=(o=null==s?void 0:s.maxStrikes)?o:d).toString(),max_expirations:(null!=(c=null==s?void 0:s.maxExpirations)?c:u).toString()});try{let a=await t(""/api/data/range?"".concat(m));return a&&a.symbol&&(a.symbol=e),a}catch(t){return null}},getSymbols:async()=>(await t(""/api/symbols"")).symbols},settingsAPI:{getSymbols:async()=>t(""/api/settings/symbols""),addSymbol:async e=>t(""/api/settings/symbols"",{method:""POST"",body:JSON.stringify(e)}),updateSymbol:async(e,a)=>t(""/api/settings/symbols/"".concat(e),{method:""PUT"",body:JSON.stringify(a)}),deleteSymbol:async e=>t(""/api/settings/symbols/"".concat(e),{method:""DELETE""}),getDiscordSettings:async()=>t(""/api/settings/discord""),updateDiscordSettings:async e=>t(""/api/settings/discord"",{method:""PUT"",body:JSON.stringify({symbol:e.symbol,discord:{enabled:e.enabled,netGamma_webhooks:e.gamma_webhooks,netVanna_webhooks:e.vanna_webhooks}})}),getAPISettings:async()=>t(""/api/settings/api""),updateAPISettings:async e=>t(""/api/settings/api"",{method:""PUT"",body:JSON.stringify(e)}),testAPIKey:async()=>{try{return await t(""/api/test""),!0}catch(t){return!1}},getAlertsGlobalSettings:async()=>t(""/api/settings/alerts-global""),updateAlertsGlobalSettings:async e=>t(""/api/settings/alerts-global"",{method:""PUT"",body:JSON.stringify({alerts_enabled:e})}"
/api/settings/symbols,/Volumes/EAGET/SKYLIT_RE/AUDIT_PUBLIC_2026-08-25/current_bundles/988-7c66963a05bdd0b2.js,4238,"s)=>{var o,c;let{strikeCount:d,expirationCount:u}=l.z3.getState(),m=new URLSearchParams({symbol:(0,i.ee)(e),from:a.toISOString(),to:r.toISOString(),v:(0,n.N)(),max_strikes:(null!=(o=null==s?void 0:s.maxStrikes)?o:d).toString(),max_expirations:(null!=(c=null==s?void 0:s.maxExpirations)?c:u).toString()});try{let a=await t(""/api/data/range?"".concat(m));return a&&a.symbol&&(a.symbol=e),a}catch(t){return null}},getSymbols:async()=>(await t(""/api/symbols"")).symbols},settingsAPI:{getSymbols:async()=>t(""/api/settings/symbols""),addSymbol:async e=>t(""/api/settings/symbols"",{method:""POST"",body:JSON.stringify(e)}),updateSymbol:async(e,a)=>t(""/api/settings/symbols/"".concat(e),{method:""PUT"",body:JSON.stringify(a)}),deleteSymbol:async e=>t(""/api/settings/symbols/"".concat(e),{method:""DELETE""}),getDiscordSettings:async()=>t(""/api/settings/discord""),updateDiscordSettings:async e=>t(""/api/settings/discord"",{method:""PUT"",body:JSON.stringify({symbol:e.symbol,discord:{enabled:e.enabled,netGamma_webhooks:e.gamma_webhooks,netVanna_webhooks:e.vanna_webhooks}})}),getAPISettings:async()=>t(""/api/settings/api""),updateAPISettings:async e=>t(""/api/settings/api"",{method:""PUT"",body:JSON.stringify(e)}),testAPIKey:async()=>{try{return await t(""/api/test""),!0}catch(t){return!1}},getAlertsGlobalSettings:async()=>t(""/api/settings/alerts-global""),updateAlertsGlobalSettings:async e=>t(""/api/settings/alerts-global"",{method:""PUT"",body:JSON.stringify({alerts_enabled:e})}),getNexusMarketDataSettings:async()=>t(""/api/settings/nexus-market-da"
/api/settings/symbols/,/Volumes/EAGET/SKYLIT_RE/AUDIT_PUBLIC_2026-08-25/current_bundles/988-7c66963a05bdd0b2.js,4375,"SOString(),v:(0,n.N)(),max_strikes:(null!=(o=null==s?void 0:s.maxStrikes)?o:d).toString(),max_expirations:(null!=(c=null==s?void 0:s.maxExpirations)?c:u).toString()});try{let a=await t(""/api/data/range?"".concat(m));return a&&a.symbol&&(a.symbol=e),a}catch(t){return null}},getSymbols:async()=>(await t(""/api/symbols"")).symbols},settingsAPI:{getSymbols:async()=>t(""/api/settings/symbols""),addSymbol:async e=>t(""/api/settings/symbols"",{method:""POST"",body:JSON.stringify(e)}),updateSymbol:async(e,a)=>t(""/api/settings/symbols/"".concat(e),{method:""PUT"",body:JSON.stringify(a)}),deleteSymbol:async e=>t(""/api/settings/symbols/"".concat(e),{method:""DELETE""}),getDiscordSettings:async()=>t(""/api/settings/discord""),updateDiscordSettings:async e=>t(""/api/settings/discord"",{method:""PUT"",body:JSON.stringify({symbol:e.symbol,discord:{enabled:e.enabled,netGamma_webhooks:e.gamma_webhooks,netVanna_webhooks:e.vanna_webhooks}})}),getAPISettings:async()=>t(""/api/settings/api""),updateAPISettings:async e=>t(""/api/settings/api"",{method:""PUT"",body:JSON.stringify(e)}),testAPIKey:async()=>{try{return await t(""/api/test""),!0}catch(t){return!1}},getAlertsGlobalSettings:async()=>t(""/api/settings/alerts-global""),updateAlertsGlobalSettings:async e=>t(""/api/settings/alerts-global"",{method:""PUT"",body:JSON.stringify({alerts_enabled:e})}),getNexusMarketDataSettings:async()=>t(""/api/settings/nexus-market-data""),updateNexusMarketDataSettings:async e=>t(""/api/settings/nexus-market-data"",{method:""PUT"",body:JSON.stringify({nexus_market_data_enabl"
/api/settings/discord,/Volumes/EAGET/SKYLIT_RE/AUDIT_PUBLIC_2026-08-25/current_bundles/988-7c66963a05bdd0b2.js,4557," t(""/api/data/range?"".concat(m));return a&&a.symbol&&(a.symbol=e),a}catch(t){return null}},getSymbols:async()=>(await t(""/api/symbols"")).symbols},settingsAPI:{getSymbols:async()=>t(""/api/settings/symbols""),addSymbol:async e=>t(""/api/settings/symbols"",{method:""POST"",body:JSON.stringify(e)}),updateSymbol:async(e,a)=>t(""/api/settings/symbols/"".concat(e),{method:""PUT"",body:JSON.stringify(a)}),deleteSymbol:async e=>t(""/api/settings/symbols/"".concat(e),{method:""DELETE""}),getDiscordSettings:async()=>t(""/api/settings/discord""),updateDiscordSettings:async e=>t(""/api/settings/discord"",{method:""PUT"",body:JSON.stringify({symbol:e.symbol,discord:{enabled:e.enabled,netGamma_webhooks:e.gamma_webhooks,netVanna_webhooks:e.vanna_webhooks}})}),getAPISettings:async()=>t(""/api/settings/api""),updateAPISettings:async e=>t(""/api/settings/api"",{method:""PUT"",body:JSON.stringify(e)}),testAPIKey:async()=>{try{return await t(""/api/test""),!0}catch(t){return!1}},getAlertsGlobalSettings:async()=>t(""/api/settings/alerts-global""),updateAlertsGlobalSettings:async e=>t(""/api/settings/alerts-global"",{method:""PUT"",body:JSON.stringify({alerts_enabled:e})}),getNexusMarketDataSettings:async()=>t(""/api/settings/nexus-market-data""),updateNexusMarketDataSettings:async e=>t(""/api/settings/nexus-market-data"",{method:""PUT"",body:JSON.stringify({nexus_market_data_enabled:e})}),getBackfillStatus:async e=>t(""/api/settings/symbols/backfill/"".concat(e)),retryBackfill:async e=>t(""/api/settings/symbols/retry-backfill/"".concat(e),{method:""POST""}),forceB"
/api/settings/api,/Volumes/EAGET/SKYLIT_RE/AUDIT_PUBLIC_2026-08-25/current_bundles/988-7c66963a05bdd0b2.js,4818,"OST"",body:JSON.stringify(e)}),updateSymbol:async(e,a)=>t(""/api/settings/symbols/"".concat(e),{method:""PUT"",body:JSON.stringify(a)}),deleteSymbol:async e=>t(""/api/settings/symbols/"".concat(e),{method:""DELETE""}),getDiscordSettings:async()=>t(""/api/settings/discord""),updateDiscordSettings:async e=>t(""/api/settings/discord"",{method:""PUT"",body:JSON.stringify({symbol:e.symbol,discord:{enabled:e.enabled,netGamma_webhooks:e.gamma_webhooks,netVanna_webhooks:e.vanna_webhooks}})}),getAPISettings:async()=>t(""/api/settings/api""),updateAPISettings:async e=>t(""/api/settings/api"",{method:""PUT"",body:JSON.stringify(e)}),testAPIKey:async()=>{try{return await t(""/api/test""),!0}catch(t){return!1}},getAlertsGlobalSettings:async()=>t(""/api/settings/alerts-global""),updateAlertsGlobalSettings:async e=>t(""/api/settings/alerts-global"",{method:""PUT"",body:JSON.stringify({alerts_enabled:e})}),getNexusMarketDataSettings:async()=>t(""/api/settings/nexus-market-data""),updateNexusMarketDataSettings:async e=>t(""/api/settings/nexus-market-data"",{method:""PUT"",body:JSON.stringify({nexus_market_data_enabled:e})}),getBackfillStatus:async e=>t(""/api/settings/symbols/backfill/"".concat(e)),retryBackfill:async e=>t(""/api/settings/symbols/retry-backfill/"".concat(e),{method:""POST""}),forceBackfill:async(e,a)=>t(""/api/settings/symbols/force-backfill/"".concat(e),{method:""POST"",body:JSON.stringify({backfill_days:a})})},watchlistAPI:{getWatchlists:async()=>t(""/api/watchlists""),createWatchlist:async e=>t(""/api/watchlists"",{method:""POST"",body:JSON."
/api/test,/Volumes/EAGET/SKYLIT_RE/AUDIT_PUBLIC_2026-08-25/current_bundles/988-7c66963a05bdd0b2.js,4967," e=>t(""/api/settings/symbols/"".concat(e),{method:""DELETE""}),getDiscordSettings:async()=>t(""/api/settings/discord""),updateDiscordSettings:async e=>t(""/api/settings/discord"",{method:""PUT"",body:JSON.stringify({symbol:e.symbol,discord:{enabled:e.enabled,netGamma_webhooks:e.gamma_webhooks,netVanna_webhooks:e.vanna_webhooks}})}),getAPISettings:async()=>t(""/api/settings/api""),updateAPISettings:async e=>t(""/api/settings/api"",{method:""PUT"",body:JSON.stringify(e)}),testAPIKey:async()=>{try{return await t(""/api/test""),!0}catch(t){return!1}},getAlertsGlobalSettings:async()=>t(""/api/settings/alerts-global""),updateAlertsGlobalSettings:async e=>t(""/api/settings/alerts-global"",{method:""PUT"",body:JSON.stringify({alerts_enabled:e})}),getNexusMarketDataSettings:async()=>t(""/api/settings/nexus-market-data""),updateNexusMarketDataSettings:async e=>t(""/api/settings/nexus-market-data"",{method:""PUT"",body:JSON.stringify({nexus_market_data_enabled:e})}),getBackfillStatus:async e=>t(""/api/settings/symbols/backfill/"".concat(e)),retryBackfill:async e=>t(""/api/settings/symbols/retry-backfill/"".concat(e),{method:""POST""}),forceBackfill:async(e,a)=>t(""/api/settings/symbols/force-backfill/"".concat(e),{method:""POST"",body:JSON.stringify({backfill_days:a})})},watchlistAPI:{getWatchlists:async()=>t(""/api/watchlists""),createWatchlist:async e=>t(""/api/watchlists"",{method:""POST"",body:JSON.stringify(e)}),updateWatchlist:async(e,a)=>t(""/api/watchlists/"".concat(e),{method:""PUT"",body:JSON.stringify(a)}),deleteWatchlist:async e=>t("""
/api/settings/alerts-global,/Volumes/EAGET/SKYLIT_RE/AUDIT_PUBLIC_2026-08-25/current_bundles/988-7c66963a05bdd0b2.js,5038,"ettings:async()=>t(""/api/settings/discord""),updateDiscordSettings:async e=>t(""/api/settings/discord"",{method:""PUT"",body:JSON.stringify({symbol:e.symbol,discord:{enabled:e.enabled,netGamma_webhooks:e.gamma_webhooks,netVanna_webhooks:e.vanna_webhooks}})}),getAPISettings:async()=>t(""/api/settings/api""),updateAPISettings:async e=>t(""/api/settings/api"",{method:""PUT"",body:JSON.stringify(e)}),testAPIKey:async()=>{try{return await t(""/api/test""),!0}catch(t){return!1}},getAlertsGlobalSettings:async()=>t(""/api/settings/alerts-global""),updateAlertsGlobalSettings:async e=>t(""/api/settings/alerts-global"",{method:""PUT"",body:JSON.stringify({alerts_enabled:e})}),getNexusMarketDataSettings:async()=>t(""/api/settings/nexus-market-data""),updateNexusMarketDataSettings:async e=>t(""/api/settings/nexus-market-data"",{method:""PUT"",body:JSON.stringify({nexus_market_data_enabled:e})}),getBackfillStatus:async e=>t(""/api/settings/symbols/backfill/"".concat(e)),retryBackfill:async e=>t(""/api/settings/symbols/retry-backfill/"".concat(e),{method:""POST""}),forceBackfill:async(e,a)=>t(""/api/settings/symbols/force-backfill/"".concat(e),{method:""POST"",body:JSON.stringify({backfill_days:a})})},watchlistAPI:{getWatchlists:async()=>t(""/api/watchlists""),createWatchlist:async e=>t(""/api/watchlists"",{method:""POST"",body:JSON.stringify(e)}),updateWatchlist:async(e,a)=>t(""/api/watchlists/"".concat(e),{method:""PUT"",body:JSON.stringify(a)}),deleteWatchlist:async e=>t(""/api/watchlists/"".concat(e),{method:""DELETE""}),getFavorites:async()=>t(""/api/favorites""),"
/api/settings/nexus-market-data,/Volumes/EAGET/SKYLIT_RE/AUDIT_PUBLIC_2026-08-25/current_bundles/988-7c66963a05bdd0b2.js,5231,"oks:e.gamma_webhooks,netVanna_webhooks:e.vanna_webhooks}})}),getAPISettings:async()=>t(""/api/settings/api""),updateAPISettings:async e=>t(""/api/settings/api"",{method:""PUT"",body:JSON.stringify(e)}),testAPIKey:async()=>{try{return await t(""/api/test""),!0}catch(t){return!1}},getAlertsGlobalSettings:async()=>t(""/api/settings/alerts-global""),updateAlertsGlobalSettings:async e=>t(""/api/settings/alerts-global"",{method:""PUT"",body:JSON.stringify({alerts_enabled:e})}),getNexusMarketDataSettings:async()=>t(""/api/settings/nexus-market-data""),updateNexusMarketDataSettings:async e=>t(""/api/settings/nexus-market-data"",{method:""PUT"",body:JSON.stringify({nexus_market_data_enabled:e})}),getBackfillStatus:async e=>t(""/api/settings/symbols/backfill/"".concat(e)),retryBackfill:async e=>t(""/api/settings/symbols/retry-backfill/"".concat(e),{method:""POST""}),forceBackfill:async(e,a)=>t(""/api/settings/symbols/force-backfill/"".concat(e),{method:""POST"",body:JSON.stringify({backfill_days:a})})},watchlistAPI:{getWatchlists:async()=>t(""/api/watchlists""),createWatchlist:async e=>t(""/api/watchlists"",{method:""POST"",body:JSON.stringify(e)}),updateWatchlist:async(e,a)=>t(""/api/watchlists/"".concat(e),{method:""PUT"",body:JSON.stringify(a)}),deleteWatchlist:async e=>t(""/api/watchlists/"".concat(e),{method:""DELETE""}),getFavorites:async()=>t(""/api/favorites""),addFavorite:async e=>t(""/api/favorites/"".concat(e),{method:""POST""}),removeFavorite:async e=>t(""/api/favorites/"".concat(e),{method:""DELETE""})},healthAPI:{checkHealth:async()=>{try{return await t(""/a"
/api/settings/symbols/backfill/,/Volumes/EAGET/SKYLIT_RE/AUDIT_PUBLIC_2026-08-25/current_bundles/988-7c66963a05bdd0b2.js,5437,":async()=>{try{return await t(""/api/test""),!0}catch(t){return!1}},getAlertsGlobalSettings:async()=>t(""/api/settings/alerts-global""),updateAlertsGlobalSettings:async e=>t(""/api/settings/alerts-global"",{method:""PUT"",body:JSON.stringify({alerts_enabled:e})}),getNexusMarketDataSettings:async()=>t(""/api/settings/nexus-market-data""),updateNexusMarketDataSettings:async e=>t(""/api/settings/nexus-market-data"",{method:""PUT"",body:JSON.stringify({nexus_market_data_enabled:e})}),getBackfillStatus:async e=>t(""/api/settings/symbols/backfill/"".concat(e)),retryBackfill:async e=>t(""/api/settings/symbols/retry-backfill/"".concat(e),{method:""POST""}),forceBackfill:async(e,a)=>t(""/api/settings/symbols/force-backfill/"".concat(e),{method:""POST"",body:JSON.stringify({backfill_days:a})})},watchlistAPI:{getWatchlists:async()=>t(""/api/watchlists""),createWatchlist:async e=>t(""/api/watchlists"",{method:""POST"",body:JSON.stringify(e)}),updateWatchlist:async(e,a)=>t(""/api/watchlists/"".concat(e),{method:""PUT"",body:JSON.stringify(a)}),deleteWatchlist:async e=>t(""/api/watchlists/"".concat(e),{method:""DELETE""}),getFavorites:async()=>t(""/api/favorites""),addFavorite:async e=>t(""/api/favorites/"".concat(e),{method:""POST""}),removeFavorite:async e=>t(""/api/favorites/"".concat(e),{method:""DELETE""})},healthAPI:{checkHealth:async()=>{try{return await t(""/api/health""),!0}catch(t){return!1}}},statusNotificationsAPI:{getNotifications:async()=>{try{return await t(""/api/status-notifications"")}catch(t){if(t instanceof Error&&""status""in t&&404===t.status)return{not"
/api/settings/symbols/retry-backfill/,/Volumes/EAGET/SKYLIT_RE/AUDIT_PUBLIC_2026-08-25/current_bundles/988-7c66963a05bdd0b2.js,5507,"lertsGlobalSettings:async()=>t(""/api/settings/alerts-global""),updateAlertsGlobalSettings:async e=>t(""/api/settings/alerts-global"",{method:""PUT"",body:JSON.stringify({alerts_enabled:e})}),getNexusMarketDataSettings:async()=>t(""/api/settings/nexus-market-data""),updateNexusMarketDataSettings:async e=>t(""/api/settings/nexus-market-data"",{method:""PUT"",body:JSON.stringify({nexus_market_data_enabled:e})}),getBackfillStatus:async e=>t(""/api/settings/symbols/backfill/"".concat(e)),retryBackfill:async e=>t(""/api/settings/symbols/retry-backfill/"".concat(e),{method:""POST""}),forceBackfill:async(e,a)=>t(""/api/settings/symbols/force-backfill/"".concat(e),{method:""POST"",body:JSON.stringify({backfill_days:a})})},watchlistAPI:{getWatchlists:async()=>t(""/api/watchlists""),createWatchlist:async e=>t(""/api/watchlists"",{method:""POST"",body:JSON.stringify(e)}),updateWatchlist:async(e,a)=>t(""/api/watchlists/"".concat(e),{method:""PUT"",body:JSON.stringify(a)}),deleteWatchlist:async e=>t(""/api/watchlists/"".concat(e),{method:""DELETE""}),getFavorites:async()=>t(""/api/favorites""),addFavorite:async e=>t(""/api/favorites/"".concat(e),{method:""POST""}),removeFavorite:async e=>t(""/api/favorites/"".concat(e),{method:""DELETE""})},healthAPI:{checkHealth:async()=>{try{return await t(""/api/health""),!0}catch(t){return!1}}},statusNotificationsAPI:{getNotifications:async()=>{try{return await t(""/api/status-notifications"")}catch(t){if(t instanceof Error&&""status""in t&&404===t.status)return{notifications:[]};throw t}},createNotification:async e=>t(""/api/status-notifica"
/api/settings/symbols/force-backfill/,/Volumes/EAGET/SKYLIT_RE/AUDIT_PUBLIC_2026-08-25/current_bundles/988-7c66963a05bdd0b2.js,5602,"e=>t(""/api/settings/alerts-global"",{method:""PUT"",body:JSON.stringify({alerts_enabled:e})}),getNexusMarketDataSettings:async()=>t(""/api/settings/nexus-market-data""),updateNexusMarketDataSettings:async e=>t(""/api/settings/nexus-market-data"",{method:""PUT"",body:JSON.stringify({nexus_market_data_enabled:e})}),getBackfillStatus:async e=>t(""/api/settings/symbols/backfill/"".concat(e)),retryBackfill:async e=>t(""/api/settings/symbols/retry-backfill/"".concat(e),{method:""POST""}),forceBackfill:async(e,a)=>t(""/api/settings/symbols/force-backfill/"".concat(e),{method:""POST"",body:JSON.stringify({backfill_days:a})})},watchlistAPI:{getWatchlists:async()=>t(""/api/watchlists""),createWatchlist:async e=>t(""/api/watchlists"",{method:""POST"",body:JSON.stringify(e)}),updateWatchlist:async(e,a)=>t(""/api/watchlists/"".concat(e),{method:""PUT"",body:JSON.stringify(a)}),deleteWatchlist:async e=>t(""/api/watchlists/"".concat(e),{method:""DELETE""}),getFavorites:async()=>t(""/api/favorites""),addFavorite:async e=>t(""/api/favorites/"".concat(e),{method:""POST""}),removeFavorite:async e=>t(""/api/favorites/"".concat(e),{method:""DELETE""})},healthAPI:{checkHealth:async()=>{try{return await t(""/api/health""),!0}catch(t){return!1}}},statusNotificationsAPI:{getNotifications:async()=>{try{return await t(""/api/status-notifications"")}catch(t){if(t instanceof Error&&""status""in t&&404===t.status)return{notifications:[]};throw t}},createNotification:async e=>t(""/api/status-notifications"",{method:""POST"",body:JSON.stringify(e)}),deleteNotification:async e=>t(""/api/status-notif"
/api/watchlists,/Volumes/EAGET/SKYLIT_RE/AUDIT_PUBLIC_2026-08-25/current_bundles/988-7c66963a05bdd0b2.js,5748,"xus-market-data""),updateNexusMarketDataSettings:async e=>t(""/api/settings/nexus-market-data"",{method:""PUT"",body:JSON.stringify({nexus_market_data_enabled:e})}),getBackfillStatus:async e=>t(""/api/settings/symbols/backfill/"".concat(e)),retryBackfill:async e=>t(""/api/settings/symbols/retry-backfill/"".concat(e),{method:""POST""}),forceBackfill:async(e,a)=>t(""/api/settings/symbols/force-backfill/"".concat(e),{method:""POST"",body:JSON.stringify({backfill_days:a})})},watchlistAPI:{getWatchlists:async()=>t(""/api/watchlists""),createWatchlist:async e=>t(""/api/watchlists"",{method:""POST"",body:JSON.stringify(e)}),updateWatchlist:async(e,a)=>t(""/api/watchlists/"".concat(e),{method:""PUT"",body:JSON.stringify(a)}),deleteWatchlist:async e=>t(""/api/watchlists/"".concat(e),{method:""DELETE""}),getFavorites:async()=>t(""/api/favorites""),addFavorite:async e=>t(""/api/favorites/"".concat(e),{method:""POST""}),removeFavorite:async e=>t(""/api/favorites/"".concat(e),{method:""DELETE""})},healthAPI:{checkHealth:async()=>{try{return await t(""/api/health""),!0}catch(t){return!1}}},statusNotificationsAPI:{getNotifications:async()=>{try{return await t(""/api/status-notifications"")}catch(t){if(t instanceof Error&&""status""in t&&404===t.status)return{notifications:[]};throw t}},createNotification:async e=>t(""/api/status-notifications"",{method:""POST"",body:JSON.stringify(e)}),deleteNotification:async e=>t(""/api/status-notifications/"".concat(e),{method:""DELETE""})}}),[t])}},52777:(t,e,a)=>{a.d(e,{h:()=>y});var r=a(25959),s=a(89863),n=a(5923),i=a(5"
/api/watchlists/,/Volumes/EAGET/SKYLIT_RE/AUDIT_PUBLIC_2026-08-25/current_bundles/988-7c66963a05bdd0b2.js,5882,"market_data_enabled:e})}),getBackfillStatus:async e=>t(""/api/settings/symbols/backfill/"".concat(e)),retryBackfill:async e=>t(""/api/settings/symbols/retry-backfill/"".concat(e),{method:""POST""}),forceBackfill:async(e,a)=>t(""/api/settings/symbols/force-backfill/"".concat(e),{method:""POST"",body:JSON.stringify({backfill_days:a})})},watchlistAPI:{getWatchlists:async()=>t(""/api/watchlists""),createWatchlist:async e=>t(""/api/watchlists"",{method:""POST"",body:JSON.stringify(e)}),updateWatchlist:async(e,a)=>t(""/api/watchlists/"".concat(e),{method:""PUT"",body:JSON.stringify(a)}),deleteWatchlist:async e=>t(""/api/watchlists/"".concat(e),{method:""DELETE""}),getFavorites:async()=>t(""/api/favorites""),addFavorite:async e=>t(""/api/favorites/"".concat(e),{method:""POST""}),removeFavorite:async e=>t(""/api/favorites/"".concat(e),{method:""DELETE""})},healthAPI:{checkHealth:async()=>{try{return await t(""/api/health""),!0}catch(t){return!1}}},statusNotificationsAPI:{getNotifications:async()=>{try{return await t(""/api/status-notifications"")}catch(t){if(t instanceof Error&&""status""in t&&404===t.status)return{notifications:[]};throw t}},createNotification:async e=>t(""/api/status-notifications"",{method:""POST"",body:JSON.stringify(e)}),deleteNotification:async e=>t(""/api/status-notifications/"".concat(e),{method:""DELETE""})}}),[t])}},52777:(t,e,a)=>{a.d(e,{h:()=>y});var r=a(25959),s=a(89863),n=a(5923),i=a(58752),o=a(82514),l=a(81907);function c(t,e,a){let r=arguments.length>3&&void 0!==arguments[3]?arguments[3]:0,[s,i,o]=t.split(""-"").map(N"
/api/favorites,/Volumes/EAGET/SKYLIT_RE/AUDIT_PUBLIC_2026-08-25/current_bundles/988-7c66963a05bdd0b2.js,6049,"ncat(e),{method:""POST""}),forceBackfill:async(e,a)=>t(""/api/settings/symbols/force-backfill/"".concat(e),{method:""POST"",body:JSON.stringify({backfill_days:a})})},watchlistAPI:{getWatchlists:async()=>t(""/api/watchlists""),createWatchlist:async e=>t(""/api/watchlists"",{method:""POST"",body:JSON.stringify(e)}),updateWatchlist:async(e,a)=>t(""/api/watchlists/"".concat(e),{method:""PUT"",body:JSON.stringify(a)}),deleteWatchlist:async e=>t(""/api/watchlists/"".concat(e),{method:""DELETE""}),getFavorites:async()=>t(""/api/favorites""),addFavorite:async e=>t(""/api/favorites/"".concat(e),{method:""POST""}),removeFavorite:async e=>t(""/api/favorites/"".concat(e),{method:""DELETE""})},healthAPI:{checkHealth:async()=>{try{return await t(""/api/health""),!0}catch(t){return!1}}},statusNotificationsAPI:{getNotifications:async()=>{try{return await t(""/api/status-notifications"")}catch(t){if(t instanceof Error&&""status""in t&&404===t.status)return{notifications:[]};throw t}},createNotification:async e=>t(""/api/status-notifications"",{method:""POST"",body:JSON.stringify(e)}),deleteNotification:async e=>t(""/api/status-notifications/"".concat(e),{method:""DELETE""})}}),[t])}},52777:(t,e,a)=>{a.d(e,{h:()=>y});var r=a(25959),s=a(89863),n=a(5923),i=a(58752),o=a(82514),l=a(81907);function c(t,e,a){let r=arguments.length>3&&void 0!==arguments[3]?arguments[3]:0,[s,i,o]=t.split(""-"").map(Number),l=new Date(s,i-1,o,e,a,r,0);return(0,n.u)(l,""America/New_York"")}let d=new Set([""SPXW"",""SPX"",""VIX"",""NDX"",""NDXP"",""RUT""]);function u(t){return!!t&&d.has(t.toUppe"
/api/favorites/,/Volumes/EAGET/SKYLIT_RE/AUDIT_PUBLIC_2026-08-25/current_bundles/988-7c66963a05bdd0b2.js,6090,"ync(e,a)=>t(""/api/settings/symbols/force-backfill/"".concat(e),{method:""POST"",body:JSON.stringify({backfill_days:a})})},watchlistAPI:{getWatchlists:async()=>t(""/api/watchlists""),createWatchlist:async e=>t(""/api/watchlists"",{method:""POST"",body:JSON.stringify(e)}),updateWatchlist:async(e,a)=>t(""/api/watchlists/"".concat(e),{method:""PUT"",body:JSON.stringify(a)}),deleteWatchlist:async e=>t(""/api/watchlists/"".concat(e),{method:""DELETE""}),getFavorites:async()=>t(""/api/favorites""),addFavorite:async e=>t(""/api/favorites/"".concat(e),{method:""POST""}),removeFavorite:async e=>t(""/api/favorites/"".concat(e),{method:""DELETE""})},healthAPI:{checkHealth:async()=>{try{return await t(""/api/health""),!0}catch(t){return!1}}},statusNotificationsAPI:{getNotifications:async()=>{try{return await t(""/api/status-notifications"")}catch(t){if(t instanceof Error&&""status""in t&&404===t.status)return{notifications:[]};throw t}},createNotification:async e=>t(""/api/status-notifications"",{method:""POST"",body:JSON.stringify(e)}),deleteNotification:async e=>t(""/api/status-notifications/"".concat(e),{method:""DELETE""})}}),[t])}},52777:(t,e,a)=>{a.d(e,{h:()=>y});var r=a(25959),s=a(89863),n=a(5923),i=a(58752),o=a(82514),l=a(81907);function c(t,e,a){let r=arguments.length>3&&void 0!==arguments[3]?arguments[3]:0,[s,i,o]=t.split(""-"").map(Number),l=new Date(s,i-1,o,e,a,r,0);return(0,n.u)(l,""America/New_York"")}let d=new Set([""SPXW"",""SPX"",""VIX"",""NDX"",""NDXP"",""RUT""]);function u(t){return!!t&&d.has(t.toUpperCase())}function m(){let t=arguments.leng"
/api/health,/Volumes/EAGET/SKYLIT_RE/AUDIT_PUBLIC_2026-08-25/current_bundles/988-7c66963a05bdd0b2.js,6261,"sts""),createWatchlist:async e=>t(""/api/watchlists"",{method:""POST"",body:JSON.stringify(e)}),updateWatchlist:async(e,a)=>t(""/api/watchlists/"".concat(e),{method:""PUT"",body:JSON.stringify(a)}),deleteWatchlist:async e=>t(""/api/watchlists/"".concat(e),{method:""DELETE""}),getFavorites:async()=>t(""/api/favorites""),addFavorite:async e=>t(""/api/favorites/"".concat(e),{method:""POST""}),removeFavorite:async e=>t(""/api/favorites/"".concat(e),{method:""DELETE""})},healthAPI:{checkHealth:async()=>{try{return await t(""/api/health""),!0}catch(t){return!1}}},statusNotificationsAPI:{getNotifications:async()=>{try{return await t(""/api/status-notifications"")}catch(t){if(t instanceof Error&&""status""in t&&404===t.status)return{notifications:[]};throw t}},createNotification:async e=>t(""/api/status-notifications"",{method:""POST"",body:JSON.stringify(e)}),deleteNotification:async e=>t(""/api/status-notifications/"".concat(e),{method:""DELETE""})}}),[t])}},52777:(t,e,a)=>{a.d(e,{h:()=>y});var r=a(25959),s=a(89863),n=a(5923),i=a(58752),o=a(82514),l=a(81907);function c(t,e,a){let r=arguments.length>3&&void 0!==arguments[3]?arguments[3]:0,[s,i,o]=t.split(""-"").map(Number),l=new Date(s,i-1,o,e,a,r,0);return(0,n.u)(l,""America/New_York"")}let d=new Set([""SPXW"",""SPX"",""VIX"",""NDX"",""NDXP"",""RUT""]);function u(t){return!!t&&d.has(t.toUpperCase())}function m(){let t=arguments.length>0&&void 0!==arguments[0]?arguments[0]:new Date,e=Math.floor(t.getTime()/1e3);return(0,l.Dy)(e)}let p={selectedSymbol:"""",colorScale:""viridis"",isLoading:!1,lastUpdate"
/api/status-notifications,/Volumes/EAGET/SKYLIT_RE/AUDIT_PUBLIC_2026-08-25/current_bundles/988-7c66963a05bdd0b2.js,6370,"ync(e,a)=>t(""/api/watchlists/"".concat(e),{method:""PUT"",body:JSON.stringify(a)}),deleteWatchlist:async e=>t(""/api/watchlists/"".concat(e),{method:""DELETE""}),getFavorites:async()=>t(""/api/favorites""),addFavorite:async e=>t(""/api/favorites/"".concat(e),{method:""POST""}),removeFavorite:async e=>t(""/api/favorites/"".concat(e),{method:""DELETE""})},healthAPI:{checkHealth:async()=>{try{return await t(""/api/health""),!0}catch(t){return!1}}},statusNotificationsAPI:{getNotifications:async()=>{try{return await t(""/api/status-notifications"")}catch(t){if(t instanceof Error&&""status""in t&&404===t.status)return{notifications:[]};throw t}},createNotification:async e=>t(""/api/status-notifications"",{method:""POST"",body:JSON.stringify(e)}),deleteNotification:async e=>t(""/api/status-notifications/"".concat(e),{method:""DELETE""})}}),[t])}},52777:(t,e,a)=>{a.d(e,{h:()=>y});var r=a(25959),s=a(89863),n=a(5923),i=a(58752),o=a(82514),l=a(81907);function c(t,e,a){let r=arguments.length>3&&void 0!==arguments[3]?arguments[3]:0,[s,i,o]=t.split(""-"").map(Number),l=new Date(s,i-1,o,e,a,r,0);return(0,n.u)(l,""America/New_York"")}let d=new Set([""SPXW"",""SPX"",""VIX"",""NDX"",""NDXP"",""RUT""]);function u(t){return!!t&&d.has(t.toUpperCase())}function m(){let t=arguments.length>0&&void 0!==arguments[0]?arguments[0]:new Date,e=Math.floor(t.getTime()/1e3);return(0,l.Dy)(e)}let p={selectedSymbol:"""",colorScale:""viridis"",isLoading:!1,lastUpdated:null,error:null,gammaData:null,vannaData:null,symbols:[],connectionStatus:{connected:!1,lastHeartbeat:null},shouldAutoScr"
/api/status-notifications/,/Volumes/EAGET/SKYLIT_RE/AUDIT_PUBLIC_2026-08-25/current_bundles/988-7c66963a05bdd0b2.js,6623,"od:""POST""}),removeFavorite:async e=>t(""/api/favorites/"".concat(e),{method:""DELETE""})},healthAPI:{checkHealth:async()=>{try{return await t(""/api/health""),!0}catch(t){return!1}}},statusNotificationsAPI:{getNotifications:async()=>{try{return await t(""/api/status-notifications"")}catch(t){if(t instanceof Error&&""status""in t&&404===t.status)return{notifications:[]};throw t}},createNotification:async e=>t(""/api/status-notifications"",{method:""POST"",body:JSON.stringify(e)}),deleteNotification:async e=>t(""/api/status-notifications/"".concat(e),{method:""DELETE""})}}),[t])}},52777:(t,e,a)=>{a.d(e,{h:()=>y});var r=a(25959),s=a(89863),n=a(5923),i=a(58752),o=a(82514),l=a(81907);function c(t,e,a){let r=arguments.length>3&&void 0!==arguments[3]?arguments[3]:0,[s,i,o]=t.split(""-"").map(Number),l=new Date(s,i-1,o,e,a,r,0);return(0,n.u)(l,""America/New_York"")}let d=new Set([""SPXW"",""SPX"",""VIX"",""NDX"",""NDXP"",""RUT""]);function u(t){return!!t&&d.has(t.toUpperCase())}function m(){let t=arguments.length>0&&void 0!==arguments[0]?arguments[0]:new Date,e=Math.floor(t.getTime()/1e3);return(0,l.Dy)(e)}let p={selectedSymbol:"""",colorScale:""viridis"",isLoading:!1,lastUpdated:null,error:null,gammaData:null,vannaData:null,symbols:[],connectionStatus:{connected:!1,lastHeartbeat:null},shouldAutoScroll:!1,autoCenterMode:""dominant"",userRole:null,replayMode:!1,replayTimestamp:null,replayDate:"""",playbackSpeed:1,isPlaying:!1},y=(0,r.v)()((0,s.lt)(t=>({...p,setSelectedSymbol:e=>t(t=>(0,i.Uy)(t.userRole)&&!(0,i.Vz)(e,!0)?{}:((0,o.$)(e),{selectedSymbol:e,"
/api/sse/ticket,/Volumes/EAGET/SKYLIT_RE/AUDIT_PUBLIC_2026-08-25/current_bundles/988-7c66963a05bdd0b2.js,17890,"wait fetch(a,{...e,headers:{...r,...e.headers}});if(!t.ok){let e=""HTTP "".concat(t.status,"": "").concat(t.statusText),a=t.status;try{let r=await t.text();if(r)try{let t=JSON.parse(r);e=t.message||r.trim(),a=t.code||a}catch(t){e=r.trim()}}catch(t){}throw new n(e,t.status,a)}return await t.json()}catch(t){if(t instanceof n)throw t;throw new n(""Network error: "".concat(t instanceof Error?t.message:""Unknown error""),0)}}async function o(t,e){try{var a;let r=await t();if(!r)return null;let s=await fetch(""/api/sse/ticket"",{method:""POST"",headers:{Authorization:""Bearer "".concat(r)},signal:e});if(!s.ok)return null;return null!=(a=(await s.json()).ticket)?a:null}catch(t){return null}}function l(t){return async function(e){let a=arguments.length>1&&void 0!==arguments[1]?arguments[1]:{},r={};if(t)try{let e=await t();e&&(r.Authorization=""Bearer "".concat(e))}catch(t){console.warn(""Failed to get Clerk token:"",t)}return i(e,{...a,headers:{...r,...a.headers}})}}},94412:(t,e,a)=>{a.d(e,{l:()=>s,q:()=>r});let r=new(a(31461)).E({defaultOptions:{queries:{staleTime:5e3,gcTime:3e4,retry:3,retryDelay:t=>Math.min(1e3*2**t,3e4),refetchOnWindowFocus:!0,refetchOnMount:!0,refetchOnReconnect:!1},mutations:{retry:2,retryDelay:t=>Math.min(1e3*2**t,1e4)}}}),s={heatmap:{all:[""heatmap""],dataForSymbol:t=>[...s.heatmap.all,""data"",t],data:(t,e,a)=>[...s.heatmap.dataForSymbol(t),e,null!=a?a:""full""],symbols:()=>[...s.heatmap.all,""symbols""]},settings:{all:[""settings""],symbols:()=>[...s.settings.all,""symbols""],discord:()=>[...s.settings."
/api/ohlcv/symbols,/Volumes/EAGET/SKYLIT_RE/AUDIT_PUBLIC_2026-08-25/current_bundles/7883-6592990794d20510.js,2064,"get(t);return e&&Date.now()-e.time<6e5?e.data:null}(n,0);if(e)return e;let l=d.get(n);if(l)return l;let r=(async()=>{let e=await h("""".concat(a,""/contracts?root="").concat(encodeURIComponent(t.toUpperCase())));if(!e.ok)throw Error(""Contracts failed ["".concat(e.status,""]""));let l=await e.json();return f.set(n,{data:l,time:Date.now()}),l})().finally(()=>{d.delete(n)});return d.set(n,r),r}async function m(t){var n;let e=new URLSearchParams;t&&e.set(""kinds"",t);let l=e.toString(),r=await h("""".concat(a,""/api/ohlcv/symbols"").concat(l?""?"".concat(l):""""));if(!r.ok)throw Error(""Chart symbols failed ["".concat(r.status,""]""));return(null!=(n=(await r.json()).symbols)?n:[]).map(t=>{var n;return{...t,displayName:null!=(n=t.displayName)?n:""VIX""===t.name?""CVIX"":void 0}})}function p(t,n){if(n<=1)return t;let e=new Map,l=60*n;for(let o of t){let t=new Date(o.time+""Z"").getTime()/1e3,a=n>=1440?(0,r.bY)(t)+""T00:00:00"":new Date(Math.floor(t/l)*l*1e3).toISOString().slice(0,19),u=e.get(a);u?(u.high=Math.max(u.high,o.high),u.low=Math.min(u.low,o.low),u.close=o.close):e.set(a,{time:a,open:o.open,high:o.high,low:o.low,close:o.close})}return Array.from(e.values()).sort((t,n)=>t.time.localeCompare(n.time))}async function w(t,n,e){let r=arguments.length>3&&void 0!==arguments[3]&&arguments[3],u=arguments.length>4&&void 0!==arguments[4]?arguments[4]:""1"",i=""udf:"".concat(t,"":"").concat(Math.floor(n/86400),"":"").concat(Math.floor(e/86400),"":"").concat(r?""ext"":""reg"","":"").concat(u);if(d.has(i))return d.get(i);let c=(0,l.N)(),s=86400*Math."
http://localhost:8000/api/v1,/Volumes/EAGET/SKYLIT_RE/AUDIT_PUBLIC_2026-08-25/current_bundles/8593-0b7dc0fa05075470.js,2135,"ync listSetups(){let e=arguments.length>0&&void 0!==arguments[0]?arguments[0]:50;return a.A.get(""/setups?limit="".concat(e))}async getSetup(e){return a.A.get(""/setups/"".concat(e))}async getAgentSetups(e){return a.A.get(""/agents/"".concat(e,""/setups""))}async enterSetup(e){return a.A.post(""/setups/"".concat(e,""/enter""))}async closeSetup(e,t,n){return a.A.post(""/setups/"".concat(e,""/close""),{exit_price:t,exit_reason:n})}async getIndexFlow(){return a.A.get(""/index-flow"")}}new i;class l{getWsUrl(){let e=""http://localhost:8000/api/v1"".replace(""http://"",""ws://"").replace(""https://"",""wss://""),t=a.A.getToken();return"""".concat(e,""/ws?token="").concat(t)}connect(){return this.connectionPromise||(this.connectionPromise=new Promise((e,t)=>{var n;if((null==(n=this.ws)?void 0:n.readyState)===WebSocket.OPEN)return void e();let a=this.getWsUrl();this.ws=new WebSocket(a),this.ws.onopen=()=>{console.log(""WebSocket connected""),this.reconnectAttempts=0,this.subscriptions.forEach(e=>{this.sendSubscribe(e)}),e()},this.ws.onmessage=e=>{try{let t=JSON.parse(e.data);this.handleMessage(t)}catch(e){console.error(""Failed to parse WebSocket message:"",e)}},this.ws.onerror=e=>{console.error(""WebSocket error:"",e),t(e)},this.ws.onclose=()=>{console.log(""WebSocket disconnected""),this.connectionPromise=null,this.attemptReconnect()}})),this.connectionPromise}attemptReconnect(){if(this.reconnectAttempts>=this.maxReconnectAttempts)return void console.error(""Max reconnection attempts reached"");this.reconnectAttempts++;let e=this.reconnectDelay*Math.p"
/api/,/Volumes/EAGET/SKYLIT_RE/AUDIT_PUBLIC_2026-08-25/current_bundles/3680-bedf33ad8e108721.js,35052,"rossOrigin:m.crossOrigin}:{as:""script"",nonce:E,crossOrigin:m.crossOrigin})}return null}Object.defineProperty(_,""__nextScript"",{value:!0});let g=_;(""function""==typeof t.default||""object""==typeof t.default&&null!==t.default)&&void 0===t.default.__esModule&&(Object.defineProperty(t.default,""__esModule"",{value:!0}),Object.assign(t.default,t),e.exports=t.default)},42206:e=>{""use strict"";e.exports={rE:""15.5.9""}},42742:(e,t)=>{""use strict"";function r(e){return""/api""===e||!!(null==e?void 0:e.startsWith(""/api/""))}Object.defineProperty(t,""__esModule"",{value:!0}),Object.defineProperty(t,""isAPIRoute"",{enumerable:!0,get:function(){return r}})},43843:(e,t,r)=>{""use strict"";r.d(t,{_:()=>o,c:()=>i});var n=r(12115);let a=n.createContext(void 0);a.displayName=""ClerkNextOptionsCtx"";let i=()=>{let e=n.useContext(a);return null==e?void 0:e.value},o=e=>{let{children:t,options:r}=e;return n.createElement(a.Provider,{value:{value:r}},t)}},44761:(e,t)=>{""use strict"";Object.defineProperty(t,""__esModule"",{value:!0}),!function(e,t){for(var r in t)Object.defineProperty(e,r,{enumerable:!0,get:t[r]})}(t,{getSortedRouteObjects:function(){return a},getSortedRoutes:function(){return n}});class r{insert(e){this._insert(e.split(""/"").filter(Boolean),[],!1)}smoosh(){return this._smoosh()}_smoosh(e){void 0===e&&(e=""/"");let t=[...this.children.keys()].sort();null!==this.slugName&&t.splice(t.indexOf(""[]""),1),null!==this.restSlugName&&t.splice(t.indexOf(""[...]""),1),null!==this.optionalRestSlugName&&t.splice(t.indexOf(""[[..."
