file,line,keyword,context
bundles/6514-bd56272b2716d98c.js,34,/api/,"shOAuthToken(e){let t=this.state.profile.oauth?.refresh_token;if(!t)return;let r=o(this.state.profile.api_url)??i;try{var n;let i=new URLSearchParams({grant_type:""refresh_token"",client_id:""langsmith-cli"",refresh_token:t}),s=await e(`${function(e){let t=e;for(;t.endsWith(""/"");)t=t.slice(0,-1);let r=""/api/v1"";return t.endsWith(r)?t.slice(0,-r.length):t}(r)}/oauth/token`,{method:""POST"",headers:{""Content-Type"":""application/x-www-form-urlencoded""},body:i.toString(),signal:AbortSignal.timeout(1e4)});if(!s.ok)return;let o=await s.json();if(!o.access_token)return;n=this.state.profile,n.oauth??={},o.access_"
bundles/6514-bd56272b2716d98c.js,35,webSocket,":void 0}:await new Promise(e=>{this.#eI.push(e)}),return:async()=>(await this.close(),{done:!0,value:void 0})}}}},87799:(e,t,r)=>{r(81674)},93998:(e,t,r)=>{let n;r.d(t,{x:()=>g});var a=r(78602),i=r(5438),s=r(81674),o=r(32659),l=r(78465),u=class{threadId;queue=new o.O;apiUrl;defaultHeaders;onRequest;webSocketFactory;streamUrl;pending=new Map;socket=null;closed=!1;intentionalClose=!1;constructor(e){this.apiUrl=e.apiUrl,this.threadId=e.threadId,this.defaultHeaders=e.defaultHeaders,this.onRequest=e.onRequest,this.webSocketFactory=e.webSocketFactory??(e=>new WebSocket(e)),this.streamUrl=e.paths?.stream??`/t"
bundles/6514-bd56272b2716d98c.js,35,webSocket,"o=r(32659),l=r(78465),u=class{threadId;queue=new o.O;apiUrl;defaultHeaders;onRequest;webSocketFactory;streamUrl;pending=new Map;socket=null;closed=!1;intentionalClose=!1;constructor(e){this.apiUrl=e.apiUrl,this.threadId=e.threadId,this.defaultHeaders=e.defaultHeaders,this.onRequest=e.onRequest,this.webSocketFactory=e.webSocketFactory??(e=>new WebSocket(e)),this.streamUrl=e.paths?.stream??`/threads/${this.threadId}/stream/events`}async open(){if(null!=this.socket)return;this.assertBrowserSafeTransportConfig();let e=(0,l.S8)(new URL(this.streamUrl,this.apiUrl.endsWith(""/"")?this.apiUrl:`${this.apiUrl}/`)."
bundles/6514-bd56272b2716d98c.js,35,webSocket,"5),u=class{threadId;queue=new o.O;apiUrl;defaultHeaders;onRequest;webSocketFactory;streamUrl;pending=new Map;socket=null;closed=!1;intentionalClose=!1;constructor(e){this.apiUrl=e.apiUrl,this.threadId=e.threadId,this.defaultHeaders=e.defaultHeaders,this.onRequest=e.onRequest,this.webSocketFactory=e.webSocketFactory??(e=>new WebSocket(e)),this.streamUrl=e.paths?.stream??`/threads/${this.threadId}/stream/events`}async open(){if(null!=this.socket)return;this.assertBrowserSafeTransportConfig();let e=(0,l.S8)(new URL(this.streamUrl,this.apiUrl.endsWith(""/"")?this.apiUrl:`${this.apiUrl}/`).toString()),t=this."
bundles/6514-bd56272b2716d98c.js,35,WebSocket,"new o.O;apiUrl;defaultHeaders;onRequest;webSocketFactory;streamUrl;pending=new Map;socket=null;closed=!1;intentionalClose=!1;constructor(e){this.apiUrl=e.apiUrl,this.threadId=e.threadId,this.defaultHeaders=e.defaultHeaders,this.onRequest=e.onRequest,this.webSocketFactory=e.webSocketFactory??(e=>new WebSocket(e)),this.streamUrl=e.paths?.stream??`/threads/${this.threadId}/stream/events`}async open(){if(null!=this.socket)return;this.assertBrowserSafeTransportConfig();let e=(0,l.S8)(new URL(this.streamUrl,this.apiUrl.endsWith(""/"")?this.apiUrl:`${this.apiUrl}/`).toString()),t=this.webSocketFactory(e);this.s"
bundles/6514-bd56272b2716d98c.js,35,webSocket,"Factory??(e=>new WebSocket(e)),this.streamUrl=e.paths?.stream??`/threads/${this.threadId}/stream/events`}async open(){if(null!=this.socket)return;this.assertBrowserSafeTransportConfig();let e=(0,l.S8)(new URL(this.streamUrl,this.apiUrl.endsWith(""/"")?this.apiUrl:`${this.apiUrl}/`).toString()),t=this.webSocketFactory(e);this.socket=t,this.closed=!1,this.intentionalClose=!1,t.addEventListener(""message"",this.handleMessage),t.addEventListener(""close"",this.handleClose),t.addEventListener(""error"",this.handleSocketError),await new Promise((e,r)=>{let n=()=>{i(),e()},a=()=>{i(),r(Error(""Failed to open protocol "
bundles/6514-bd56272b2716d98c.js,35,WebSocket,"Factory(e);this.socket=t,this.closed=!1,this.intentionalClose=!1,t.addEventListener(""message"",this.handleMessage),t.addEventListener(""close"",this.handleClose),t.addEventListener(""error"",this.handleSocketError),await new Promise((e,r)=>{let n=()=>{i(),e()},a=()=>{i(),r(Error(""Failed to open protocol WebSocket.""))},i=()=>{t.removeEventListener(""open"",n),t.removeEventListener(""error"",a)};t.addEventListener(""open"",n,{once:!0}),t.addEventListener(""error"",a,{once:!0})})}async send(e){return await this.sendCommand(e)}events(){let e=this.queue;return{[Symbol.asyncIterator]:()=>({next:async()=>await e.shift(),r"
bundles/6514-bd56272b2716d98c.js,35,WebSocket,"s.sendCommand(e)}events(){let e=this.queue;return{[Symbol.asyncIterator]:()=>({next:async()=>await e.shift(),return:async()=>(e.close(),{done:!0,value:void 0})})}}async close(){if(this.closed)return;for(let{reject:e}of(this.closed=!0,this.intentionalClose=!0,this.pending.values()))e(Error(""Protocol WebSocket connection closed.""));this.pending.clear(),this.queue.close();let e=this.socket;this.socket=null,e&&await new Promise(t=>{if(e.readyState===WebSocket.CLOSED)return void t();let r=()=>{e.removeEventListener(""close"",r),t()};e.addEventListener(""close"",r,{once:!0}),e.readyState===WebSocket.OPEN||e.read"
bundles/6514-bd56272b2716d98c.js,35,WebSocket,":void 0})})}}async close(){if(this.closed)return;for(let{reject:e}of(this.closed=!0,this.intentionalClose=!0,this.pending.values()))e(Error(""Protocol WebSocket connection closed.""));this.pending.clear(),this.queue.close();let e=this.socket;this.socket=null,e&&await new Promise(t=>{if(e.readyState===WebSocket.CLOSED)return void t();let r=()=>{e.removeEventListener(""close"",r),t()};e.addEventListener(""close"",r,{once:!0}),e.readyState===WebSocket.OPEN||e.readyState===WebSocket.CONNECTING?e.close():t()})}assertBrowserSafeTransportConfig(){if((0,l.b0)(this.defaultHeaders)||null!=this.onRequest)throw Error(""B"
bundles/6514-bd56272b2716d98c.js,35,WebSocket,"or(""Protocol WebSocket connection closed.""));this.pending.clear(),this.queue.close();let e=this.socket;this.socket=null,e&&await new Promise(t=>{if(e.readyState===WebSocket.CLOSED)return void t();let r=()=>{e.removeEventListener(""close"",r),t()};e.addEventListener(""close"",r,{once:!0}),e.readyState===WebSocket.OPEN||e.readyState===WebSocket.CONNECTING?e.close():t()})}assertBrowserSafeTransportConfig(){if((0,l.b0)(this.defaultHeaders)||null!=this.onRequest)throw Error(""Browser WebSocket protocol transport does not support defaultHeaders or onRequest hooks. Supply a custom protocolWebSocketFactory if you n"
bundles/6514-bd56272b2716d98c.js,35,WebSocket,"on closed.""));this.pending.clear(),this.queue.close();let e=this.socket;this.socket=null,e&&await new Promise(t=>{if(e.readyState===WebSocket.CLOSED)return void t();let r=()=>{e.removeEventListener(""close"",r),t()};e.addEventListener(""close"",r,{once:!0}),e.readyState===WebSocket.OPEN||e.readyState===WebSocket.CONNECTING?e.close():t()})}assertBrowserSafeTransportConfig(){if((0,l.b0)(this.defaultHeaders)||null!=this.onRequest)throw Error(""Browser WebSocket protocol transport does not support defaultHeaders or onRequest hooks. Supply a custom protocolWebSocketFactory if you need custom WebSocket setup."")}a"
bundles/6514-bd56272b2716d98c.js,35,WebSocket,")return void t();let r=()=>{e.removeEventListener(""close"",r),t()};e.addEventListener(""close"",r,{once:!0}),e.readyState===WebSocket.OPEN||e.readyState===WebSocket.CONNECTING?e.close():t()})}assertBrowserSafeTransportConfig(){if((0,l.b0)(this.defaultHeaders)||null!=this.onRequest)throw Error(""Browser WebSocket protocol transport does not support defaultHeaders or onRequest hooks. Supply a custom protocolWebSocketFactory if you need custom WebSocket setup."")}async sendCommand(e){let t=this.socket;if(null==t||t.readyState!==WebSocket.OPEN)throw Error(""Protocol WebSocket is not open."");return await new Prom"
bundles/6514-bd56272b2716d98c.js,35,WebSocket,",e.readyState===WebSocket.OPEN||e.readyState===WebSocket.CONNECTING?e.close():t()})}assertBrowserSafeTransportConfig(){if((0,l.b0)(this.defaultHeaders)||null!=this.onRequest)throw Error(""Browser WebSocket protocol transport does not support defaultHeaders or onRequest hooks. Supply a custom protocolWebSocketFactory if you need custom WebSocket setup."")}async sendCommand(e){let t=this.socket;if(null==t||t.readyState!==WebSocket.OPEN)throw Error(""Protocol WebSocket is not open."");return await new Promise((r,n)=>{this.pending.set(e.id,{resolve:r,reject:n});try{t.send(JSON.stringify(e))}catch(t){this.pendi"
bundles/6514-bd56272b2716d98c.js,35,WebSocket,"adyState===WebSocket.CONNECTING?e.close():t()})}assertBrowserSafeTransportConfig(){if((0,l.b0)(this.defaultHeaders)||null!=this.onRequest)throw Error(""Browser WebSocket protocol transport does not support defaultHeaders or onRequest hooks. Supply a custom protocolWebSocketFactory if you need custom WebSocket setup."")}async sendCommand(e){let t=this.socket;if(null==t||t.readyState!==WebSocket.OPEN)throw Error(""Protocol WebSocket is not open."");return await new Promise((r,n)=>{this.pending.set(e.id,{resolve:r,reject:n});try{t.send(JSON.stringify(e))}catch(t){this.pending.delete(e.id),n((0,l.iT)(t))}})}ha"
bundles/6514-bd56272b2716d98c.js,35,WebSocket,"((0,l.b0)(this.defaultHeaders)||null!=this.onRequest)throw Error(""Browser WebSocket protocol transport does not support defaultHeaders or onRequest hooks. Supply a custom protocolWebSocketFactory if you need custom WebSocket setup."")}async sendCommand(e){let t=this.socket;if(null==t||t.readyState!==WebSocket.OPEN)throw Error(""Protocol WebSocket is not open."");return await new Promise((r,n)=>{this.pending.set(e.id,{resolve:r,reject:n});try{t.send(JSON.stringify(e))}catch(t){this.pending.delete(e.id),n((0,l.iT)(t))}})}handleMessage=e=>{let t;try{t=JSON.parse(String(e.data))}catch{return}if((0,l.u4)(t)&&"""
bundles/6514-bd56272b2716d98c.js,35,WebSocket,"=this.onRequest)throw Error(""Browser WebSocket protocol transport does not support defaultHeaders or onRequest hooks. Supply a custom protocolWebSocketFactory if you need custom WebSocket setup."")}async sendCommand(e){let t=this.socket;if(null==t||t.readyState!==WebSocket.OPEN)throw Error(""Protocol WebSocket is not open."");return await new Promise((r,n)=>{this.pending.set(e.id,{resolve:r,reject:n});try{t.send(JSON.stringify(e))}catch(t){this.pending.delete(e.id),n((0,l.iT)(t))}})}handleMessage=e=>{let t;try{t=JSON.parse(String(e.data))}catch{return}if((0,l.u4)(t)&&""number""==typeof t.id&&(""success""===t."
bundles/6514-bd56272b2716d98c.js,35,WebSocket,"id&&(""success""===t.type||""error""===t.type)){let e=this.pending.get(t.id);e&&(this.pending.delete(t.id),e.resolve(t));return}(0,l.u4)(t)&&""event""===t.type&&this.queue.push(t)};handleClose=()=>{if(this.socket=null,this.intentionalClose||this.closed)return void this.queue.close();let e=Error(""Protocol WebSocket closed unexpectedly."");for(let{reject:t}of this.pending.values())t(e);this.pending.clear(),this.queue.close(e)};handleSocketError=()=>{if(this.closed||this.intentionalClose)return;let e=Error(""Protocol WebSocket encountered an error."");for(let{reject:t}of this.pending.values())t(e);this.pending.cle"
bundles/6514-bd56272b2716d98c.js,35,WebSocket,"this.intentionalClose||this.closed)return void this.queue.close();let e=Error(""Protocol WebSocket closed unexpectedly."");for(let{reject:t}of this.pending.values())t(e);this.pending.clear(),this.queue.close(e)};handleSocketError=()=>{if(this.closed||this.intentionalClose)return;let e=Error(""Protocol WebSocket encountered an error."");for(let{reject:t}of this.pending.values())t(e);this.pending.clear(),this.queue.close(e)}};let c=new Uint8Array(16);function d(){if(!n){if(""undefined""==typeof crypto||!crypto.getRandomValues)throw Error(""crypto.getRandomValues() not supported. See https://github.com/uuidjs/uu"
bundles/6514-bd56272b2716d98c.js,35,websocket,"EventId?{""Last-Event-ID"":t.lastEventId}:void 0,params:t?.streamMode?{stream_mode:t.streamMode}:void 0})}stream(e,t){let r,{threadId:n,options:a}=""string""==typeof e?{threadId:e,options:t}:{threadId:m(),options:e};return r=null!=a.transport&&""string""!=typeof a.transport?a.transport:(a.transport??(""v2-websocket""===this.streamProtocol?""websocket"":""sse""))===""websocket""?new u({apiUrl:this.apiUrl,threadId:n,defaultHeaders:this.defaultHeaders,onRequest:this.onRequest,webSocketFactory:a.webSocketFactory}):new s.s({apiUrl:this.apiUrl,threadId:n,defaultHeaders:this.defaultHeaders,onRequest:this.onRequest,fetch:a."
bundles/6514-bd56272b2716d98c.js,35,websocket,"ntId}:void 0,params:t?.streamMode?{stream_mode:t.streamMode}:void 0})}stream(e,t){let r,{threadId:n,options:a}=""string""==typeof e?{threadId:e,options:t}:{threadId:m(),options:e};return r=null!=a.transport&&""string""!=typeof a.transport?a.transport:(a.transport??(""v2-websocket""===this.streamProtocol?""websocket"":""sse""))===""websocket""?new u({apiUrl:this.apiUrl,threadId:n,defaultHeaders:this.defaultHeaders,onRequest:this.onRequest,webSocketFactory:a.webSocketFactory}):new s.s({apiUrl:this.apiUrl,threadId:n,defaultHeaders:this.defaultHeaders,onRequest:this.onRequest,fetch:a.fetch}),new i.P(r,a)}}},94026:(e,t"
bundles/6514-bd56272b2716d98c.js,35,websocket,".streamMode?{stream_mode:t.streamMode}:void 0})}stream(e,t){let r,{threadId:n,options:a}=""string""==typeof e?{threadId:e,options:t}:{threadId:m(),options:e};return r=null!=a.transport&&""string""!=typeof a.transport?a.transport:(a.transport??(""v2-websocket""===this.streamProtocol?""websocket"":""sse""))===""websocket""?new u({apiUrl:this.apiUrl,threadId:n,defaultHeaders:this.defaultHeaders,onRequest:this.onRequest,webSocketFactory:a.webSocketFactory}):new s.s({apiUrl:this.apiUrl,threadId:n,defaultHeaders:this.defaultHeaders,onRequest:this.onRequest,fetch:a.fetch}),new i.P(r,a)}}},94026:(e,t,r)=>{r.d(t,{Kj:()=>n."
bundles/6514-bd56272b2716d98c.js,35,webSocket,"{threadId:e,options:t}:{threadId:m(),options:e};return r=null!=a.transport&&""string""!=typeof a.transport?a.transport:(a.transport??(""v2-websocket""===this.streamProtocol?""websocket"":""sse""))===""websocket""?new u({apiUrl:this.apiUrl,threadId:n,defaultHeaders:this.defaultHeaders,onRequest:this.onRequest,webSocketFactory:a.webSocketFactory}):new s.s({apiUrl:this.apiUrl,threadId:n,defaultHeaders:this.defaultHeaders,onRequest:this.onRequest,fetch:a.fetch}),new i.P(r,a)}}},94026:(e,t,r)=>{r.d(t,{Kj:()=>n.Kj,gk:()=>a.gk,Ls:()=>s,q7:()=>i.q});var n=r(35752),a=r(30943);r(3090);var i=r(47582);r(4188),r(48646),r(307"
bundles/6514-bd56272b2716d98c.js,35,webSocket,":t}:{threadId:m(),options:e};return r=null!=a.transport&&""string""!=typeof a.transport?a.transport:(a.transport??(""v2-websocket""===this.streamProtocol?""websocket"":""sse""))===""websocket""?new u({apiUrl:this.apiUrl,threadId:n,defaultHeaders:this.defaultHeaders,onRequest:this.onRequest,webSocketFactory:a.webSocketFactory}):new s.s({apiUrl:this.apiUrl,threadId:n,defaultHeaders:this.defaultHeaders,onRequest:this.onRequest,fetch:a.fetch}),new i.P(r,a)}}},94026:(e,t,r)=>{r.d(t,{Kj:()=>n.Kj,gk:()=>a.gk,Ls:()=>s,q7:()=>i.q});var n=r(35752),a=r(30943);r(3090);var i=r(47582);r(4188),r(48646),r(30785);let s=""0.7.2""},"
bundles/988-7c66963a05bdd0b2.js,1,/api/,"digit"",second:""2-digit""}).formatToParts(t),a=t=>{var a;return null==(a=e.find(e=>e.type===t))?void 0:a.value};return""09""===a(""hour"")&&""30""===a(""minute"")&&""00""===a(""second"")?new Date(t.getTime()+6e4):t})(r).toISOString()),y.set(""v"",(0,n.N)())):y.set(""nocache"",Math.random().toString());let h=await t(""/api/data?"".concat(y));return h&&h.symbol&&(h.symbol=e),h},getHeatmapRange:async(e,a,r,s)=>{var o,c;let{strikeCount:d,expirationCount:u}=l.z3.getState(),m=new URLSearchParams({symbol:(0,i.ee)(e),from:a.toISOString(),to:r.toISOString(),v:(0,n.N)(),max_strikes:(null!=(o=null==s?void 0:s.maxStrikes)?o:d).to"
bundles/988-7c66963a05bdd0b2.js,1,/api/,"Count:d,expirationCount:u}=l.z3.getState(),m=new URLSearchParams({symbol:(0,i.ee)(e),from:a.toISOString(),to:r.toISOString(),v:(0,n.N)(),max_strikes:(null!=(o=null==s?void 0:s.maxStrikes)?o:d).toString(),max_expirations:(null!=(c=null==s?void 0:s.maxExpirations)?c:u).toString()});try{let a=await t(""/api/data/range?"".concat(m));return a&&a.symbol&&(a.symbol=e),a}catch(t){return null}},getSymbols:async()=>(await t(""/api/symbols"")).symbols},settingsAPI:{getSymbols:async()=>t(""/api/settings/symbols""),addSymbol:async e=>t(""/api/settings/symbols"",{method:""POST"",body:JSON.stringify(e)}),updateSymbol:async"
bundles/988-7c66963a05bdd0b2.js,1,/api/,"tring(),v:(0,n.N)(),max_strikes:(null!=(o=null==s?void 0:s.maxStrikes)?o:d).toString(),max_expirations:(null!=(c=null==s?void 0:s.maxExpirations)?c:u).toString()});try{let a=await t(""/api/data/range?"".concat(m));return a&&a.symbol&&(a.symbol=e),a}catch(t){return null}},getSymbols:async()=>(await t(""/api/symbols"")).symbols},settingsAPI:{getSymbols:async()=>t(""/api/settings/symbols""),addSymbol:async e=>t(""/api/settings/symbols"",{method:""POST"",body:JSON.stringify(e)}),updateSymbol:async(e,a)=>t(""/api/settings/symbols/"".concat(e),{method:""PUT"",body:JSON.stringify(a)}),deleteSymbol:async e=>t(""/api/sett"
bundles/988-7c66963a05bdd0b2.js,1,/api/,"xStrikes)?o:d).toString(),max_expirations:(null!=(c=null==s?void 0:s.maxExpirations)?c:u).toString()});try{let a=await t(""/api/data/range?"".concat(m));return a&&a.symbol&&(a.symbol=e),a}catch(t){return null}},getSymbols:async()=>(await t(""/api/symbols"")).symbols},settingsAPI:{getSymbols:async()=>t(""/api/settings/symbols""),addSymbol:async e=>t(""/api/settings/symbols"",{method:""POST"",body:JSON.stringify(e)}),updateSymbol:async(e,a)=>t(""/api/settings/symbols/"".concat(e),{method:""PUT"",body:JSON.stringify(a)}),deleteSymbol:async e=>t(""/api/settings/symbols/"".concat(e),{method:""DELETE""}),getDiscordSetting"
bundles/988-7c66963a05bdd0b2.js,1,/api/,"l!=(c=null==s?void 0:s.maxExpirations)?c:u).toString()});try{let a=await t(""/api/data/range?"".concat(m));return a&&a.symbol&&(a.symbol=e),a}catch(t){return null}},getSymbols:async()=>(await t(""/api/symbols"")).symbols},settingsAPI:{getSymbols:async()=>t(""/api/settings/symbols""),addSymbol:async e=>t(""/api/settings/symbols"",{method:""POST"",body:JSON.stringify(e)}),updateSymbol:async(e,a)=>t(""/api/settings/symbols/"".concat(e),{method:""PUT"",body:JSON.stringify(a)}),deleteSymbol:async e=>t(""/api/settings/symbols/"".concat(e),{method:""DELETE""}),getDiscordSettings:async()=>t(""/api/settings/discord""),updateDi"
bundles/988-7c66963a05bdd0b2.js,1,/api/,"?"".concat(m));return a&&a.symbol&&(a.symbol=e),a}catch(t){return null}},getSymbols:async()=>(await t(""/api/symbols"")).symbols},settingsAPI:{getSymbols:async()=>t(""/api/settings/symbols""),addSymbol:async e=>t(""/api/settings/symbols"",{method:""POST"",body:JSON.stringify(e)}),updateSymbol:async(e,a)=>t(""/api/settings/symbols/"".concat(e),{method:""PUT"",body:JSON.stringify(a)}),deleteSymbol:async e=>t(""/api/settings/symbols/"".concat(e),{method:""DELETE""}),getDiscordSettings:async()=>t(""/api/settings/discord""),updateDiscordSettings:async e=>t(""/api/settings/discord"",{method:""PUT"",body:JSON.stringify({symbol:"
bundles/988-7c66963a05bdd0b2.js,1,/api/," t(""/api/symbols"")).symbols},settingsAPI:{getSymbols:async()=>t(""/api/settings/symbols""),addSymbol:async e=>t(""/api/settings/symbols"",{method:""POST"",body:JSON.stringify(e)}),updateSymbol:async(e,a)=>t(""/api/settings/symbols/"".concat(e),{method:""PUT"",body:JSON.stringify(a)}),deleteSymbol:async e=>t(""/api/settings/symbols/"".concat(e),{method:""DELETE""}),getDiscordSettings:async()=>t(""/api/settings/discord""),updateDiscordSettings:async e=>t(""/api/settings/discord"",{method:""PUT"",body:JSON.stringify({symbol:e.symbol,discord:{enabled:e.enabled,netGamma_webhooks:e.gamma_webhooks,netVanna_webhooks:e.vanna_w"
bundles/988-7c66963a05bdd0b2.js,1,/api/,"ls""),addSymbol:async e=>t(""/api/settings/symbols"",{method:""POST"",body:JSON.stringify(e)}),updateSymbol:async(e,a)=>t(""/api/settings/symbols/"".concat(e),{method:""PUT"",body:JSON.stringify(a)}),deleteSymbol:async e=>t(""/api/settings/symbols/"".concat(e),{method:""DELETE""}),getDiscordSettings:async()=>t(""/api/settings/discord""),updateDiscordSettings:async e=>t(""/api/settings/discord"",{method:""PUT"",body:JSON.stringify({symbol:e.symbol,discord:{enabled:e.enabled,netGamma_webhooks:e.gamma_webhooks,netVanna_webhooks:e.vanna_webhooks}})}),getAPISettings:async()=>t(""/api/settings/api""),updateAPISettings:async "
bundles/988-7c66963a05bdd0b2.js,1,/api/,"""POST"",body:JSON.stringify(e)}),updateSymbol:async(e,a)=>t(""/api/settings/symbols/"".concat(e),{method:""PUT"",body:JSON.stringify(a)}),deleteSymbol:async e=>t(""/api/settings/symbols/"".concat(e),{method:""DELETE""}),getDiscordSettings:async()=>t(""/api/settings/discord""),updateDiscordSettings:async e=>t(""/api/settings/discord"",{method:""PUT"",body:JSON.stringify({symbol:e.symbol,discord:{enabled:e.enabled,netGamma_webhooks:e.gamma_webhooks,netVanna_webhooks:e.vanna_webhooks}})}),getAPISettings:async()=>t(""/api/settings/api""),updateAPISettings:async e=>t(""/api/settings/api"",{method:""PUT"",body:JSON.stringify"
bundles/988-7c66963a05bdd0b2.js,1,/api/,"LETE""}),getDiscordSettings:async()=>t(""/api/settings/discord""),updateDiscordSettings:async e=>t(""/api/settings/discord"",{method:""PUT"",body:JSON.stringify({symbol:e.symbol,discord:{enabled:e.enabled,netGamma_webhooks:e.gamma_webhooks,netVanna_webhooks:e.vanna_webhooks}})}),getAPISettings:async()=>t(""/api/settings/api""),updateAPISettings:async e=>t(""/api/settings/api"",{method:""PUT"",body:JSON.stringify(e)}),testAPIKey:async()=>{try{return await t(""/api/test""),!0}catch(t){return!1}},getAlertsGlobalSettings:async()=>t(""/api/settings/alerts-global""),updateAlertsGlobalSettings:async e=>t(""/api/settings/al"
bundles/988-7c66963a05bdd0b2.js,1,/api/,"gs/discord""),updateDiscordSettings:async e=>t(""/api/settings/discord"",{method:""PUT"",body:JSON.stringify({symbol:e.symbol,discord:{enabled:e.enabled,netGamma_webhooks:e.gamma_webhooks,netVanna_webhooks:e.vanna_webhooks}})}),getAPISettings:async()=>t(""/api/settings/api""),updateAPISettings:async e=>t(""/api/settings/api"",{method:""PUT"",body:JSON.stringify(e)}),testAPIKey:async()=>{try{return await t(""/api/test""),!0}catch(t){return!1}},getAlertsGlobalSettings:async()=>t(""/api/settings/alerts-global""),updateAlertsGlobalSettings:async e=>t(""/api/settings/alerts-global"",{method:""PUT"",body:JSON.stringify({al"
bundles/988-7c66963a05bdd0b2.js,1,/api/,"gify({symbol:e.symbol,discord:{enabled:e.enabled,netGamma_webhooks:e.gamma_webhooks,netVanna_webhooks:e.vanna_webhooks}})}),getAPISettings:async()=>t(""/api/settings/api""),updateAPISettings:async e=>t(""/api/settings/api"",{method:""PUT"",body:JSON.stringify(e)}),testAPIKey:async()=>{try{return await t(""/api/test""),!0}catch(t){return!1}},getAlertsGlobalSettings:async()=>t(""/api/settings/alerts-global""),updateAlertsGlobalSettings:async e=>t(""/api/settings/alerts-global"",{method:""PUT"",body:JSON.stringify({alerts_enabled:e})}),getNexusMarketDataSettings:async()=>t(""/api/settings/nexus-market-data""),updateN"
bundles/988-7c66963a05bdd0b2.js,1,/api/,"mma_webhooks,netVanna_webhooks:e.vanna_webhooks}})}),getAPISettings:async()=>t(""/api/settings/api""),updateAPISettings:async e=>t(""/api/settings/api"",{method:""PUT"",body:JSON.stringify(e)}),testAPIKey:async()=>{try{return await t(""/api/test""),!0}catch(t){return!1}},getAlertsGlobalSettings:async()=>t(""/api/settings/alerts-global""),updateAlertsGlobalSettings:async e=>t(""/api/settings/alerts-global"",{method:""PUT"",body:JSON.stringify({alerts_enabled:e})}),getNexusMarketDataSettings:async()=>t(""/api/settings/nexus-market-data""),updateNexusMarketDataSettings:async e=>t(""/api/settings/nexus-market-data"",{me"
bundles/988-7c66963a05bdd0b2.js,1,/api/,"sync()=>t(""/api/settings/api""),updateAPISettings:async e=>t(""/api/settings/api"",{method:""PUT"",body:JSON.stringify(e)}),testAPIKey:async()=>{try{return await t(""/api/test""),!0}catch(t){return!1}},getAlertsGlobalSettings:async()=>t(""/api/settings/alerts-global""),updateAlertsGlobalSettings:async e=>t(""/api/settings/alerts-global"",{method:""PUT"",body:JSON.stringify({alerts_enabled:e})}),getNexusMarketDataSettings:async()=>t(""/api/settings/nexus-market-data""),updateNexusMarketDataSettings:async e=>t(""/api/settings/nexus-market-data"",{method:""PUT"",body:JSON.stringify({nexus_market_data_enabled:e})}),getBa"
bundles/988-7c66963a05bdd0b2.js,1,/api/,"PIKey:async()=>{try{return await t(""/api/test""),!0}catch(t){return!1}},getAlertsGlobalSettings:async()=>t(""/api/settings/alerts-global""),updateAlertsGlobalSettings:async e=>t(""/api/settings/alerts-global"",{method:""PUT"",body:JSON.stringify({alerts_enabled:e})}),getNexusMarketDataSettings:async()=>t(""/api/settings/nexus-market-data""),updateNexusMarketDataSettings:async e=>t(""/api/settings/nexus-market-data"",{method:""PUT"",body:JSON.stringify({nexus_market_data_enabled:e})}),getBackfillStatus:async e=>t(""/api/settings/symbols/backfill/"".concat(e)),retryBackfill:async e=>t(""/api/settings/symbols/retry-b"
bundles/988-7c66963a05bdd0b2.js,1,/api/,"ertsGlobalSettings:async()=>t(""/api/settings/alerts-global""),updateAlertsGlobalSettings:async e=>t(""/api/settings/alerts-global"",{method:""PUT"",body:JSON.stringify({alerts_enabled:e})}),getNexusMarketDataSettings:async()=>t(""/api/settings/nexus-market-data""),updateNexusMarketDataSettings:async e=>t(""/api/settings/nexus-market-data"",{method:""PUT"",body:JSON.stringify({nexus_market_data_enabled:e})}),getBackfillStatus:async e=>t(""/api/settings/symbols/backfill/"".concat(e)),retryBackfill:async e=>t(""/api/settings/symbols/retry-backfill/"".concat(e),{method:""POST""}),forceBackfill:async(e,a)=>t(""/api/setti"
bundles/988-7c66963a05bdd0b2.js,1,/api/,"method:""PUT"",body:JSON.stringify({alerts_enabled:e})}),getNexusMarketDataSettings:async()=>t(""/api/settings/nexus-market-data""),updateNexusMarketDataSettings:async e=>t(""/api/settings/nexus-market-data"",{method:""PUT"",body:JSON.stringify({nexus_market_data_enabled:e})}),getBackfillStatus:async e=>t(""/api/settings/symbols/backfill/"".concat(e)),retryBackfill:async e=>t(""/api/settings/symbols/retry-backfill/"".concat(e),{method:""POST""}),forceBackfill:async(e,a)=>t(""/api/settings/symbols/force-backfill/"".concat(e),{method:""POST"",body:JSON.stringify({backfill_days:a})})},watchlistAPI:{getWatchlists:async("
bundles/988-7c66963a05bdd0b2.js,1,/api/,"ataSettings:async()=>t(""/api/settings/nexus-market-data""),updateNexusMarketDataSettings:async e=>t(""/api/settings/nexus-market-data"",{method:""PUT"",body:JSON.stringify({nexus_market_data_enabled:e})}),getBackfillStatus:async e=>t(""/api/settings/symbols/backfill/"".concat(e)),retryBackfill:async e=>t(""/api/settings/symbols/retry-backfill/"".concat(e),{method:""POST""}),forceBackfill:async(e,a)=>t(""/api/settings/symbols/force-backfill/"".concat(e),{method:""POST"",body:JSON.stringify({backfill_days:a})})},watchlistAPI:{getWatchlists:async()=>t(""/api/watchlists""),createWatchlist:async e=>t(""/api/watchlists"",{"
bundles/988-7c66963a05bdd0b2.js,1,/api/,"=>t(""/api/settings/nexus-market-data"",{method:""PUT"",body:JSON.stringify({nexus_market_data_enabled:e})}),getBackfillStatus:async e=>t(""/api/settings/symbols/backfill/"".concat(e)),retryBackfill:async e=>t(""/api/settings/symbols/retry-backfill/"".concat(e),{method:""POST""}),forceBackfill:async(e,a)=>t(""/api/settings/symbols/force-backfill/"".concat(e),{method:""POST"",body:JSON.stringify({backfill_days:a})})},watchlistAPI:{getWatchlists:async()=>t(""/api/watchlists""),createWatchlist:async e=>t(""/api/watchlists"",{method:""POST"",body:JSON.stringify(e)}),updateWatchlist:async(e,a)=>t(""/api/watchlists/"".concat("
bundles/988-7c66963a05bdd0b2.js,1,/api/,"gs/symbols/backfill/"".concat(e)),retryBackfill:async e=>t(""/api/settings/symbols/retry-backfill/"".concat(e),{method:""POST""}),forceBackfill:async(e,a)=>t(""/api/settings/symbols/force-backfill/"".concat(e),{method:""POST"",body:JSON.stringify({backfill_days:a})})},watchlistAPI:{getWatchlists:async()=>t(""/api/watchlists""),createWatchlist:async e=>t(""/api/watchlists"",{method:""POST"",body:JSON.stringify(e)}),updateWatchlist:async(e,a)=>t(""/api/watchlists/"".concat(e),{method:""PUT"",body:JSON.stringify(a)}),deleteWatchlist:async e=>t(""/api/watchlists/"".concat(e),{method:""DELETE""}),getFavorites:async()=>t(""/api"
bundles/988-7c66963a05bdd0b2.js,1,/api/,":async e=>t(""/api/settings/symbols/retry-backfill/"".concat(e),{method:""POST""}),forceBackfill:async(e,a)=>t(""/api/settings/symbols/force-backfill/"".concat(e),{method:""POST"",body:JSON.stringify({backfill_days:a})})},watchlistAPI:{getWatchlists:async()=>t(""/api/watchlists""),createWatchlist:async e=>t(""/api/watchlists"",{method:""POST"",body:JSON.stringify(e)}),updateWatchlist:async(e,a)=>t(""/api/watchlists/"".concat(e),{method:""PUT"",body:JSON.stringify(a)}),deleteWatchlist:async e=>t(""/api/watchlists/"".concat(e),{method:""DELETE""}),getFavorites:async()=>t(""/api/favorites""),addFavorite:async e=>t(""/api/favo"
bundles/988-7c66963a05bdd0b2.js,1,/api/,"fill:async(e,a)=>t(""/api/settings/symbols/force-backfill/"".concat(e),{method:""POST"",body:JSON.stringify({backfill_days:a})})},watchlistAPI:{getWatchlists:async()=>t(""/api/watchlists""),createWatchlist:async e=>t(""/api/watchlists"",{method:""POST"",body:JSON.stringify(e)}),updateWatchlist:async(e,a)=>t(""/api/watchlists/"".concat(e),{method:""PUT"",body:JSON.stringify(a)}),deleteWatchlist:async e=>t(""/api/watchlists/"".concat(e),{method:""DELETE""}),getFavorites:async()=>t(""/api/favorites""),addFavorite:async e=>t(""/api/favorites/"".concat(e),{method:""POST""}),removeFavorite:async e=>t(""/api/favorites/"".concat(e)"
bundles/988-7c66963a05bdd0b2.js,1,/api/,"tringify({backfill_days:a})})},watchlistAPI:{getWatchlists:async()=>t(""/api/watchlists""),createWatchlist:async e=>t(""/api/watchlists"",{method:""POST"",body:JSON.stringify(e)}),updateWatchlist:async(e,a)=>t(""/api/watchlists/"".concat(e),{method:""PUT"",body:JSON.stringify(a)}),deleteWatchlist:async e=>t(""/api/watchlists/"".concat(e),{method:""DELETE""}),getFavorites:async()=>t(""/api/favorites""),addFavorite:async e=>t(""/api/favorites/"".concat(e),{method:""POST""}),removeFavorite:async e=>t(""/api/favorites/"".concat(e),{method:""DELETE""})},healthAPI:{checkHealth:async()=>{try{return await t(""/api/health""),!0}catc"
bundles/988-7c66963a05bdd0b2.js,1,/api/,"api/watchlists""),createWatchlist:async e=>t(""/api/watchlists"",{method:""POST"",body:JSON.stringify(e)}),updateWatchlist:async(e,a)=>t(""/api/watchlists/"".concat(e),{method:""PUT"",body:JSON.stringify(a)}),deleteWatchlist:async e=>t(""/api/watchlists/"".concat(e),{method:""DELETE""}),getFavorites:async()=>t(""/api/favorites""),addFavorite:async e=>t(""/api/favorites/"".concat(e),{method:""POST""}),removeFavorite:async e=>t(""/api/favorites/"".concat(e),{method:""DELETE""})},healthAPI:{checkHealth:async()=>{try{return await t(""/api/health""),!0}catch(t){return!1}}},statusNotificationsAPI:{getNotifications:async()=>{try{"
bundles/988-7c66963a05bdd0b2.js,1,/api/,">t(""/api/watchlists"",{method:""POST"",body:JSON.stringify(e)}),updateWatchlist:async(e,a)=>t(""/api/watchlists/"".concat(e),{method:""PUT"",body:JSON.stringify(a)}),deleteWatchlist:async e=>t(""/api/watchlists/"".concat(e),{method:""DELETE""}),getFavorites:async()=>t(""/api/favorites""),addFavorite:async e=>t(""/api/favorites/"".concat(e),{method:""POST""}),removeFavorite:async e=>t(""/api/favorites/"".concat(e),{method:""DELETE""})},healthAPI:{checkHealth:async()=>{try{return await t(""/api/health""),!0}catch(t){return!1}}},statusNotificationsAPI:{getNotifications:async()=>{try{return await t(""/api/status-notifications"
bundles/988-7c66963a05bdd0b2.js,1,/api/,"hlist:async(e,a)=>t(""/api/watchlists/"".concat(e),{method:""PUT"",body:JSON.stringify(a)}),deleteWatchlist:async e=>t(""/api/watchlists/"".concat(e),{method:""DELETE""}),getFavorites:async()=>t(""/api/favorites""),addFavorite:async e=>t(""/api/favorites/"".concat(e),{method:""POST""}),removeFavorite:async e=>t(""/api/favorites/"".concat(e),{method:""DELETE""})},healthAPI:{checkHealth:async()=>{try{return await t(""/api/health""),!0}catch(t){return!1}}},statusNotificationsAPI:{getNotifications:async()=>{try{return await t(""/api/status-notifications"")}catch(t){if(t instanceof Error&&""status""in t&&404===t.status)return{"
bundles/988-7c66963a05bdd0b2.js,1,/api/,"ist:async e=>t(""/api/watchlists/"".concat(e),{method:""DELETE""}),getFavorites:async()=>t(""/api/favorites""),addFavorite:async e=>t(""/api/favorites/"".concat(e),{method:""POST""}),removeFavorite:async e=>t(""/api/favorites/"".concat(e),{method:""DELETE""})},healthAPI:{checkHealth:async()=>{try{return await t(""/api/health""),!0}catch(t){return!1}}},statusNotificationsAPI:{getNotifications:async()=>{try{return await t(""/api/status-notifications"")}catch(t){if(t instanceof Error&&""status""in t&&404===t.status)return{notifications:[]};throw t}},createNotification:async e=>t(""/api/status-notifications"",{method:""POST"""
bundles/988-7c66963a05bdd0b2.js,1,/api/,"avorite:async e=>t(""/api/favorites/"".concat(e),{method:""POST""}),removeFavorite:async e=>t(""/api/favorites/"".concat(e),{method:""DELETE""})},healthAPI:{checkHealth:async()=>{try{return await t(""/api/health""),!0}catch(t){return!1}}},statusNotificationsAPI:{getNotifications:async()=>{try{return await t(""/api/status-notifications"")}catch(t){if(t instanceof Error&&""status""in t&&404===t.status)return{notifications:[]};throw t}},createNotification:async e=>t(""/api/status-notifications"",{method:""POST"",body:JSON.stringify(e)}),deleteNotification:async e=>t(""/api/status-notifications/"".concat(e),{method:""DELET"
bundles/988-7c66963a05bdd0b2.js,1,/api/,"ealth:async()=>{try{return await t(""/api/health""),!0}catch(t){return!1}}},statusNotificationsAPI:{getNotifications:async()=>{try{return await t(""/api/status-notifications"")}catch(t){if(t instanceof Error&&""status""in t&&404===t.status)return{notifications:[]};throw t}},createNotification:async e=>t(""/api/status-notifications"",{method:""POST"",body:JSON.stringify(e)}),deleteNotification:async e=>t(""/api/status-notifications/"".concat(e),{method:""DELETE""})}}),[t])}},52777:(t,e,a)=>{a.d(e,{h:()=>y});var r=a(25959),s=a(89863),n=a(5923),i=a(58752),o=a(82514),l=a(81907);function c(t,e,a){let r=arguments.leng"
bundles/988-7c66963a05bdd0b2.js,1,/api/,"getNotifications:async()=>{try{return await t(""/api/status-notifications"")}catch(t){if(t instanceof Error&&""status""in t&&404===t.status)return{notifications:[]};throw t}},createNotification:async e=>t(""/api/status-notifications"",{method:""POST"",body:JSON.stringify(e)}),deleteNotification:async e=>t(""/api/status-notifications/"".concat(e),{method:""DELETE""})}}),[t])}},52777:(t,e,a)=>{a.d(e,{h:()=>y});var r=a(25959),s=a(89863),n=a(5923),i=a(58752),o=a(82514),l=a(81907);function c(t,e,a){let r=arguments.length>3&&void 0!==arguments[3]?arguments[3]:0,[s,i,o]=t.split(""-"").map(Number),l=new Date(s,i-1,o,e,a"
bundles/988-7c66963a05bdd0b2.js,1,/api/,"),a=t.code||a}catch(t){e=r.trim()}}catch(t){}throw new n(e,t.status,a)}return await t.json()}catch(t){if(t instanceof n)throw t;throw new n(""Network error: "".concat(t instanceof Error?t.message:""Unknown error""),0)}}async function o(t,e){try{var a;let r=await t();if(!r)return null;let s=await fetch(""/api/sse/ticket"",{method:""POST"",headers:{Authorization:""Bearer "".concat(r)},signal:e});if(!s.ok)return null;return null!=(a=(await s.json()).ticket)?a:null}catch(t){return null}}function l(t){return async function(e){let a=arguments.length>1&&void 0!==arguments[1]?arguments[1]:{},r={};if(t)try{let e=awai"
bundles/988-7c66963a05bdd0b2.js,1,flowseeker,",chartLayouts:{all:[""chart-layouts""],list:()=>[...s.chartLayouts.all,""list""]},health:{all:[""health""],status:()=>[...s.health.all,""status""]},statusNotifications:{all:[""status-notifications""],list:()=>[""status-notifications"",""list""]},megaphone:{all:[""megaphone""],webhooks:()=>[""megaphone"",""webhooks""]},flowseeker:{all:[""flowseeker""],screener:{all:[""flowseeker"",""screener""],daily:t=>[""flowseeker"",""screener"",""daily"",t],scoped:(t,e)=>[""flowseeker"",""screener"",t,e]}}}}}]);"
bundles/988-7c66963a05bdd0b2.js,1,flowseeker,":[""chart-layouts""],list:()=>[...s.chartLayouts.all,""list""]},health:{all:[""health""],status:()=>[...s.health.all,""status""]},statusNotifications:{all:[""status-notifications""],list:()=>[""status-notifications"",""list""]},megaphone:{all:[""megaphone""],webhooks:()=>[""megaphone"",""webhooks""]},flowseeker:{all:[""flowseeker""],screener:{all:[""flowseeker"",""screener""],daily:t=>[""flowseeker"",""screener"",""daily"",t],scoped:(t,e)=>[""flowseeker"",""screener"",t,e]}}}}}]);"
bundles/988-7c66963a05bdd0b2.js,1,flowseeker,"...s.chartLayouts.all,""list""]},health:{all:[""health""],status:()=>[...s.health.all,""status""]},statusNotifications:{all:[""status-notifications""],list:()=>[""status-notifications"",""list""]},megaphone:{all:[""megaphone""],webhooks:()=>[""megaphone"",""webhooks""]},flowseeker:{all:[""flowseeker""],screener:{all:[""flowseeker"",""screener""],daily:t=>[""flowseeker"",""screener"",""daily"",t],scoped:(t,e)=>[""flowseeker"",""screener"",t,e]}}}}}]);"
bundles/988-7c66963a05bdd0b2.js,1,flowseeker,"th:{all:[""health""],status:()=>[...s.health.all,""status""]},statusNotifications:{all:[""status-notifications""],list:()=>[""status-notifications"",""list""]},megaphone:{all:[""megaphone""],webhooks:()=>[""megaphone"",""webhooks""]},flowseeker:{all:[""flowseeker""],screener:{all:[""flowseeker"",""screener""],daily:t=>[""flowseeker"",""screener"",""daily"",t],scoped:(t,e)=>[""flowseeker"",""screener"",t,e]}}}}}]);"
bundles/988-7c66963a05bdd0b2.js,1,flowseeker,"atus""]},statusNotifications:{all:[""status-notifications""],list:()=>[""status-notifications"",""list""]},megaphone:{all:[""megaphone""],webhooks:()=>[""megaphone"",""webhooks""]},flowseeker:{all:[""flowseeker""],screener:{all:[""flowseeker"",""screener""],daily:t=>[""flowseeker"",""screener"",""daily"",t],scoped:(t,e)=>[""flowseeker"",""screener"",t,e]}}}}}]);"
bundles/7945-f6d188ac1d59a0f4.js,1,Heatseeker,"""use strict"";(self.webpackChunk_N_E=self.webpackChunk_N_E||[]).push([[7945],{15962:(e,t,a)=>{a.d(t,{u:()=>o});var n=a(95155),r=a(99708),l=a(8198),s=a(3998),i=a(6582);function o(e){let{title:t,description:a,children:o}=e,{canAccessHeatseeker:c,external:d,href:u,isCommunityOnly:m,isLoading:f,label:x}=(0,i.W)();return f?null:c?(0,n.jsx)(n.Fragment,{children:o}):(0,n.jsx)(""div"",{className:""flex items-center justify-center h-[calc(100vh-120px)] px-4"",children:(0,n.jsxs)(""div"",{className:""max-w-md rounded-2xl border border-border bg-card/80"
bundles/7945-f6d188ac1d59a0f4.js,1,Heatseeker,"className:""mx-auto mb-4 flex h-12 w-12 items-center justify-center rounded-full bg-muted"",children:(0,n.jsx)(r.A,{className:""h-6 w-6 text-muted-foreground""})}),(0,n.jsxs)(""div"",{className:""space-y-2"",children:[(0,n.jsx)(""h2"",{className:""text-xl font-semibold text-foreground"",children:m?t:""No active Heatseeker membership""}),(0,n.jsx)(""p"",{className:""text-sm text-muted-foreground"",children:m?a:""This membership is canceled, so Heatseeker access has ended. Choose a plan to regain access.""})]}),(0,n.jsx)(""div"",{className:""mt-6"",children:(0,n.jsx)(s.$,{asChild:!0,size:""lg"",children:(0,n.jsxs)(""a"",{href:u,targ"
bundles/7945-f6d188ac1d59a0f4.js,1,Heatseeker," w-6 text-muted-foreground""})}),(0,n.jsxs)(""div"",{className:""space-y-2"",children:[(0,n.jsx)(""h2"",{className:""text-xl font-semibold text-foreground"",children:m?t:""No active Heatseeker membership""}),(0,n.jsx)(""p"",{className:""text-sm text-muted-foreground"",children:m?a:""This membership is canceled, so Heatseeker access has ended. Choose a plan to regain access.""})]}),(0,n.jsx)(""div"",{className:""mt-6"",children:(0,n.jsx)(s.$,{asChild:!0,size:""lg"",children:(0,n.jsxs)(""a"",{href:u,target:d?""_blank"":void 0,rel:d?""noopener noreferrer"":void 0,children:[(0,n.jsx)(l.A,{className:""mr-2 h-4 w-4""}),x]})})})]})})}},1879"
bundles/5168-9901aec5fd79d4ae.js,1,/api/,"(t.headers);n&&r.set(""Authorization"",""Bearer "".concat(n));let o=await fetch(e,{...t,headers:r});if(!o.ok){let e=await o.json().catch(()=>({message:o.statusText}));throw new s(e.message||e.error||""Request failed"",o.status,e.code)}return o}async function d(e,t){let n=l(e||{}),r=await c("""".concat(a(),""/api/alerts"").concat(n),{},t),o=await r.json();return o.alerts&&Array.isArray(o.alerts)&&(o.alerts=o.alerts.map(e=>{var t,n,r;let o=e.proximity_settings;e.threshold&&(o={distance_points:null!==e.threshold.points&&void 0!==e.threshold.points?e.threshold.points:void 0,distance_percent:null!==e.threshold.pe"
bundles/5168-9901aec5fd79d4ae.js,1,/api/,"ull==(s=e.debounce_settings)?void 0:s.debounce_seconds),expiration_range:e.expiration_range||1,significant_node_count:e.significant_node_count||5,custom_node_config:e.custom_node_config,webhook_url:e.webhook_url};return Object.keys(l).forEach(e=>{void 0===l[e]&&delete l[e]}),(await c("""".concat(a(),""/api/alerts""),{method:""POST"",headers:{""Content-Type"":""application/json""},body:JSON.stringify(l)},t)).json()}async function _(e,t,n){var r,o;let s={};if(t.scope?s.scope=t.scope:t.ticker&&(s.scope={type:""ticker"",ticker_id:t.ticker}),void 0!==t.name&&(s.name=t.name),void 0===t.label||t.name||(s.name=t.label"
bundles/5168-9901aec5fd79d4ae.js,1,/api/,"range),void 0!==t.significant_node_count&&(s.significant_node_count=t.significant_node_count),void 0!==t.webhook_url&&(s.webhook_url=t.webhook_url),console.log(""[alerts-api] updateAlert - frontend updates:"",t),console.log(""[alerts-api] updateAlert - backend payload:"",s);let l=await c("""".concat(a(),""/api/alerts?alert_id="").concat(e),{method:""PUT"",headers:{""Content-Type"":""application/json""},body:JSON.stringify(s)},n),d=await l.json();return console.log(""[alerts-api] updateAlert - backend response:"",d),d}async function g(e,t){await c("""".concat(a(),""/api/alerts?alert_id="").concat(e),{method:""DELETE""},t"
bundles/5168-9901aec5fd79d4ae.js,1,/api/,"ckend payload:"",s);let l=await c("""".concat(a(),""/api/alerts?alert_id="").concat(e),{method:""PUT"",headers:{""Content-Type"":""application/json""},body:JSON.stringify(s)},n),d=await l.json();return console.log(""[alerts-api] updateAlert - backend response:"",d),d}async function g(e,t){await c("""".concat(a(),""/api/alerts?alert_id="").concat(e),{method:""DELETE""},t)}async function p(e,t,n){let r=l({...e||{},pagination_token:n||void 0});return(await c("""".concat(a(),""/api/alert-events"").concat(r),{},t)).json()}async function h(e,t){return(await c("""".concat(a(),""/api/alerts/bulk""),{method:""POST"",headers:{""Content-T"
bundles/5168-9901aec5fd79d4ae.js,1,/api/,"ify(s)},n),d=await l.json();return console.log(""[alerts-api] updateAlert - backend response:"",d),d}async function g(e,t){await c("""".concat(a(),""/api/alerts?alert_id="").concat(e),{method:""DELETE""},t)}async function p(e,t,n){let r=l({...e||{},pagination_token:n||void 0});return(await c("""".concat(a(),""/api/alert-events"").concat(r),{},t)).json()}async function h(e,t){return(await c("""".concat(a(),""/api/alerts/bulk""),{method:""POST"",headers:{""Content-Type"":""application/json""},body:JSON.stringify(e)},t)).json()}async function v(e,t){return(await c("""".concat(a(),""/api/alerts/batch-update""),{method:""POST"",he"
bundles/5168-9901aec5fd79d4ae.js,1,/api/,",d}async function g(e,t){await c("""".concat(a(),""/api/alerts?alert_id="").concat(e),{method:""DELETE""},t)}async function p(e,t,n){let r=l({...e||{},pagination_token:n||void 0});return(await c("""".concat(a(),""/api/alert-events"").concat(r),{},t)).json()}async function h(e,t){return(await c("""".concat(a(),""/api/alerts/bulk""),{method:""POST"",headers:{""Content-Type"":""application/json""},body:JSON.stringify(e)},t)).json()}async function v(e,t){return(await c("""".concat(a(),""/api/alerts/batch-update""),{method:""POST"",headers:{""Content-Type"":""application/json""},body:JSON.stringify(e)},t)).json()}async function m(e,"
bundles/5168-9901aec5fd79d4ae.js,1,/api/,"void 0});return(await c("""".concat(a(),""/api/alert-events"").concat(r),{},t)).json()}async function h(e,t){return(await c("""".concat(a(),""/api/alerts/bulk""),{method:""POST"",headers:{""Content-Type"":""application/json""},body:JSON.stringify(e)},t)).json()}async function v(e,t){return(await c("""".concat(a(),""/api/alerts/batch-update""),{method:""POST"",headers:{""Content-Type"":""application/json""},body:JSON.stringify(e)},t)).json()}async function m(e,t){return(await c("""".concat(a(),""/api/alerts/smart-setup""),{method:""POST"",headers:{""Content-Type"":""application/json""},body:JSON.stringify(e)},t)).json()}let f={isLoa"
bundles/5168-9901aec5fd79d4ae.js,1,/api/,"ers:{""Content-Type"":""application/json""},body:JSON.stringify(e)},t)).json()}async function v(e,t){return(await c("""".concat(a(),""/api/alerts/batch-update""),{method:""POST"",headers:{""Content-Type"":""application/json""},body:JSON.stringify(e)},t)).json()}async function m(e,t){return(await c("""".concat(a(),""/api/alerts/smart-setup""),{method:""POST"",headers:{""Content-Type"":""application/json""},body:JSON.stringify(e)},t)).json()}let f={isLoading:!1,error:null,activeTab:""active"",selectedAlert:null,selectedEvent:null,alerts:[],events:[],statistics:null,authToken:null,eventsHasMore:!1,eventsPaginationToken:null,ev"
bundles/589c24b9-a5f0df66608c07b4.js,1,/api/,"d 0:t.profileAuth}}getHostUrl(){if(this.webUrl)return this.webUrl;if((t=>{let e=t.replace(""http://"","""").replace(""https://"","""").split(""/"")[0].split("":"")[0];return""localhost""===e||""127.0.0.1""===e||""::1""===e})(this.apiUrl))return this.webUrl=""http://localhost:3000"",this.webUrl;if(this.apiUrl.endsWith(""/api/v1""))return this.webUrl=this.apiUrl.replace(""/api/v1"",""""),this.webUrl;if(this.apiUrl.includes(""/api"")&&!this.apiUrl.split(""."",1)[0].endsWith(""api""))return this.webUrl=this.apiUrl.replace(""/api"",""""),this.webUrl;if(this.apiUrl.split(""."",1)[0].includes(""dev""))return this.webUrl=""https://dev.smith.langc"
bundles/589c24b9-a5f0df66608c07b4.js,1,/api/,"urn this.webUrl;if((t=>{let e=t.replace(""http://"","""").replace(""https://"","""").split(""/"")[0].split("":"")[0];return""localhost""===e||""127.0.0.1""===e||""::1""===e})(this.apiUrl))return this.webUrl=""http://localhost:3000"",this.webUrl;if(this.apiUrl.endsWith(""/api/v1""))return this.webUrl=this.apiUrl.replace(""/api/v1"",""""),this.webUrl;if(this.apiUrl.includes(""/api"")&&!this.apiUrl.split(""."",1)[0].endsWith(""api""))return this.webUrl=this.apiUrl.replace(""/api"",""""),this.webUrl;if(this.apiUrl.split(""."",1)[0].includes(""dev""))return this.webUrl=""https://dev.smith.langchain.com"",this.webUrl;else if(this.apiUrl.split(""."
bundles/8593-0b7dc0fa05075470.js,1,/api/,"ents/"".concat(e,""/setups""))}async enterSetup(e){return a.A.post(""/setups/"".concat(e,""/enter""))}async closeSetup(e,t,n){return a.A.post(""/setups/"".concat(e,""/close""),{exit_price:t,exit_reason:n})}async getIndexFlow(){return a.A.get(""/index-flow"")}}new i;class l{getWsUrl(){let e=""http://localhost:8000/api/v1"".replace(""http://"",""ws://"").replace(""https://"",""wss://""),t=a.A.getToken();return"""".concat(e,""/ws?token="").concat(t)}connect(){return this.connectionPromise||(this.connectionPromise=new Promise((e,t)=>{var n;if((null==(n=this.ws)?void 0:n.readyState)===WebSocket.OPEN)return void e();let a=this.get"
bundles/8593-0b7dc0fa05075470.js,1,WebSocket,"{getWsUrl(){let e=""http://localhost:8000/api/v1"".replace(""http://"",""ws://"").replace(""https://"",""wss://""),t=a.A.getToken();return"""".concat(e,""/ws?token="").concat(t)}connect(){return this.connectionPromise||(this.connectionPromise=new Promise((e,t)=>{var n;if((null==(n=this.ws)?void 0:n.readyState)===WebSocket.OPEN)return void e();let a=this.getWsUrl();this.ws=new WebSocket(a),this.ws.onopen=()=>{console.log(""WebSocket connected""),this.reconnectAttempts=0,this.subscriptions.forEach(e=>{this.sendSubscribe(e)}),e()},this.ws.onmessage=e=>{try{let t=JSON.parse(e.data);this.handleMessage(t)}catch(e){console.e"
bundles/8593-0b7dc0fa05075470.js,1,WebSocket,""",""ws://"").replace(""https://"",""wss://""),t=a.A.getToken();return"""".concat(e,""/ws?token="").concat(t)}connect(){return this.connectionPromise||(this.connectionPromise=new Promise((e,t)=>{var n;if((null==(n=this.ws)?void 0:n.readyState)===WebSocket.OPEN)return void e();let a=this.getWsUrl();this.ws=new WebSocket(a),this.ws.onopen=()=>{console.log(""WebSocket connected""),this.reconnectAttempts=0,this.subscriptions.forEach(e=>{this.sendSubscribe(e)}),e()},this.ws.onmessage=e=>{try{let t=JSON.parse(e.data);this.handleMessage(t)}catch(e){console.error(""Failed to parse WebSocket message:"",e)}},this.ws.onerror=e="
bundles/8593-0b7dc0fa05075470.js,1,WebSocket,"getToken();return"""".concat(e,""/ws?token="").concat(t)}connect(){return this.connectionPromise||(this.connectionPromise=new Promise((e,t)=>{var n;if((null==(n=this.ws)?void 0:n.readyState)===WebSocket.OPEN)return void e();let a=this.getWsUrl();this.ws=new WebSocket(a),this.ws.onopen=()=>{console.log(""WebSocket connected""),this.reconnectAttempts=0,this.subscriptions.forEach(e=>{this.sendSubscribe(e)}),e()},this.ws.onmessage=e=>{try{let t=JSON.parse(e.data);this.handleMessage(t)}catch(e){console.error(""Failed to parse WebSocket message:"",e)}},this.ws.onerror=e=>{console.error(""WebSocket error:"",e),t(e)},th"
bundles/8593-0b7dc0fa05075470.js,1,WebSocket,"let a=this.getWsUrl();this.ws=new WebSocket(a),this.ws.onopen=()=>{console.log(""WebSocket connected""),this.reconnectAttempts=0,this.subscriptions.forEach(e=>{this.sendSubscribe(e)}),e()},this.ws.onmessage=e=>{try{let t=JSON.parse(e.data);this.handleMessage(t)}catch(e){console.error(""Failed to parse WebSocket message:"",e)}},this.ws.onerror=e=>{console.error(""WebSocket error:"",e),t(e)},this.ws.onclose=()=>{console.log(""WebSocket disconnected""),this.connectionPromise=null,this.attemptReconnect()}})),this.connectionPromise}attemptReconnect(){if(this.reconnectAttempts>=this.maxReconnectAttempts)return void "
bundles/8593-0b7dc0fa05075470.js,1,WebSocket,"n=()=>{console.log(""WebSocket connected""),this.reconnectAttempts=0,this.subscriptions.forEach(e=>{this.sendSubscribe(e)}),e()},this.ws.onmessage=e=>{try{let t=JSON.parse(e.data);this.handleMessage(t)}catch(e){console.error(""Failed to parse WebSocket message:"",e)}},this.ws.onerror=e=>{console.error(""WebSocket error:"",e),t(e)},this.ws.onclose=()=>{console.log(""WebSocket disconnected""),this.connectionPromise=null,this.attemptReconnect()}})),this.connectionPromise}attemptReconnect(){if(this.reconnectAttempts>=this.maxReconnectAttempts)return void console.error(""Max reconnection attempts reached"");this.reco"
bundles/8593-0b7dc0fa05075470.js,1,WebSocket,"pts=0,this.subscriptions.forEach(e=>{this.sendSubscribe(e)}),e()},this.ws.onmessage=e=>{try{let t=JSON.parse(e.data);this.handleMessage(t)}catch(e){console.error(""Failed to parse WebSocket message:"",e)}},this.ws.onerror=e=>{console.error(""WebSocket error:"",e),t(e)},this.ws.onclose=()=>{console.log(""WebSocket disconnected""),this.connectionPromise=null,this.attemptReconnect()}})),this.connectionPromise}attemptReconnect(){if(this.reconnectAttempts>=this.maxReconnectAttempts)return void console.error(""Max reconnection attempts reached"");this.reconnectAttempts++;let e=this.reconnectDelay*Math.pow(2,this.rec"
bundles/8593-0b7dc0fa05075470.js,1,WebSocket,"e,""ms (attempt "").concat(this.reconnectAttempts,"")"")),setTimeout(()=>{this.connect().catch(console.error)},e)}handleMessage(e){let t=this.handlers.get(e.channel);t&&t.forEach(t=>t(e));let n=this.handlers.get(""*"");n&&n.forEach(t=>t(e))}sendSubscribe(e){var t;(null==(t=this.ws)?void 0:t.readyState)===WebSocket.OPEN&&this.ws.send(JSON.stringify({action:""subscribe"",channel:e}))}sendUnsubscribe(e){var t;(null==(t=this.ws)?void 0:t.readyState)===WebSocket.OPEN&&this.ws.send(JSON.stringify({action:""unsubscribe"",channel:e}))}subscribe(e,t){return this.subscriptions.add(e),this.handlers.has(e)||this.handlers.se"
bundles/8593-0b7dc0fa05075470.js,1,WebSocket,"rs.get(e.channel);t&&t.forEach(t=>t(e));let n=this.handlers.get(""*"");n&&n.forEach(t=>t(e))}sendSubscribe(e){var t;(null==(t=this.ws)?void 0:t.readyState)===WebSocket.OPEN&&this.ws.send(JSON.stringify({action:""subscribe"",channel:e}))}sendUnsubscribe(e){var t;(null==(t=this.ws)?void 0:t.readyState)===WebSocket.OPEN&&this.ws.send(JSON.stringify({action:""unsubscribe"",channel:e}))}subscribe(e,t){return this.subscriptions.add(e),this.handlers.has(e)||this.handlers.set(e,new Set),this.handlers.get(e).add(t),this.sendSubscribe(e),()=>{let n=this.handlers.get(e);n&&(n.delete(t),0===n.size&&(this.handlers.delete"
bundles/8593-0b7dc0fa05075470.js,1,WebSocket,"beToIndexFlow(e){return this.subscribe(""index:flow"",e)}subscribeToAll(e){return this.subscribe(""*"",e)}disconnect(){this.ws&&(this.ws.close(),this.ws=null),this.connectionPromise=null,this.handlers.clear(),this.subscriptions.clear()}isConnected(){var e;return(null==(e=this.ws)?void 0:e.readyState)===WebSocket.OPEN}constructor(){this.ws=null,this.reconnectAttempts=0,this.maxReconnectAttempts=5,this.reconnectDelay=1e3,this.handlers=new Map,this.subscriptions=new Set,this.connectionPromise=null}}new l,n(11412),n(28511),n(64144),n(22034);class c{async getConsensus(e){try{let t=new URLSearchParams;(null==e?v"
bundles/8593-0b7dc0fa05075470.js,1,Gatekeeper,"Support"":""Resistance"","" at "").concat(i.toFixed(2),"" with "").concat(o,""% confidence""),confidence:o,data:{direction:r?""BULLISH"":""BEARISH"",entryPrice:i,stopLoss:r?.995*i:1.005*i,targets:[{price:r?1.01*i:.99*i,percent:1},{price:r?1.02*i:.98*i,percent:2}],riskReward:2.5+2*Math.random(),nodeType:[""King"",""Gatekeeper"",""Pika""][Math.floor(3*Math.random())],score:o},timestamp:new Date().toISOString()})}return a.sort((e,t)=>t.confidence-e.confidence)}async cancelExecution(e){let t=this.activeExecutions.get(e);if(t&&""running""===t.status){let n={...t,status:""cancelled"",completedAt:new Date().toISOString()};this.activ"
bundles/8593-0b7dc0fa05075470.js,1,gatekeeper,",skillId:a[Math.floor(Math.random()*a.length)],agentId:e,status:""completed"",startedAt:new Date(t).toISOString(),completedAt:new Date(t+r).toISOString(),duration:r,resultsCount:Math.floor(5*Math.random())+1,parameters:{mode:""FULL"",minRiskReward:3,minScore:70,directions:""BOTH"",entryNodeTypes:[""king"",""gatekeeper""],requireVoidZone:!0,minVoidPercent:2}})}return n}async scheduleSkill(e){try{await a.A.post(""/skills/schedule"",e)}catch(t){console.log(""Schedule saved locally:"",e)}}async updateSchedule(e,t,n){try{await a.A.put(""/agents/"".concat(e,""/skills/"").concat(t,""/schedule""),n)}catch(a){console.log(""Schedule "
bundles/8593-0b7dc0fa05075470.js,1,EventSource,"t=null),g.current&&(clearTimeout(g.current),g.current=null),m.current&&(clearInterval(m.current),m.current=null)},[]),x=(0,a.useCallback)(async()=>{if(!t||!n)return;b();let e=null;try{e=await y()}catch(t){e=null}if(!e)return void u(e=>({...e,connected:!1,error:""Authentication required""}));let a=new EventSource((0,r.A0)(t,e));for(let e of(d.current=a,a.onopen=()=>{h.current=Date.now(),u({connected:!0,error:null,reconnectAttempts:0})},o))a.addEventListener(e,t=>{h.current=Date.now();try{let e=JSON.parse(t.data);f.current(e)}catch(t){console.warn(""[Stage SSE] Failed to parse "".concat(e,"" event:""),t)}});a.ad"
bundles/8593-0b7dc0fa05075470.js,1,Gatekeeper,"support or resistance. In this case, the put concentration at 5850 means dealers are likely long puts, which creates natural buying pressure as they delta hedge. This mechanical flow tends to provide support."":t.includes(""nvda"")||t.includes(""nvidia"")?""NVDA is showing an interesting setup. There's a Gatekeeper node forming at $140 with significant call open interest. The stock has been consolidating, and the GEX profile suggests a potential breakout above $145 could trigger dealer-driven acceleration. However, the $138 level has substantial put support that should hold on pullbacks. R:R looks favorable f"
bundles/181-88cba17a6dc8c325.js,1,armed,"let r,i=e.strike>t==e.exposure>0?""falling"":""rising"";return r=""flat""===n.direction?""waiting on a "".concat(i,"" VIX move (currently flat)""):""unknown""===n.direction?""arms on "".concat(i,"" VIX (regime unavailable)""):n.direction===i?""arms on "".concat(i,"" VIX""):""contradicted (VIX "".concat(n.direction,"")""),{armed:n.direction===i,condition:r}}var b=n(89280),v=n(58175);let x=[""no_lifecycle"",""no_exit"",""no_vol_regime""],E=e=>Math.round(100*e)/100,M=e=>Math.round(10*e)/10,w=e=>e.currentSpot||e.CurrentSpot||0;function _(e,t,n,r){return{symbol:e,timeframe:t,spot:n,asOf:r,snapshotKey:r,source:""fallback"",degraded:x,b"
bundles/181-88cba17a6dc8c325.js,1,Armed,"r.exposure)&&(r=e);return r.strike>t?""bull"":""bear""}(c,n)}}(t,n,P,a),Y=$.filter(e=>e.strike>P),Z=$.filter(e=>e.strike<P),ee=function(e,t){let n=u(e);if(!n)return null;let r=!1;return n.strike>t?r=n.exposure<0:n.strike<t&&(r=n.exposure>0),{node:n,isBarrier:r}}($,P),et=ee&&!ee.isBarrier?{...ee.node,volArmed:!1,armCondition:k(ee.node,P,m).condition}:null,en={directionSource:""vex"",candidate:null!=et,candidateTarget:et,degraded:x};if(Q&&Math.abs(Q.strike-P)<=C){let e={direction:""neutral"",regime:q,behavior:U};if(""NEGATIVE_GEX""===q){let t=null!=(G=null!=(y=L[0])?y:W[0])?G:Q;return{...F,...en,bias:e,confide"
bundles/181-88cba17a6dc8c325.js,1,armed,"tionSource:""vex"",candidate:!1,mode:""balanced"",detail:""VEX direction without a reachable dated target""};let eu=s(B,H,P),es=c(B,H,P,Q?Math.abs(Q.exposure):0);if(!eu||!es)return{...F,bias:ei,degraded:x,directionSource:""vex"",candidate:!1,mode:""balanced"",detail:""no near-GEX entry/gamma-target pair""};let{armed:ec,condition:ed}=k(eo,P,m),ef=d(eo,P),eg=ec&&!ef,ep={...eo,volArmed:ec,armCondition:ed},eh=eg?eo:es;return function(e){let{b:t,bias:n,entry:r,spot:i,delta:l,gammaTarget:a,candidateTarget:o,rewardNode:u,targetSource:s,route:c,nearGex:d,regime:m,config:k}=e,b=""bull""===n.direction?1:-1,v=E(r.strike-b*"
bundles/181-88cba17a6dc8c325.js,1,Armed,"without a reachable dated target""};let eu=s(B,H,P),es=c(B,H,P,Q?Math.abs(Q.exposure):0);if(!eu||!es)return{...F,bias:ei,degraded:x,directionSource:""vex"",candidate:!1,mode:""balanced"",detail:""no near-GEX entry/gamma-target pair""};let{armed:ec,condition:ed}=k(eo,P,m),ef=d(eo,P),eg=ec&&!ef,ep={...eo,volArmed:ec,armCondition:ed},eh=eg?eo:es;return function(e){let{b:t,bias:n,entry:r,spot:i,delta:l,gammaTarget:a,candidateTarget:o,rewardNode:u,targetSource:s,route:c,nearGex:d,regime:m,config:k}=e,b=""bull""===n.direction?1:-1,v=E(r.strike-b*(l+.2*l*(""POSITIVE_GEX""===m?1.5:""NEGATIVE_GEX""===m?.5:1))),w=""bull""="
bundles/181-88cba17a6dc8c325.js,1,Armed,"et pair on the tradeable side""};let Z=(0,r.wJ)(null!=(I=null==t?void 0:t.expirations)?I:[],C.vex,o),ee=t&&Z.length?(0,l.tp)(t,Z,N,""vanna"",O,o):[],et=(0,l.pe)(ee,V.significance),en=function(e,t,n){if(""neutral""===t)return null;let r=""bull""===t?1:-1,i=u(e.filter(e=>r*(e.strike-n)>0));return i?{...i,volArmed:!1,armCondition:""bull""===t?""arms on falling VIX (+VEX above)"":""arms on rising VIX (downside VEX)""}:null}(et,$.direction,N),er=et[0];if(er&&(""bull""===$.direction||""bear""===$.direction)){let e=(""bull""===$.direction?1:-1)*(er.strike-N)<0,t=en?Math.abs(en.exposure):0;if(e&&Math.abs(er.exposure)>=1.5*t)"
bundles/5368-05ddc984de4127bf.js,1,gatekeeper,".value).slice(0,3).forEach(e=>i.set(e.key,""pika"")),l.filter(e=>e.value<0&&!i.has(e.key)).sort((e,t)=>e.value-t.value).slice(0,3).forEach(e=>i.set(e.key,""barney"")),l.filter(e=>!i.has(e.key)&&Math.abs(e.value)>=.25*s).sort((e,t)=>Math.abs(t.value)-Math.abs(e.value)).slice(0,3).forEach(e=>i.set(e.key,""gatekeeper""));let c={king:[],pika:[],barney:[],gatekeeper:[]};return i.forEach((e,t)=>{e&&c[e].push(t)}),{roleOf:(e,t)=>{var r;return null!=(r=i.get(o(e,t)))?r:null},cellsOf:e=>{var t;return null!=(t=c[e])?t:[]}}}let i={king:{label:""King"",nodeType:""King""},pika:{label:""Pika"",nodeType:""Pika""},barney:{label:""Bar"
bundles/5368-05ddc984de4127bf.js,1,gatekeeper,""")),l.filter(e=>e.value<0&&!i.has(e.key)).sort((e,t)=>e.value-t.value).slice(0,3).forEach(e=>i.set(e.key,""barney"")),l.filter(e=>!i.has(e.key)&&Math.abs(e.value)>=.25*s).sort((e,t)=>Math.abs(t.value)-Math.abs(e.value)).slice(0,3).forEach(e=>i.set(e.key,""gatekeeper""));let c={king:[],pika:[],barney:[],gatekeeper:[]};return i.forEach((e,t)=>{e&&c[e].push(t)}),{roleOf:(e,t)=>{var r;return null!=(r=i.get(o(e,t)))?r:null},cellsOf:e=>{var t;return null!=(t=c[e])?t:[]}}}let i={king:{label:""King"",nodeType:""King""},pika:{label:""Pika"",nodeType:""Pika""},barney:{label:""Barney"",nodeType:""Barney""},gatekeeper:{label:""Gate"
bundles/5368-05ddc984de4127bf.js,1,gatekeeper,"[],barney:[],gatekeeper:[]};return i.forEach((e,t)=>{e&&c[e].push(t)}),{roleOf:(e,t)=>{var r;return null!=(r=i.get(o(e,t)))?r:null},cellsOf:e=>{var t;return null!=(t=c[e])?t:[]}}}let i={king:{label:""King"",nodeType:""King""},pika:{label:""Pika"",nodeType:""Pika""},barney:{label:""Barney"",nodeType:""Barney""},gatekeeper:{label:""Gatekeeper"",nodeType:""Gatekeeper""}}},73273:(e,t,r)=>{r.d(t,{O:()=>N});var n=r(95155),o=r(12115),l=r(47650),i=r(85998),a=r(18720),s=r(55485),c=r(64300),d=r(65229),u=r(94266),p=r(71360),f=r(24033),h=r(50906),m=r(57828),x=r(70532),g=r(70130),y=r(29524),b=r(70100),v=r(75420),k=r(12495);let j=y."
bundles/5368-05ddc984de4127bf.js,1,Gatekeeper,"eper:[]};return i.forEach((e,t)=>{e&&c[e].push(t)}),{roleOf:(e,t)=>{var r;return null!=(r=i.get(o(e,t)))?r:null},cellsOf:e=>{var t;return null!=(t=c[e])?t:[]}}}let i={king:{label:""King"",nodeType:""King""},pika:{label:""Pika"",nodeType:""Pika""},barney:{label:""Barney"",nodeType:""Barney""},gatekeeper:{label:""Gatekeeper"",nodeType:""Gatekeeper""}}},73273:(e,t,r)=>{r.d(t,{O:()=>N});var n=r(95155),o=r(12115),l=r(47650),i=r(85998),a=r(18720),s=r(55485),c=r(64300),d=r(65229),u=r(94266),p=r(71360),f=r(24033),h=r(50906),m=r(57828),x=r(70532),g=r(70130),y=r(29524),b=r(70100),v=r(75420),k=r(12495);let j=y.Il.font.ui,w=y.Il.f"
bundles/5368-05ddc984de4127bf.js,1,Gatekeeper,"ach((e,t)=>{e&&c[e].push(t)}),{roleOf:(e,t)=>{var r;return null!=(r=i.get(o(e,t)))?r:null},cellsOf:e=>{var t;return null!=(t=c[e])?t:[]}}}let i={king:{label:""King"",nodeType:""King""},pika:{label:""Pika"",nodeType:""Pika""},barney:{label:""Barney"",nodeType:""Barney""},gatekeeper:{label:""Gatekeeper"",nodeType:""Gatekeeper""}}},73273:(e,t,r)=>{r.d(t,{O:()=>N});var n=r(95155),o=r(12115),l=r(47650),i=r(85998),a=r(18720),s=r(55485),c=r(64300),d=r(65229),u=r(94266),p=r(71360),f=r(24033),h=r(50906),m=r(57828),x=r(70532),g=r(70130),y=r(29524),b=r(70100),v=r(75420),k=r(12495);let j=y.Il.font.ui,w=y.Il.font.mono,M=""#22C55E"",S"
bundles/5368-05ddc984de4127bf.js,1,gatekeeper,"return!1;if(""spot""===t){let t=o(e);if(-1!==t)return a(t)}else{let t=n(e);if(t)return a(t.strikeIndex);{let t=o(e);if(-1!==t)return a(t)}}return!1}r.d(t,{H:()=>i,L9:()=>o,cv:()=>s,it:()=>n,qh:()=>l})},75420:(e,t,r)=>{r.d(t,{dn:()=>l,gu:()=>s,l_:()=>a,wy:()=>i});let n=new Set([""king"",""pika"",""barney"",""gatekeeper""]),o=new Set([""king"",""gatekeeper""]);function l(e){return!1!==e.enabled&&!e.muted}function i(e,t){var r,n;let o=t.toUpperCase();if(e.ticker&&e.ticker.toUpperCase()===o)return!0;let l=e.scope;return!!l&&!!(""ticker""===l.type&&(null==(r=l.ticker_id)?void 0:r.toUpperCase())===o||""global""===l.type&&(null"
bundles/5368-05ddc984de4127bf.js,1,gatekeeper,");if(-1!==t)return a(t)}else{let t=n(e);if(t)return a(t.strikeIndex);{let t=o(e);if(-1!==t)return a(t)}}return!1}r.d(t,{H:()=>i,L9:()=>o,cv:()=>s,it:()=>n,qh:()=>l})},75420:(e,t,r)=>{r.d(t,{dn:()=>l,gu:()=>s,l_:()=>a,wy:()=>i});let n=new Set([""king"",""pika"",""barney"",""gatekeeper""]),o=new Set([""king"",""gatekeeper""]);function l(e){return!1!==e.enabled&&!e.muted}function i(e,t){var r,n;let o=t.toUpperCase();if(e.ticker&&e.ticker.toUpperCase()===o)return!0;let l=e.scope;return!!l&&!!(""ticker""===l.type&&(null==(r=l.ticker_id)?void 0:r.toUpperCase())===o||""global""===l.type&&(null==(n=l.ticker_ids)?void 0:n.some("
bundles/9206-02ef40d64d673fcf.js,1,websocket,"tion y(){let{pageUrl:e=window.location.href,tvWsUrl:r=""https://live.skylit.ai"",liveBackendUrl:t=""https://live.skylit.ai"",tvBackendUrl:n=""""}=arguments.length>0&&void 0!==arguments[0]?arguments[0]:{},u=new URL(e),l=b(new URL(""/live"",u).toString(),u.protocol);if(!l)throw Error(""Unable to derive a safe websocket base from "".concat(e));let c=(null==r?void 0:r.trim())?b(r.trim(),u.protocol):null;if(c)return c;let s=null==t?void 0:t.trim(),a=null==n?void 0:n.trim();if(""localhost""===u.hostname||""127.0.0.1""===u.hostname){let e=s?b(s,u.protocol):null;if(e&&p(e.hostname))return e;let r=a?b(a,u.protocol):null;retu"
bundles/9206-02ef40d64d673fcf.js,1,WebSocket,"eturn 4e3;case""15m"":return 5e3}}(null!=u?u:""1s""),n=null===r?1/0:Date.now()-r;if(!R(U.current)||!Number.isFinite(n)||n>=t)return void ec(e);en(),S(!0),E(!1),O(""live""),z.current=setTimeout(()=>{ec(e)},Math.max(250,t-n))},[ec,en,u]),ea=(0,n.useCallback)(()=>{if(!t||!r||x.current&&x.current.readyState<=WebSocket.OPEN)return;er.current||et.current||(et.current=setTimeout(()=>{et.current=void 0,el()},1500));let e=N.current,n=(0,l.v2)(),o=n=>{var l,o;if(e!==N.current||x.current&&x.current.readyState<=WebSocket.OPEN)return;let i=new WebSocket(w({symbol:r,resolution:u,sinceCursor:null!=(o=null!=(l=$.current)?l:"
bundles/9206-02ef40d64d673fcf.js,1,WebSocket,"Math.max(250,t-n))},[ec,en,u]),ea=(0,n.useCallback)(()=>{if(!t||!r||x.current&&x.current.readyState<=WebSocket.OPEN)return;er.current||et.current||(et.current=setTimeout(()=>{et.current=void 0,el()},1500));let e=N.current,n=(0,l.v2)(),o=n=>{var l,o;if(e!==N.current||x.current&&x.current.readyState<=WebSocket.OPEN)return;let i=new WebSocket(w({symbol:r,resolution:u,sinceCursor:null!=(o=null!=(l=$.current)?l:q.current)?o:null,extended:U.current,pageUrl:window.location.href,token:n}));x.current=i,H.current=Date.now(),i.onopen=()=>{F.current=200,K.current=0,X.current&&(clearTimeout(X.current),X.current=voi"
bundles/9206-02ef40d64d673fcf.js,1,WebSocket,"a=(0,n.useCallback)(()=>{if(!t||!r||x.current&&x.current.readyState<=WebSocket.OPEN)return;er.current||et.current||(et.current=setTimeout(()=>{et.current=void 0,el()},1500));let e=N.current,n=(0,l.v2)(),o=n=>{var l,o;if(e!==N.current||x.current&&x.current.readyState<=WebSocket.OPEN)return;let i=new WebSocket(w({symbol:r,resolution:u,sinceCursor:null!=(o=null!=(l=$.current)?l:q.current)?o:null,extended:U.current,pageUrl:window.location.href,token:n}));x.current=i,H.current=Date.now(),i.onopen=()=>{F.current=200,K.current=0,X.current&&(clearTimeout(X.current),X.current=void 0)},i.onmessage=r=>{if(e===N.c"
bundles/9206-02ef40d64d673fcf.js,1,WebSocket,"current=void 0),X.current&&(clearTimeout(X.current),X.current=void 0),j.current&&clearInterval(j.current),et.current&&(clearTimeout(et.current),et.current=void 0),en()}),[en,ea]),(0,n.useEffect)(()=>(j.current&&clearInterval(j.current),j.current=setInterval(()=>{t&&x.current&&x.current.readyState===WebSocket.OPEN&&R(U.current)&&g()&&null!==H.current&&(Date.now()-H.current<=h(null!=u?u:""1s"")||x.current.close())},1e3),()=>{j.current&&clearInterval(j.current),j.current=void 0}),[t,u]),(0,n.useEffect)(()=>{let e=R(U.current),r=setInterval(()=>{var r;let n=R(U.current);n&&!e&&(Q.current=null),e=n;let u=func"
bundles/9206-02ef40d64d673fcf.js,1,WebSocket," e=R(U.current),r=setInterval(()=>{var r;let n=R(U.current);n&&!e&&(Q.current=null),e=n;let u=function(e){let{enabled:r,socketOpen:t,marketOpen:n,visible:u,lastBarAt:l,now:c,thresholdMs:s}=e;return!!r&&!!t&&!!n&&!!u&&null!==l&&c-l>s}({enabled:t,socketOpen:(null==(r=x.current)?void 0:r.readyState)===WebSocket.OPEN,marketOpen:n,visible:g(),lastBarAt:Q.current,now:Date.now(),thresholdMs:45e3});T(e=>e===u?e:u)},1e3);return()=>clearInterval(r)},[t,u]),(0,n.useEffect)(()=>{W.current=p},[p]),(0,n.useEffect)(()=>{let e=()=>{var e;if(""visible""!==document.visibilityState||!t)return;let r=h(null!=u?u:""1s""),n=null"
bundles/9206-02ef40d64d673fcf.js,1,WebSocket,"3});T(e=>e===u?e:u)},1e3);return()=>clearInterval(r)},[t,u]),(0,n.useEffect)(()=>{W.current=p},[p]),(0,n.useEffect)(()=>{let e=()=>{var e;if(""visible""!==document.visibilityState||!t)return;let r=h(null!=u?u:""1s""),n=null===H.current||Date.now()-H.current>r;(null==(e=x.current)?void 0:e.readyState)===WebSocket.OPEN&&n&&x.current.close()},r=()=>{(!x.current||x.current.readyState===WebSocket.CLOSED)&&t&&(F.current=200,K.current=0,X.current&&(clearTimeout(X.current),X.current=void 0),J.current())};return document.addEventListener(""visibilitychange"",e),window.addEventListener(""online"",r),()=>{document.remove"
bundles/9206-02ef40d64d673fcf.js,1,WebSocket,"{W.current=p},[p]),(0,n.useEffect)(()=>{let e=()=>{var e;if(""visible""!==document.visibilityState||!t)return;let r=h(null!=u?u:""1s""),n=null===H.current||Date.now()-H.current>r;(null==(e=x.current)?void 0:e.readyState)===WebSocket.OPEN&&n&&x.current.close()},r=()=>{(!x.current||x.current.readyState===WebSocket.CLOSED)&&t&&(F.current=200,K.current=0,X.current&&(clearTimeout(X.current),X.current=void 0),J.current())};return document.addEventListener(""visibilitychange"",e),window.addEventListener(""online"",r),()=>{document.removeEventListener(""visibilitychange"",e),window.removeEventListener(""online"",r)}},[t,u"
bundles/7883-6592990794d20510.js,1,/api/,"e())));if(!e.ok)throw Error(""Contracts failed ["".concat(e.status,""]""));let l=await e.json();return f.set(n,{data:l,time:Date.now()}),l})().finally(()=>{d.delete(n)});return d.set(n,r),r}async function m(t){var n;let e=new URLSearchParams;t&&e.set(""kinds"",t);let l=e.toString(),r=await h("""".concat(a,""/api/ohlcv/symbols"").concat(l?""?"".concat(l):""""));if(!r.ok)throw Error(""Chart symbols failed ["".concat(r.status,""]""));return(null!=(n=(await r.json()).symbols)?n:[]).map(t=>{var n;return{...t,displayName:null!=(n=t.displayName)?n:""VIX""===t.name?""CVIX"":void 0}})}function p(t,n){if(n<=1)return t;let e=new M"
bundles/7187-dbf517257821735b.js,1,heatseeker,"ew Date(n).getTime();Number.isFinite(i)&&!(i<=0)&&i>a&&(a=i)}function c(){let t=Math.max(1e3*i,a);return t>0?t:Date.now()}},58752:(t,e,n)=>{n.d(e,{Fw:()=>g,II:()=>h,K_:()=>o,RJ:()=>r,UG:()=>_,Uy:()=>v,Vz:()=>d,r:()=>p,zd:()=>a});let i=[""SPY"",""SPX"",""SPXW"",""QQQ"",""IWM"",""VIX"",""DIA""],a=""https://whop.com/heatseeker"";function o(t){return[null==t?void 0:t.N,null==t?void 0:t.njord_access,null==t?void 0:t.njord_public_checkout].some(t=>null!==t&&""object""==typeof t&&!Array.isArray(t))}function r(t){return o(t)?{href:""/products"",label:""View plans"",external:!1}:{href:a,label:""Upgrade on Whop"",external:!0}}let c=new "
bundles/7187-dbf517257821735b.js,1,flowseeker," 0:t.njord_public_checkout].some(t=>null!==t&&""object""==typeof t&&!Array.isArray(t))}function r(t){return o(t)?{href:""/products"",label:""View plans"",external:!1}:{href:a,label:""Upgrade on Whop"",external:!0}}let c=new Set([""admin"",""portfolio_manager""]),s=new Set([""pro"",""protege"",""quant""]),l=new Set([""flowseeker"",""flowseeker-power-user"",""flowseeker-api-user"",""flowseeker-api-access""]),m=new Set([...s,""initiate"",...l]);function d(t,e){return!e||i.includes(t.toUpperCase())}function u(t){return t?Array.isArray(t)?t.map(t=>t.trim()):t.split("","").map(t=>t.trim()):[]}function p(t){return t?[...new Set([...u(t.rol"
bundles/7187-dbf517257821735b.js,1,flowseeker,"blic_checkout].some(t=>null!==t&&""object""==typeof t&&!Array.isArray(t))}function r(t){return o(t)?{href:""/products"",label:""View plans"",external:!1}:{href:a,label:""Upgrade on Whop"",external:!0}}let c=new Set([""admin"",""portfolio_manager""]),s=new Set([""pro"",""protege"",""quant""]),l=new Set([""flowseeker"",""flowseeker-power-user"",""flowseeker-api-user"",""flowseeker-api-access""]),m=new Set([...s,""initiate"",...l]);function d(t,e){return!e||i.includes(t.toUpperCase())}function u(t){return t?Array.isArray(t)?t.map(t=>t.trim()):t.split("","").map(t=>t.trim()):[]}function p(t){return t?[...new Set([...u(t.role),...u(t.rol"
bundles/7187-dbf517257821735b.js,1,flowseeker,"ull!==t&&""object""==typeof t&&!Array.isArray(t))}function r(t){return o(t)?{href:""/products"",label:""View plans"",external:!1}:{href:a,label:""Upgrade on Whop"",external:!0}}let c=new Set([""admin"",""portfolio_manager""]),s=new Set([""pro"",""protege"",""quant""]),l=new Set([""flowseeker"",""flowseeker-power-user"",""flowseeker-api-user"",""flowseeker-api-access""]),m=new Set([...s,""initiate"",...l]);function d(t,e){return!e||i.includes(t.toUpperCase())}function u(t){return t?Array.isArray(t)?t.map(t=>t.trim()):t.split("","").map(t=>t.trim()):[]}function p(t){return t?[...new Set([...u(t.role),...u(t.roles)].filter(Boolean))]:["
bundles/7187-dbf517257821735b.js,1,flowseeker,"eof t&&!Array.isArray(t))}function r(t){return o(t)?{href:""/products"",label:""View plans"",external:!1}:{href:a,label:""Upgrade on Whop"",external:!0}}let c=new Set([""admin"",""portfolio_manager""]),s=new Set([""pro"",""protege"",""quant""]),l=new Set([""flowseeker"",""flowseeker-power-user"",""flowseeker-api-user"",""flowseeker-api-access""]),m=new Set([...s,""initiate"",...l]);function d(t,e){return!e||i.includes(t.toUpperCase())}function u(t){return t?Array.isArray(t)?t.map(t=>t.trim()):t.split("","").map(t=>t.trim()):[]}function p(t){return t?[...new Set([...u(t.role),...u(t.roles)].filter(Boolean))]:[]}function _(t){let e,"
bundles/7187-dbf517257821735b.js,1,flowseeker,"urn t?Array.isArray(t)?t.map(t=>t.trim()):t.split("","").map(t=>t.trim()):[]}function p(t){return t?[...new Set([...u(t.role),...u(t.roles)].filter(Boolean))]:[]}function _(t){let e,n=p(t),i=n.some(t=>c.has(t)),a=n.some(t=>m.has(t));return e=i?""staff"":n.some(t=>s.has(t))?""higher"":n.some(t=>l.has(t))?""flowseeker"":n.includes(""initiate"")?""initiate"":n.includes(""community"")?""community"":""free"",{roles:n,isStaff:i,isPaying:a,tier:e}}function g(t,e){var n,i;let a=u(t),o=null!=(n=null==e?void 0:e.isSignedIn)&&n,r=null!=(i=null==e?void 0:e.isNjordManaged)&&i,m=!!(null==e?void 0:e.adminOverride)||a.some(t=>c.has(t)),"
bundles/7187-dbf517257821735b.js,1,flowseeker,"i=null==e?void 0:e.isNjordManaged)&&i,m=!!(null==e?void 0:e.adminOverride)||a.some(t=>c.has(t)),d=m||a.some(t=>s.has(t)),p=!d&&a.includes(""initiate""),_=a.includes(""community"")&&!d&&!a.includes(""initiate""),g=a.some(t=>l.has(t)),v=d||g||a.includes(""community"")||a.includes(""initiate""),h=m||a.includes(""flowseeker-power-user""),S=m||a.includes(""flowseeker-power-user""),w=m||a.includes(""flowseeker-api-user"")||a.includes(""flowseeker-api-access""),y=d||a.includes(""initiate"");return{roles:a,isAdmin:m,isInitiate:p,isCommunityOnly:_,canAccessHeatseeker:!_&&(!r||y),canAccessCharts:o&&!p&&!_&&(!r||d),canAccessFlowseeke"
bundles/7187-dbf517257821735b.js,1,flowseeker,"!(null==e?void 0:e.adminOverride)||a.some(t=>c.has(t)),d=m||a.some(t=>s.has(t)),p=!d&&a.includes(""initiate""),_=a.includes(""community"")&&!d&&!a.includes(""initiate""),g=a.some(t=>l.has(t)),v=d||g||a.includes(""community"")||a.includes(""initiate""),h=m||a.includes(""flowseeker-power-user""),S=m||a.includes(""flowseeker-power-user""),w=m||a.includes(""flowseeker-api-user"")||a.includes(""flowseeker-api-access""),y=d||a.includes(""initiate"");return{roles:a,isAdmin:m,isInitiate:p,isCommunityOnly:_,canAccessHeatseeker:!_&&(!r||y),canAccessCharts:o&&!p&&!_&&(!r||d),canAccessFlowseekerBase:v,canAccessFlowseekerSettings:m||S|"
bundles/7187-dbf517257821735b.js,1,flowseeker,"(t=>c.has(t)),d=m||a.some(t=>s.has(t)),p=!d&&a.includes(""initiate""),_=a.includes(""community"")&&!d&&!a.includes(""initiate""),g=a.some(t=>l.has(t)),v=d||g||a.includes(""community"")||a.includes(""initiate""),h=m||a.includes(""flowseeker-power-user""),S=m||a.includes(""flowseeker-power-user""),w=m||a.includes(""flowseeker-api-user"")||a.includes(""flowseeker-api-access""),y=d||a.includes(""initiate"");return{roles:a,isAdmin:m,isInitiate:p,isCommunityOnly:_,canAccessHeatseeker:!_&&(!r||y),canAccessCharts:o&&!p&&!_&&(!r||d),canAccessFlowseekerBase:v,canAccessFlowseekerSettings:m||S||w,canAccessFlowseekerDiscord:S,canAccess"
bundles/7187-dbf517257821735b.js,1,flowseeker,"t)),p=!d&&a.includes(""initiate""),_=a.includes(""community"")&&!d&&!a.includes(""initiate""),g=a.some(t=>l.has(t)),v=d||g||a.includes(""community"")||a.includes(""initiate""),h=m||a.includes(""flowseeker-power-user""),S=m||a.includes(""flowseeker-power-user""),w=m||a.includes(""flowseeker-api-user"")||a.includes(""flowseeker-api-access""),y=d||a.includes(""initiate"");return{roles:a,isAdmin:m,isInitiate:p,isCommunityOnly:_,canAccessHeatseeker:!_&&(!r||y),canAccessCharts:o&&!p&&!_&&(!r||d),canAccessFlowseekerBase:v,canAccessFlowseekerSettings:m||S||w,canAccessFlowseekerDiscord:S,canAccessFlowseekerApiKeys:w,canShareFlowsee"
bundles/7187-dbf517257821735b.js,1,Heatseeker,"|a.includes(""community"")||a.includes(""initiate""),h=m||a.includes(""flowseeker-power-user""),S=m||a.includes(""flowseeker-power-user""),w=m||a.includes(""flowseeker-api-user"")||a.includes(""flowseeker-api-access""),y=d||a.includes(""initiate"");return{roles:a,isAdmin:m,isInitiate:p,isCommunityOnly:_,canAccessHeatseeker:!_&&(!r||y),canAccessCharts:o&&!p&&!_&&(!r||d),canAccessFlowseekerBase:v,canAccessFlowseekerSettings:m||S||w,canAccessFlowseekerDiscord:S,canAccessFlowseekerApiKeys:w,canShareFlowseeker:h}}function v(t){return g(t).isInitiate}function h(t){return p(t).includes(""pro"")}},62954:(t,e,n)=>{n.d(e,{$0:()="
bundles/7187-dbf517257821735b.js,1,Flowseeker,"lowseeker-power-user""),S=m||a.includes(""flowseeker-power-user""),w=m||a.includes(""flowseeker-api-user"")||a.includes(""flowseeker-api-access""),y=d||a.includes(""initiate"");return{roles:a,isAdmin:m,isInitiate:p,isCommunityOnly:_,canAccessHeatseeker:!_&&(!r||y),canAccessCharts:o&&!p&&!_&&(!r||d),canAccessFlowseekerBase:v,canAccessFlowseekerSettings:m||S||w,canAccessFlowseekerDiscord:S,canAccessFlowseekerApiKeys:w,canShareFlowseeker:h}}function v(t){return g(t).isInitiate}function h(t){return p(t).includes(""pro"")}},62954:(t,e,n)=>{n.d(e,{$0:()=>O,$o:()=>c,$q:()=>u,$v:()=>w,AD:()=>_,Ap:()=>ts,B$:()=>x,Cj:()=>g,"
bundles/7187-dbf517257821735b.js,1,Flowseeker,"||a.includes(""flowseeker-power-user""),w=m||a.includes(""flowseeker-api-user"")||a.includes(""flowseeker-api-access""),y=d||a.includes(""initiate"");return{roles:a,isAdmin:m,isInitiate:p,isCommunityOnly:_,canAccessHeatseeker:!_&&(!r||y),canAccessCharts:o&&!p&&!_&&(!r||d),canAccessFlowseekerBase:v,canAccessFlowseekerSettings:m||S||w,canAccessFlowseekerDiscord:S,canAccessFlowseekerApiKeys:w,canShareFlowseeker:h}}function v(t){return g(t).isInitiate}function h(t){return p(t).includes(""pro"")}},62954:(t,e,n)=>{n.d(e,{$0:()=>O,$o:()=>c,$q:()=>u,$v:()=>w,AD:()=>_,Ap:()=>ts,B$:()=>x,Cj:()=>g,Cr:()=>j,EX:()=>q,EZ:()=>N"
bundles/7187-dbf517257821735b.js,1,Flowseeker,"),w=m||a.includes(""flowseeker-api-user"")||a.includes(""flowseeker-api-access""),y=d||a.includes(""initiate"");return{roles:a,isAdmin:m,isInitiate:p,isCommunityOnly:_,canAccessHeatseeker:!_&&(!r||y),canAccessCharts:o&&!p&&!_&&(!r||d),canAccessFlowseekerBase:v,canAccessFlowseekerSettings:m||S||w,canAccessFlowseekerDiscord:S,canAccessFlowseekerApiKeys:w,canShareFlowseeker:h}}function v(t){return g(t).isInitiate}function h(t){return p(t).includes(""pro"")}},62954:(t,e,n)=>{n.d(e,{$0:()=>O,$o:()=>c,$q:()=>u,$v:()=>w,AD:()=>_,Ap:()=>ts,B$:()=>x,Cj:()=>g,Cr:()=>j,EX:()=>q,EZ:()=>N,G0:()=>K,GF:()=>S,Gt:()=>k,Hy:()=>t"
bundles/7187-dbf517257821735b.js,1,Flowseeker,"-api-user"")||a.includes(""flowseeker-api-access""),y=d||a.includes(""initiate"");return{roles:a,isAdmin:m,isInitiate:p,isCommunityOnly:_,canAccessHeatseeker:!_&&(!r||y),canAccessCharts:o&&!p&&!_&&(!r||d),canAccessFlowseekerBase:v,canAccessFlowseekerSettings:m||S||w,canAccessFlowseekerDiscord:S,canAccessFlowseekerApiKeys:w,canShareFlowseeker:h}}function v(t){return g(t).isInitiate}function h(t){return p(t).includes(""pro"")}},62954:(t,e,n)=>{n.d(e,{$0:()=>O,$o:()=>c,$q:()=>u,$v:()=>w,AD:()=>_,Ap:()=>ts,B$:()=>x,Cj:()=>g,Cr:()=>j,EX:()=>q,EZ:()=>N,G0:()=>K,GF:()=>S,Gt:()=>k,Hy:()=>tp,Ik:()=>tv,Iq:()=>D,KX:()=>p"
bundles/7187-dbf517257821735b.js,1,Flowseeker,"wseeker-api-access""),y=d||a.includes(""initiate"");return{roles:a,isAdmin:m,isInitiate:p,isCommunityOnly:_,canAccessHeatseeker:!_&&(!r||y),canAccessCharts:o&&!p&&!_&&(!r||d),canAccessFlowseekerBase:v,canAccessFlowseekerSettings:m||S||w,canAccessFlowseekerDiscord:S,canAccessFlowseekerApiKeys:w,canShareFlowseeker:h}}function v(t){return g(t).isInitiate}function h(t){return p(t).includes(""pro"")}},62954:(t,e,n)=>{n.d(e,{$0:()=>O,$o:()=>c,$q:()=>u,$v:()=>w,AD:()=>_,Ap:()=>ts,B$:()=>x,Cj:()=>g,Cr:()=>j,EX:()=>q,EZ:()=>N,G0:()=>K,GF:()=>S,Gt:()=>k,Hy:()=>tp,Ik:()=>tv,Iq:()=>D,KX:()=>p,Lh:()=>E,Mo:()=>Z,Ng:()=>tw"
bundles/7187-dbf517257821735b.js,1,Flowseeker,")=>V,mZ:()=>tU,ms:()=>td,nI:()=>d,oe:()=>J,p0:()=>tl,p9:()=>th,pH:()=>to,q5:()=>z,qW:()=>tP,rA:()=>tm,ry:()=>tn,sD:()=>W,st:()=>tf,t4:()=>Q,tQ:()=>L,tq:()=>$,u6:()=>U,vO:()=>tb,wn:()=>tc,x3:()=>ty,xm:()=>X,zj:()=>R});var i=n(48147);n(87358);class a extends Error{constructor(t,e){super(t),this.name=""FlowseekerAPIError"",this.status=e}}async function o(t,e){var n;let o=arguments.length>2&&void 0!==arguments[2]?arguments[2]:{},r="""".concat("""".concat(window.location.protocol,""//"").concat(window.location.host,""/fs"")).concat(t),c=null!=(n=o.signal)?n:void 0,s=new AbortController,l=!1,m=setTimeout(()=>{l=!0,s.ab"
bundles/7187-dbf517257821735b.js,1,Flowseeker,"addEventListener(""abort"",()=>e(new DOMException(""Aborted"",""AbortError"")),{once:!0})})]),p=async t=>{if(!e)return{};try{let n=await u(e(t?{skipCache:!0}:void 0));return n?{Authorization:""Bearer "".concat(n)}:{}}catch(t){if(t instanceof DOMException&&""AbortError""===t.name)throw t;return console.warn(""[Flowseeker API] Failed to get Clerk token:"",t),{}}},_=async t=>{let e=await p(t),n=await fetch(r,{...o,signal:s.signal,headers:{...e,...o.headers}});return(0,i.Xe)(n),n},g=(async()=>{let t=await _(!1);if(401===t.status&&e&&!s.signal.aborted&&(t=await _(!0)),!t.ok){let e=""HTTP "".concat(t.status,"": "").concat(t."
bundles/7187-dbf517257821735b.js,1,/api/,"showIndices&&e.append(""show_indices"",""false""),t.expiration&&e.append(""expiration"",t.expiration),void 0!==t.cursorPremium&&void 0!==t.cursorSymbol&&(e.append(""cursor_premium"",t.cursorPremium.toString()),e.append(""cursor_symbol"",t.cursorSymbol)),e}async function c(t,e){let n=r(t).toString();return o(""/api/screener/daily"".concat(n?""?"".concat(n):""""),e)}function s(t){var e,n,i;let a=null!=(e=t.ask_skew_pct)?e:(()=>{var e,n,i;let a=(null!=(e=t.below_ask_volume)?e:0)+(null!=(n=t.ask_volume)?n:0)+(null!=(i=t.above_ask_volume)?i:0),o=t.weekly_volume||0;return o>0?a/o*100:0})();return{last_trade_time:t.last_"
bundles/7187-dbf517257821735b.js,1,/api/,":t.chain_bid_pct,chain_ask_pct:t.chain_ask_pct,chain_bull_pct:t.chain_bull_pct,chain_bear_pct:t.chain_bear_pct,chain_neutral_pct:t.chain_neutral_pct,total_pct:null!=(i=t.total_pct)?i:0,trade_count:t.trade_count,earnings_dte:t.earnings_dte}}async function l(t,e){let n=r(t).toString();return(await o(""/api/screener/weekly"".concat(n?""?"".concat(n):""""),e)).map(s)}function m(t,e){let n=arguments.length>2&&void 0!==arguments[2]?arguments[2]:""daily"";return""weekly""===n?l(t,e):c(t,e)}async function d(t,e,n){let i=arguments.length>3&&void 0!==arguments[3]&&arguments[3],a=arguments.length>4?arguments[4]:void 0,"
bundles/7187-dbf517257821735b.js,1,/api/,"ments[4]:void 0,r=arguments.length>5&&void 0!==arguments[5]&&arguments[5],c=arguments.length>6?arguments[6]:void 0,s=arguments.length>7?arguments[7]:void 0,l=new URLSearchParams({interval:e,bucket:n});return i&&l.append(""rvol"",""true""),a&&l.append(""date"",a),r&&l.append(""exclude_multi_leg"",""true""),o(""/api/contract/"".concat(t,""/intraday?"").concat(l),c,s?{signal:s}:{})}function u(t,e,n,i){let a=e.replace(/-/g,"""").slice(2),o=String(Math.round(1e3*i)).padStart(8,""0"");return"""".concat(t,""__"").concat(a).concat(n).concat(o)}async function p(t,e,n,i){let a=new URLSearchParams;e&&a.set(""date"",e);let r=a.toStri"
bundles/7187-dbf517257821735b.js,1,/api/,"at(t,""/intraday?"").concat(l),c,s?{signal:s}:{})}function u(t,e,n,i){let a=e.replace(/-/g,"""").slice(2),o=String(Math.round(1e3*i)).padStart(8,""0"");return"""".concat(t,""__"").concat(a).concat(n).concat(o)}async function p(t,e,n,i){let a=new URLSearchParams;e&&a.set(""date"",e);let r=a.toString();return o(""/api/contract/"".concat(t,""/metrics"").concat(r?""?"".concat(r):""""),n,i?{signal:i}:{})}async function _(t,e,n,i){return o(""/api/contract/"".concat(t,""/since-fill?from_ts="").concat(e),n,i?{signal:i}:{})}async function g(t,e,n,i,a){return o(""/api/contract/"".concat(t,""/trades?start="").concat(e,""&end="").concat(n)"
bundles/7187-dbf517257821735b.js,1,/api/,"nd(1e3*i)).padStart(8,""0"");return"""".concat(t,""__"").concat(a).concat(n).concat(o)}async function p(t,e,n,i){let a=new URLSearchParams;e&&a.set(""date"",e);let r=a.toString();return o(""/api/contract/"".concat(t,""/metrics"").concat(r?""?"".concat(r):""""),n,i?{signal:i}:{})}async function _(t,e,n,i){return o(""/api/contract/"".concat(t,""/since-fill?from_ts="").concat(e),n,i?{signal:i}:{})}async function g(t,e,n,i,a){return o(""/api/contract/"".concat(t,""/trades?start="").concat(e,""&end="").concat(n),i,a?{signal:a}:{})}async function v(t,e,n,i,a){if(a)return o(""/api/contract/"".concat(t,""/history?limit="").concat(a.lim"
bundles/7187-dbf517257821735b.js,1,/api/," URLSearchParams;e&&a.set(""date"",e);let r=a.toString();return o(""/api/contract/"".concat(t,""/metrics"").concat(r?""?"".concat(r):""""),n,i?{signal:i}:{})}async function _(t,e,n,i){return o(""/api/contract/"".concat(t,""/since-fill?from_ts="").concat(e),n,i?{signal:i}:{})}async function g(t,e,n,i,a){return o(""/api/contract/"".concat(t,""/trades?start="").concat(e,""&end="").concat(n),i,a?{signal:a}:{})}async function v(t,e,n,i,a){if(a)return o(""/api/contract/"".concat(t,""/history?limit="").concat(a.limit,""&offset="").concat(a.offset),n);if(i){let a=new Date(new Date(i+""T00:00:00Z""));a.setUTCDate(a.getUTCDate()-Math.c"
bundles/7187-dbf517257821735b.js,1,/api/,"{signal:i}:{})}async function _(t,e,n,i){return o(""/api/contract/"".concat(t,""/since-fill?from_ts="").concat(e),n,i?{signal:i}:{})}async function g(t,e,n,i,a){return o(""/api/contract/"".concat(t,""/trades?start="").concat(e,""&end="").concat(n),i,a?{signal:a}:{})}async function v(t,e,n,i,a){if(a)return o(""/api/contract/"".concat(t,""/history?limit="").concat(a.limit,""&offset="").concat(a.offset),n);if(i){let a=new Date(new Date(i+""T00:00:00Z""));a.setUTCDate(a.getUTCDate()-Math.ceil(1.5*e));let r=a.toISOString().slice(0,10);return o(""/api/contract/"".concat(t,""/history?start_date="").concat(r,""&end_date="").conca"
bundles/7187-dbf517257821735b.js,1,/api/,"concat(n),i,a?{signal:a}:{})}async function v(t,e,n,i,a){if(a)return o(""/api/contract/"".concat(t,""/history?limit="").concat(a.limit,""&offset="").concat(a.offset),n);if(i){let a=new Date(new Date(i+""T00:00:00Z""));a.setUTCDate(a.getUTCDate()-Math.ceil(1.5*e));let r=a.toISOString().slice(0,10);return o(""/api/contract/"".concat(t,""/history?start_date="").concat(r,""&end_date="").concat(i),n)}return o(""/api/contract/"".concat(t,""/history?days="").concat(e),n)}async function h(t){let e=arguments.length>1&&void 0!==arguments[1]?arguments[1]:20,n=arguments.length>2?arguments[2]:void 0,i=arguments.length>3?argument"
bundles/7187-dbf517257821735b.js,1,/api/,"t,""/history?limit="").concat(a.limit,""&offset="").concat(a.offset),n);if(i){let a=new Date(new Date(i+""T00:00:00Z""));a.setUTCDate(a.getUTCDate()-Math.ceil(1.5*e));let r=a.toISOString().slice(0,10);return o(""/api/contract/"".concat(t,""/history?start_date="").concat(r,""&end_date="").concat(i),n)}return o(""/api/contract/"".concat(t,""/history?days="").concat(e),n)}async function h(t){let e=arguments.length>1&&void 0!==arguments[1]?arguments[1]:20,n=arguments.length>2?arguments[2]:void 0,i=arguments.length>3?arguments[3]:void 0,a=new URLSearchParams({q:t,limit:String(e)});return o(""/api/contracts/lookup?"".conc"
bundles/7187-dbf517257821735b.js,1,/api/,"concat(i),n)}return o(""/api/contract/"".concat(t,""/history?days="").concat(e),n)}async function h(t){let e=arguments.length>1&&void 0!==arguments[1]?arguments[1]:20,n=arguments.length>2?arguments[2]:void 0,i=arguments.length>3?arguments[3]:void 0,a=new URLSearchParams({q:t,limit:String(e)});return o(""/api/contracts/lookup?"".concat(a),n,i?{signal:i}:{})}async function S(t,e,n){let i=new URLSearchParams({ticker:t});return o(""/api/contracts/chain?"".concat(i),e,n?{signal:n}:{})}async function w(t,e){let n=arguments.length>2&&void 0!==arguments[2]?arguments[2]:15,i=arguments.length>3?arguments[3]:void 0,a"
bundles/7187-dbf517257821735b.js,1,/api/,"void 0!==arguments[1]?arguments[1]:20,n=arguments.length>2?arguments[2]:void 0,i=arguments.length>3?arguments[3]:void 0,a=new URLSearchParams({q:t,limit:String(e)});return o(""/api/contracts/lookup?"".concat(a),n,i?{signal:i}:{})}async function S(t,e,n){let i=new URLSearchParams({ticker:t});return o(""/api/contracts/chain?"".concat(i),e,n?{signal:n}:{})}async function w(t,e){let n=arguments.length>2&&void 0!==arguments[2]?arguments[2]:15,i=arguments.length>3?arguments[3]:void 0,a=arguments.length>4&&void 0!==arguments[4]&&arguments[4],r=arguments.length>5&&void 0!==arguments[5]?arguments[5]:1,c=new URL"
bundles/7187-dbf517257821735b.js,1,/api/,"]?arguments[2]:15,i=arguments.length>3?arguments[3]:void 0,a=arguments.length>4&&void 0!==arguments[4]&&arguments[4],r=arguments.length>5&&void 0!==arguments[5]?arguments[5]:1,c=new URLSearchParams({ticker:t,limit:String(n)});return a&&c.set(""single_leg_only"",""true""),r>1&&c.set(""days"",String(r)),o(""/api/contracts/top?"".concat(c),e,i?{signal:i}:{})}async function y(t,e,n){let i=arguments.length>3&&void 0!==arguments[3]&&arguments[3],a=arguments.length>4?arguments[4]:void 0,r=arguments.length>5&&void 0!==arguments[5]&&arguments[5],c=arguments.length>6?arguments[6]:void 0,s=arguments.length>7?argument"
bundles/7187-dbf517257821735b.js,1,/api/,"ments[4]:void 0,r=arguments.length>5&&void 0!==arguments[5]&&arguments[5],c=arguments.length>6?arguments[6]:void 0,s=arguments.length>7?arguments[7]:void 0,l=new URLSearchParams({interval:e,bucket:n});return i&&l.append(""rvol"",""true""),a&&l.append(""date"",a),r&&l.append(""exclude_multi_leg"",""true""),o(""/api/underlying/"".concat(t,""/intraday?"").concat(l),c,s?{signal:s}:{})}async function f(t,e,n,i){let a=new URLSearchParams;e&&a.set(""date"",e);let r=a.toString();return o(""/api/underlying/"".concat(t,""/metrics"").concat(r?""?"".concat(r):""""),n,i?{signal:i}:{})}async function k(){let t=arguments.length>0&&void "
bundles/7187-dbf517257821735b.js,1,/api/,"hParams({interval:e,bucket:n});return i&&l.append(""rvol"",""true""),a&&l.append(""date"",a),r&&l.append(""exclude_multi_leg"",""true""),o(""/api/underlying/"".concat(t,""/intraday?"").concat(l),c,s?{signal:s}:{})}async function f(t,e,n,i){let a=new URLSearchParams;e&&a.set(""date"",e);let r=a.toString();return o(""/api/underlying/"".concat(t,""/metrics"").concat(r?""?"".concat(r):""""),n,i?{signal:i}:{})}async function k(){let t=arguments.length>0&&void 0!==arguments[0]?arguments[0]:{},e=arguments.length>1?arguments[1]:void 0,n=arguments.length>2?arguments[2]:void 0,i=new URLSearchParams;null!=t.days&&i.set(""days"",String"
bundles/7187-dbf517257821735b.js,1,/api/,"length>1?arguments[1]:void 0,n=arguments.length>2?arguments[2]:void 0,i=new URLSearchParams;null!=t.days&&i.set(""days"",String(t.days)),null!=t.limit&&i.set(""limit"",String(t.limit)),null!=t.minPremium&&i.set(""min_premium"",String(t.minPremium));let a=i.toString()?""?"".concat(i.toString()):"""";return o(""/api/calendar/earnings"".concat(a),e,n?{signal:n}:{})}async function x(t,e,n,i,a,r){var c;let s=new URLSearchParams({start:String(e),end:String(n)});return(null==r?void 0:r.excludeMultiLeg)&&s.set(""exclude_multi_leg"",""true""),(null==r?void 0:r.moneyness)&&s.set(""moneyness"",r.moneyness),(null==r?void 0:r.mi"
bundles/7187-dbf517257821735b.js,1,/api/,"neyness"",r.moneyness),(null==r?void 0:r.minDte)!=null&&s.set(""min_dte"",String(r.minDte)),(null==r?void 0:r.maxDte)!=null&&s.set(""max_dte"",String(r.maxDte)),(null==r?void 0:r.minPremium)!=null&&s.set(""min_premium"",String(r.minPremium)),s.set(""limit"",String(null!=(c=null==r?void 0:r.limit)?c:500)),o(""/api/underlying/"".concat(t,""/trades?"").concat(s),i,a?{signal:a}:{})}async function P(t,e,n,i,a,r,c){let s=new URLSearchParams({start:String(e),end:String(n),bucket:i});return(null==a?void 0:a.singleLegOnly)&&s.set(""single_leg_only"",""true""),(null==a?void 0:a.multiLegOnly)&&s.set(""multi_leg_only"",""true""),("
bundles/7187-dbf517257821735b.js,1,/api/,"id 0:a.showMid)===!1&&s.set(""show_mid"",""false""),(null==a?void 0:a.showAsk)===!1&&s.set(""show_ask"",""false""),(null==a?void 0:a.sweepOnly)&&s.set(""sweep_only"",""true""),(null==a?void 0:a.showSweep)===!1&&s.set(""show_sweep"",""false""),(null==a?void 0:a.showNonSweep)===!1&&s.set(""show_non_sweep"",""false""),o(""/api/underlying/"".concat(encodeURIComponent(t),""/flow-bars?"").concat(s),r,c?{signal:c}:{})}async function b(t,e,n,i,a,r,c){let s=new URLSearchParams({bucket_start:String(e),bucket_end:String(n)});return null!=a&&s.set(""top_n"",String(a)),(null==i?void 0:i.singleLegOnly)&&s.set(""single_leg_only"",""true""),(n"
bundles/7187-dbf517257821735b.js,1,/api/,"id 0:i.showMid)===!1&&s.set(""show_mid"",""false""),(null==i?void 0:i.showAsk)===!1&&s.set(""show_ask"",""false""),(null==i?void 0:i.sweepOnly)&&s.set(""sweep_only"",""true""),(null==i?void 0:i.showSweep)===!1&&s.set(""show_sweep"",""false""),(null==i?void 0:i.showNonSweep)===!1&&s.set(""show_non_sweep"",""false""),o(""/api/underlying/"".concat(encodeURIComponent(t),""/flow-bar-details?"").concat(s),r,c?{signal:c}:{})}async function C(t,e,n,i,a){let r=new URLSearchParams({interval:e});return n&&""all""!==n&&r.append(""dte_filter"",n),a&&r.append(""date"",a),o(""/api/underlying/"".concat(t,""/distribution?"").concat(r),i)}async func"
bundles/7187-dbf517257821735b.js,1,/api/,"oid 0:i.showNonSweep)===!1&&s.set(""show_non_sweep"",""false""),o(""/api/underlying/"".concat(encodeURIComponent(t),""/flow-bar-details?"").concat(s),r,c?{signal:c}:{})}async function C(t,e,n,i,a){let r=new URLSearchParams({interval:e});return n&&""all""!==n&&r.append(""dte_filter"",n),a&&r.append(""date"",a),o(""/api/underlying/"".concat(t,""/distribution?"").concat(r),i)}async function U(t,e,n,i,a,r){let c=new URLSearchParams({interval:n});return i&&""all""!==i&&c.append(""dte_filter"",i),r&&c.append(""date"",r),o(""/api/underlying/"".concat(t,""/strike/"").concat(e,""/expirations?"").concat(c),a)}async function O(t,e,n,i,a,r"
bundles/7187-dbf517257821735b.js,1,/api/,"URLSearchParams({interval:e});return n&&""all""!==n&&r.append(""dte_filter"",n),a&&r.append(""date"",a),o(""/api/underlying/"".concat(t,""/distribution?"").concat(r),i)}async function U(t,e,n,i,a,r){let c=new URLSearchParams({interval:n});return i&&""all""!==i&&c.append(""dte_filter"",i),r&&c.append(""date"",r),o(""/api/underlying/"".concat(t,""/strike/"").concat(e,""/expirations?"").concat(c),a)}async function O(t,e,n,i,a,r){let c=new URLSearchParams({interval:e});return n&&c.append(""date"",n),i&&c.append(""exclude_multi_leg"",""true""),o(""/api/underlying/"".concat(t,""/net-premium?"").concat(c),a,r?{signal:r}:{})}async functi"
bundles/7187-dbf517257821735b.js,1,/api/,"rval:n});return i&&""all""!==i&&c.append(""dte_filter"",i),r&&c.append(""date"",r),o(""/api/underlying/"".concat(t,""/strike/"").concat(e,""/expirations?"").concat(c),a)}async function O(t,e,n,i,a,r){let c=new URLSearchParams({interval:e});return n&&c.append(""date"",n),i&&c.append(""exclude_multi_leg"",""true""),o(""/api/underlying/"".concat(t,""/net-premium?"").concat(c),a,r?{signal:r}:{})}async function R(t){return o(""/api/opra-agreement"",t)}async function L(t,e){return o(""/api/opra-agreement"",e,{method:""POST"",headers:{""Content-Type"":""application/json""},body:JSON.stringify(t)})}async function T(t,e){return o(""/api/pr"
bundles/7187-dbf517257821735b.js,1,/api/,"t(t,""/strike/"").concat(e,""/expirations?"").concat(c),a)}async function O(t,e,n,i,a,r){let c=new URLSearchParams({interval:e});return n&&c.append(""date"",n),i&&c.append(""exclude_multi_leg"",""true""),o(""/api/underlying/"".concat(t,""/net-premium?"").concat(c),a,r?{signal:r}:{})}async function R(t){return o(""/api/opra-agreement"",t)}async function L(t,e){return o(""/api/opra-agreement"",e,{method:""POST"",headers:{""Content-Type"":""application/json""},body:JSON.stringify(t)})}async function T(t,e){return o(""/api/preferences?user_id="".concat(encodeURIComponent(t)),e)}async function I(t,e,n){return o(""/api/preferences"
bundles/7187-dbf517257821735b.js,1,/api/,"sync function O(t,e,n,i,a,r){let c=new URLSearchParams({interval:e});return n&&c.append(""date"",n),i&&c.append(""exclude_multi_leg"",""true""),o(""/api/underlying/"".concat(t,""/net-premium?"").concat(c),a,r?{signal:r}:{})}async function R(t){return o(""/api/opra-agreement"",t)}async function L(t,e){return o(""/api/opra-agreement"",e,{method:""POST"",headers:{""Content-Type"":""application/json""},body:JSON.stringify(t)})}async function T(t,e){return o(""/api/preferences?user_id="".concat(encodeURIComponent(t)),e)}async function I(t,e,n){return o(""/api/preferences"",n,{method:""PUT"",headers:{""Content-Type"":""application/j"
bundles/7187-dbf517257821735b.js,1,/api/,"(""/api/underlying/"".concat(t,""/net-premium?"").concat(c),a,r?{signal:r}:{})}async function R(t){return o(""/api/opra-agreement"",t)}async function L(t,e){return o(""/api/opra-agreement"",e,{method:""POST"",headers:{""Content-Type"":""application/json""},body:JSON.stringify(t)})}async function T(t,e){return o(""/api/preferences?user_id="".concat(encodeURIComponent(t)),e)}async function I(t,e,n){return o(""/api/preferences"",n,{method:""PUT"",headers:{""Content-Type"":""application/json""},body:JSON.stringify({user_id:t,preferences:e})})}async function D(t,e){return o(""/api/keys"",e,{method:""POST"",headers:{""Content-Type"":"
bundles/7187-dbf517257821735b.js,1,/api/,"{return o(""/api/opra-agreement"",t)}async function L(t,e){return o(""/api/opra-agreement"",e,{method:""POST"",headers:{""Content-Type"":""application/json""},body:JSON.stringify(t)})}async function T(t,e){return o(""/api/preferences?user_id="".concat(encodeURIComponent(t)),e)}async function I(t,e,n){return o(""/api/preferences"",n,{method:""PUT"",headers:{""Content-Type"":""application/json""},body:JSON.stringify({user_id:t,preferences:e})})}async function D(t,e){return o(""/api/keys"",e,{method:""POST"",headers:{""Content-Type"":""application/json""},body:JSON.stringify({name:t})})}async function A(t){return o(""/api/keys"",t"
bundles/7187-dbf517257821735b.js,1,/api/,"stringify(t)})}async function T(t,e){return o(""/api/preferences?user_id="".concat(encodeURIComponent(t)),e)}async function I(t,e,n){return o(""/api/preferences"",n,{method:""PUT"",headers:{""Content-Type"":""application/json""},body:JSON.stringify({user_id:t,preferences:e})})}async function D(t,e){return o(""/api/keys"",e,{method:""POST"",headers:{""Content-Type"":""application/json""},body:JSON.stringify({name:t})})}async function A(t){return o(""/api/keys"",t)}async function E(t,e){return o(""/api/keys/"".concat(encodeURIComponent(t)),e,{method:""DELETE""})}function N(t){var e,n;return"""".concat(null!=(e=t._ts_event)?e:"
bundles/7187-dbf517257821735b.js,1,/api/,"urn o(""/api/preferences"",n,{method:""PUT"",headers:{""Content-Type"":""application/json""},body:JSON.stringify({user_id:t,preferences:e})})}async function D(t,e){return o(""/api/keys"",e,{method:""POST"",headers:{""Content-Type"":""application/json""},body:JSON.stringify({name:t})})}async function A(t){return o(""/api/keys"",t)}async function E(t,e){return o(""/api/keys/"".concat(encodeURIComponent(t)),e,{method:""DELETE""})}function N(t){var e,n;return"""".concat(null!=(e=t._ts_event)?e:0,""_"").concat(null!=(n=t._raw_symbol)?n:t.ticker)}async function B(t){return(await o(""/api/saved-trades"",t)).trades}async function j(t"
bundles/7187-dbf517257821735b.js,1,/api/,"rs:{""Content-Type"":""application/json""},body:JSON.stringify({user_id:t,preferences:e})})}async function D(t,e){return o(""/api/keys"",e,{method:""POST"",headers:{""Content-Type"":""application/json""},body:JSON.stringify({name:t})})}async function A(t){return o(""/api/keys"",t)}async function E(t,e){return o(""/api/keys/"".concat(encodeURIComponent(t)),e,{method:""DELETE""})}function N(t){var e,n;return"""".concat(null!=(e=t._ts_event)?e:0,""_"").concat(null!=(n=t._raw_symbol)?n:t.ticker)}async function B(t){return(await o(""/api/saved-trades"",t)).trades}async function j(t,e,n){await o(""/api/saved-trades"",e,{method:""P"
bundles/7187-dbf517257821735b.js,1,/api/,"({name:t})})}async function A(t){return o(""/api/keys"",t)}async function E(t,e){return o(""/api/keys/"".concat(encodeURIComponent(t)),e,{method:""DELETE""})}function N(t){var e,n;return"""".concat(null!=(e=t._ts_event)?e:0,""_"").concat(null!=(n=t._raw_symbol)?n:t.ticker)}async function B(t){return(await o(""/api/saved-trades"",t)).trades}async function j(t,e,n){await o(""/api/saved-trades"",e,{method:""POST"",headers:{""Content-Type"":""application/json""},body:JSON.stringify({trade_key:null!=n?n:N(t),trade_data:t})})}async function M(t,e){await o(""/api/saved-trades/"".concat(encodeURIComponent(t)),e,{method:""DELETE"""
bundles/7187-dbf517257821735b.js,1,/api/,"function E(t,e){return o(""/api/keys/"".concat(encodeURIComponent(t)),e,{method:""DELETE""})}function N(t){var e,n;return"""".concat(null!=(e=t._ts_event)?e:0,""_"").concat(null!=(n=t._raw_symbol)?n:t.ticker)}async function B(t){return(await o(""/api/saved-trades"",t)).trades}async function j(t,e,n){await o(""/api/saved-trades"",e,{method:""POST"",headers:{""Content-Type"":""application/json""},body:JSON.stringify({trade_key:null!=n?n:N(t),trade_data:t})})}async function M(t,e){await o(""/api/saved-trades/"".concat(encodeURIComponent(t)),e,{method:""DELETE""})}function J(t){let e=t.right.trim().toUpperCase().startsWith("
bundles/7187-dbf517257821735b.js,1,/api/,"t._raw_symbol)?n:t.ticker)}async function B(t){return(await o(""/api/saved-trades"",t)).trades}async function j(t,e,n){await o(""/api/saved-trades"",e,{method:""POST"",headers:{""Content-Type"":""application/json""},body:JSON.stringify({trade_key:null!=n?n:N(t),trade_data:t})})}async function M(t,e){await o(""/api/saved-trades/"".concat(encodeURIComponent(t)),e,{method:""DELETE""})}function J(t){let e=t.right.trim().toUpperCase().startsWith(""P"")?""P"":""C"",n=t.strike.toFixed(3).replace(/0+$/,"""").replace(/\.$/,"""");return"""".concat(t.ticker.toUpperCase(),"":"").concat(t.expiration,"":"").concat(n,"":"").concat(e)}async func"
bundles/7187-dbf517257821735b.js,1,/api/,"deURIComponent(t)),e,{method:""DELETE""})}function J(t){let e=t.right.trim().toUpperCase().startsWith(""P"")?""P"":""C"",n=t.strike.toFixed(3).replace(/0+$/,"""").replace(/\.$/,"""");return"""".concat(t.ticker.toUpperCase(),"":"").concat(t.expiration,"":"").concat(n,"":"").concat(e)}async function F(t){return(await o(""/api/tracked-contracts"",t)).contracts}async function V(t,e){return(await o(""/api/tracked-contracts"",e,{method:""POST"",headers:{""Content-Type"":""application/json""},body:JSON.stringify(t)})).contract_key}async function z(t,e){await o(""/api/tracked-contracts/"".concat(encodeURIComponent(t)),e,{method:""DELETE""}"
bundles/7187-dbf517257821735b.js,1,/api/,"oUpperCase().startsWith(""P"")?""P"":""C"",n=t.strike.toFixed(3).replace(/0+$/,"""").replace(/\.$/,"""");return"""".concat(t.ticker.toUpperCase(),"":"").concat(t.expiration,"":"").concat(n,"":"").concat(e)}async function F(t){return(await o(""/api/tracked-contracts"",t)).contracts}async function V(t,e){return(await o(""/api/tracked-contracts"",e,{method:""POST"",headers:{""Content-Type"":""application/json""},body:JSON.stringify(t)})).contract_key}async function z(t,e){await o(""/api/tracked-contracts/"".concat(encodeURIComponent(t)),e,{method:""DELETE""})}async function X(t){return(await o(""/api/saved-trades/check-closes"",t,{met"
bundles/7187-dbf517257821735b.js,1,/api/,"ion,"":"").concat(n,"":"").concat(e)}async function F(t){return(await o(""/api/tracked-contracts"",t)).contracts}async function V(t,e){return(await o(""/api/tracked-contracts"",e,{method:""POST"",headers:{""Content-Type"":""application/json""},body:JSON.stringify(t)})).contract_key}async function z(t,e){await o(""/api/tracked-contracts/"".concat(encodeURIComponent(t)),e,{method:""DELETE""})}async function X(t){return(await o(""/api/saved-trades/check-closes"",t,{method:""POST""})).closed}async function q(t,e){await o(""/api/saved-trades/"".concat(encodeURIComponent(t),""/dismiss""),e,{method:""PATCH""})}async function $(t,e){"
bundles/7187-dbf517257821735b.js,1,/api/," function V(t,e){return(await o(""/api/tracked-contracts"",e,{method:""POST"",headers:{""Content-Type"":""application/json""},body:JSON.stringify(t)})).contract_key}async function z(t,e){await o(""/api/tracked-contracts/"".concat(encodeURIComponent(t)),e,{method:""DELETE""})}async function X(t){return(await o(""/api/saved-trades/check-closes"",t,{method:""POST""})).closed}async function q(t,e){await o(""/api/saved-trades/"".concat(encodeURIComponent(t),""/dismiss""),e,{method:""PATCH""})}async function $(t,e){return 0===t.length?{}:(await o(""/api/saved-trades/quotes"",e,{method:""POST"",headers:{""Content-Type"":""application"
bundles/7187-dbf517257821735b.js,1,/api/,"t-Type"":""application/json""},body:JSON.stringify(t)})).contract_key}async function z(t,e){await o(""/api/tracked-contracts/"".concat(encodeURIComponent(t)),e,{method:""DELETE""})}async function X(t){return(await o(""/api/saved-trades/check-closes"",t,{method:""POST""})).closed}async function q(t,e){await o(""/api/saved-trades/"".concat(encodeURIComponent(t),""/dismiss""),e,{method:""PATCH""})}async function $(t,e){return 0===t.length?{}:(await o(""/api/saved-trades/quotes"",e,{method:""POST"",headers:{""Content-Type"":""application/json""},body:JSON.stringify({contracts:t})})).quotes}async function Q(t){return o(""/api/di"
bundles/7187-dbf517257821735b.js,1,/api/,"URIComponent(t)),e,{method:""DELETE""})}async function X(t){return(await o(""/api/saved-trades/check-closes"",t,{method:""POST""})).closed}async function q(t,e){await o(""/api/saved-trades/"".concat(encodeURIComponent(t),""/dismiss""),e,{method:""PATCH""})}async function $(t,e){return 0===t.length?{}:(await o(""/api/saved-trades/quotes"",e,{method:""POST"",headers:{""Content-Type"":""application/json""},body:JSON.stringify({contracts:t})})).quotes}async function Q(t){return o(""/api/discord-channels"",t)}async function W(t,e,n,i){let a={};return t&&(a.channels=t),void 0!==e&&(a.message_template=e),void 0!==n&&(a.include"
bundles/7187-dbf517257821735b.js,1,/api/,"(""/api/saved-trades/"".concat(encodeURIComponent(t),""/dismiss""),e,{method:""PATCH""})}async function $(t,e){return 0===t.length?{}:(await o(""/api/saved-trades/quotes"",e,{method:""POST"",headers:{""Content-Type"":""application/json""},body:JSON.stringify({contracts:t})})).quotes}async function Q(t){return o(""/api/discord-channels"",t)}async function W(t,e,n,i){let a={};return t&&(a.channels=t),void 0!==e&&(a.message_template=e),void 0!==n&&(a.include_open_link=n),o(""/api/discord-channels"",i,{method:""PUT"",headers:{""Content-Type"":""application/json""},body:JSON.stringify(a)})}async function Z(t,e){await o(""/api/d"
bundles/7187-dbf517257821735b.js,1,/api/,"es"",e,{method:""POST"",headers:{""Content-Type"":""application/json""},body:JSON.stringify({contracts:t})})).quotes}async function Q(t){return o(""/api/discord-channels"",t)}async function W(t,e,n,i){let a={};return t&&(a.channels=t),void 0!==e&&(a.message_template=e),void 0!==n&&(a.include_open_link=n),o(""/api/discord-channels"",i,{method:""PUT"",headers:{""Content-Type"":""application/json""},body:JSON.stringify(a)})}async function Z(t,e){await o(""/api/discord/test"",e,{method:""POST"",headers:{""Content-Type"":""application/json""},body:JSON.stringify({channel_id:t})})}async function H(t,e){return o(""/api/admin/users"
bundles/7187-dbf517257821735b.js,1,/api/,"""/api/discord-channels"",t)}async function W(t,e,n,i){let a={};return t&&(a.channels=t),void 0!==e&&(a.message_template=e),void 0!==n&&(a.include_open_link=n),o(""/api/discord-channels"",i,{method:""PUT"",headers:{""Content-Type"":""application/json""},body:JSON.stringify(a)})}async function Z(t,e){await o(""/api/discord/test"",e,{method:""POST"",headers:{""Content-Type"":""application/json""},body:JSON.stringify({channel_id:t})})}async function H(t,e){return o(""/api/admin/users/"".concat(encodeURIComponent(t),""/discord-channels""),e)}async function G(t,e,n){return o(""/api/admin/users/"".concat(encodeURIComponent(t),"""
bundles/7187-dbf517257821735b.js,1,/api/,"link=n),o(""/api/discord-channels"",i,{method:""PUT"",headers:{""Content-Type"":""application/json""},body:JSON.stringify(a)})}async function Z(t,e){await o(""/api/discord/test"",e,{method:""POST"",headers:{""Content-Type"":""application/json""},body:JSON.stringify({channel_id:t})})}async function H(t,e){return o(""/api/admin/users/"".concat(encodeURIComponent(t),""/discord-channels""),e)}async function G(t,e,n){return o(""/api/admin/users/"".concat(encodeURIComponent(t),""/discord-channels""),n,{method:""POST"",headers:{""Content-Type"":""application/json""},body:JSON.stringify(e)})}async function K(t,e,n){await o(""/api/admin/"
bundles/7187-dbf517257821735b.js,1,/api/,"ringify(a)})}async function Z(t,e){await o(""/api/discord/test"",e,{method:""POST"",headers:{""Content-Type"":""application/json""},body:JSON.stringify({channel_id:t})})}async function H(t,e){return o(""/api/admin/users/"".concat(encodeURIComponent(t),""/discord-channels""),e)}async function G(t,e,n){return o(""/api/admin/users/"".concat(encodeURIComponent(t),""/discord-channels""),n,{method:""POST"",headers:{""Content-Type"":""application/json""},body:JSON.stringify(e)})}async function K(t,e,n){await o(""/api/admin/users/"".concat(encodeURIComponent(t),""/discord-channels/"").concat(encodeURIComponent(e),""/test""),n,{method"
bundles/7187-dbf517257821735b.js,1,/api/,"rn o(""/api/admin/users/"".concat(encodeURIComponent(t),""/discord-channels""),e)}async function G(t,e,n){return o(""/api/admin/users/"".concat(encodeURIComponent(t),""/discord-channels""),n,{method:""POST"",headers:{""Content-Type"":""application/json""},body:JSON.stringify(e)})}async function K(t,e,n){await o(""/api/admin/users/"".concat(encodeURIComponent(t),""/discord-channels/"").concat(encodeURIComponent(e),""/test""),n,{method:""POST""})}async function Y(t,e,n){return o(""/api/admin/users/"".concat(encodeURIComponent(t),""/discord-channels/"").concat(encodeURIComponent(e)),n,{method:""DELETE""})}async function tt(t,e,n"
bundles/7187-dbf517257821735b.js,1,/api/,"/discord-channels""),n,{method:""POST"",headers:{""Content-Type"":""application/json""},body:JSON.stringify(e)})}async function K(t,e,n){await o(""/api/admin/users/"".concat(encodeURIComponent(t),""/discord-channels/"").concat(encodeURIComponent(e),""/test""),n,{method:""POST""})}async function Y(t,e,n){return o(""/api/admin/users/"".concat(encodeURIComponent(t),""/discord-channels/"").concat(encodeURIComponent(e)),n,{method:""DELETE""})}async function tt(t,e,n,i,a){await o(""/api/discord/share"",a,{method:""POST"",headers:{""Content-Type"":""application/json""},body:JSON.stringify({channel_id:t,image_base64:e,...n,custom_mess"
bundles/7187-dbf517257821735b.js,1,/api/,"oncat(encodeURIComponent(t),""/discord-channels/"").concat(encodeURIComponent(e),""/test""),n,{method:""POST""})}async function Y(t,e,n){return o(""/api/admin/users/"".concat(encodeURIComponent(t),""/discord-channels/"").concat(encodeURIComponent(e)),n,{method:""DELETE""})}async function tt(t,e,n,i,a){await o(""/api/discord/share"",a,{method:""POST"",headers:{""Content-Type"":""application/json""},body:JSON.stringify({channel_id:t,image_base64:e,...n,custom_message:i})})}async function te(t,e){var n;let i=new URLSearchParams;t&&t.length>0&&i.set(""tickers"",t.join("",""));let a=i.toString();return null!=(n=(await o(""/api/"
bundles/7187-dbf517257821735b.js,1,/api/,"/api/discord/share"",a,{method:""POST"",headers:{""Content-Type"":""application/json""},body:JSON.stringify({channel_id:t,image_base64:e,...n,custom_message:i})})}async function te(t,e){var n;let i=new URLSearchParams;t&&t.length>0&&i.set(""tickers"",t.join("",""));let a=i.toString();return null!=(n=(await o(""/api/market/overview"".concat(a?""?"".concat(a):""""),e)).data)?n:null}async function tn(){var t;let e=arguments.length>0&&void 0!==arguments[0]?arguments[0]:""1D"",n=arguments.length>1&&void 0!==arguments[1]?arguments[1]:""1min"",i=arguments.length>2?arguments[2]:void 0,a=arguments.length>3?arguments[3]:void 0,r"
bundles/7187-dbf517257821735b.js,1,/api/,"s[0]?arguments[0]:""1D"",n=arguments.length>1&&void 0!==arguments[1]?arguments[1]:""1min"",i=arguments.length>2?arguments[2]:void 0,a=arguments.length>3?arguments[3]:void 0,r=arguments.length>4?arguments[4]:void 0,c=new URLSearchParams({interval:e,bucket:n});return i&&c.set(""date"",i),null!=(t=(await o(""/api/market/tide?"".concat(c.toString()),a,r?{signal:r}:{})).data)?t:null}async function ti(t,e,n){let i=new URLSearchParams({group_id:t});return n&&i.set(""trade_date"",n),o(""/api/strategy/legs?"".concat(i.toString()),e)}let ta=200;async function to(t,e,n){var i;return 0===t.length?{}:null!=(i=(await o(""/ap"
bundles/7187-dbf517257821735b.js,1,/api/,"guments.length>4?arguments[4]:void 0,c=new URLSearchParams({interval:e,bucket:n});return i&&c.set(""date"",i),null!=(t=(await o(""/api/market/tide?"".concat(c.toString()),a,r?{signal:r}:{})).data)?t:null}async function ti(t,e,n){let i=new URLSearchParams({group_id:t});return n&&i.set(""trade_date"",n),o(""/api/strategy/legs?"".concat(i.toString()),e)}let ta=200;async function to(t,e,n){var i;return 0===t.length?{}:null!=(i=(await o(""/api/cross-hedge/links"",e,{method:""POST"",headers:{""Content-Type"":""application/json""},body:JSON.stringify({trades:t.slice(0,ta)}),...n?{signal:n}:{}})).links)?i:{}}async functio"
bundles/7187-dbf517257821735b.js,1,/api/,"pi/market/tide?"".concat(c.toString()),a,r?{signal:r}:{})).data)?t:null}async function ti(t,e,n){let i=new URLSearchParams({group_id:t});return n&&i.set(""trade_date"",n),o(""/api/strategy/legs?"".concat(i.toString()),e)}let ta=200;async function to(t,e,n){var i;return 0===t.length?{}:null!=(i=(await o(""/api/cross-hedge/links"",e,{method:""POST"",headers:{""Content-Type"":""application/json""},body:JSON.stringify({trades:t.slice(0,ta)}),...n?{signal:n}:{}})).links)?i:{}}async function tr(){let t=arguments.length>0&&void 0!==arguments[0]?arguments[0]:{},e=arguments.length>1?arguments[1]:void 0,n=arguments.lengt"
bundles/7187-dbf517257821735b.js,1,/api/,"vol"",String(t.max_avg_vol)),t.sectors&&e.set(""sectors"",t.sectors),t.industries&&e.set(""industries"",t.industries),t.venue&&e.set(""venue"",t.venue),null!=t.limit&&e.set(""limit"",String(t.limit)),null!=t.offset&&e.set(""offset"",String(t.offset)),t.order&&e.set(""order"",t.order),e})(t).toString();return o(""/api/dark-pool/trades"".concat(i?""?"".concat(i):""""),e,n?{signal:n}:{})}async function tc(){let t=arguments.length>0&&void 0!==arguments[0]?arguments[0]:{},e=arguments.length>1?arguments[1]:void 0,n=arguments.length>2?arguments[2]:void 0,i=new URLSearchParams;t.date&&i.set(""date"",t.date),null!=t.top_n&&i.se"
bundles/7187-dbf517257821735b.js,1,/api/,"l"",String(t.min_notional)),null!=t.min_avg_vol&&i.set(""min_avg_vol"",String(t.min_avg_vol)),null!=t.max_avg_vol&&i.set(""max_avg_vol"",String(t.max_avg_vol)),null!=t.min_price&&i.set(""min_price"",String(t.min_price)),null!=t.max_price&&i.set(""max_price"",String(t.max_price));let a=i.toString();return o(""/api/dark-pool/sector-summary"".concat(a?""?"".concat(a):""""),e,n?{signal:n}:{})}async function ts(t,e,n){let i=new URLSearchParams({ticker:t.ticker});return void 0!==t.top_n&&i.set(""top_n"",String(t.top_n)),void 0!==t.lookback_days&&i.set(""lookback_days"",String(t.lookback_days)),t.as_of_date&&i.set(""as_of_da"
bundles/7187-dbf517257821735b.js,1,/api/,"ary"".concat(a?""?"".concat(a):""""),e,n?{signal:n}:{})}async function ts(t,e,n){let i=new URLSearchParams({ticker:t.ticker});return void 0!==t.top_n&&i.set(""top_n"",String(t.top_n)),void 0!==t.lookback_days&&i.set(""lookback_days"",String(t.lookback_days)),t.as_of_date&&i.set(""as_of_date"",t.as_of_date),o(""/api/dark-pool/top-prints?"".concat(i.toString()),e,n?{signal:n}:{})}async function tl(t){let e=arguments.length>1&&void 0!==arguments[1]?arguments[1]:""1D"",n=arguments.length>2?arguments[2]:void 0,i=arguments.length>3?arguments[3]:void 0,a=arguments.length>4?arguments[4]:void 0,r=new URLSearchParams({inte"
bundles/7187-dbf517257821735b.js,1,/api/,"ng()),e,n?{signal:n}:{})}async function tl(t){let e=arguments.length>1&&void 0!==arguments[1]?arguments[1]:""1D"",n=arguments.length>2?arguments[2]:void 0,i=arguments.length>3?arguments[3]:void 0,a=arguments.length>4?arguments[4]:void 0,r=new URLSearchParams({interval:e});return n&&r.set(""date"",n),o(""/api/underlying/"".concat(encodeURIComponent(t),""/flow-vwap?"").concat(r.toString()),i,a?{signal:a}:{})}async function tm(t,e,n){let i=new URLSearchParams;t.event_type&&i.set(""event_type"",t.event_type),t.from&&i.set(""from"",t.from),t.to&&i.set(""to"",t.to),void 0!==t.limit&&i.set(""limit"",String(t.limit));let "
bundles/7187-dbf517257821735b.js,1,/api/,"eURIComponent(t),""/flow-vwap?"").concat(r.toString()),i,a?{signal:a}:{})}async function tm(t,e,n){let i=new URLSearchParams;t.event_type&&i.set(""event_type"",t.event_type),t.from&&i.set(""from"",t.from),t.to&&i.set(""to"",t.to),void 0!==t.limit&&i.set(""limit"",String(t.limit));let a=i.toString();return o(""/api/underlying/"".concat(encodeURIComponent(t.ticker),""/events"").concat(a?""?"".concat(a):""""),e,n?{signal:n}:{})}async function td(){let t=arguments.length>0&&void 0!==arguments[0]?arguments[0]:{},e=arguments.length>1?arguments[1]:void 0,n=arguments.length>2?arguments[2]:void 0,i=new URLSearchParams;t.from"
bundles/7187-dbf517257821735b.js,1,/api/,"ents.length>2?arguments[2]:void 0,i=new URLSearchParams;t.from&&i.set(""from"",t.from),t.to&&i.set(""to"",t.to),t.event_type&&i.set(""event_type"",t.event_type),void 0!==t.min_premium&&i.set(""min_premium"",String(t.min_premium)),void 0!==t.limit&&i.set(""limit"",String(t.limit));let a=i.toString();return o(""/api/calendar/events"".concat(a?""?"".concat(a):""""),e,n?{signal:n}:{})}async function tu(){let t=arguments.length>0&&void 0!==arguments[0]?arguments[0]:{},e=arguments.length>1?arguments[1]:void 0,n=arguments.length>2?arguments[2]:void 0,i=new URLSearchParams;t.from&&i.set(""from"",t.from),t.to&&i.set(""to"",t.t"
bundles/7187-dbf517257821735b.js,1,/api/,"=arguments.length>1?arguments[1]:void 0,n=arguments.length>2?arguments[2]:void 0,i=new URLSearchParams;t.from&&i.set(""from"",t.from),t.to&&i.set(""to"",t.to),void 0!==t.min_premium&&i.set(""min_premium"",String(t.min_premium)),void 0!==t.limit&&i.set(""limit"",String(t.limit));let a=i.toString();return o(""/api/calendar/earnings-moves"".concat(a?""?"".concat(a):""""),e,n?{signal:n}:{})}async function tp(){let t=arguments.length>0&&void 0!==arguments[0]?arguments[0]:{},e=arguments.length>1?arguments[1]:void 0,n=arguments.length>2?arguments[2]:void 0,i=new URLSearchParams;void 0!==t.limit&&i.set(""limit"",String(t."
bundles/7187-dbf517257821735b.js,1,/api/,"RLSearchParams;void 0!==t.limit&&i.set(""limit"",String(t.limit)),void 0!==t.min_rvol&&i.set(""min_rvol"",String(t.min_rvol)),void 0!==t.lookback_days&&i.set(""lookback_days"",String(t.lookback_days)),void 0!==t.min_avg_volume&&i.set(""min_avg_volume"",String(t.min_avg_volume));let a=i.toString();return o(""/api/compass/top-contracts"".concat(a?""?"".concat(a):""""),e,n?{signal:n}:{})}async function t_(){let t=arguments.length>0&&void 0!==arguments[0]?arguments[0]:{},e=arguments.length>1?arguments[1]:void 0,n=arguments.length>2?arguments[2]:void 0,i=new URLSearchParams;void 0!==t.limit&&i.set(""limit"",String(t.li"
bundles/7187-dbf517257821735b.js,1,/api/,"ts.length>0&&void 0!==arguments[0]?arguments[0]:{},e=arguments.length>1?arguments[1]:void 0,n=arguments.length>2?arguments[2]:void 0,i=new URLSearchParams;void 0!==t.limit&&i.set(""limit"",String(t.limit)),void 0!==t.min_premium&&i.set(""min_premium"",String(t.min_premium));let a=i.toString();return o(""/api/compass/top-industries"".concat(a?""?"".concat(a):""""),e,n?{signal:n}:{})}async function tg(){let t=arguments.length>0&&void 0!==arguments[0]?arguments[0]:{},e=arguments.length>1?arguments[1]:void 0,n=arguments.length>2?arguments[2]:void 0,i=new URLSearchParams;void 0!==t.limit&&i.set(""limit"",String(t.l"
bundles/7187-dbf517257821735b.js,1,/api/,"ts.length>0&&void 0!==arguments[0]?arguments[0]:{},e=arguments.length>1?arguments[1]:void 0,n=arguments.length>2?arguments[2]:void 0,i=new URLSearchParams;void 0!==t.limit&&i.set(""limit"",String(t.limit)),void 0!==t.min_premium&&i.set(""min_premium"",String(t.min_premium));let a=i.toString();return o(""/api/compass/net-impact"".concat(a?""?"".concat(a):""""),e,n?{signal:n}:{})}async function tv(t,e,n){let i=new URLSearchParams;return i.set(""industry"",t.industry),void 0!==t.limit&&i.set(""limit"",String(t.limit)),void 0!==t.min_premium&&i.set(""min_premium"",String(t.min_premium)),o(""/api/compass/industry-ticker"
bundles/7187-dbf517257821735b.js,1,/api/,"i.toString();return o(""/api/compass/net-impact"".concat(a?""?"".concat(a):""""),e,n?{signal:n}:{})}async function tv(t,e,n){let i=new URLSearchParams;return i.set(""industry"",t.industry),void 0!==t.limit&&i.set(""limit"",String(t.limit)),void 0!==t.min_premium&&i.set(""min_premium"",String(t.min_premium)),o(""/api/compass/industry-tickers?"".concat(i.toString()),e,n?{signal:n}:{})}async function th(){let t=arguments.length>0&&void 0!==arguments[0]?arguments[0]:{},e=arguments.length>1?arguments[1]:void 0,n=arguments.length>2?arguments[2]:void 0,i=new URLSearchParams;void 0!==t.window&&i.set(""window"",t.window);l"
bundles/7187-dbf517257821735b.js,1,/api/,"oncat(i.toString()),e,n?{signal:n}:{})}async function th(){let t=arguments.length>0&&void 0!==arguments[0]?arguments[0]:{},e=arguments.length>1?arguments[1]:void 0,n=arguments.length>2?arguments[2]:void 0,i=new URLSearchParams;void 0!==t.window&&i.set(""window"",t.window);let a=i.toString();return o(""/api/compass/breadth-calendar"".concat(a?""?"".concat(a):""""),e,n?{signal:n}:{})}async function tS(){let t=arguments.length>0&&void 0!==arguments[0]?arguments[0]:{},e=arguments.length>1?arguments[1]:void 0,n=arguments.length>2?arguments[2]:void 0,i=new URLSearchParams;void 0!==t.window&&i.set(""window"",t.wind"
bundles/7187-dbf517257821735b.js,1,/api/,"a?""?"".concat(a):""""),e,n?{signal:n}:{})}async function tS(){let t=arguments.length>0&&void 0!==arguments[0]?arguments[0]:{},e=arguments.length>1?arguments[1]:void 0,n=arguments.length>2?arguments[2]:void 0,i=new URLSearchParams;void 0!==t.window&&i.set(""window"",t.window);let a=i.toString();return o(""/api/compass/rotation-map"".concat(a?""?"".concat(a):""""),e,n?{signal:n}:{})}async function tw(t,e,n){let i=new URLSearchParams;void 0!==t.window&&i.set(""window"",t.window),void 0!==t.expiration&&i.set(""expiration"",t.expiration),void 0!==t.strikes&&i.set(""strikes"",String(t.strikes)),void 0!==t.date&&i.set(""da"
bundles/7187-dbf517257821735b.js,1,/api/,"(a):""""),e,n?{signal:n}:{})}async function tw(t,e,n){let i=new URLSearchParams;void 0!==t.window&&i.set(""window"",t.window),void 0!==t.expiration&&i.set(""expiration"",t.expiration),void 0!==t.strikes&&i.set(""strikes"",String(t.strikes)),void 0!==t.date&&i.set(""date"",t.date);let a=i.toString();return o(""/api/underlying/"".concat(encodeURIComponent(t.ticker),""/strike-flow"").concat(a?""?"".concat(a):""""),e,n?{signal:n}:{})}async function ty(t,e,n){let i=new URLSearchParams;void 0!==t.date&&i.set(""date"",t.date),void 0!==t.expiration&&i.set(""expiration"",t.expiration),void 0!==t.strikes&&i.set(""strikes"",String(t"
bundles/7187-dbf517257821735b.js,1,/api/,".ticker),""/strike-flow"").concat(a?""?"".concat(a):""""),e,n?{signal:n}:{})}async function ty(t,e,n){let i=new URLSearchParams;void 0!==t.date&&i.set(""date"",t.date),void 0!==t.expiration&&i.set(""expiration"",t.expiration),void 0!==t.strikes&&i.set(""strikes"",String(t.strikes));let a=i.toString();return o(""/api/underlying/"".concat(encodeURIComponent(t.ticker),""/strike-flow/session"").concat(a?""?"".concat(a):""""),e,n?{signal:n}:{})}async function tf(){let t=arguments.length>0&&void 0!==arguments[0]?arguments[0]:{},e=arguments.length>1?arguments[1]:void 0,n=arguments.length>2?arguments[2]:void 0,i=new URLSearch"
bundles/7187-dbf517257821735b.js,1,/api/,"atio"",String(t.max_multi_leg_ratio)),void 0!==t.min_tower_mult&&i.set(""min_tower_mult"",String(t.min_tower_mult)),void 0!==t.vol_similarity&&i.set(""vol_similarity"",String(t.vol_similarity)),void 0!==t.min_recent_share&&i.set(""min_recent_share"",String(t.min_recent_share));let a=i.toString();return o(""/api/compass/repetitive-hits"".concat(a?""?"".concat(a):""""),e,n?{signal:n}:{})}async function tk(){let t=arguments.length>0&&void 0!==arguments[0]?arguments[0]:{},e=arguments.length>1?arguments[1]:void 0,n=arguments.length>2?arguments[2]:void 0,i=new URLSearchParams;void 0!==t.limit&&i.set(""limit"",String(t."
bundles/7187-dbf517257821735b.js,1,/api/,"ts.length>0&&void 0!==arguments[0]?arguments[0]:{},e=arguments.length>1?arguments[1]:void 0,n=arguments.length>2?arguments[2]:void 0,i=new URLSearchParams;void 0!==t.limit&&i.set(""limit"",String(t.limit)),void 0!==t.min_premium&&i.set(""min_premium"",String(t.min_premium));let a=i.toString();return o(""/api/compass/large-opening-orders"".concat(a?""?"".concat(a):""""),e,n?{signal:n}:{})}let tx={maxRules:25,maxNameLen:80,maxChannelsPerRule:5,minRateCap:1,maxRateCap:120,defaultRateCap:10};async function tP(t){return o(""/api/alerts"",t)}async function tb(t,e){return o(""/api/alerts"",e,{method:""POST"",headers:{""Co"
bundles/7187-dbf517257821735b.js,1,/api/,".min_premium&&i.set(""min_premium"",String(t.min_premium));let a=i.toString();return o(""/api/compass/large-opening-orders"".concat(a?""?"".concat(a):""""),e,n?{signal:n}:{})}let tx={maxRules:25,maxNameLen:80,maxChannelsPerRule:5,minRateCap:1,maxRateCap:120,defaultRateCap:10};async function tP(t){return o(""/api/alerts"",t)}async function tb(t,e){return o(""/api/alerts"",e,{method:""POST"",headers:{""Content-Type"":""application/json""},body:JSON.stringify(t)})}async function tC(t,e,n){return o(""/api/alerts/"".concat(encodeURIComponent(t)),n,{method:""PUT"",headers:{""Content-Type"":""application/json""},body:JSON.stringif"
bundles/7187-dbf517257821735b.js,1,/api/,"emium));let a=i.toString();return o(""/api/compass/large-opening-orders"".concat(a?""?"".concat(a):""""),e,n?{signal:n}:{})}let tx={maxRules:25,maxNameLen:80,maxChannelsPerRule:5,minRateCap:1,maxRateCap:120,defaultRateCap:10};async function tP(t){return o(""/api/alerts"",t)}async function tb(t,e){return o(""/api/alerts"",e,{method:""POST"",headers:{""Content-Type"":""application/json""},body:JSON.stringify(t)})}async function tC(t,e,n){return o(""/api/alerts/"".concat(encodeURIComponent(t)),n,{method:""PUT"",headers:{""Content-Type"":""application/json""},body:JSON.stringify(e)})}async function tU(t,e){return o(""/api/aler"
bundles/7187-dbf517257821735b.js,1,/api/,":25,maxNameLen:80,maxChannelsPerRule:5,minRateCap:1,maxRateCap:120,defaultRateCap:10};async function tP(t){return o(""/api/alerts"",t)}async function tb(t,e){return o(""/api/alerts"",e,{method:""POST"",headers:{""Content-Type"":""application/json""},body:JSON.stringify(t)})}async function tC(t,e,n){return o(""/api/alerts/"".concat(encodeURIComponent(t)),n,{method:""PUT"",headers:{""Content-Type"":""application/json""},body:JSON.stringify(e)})}async function tU(t,e){return o(""/api/alerts/"".concat(encodeURIComponent(t)),e,{method:""DELETE""})}async function tO(){var t;let e=arguments.length>0&&void 0!==arguments[0]?argu"
bundles/7187-dbf517257821735b.js,1,/api/," o(""/api/alerts"",e,{method:""POST"",headers:{""Content-Type"":""application/json""},body:JSON.stringify(t)})}async function tC(t,e,n){return o(""/api/alerts/"".concat(encodeURIComponent(t)),n,{method:""PUT"",headers:{""Content-Type"":""application/json""},body:JSON.stringify(e)})}async function tU(t,e){return o(""/api/alerts/"".concat(encodeURIComponent(t)),e,{method:""DELETE""})}async function tO(){var t;let e=arguments.length>0&&void 0!==arguments[0]?arguments[0]:{},n=arguments.length>1?arguments[1]:void 0,i=new URLSearchParams;return e.ruleId&&i.set(""rule_id"",e.ruleId),e.ticker&&i.set(""ticker"",e.ticker),i.set(""li"
bundles/7187-dbf517257821735b.js,1,/api/,"ength>0&&void 0!==arguments[0]?arguments[0]:{},n=arguments.length>1?arguments[1]:void 0,i=new URLSearchParams;return e.ruleId&&i.set(""rule_id"",e.ruleId),e.ticker&&i.set(""ticker"",e.ticker),i.set(""limit"",String(null!=(t=e.limit)?t:50)),e.paginationToken&&i.set(""pagination_token"",e.paginationToken),o(""/api/alerts/events?"".concat(i.toString()),n)}async function tR(t,e){return o(""/api/alerts/events/acknowledge"",e,{method:""POST"",headers:{""Content-Type"":""application/json""},body:JSON.stringify(t)})}async function tL(t,e){return o(""/api/alerts/events/acknowledge-bulk"",e,{method:""POST"",headers:{""Content-Type"
bundles/7187-dbf517257821735b.js,1,/api/,"1]:void 0,i=new URLSearchParams;return e.ruleId&&i.set(""rule_id"",e.ruleId),e.ticker&&i.set(""ticker"",e.ticker),i.set(""limit"",String(null!=(t=e.limit)?t:50)),e.paginationToken&&i.set(""pagination_token"",e.paginationToken),o(""/api/alerts/events?"".concat(i.toString()),n)}async function tR(t,e){return o(""/api/alerts/events/acknowledge"",e,{method:""POST"",headers:{""Content-Type"":""application/json""},body:JSON.stringify(t)})}async function tL(t,e){return o(""/api/alerts/events/acknowledge-bulk"",e,{method:""POST"",headers:{""Content-Type"":""application/json""},body:JSON.stringify({events:t})})}},64269:(t,e,n)=>{n.d("
bundles/7187-dbf517257821735b.js,1,/api/,"50)),e.paginationToken&&i.set(""pagination_token"",e.paginationToken),o(""/api/alerts/events?"".concat(i.toString()),n)}async function tR(t,e){return o(""/api/alerts/events/acknowledge"",e,{method:""POST"",headers:{""Content-Type"":""application/json""},body:JSON.stringify(t)})}async function tL(t,e){return o(""/api/alerts/events/acknowledge-bulk"",e,{method:""POST"",headers:{""Content-Type"":""application/json""},body:JSON.stringify({events:t})})}},64269:(t,e,n)=>{n.d(e,{cn:()=>o});var i=n(2821),a=n(75889);function o(){for(var t=arguments.length,e=Array(t),n=0;n<t;n++)e[n]=arguments[n];return(0,a.QP)((0,i.$)(e))}},65"
bundles/page-ee729ac9decf605c.js,1,heatseeker,"OString())?l:null,speed:d,isPlaying:p}:null,connection:u,lastUpdated:x,priorRead:function(e){try{let t=sessionStorage.getItem(""talon:hs:lastread:"".concat(e));return t?JSON.parse(t):null}catch(e){return null}}(a)})},[a,e,n,o,t,r,g,i,s,c,d,p,u,x]),f=(0,l.useRef)(h);f.current=h,(0,l.useEffect)(()=>{b(""heatseeker"",a)},[a,b]),(0,l.useEffect)(()=>{m(h.materiality.key);var e=h.read.mode,t=h.read.bias.regime;try{sessionStorage.setItem(""talon:hs:lastread:"".concat(a),JSON.stringify({mode:e,regime:t}))}catch(e){}},[h.materiality.key,h.read.mode,h.read.bias.regime,a,m,h]),(0,l.useEffect)(()=>()=>{m(""""),b("""","""")},[m"
bundles/page-ee729ac9decf605c.js,1,Heatseeker,"a.jsxs)(""span"",{style:{fontSize:""10px"",color:Q.qd.muted(ee),fontFamily:Q.Il.font.mono},children:[""Favorites: "",(null==t9?void 0:t9.length)||0]})]})})]})})]})}var eY=r(15962),eX=r(29231);function e$(){return(0,a.jsx)(eX.Y,{children:(0,a.jsx)(n.M,{activePage:""heatmaps"",children:(0,a.jsx)(eY.u,{title:""Heatseeker starts at Initiate"",description:""Community members get Flowseeker and Nexus access, but Heatseeker tools unlock at Initiate and above."",children:(0,a.jsx)(eK,{})})})})}},94560:(e,t,r)=>{""use strict"";r.d(t,{K:()=>c});var a=r(95155),n=r(12115),l=r(46767),o=r(98053),i=r(61170),s=r(17764);function c(e)"
bundles/page-ee729ac9decf605c.js,1,Flowseeker,"mily:Q.Il.font.mono},children:[""Favorites: "",(null==t9?void 0:t9.length)||0]})]})})]})})]})}var eY=r(15962),eX=r(29231);function e$(){return(0,a.jsx)(eX.Y,{children:(0,a.jsx)(n.M,{activePage:""heatmaps"",children:(0,a.jsx)(eY.u,{title:""Heatseeker starts at Initiate"",description:""Community members get Flowseeker and Nexus access, but Heatseeker tools unlock at Initiate and above."",children:(0,a.jsx)(eK,{})})})})}},94560:(e,t,r)=>{""use strict"";r.d(t,{K:()=>c});var a=r(95155),n=r(12115),l=r(46767),o=r(98053),i=r(61170),s=r(17764);function c(e){let{symbolInfo:t,context:r=""default"",className:c=""""}=e,[d,p]=(0,n"
bundles/page-ee729ac9decf605c.js,1,Heatseeker,"avorites: "",(null==t9?void 0:t9.length)||0]})]})})]})})]})}var eY=r(15962),eX=r(29231);function e$(){return(0,a.jsx)(eX.Y,{children:(0,a.jsx)(n.M,{activePage:""heatmaps"",children:(0,a.jsx)(eY.u,{title:""Heatseeker starts at Initiate"",description:""Community members get Flowseeker and Nexus access, but Heatseeker tools unlock at Initiate and above."",children:(0,a.jsx)(eK,{})})})})}},94560:(e,t,r)=>{""use strict"";r.d(t,{K:()=>c});var a=r(95155),n=r(12115),l=r(46767),o=r(98053),i=r(61170),s=r(17764);function c(e){let{symbolInfo:t,context:r=""default"",className:c=""""}=e,[d,p]=(0,n.useState)(!1),u=(0,s.a)(t);if(!u"
bundles/7297-f12effc5f786481c.js,1,falcon,"hrome:()=>e({panelPosition:null,panelSize:null,panelOpacity:1,panelBlur:14,panelSheetHeight:null,bubblePosition:null,minSignal:.33},!1,""resetPanelChrome"")}),{name:""skylit-glitch-widget"",version:3,migrate:(e,t)=>{let n=null!=e?e:{};if(t<2&&(""talon""===n.activeTab&&""v2""===n.talonVariant&&(n.activeTab=""falcon""),delete n.talonVariant),t<3)try{let e=Number(localStorage.getItem(""skylit:lifecycle:balance-usd""));Number.isFinite(e)&&e>0&&(n.accountBalance=Math.max(0,e));let t=Number(localStorage.getItem(""skylit:lifecycle:risk-pct""));Number.isFinite(t)&&t>0&&(n.riskPct=Math.min(100,Math.max(.1,t)))}catch(e){}r"
bundles/7297-f12effc5f786481c.js,1,EventSource,"{console.warn(""[drawings-sync] PUT failed"",e)}})}},93791:(e,t,n)=>{n.d(t,{l:()=>a});var l=n(12115);function a(e,t){var n;let a=(0,l.useRef)(e);a.current=e;let r=null==(n=null==t?void 0:t.enabled)||n,o=null==t?void 0:t.symbol;(0,l.useEffect)(()=>{if(!r)return;let e=!1,t=null,n=null,l=()=>{e||((t=new EventSource(o?""/forge/stream?symbol="".concat(encodeURIComponent(o)):""/forge/stream"")).onmessage=e=>{if(e.data)try{a.current(JSON.parse(e.data))}catch(e){}},t.onerror=()=>{null==t||t.close(),t=null,e||(n=setTimeout(l,3e3))})};return l(),()=>{e=!0,null==t||t.close(),n&&clearTimeout(n)}},[o,r])}},98388:(e,t,n)=>{"
bundles/7297-f12effc5f786481c.js,1,/api/,"-1].c:void 0}function z(e,t){var n;let l=(0,o.K)({symbol:e||""SPY"",enabled:t&&!!e,resolution:""1s""}),r=(0,a.useRef)(void 0),s=l.bars&&l.bars.length?l.bars[l.bars.length-1].c:void 0;null!=s&&(r.current=s);let[c,i]=(0,a.useState)(void 0);return(0,a.useEffect)(()=>{if(!t||!e)return;let n=!0,l=()=>fetch(""/api/live-spot?symbol="".concat(encodeURIComponent(e)),{cache:""no-store""}).then(e=>e.ok?e.json():null).then(e=>{n&&e&&null!=e.px&&i(e.px)}).catch(()=>{});l();let a=setInterval(l,2e3);return()=>{n=!1,clearInterval(a)}},[e,t]),{px:null!=(n=null!=s?s:r.current)?n:c,live:t&&l.connected&&null!=s}}function C(e,"
bundles/7297-f12effc5f786481c.js,1,Flowseeker,".n_trades||null==g.contracts)return(0,l.jsx)(""div"",{className:""mx-4 mt-4 rounded-xl p-3.5"",style:{background:d.ink(.03),border:""1px solid "".concat(d.ink(.09))},children:(0,l.jsx)(""span"",{className:""block uppercase"",style:{fontSize:9,fontWeight:600,letterSpacing:""0.18em"",color:i.textMuted},children:""Flowseeker \xb7 since fire — loading…""})});let N=e=>e>=1e6?""$"".concat((e/1e6).toFixed(1),""M""):""$"".concat(Math.round(e/1e3),""K""),E=null==g.skew_pct?i.textMuted:g.skew_pct>=55?d.bull:g.skew_pct<=45?d.bear:i.textSecondary;return(0,l.jsxs)(""div"",{className:""mx-4 mt-4 rounded-xl p-3.5"",style:{background:d.ink(.03)"
bundles/7297-f12effc5f786481c.js,1,Flowseeker,"),border:""1px solid "".concat(d.ink(.09))},children:[(0,l.jsxs)(""div"",{className:""mb-2 flex flex-wrap items-center justify-between gap-y-1"",children:[(0,l.jsxs)(""span"",{className:""flex items-center gap-1 uppercase"",style:{fontSize:9,fontWeight:600,letterSpacing:""0.18em"",color:i.textMuted},children:[""Flowseeker \xb7 since fire"",(0,l.jsx)(R,{t:i,skin:d,text:""Aggression-weighted directional premium.\nBars: net aggressive premium per bar — above zero = ask-side (buying) dominant, below = bid-side (selling). Ticker scope: above = with your trade, below = against. Curve: cumulative lean since fire.\nEach print"
bundles/7297-f12effc5f786481c.js,1,falcon,"ressor premium \xb7 while open"").concat(g.bucket_min&&g.bucket_min>1?"" \xb7 "".concat(g.bucket_min,""m bars""):""""),legend:""ticker""===g.scope?[""with trade"",""against""]:[""buying (ask-side)"",""selling (bid-side)""],scrubTime:h,onScrub:p,t:i,skin:d})]})}let D=e=>!String(e.textPrimary||"""").startsWith(""#0""),I={falcon:[[""FIRE"",""FIRE""],[""SCALE_IN"",""SCALE-IN""]],midas:[[""ARMED"",""ARM""],[""TRIGGERED"",""TRIG""],[""T1_TAG"",""T1""],[""T2_TAG"",""T2""],[""T3_TAG"",""T3""],[""INVALIDATED"",""STOP""]],peregrine:[[""ARMED"",""ARM""],[""TRIGGERED"",""TRIG""],[""T1_TAG"",""T1""],[""T2_TAG"",""T2""],[""T3_TAG"",""T3""],[""INVALIDATED"",""STOP""]]},$={falcon:[""all"",""sp"
bundles/7297-f12effc5f786481c.js,1,ARMED,"cket_min>1?"" \xb7 "".concat(g.bucket_min,""m bars""):""""),legend:""ticker""===g.scope?[""with trade"",""against""]:[""buying (ask-side)"",""selling (bid-side)""],scrubTime:h,onScrub:p,t:i,skin:d})]})}let D=e=>!String(e.textPrimary||"""").startsWith(""#0""),I={falcon:[[""FIRE"",""FIRE""],[""SCALE_IN"",""SCALE-IN""]],midas:[[""ARMED"",""ARM""],[""TRIGGERED"",""TRIG""],[""T1_TAG"",""T1""],[""T2_TAG"",""T2""],[""T3_TAG"",""T3""],[""INVALIDATED"",""STOP""]],peregrine:[[""ARMED"",""ARM""],[""TRIGGERED"",""TRIG""],[""T1_TAG"",""T1""],[""T2_TAG"",""T2""],[""T3_TAG"",""T3""],[""INVALIDATED"",""STOP""]]},$={falcon:[""all"",""spy"",""spx"",""qqq""],midas:[""all"",""normal"",""aggressive""],pereg"
bundles/7297-f12effc5f786481c.js,1,ARMED,"ide)"",""selling (bid-side)""],scrubTime:h,onScrub:p,t:i,skin:d})]})}let D=e=>!String(e.textPrimary||"""").startsWith(""#0""),I={falcon:[[""FIRE"",""FIRE""],[""SCALE_IN"",""SCALE-IN""]],midas:[[""ARMED"",""ARM""],[""TRIGGERED"",""TRIG""],[""T1_TAG"",""T1""],[""T2_TAG"",""T2""],[""T3_TAG"",""T3""],[""INVALIDATED"",""STOP""]],peregrine:[[""ARMED"",""ARM""],[""TRIGGERED"",""TRIG""],[""T1_TAG"",""T1""],[""T2_TAG"",""T2""],[""T3_TAG"",""T3""],[""INVALIDATED"",""STOP""]]},$={falcon:[""all"",""spy"",""spx"",""qqq""],midas:[""all"",""normal"",""aggressive""],peregrine:[""all"",""normal"",""aggressive""]},H=[""washout-reclaim"",""floor-deflection"",""node-flip"",""king-floor""],G=[""Trinity Deflec"
bundles/7297-f12effc5f786481c.js,1,falcon,"h(""#0""),I={falcon:[[""FIRE"",""FIRE""],[""SCALE_IN"",""SCALE-IN""]],midas:[[""ARMED"",""ARM""],[""TRIGGERED"",""TRIG""],[""T1_TAG"",""T1""],[""T2_TAG"",""T2""],[""T3_TAG"",""T3""],[""INVALIDATED"",""STOP""]],peregrine:[[""ARMED"",""ARM""],[""TRIGGERED"",""TRIG""],[""T1_TAG"",""T1""],[""T2_TAG"",""T2""],[""T3_TAG"",""T3""],[""INVALIDATED"",""STOP""]]},$={falcon:[""all"",""spy"",""spx"",""qqq""],midas:[""all"",""normal"",""aggressive""],peregrine:[""all"",""normal"",""aggressive""]},H=[""washout-reclaim"",""floor-deflection"",""node-flip"",""king-floor""],G=[""Trinity Deflection"",""Trapdoor"",""Launchpad"",""Barney Floor"",""Rug Pull"",""Slingshot""];function K(e){let{agent:t,skin:n,t:o}=e,[s,i"
bundles/7297-f12effc5f786481c.js,1,falcon,"yle:{fontSize:10,fontWeight:600,letterSpacing:""0.05em"",cursor:""pointer"",minHeight:26,color:o?""var(--"".concat(n.ns,""-bear, #f87171)""):t?""var(--"".concat(n.ns,""-accent-ink)""):n.accent,background:t&&!o?n.accent:n.ink(.05),border:""1px solid "".concat(n.ink(.12))},children:e},null!=r?r:e),N=I[t],E=$[t],M=""falcon""===t,T=M?G:H,F=M?""names"":""classes"",z=e=>{e?(x(e.id),f({...e})):(x(""new""),f({url:"""",scope:""all"",style:""rich"",color_mode:""accent"",events:M?[""FIRE"",""SCALE_IN""]:[""TRIGGERED""],enabled:!0}))},C=()=>{var e,t,n,l,a,r,o;let s={name:null!=(e=m.name)?e:"""",enabled:!1!==m.enabled,style:m.style,color_mode:m.colo"
bundles/7297-f12effc5f786481c.js,1,/api/,",style:{background:n.ink(.05),border:""1px solid "".concat(n.accent,""55""),boxShadow:""inset 0 1px 0 "".concat(n.ink(.04),"", 0 0 24px "").concat(n.accent,""11"")},children:[""new""===g&&(0,l.jsx)(""input"",{value:null!=(t=m.url)?t:"""",onChange:e=>f(t=>({...t,url:e.target.value})),placeholder:""https://discord.com/api/webhooks/…"",autoFocus:!0,className:""w-full rounded-lg px-2.5 py-2"",style:{fontSize:12,minHeight:36,background:n.ink(.05),border:""1px solid "".concat(n.ink(.14)),color:o.textPrimary,outline:""none""}}),(0,l.jsxs)(""div"",{className:""flex items-center gap-1.5"",children:[P(""NAME""),(0,l.jsx)(""input"",{value:n"
bundles/9832-3e591358ebdb25b9.js,1,WebSocket,"_dte:e.earnings_dte,_next_earnings_date:e.next_earnings_date,_cache_miss:e.cache_miss,_sector:e.sector,_industry:e.industry,_is_cancelled:e.is_cancelled}}let o=null;function a(){if(!o)return;let e=o;o=null,clearTimeout(e.teardownTimer),e.pingInterval&&clearInterval(e.pingInterval),e.ws.readyState===WebSocket.OPEN&&e.ws.send(JSON.stringify({action:""unsubscribe"",tab_id:e.tabId})),e.ws.close()}function c(e){let{tabId:t,filters:l,enabled:i=!0,isLive:c=!0,maxTrades:d=500,onTrade:u,getToken:p}=e,[m,x]=(0,r.useState)([]),[h,g]=(0,r.useState)(""disconnected""),[f,y]=(0,r.useState)(null),[b,v]=(0,r.useState)(!1),"
bundles/9832-3e591358ebdb25b9.js,1,WebSocket,"i[e])>=t?l=e+1:r=e}i.splice(l,0,e)}return i.slice(0,l)},[]);(0,r.useEffect)(()=>{c&&A.current.length>0&&x(e=>{let t=A.current;return A.current=[],T(e,t,F.current)})},[c,T]);let z=(0,r.useCallback)(()=>{x([]),A.current=[]},[]),W=(0,r.useCallback)(e=>{var t;(null==(t=w.current)?void 0:t.readyState)===WebSocket.OPEN&&w.current.send(JSON.stringify(e))},[]),L=(0,r.useCallback)(e=>{try{let l=JSON.parse(e.data),r=F.current;switch(l.type){case""initial_trades"":if(l.tab_id===t&&(P.current>0&&P.current--,0===P.current)){let e=l.trades.map(s);x(e.slice(0,r)),v(!1),k(!0),y(null)}break;case""trade"":if(l.tab_ids.inclu"
bundles/9832-3e591358ebdb25b9.js,1,WebSocket,",console.error(""[FlowFeed] Server error:"",l.message))}}catch(e){console.error(""[FlowFeed] Failed to parse message:"",e)}},[t,u,T]);return(0,r.useEffect)(()=>{if(!i){var e;a(),null==(e=w.current)||e.close(),w.current=null,g(""disconnected"");return}let l=0,r=!1,c=!1;if(o&&o.tabId===t&&o.ws.readyState===WebSocket.OPEN){clearTimeout(o.teardownTimer);let e=o;o=null,w.current=e.ws,C.current=e.pingInterval,D.current=!0,P.current=0,x(e.trades),g(""connected""),y(null),e.ws.onmessage=L,e.ws.onerror=()=>{y(""WebSocket connection error""),g(""error"")},e.ws.onclose=()=>{if(g(""disconnected""),D.current=!1,C.current&&clearI"
bundles/9832-3e591358ebdb25b9.js,1,WebSocket,"ose(),w.current=null,g(""disconnected"");return}let l=0,r=!1,c=!1;if(o&&o.tabId===t&&o.ws.readyState===WebSocket.OPEN){clearTimeout(o.teardownTimer);let e=o;o=null,w.current=e.ws,C.current=e.pingInterval,D.current=!0,P.current=0,x(e.trades),g(""connected""),y(null),e.ws.onmessage=L,e.ws.onerror=()=>{y(""WebSocket connection error""),g(""error"")},e.ws.onclose=()=>{if(g(""disconnected""),D.current=!1,C.current&&clearInterval(C.current),!r){let e=Math.min(1e3*Math.pow(2,l),3e4);l++,_.current=setTimeout(d,e)}},c=!0}else a();async function d(){if(r)return;let e=function(){let e=""wss://fs-ws.skylit.ai"";if(e)return""ht"
bundles/9832-3e591358ebdb25b9.js,1,FLOWSEEKER,"nction d(){if(r)return;let e=function(){let e=""wss://fs-ws.skylit.ai"";if(e)return""https:""===window.location.protocol&&e.startsWith(""ws://"")?(console.warn(""[FlowFeed] Skipping insecure ws:// connection from HTTPS page. Set wss:// URL.""),""""):"""".concat(e,""/ws/feed/multiplexed"");let t=n.env.NEXT_PUBLIC_FLOWSEEKER_API_URL;if(t){let e=new URL(t),l=""https:""===e.protocol?""wss:"":""ws:"";return"""".concat(l,""//"").concat(e.host,""/ws/feed/multiplexed"")}return""ws://localhost:3001/ws/feed/multiplexed""}();if(!e)return;g(""connecting""),y(null);let i=e;if(p)try{let t=await p();if(r)return;t&&(i="""".concat(e,""?token="").concat("
bundles/9832-3e591358ebdb25b9.js,1,WebSocket,"s/feed/multiplexed"")}return""ws://localhost:3001/ws/feed/multiplexed""}();if(!e)return;g(""connecting""),y(null);let i=e;if(p)try{let t=await p();if(r)return;t&&(i="""".concat(e,""?token="").concat(encodeURIComponent(t)))}catch(e){console.warn(""[FlowFeed] Failed to get auth token:"",e)}if(r)return;let s=new WebSocket(i);w.current=s,s.onopen=()=>{if(r)return void s.close();g(""connected""),l=0,D.current=!1,P.current=0,k(!1),W({action:""subscribe"",tab_id:t,filters:N.current}),C.current=setInterval(()=>{W({action:""ping""})},3e4)},s.onmessage=L,s.onerror=()=>{y(""WebSocket connection error""),g(""error"")},s.onclose=()=>{i"
bundles/9832-3e591358ebdb25b9.js,1,WebSocket,"ed to get auth token:"",e)}if(r)return;let s=new WebSocket(i);w.current=s,s.onopen=()=>{if(r)return void s.close();g(""connected""),l=0,D.current=!1,P.current=0,k(!1),W({action:""subscribe"",tab_id:t,filters:N.current}),C.current=setInterval(()=>{W({action:""ping""})},3e4)},s.onmessage=L,s.onerror=()=>{y(""WebSocket connection error""),g(""error"")},s.onclose=()=>{if(g(""disconnected""),D.current=!1,C.current&&clearInterval(C.current),!r){let e=Math.min(1e3*Math.pow(2,l),3e4);l++,_.current=setTimeout(d,e)}}}return c||d(),()=>{r=!0,_.current&&clearTimeout(_.current),S.current&&clearTimeout(S.current);let e=w.current"
bundles/9832-3e591358ebdb25b9.js,1,WebSocket,",g(""error"")},s.onclose=()=>{if(g(""disconnected""),D.current=!1,C.current&&clearInterval(C.current),!r){let e=Math.min(1e3*Math.pow(2,l),3e4);l++,_.current=setTimeout(d,e)}}}return c||d(),()=>{r=!0,_.current&&clearTimeout(_.current),S.current&&clearTimeout(S.current);let e=w.current;e&&e.readyState===WebSocket.OPEN?(e.onmessage=e=>{try{let l=JSON.parse(e.data);if(!o)return;let r=F.current;switch(l.type){case""trade"":if(l.tab_ids.includes(t)){let e=s(l.trade);o.trades=[e,...o.trades].slice(0,r)}break;case""trade_batch"":{let e=l.trades.filter(e=>e.tab_ids.includes(t)).map(e=>s(e.trade));e.length>0&&(o.trades"
bundles/9832-3e591358ebdb25b9.js,1,WebSocket,"onerror=()=>{a()},e.onclose=()=>{o&&(clearTimeout(o.teardownTimer),o.pingInterval&&clearInterval(o.pingInterval),o=null)},o={tabId:t,ws:e,trades:I.current,pingInterval:C.current,teardownTimer:setTimeout(a,2e4)},w.current=null,C.current=void 0):(C.current&&clearInterval(C.current),e&&(e.readyState===WebSocket.OPEN&&e.send(JSON.stringify({action:""unsubscribe"",tab_id:t})),e.close(),w.current=null))}},[i,t]),(0,r.useEffect)(()=>{if(D.current&&w.current&&w.current.readyState===WebSocket.OPEN)return S.current&&clearTimeout(S.current),S.current=setTimeout(()=>{P.current++,v(!0),W({action:""update_filters"",tab_"
bundles/9832-3e591358ebdb25b9.js,1,WebSocket,",teardownTimer:setTimeout(a,2e4)},w.current=null,C.current=void 0):(C.current&&clearInterval(C.current),e&&(e.readyState===WebSocket.OPEN&&e.send(JSON.stringify({action:""unsubscribe"",tab_id:t})),e.close(),w.current=null))}},[i,t]),(0,r.useEffect)(()=>{if(D.current&&w.current&&w.current.readyState===WebSocket.OPEN)return S.current&&clearTimeout(S.current),S.current=setTimeout(()=>{P.current++,v(!0),W({action:""update_filters"",tab_id:t,filters:l})},300),()=>{S.current&&clearTimeout(S.current)}},[JSON.stringify(l),t,W]),{trades:m,status:h,error:f,clearTrades:z,isFilterLoading:b,hasReceivedData:j}}},32394:("
bundles/9832-3e591358ebdb25b9.js,1,Flowseeker,"phic"",in2:""blur"",operator:""over""})]})]}),(0,r.jsx)(""text"",{x:""50%"",y:""50%"",textAnchor:""middle"",dominantBaseline:""middle"",fill:U?""rgba(255,255,255,0.03)"":""rgba(0,0,0,0.02)"",fontSize:V?""32"":""56"",fontWeight:""700"",fontFamily:""'Inter', sans-serif"",style:{pointerEvents:""none"",userSelect:""none""},children:""Flowseeker""})]})})]})]})})},46767:(e,t,l)=>{l.d(t,{Bc:()=>s,ZI:()=>c,k$:()=>a,m_:()=>o});var r=l(95155);l(12115);var n=l(47520),i=l(64269);function s(e){let{delayDuration:t=0,...l}=e;return(0,r.jsx)(n.Kq,{""data-slot"":""tooltip-provider"",delayDuration:t,...l})}function o(e){let{...t}=e;return(0,r.jsx)(s,{childr"
bundles/9832-3e591358ebdb25b9.js,1,Flowseeker,"phic"",in2:""blur"",operator:""over""})]})]}),(0,r.jsx)(""text"",{x:""50%"",y:""50%"",textAnchor:""middle"",dominantBaseline:""middle"",fill:P?""rgba(255,255,255,0.03)"":""rgba(0,0,0,0.02)"",fontSize:I?""32"":""56"",fontWeight:""700"",fontFamily:""'Inter', sans-serif"",style:{pointerEvents:""none"",userSelect:""none""},children:""Flowseeker""})]})})]})]})})},53869:(e,t,l)=>{l.d(t,{J:()=>s});var r=l(12115);let n=0,i=null;function s(){(0,r.useEffect)(()=>(1==++n&&function(){let e=()=>{var e,t;let l=null!=(t=null==(e=window.visualViewport)?void 0:e.height)?t:window.innerHeight;document.documentElement.style.setProperty(""--visual-vh"","""".co"
bundles/9832-3e591358ebdb25b9.js,1,Flowseeker,"ts-none z-0"",style:{top:""calc(50% - 20px)"",height:0,display:""flex"",justifyContent:""center"",alignItems:""center""},children:(0,r.jsx)(""span"",{style:{color:M?""rgba(255,255,255,0.03)"":""rgba(0,0,0,0.02)"",fontSize:w?""32px"":""56px"",fontWeight:700,fontFamily:""'Inter', sans-serif"",userSelect:""none""},children:""Flowseeker""})}),(0,r.jsx)(""div"",{ref:D,className:""absolute pointer-events-none z-10"",style:{display:""none"",backgroundColor:""rgba(128, 128, 128, 0.3)"",borderRadius:""4px""}}),(0,r.jsx)(""div"",{ref:I,className:""absolute pointer-events-none z-[11]"",style:{display:""none"",border:""1px solid "".concat(null!=(i=null==k?v"
bundles/9832-3e591358ebdb25b9.js,1,Flowseeker,"nter-events-none z-0"",style:{top:""calc(50% - 20px)"",height:0,display:""flex"",justifyContent:""center"",alignItems:""center""},children:(0,r.jsx)(""span"",{style:{color:A?""rgba(255,255,255,0.03)"":""rgba(0,0,0,0.02)"",fontSize:""56px"",fontWeight:700,fontFamily:""'Inter', sans-serif"",userSelect:""none""},children:""Flowseeker""})}),(0,r.jsx)(""div"",{ref:R,className:""absolute pointer-events-none z-10"",style:{display:""none"",backgroundColor:""rgba(128, 128, 128, 0.3)"",borderRadius:""4px""}}),(0,r.jsx)(i.u,{width:""100%"",height:""100%"",children:(0,r.jsxs)(s.E,{data:B,layout:""vertical"",margin:{top:10,right:10,left:10,bottom:10},bar"
bundles/9832-3e591358ebdb25b9.js,1,Flowseeker,":""url(#net-premium-price-glow)"",name:v}),(0,r.jsx)(""text"",{x:""50%"",y:""50%"",textAnchor:""middle"",dominantBaseline:""middle"",fill:A?""rgba(255,255,255,0.03)"":""rgba(0,0,0,0.02)"",fontSize:S?""32"":""56"",fontWeight:""700"",fontFamily:""'Inter', sans-serif"",style:{pointerEvents:""none"",userSelect:""none""},children:""Flowseeker""})]})})]})})})},71827:(e,t,l)=>{l.d(t,{Cd:()=>n,Ho:()=>o,ZV:()=>a,a0:()=>s,g5:()=>i,uU:()=>d,vv:()=>c}),l(15392);var r=l(69735);function n(e,t,l){var r;return{timestamp:e.timestamp,spot:e.spot,previous_close:e.previous_close,slices:null!=(r=e.slices)?r:[],source:t,effectiveParams:{...l}}}function i"
bundles/9832-3e591358ebdb25b9.js,1,Flowseeker,"value:t,options:c,onChange:n,isDark:a}),(0,r.jsx)(o,{value:l,options:d,onChange:s,isDark:a})]})}},87230:(e,t,l)=>{l.d(t,{X:()=>r});function r(e,t,l){return t?""error"":e?""loading"":l?""empty"":""ready""}},92423:(e,t,l)=>{l.d(t,{P:()=>n});var r=l(6582);function n(){let{user:e,isLoading:t,isAdmin:l,canAccessFlowseekerBase:n,canShareFlowseeker:i,canAccessFlowseekerDiscord:s,canAccessFlowseekerApiKeys:o,canAccessFlowseekerSettings:a}=(0,r.W)();return{hasAccess:n,canShare:i,canAccessDiscord:s,canAccessApiKeys:o,canAccessSettings:a,isAdmin:l,user:e,isLoading:t}}},99832:(e,t,l)=>{l.r(t),l.d(t,{ChartModal:()=>ei});var"
bundles/9832-3e591358ebdb25b9.js,1,Flowseeker,"e:n,isDark:a}),(0,r.jsx)(o,{value:l,options:d,onChange:s,isDark:a})]})}},87230:(e,t,l)=>{l.d(t,{X:()=>r});function r(e,t,l){return t?""error"":e?""loading"":l?""empty"":""ready""}},92423:(e,t,l)=>{l.d(t,{P:()=>n});var r=l(6582);function n(){let{user:e,isLoading:t,isAdmin:l,canAccessFlowseekerBase:n,canShareFlowseeker:i,canAccessFlowseekerDiscord:s,canAccessFlowseekerApiKeys:o,canAccessFlowseekerSettings:a}=(0,r.W)();return{hasAccess:n,canShare:i,canAccessDiscord:s,canAccessApiKeys:o,canAccessSettings:a,isAdmin:l,user:e,isLoading:t}}},99832:(e,t,l)=>{l.r(t),l.d(t,{ChartModal:()=>ei});var r=l(95155),n=l(12115),i="
bundles/9832-3e591358ebdb25b9.js,1,Flowseeker,"x)(o,{value:l,options:d,onChange:s,isDark:a})]})}},87230:(e,t,l)=>{l.d(t,{X:()=>r});function r(e,t,l){return t?""error"":e?""loading"":l?""empty"":""ready""}},92423:(e,t,l)=>{l.d(t,{P:()=>n});var r=l(6582);function n(){let{user:e,isLoading:t,isAdmin:l,canAccessFlowseekerBase:n,canShareFlowseeker:i,canAccessFlowseekerDiscord:s,canAccessFlowseekerApiKeys:o,canAccessFlowseekerSettings:a}=(0,r.W)();return{hasAccess:n,canShare:i,canAccessDiscord:s,canAccessApiKeys:o,canAccessSettings:a,isAdmin:l,user:e,isLoading:t}}},99832:(e,t,l)=>{l.r(t),l.d(t,{ChartModal:()=>ei});var r=l(95155),n=l(12115),i=l(47650),s=l(48147),o="
bundles/9832-3e591358ebdb25b9.js,1,Flowseeker,"nge:s,isDark:a})]})}},87230:(e,t,l)=>{l.d(t,{X:()=>r});function r(e,t,l){return t?""error"":e?""loading"":l?""empty"":""ready""}},92423:(e,t,l)=>{l.d(t,{P:()=>n});var r=l(6582);function n(){let{user:e,isLoading:t,isAdmin:l,canAccessFlowseekerBase:n,canShareFlowseeker:i,canAccessFlowseekerDiscord:s,canAccessFlowseekerApiKeys:o,canAccessFlowseekerSettings:a}=(0,r.W)();return{hasAccess:n,canShare:i,canAccessDiscord:s,canAccessApiKeys:o,canAccessSettings:a,isAdmin:l,user:e,isLoading:t}}},99832:(e,t,l)=>{l.r(t),l.d(t,{ChartModal:()=>ei});var r=l(95155),n=l(12115),i=l(47650),s=l(48147),o=l(40888),a=l(53315),c=l(69893"
bundles/9832-3e591358ebdb25b9.js,1,Flowseeker,"e,t,l)=>{l.d(t,{X:()=>r});function r(e,t,l){return t?""error"":e?""loading"":l?""empty"":""ready""}},92423:(e,t,l)=>{l.d(t,{P:()=>n});var r=l(6582);function n(){let{user:e,isLoading:t,isAdmin:l,canAccessFlowseekerBase:n,canShareFlowseeker:i,canAccessFlowseekerDiscord:s,canAccessFlowseekerApiKeys:o,canAccessFlowseekerSettings:a}=(0,r.W)();return{hasAccess:n,canShare:i,canAccessDiscord:s,canAccessApiKeys:o,canAccessSettings:a,isAdmin:l,user:e,isLoading:t}}},99832:(e,t,l)=>{l.r(t),l.d(t,{ChartModal:()=>ei});var r=l(95155),n=l(12115),i=l(47650),s=l(48147),o=l(40888),a=l(53315),c=l(69893),d=l(56449),u=l(61052),p=l(7"
bundles/4712-c51afc57ca55d292.js,1,FLOWSEEKER,"Count:0,connected:!1,tradeListeners:new Set,connListeners:new Set};i.set(e,n);async function r(){if(i.get(e)!==n)return;let t=function(){let e=""wss://fs-ws.skylit.ai"";if(e)return""https:""===window.location.protocol&&e.startsWith(""ws://"")?"""":"""".concat(e,""/ws/feed/multiplexed"");let t=o.env.NEXT_PUBLIC_FLOWSEEKER_API_URL;if(t){let e=new URL(t),n=""https:""===e.protocol?""wss:"":""ws:"";return"""".concat(n,""//"").concat(e.host,""/ws/feed/multiplexed"")}return""ws://localhost:3001/ws/feed/multiplexed""}();if(!t)return;let c=(0,l.v2)();if(c)try{let e=await c();e&&(t="""".concat(t,""?token="").concat(encodeURIComponent(e)))}cat"
bundles/4712-c51afc57ca55d292.js,1,WebSocket,":""===e.protocol?""wss:"":""ws:"";return"""".concat(n,""//"").concat(e.host,""/ws/feed/multiplexed"")}return""ws://localhost:3001/ws/feed/multiplexed""}();if(!t)return;let c=(0,l.v2)();if(c)try{let e=await c();e&&(t="""".concat(t,""?token="").concat(encodeURIComponent(e)))}catch(e){}if(i.get(e)!==n)return;let d=new WebSocket(t);n.ws=d,d.onopen=()=>{if(i.get(e)!==n)return void d.close();n.attempts=0,d.send(JSON.stringify({action:""subscribe"",tab_id:a,filters:{ticker:e}})),u(n,!0),n.pingTimer=setInterval(()=>d.send(JSON.stringify({action:""ping""})),3e4)},d.onmessage=t=>{var r,l;let o;try{o=JSON.parse(t.data)}catch(e){retur"
bundles/4712-c51afc57ca55d292.js,1,/api/,""",""true"");let c=function(){try{let e=localStorage.getItem(""gex_levels_additional_params"");return e?new URLSearchParams(e):null}catch(e){return null}}();if(c)for(let[e,t]of c)s.set(e,t);for(let e of t)s.append(""dates"",e);let d=(0,l.N)();return d&&s.set(""v"",d),i&&s.set(""_t"",String(i)),"""".concat(r.qG,""/api/gex/levels?"").concat(s)}(e,t,n,a,i,u),{signal:s.signal,...i?{cache:""no-store""}:{}}).finally(()=>clearTimeout(c));if(!d.ok){let e=await d.text().catch(()=>"""");return console.error(""[fetchGexLevels:gex-cache] "".concat(d.status,"": "").concat(e)),null}let p=await d.json();if(!p.success||p.error)return nu"
bundles/4712-c51afc57ca55d292.js,1,/api/,"e of(""trinity""===a&&""SPXW""===t&&(m.set(""combine"",""trinity""),m.set(""qqq_coef"",String(i))),null!=c?m.set(""max_dte"",String(c)):u&&(m.set(""exp_mode"",u),m.set(""exp_count"",String(null!=s?s:1))),d&&m.set(""nodes"",d),n))m.append(""dates"",e);let f=(0,l.N)();f&&m.set(""v"",f);let h=await (0,r.tm)("""".concat(r.qG,""/api/gex/levels?"").concat(m),{signal:p});if(!h.ok)throw Object.assign(Error(""gex vwap "".concat(h.status)),{status:h.status});let b=await h.json();if(!(null==b?void 0:b.success)||(null==b?void 0:b.error)){var v;throw Error(""gex vwap backend error: "".concat(null!=(v=null==b?void 0:b.error)?v:""unsuccessful "
bundles/2501-547c53e2053a1b35.js,1,/api/,"signal);if(e.signal.aborted)return;if(r)n=""ticket="".concat(encodeURIComponent(r));else{let a=await w();if(e.signal.aborted)return;if(!a)return void y(e=>({...e,connected:!1,error:""Authentication required""}));n=""token="".concat(a)}let l=null!=f?f:500,i=m||50,d=""both""!==p?""&data_type="".concat(p):"""",h=""/api/stream?symbol="".concat(encodeURIComponent((0,s.ee)(a)),""&"").concat(n,""&max_strikes="").concat(l,""&max_expirations="").concat(i).concat(d);console.log(""[SSE] Connecting to:"",h);let v=new EventSource(h);S.current=v;let C=()=>{y({connected:!0,error:null,reconnectAttempts:0})},b=e=>{};if(k.current.onOpen="
bundles/2501-547c53e2053a1b35.js,1,EventSource,"ation required""}));n=""token="".concat(a)}let l=null!=f?f:500,i=m||50,d=""both""!==p?""&data_type="".concat(p):"""",h=""/api/stream?symbol="".concat(encodeURIComponent((0,s.ee)(a)),""&"").concat(n,""&max_strikes="").concat(l,""&max_expirations="").concat(i).concat(d);console.log(""[SSE] Connecting to:"",h);let v=new EventSource(h);S.current=v;let C=()=>{y({connected:!0,error:null,reconnectAttempts:0})},b=e=>{};if(k.current.onOpen=C,k.current.onConnected=b,v.onopen=C,v.addEventListener(""connected"",b),g){let e=e=>{let a=JSON.parse(e.data);if(a.data){let{gammaData:e}=D(a.data);T.setQueryData(t(),e)}else T.invalidateQueries({"
bundles/2501-547c53e2053a1b35.js,1,EventSource,"rent=!0)};return a&&n&&document.addEventListener(""visibilitychange"",e),()=>{document.removeEventListener(""visibilitychange"",e)}},[a,n,P,F]);let R=(0,t.useCallback)(()=>{P(),F()},[P,F]);return{...v,reconnect:R}}function p(){let[e,a]=(0,t.useState)(!1);return(0,t.useEffect)(()=>{a(""undefined""!=typeof EventSource)},[]),e}},28917:(e,a,n)=>{n.d(a,{OF:()=>u});var t=n(18720),r=n(17055),l=n(25),o=n(54412);let i=[],s=new Set;function u(e){if(!function(e){if(!e)return!0;if(s.has(e))return!1;if(s.add(e),i.push(e),i.length>=200){let e=i.shift();e&&s.delete(e)}return!0}(e.event_id))return;let a=r.u.getState(),n=(0,l."
bundles/1536-064f08115df39c50.js,1,flowseeker,"orts multi-leg filtering, allowing you to isolate spreads, straddles, and strangles from the live feed. Use the new ""Strategy"" dropdown to filter by specific options strategies.\n\nAdditionally, we\'ve added a premium range filter so you can focus on flows within your target price range.',category:""flowseeker"",type:""new_feature"",attachments:[{url:""https://placehold.co/800x400/1a1a2e/90bff9?text=Scanner+Filters"",name:""scanner-filters.png"",type:""image/png""}],authorId:""user_admin"",authorName:""Jimin Kim"",authorAvatarUrl:u(""Jimin Kim""),reactions:{...p,fire:24,rocket:18,thumbsUp:31},userReactions:[],createdAt"
bundles/1536-064f08115df39c50.js,1,heatseeker,"id:""cl_002"",title:""Heatmap Color Scale Improvements"",description:""We've refined the Viridis and Plasma color scales for better contrast at extreme values. The dominant strike highlight now uses a subtle pulsing border instead of a solid outline, making it easier to track while scrolling."",category:""heatseeker"",type:""improvement"",attachments:[],authorId:""user_admin"",authorName:""Jimin Kim"",authorAvatarUrl:u(""Jimin Kim""),reactions:{...p,thumbsUp:12,eyes:5,fire:3},userReactions:[],createdAt:c(3),updatedAt:c(3)},{id:""cl_003"",title:""Fixed Replay Mode 2x Speed Bug"",description:""Resolved an issue where replay m"
bundles/1536-064f08115df39c50.js,1,heatseeker,"s:[],createdAt:c(3),updatedAt:c(3)},{id:""cl_003"",title:""Fixed Replay Mode 2x Speed Bug"",description:""Resolved an issue where replay mode would play at double speed when both mobile and desktop views were mounted simultaneously. The playback hook is now centralized at the dashboard level."",category:""heatseeker"",type:""bug_fix"",attachments:[],authorId:""user_admin"",authorName:""Jimin Kim"",authorAvatarUrl:u(""Jimin Kim""),reactions:{...p,thumbsUp:8,clap:4},userReactions:[],createdAt:c(5),updatedAt:c(5)},{id:""cl_004"",title:""Agent Hub: Trade Lab Beta"",description:""Trade Lab is now available in beta! Build, backte"
bundles/1536-064f08115df39c50.js,1,Heatseeker,"],createdAt:c(35),updatedAt:c(35)},{id:""cl_008"",title:""Mobile Bottom Navigation Redesign"",description:""The mobile navigation has been completely redesigned with a new glassmorphism pill style. The module picker now uses a dropdown instead of a full-screen overlay, making it faster to switch between Heatseeker, Flowseeker, and other modules."",category:""general"",type:""improvement"",attachments:[{url:""https://placehold.co/400x800/1a1a2e/90bff9?text=Mobile+Nav"",name:""mobile-nav.png"",type:""image/png""}],authorId:""user_admin"",authorName:""Jimin Kim"",authorAvatarUrl:u(""Jimin Kim""),reactions:{...p,fire:9,rocket:6,"
bundles/1536-064f08115df39c50.js,1,Flowseeker,"c(35),updatedAt:c(35)},{id:""cl_008"",title:""Mobile Bottom Navigation Redesign"",description:""The mobile navigation has been completely redesigned with a new glassmorphism pill style. The module picker now uses a dropdown instead of a full-screen overlay, making it faster to switch between Heatseeker, Flowseeker, and other modules."",category:""general"",type:""improvement"",attachments:[{url:""https://placehold.co/400x800/1a1a2e/90bff9?text=Mobile+Nav"",name:""mobile-nav.png"",type:""image/png""}],authorId:""user_admin"",authorName:""Jimin Kim"",authorAvatarUrl:u(""Jimin Kim""),reactions:{...p,fire:9,rocket:6,clap:11},use"
bundles/1536-064f08115df39c50.js,1,heatseeker,",rocket:6,clap:11},userReactions:[],createdAt:c(50),updatedAt:c(50)},{id:""cl_009"",title:""Fixed Watchlist Sync Issue"",description:""Resolved a bug where watchlist changes made on mobile were not syncing to desktop in real-time. Both platforms now share the same server-side watchlist state."",category:""heatseeker"",type:""bug_fix"",attachments:[],authorId:""user_admin"",authorName:""Jimin Kim"",authorAvatarUrl:u(""Jimin Kim""),reactions:{...p,thumbsUp:6,clap:3},userReactions:[],createdAt:c(55),updatedAt:c(55)}]),n(87358);class m extends Error{constructor(e,t,n=""UNKNOWN""){super(e),this.name=""ChangelogAPIError"",this.s"
bundles/1536-064f08115df39c50.js,1,/api/,"s:[],createdAt:c(55),updatedAt:c(55)}]),n(87358);class m extends Error{constructor(e,t,n=""UNKNOWN""){super(e),this.name=""ChangelogAPIError"",this.status=t,this.code=n}}async function g(e,t){let n=arguments.length>2&&void 0!==arguments[2]?arguments[2]:{},r=await e(),a="""".concat(window.location.origin,""/api/changelog"").concat(t),l=await fetch(a,{...n,headers:{""Content-Type"":""application/json"",...r?{Authorization:""Bearer "".concat(r)}:{},...n.headers}});if(!l.ok){let e=await l.json().catch(()=>({}));throw new m(e.message||""Request failed: "".concat(l.status),l.status,e.code)}if(204!==l.status)return l.jso"
bundles/1536-064f08115df39c50.js,1,heatseeker,"=>l.g.getState().dismissAll()),[t])}}},33028:(e,t,n)=>{n.d(t,{D:()=>a,I:()=>r});let r=""469a0116-d226-48fc-8419-bd55351e26ea"",a=r.length>0},33531:(e,t,n)=>{function r(e){return!e.isLoading&&!!e.canAccessCharts}n.d(t,{MA:()=>r,gq:()=>l});let a=""http://alert-atlas-link.invalid"";function l(e,t){if(!e||""heatseeker""!==t||!e.startsWith(""/""))return null;try{let t=new URL(e,a);if(t.origin!==a||""/""!==t.pathname||!t.searchParams.get(""symbol""))return null;return"""".concat(""/atlas"").concat(t.search).concat(t.hash)}catch(e){return null}}},34045:(e,t,n)=>{n.d(t,{M:()=>lc});var r=n(95155),a=n(12115),l=n(47650),o=n(65229"
bundles/1536-064f08115df39c50.js,1,flowseeker,"i}=(0,W.S)(),{isDark:c}=(0,j.D)(),d=(0,w.usePathname)(),u=(0,a.useRef)(null),p=(0,a.useRef)(null),m=null==d?void 0:d.startsWith(""/flow""),g=a.useMemo(()=>(null==l?void 0:l.notifications)?l.notifications.filter(e=>{var t;if(o.includes(e.id))return!1;let n=null!=(t=e.module)?t:""all"";return""all""===n||(""flowseeker""===n?m:""heatseeker""!==n||!m)}).sort((e,t)=>D[e.severity]-D[t.severity]):[],[null==l?void 0:l.notifications,o,m]);return((0,a.useEffect)(()=>{let e=e=>{let t=Math.round(e);p.current!==t&&(p.current=t,n(t),i(t))};if(!u.current)return void e(0);e(u.current.getBoundingClientRect().height);let t=new Res"
bundles/1536-064f08115df39c50.js,1,heatseeker,"k:c}=(0,j.D)(),d=(0,w.usePathname)(),u=(0,a.useRef)(null),p=(0,a.useRef)(null),m=null==d?void 0:d.startsWith(""/flow""),g=a.useMemo(()=>(null==l?void 0:l.notifications)?l.notifications.filter(e=>{var t;if(o.includes(e.id))return!1;let n=null!=(t=e.module)?t:""all"";return""all""===n||(""flowseeker""===n?m:""heatseeker""!==n||!m)}).sort((e,t)=>D[e.severity]-D[t.severity]):[],[null==l?void 0:l.notifications,o,m]);return((0,a.useEffect)(()=>{let e=e=>{let t=Math.round(e);p.current!==t&&(p.current=t,n(t),i(t))};if(!u.current)return void e(0);e(u.current.getBoundingClientRect().height);let t=new ResizeObserver(t=>{for"
bundles/1536-064f08115df39c50.js,1,Heatseeker,"Commit:s,activeNav:i,onNavChange:c,theme:d,isDark:u,onShowSkylitAI:p,onToggleAgentTerminal:m,accentColor:g=""blue"",footerIcons:h,footerAccount:x}=e,f=(0,W.S)(e=>e.bannerHeight),{isAdmin:b,roles:y,user:v,isLoading:k}=(0,ec.$)(),{hasDeveloperAccess:w,isLoading:j}=(0,eg.G)(),{canAccessCharts:S,canAccessHeatseeker:N,isLoading:T}=(0,em.W)(),{canAccessSettings:A,isLoading:C}=(0,ep.P)(),E=!k&&!j&&!C&&!T,M=(0,X.P)(),I=M&&E?(0,ex.O)(y,{isNjordManaged:(0,eb.K_)(null==v?void 0:v.publicMetadata)}):null,z=(0,a.useMemo)(()=>_.Ej.map(e=>{let t=e.items.filter(e=>!1!==e.showInNav&&(!I||!!(0,ex.jk)(I,e.id))&&(!e.requiredR"
bundles/1536-064f08115df39c50.js,1,heatseeker,"rdManaged:(0,eb.K_)(null==v?void 0:v.publicMetadata)}):null,z=(0,a.useMemo)(()=>_.Ej.map(e=>{let t=e.items.filter(e=>!1!==e.showInNav&&(!I||!!(0,ex.jk)(I,e.id))&&(!e.requiredRole||!!E&&(""admin""===e.requiredRole?b:""stages-access""===e.requiredRole?(0,ef.rp)(M,y):""developer-access""===e.requiredRole?w:""heatseeker""===e.requiredRole?N:""charts""===e.requiredRole?S:""flowseeker-settings""===e.requiredRole&&A)));return 0===t.length?null:{...e,items:t}}).filter(e=>null!==e),[S,A,N,w,b,I,M,E,y]),R=e=>{""skylitai""===e&&p?p():c(e)},[F,P]=(0,a.useState)(!1),[D,L]=(0,a.useState)(!1),q=(0,a.useRef)(null),O=(0,a.useRef)(l),"
bundles/1536-064f08115df39c50.js,1,flowseeker,"z=(0,a.useMemo)(()=>_.Ej.map(e=>{let t=e.items.filter(e=>!1!==e.showInNav&&(!I||!!(0,ex.jk)(I,e.id))&&(!e.requiredRole||!!E&&(""admin""===e.requiredRole?b:""stages-access""===e.requiredRole?(0,ef.rp)(M,y):""developer-access""===e.requiredRole?w:""heatseeker""===e.requiredRole?N:""charts""===e.requiredRole?S:""flowseeker-settings""===e.requiredRole&&A)));return 0===t.length?null:{...e,items:t}}).filter(e=>null!==e),[S,A,N,w,b,I,M,E,y]),R=e=>{""skylitai""===e&&p?p():c(e)},[F,P]=(0,a.useState)(!1),[D,L]=(0,a.useState)(!1),q=(0,a.useRef)(null),O=(0,a.useRef)(l),B=e=>{q.current&&(q.current=null,P(!1),e.currentTarget.hasPo"
bundles/1536-064f08115df39c50.js,1,Heatseeker,"l),A=(0,a.useRef)(66),C=(0,a.useRef)(!1),M=(0,a.useRef)(!1),I=(0,a.useCallback)(()=>{let e=ez.O.getState();e.isOpen?e.closePanel():(e.setActiveTab(""talon""),e.openPanel())},[]),{isAdmin:z,roles:R,user:F,isLoading:W}=(0,ec.$)(),{hasDeveloperAccess:P,isLoading:D}=(0,eg.G)(),{canAccessCharts:L,canAccessHeatseeker:q,isLoading:O}=(0,em.W)(),{canAccessSettings:B,isLoading:G}=(0,ep.P)(),{isSignedIn:V}=(0,v.d)(),{data:H}=(0,eR.Ol)(!!V),K=null!=(t=null==H?void 0:H.hasUnseen)&&t,U=!W&&!D&&!G&&!O,Y=(0,X.P)(),Q=Y&&U?(0,ex.O)(R,{isNjordManaged:(0,eb.K_)(null==F?void 0:F.publicMetadata)}):null,$=(_.tl[n]||_.tl.heatsee"
bundles/1536-064f08115df39c50.js,1,heatseeker,"tseeker:q,isLoading:O}=(0,em.W)(),{canAccessSettings:B,isLoading:G}=(0,ep.P)(),{isSignedIn:V}=(0,v.d)(),{data:H}=(0,eR.Ol)(!!V),K=null!=(t=null==H?void 0:H.hasUnseen)&&t,U=!W&&!D&&!G&&!O,Y=(0,X.P)(),Q=Y&&U?(0,ex.O)(R,{isNjordManaged:(0,eb.K_)(null==F?void 0:F.publicMetadata)}):null,$=(_.tl[n]||_.tl.heatseeker).filter(e=>!1!==e.showInNav&&!e.hideOnMobile&&(!Q||!!(0,ex.jk)(Q,e.id))&&(!e.requiredRole||!!U)&&(""admin""===e.requiredRole?z:""stages-access""===e.requiredRole?(0,ef.rp)(Y,R):""developer-access""===e.requiredRole?P:""heatseeker""===e.requiredRole?q:""charts""===e.requiredRole?L:""flowseeker-settings""!==e.re"
bundles/1536-064f08115df39c50.js,1,heatseeker,"rdManaged:(0,eb.K_)(null==F?void 0:F.publicMetadata)}):null,$=(_.tl[n]||_.tl.heatseeker).filter(e=>!1!==e.showInNav&&!e.hideOnMobile&&(!Q||!!(0,ex.jk)(Q,e.id))&&(!e.requiredRole||!!U)&&(""admin""===e.requiredRole?z:""stages-access""===e.requiredRole?(0,ef.rp)(Y,R):""developer-access""===e.requiredRole?P:""heatseeker""===e.requiredRole?q:""charts""===e.requiredRole?L:""flowseeker-settings""!==e.requiredRole||B)),J=Object.keys(_.tl).filter(e=>_.tl[e].some(e=>!1!==e.showInNav&&(!Q||!!(0,ex.jk)(Q,e.id))&&(!e.requiredRole||!!U)&&(""admin""===e.requiredRole?z:""stages-access""===e.requiredRole?(0,ef.rp)(Y,R):""developer-acces"
bundles/1536-064f08115df39c50.js,1,flowseeker,"$=(_.tl[n]||_.tl.heatseeker).filter(e=>!1!==e.showInNav&&!e.hideOnMobile&&(!Q||!!(0,ex.jk)(Q,e.id))&&(!e.requiredRole||!!U)&&(""admin""===e.requiredRole?z:""stages-access""===e.requiredRole?(0,ef.rp)(Y,R):""developer-access""===e.requiredRole?P:""heatseeker""===e.requiredRole?q:""charts""===e.requiredRole?L:""flowseeker-settings""!==e.requiredRole||B)),J=Object.keys(_.tl).filter(e=>_.tl[e].some(e=>!1!==e.showInNav&&(!Q||!!(0,ex.jk)(Q,e.id))&&(!e.requiredRole||!!U)&&(""admin""===e.requiredRole?z:""stages-access""===e.requiredRole?(0,ef.rp)(Y,R):""developer-access""===e.requiredRole?P:""heatseeker""===e.requiredRole?q:""chart"
bundles/1536-064f08115df39c50.js,1,heatseeker,"harts""===e.requiredRole?L:""flowseeker-settings""!==e.requiredRole||B)),J=Object.keys(_.tl).filter(e=>_.tl[e].some(e=>!1!==e.showInNav&&(!Q||!!(0,ex.jk)(Q,e.id))&&(!e.requiredRole||!!U)&&(""admin""===e.requiredRole?z:""stages-access""===e.requiredRole?(0,ef.rp)(Y,R):""developer-access""===e.requiredRole?P:""heatseeker""===e.requiredRole?q:""charts""===e.requiredRole?L:""flowseeker-settings""!==e.requiredRole||B))),Z=(0,a.useCallback)(()=>{if(!b.current)return;let e=b.current.getBoundingClientRect();w.current=e;let t=Array.from(b.current.querySelectorAll(""[data-nav-id]"")).map(t=>{let n=t.getBoundingClientRect();return"
bundles/1536-064f08115df39c50.js,1,flowseeker,"Role||B)),J=Object.keys(_.tl).filter(e=>_.tl[e].some(e=>!1!==e.showInNav&&(!Q||!!(0,ex.jk)(Q,e.id))&&(!e.requiredRole||!!U)&&(""admin""===e.requiredRole?z:""stages-access""===e.requiredRole?(0,ef.rp)(Y,R):""developer-access""===e.requiredRole?P:""heatseeker""===e.requiredRole?q:""charts""===e.requiredRole?L:""flowseeker-settings""!==e.requiredRole||B))),Z=(0,a.useCallback)(()=>{if(!b.current)return;let e=b.current.getBoundingClientRect();w.current=e;let t=Array.from(b.current.querySelectorAll(""[data-nav-id]"")).map(t=>{let n=t.getBoundingClientRect();return{id:t.getAttribute(""data-nav-id"")||"""",left:n.left-e.left,rig"
bundles/1536-064f08115df39c50.js,1,heatseeker,"})})}function eq(e){let{module:t,size:n,isActive:a=!0,isDark:l=!0}=e,o={size:n,fill:a?""currentColor"":""none"",style:{color:a?l?""#fff"":""#18181b"":l?""rgba(255,255,255,0.5)"":""rgba(0,0,0,0.4)"",strokeWidth:a?1.5:1.8,transition:""all 0.25s "".concat(eW)}};switch(t){case""home"":return(0,r.jsx)(e_.A,{...o});case""heatseeker"":default:return(0,r.jsx)(eE.A,{...o});case""flowseeker"":return(0,r.jsx)(H.A,{...o});case""nexus"":return(0,r.jsx)(eM.A,{...o});case""agents"":return(0,r.jsx)(eI.A,{...o})}}var eO=n(67364),eB=n(99776);let eG={name:""Glitch"",avatarUrl:""/avatars/glitch.png""},eV=Date.now(),eH=e=>new Date(eV-6e4*e).toISOStrin"
bundles/1536-064f08115df39c50.js,1,flowseeker,"isDark:l=!0}=e,o={size:n,fill:a?""currentColor"":""none"",style:{color:a?l?""#fff"":""#18181b"":l?""rgba(255,255,255,0.5)"":""rgba(0,0,0,0.4)"",strokeWidth:a?1.5:1.8,transition:""all 0.25s "".concat(eW)}};switch(t){case""home"":return(0,r.jsx)(e_.A,{...o});case""heatseeker"":default:return(0,r.jsx)(eE.A,{...o});case""flowseeker"":return(0,r.jsx)(H.A,{...o});case""nexus"":return(0,r.jsx)(eM.A,{...o});case""agents"":return(0,r.jsx)(eI.A,{...o})}}var eO=n(67364),eB=n(99776);let eG={name:""Glitch"",avatarUrl:""/avatars/glitch.png""},eV=Date.now(),eH=e=>new Date(eV-6e4*e).toISOString(),eK=[{id:""g-001"",source:""discord"",text:""$SPY reject"
bundles/1536-064f08115df39c50.js,1,/api/,"r"",t.ticker.toUpperCase()),t.tickers&&t.tickers.length>0&&r.set(""tickers"",t.tickers.map(e=>e.toUpperCase()).join("","")),""number""==typeof t.minSignal&&r.set(""minSignal"",String(t.minSignal)),t.before&&r.set(""before"",t.before),t.limit&&r.set(""limit"",String(t.limit));let a=r.toString(),l="""".concat(eY(),""/api/glitch/feed"").concat(a?""?"".concat(a):""""),o=new Headers;try{let t=await e();t&&o.set(""Authorization"",""Bearer "".concat(t))}catch(e){console.warn(""[Glitch API] Failed to get Clerk token:"",e)}try{let e=await fetch(l,{headers:o,signal:n});if(!e.ok){let t=""HTTP "".concat(e.status,"": "").concat(e.statusText)"
bundles/1536-064f08115df39c50.js,1,/api/,"etch(l,{headers:o,signal:n});if(!e.ok){let t=""HTTP "".concat(e.status,"": "").concat(e.statusText);try{let n=await e.json();t=n.message||n.error||t}catch(e){}throw new eX(t,e.status)}let t=await e.json();if(!t||""object""!=typeof t||!Array.isArray(t.messages))throw new eX(""Unexpected response shape from /api/glitch/feed (endpoint not deployed?)"",e.status);return t}catch(e){if(e instanceof eX||e instanceof DOMException&&""AbortError""===e.name)throw e;throw new eX(""Network error: "".concat(e instanceof Error?e.message:""Unknown error""),0)}}var e$=n(90960),eJ=n(52777);function eZ(e){let t=document.createEleme"
bundles/1536-064f08115df39c50.js,1,heatseeker,".includes(t);function tQ(e,t,n){if(tX(t,""contract_modal""))return{line:""Reading the contract on screen — the session, its flow split, and where size printed."",prompts:[""What am I looking at?"",""Bought or sold?"",""Is open interest building?""]};if(!e)return tY;let r=(null==n?void 0:n.trim())||void 0;if(""heatseeker""===e&&tX(t,""page_context""))return{line:""Reading "".concat(null!=r?r:""this map"","" — GEX/VEX map, structured read, velocity.""),prompts:[""What's the read?"",""Where is the king node?"",""What changed in 5m?""]};if(""atlas""===e&&tX(t,""page_context""))return{line:""Reading the "".concat(null!=r?r:""Atlas"","" chart "
bundles/1536-064f08115df39c50.js,1,armed,"==e&&tX(t,""page_context"")?{line:""Reading the "".concat(null!=r?r:""this"","" dossier — cards, freshness, what is still missing.""),prompts:[""What's the case?"",""What's still missing?"",""Which cards are stale?""]}:""alerts""===e&&tX(t,""page_context"")?{line:""Reading your alerts — rules, last fires, and what is armed."",prompts:[""Why did this not fire?"",""What is armed right now?"",""Which alerts are stale?""]}:""academy""===e&&tX(t,""page_context"")?{line:""Reading this course — what it covers."",prompts:[""Summarize this lesson"",""What should I read next?"",""How does this apply to my chart?""]}:""trinity""===e&&tX(t,""page_con"
bundles/1536-064f08115df39c50.js,1,armed,"at(null!=r?r:""this"","" dossier — cards, freshness, what is still missing.""),prompts:[""What's the case?"",""What's still missing?"",""Which cards are stale?""]}:""alerts""===e&&tX(t,""page_context"")?{line:""Reading your alerts — rules, last fires, and what is armed."",prompts:[""Why did this not fire?"",""What is armed right now?"",""Which alerts are stale?""]}:""academy""===e&&tX(t,""page_context"")?{line:""Reading this course — what it covers."",prompts:[""Summarize this lesson"",""What should I read next?"",""How does this apply to my chart?""]}:""trinity""===e&&tX(t,""page_context"")?{line:""Reading Trinity — SPX, SPY and QQQ si"
bundles/1536-064f08115df39c50.js,1,heatseeker,"ard?""]}:tY}function t$(e,t){return e.filter(e=>e.trim().length>0).map((e,n)=>({id:"""".concat(t,""-"").concat(n),type:""quick_reply"",label:e,prompt:e}))}!function(e){arguments.length>1&&void 0!==arguments[1]&&arguments[1],arguments.length>2&&void 0!==arguments[2]&&arguments[2],new Date().toISOString()}(""heatseeker-specialist"");!function(e){arguments.length>1&&void 0!==arguments[1]&&arguments[1],arguments.length>2&&void 0!==arguments[2]&&arguments[2],new Date().toISOString()}(""flowseeker-analyst""),n(65852),n(40895);new Date().toISOString(),new Date().toISOString(),new Date().toISOString(),new Date().toISOStri"
bundles/1536-064f08115df39c50.js,1,flowseeker,"h>1&&void 0!==arguments[1]&&arguments[1],arguments.length>2&&void 0!==arguments[2]&&arguments[2],new Date().toISOString()}(""heatseeker-specialist"");!function(e){arguments.length>1&&void 0!==arguments[1]&&arguments[1],arguments.length>2&&void 0!==arguments[2]&&arguments[2],new Date().toISOString()}(""flowseeker-analyst""),n(65852),n(40895);new Date().toISOString(),new Date().toISOString(),new Date().toISOString(),new Date().toISOString(),new Date().toISOString(),new Date().toISOString(),new Date().toISOString(),new Date().toISOString(),new Date().toISOString(),new Date().toISOString(),new Date().toISOStrin"
bundles/1536-064f08115df39c50.js,1,/api/,"e:""size-4 animate-spin""}),""I understand""]})]})]})})}function ng(e){return e.startsWith(""cadence-"")?""cadence"":e.startsWith(""page-"")?""page"":e.startsWith(""followup-"")?""followup"":""unknown""}async function nh(e){if(0===e.liveCapabilityIds.length)return[];try{var t;let n=await fetch("""".concat((0,tV.FC)(),""/api/v1/talon/followups""),{method:""POST"",headers:{""Content-Type"":""application/json"",Accept:""application/json""},body:JSON.stringify({answer:e.answer,page_type:e.pageType,ticker:null!=(t=e.ticker)?t:null,live_capability_ids:e.liveCapabilityIds})});if(!n.ok)return[];let r=await n.json();return(Array.isArray"
bundles/1536-064f08115df39c50.js,1,heatseeker,"n(79891),n(35792),n(28047),n(64289);var nZ=n(87189);n(65904);let n0=P.Il.font.mono,n1=""0 0 0 3px rgba(147, 197, 253, 0.14)"",n2=e=>e?""#cbd5e1"":""#334155"",n5={fontSize:""11.5px"",fontWeight:400,letterSpacing:""0""},n4=new Set(nC.map(e=>e.shortcut));function n3(e){if(!e)return{};if(""/""===e)return{pageType:""heatseeker"",pageId:""heatseeker""};let t=e.match(/^\/agents\/research\/([^/?#]+)/);if(t)return{pageType:""research"",pageId:""research"",focusedTicker:n9(t[1])};let n=e.match(/^\/agents\/trade\/([^/?#]+)/);return n?{pageType:""trade"",pageId:""trade"",focusedTicker:n9(n[1])}:e.startsWith(""/agents/flow-ai"")?{pageType:""f"
bundles/1536-064f08115df39c50.js,1,heatseeker,"28047),n(64289);var nZ=n(87189);n(65904);let n0=P.Il.font.mono,n1=""0 0 0 3px rgba(147, 197, 253, 0.14)"",n2=e=>e?""#cbd5e1"":""#334155"",n5={fontSize:""11.5px"",fontWeight:400,letterSpacing:""0""},n4=new Set(nC.map(e=>e.shortcut));function n3(e){if(!e)return{};if(""/""===e)return{pageType:""heatseeker"",pageId:""heatseeker""};let t=e.match(/^\/agents\/research\/([^/?#]+)/);if(t)return{pageType:""research"",pageId:""research"",focusedTicker:n9(t[1])};let n=e.match(/^\/agents\/trade\/([^/?#]+)/);return n?{pageType:""trade"",pageId:""trade"",focusedTicker:n9(n[1])}:e.startsWith(""/agents/flow-ai"")?{pageType:""flow-ai"",pageId:""flow"
bundles/1536-064f08115df39c50.js,1,heatseeker,"nd:a}=e;return{id:n,label:r,action:{kind:""command"",command:"""".concat(a,"" "").concat(t)},inPlace:!1}}),{id:""mention"",label:""Mention in composer"",action:{kind:""mention"",text:""@"".concat(t,"" "")},inPlace:!1}]},{id:""open"",title:""Open"",entries:[{id:""heatmap"",label:""Heatmap"",action:{kind:""heatmap""},inPlace:""heatseeker""===n,disabledReason:l,navId:""heatmaps""},{id:""atlas"",label:""Atlas"",action:{kind:""atlas""},inPlace:""atlas""===n,navId:""skylit-charts""},{id:""trinity"",label:""Trinity"",action:{kind:""trinity""},inPlace:""trinity""===n,disabledReason:null!=l?l:a>=6?""Trinity is full"":void 0,navId:""trinity""},{id:""research"",label"
bundles/1536-064f08115df39c50.js,1,heatseeker,"reventDefault(),e.stopPropagation(),p({x:Math.max(8,Math.min(e.clientX,window.innerWidth-232-8)),y:Math.max(8,Math.min(e.clientY,window.innerHeight-430-8)),ticker:t})},[]),T=(0,a.useCallback)((e,t)=>{switch(e.kind){case""command"":i(e.command);return;case""mention"":c(e.text);return;case""heatmap"":g(t),""heatseeker""!==s&&d.push(""/"");return;case""atlas"":f(t),""atlas""!==s&&d.push(""/atlas?symbol="".concat(encodeURIComponent(t)));return;case""trinity"":h({name:t,displayName:t}),""trinity""!==s&&d.push(""/trinity"");return;case""navigate"":d.push(e.href);return;default:return}},[i,c,g,f,h,d,s]);(0,a.useEffect)(()=>{if(!u)ret"
bundles/1536-064f08115df39c50.js,1,armed,"on.max_return,maxAvg:e.spx_option.max_avg,managedReturn:e.spx_option.managed_return,peakTime:e.spx_option.peak_time,lifecycle:e.spx_option.lifecycle,premSeries:e.spx_option.prem_series,premLevels:e.spx_option.prem_levels?{...e.spx_option.prem_levels,prem:!0}:void 0,limitPlan:e.spx_option.limit_plan,armed:e.spx_option.playbook?{spread_pct:e.spx_option.playbook.spread_pct,skipped_entry:e.spx_option.playbook.skipped_entry}:void 0,playbook:e.spx_option.playbook,gradeSrc:e.spx_option.grade_src},QQQ:e.qqq_option&&{contract:e.qqq_option.contract,mark:null!=e.qqq_option.entry_prem?""$"".concat(e.qqq_option.e"
bundles/1536-064f08115df39c50.js,1,armed,"on.max_return,maxAvg:e.qqq_option.max_avg,managedReturn:e.qqq_option.managed_return,peakTime:e.qqq_option.peak_time,lifecycle:e.qqq_option.lifecycle,premSeries:e.qqq_option.prem_series,premLevels:e.qqq_option.prem_levels?{...e.qqq_option.prem_levels,prem:!0}:void 0,limitPlan:e.qqq_option.limit_plan,armed:e.qqq_option.playbook?{spread_pct:e.qqq_option.playbook.spread_pct,skipped_entry:e.qqq_option.playbook.skipped_entry}:void 0,playbook:e.qqq_option.playbook,gradeSrc:e.qqq_option.grade_src},SPY:e.spy_option&&{contract:e.spy_option.contract,mark:null!=e.spy_option.entry_prem?""$"".concat(e.spy_option.e"
bundles/1536-064f08115df39c50.js,1,armed,"on.max_return,maxAvg:e.spy_option.max_avg,managedReturn:e.spy_option.managed_return,peakTime:e.spy_option.peak_time,lifecycle:e.spy_option.lifecycle,premSeries:e.spy_option.prem_series,premLevels:e.spy_option.prem_levels?{...e.spy_option.prem_levels,prem:!0}:void 0,limitPlan:e.spy_option.limit_plan,armed:e.spy_option.playbook?{spread_pct:e.spy_option.playbook.spread_pct,skipped_entry:e.spy_option.playbook.skipped_entry}:void 0,playbook:e.spy_option.playbook,gradeSrc:e.spy_option.grade_src}}}}let rE={heatseeker:{name:""Heatseeker"",color:""#f97316""},flowseeker:{name:""Flowseeker"",color:""#90bff9""},atlas:"
bundles/1536-064f08115df39c50.js,1,heatseeker,"ion.prem_levels?{...e.spy_option.prem_levels,prem:!0}:void 0,limitPlan:e.spy_option.limit_plan,armed:e.spy_option.playbook?{spread_pct:e.spy_option.playbook.spread_pct,skipped_entry:e.spy_option.playbook.skipped_entry}:void 0,playbook:e.spy_option.playbook,gradeSrc:e.spy_option.grade_src}}}}let rE={heatseeker:{name:""Heatseeker"",color:""#f97316""},flowseeker:{name:""Flowseeker"",color:""#90bff9""},atlas:{name:""Atlas"",color:""#22d3ee""},nexus:{name:""Nexus"",color:""#a855f7""},talon:{name:""Falcon"",color:rN}},rM=[{src:""atlas"",time:""09:41"",msg:(0,r.jsxs)(r.Fragment,{children:[""VWAP reclaim confirmed at "",(0,r.jsx)(""b"","
bundles/1536-064f08115df39c50.js,1,Heatseeker,"..e.spy_option.prem_levels,prem:!0}:void 0,limitPlan:e.spy_option.limit_plan,armed:e.spy_option.playbook?{spread_pct:e.spy_option.playbook.spread_pct,skipped_entry:e.spy_option.playbook.skipped_entry}:void 0,playbook:e.spy_option.playbook,gradeSrc:e.spy_option.grade_src}}}}let rE={heatseeker:{name:""Heatseeker"",color:""#f97316""},flowseeker:{name:""Flowseeker"",color:""#90bff9""},atlas:{name:""Atlas"",color:""#22d3ee""},nexus:{name:""Nexus"",color:""#a855f7""},talon:{name:""Falcon"",color:rN}},rM=[{src:""atlas"",time:""09:41"",msg:(0,r.jsxs)(r.Fragment,{children:[""VWAP reclaim confirmed at "",(0,r.jsx)(""b"",{children:""578.21"""
bundles/1536-064f08115df39c50.js,1,flowseeker,"em:!0}:void 0,limitPlan:e.spy_option.limit_plan,armed:e.spy_option.playbook?{spread_pct:e.spy_option.playbook.spread_pct,skipped_entry:e.spy_option.playbook.skipped_entry}:void 0,playbook:e.spy_option.playbook,gradeSrc:e.spy_option.grade_src}}}}let rE={heatseeker:{name:""Heatseeker"",color:""#f97316""},flowseeker:{name:""Flowseeker"",color:""#90bff9""},atlas:{name:""Atlas"",color:""#22d3ee""},nexus:{name:""Nexus"",color:""#a855f7""},talon:{name:""Falcon"",color:rN}},rM=[{src:""atlas"",time:""09:41"",msg:(0,r.jsxs)(r.Fragment,{children:[""VWAP reclaim confirmed at "",(0,r.jsx)(""b"",{children:""578.21""})]})},{src:""heatseeker"",time"
bundles/1536-064f08115df39c50.js,1,Flowseeker,"tPlan:e.spy_option.limit_plan,armed:e.spy_option.playbook?{spread_pct:e.spy_option.playbook.spread_pct,skipped_entry:e.spy_option.playbook.skipped_entry}:void 0,playbook:e.spy_option.playbook,gradeSrc:e.spy_option.grade_src}}}}let rE={heatseeker:{name:""Heatseeker"",color:""#f97316""},flowseeker:{name:""Flowseeker"",color:""#90bff9""},atlas:{name:""Atlas"",color:""#22d3ee""},nexus:{name:""Nexus"",color:""#a855f7""},talon:{name:""Falcon"",color:rN}},rM=[{src:""atlas"",time:""09:41"",msg:(0,r.jsxs)(r.Fragment,{children:[""VWAP reclaim confirmed at "",(0,r.jsx)(""b"",{children:""578.21""})]})},{src:""heatseeker"",time:""09:41"",msg:(0,r."
bundles/1536-064f08115df39c50.js,1,Falcon,":e.spy_option.playbook.skipped_entry}:void 0,playbook:e.spy_option.playbook,gradeSrc:e.spy_option.grade_src}}}}let rE={heatseeker:{name:""Heatseeker"",color:""#f97316""},flowseeker:{name:""Flowseeker"",color:""#90bff9""},atlas:{name:""Atlas"",color:""#22d3ee""},nexus:{name:""Nexus"",color:""#a855f7""},talon:{name:""Falcon"",color:rN}},rM=[{src:""atlas"",time:""09:41"",msg:(0,r.jsxs)(r.Fragment,{children:[""VWAP reclaim confirmed at "",(0,r.jsx)(""b"",{children:""578.21""})]})},{src:""heatseeker"",time:""09:41"",msg:(0,r.jsxs)(r.Fragment,{children:[""Gamma flip crossed up through "",(0,r.jsx)(""b"",{children:""577.40""})]})},{src:""flowse"
bundles/1536-064f08115df39c50.js,1,heatseeker,"316""},flowseeker:{name:""Flowseeker"",color:""#90bff9""},atlas:{name:""Atlas"",color:""#22d3ee""},nexus:{name:""Nexus"",color:""#a855f7""},talon:{name:""Falcon"",color:rN}},rM=[{src:""atlas"",time:""09:41"",msg:(0,r.jsxs)(r.Fragment,{children:[""VWAP reclaim confirmed at "",(0,r.jsx)(""b"",{children:""578.21""})]})},{src:""heatseeker"",time:""09:41"",msg:(0,r.jsxs)(r.Fragment,{children:[""Gamma flip crossed up through "",(0,r.jsx)(""b"",{children:""577.40""})]})},{src:""flowseeker"",time:""09:42"",msg:(0,r.jsxs)(r.Fragment,{children:[(0,r.jsx)(""b"",{children:""+$2.1M""}),"" call sweep \xb7 "",(0,r.jsx)(rz,{children:""$SPY""}),"" 580C""]})},{src:""hea"
bundles/1536-064f08115df39c50.js,1,flowseeker,"Falcon"",color:rN}},rM=[{src:""atlas"",time:""09:41"",msg:(0,r.jsxs)(r.Fragment,{children:[""VWAP reclaim confirmed at "",(0,r.jsx)(""b"",{children:""578.21""})]})},{src:""heatseeker"",time:""09:41"",msg:(0,r.jsxs)(r.Fragment,{children:[""Gamma flip crossed up through "",(0,r.jsx)(""b"",{children:""577.40""})]})},{src:""flowseeker"",time:""09:42"",msg:(0,r.jsxs)(r.Fragment,{children:[(0,r.jsx)(""b"",{children:""+$2.1M""}),"" call sweep \xb7 "",(0,r.jsx)(rz,{children:""$SPY""}),"" 580C""]})},{src:""heatseeker"",time:""09:42"",msg:(0,r.jsxs)(r.Fragment,{children:[""King-node pin strengthening at "",(0,r.jsx)(""b"",{children:""580.00""})]})},{src:""ta"
bundles/1536-064f08115df39c50.js,1,heatseeker,"ker"",time:""09:41"",msg:(0,r.jsxs)(r.Fragment,{children:[""Gamma flip crossed up through "",(0,r.jsx)(""b"",{children:""577.40""})]})},{src:""flowseeker"",time:""09:42"",msg:(0,r.jsxs)(r.Fragment,{children:[(0,r.jsx)(""b"",{children:""+$2.1M""}),"" call sweep \xb7 "",(0,r.jsx)(rz,{children:""$SPY""}),"" 580C""]})},{src:""heatseeker"",time:""09:42"",msg:(0,r.jsxs)(r.Fragment,{children:[""King-node pin strengthening at "",(0,r.jsx)(""b"",{children:""580.00""})]})},{src:""talon"",time:""09:42"",msg:(0,r.jsxs)(r.Fragment,{children:[""Graded "",(0,r.jsx)(""b"",{children:""A+""}),"" \xb7 score "",(0,r.jsx)(""b"",{children:""92""}),"" \xb7 confidence "",(0,r."
bundles/1536-064f08115df39c50.js,1,flowseeker,"hildren:[""King-node pin strengthening at "",(0,r.jsx)(""b"",{children:""580.00""})]})},{src:""talon"",time:""09:42"",msg:(0,r.jsxs)(r.Fragment,{children:[""Graded "",(0,r.jsx)(""b"",{children:""A+""}),"" \xb7 score "",(0,r.jsx)(""b"",{children:""92""}),"" \xb7 confidence "",(0,r.jsx)(""b"",{children:""0.88""})]})}],rI=[{src:""flowseeker"",msg:(0,r.jsxs)(r.Fragment,{children:[""Block bid \xb7 "",(0,r.jsx)(rz,{children:""$QQQ""}),"" 502C""]})},{src:""nexus"",msg:(0,r.jsxs)(r.Fragment,{children:[""Match: "",(0,r.jsx)(""b"",{children:""+71%""}),"" hit-rate, 0DTE reclaim""]})},{src:""atlas"",msg:(0,r.jsx)(r.Fragment,{children:""Momentum cooling \xb7 5m""})"
bundles/1536-064f08115df39c50.js,1,heatseeker,",r.jsxs)(r.Fragment,{children:[""Block bid \xb7 "",(0,r.jsx)(rz,{children:""$QQQ""}),"" 502C""]})},{src:""nexus"",msg:(0,r.jsxs)(r.Fragment,{children:[""Match: "",(0,r.jsx)(""b"",{children:""+71%""}),"" hit-rate, 0DTE reclaim""]})},{src:""atlas"",msg:(0,r.jsx)(r.Fragment,{children:""Momentum cooling \xb7 5m""})},{src:""heatseeker"",msg:(0,r.jsx)(r.Fragment,{children:""Net GEX flipping positive""})},{src:""flowseeker"",msg:(0,r.jsxs)(r.Fragment,{children:[""Sweep \xb7 "",(0,r.jsx)(rz,{children:""$NVDA""}),"" 132C ask""]})},{src:""talon"",msg:(0,r.jsx)(r.Fragment,{children:""Re-grading watchlist \xb7 14 tickers""})}];function rz(e){let{chil"
bundles/1536-064f08115df39c50.js,1,flowseeker,"02C""]})},{src:""nexus"",msg:(0,r.jsxs)(r.Fragment,{children:[""Match: "",(0,r.jsx)(""b"",{children:""+71%""}),"" hit-rate, 0DTE reclaim""]})},{src:""atlas"",msg:(0,r.jsx)(r.Fragment,{children:""Momentum cooling \xb7 5m""})},{src:""heatseeker"",msg:(0,r.jsx)(r.Fragment,{children:""Net GEX flipping positive""})},{src:""flowseeker"",msg:(0,r.jsxs)(r.Fragment,{children:[""Sweep \xb7 "",(0,r.jsx)(rz,{children:""$NVDA""}),"" 132C ask""]})},{src:""talon"",msg:(0,r.jsx)(r.Fragment,{children:""Re-grading watchlist \xb7 14 tickers""})}];function rz(e){let{children:t}=e;return(0,r.jsx)(""span"",{style:{color:""var(--talon-cashtag)"",fontWeight:500"
bundles/1536-064f08115df39c50.js,1,falcon,"ight:n,background:""rgba(var(--tv2-ink),0.04)"",border:""1px solid rgba(var(--tv2-ink),0.05)""},children:(0,r.jsx)(""img"",{src:""/agent-logos/"".concat(t,"".png""),alt:"""",style:{width:n-6,height:n-6,objectFit:""contain""},onError:e=>{e.currentTarget.style.display=""none""}})})}let rF=e=>(e||"""").replace(/^(talon|falcon|falco)\s+/i,""""),rW=(e,t,n)=>t&&!n&&t.slice(0,5)!==e?t:null;function rP(e,t){var n,r;let a=""QQQ""===e.symbol?""QQQ"":""SPXW""===e.symbol||""SPX""===e.symbol?""SPX"":""SPY"",l=e=>null!=e&&(null!=e.maxReturn||null!=e.managedReturn),o=t=>{var n,r,a,l,o,s,i,c,d;let u=null==(n=e.alts)?void 0:n[t];return(null==u?voi"
bundles/1536-064f08115df39c50.js,1,armed,"Scale)?void 0:r[t])?c:1,levels:null!=(d=null==(a=e.altLevels)?void 0:a[t])?d:u.premLevels,peakTime:u.peakTime,lifecycle:u.lifecycle,premSeries:u.premSeries,prog:(null==(l=e.altLevels)?void 0:l[t])?null==(o=e.progress)?void 0:o[t]:u.premLevels||null==(s=e.progress)?void 0:s.SPY,limitPlan:u.limitPlan,armed:u.armed,playbook:u.playbook,gradeSrc:u.gradeSrc}:null};if(t!==a){let e=o(t);if(l(e))return e}let s={contract:e.contract,mark:e.mark,maxReturn:e.maxReturn,maxAvg:e.maxAvg,managedReturn:e.managedReturn,native:!0,scale:1,peakTime:e.peakTime,lifecycle:e.lifecycle,premSeries:e.premSeries,prog:null==(r=e"
bundles/1536-064f08115df39c50.js,1,armed,"oid 0:r[t])?c:1,levels:null!=(d=null==(a=e.altLevels)?void 0:a[t])?d:u.premLevels,peakTime:u.peakTime,lifecycle:u.lifecycle,premSeries:u.premSeries,prog:(null==(l=e.altLevels)?void 0:l[t])?null==(o=e.progress)?void 0:o[t]:u.premLevels||null==(s=e.progress)?void 0:s.SPY,limitPlan:u.limitPlan,armed:u.armed,playbook:u.playbook,gradeSrc:u.gradeSrc}:null};if(t!==a){let e=o(t);if(l(e))return e}let s={contract:e.contract,mark:e.mark,maxReturn:e.maxReturn,maxAvg:e.maxAvg,managedReturn:e.managedReturn,native:!0,scale:1,peakTime:e.peakTime,lifecycle:e.lifecycle,premSeries:e.premSeries,prog:null==(r=e.progres"
bundles/1536-064f08115df39c50.js,1,armed,"rc}:null};if(t!==a){let e=o(t);if(l(e))return e}let s={contract:e.contract,mark:e.mark,maxReturn:e.maxReturn,maxAvg:e.maxAvg,managedReturn:e.managedReturn,native:!0,scale:1,peakTime:e.peakTime,lifecycle:e.lifecycle,premSeries:e.premSeries,prog:null==(r=e.progress)?void 0:r.SPY,limitPlan:e.limitPlan,armed:e.playbook?{spread_pct:e.playbook.spread_pct,skipped_entry:e.playbook.skipped_entry}:void 0,playbook:e.playbook,gradeSrc:e.gradeSrc};if(l(s))return s;for(let e of[""SPY"",""SPX"",""QQQ""]){if(e===a)continue;let t=o(e);if(l(t))return t}return null!=(n=t!==a?o(t):null)?n:s}function rD(e,t){var n;let r=rL(e"
bundles/1536-064f08115df39c50.js,1,armed,"limitPlan.px&&(0,r.jsx)(""b"",{title:""agent decision: DIP-OR-SKIP — market-buy only if premium prints ≤ $"".concat(f.limitPlan.px.toFixed(2),"" ("").concat(null!=(g=f.limitPlan.k)?g:1.5,""σ dip) shortly after fire \xb7 no dip = no trade"").concat(x.offBook?"" \xb7 pre-noon fire: tracked signal, outside the armed midday book"":"""").concat((null==(o=f.armed)?void 0:o.skipped_entry)?"" \xb7 SKIPPED: no dip printed, no trade taken"":""""),style:{marginLeft:6,fontSize:8.5,fontWeight:700,letterSpacing:""0.05em"",color:x.offBook||(null==(s=f.armed)?void 0:s.skipped_entry)?""var(--tv2-dim, #8a8f98)"":rN},children:x.offBook?"
bundles/1536-064f08115df39c50.js,1,armed,"decision: DIP-OR-SKIP — market-buy only if premium prints ≤ $"".concat(f.limitPlan.px.toFixed(2),"" ("").concat(null!=(g=f.limitPlan.k)?g:1.5,""σ dip) shortly after fire \xb7 no dip = no trade"").concat(x.offBook?"" \xb7 pre-noon fire: tracked signal, outside the armed midday book"":"""").concat((null==(o=f.armed)?void 0:o.skipped_entry)?"" \xb7 SKIPPED: no dip printed, no trade taken"":""""),style:{marginLeft:6,fontSize:8.5,fontWeight:700,letterSpacing:""0.05em"",color:x.offBook||(null==(s=f.armed)?void 0:s.skipped_entry)?""var(--tv2-dim, #8a8f98)"":rN},children:x.offBook?""OFF-BOOK"":(null==(i=f.armed)?void 0:i.ski"
bundles/1536-064f08115df39c50.js,1,armed,"trade"").concat(x.offBook?"" \xb7 pre-noon fire: tracked signal, outside the armed midday book"":"""").concat((null==(o=f.armed)?void 0:o.skipped_entry)?"" \xb7 SKIPPED: no dip printed, no trade taken"":""""),style:{marginLeft:6,fontSize:8.5,fontWeight:700,letterSpacing:""0.05em"",color:x.offBook||(null==(s=f.armed)?void 0:s.skipped_entry)?""var(--tv2-dim, #8a8f98)"":rN},children:x.offBook?""OFF-BOOK"":(null==(i=f.armed)?void 0:i.skipped_entry)?""SKIPPED"":""DIP ≤$"".concat(f.limitPlan.px.toFixed(2))}),(null!=(h=null==(c=x.adds)?void 0:c.length)?h:0)>0&&(()=>{var e;let t=rL(x,f.native,f.contract);return(0,r.jsxs)(""sp"
bundles/1536-064f08115df39c50.js,1,armed,"t((null==(o=f.armed)?void 0:o.skipped_entry)?"" \xb7 SKIPPED: no dip printed, no trade taken"":""""),style:{marginLeft:6,fontSize:8.5,fontWeight:700,letterSpacing:""0.05em"",color:x.offBook||(null==(s=f.armed)?void 0:s.skipped_entry)?""var(--tv2-dim, #8a8f98)"":rN},children:x.offBook?""OFF-BOOK"":(null==(i=f.armed)?void 0:i.skipped_entry)?""SKIPPED"":""DIP ≤$"".concat(f.limitPlan.px.toFixed(2))}),(null!=(h=null==(c=x.adds)?void 0:c.length)?h:0)>0&&(()=>{var e;let t=rL(x,f.native,f.contract);return(0,r.jsxs)(""span"",{title:""Scaled in "".concat(1+t.adds.length,""\xd7 (1/"").concat(null!=(e=x.tranches)?e:3,"" size each)"
bundles/1536-064f08115df39c50.js,1,Falcon,":{fontSize:10,color:y.textMuted},children:[(0,r.jsxs)(""span"",{className:""inline-flex items-center gap-1"",style:{color:rN,fontWeight:500},children:[(0,r.jsx)(""img"",{src:""/agent-logos/talon.png"",alt:"""",style:{width:12,height:12,objectFit:""contain""},onError:e=>{e.currentTarget.style.display=""none""}}),""Falcon""]}),(0,r.jsxs)(""span"",{className:""min-w-0 truncate"",children:[""\xb7 "",rF(x.setupName),"" \xb7 "",x.ago,rW(x.ago,x.liveAt,x.backfilled)?(0,r.jsxs)(""span"",{style:{opacity:.75},children:["" \xb7 live "",rW(x.ago,x.liveAt,x.backfilled)]}):null]})]})]})}),rO={entry:""fired"",armed:""runner armed"",trim:""banked"""
bundles/1536-064f08115df39c50.js,1,armed,"et.style.display=""none""}}),""Falcon""]}),(0,r.jsxs)(""span"",{className:""min-w-0 truncate"",children:[""\xb7 "",rF(x.setupName),"" \xb7 "",x.ago,rW(x.ago,x.liveAt,x.backfilled)?(0,r.jsxs)(""span"",{style:{opacity:.75},children:["" \xb7 live "",rW(x.ago,x.liveAt,x.backfilled)]}):null]})]})]})}),rO={entry:""fired"",armed:""runner armed"",trim:""banked"",ratchet:""ratchet stop — runner out"",settle:""settled at intrinsic"",final:""final print"",exit:""exit"",peak:""peak"",dd:""max drawdown"",add:""scaled in"",add_x:""scaled in \xb7 separate strike""};function rB(e){let{ev:t,t:n,series:a,adds:l}=e,o=t.filter(e=>""entry""===e.ev||""peak""==="
bundles/1536-064f08115df39c50.js,1,armed,"ay=""none""}}),""Falcon""]}),(0,r.jsxs)(""span"",{className:""min-w-0 truncate"",children:[""\xb7 "",rF(x.setupName),"" \xb7 "",x.ago,rW(x.ago,x.liveAt,x.backfilled)?(0,r.jsxs)(""span"",{style:{opacity:.75},children:["" \xb7 live "",rW(x.ago,x.liveAt,x.backfilled)]}):null]})]})]})}),rO={entry:""fired"",armed:""runner armed"",trim:""banked"",ratchet:""ratchet stop — runner out"",settle:""settled at intrinsic"",final:""final print"",exit:""exit"",peak:""peak"",dd:""max drawdown"",add:""scaled in"",add_x:""scaled in \xb7 separate strike""};function rB(e){let{ev:t,t:n,series:a,adds:l}=e,o=t.filter(e=>""entry""===e.ev||""peak""===e.ev);for(let "
bundles/1536-064f08115df39c50.js,1,Falcon,"3 py-1.5"",style:{fontSize:12.5,fontWeight:500,color:E.textPrimary,background:""rgba(var(--tv2-ink),0.05)"",border:""1px solid rgba(var(--tv2-ink),0.1)""},children:""‹ Back""}),(0,r.jsx)(""span"",{className:""uppercase"",style:{fontSize:9,letterSpacing:""0.16em"",color:E.textMuted},children:""Surfaced setup \xb7 Falcon""}),null!=K&&(0,r.jsxs)(""span"",{className:""ml-auto flex items-center gap-1.5 whitespace-nowrap rounded-md px-2 py-1"",title:U?"""".concat(C.symbol,"" live underlying spot""):"""".concat(C.symbol,"" last-known spot \xb7 feed not live (off-hours or reconnecting)""),style:{fontSize:11,fontWeight:600,color:E.tex"
bundles/1536-064f08115df39c50.js,1,falcon,"ODE""}),(0,r.jsxs)(""span"",{style:{fontSize:10.5,color:E.textMuted},children:[""No per-tranche lifecycle for the "",_.contract.split("" "")[0],"" leg yet — this leg has no timestamped fill log to copy. Switch to a leg with a lifecycle, or check back once it's graded.""]})]})})(),(0,r.jsx)(rf.Sl,{endpoint:""/falcon/contract_flow"",contract:_.contract.split("" \xb7 "")[0],expiryIso:C.expiryIso,since:C.ago,t:E,skin:rS,side:C.side,scrubTime:ee,onScrub:et}),(0,r.jsxs)(""div"",{className:""mx-5 mt-5"",children:[(0,r.jsxs)(""div"",{className:""mb-1 flex flex-wrap items-center justify-between gap-y-1"",children:[(0,r.jsxs)(""sp"
bundles/1536-064f08115df39c50.js,1,falcon,"0"")}catch(e){}},[R]);let W=null!=I?I:""v2"",P=""v3""===W,D=""legacy""===W?""legacy"":""v3""===W?R?""v3_degen"":""v3"":""v1""===W?R?""degen"":""normal"":R?""v2_degen"":""v2"",{isAdmin:L}=(0,ec.$)(),q=function(e){let[t,n]=(0,a.useState)([]);return(0,a.useEffect)(()=>{let t,r=!0,a=async()=>{let l=!1;try{let t=await fetch(e?""/falcon/days?strategy="".concat(e):""/falcon/days"",{cache:""no-store""}),a=await t.json();r&&Array.isArray(null==a?void 0:a.days)&&a.days.length>0&&(n(a.days),l=!0)}catch(e){}r&&(t=setTimeout(a,l?3e5:15e3))};return a(),()=>{r=!1,clearTimeout(t)}},[e]),t}(D),[O,B]=(0,a.useState)(!1),G=function(e,t){let[n,r]=(0,"
bundles/1536-064f08115df39c50.js,1,falcon,"I:""v2"",P=""v3""===W,D=""legacy""===W?""legacy"":""v3""===W?R?""v3_degen"":""v3"":""v1""===W?R?""degen"":""normal"":R?""v2_degen"":""v2"",{isAdmin:L}=(0,ec.$)(),q=function(e){let[t,n]=(0,a.useState)([]);return(0,a.useEffect)(()=>{let t,r=!0,a=async()=>{let l=!1;try{let t=await fetch(e?""/falcon/days?strategy="".concat(e):""/falcon/days"",{cache:""no-store""}),a=await t.json();r&&Array.isArray(null==a?void 0:a.days)&&a.days.length>0&&(n(a.days),l=!0)}catch(e){}r&&(t=setTimeout(a,l?3e5:15e3))};return a(),()=>{r=!1,clearTimeout(t)}},[e]),t}(D),[O,B]=(0,a.useState)(!1),G=function(e,t){let[n,r]=(0,a.useState)({});return(0,a.useEffec"
bundles/1536-064f08115df39c50.js,1,falcon,"&(n(a.days),l=!0)}catch(e){}r&&(t=setTimeout(a,l?3e5:15e3))};return a(),()=>{r=!1,clearTimeout(t)}},[e]),t}(D),[O,B]=(0,a.useState)(!1),G=function(e,t){let[n,r]=(0,a.useState)({});return(0,a.useEffect)(()=>{if(!t)return;let n=!0;return(async()=>{try{let t=e?""?strategy="".concat(e):"""",a=await fetch(""/falcon/day-summaries"".concat(t),{cache:""no-store""}),l=await a.json();n&&(null==l?void 0:l.summaries)&&r(l.summaries)}catch(e){}})(),()=>{n=!1}},[e,t]),n}(D,O),V=function(){let e=arguments.length>0&&void 0!==arguments[0]?arguments[0]:5e3,t=arguments.length>1?arguments[1]:void 0,n=arguments.length>2?argumen"
bundles/1536-064f08115df39c50.js,1,falcon,"guments.length>2?arguments[2]:void 0,[r,l]=(0,a.useState)({status:""loading"",setups:[]}),o=(0,a.useRef)(()=>{});return(0,a.useEffect)(()=>{let r=!0;l({status:""loading"",setups:[]});let a=async()=>{try{let e=[t?""day="".concat(t):"""",n?""strategy="".concat(n):""""].filter(Boolean).join(""&""),a=await fetch(e?""/falcon/setups?"".concat(e):""/falcon/setups"",{cache:""no-store""}),o=await a.json(),s=Array.isArray(null==o?void 0:o.setups)?o.setups:[];r&&l(e=>{var n;return!t&&0===s.length&&(null==o?void 0:o.live)!==!0&&e.setups.length>0?e:{status:null!=(n=null==o?void 0:o.status)?n:""unavailable"",experimental:null==o?void "
bundles/1536-064f08115df39c50.js,1,falcon,"]:void 0,[r,l]=(0,a.useState)({status:""loading"",setups:[]}),o=(0,a.useRef)(()=>{});return(0,a.useEffect)(()=>{let r=!0;l({status:""loading"",setups:[]});let a=async()=>{try{let e=[t?""day="".concat(t):"""",n?""strategy="".concat(n):""""].filter(Boolean).join(""&""),a=await fetch(e?""/falcon/setups?"".concat(e):""/falcon/setups"",{cache:""no-store""}),o=await a.json(),s=Array.isArray(null==o?void 0:o.setups)?o.setups:[];r&&l(e=>{var n;return!t&&0===s.length&&(null==o?void 0:o.live)!==!0&&e.setups.length>0?e:{status:null!=(n=null==o?void 0:o.status)?n:""unavailable"",experimental:null==o?void 0:o.experimental,generated_a"
bundles/1536-064f08115df39c50.js,1,falcon,"ll==o?void 0:o.summary,playbook:null==o?void 0:o.playbook,radar:null==o?void 0:o.radar,orb:null==o?void 0:o.orb,setups:s}})}catch(e){r&&l(e=>e.setups.length>0?e:{status:""unavailable"",setups:[]})}};o.current=a,a();let s=setInterval(a,t?6e4:e);return()=>{r=!1,clearInterval(s)}},[e,t,n]),(0,rg.l)(e=>{""falcon""===e.agent&&o.current()},{enabled:!t}),r}(5e3,E,D),H=a.useMemo(()=>{var e;return(null!=(e=V.setups)?e:[]).map(r_).sort((e,t)=>(t.ago||"""").localeCompare(e.ago||"""")).filter(e=>{var t;return!e.episodeId||(null!=(t=e.tranche)?t:1)<=1})},[V.setups]),K=""ok""===V.status&&H.length>0,U=""legacy""!==I,Y=K&&!!E&"
bundles/1536-064f08115df39c50.js,1,falcon,"isArray(n.lifecycle)&&n.lifecycle.length?n.lifecycle:void 0,sizingModel:""equal""}}),el=(0,rf.ZZ)(ea),eo=X?""Today"":rA(V.date),es=function(){let e=arguments.length>0&&void 0!==arguments[0]?arguments[0]:8e3,[t,n]=(0,a.useState)([]);return(0,a.useEffect)(()=>{let t=!0,r=async()=>{try{let e=await fetch(""/falcon/feed"",{cache:""no-store""}),r=await e.json();t&&n(Array.isArray(null==r?void 0:r.orders)?r.orders:[])}catch(e){}};r();let a=setInterval(r,e);return()=>{t=!1,clearInterval(a)}},[e]),t}(),ei=(null!=es?es:[]).map((e,t)=>{let n=e.premium>=1e6?""$"".concat((e.premium/1e6).toFixed(1),""M""):""$"".concat(Math.rou"
bundles/1536-064f08115df39c50.js,1,flowseeker,"]),t}(),ei=(null!=es?es:[]).map((e,t)=>{let n=e.premium>=1e6?""$"".concat((e.premium/1e6).toFixed(1),""M""):""$"".concat(Math.round(e.premium/1e3),""K""),a=""C""===e.right?""C"":""P"",l=""whale""===e.tier,o=e.expiration?"""".concat(e.expiration.slice(5,7),""/"").concat(e.expiration.slice(8,10)):"""";return{key:-1-t,src:""flowseeker"",time:e.time||"""",msg:(0,r.jsxs)(r.Fragment,{children:[(0,r.jsx)(""b"",{children:n}),"" "",""C""===a?""call"":""put"","" sweep \xb7"","" "",(0,r.jsxs)(""button"",{type:""button"",onClick:()=>e.expiration&&v(e),disabled:!e.expiration,className:""cursor-pointer border-none bg-transparent p-0"",title:""Drill into this cont"
bundles/1536-064f08115df39c50.js,1,falcon,""" \xb7 "",null!=e.rank&&e.rank<=10?""#"".concat(e.rank,"" sweep today""):""top "".concat(e.top_pct,""% of today’s sweeps"")]})]})}}),ed=function(){let e=arguments.length>0&&void 0!==arguments[0]?arguments[0]:1e4,[t,n]=(0,a.useState)([]);return(0,a.useEffect)(()=>{let t=!0,r=async()=>{try{let e=await fetch(""/falcon/commentary"",{cache:""no-store""}),r=await e.json();t&&n(Array.isArray(null==r?void 0:r.commentary)?r.commentary:[])}catch(e){}};r();let a=setInterval(r,e);return()=>{t=!1,clearInterval(a)}},[e]),t}(),eu=[...(null!=ed?ed:[]).map((e,t)=>({key:-1e3-t,src:[""atlas"",""heatseeker"",""flowseeker""].includes(e.sr"
bundles/1536-064f08115df39c50.js,1,heatseeker,"sync()=>{try{let e=await fetch(""/falcon/commentary"",{cache:""no-store""}),r=await e.json();t&&n(Array.isArray(null==r?void 0:r.commentary)?r.commentary:[])}catch(e){}};r();let a=setInterval(r,e);return()=>{t=!1,clearInterval(a)}},[e]),t}(),eu=[...(null!=ed?ed:[]).map((e,t)=>({key:-1e3-t,src:[""atlas"",""heatseeker"",""flowseeker""].includes(e.src)?e.src:""atlas"",time:e.time||"""",msg:(0,r.jsxs)(r.Fragment,{children:[e.magnet?""\uD83E\uDDF2 "":"""",e.msg]})})),...ei].sort((e,t)=>(t.time||"""").localeCompare(e.time||""""));(0,a.useEffect)(()=>{let e,t=[],n=e=>A(t=>[{key:_.current++,...e},...t].slice(0,8));rM.forEach((e,r)=>"
bundles/1536-064f08115df39c50.js,1,flowseeker,"let e=await fetch(""/falcon/commentary"",{cache:""no-store""}),r=await e.json();t&&n(Array.isArray(null==r?void 0:r.commentary)?r.commentary:[])}catch(e){}};r();let a=setInterval(r,e);return()=>{t=!1,clearInterval(a)}},[e]),t}(),eu=[...(null!=ed?ed:[]).map((e,t)=>({key:-1e3-t,src:[""atlas"",""heatseeker"",""flowseeker""].includes(e.src)?e.src:""atlas"",time:e.time||"""",msg:(0,r.jsxs)(r.Fragment,{children:[e.magnet?""\uD83E\uDDF2 "":"""",e.msg]})})),...ei].sort((e,t)=>(t.time||"""").localeCompare(e.time||""""));(0,a.useEffect)(()=>{let e,t=[],n=e=>A(t=>[{key:_.current++,...e},...t].slice(0,8));rM.forEach((e,r)=>t.push(setTim"
bundles/1536-064f08115df39c50.js,1,Falcon,"contain""},onError:e=>{e.currentTarget.style.display=""none""}})}),(0,r.jsxs)(""span"",{title:""Trinity: SPXW \xb7 SPY \xb7 QQQ"",className:""whitespace-nowrap"",style:{fontSize:11,letterSpacing:""0.04em"",color:rN,cursor:""default""},children:[(0,r.jsx)(""b"",{style:{color:u.textPrimary,fontWeight:600},children:""Falcon""}),"" \xb7 Watching""]}),L&&(0,r.jsx)(rf.O8,{agent:""falcon"",skin:rS,t:u}),(0,r.jsx)(""span"",{className:""flex h-3 items-end gap-0.5"",children:[0,1,2,3,4].map(e=>(0,r.jsx)(""span"",{style:{width:2.5,borderRadius:2,background:rN,height:4,animation:""talonEq 1s ease-in-out "".concat(.16*e,""s infinite"")}},e))}"
bundles/1536-064f08115df39c50.js,1,falcon,"""}})}),(0,r.jsxs)(""span"",{title:""Trinity: SPXW \xb7 SPY \xb7 QQQ"",className:""whitespace-nowrap"",style:{fontSize:11,letterSpacing:""0.04em"",color:rN,cursor:""default""},children:[(0,r.jsx)(""b"",{style:{color:u.textPrimary,fontWeight:600},children:""Falcon""}),"" \xb7 Watching""]}),L&&(0,r.jsx)(rf.O8,{agent:""falcon"",skin:rS,t:u}),(0,r.jsx)(""span"",{className:""flex h-3 items-end gap-0.5"",children:[0,1,2,3,4].map(e=>(0,r.jsx)(""span"",{style:{width:2.5,borderRadius:2,background:rN,height:4,animation:""talonEq 1s ease-in-out "".concat(.16*e,""s infinite"")}},e))}),(0,r.jsxs)(""span"",{className:""ml-auto flex flex-wrap it"
bundles/1536-064f08115df39c50.js,1,Falcon,"gth>0&&(0,r.jsx)(rf.P_,{label:""DATE"",value:E,valueLabel:E?rA(E):void 0,options:er,onOpen:()=>B(!0),menuWidth:224,onChange:e=>M(e),clearLabel:I?""LATEST / LIVE"":""TODAY \xb7 LIVE"",skin:rS,t:u})]})]})]}),(0,r.jsx)(rf.T7,{teaser:""Intraday 0DTE index-options reversal sniper (SPX \xb7 SPY \xb7 QQQ)"",what:""Falcon snipes intraday reversals in 0DTE index options across the S&P and Nasdaq — the same setup priced in SPX, SPY and QQQ. It fades exhaustion into a gamma floor or ceiling and rides a managed exit; every card is one signal, not a version you have to configure."",how:""Set your balance and risk% once in "
bundles/1536-064f08115df39c50.js,1,Falcon,"asdaq — the same setup priced in SPX, SPY and QQQ. It fades exhaustion into a gamma floor or ceiling and rides a managed exit; every card is one signal, not a version you have to configure."",how:""Set your balance and risk% once in Aegis — it sizes every entry into contracts and dollars on the card. Falcon scales in equal-weight: a probe plus adds at the triggers shown in the plan, with the running average updating on each fill. Copy the timestamped events in Copilot Mode to follow the managed exit."",t:u,skin:rS}),(0,r.jsxs)(""div"",{className:""flex min-h-0 flex-1 flex-col gap-1.5 overflow-y-auto md:ov"
bundles/1536-064f08115df39c50.js,1,Falcon,"""none"",overscrollBehaviorX:""none""},children:[0===Z.length&&(0,r.jsx)(""div"",{className:""flex w-full items-center justify-center py-6"",style:{fontSize:11,letterSpacing:""0.08em"",color:u.textMuted},children:""loading""===V.status?E?""Loading "".concat(E).concat(U?"" \xb7 Conservative"":"""",""…""):""Connecting to Falcon…"":E?H.length>0?""No graded "".concat(k,"" leg on "").concat(rA(E),"" — try SPY / SPX / QQQ.""):P?""No "".concat(R?""tradeable OTM "":"""",""sweep + reclaim on "").concat(rA(E),"".""):""No stored "".concat(U?""Conservative "":"""",""session for "").concat(E,"".""):H.length>0?""No graded "".concat(k,"" leg this session — this si"
bundles/1536-064f08115df39c50.js,1,Falcon,"Q).""):X?P?""Watching — no sweep + reclaim has fired yet today."":U?""Watching — no reversal signal yet today."":""Watching — no setups have fired yet today."":""ok""===V.status?""No "".concat(P?""sweep + reclaim"":U?""reversal signal"":""setup"","" on "").concat(rA(V.date)).concat(R?"" (OTM)"":"""","".""):""Reconnecting to Falcon — live setups will appear here.""}),Z.map(e=>(0,r.jsx)(rq,{s:e,pk:N(e),fa:e.flowArrival?e.flowArrival[k]:e.flowArrival,t:u,onOpen:()=>b(e),isConservative:U},e.id))]}),(0,r.jsx)(rf.uy,{target:C,skin:rS}),rk.G.TRADE_LIFECYCLE_COPY&&el&&el.legCount>0&&(0,r.jsx)(""div"",{className:""px-0.5 pb-1"",children:("
bundles/1536-064f08115df39c50.js,1,armed,":en(et.best_max)})]}),(0,r.jsxs)(""span"",{children:[""avg max "",(0,r.jsx)(""b"",{style:{color:u.textSecondary},children:en(et.avg_max)})]}),et.monsters>0&&(0,r.jsxs)(""span"",{style:{color:""var(--tv2-accent)"",fontWeight:700},children:[et.monsters,""\xd7 500%+ \uD83D\uDD25""]}),!U&&(()=>{let e=Z.map(e=>N(e).armed).filter(e=>!!e),t=e.map(e=>e.spread_pct).filter(e=>null!=e),n=e.filter(e=>e.skipped_entry).length;if(!t.length&&!n)return null;let a=t.filter(e=>e>0).length,l=t.length?t.reduce((e,t)=>e+t,0)/t.length:0;return(0,r.jsxs)(""span"",{title:""armed policy (sv:5): dip-or-skip entries at real quotes — win% an"
bundles/1536-064f08115df39c50.js,1,armed,",""\xd7 500%+ \uD83D\uDD25""]}),!U&&(()=>{let e=Z.map(e=>N(e).armed).filter(e=>!!e),t=e.map(e=>e.spread_pct).filter(e=>null!=e),n=e.filter(e=>e.skipped_entry).length;if(!t.length&&!n)return null;let a=t.filter(e=>e>0).length,l=t.length?t.reduce((e,t)=>e+t,0)/t.length:0;return(0,r.jsxs)(""span"",{title:""armed policy (sv:5): dip-or-skip entries at real quotes — win% and avg over trades actually taken; skips never deployed capital"",children:[""armed: "",(0,r.jsx)(""b"",{style:{color:u.textSecondary},children:t.length?"""".concat(Math.round(100*a/t.length),""% win \xb7 "").concat(l>=0?""+"":"""").concat(Math.round(l),"
bundles/1536-064f08115df39c50.js,1,armed,"e.skipped_entry).length;if(!t.length&&!n)return null;let a=t.filter(e=>e>0).length,l=t.length?t.reduce((e,t)=>e+t,0)/t.length:0;return(0,r.jsxs)(""span"",{title:""armed policy (sv:5): dip-or-skip entries at real quotes — win% and avg over trades actually taken; skips never deployed capital"",children:[""armed: "",(0,r.jsx)(""b"",{style:{color:u.textSecondary},children:t.length?"""".concat(Math.round(100*a/t.length),""% win \xb7 "").concat(l>=0?""+"":"""").concat(Math.round(l),""%""):""—""}),n>0&&(0,r.jsxs)(""span"",{style:{color:u.textMuted},children:["" \xb7 "",n,"" skipped""]})]})})()]}),X&&!U&&V.playbook&&(0,r.jsxs)(""div"
bundles/1536-064f08115df39c50.js,1,armed,"""div"",{className:""flex flex-wrap items-center gap-x-3 gap-y-1 px-0.5 pt-1"",style:{fontSize:10.5,fontFamily:""Inter, ui-sans-serif, system-ui, sans-serif"",color:u.textMuted,fontVariantNumeric:""tabular-nums""},children:[(0,r.jsx)(""span"",{style:{fontWeight:600,color:""watching""===V.orb.state?u.textMuted:""armed""===V.orb.state?rN:""var(--tv2-bull)""},children:""watching""===V.orb.state?""○ WATCHING \xb7 opening range forming"":""armed""===V.orb.state?""● ARMED \xb7 stalking a breakout"":""✓ IN TRADE""}),null!=V.orb.hi&&(0,r.jsxs)(""span"",{children:[""range "",(0,r.jsxs)(""b"",{style:{color:u.textSecondary},children:[null=="
bundles/1536-064f08115df39c50.js,1,armed,"sans-serif, system-ui, sans-serif"",color:u.textMuted,fontVariantNumeric:""tabular-nums""},children:[(0,r.jsx)(""span"",{style:{fontWeight:600,color:""watching""===V.orb.state?u.textMuted:""armed""===V.orb.state?rN:""var(--tv2-bull)""},children:""watching""===V.orb.state?""○ WATCHING \xb7 opening range forming"":""armed""===V.orb.state?""● ARMED \xb7 stalking a breakout"":""✓ IN TRADE""}),null!=V.orb.hi&&(0,r.jsxs)(""span"",{children:[""range "",(0,r.jsxs)(""b"",{style:{color:u.textSecondary},children:[null==(n=V.orb.lo)?void 0:n.toFixed(2),""–"",null==(o=V.orb.hi)?void 0:o.toFixed(2)]})]}),""armed""===V.orb.state&&null!=V.orb.d"
bundles/1536-064f08115df39c50.js,1,ARMED,"ans-serif"",color:u.textMuted,fontVariantNumeric:""tabular-nums""},children:[(0,r.jsx)(""span"",{style:{fontWeight:600,color:""watching""===V.orb.state?u.textMuted:""armed""===V.orb.state?rN:""var(--tv2-bull)""},children:""watching""===V.orb.state?""○ WATCHING \xb7 opening range forming"":""armed""===V.orb.state?""● ARMED \xb7 stalking a breakout"":""✓ IN TRADE""}),null!=V.orb.hi&&(0,r.jsxs)(""span"",{children:[""range "",(0,r.jsxs)(""b"",{style:{color:u.textSecondary},children:[null==(n=V.orb.lo)?void 0:n.toFixed(2),""–"",null==(o=V.orb.hi)?void 0:o.toFixed(2)]})]}),""armed""===V.orb.state&&null!=V.orb.dist_hi&&(0,r.jsxs)(""span"
bundles/1536-064f08115df39c50.js,1,armed," \xb7 opening range forming"":""armed""===V.orb.state?""● ARMED \xb7 stalking a breakout"":""✓ IN TRADE""}),null!=V.orb.hi&&(0,r.jsxs)(""span"",{children:[""range "",(0,r.jsxs)(""b"",{style:{color:u.textSecondary},children:[null==(n=V.orb.lo)?void 0:n.toFixed(2),""–"",null==(o=V.orb.hi)?void 0:o.toFixed(2)]})]}),""armed""===V.orb.state&&null!=V.orb.dist_hi&&(0,r.jsxs)(""span"",{children:[V.orb.dist_hi.toFixed(2),"" to upper trigger \xb7 "",null==(s=V.orb.dist_lo)?void 0:s.toFixed(2),"" to lower""]}),null!=V.orb.last&&(0,r.jsxs)(""span"",{children:[""last "",(0,r.jsx)(""b"",{style:{color:u.textPrimary},children:V.orb.last.toFix"
bundles/1536-064f08115df39c50.js,1,falcon,"rb.dist_hi.toFixed(2),"" to upper trigger \xb7 "",null==(s=V.orb.dist_lo)?void 0:s.toFixed(2),"" to lower""]}),null!=V.orb.last&&(0,r.jsxs)(""span"",{children:[""last "",(0,r.jsx)(""b"",{style:{color:u.textPrimary},children:V.orb.last.toFixed(2)})]})]}),j&&(0,r.jsxs)(r.Fragment,{children:[(0,r.jsx)(rj,{src:""/falcon/stats?strategy="".concat(D),mode:""options"",accent:""var(--tv2-accent)"",ink:""var(--tv2-ink)"",bull:""var(--tv2-bull)"",bear:""var(--tv2-bear)"",t:u}),(0,r.jsx)(ry,{src:""/falcon/plcurve?strategy="".concat(D),mode:""options"",accent:""var(--tv2-accent)"",ink:""var(--tv2-ink)"",bull:""var(--tv2-bull)"",bear:""var(--tv2"
bundles/1536-064f08115df39c50.js,1,falcon,"x)(""b"",{style:{color:u.textPrimary},children:V.orb.last.toFixed(2)})]})]}),j&&(0,r.jsxs)(r.Fragment,{children:[(0,r.jsx)(rj,{src:""/falcon/stats?strategy="".concat(D),mode:""options"",accent:""var(--tv2-accent)"",ink:""var(--tv2-ink)"",bull:""var(--tv2-bull)"",bear:""var(--tv2-bear)"",t:u}),(0,r.jsx)(ry,{src:""/falcon/plcurve?strategy="".concat(D),mode:""options"",accent:""var(--tv2-accent)"",ink:""var(--tv2-ink)"",bull:""var(--tv2-bull)"",bear:""var(--tv2-bear)"",t:u}),(0,r.jsx)(""div"",{className:""mt-2.5"",children:ep(""Live agent stream"",eu.length?""Atlas \xb7 Heatseeker \xb7 Flowseeker"":void 0)}),(0,r.jsx)(""div"",{className:"
bundles/1536-064f08115df39c50.js,1,Heatseeker,"v2-bull)"",bear:""var(--tv2-bear)"",t:u}),(0,r.jsx)(ry,{src:""/falcon/plcurve?strategy="".concat(D),mode:""options"",accent:""var(--tv2-accent)"",ink:""var(--tv2-ink)"",bull:""var(--tv2-bull)"",bear:""var(--tv2-bear)"",t:u}),(0,r.jsx)(""div"",{className:""mt-2.5"",children:ep(""Live agent stream"",eu.length?""Atlas \xb7 Heatseeker \xb7 Flowseeker"":void 0)}),(0,r.jsx)(""div"",{className:""talon-noscroll flex min-h-0 flex-1 flex-col overflow-y-auto"",style:{overflowAnchor:""none"",scrollbarWidth:""none""},children:(eu.length?eu:T).map(e=>(0,r.jsxs)(""div"",{className:""flex gap-2.5 py-2"",style:{borderBottom:""1px solid rgba(var(--tv2-ink)"
bundles/1536-064f08115df39c50.js,1,Flowseeker,"var(--tv2-bear)"",t:u}),(0,r.jsx)(ry,{src:""/falcon/plcurve?strategy="".concat(D),mode:""options"",accent:""var(--tv2-accent)"",ink:""var(--tv2-ink)"",bull:""var(--tv2-bull)"",bear:""var(--tv2-bear)"",t:u}),(0,r.jsx)(""div"",{className:""mt-2.5"",children:ep(""Live agent stream"",eu.length?""Atlas \xb7 Heatseeker \xb7 Flowseeker"":void 0)}),(0,r.jsx)(""div"",{className:""talon-noscroll flex min-h-0 flex-1 flex-col overflow-y-auto"",style:{overflowAnchor:""none"",scrollbarWidth:""none""},children:(eu.length?eu:T).map(e=>(0,r.jsxs)(""div"",{className:""flex gap-2.5 py-2"",style:{borderBottom:""1px solid rgba(var(--tv2-ink),0.05)"",animatio"
bundles/1536-064f08115df39c50.js,1,/api/,"current=t;let c=(0,a.useCallback)(async()=>{if(s.current){r.current&&(r.current.close(),r.current=null);try{let e,t=await (0,e$.ML)(n);if(t)e=""ticket="".concat(encodeURIComponent(t));else{let t=await n();if(!t)return;e=""token="".concat(encodeURIComponent(t))}if(!s.current)return;let a="""".concat(eY(),""/api/glitch/stream?"").concat(e),d=new EventSource(a);r.current=d,d.onopen=()=>{l.current=0},d.addEventListener(""glitch_message"",e=>{try{let t=JSON.parse(e.data);i.current(t)}catch(e){}}),d.onerror=()=>{if(d.close(),r.current===d&&(r.current=null),!s.current)return;l.current+=1;let e=Math.min(1e3*2**l.cur"
bundles/1536-064f08115df39c50.js,1,EventSource,"c()=>{if(s.current){r.current&&(r.current.close(),r.current=null);try{let e,t=await (0,e$.ML)(n);if(t)e=""ticket="".concat(encodeURIComponent(t));else{let t=await n();if(!t)return;e=""token="".concat(encodeURIComponent(t))}if(!s.current)return;let a="""".concat(eY(),""/api/glitch/stream?"").concat(e),d=new EventSource(a);r.current=d,d.onopen=()=>{l.current=0},d.addEventListener(""glitch_message"",e=>{try{let t=JSON.parse(e.data);i.current(t)}catch(e){}}),d.onerror=()=>{if(d.close(),r.current===d&&(r.current=null),!s.current)return;l.current+=1;let e=Math.min(1e3*2**l.current,3e4);o.current=setTimeout(c,e)}}catch(e"
bundles/1536-064f08115df39c50.js,1,ARMED,"midas/feed"");if(!e.ok)return;let r=await e.json();t&&r&&Array.isArray(r.orders)&&n(r.orders)}catch(e){}};r();let a=setInterval(r,e);return()=>{t=!1,clearInterval(a)}},[e]),t}let ai=(0,rf.mr)(""mds""),ac=""var(--mds-accent)"",ad=""rgba(var(--mds-accent-rgb),0.5)"",au={WATCHLIST:""rgba(var(--mds-ink),0.55)"",ARMED:""#ddd6fe"",TRIGGERED:""var(--mds-bull)"",T1_TAG:""var(--mds-bull)"",T2_TAG:""var(--mds-accent)"",T3_TAG:""var(--mds-accent)"",INVALIDATED:""var(--mds-bear)""},ap={WATCHLIST:""Qualified at the morning scan — waiting for price to reach the entry zone. No position yet, so no P/L."",ARMED:""Price tagged the entry zo"
bundles/1536-064f08115df39c50.js,1,ARMED,"rgba(var(--mds-ink),0.55)"",ARMED:""#ddd6fe"",TRIGGERED:""var(--mds-bull)"",T1_TAG:""var(--mds-bull)"",T2_TAG:""var(--mds-accent)"",T3_TAG:""var(--mds-accent)"",INVALIDATED:""var(--mds-bear)""},ap={WATCHLIST:""Qualified at the morning scan — waiting for price to reach the entry zone. No position yet, so no P/L."",ARMED:""Price tagged the entry zone — one close back above the floor from execution."",TRIGGERED:""Executed: the deflection confirmed. Entry premium is frozen at this minute’s print and P/L tracking starts."",T1_TAG:""Short-term GEX target touched (the front-column ceiling). Position keeps riding."",T2_TAG:""VE"
bundles/1536-064f08115df39c50.js,1,ARMED,"n ab(e){return e.slice(5).replace(""-"",""/"")}let ay=e=>""equity""===e||""conservative""===e?""normal"":e;function av(e){var t,n,a,l,o,s,i,c,d,u,p,m,g,h,x,f,b;let{s:y,mode:v,t:k,onOpen:w,showDate:j=!1}=e,S=""TRIGGERED""===y.state||""T1_TAG""===y.state||""T2_TAG""===y.state,N=(0,rf.G7)(y.symbol,S),T=![""WATCHLIST"",""ARMED""].includes(y.state),A=null!=(d=null==(t=y.contracts)?void 0:t[ay(v)])?d:y.contract,C=null==(n=(Array.isArray(y.state_history)?y.state_history:[]).find(e=>![""WATCHLIST"",""ARMED""].includes(e.state)))?void 0:n.at,_=null!=(u=null==A||null==(l=A.prem_series)||null==(a=l[0])?void 0:a[0])?u:C,E=(0,rf.XF)("""
bundles/1536-064f08115df39c50.js,1,ARMED,":w,showDate:j=!1}=e,S=""TRIGGERED""===y.state||""T1_TAG""===y.state||""T2_TAG""===y.state,N=(0,rf.G7)(y.symbol,S),T=![""WATCHLIST"",""ARMED""].includes(y.state),A=null!=(d=null==(t=y.contracts)?void 0:t[ay(v)])?d:y.contract,C=null==(n=(Array.isArray(y.state_history)?y.state_history:[]).find(e=>![""WATCHLIST"",""ARMED""].includes(e.state)))?void 0:n.at,_=null!=(u=null==A||null==(l=A.prem_series)||null==(a=l[0])?void 0:a[0])?u:C,E=(0,rf.XF)(""/falcon/contract_flow"",A?"""".concat(y.symbol,"" "").concat(A.strike).concat(A.right):void 0,null==A?void 0:A.expiration,(null!=C?C:"""".concat(y.day,"" 09:30"")).slice(11,16)||""09:30"
bundles/1536-064f08115df39c50.js,1,falcon,"].includes(y.state),A=null!=(d=null==(t=y.contracts)?void 0:t[ay(v)])?d:y.contract,C=null==(n=(Array.isArray(y.state_history)?y.state_history:[]).find(e=>![""WATCHLIST"",""ARMED""].includes(e.state)))?void 0:n.at,_=null!=(u=null==A||null==(l=A.prem_series)||null==(a=l[0])?void 0:a[0])?u:C,E=(0,rf.XF)(""/falcon/contract_flow"",A?"""".concat(y.symbol,"" "").concat(A.strike).concat(A.right):void 0,null==A?void 0:A.expiration,(null!=C?C:"""".concat(y.day,"" 09:30"")).slice(11,16)||""09:30"",(null!=C?C:"""".concat(y.day,"" 09:30"")).slice(0,10),""LONG"",7,T),M=null!=(m=null!=(p=null==(o=y.contracts)?void 0:o[ay(v)])?p:y.contr"
bundles/1536-064f08115df39c50.js,1,ARMED," \xb7 "".concat(ax(y.setup_class),"" \xb7 "").concat(F),y.backfilled?(0,r.jsx)(""span"",{style:{opacity:.75},children:"" \xb7 seeded""}):null]})]})]})}function ak(e){var t,n,a,l,o;let{s,t:i}=e,c=null!=(l=s.state_history)?l:[],d=e=>{var t;return null==(t=c.find(t=>t.state===e))?void 0:t.at},u=[""WATCHLIST"",""ARMED"",""TRIGGERED"",""T1_TAG"",""T2_TAG"",""T3_TAG""].indexOf(s.state),p=s.last_px,m=null!=p?(p-s.zone_hi)/s.zone_hi*100:null,g=[{ok:!0,label:""GEX floor qualified"",detail:"""".concat(s.floor,"" \xb7 pok "").concat(s.floor_pok.toFixed(2),"" \xb7 "").concat(""node-flip""===s.setup_class?""dominant node at spot"":""front col"
bundles/1536-064f08115df39c50.js,1,ARMED,":e,at:""scan""})),{ok:u>=1,watching:0===u,label:""Price into the entry zone"",detail:"""".concat(s.floor.toFixed(2),""–"").concat(s.zone_hi.toFixed(2)).concat(0===u&&null!=m?"" \xb7 last "".concat(p.toFixed(2),"" ("").concat(m>=0?""+"":"""").concat(m.toFixed(1),""% "").concat(m>=0?""above"":""below"","" zone)""):""""),at:d(""ARMED"")},{ok:u>=2,watching:1===u,label:""Deflection print — the execution"",detail:""1-min close back above "".concat(s.floor,"" with the low holding""),at:d(""TRIGGERED"")},{ok:u>=3,watching:2===u,label:""T1 \xb7 GEX target"",detail:"""".concat(s.t1),at:d(""T1_TAG"")},...null!=s.t2?[{ok:u>=4,watching:3===u,label:""T2 "
bundles/1536-064f08115df39c50.js,1,ARMED,"useEffect)(()=>{let e=setTimeout(()=>M(!0),220);return()=>clearTimeout(e)},[]);let{quote:I}=(0,ar.U)(N.symbol,!0),z=null!=(p=null!=(u=null==I?void 0:I.price)?u:N.last_px)?p:N.spot,R=(null==I?void 0:I.price)!=null?""live"":null!=N.last_px?""now"":""spot @ scan"",[F,W]=(0,a.useState)(null),P=![""WATCHLIST"",""ARMED""].includes(N.state),D=null==(t=(Array.isArray(N.state_history)?N.state_history:[]).find(e=>![""WATCHLIST"",""ARMED""].includes(e.state)))?void 0:t.at,L=null!=(m=N.entry_px)?m:(N.floor+N.zone_hi)/2,q=null!=(h=null!=(g=null==(n=N.contracts)?void 0:n[_])?g:N.contract)?h:void 0,O=P&&(null==q?void 0:q.curre"
bundles/1536-064f08115df39c50.js,1,ARMED,"),z=null!=(p=null!=(u=null==I?void 0:I.price)?u:N.last_px)?p:N.spot,R=(null==I?void 0:I.price)!=null?""live"":null!=N.last_px?""now"":""spot @ scan"",[F,W]=(0,a.useState)(null),P=![""WATCHLIST"",""ARMED""].includes(N.state),D=null==(t=(Array.isArray(N.state_history)?N.state_history:[]).find(e=>![""WATCHLIST"",""ARMED""].includes(e.state)))?void 0:t.at,L=null!=(m=N.entry_px)?m:(N.floor+N.zone_hi)/2,q=null!=(h=null!=(g=null==(n=N.contracts)?void 0:n[_])?g:N.contract)?h:void 0,O=P&&(null==q?void 0:q.current_return)!=null?q.current_return:null,B=null!=(x=null==q||null==(o=q.prem_series)||null==(l=o[0])?void 0:l[0])?"
bundles/1536-064f08115df39c50.js,1,falcon,"Contract tape \xb7 per-minute median""}),(0,r.jsx)(rf.go,{series:q.prem_series,entry:q.entry_prem,peakTime:q.peak_time,t:A,skin:ai,formatTick:e=>(0,rf.uY)(e),scrubTime:F,onScrub:W}),(0,r.jsx)(""div"",{className:""mt-2.5"",children:(0,r.jsx)(ag,{c:q,t:A})})]}),""equity""!==T&&q&&(0,r.jsx)(rf.Sl,{endpoint:""/falcon/contract_flow"",contract:"""".concat(N.symbol,"" "").concat(q.strike).concat(q.right),expiryIso:q.expiration,entryDate:(null!=B?B:"""".concat(N.day,"" 09:30"")).slice(0,10),since:(null!=B?B:"""".concat(N.day,"" 09:30"")).slice(11,16)||""09:30"",side:""LONG"",horizon:7,t:A,skin:ai,scrubTime:F,onScrub:W}),(0,r.jsxs)("
bundles/1536-064f08115df39c50.js,1,ARMED,"d""===k,en=!!k&&!ee&&!et&&(null==I?void 0:I.day)===k,er=!k&&(null==I?void 0:I.live)===!0,ea=!k&&!!I&&!1===I.live,el=(()=>{var e;let t=(null!=(e=null==I?void 0:I.setups)?e:[]).filter(e=>{var t;return!!K||(null!=(t=e.tier)?t:""book"")!==""radar""});if(!t.length)return null;let n=t.filter(e=>![""WATCHLIST"",""ARMED""].includes(e.state)),r=n.map(e=>{var t,n,r,a;return""equity""===j?null==(t=e.equity)?void 0:t.return_pct:null==(n=null!=(a=null==(r=e.contracts)?void 0:r[ay(j)])?a:e.contract)?void 0:n.max_return}).filter(e=>null!=e);return{setups:t.length,fires:n.length,t1:t.filter(e=>[""T1_TAG"",""T2_TAG"",""T3_TAG""].in"
bundles/1536-064f08115df39c50.js,1,ARMED,"olor:K?""var(--mds-accent)"":h.textMuted,background:K?""rgba(var(--mds-accent-rgb),0.14)"":""rgba(var(--mds-ink),0.05)"",border:""1px solid "".concat(K?""rgba(var(--mds-accent-rgb),0.4)"":""rgba(var(--mds-ink),0.08)"")},children:[""RADAR \xb7 "",Y]}),(0,r.jsx)(rf.UJ,{label:""STATUS"",values:T,options:[""WATCHLIST"",""ARMED"",""TRIGGERED"",""T1_TAG"",""T2_TAG"",""T3_TAG""].map(e=>({value:e,label:e.replace(""_"","" "").toLowerCase()})),onChange:e=>A(e),t:h,skin:ai}),(0,r.jsx)(""span"",{children:""swing \xb7 2–10d""})]})),(0,r.jsxs)(""div"",{ref:C,className:""talon-noscroll -mx-0.5 flex shrink-0 gap-2.5 overflow-x-auto pb-1.5"",style:{scrol"
bundles/1536-064f08115df39c50.js,1,Flowseeker,"nk)"",bull:""var(--mds-bull)"",bear:""var(--mds-bear)"",t:h}),(0,r.jsx)(ry,{src:""/midas/plcurve"",mode:""equity""===j?""equity"":""options"",accent:ac,ink:""var(--mds-ink)"",bull:""var(--mds-bull)"",bear:""var(--mds-bear)"",t:h}),(0,r.jsx)(""div"",{className:""mt-2.5"",children:ei(""Midas stream"",Z.length?""Lifecycle \xb7 Flowseeker whales"":z.length?""Boards \xb7 Breadth \xb7 Lifecycle"":void 0)}),(0,r.jsxs)(""div"",{className:""talon-noscroll flex min-h-0 flex-1 flex-col overflow-y-auto"",style:{overflowAnchor:""none"",scrollbarWidth:""none""},children:[Z.map((e,t)=>(0,r.jsxs)(""div"",{className:""flex gap-2.5 py-2"",style:{borderBottom:""1"
bundles/1536-064f08115df39c50.js,1,flowseeker,"),0.05)"",animation:""talonFin .45s ease""},children:[(0,r.jsx)(""span"",{className:""grid flex-none place-items-center overflow-hidden rounded-[7px]"",style:{width:27,height:27,background:""rgba(var(--mds-ink),0.04)"",border:""1px solid rgba(var(--mds-ink),0.05)""},children:(0,r.jsx)(""img"",{src:""/agent-logos/flowseeker.png"",alt:"""",style:{width:21,height:21,objectFit:""contain""},onError:e=>{e.currentTarget.style.display=""none""}})}),(0,r.jsxs)(""div"",{className:""min-w-0 flex-1"",children:[(0,r.jsxs)(""div"",{className:""flex items-baseline gap-1.5"",children:[(0,r.jsx)(""span"",{style:{fontSize:12,fontWeight:500,color:h.tex"
bundles/1536-064f08115df39c50.js,1,Flowseeker,"width:21,height:21,objectFit:""contain""},onError:e=>{e.currentTarget.style.display=""none""}})}),(0,r.jsxs)(""div"",{className:""min-w-0 flex-1"",children:[(0,r.jsxs)(""div"",{className:""flex items-baseline gap-1.5"",children:[(0,r.jsx)(""span"",{style:{fontSize:12,fontWeight:500,color:h.textPrimary},children:""Flowseeker""}),(0,r.jsx)(""span"",{className:""rounded px-1"",style:{fontSize:8.5,fontWeight:700,letterSpacing:""0.06em"",color:ac,border:""1px solid rgba(var(--mds-accent-rgb),0.3)""},children:e.tier.toUpperCase()}),(0,r.jsx)(""span"",{className:""ml-auto"",style:{fontSize:9,color:h.textMuted,fontFamily:""var(--font-mono,"
bundles/1536-064f08115df39c50.js,1,ARMED,"ee?""ACTIVE BOOK"":k?""HISTORY \xb7 "".concat(k):er?""LIVE"":""REPLAY \xb7 "".concat(null!=(g=null==I?void 0:I.day)?g:"""")]}),S&&(0,r.jsx)(aw,{s:S,mode:j,t:h,onClose:()=>N(null)})]})}let aS=(0,rf.mr)(""prg""),aN=""var(--prg-accent)"",aT=""rgba(var(--prg-accent-rgb),0.5)"",aA={WATCHLIST:""rgba(var(--prg-ink),0.55)"",ARMED:""#ddd6fe"",TRIGGERED:""var(--prg-bull)"",T1_TAG:""var(--prg-bull)"",T2_TAG:""var(--prg-accent)"",T3_TAG:""var(--prg-accent)"",INVALIDATED:""var(--prg-bear)""},aC={WATCHLIST:""Qualified at the morning scan — waiting for price to reach the entry zone. No position yet, so no P/L."",ARMED:""Price tagged the entry zo"
bundles/1536-064f08115df39c50.js,1,ARMED,"rgba(var(--prg-ink),0.55)"",ARMED:""#ddd6fe"",TRIGGERED:""var(--prg-bull)"",T1_TAG:""var(--prg-bull)"",T2_TAG:""var(--prg-accent)"",T3_TAG:""var(--prg-accent)"",INVALIDATED:""var(--prg-bear)""},aC={WATCHLIST:""Qualified at the morning scan — waiting for price to reach the entry zone. No position yet, so no P/L."",ARMED:""Price tagged the entry zone — one close back above the floor from execution."",TRIGGERED:""Executed: the deflection confirmed. Entry premium is frozen at this minute’s print and P/L tracking starts."",T1_TAG:""Short-term GEX target touched (the front-column ceiling). Position keeps riding."",T2_TAG:""VE"
bundles/1536-064f08115df39c50.js,1,ARMED,"ate().toISOString().slice(0,10);return!!(e&&e<t)}let aW=e=>""equity""===e||""conservative""===e?""normal"":e;function aP(e){var t,n,a,l,o,s,i,c,d,u,p,m,g,h,x,f,b,y,v,k,w;let{s:j,mode:S,t:N,onOpen:T}=e,A=""TRIGGERED""===j.state||""T1_TAG""===j.state||""T2_TAG""===j.state,C=(0,rf.G7)(j.symbol,A),_=![""WATCHLIST"",""ARMED""].includes(j.state),E=null!=(u=null==(t=j.contracts)?void 0:t[aW(S)])?u:j.contract,M=null==(n=(Array.isArray(j.state_history)?j.state_history:[]).find(e=>![""WATCHLIST"",""ARMED""].includes(e.state)))?void 0:n.at,I=null!=(p=null==E||null==(l=E.prem_series)||null==(a=l[0])?void 0:a[0])?p:M,z=(0,rf.XF)("""
bundles/1536-064f08115df39c50.js,1,ARMED,"e:S,t:N,onOpen:T}=e,A=""TRIGGERED""===j.state||""T1_TAG""===j.state||""T2_TAG""===j.state,C=(0,rf.G7)(j.symbol,A),_=![""WATCHLIST"",""ARMED""].includes(j.state),E=null!=(u=null==(t=j.contracts)?void 0:t[aW(S)])?u:j.contract,M=null==(n=(Array.isArray(j.state_history)?j.state_history:[]).find(e=>![""WATCHLIST"",""ARMED""].includes(e.state)))?void 0:n.at,I=null!=(p=null==E||null==(l=E.prem_series)||null==(a=l[0])?void 0:a[0])?p:M,z=(0,rf.XF)(""/falcon/contract_flow"",E?"""".concat(j.symbol,"" "").concat(E.strike).concat(E.right):void 0,null==E?void 0:E.expiration,(null!=M?M:"""".concat(j.day,"" 09:30"")).slice(11,16)||""09:30"
bundles/1536-064f08115df39c50.js,1,falcon,"].includes(j.state),E=null!=(u=null==(t=j.contracts)?void 0:t[aW(S)])?u:j.contract,M=null==(n=(Array.isArray(j.state_history)?j.state_history:[]).find(e=>![""WATCHLIST"",""ARMED""].includes(e.state)))?void 0:n.at,I=null!=(p=null==E||null==(l=E.prem_series)||null==(a=l[0])?void 0:a[0])?p:M,z=(0,rf.XF)(""/falcon/contract_flow"",E?"""".concat(j.symbol,"" "").concat(E.strike).concat(E.right):void 0,null==E?void 0:E.expiration,(null!=M?M:"""".concat(j.day,"" 09:30"")).slice(11,16)||""09:30"",(null!=M?M:"""".concat(j.day,"" 09:30"")).slice(0,10),""LONG"",7,_),R=null!=(g=null!=(m=null==(o=j.contracts)?void 0:o[aW(S)])?m:j.contr"
bundles/1536-064f08115df39c50.js,1,ARMED,"xb7 "").concat(_&&I?(0,rf.uY)(I):j.day),j.backfilled?(0,r.jsx)(""span"",{style:{opacity:.75},children:"" \xb7 seeded""}):null]})]})]})}function aD(e){var t,n,a,l,o,s,i,c,d,u,p;let{s:m,t:g}=e,h=null!=(o=m.state_history)?o:[],x=e=>{var t;return null==(t=h.find(t=>t.state===e))?void 0:t.at},f=[""WATCHLIST"",""ARMED"",""TRIGGERED"",""T1_TAG"",""T2_TAG"",""T3_TAG""].indexOf(m.state),b=m.last_px,y=function(e){let t=arguments.length>1&&void 0!==arguments[1]?arguments[1]:2;return null==e?""—"":e.toFixed(t)},v=null!=b&&m.zone_hi?(b-m.zone_hi)/m.zone_hi*100:null,k=null!=(s=null==(t=m.breadth)?void 0:t.companions_ok)?s:[],w=[{o"
bundles/1536-064f08115df39c50.js,1,ARMED,"abel:""Confluence"",detail:e,at:""scan""})),{ok:f>=1,watching:0===f,label:""Price into the entry zone"",detail:"""".concat(y(m.floor),""–"").concat(y(m.zone_hi)).concat(0===f&&null!=v?"" \xb7 last "".concat(y(b),"" ("").concat(v>=0?""+"":"""").concat(v.toFixed(1),""% "").concat(v>=0?""above"":""below"","" zone)""):""""),at:x(""ARMED"")},{ok:f>=2,watching:1===f,label:""Deflection print — the execution"",detail:""1-min close back above "".concat(null!=(u=m.floor)?u:""the floor"","" with the low holding""),at:x(""TRIGGERED"")},{ok:f>=3,watching:2===f,label:""T1 \xb7 GEX target"",detail:"""".concat(null!=(p=m.t1)?p:""—""),at:x(""T1_TAG"")},...null!="
bundles/1536-064f08115df39c50.js,1,ARMED,"useEffect)(()=>{let e=setTimeout(()=>V(!0),220);return()=>clearTimeout(e)},[]);let{quote:H}=(0,ar.U)(D.symbol,!0),K=null!=(x=null!=(h=null==H?void 0:H.price)?h:D.last_px)?x:D.spot,U=(null==H?void 0:H.price)!=null?""live"":null!=D.last_px?""now"":""spot @ scan"",[Y,X]=(0,a.useState)(null),Q=![""WATCHLIST"",""ARMED""].includes(D.state),$=null==(t=(Array.isArray(D.state_history)?D.state_history:[]).find(e=>![""WATCHLIST"",""ARMED""].includes(e.state)))?void 0:t.at,J=null!=(f=D.entry_px)?f:(D.floor+D.zone_hi)/2,Z=Q&&null!=K?(K-J)/J*100:null,ee=null!=(y=null!=(b=null==(n=D.contracts)?void 0:n[B])?b:D.contract)?y:void"
bundles/1536-064f08115df39c50.js,1,ARMED,"),K=null!=(x=null!=(h=null==H?void 0:H.price)?h:D.last_px)?x:D.spot,U=(null==H?void 0:H.price)!=null?""live"":null!=D.last_px?""now"":""spot @ scan"",[Y,X]=(0,a.useState)(null),Q=![""WATCHLIST"",""ARMED""].includes(D.state),$=null==(t=(Array.isArray(D.state_history)?D.state_history:[]).find(e=>![""WATCHLIST"",""ARMED""].includes(e.state)))?void 0:t.at,J=null!=(f=D.entry_px)?f:(D.floor+D.zone_hi)/2,Z=Q&&null!=K?(K-J)/J*100:null,ee=null!=(y=null!=(b=null==(n=D.contracts)?void 0:n[B])?b:D.contract)?y:void 0,et=aF(null==ee?void 0:ee.expiration),en=null!=(v=null==ee||null==(o=ee.prem_series)||null==(l=o[0])?void 0:l["
bundles/1536-064f08115df39c50.js,1,falcon,"act tape \xb7 per-minute median""}),(0,r.jsx)(rf.go,{series:ee.prem_series,entry:ee.entry_prem,peakTime:ee.peak_time,t:q,skin:aS,formatTick:e=>(0,rf.uY)(e),scrubTime:Y,onScrub:X}),(0,r.jsx)(""div"",{className:""mt-2.5"",children:(0,r.jsx)(aE,{c:ee,t:q})})]}),""equity""!==L&&ee&&(0,r.jsx)(rf.Sl,{endpoint:""/falcon/contract_flow"",contract:"""".concat(D.symbol,"" "").concat(ee.strike).concat(ee.right),expiryIso:ee.expiration,entryDate:(null!=en?en:"""".concat(D.day,"" 09:30"")).slice(0,10),since:(null!=en?en:"""".concat(D.day,"" 09:30"")).slice(11,16)||""09:30"",side:""LONG"",horizon:0,t:q,skin:aS,scrubTime:Y,onScrub:X}),(0,r"
bundles/1536-064f08115df39c50.js,1,ARMED,"_closed""===k,ed=!!k&&!es&&!ei&&(null==D?void 0:D.day)===k,eu=!k&&(null==D?void 0:D.live)===!0,ep=!k&&!!D&&!1===D.live,em=(()=>{var e;let t=(null!=(e=null==D?void 0:D.setups)?e:[]).filter(e=>{var t;return(null!=(t=e.tier)?t:""book"")===""book""});if(!t.length)return null;let n=t.filter(e=>![""WATCHLIST"",""ARMED""].includes(e.state)),r=n.map(e=>{var t,n,r,a;if(""equity""===N)return null==(t=e.equity)?void 0:t.return_pct;let l=null!=(a=null==(n=e.contracts)?void 0:n.normal)?a:e.contract;return""aggressive""===N?null==l||null==(r=l.playbook)?void 0:r.return_pct:null==l?void 0:l.max_return}).filter(e=>null!=e);ret"
bundles/1536-064f08115df39c50.js,1,ARMED,"round(Math.max(...r)):null,avg_max:r.length?Math.round(r.reduce((e,t)=>e+t,0)/r.length):null,avg_fine:r.length?r.reduce((e,t)=>e+t,0)/r.length:null}})(),eg=""equity""===N?[]:(null!=(g=null==D?void 0:D.setups)?g:[]).filter(e=>{var t;return(null!=(t=e.tier)?t:""book"")===""book""}).filter(e=>![""WATCHLIST"",""ARMED""].includes(e.state)).map(e=>{var t,n,r,a,l,o;let s=null!=(r=null==(t=e.contracts)?void 0:t[aW(N)])?r:e.contract,i=null!=(a=null==s?void 0:s.managed_return)?a:""aggressive""===N?null==s||null==(n=s.playbook)?void 0:n.return_pct:null;return{entryPrem:null!=(o=null!=(l=null==s?void 0:s.entry_prem)?l:nul"
bundles/1536-064f08115df39c50.js,1,ARMED,"-CA"",{timeZone:""America/New_York"",year:""numeric"",month:""2-digit"",day:""2-digit""}).format(new Date),a=[...P].sort().reverse().filter(e=>e!==n).map(e=>{let t,n=L["""".concat(null!=W?W:"""",""|"").concat(e)],a=n?function(e,t){let n=e.filter(e=>{var t;return(null!=(t=e.tier)?t:""book"")===""book""&&![""WATCHLIST"",""ARMED""].includes(e.state)}).map(e=>(function(e,t){var n,r,a,l,o,s,i;if(""equity""===t)return null!=(l=null==(n=e.equity)?void 0:n.return_pct)?l:null;let c=null!=(o=null==(r=e.contracts)?void 0:r[aW(t)])?o:e.contract;return null!=(i=null==c?void 0:c.managed_return)?i:""aggressive""===t&&null!=(s=null==c||null"
bundles/1536-064f08115df39c50.js,1,Falcon,"...a],onChange:e=>w(e),onOpen:()=>S(!0),menuWidth:224,clearLabel:l,skin:aS,t:h})})()]})]}),(0,r.jsx)(rf.T7,{teaser:""Single-name 0DTE options — same-day expiry, equal-weight scale-in"",what:""Peregrine trades 0DTE options on individual names, same-day expiry, in the same equal-weight scale-in style as Falcon. It only fires in the intraday-volatility regimes where the edge holds — the regime gate stands down when conditions turn to slow grind."",how:""Set your balance and risk% once in Aegis — it sizes every entry into contracts and dollars on the card. Peregrine scales in equal-weight: a probe plus adds "
bundles/1536-064f08115df39c50.js,1,ARMED,"lor:Z?""var(--prg-accent)"":h.textMuted,background:Z?""rgba(var(--prg-accent-rgb),0.14)"":""rgba(var(--prg-ink),0.05)"",border:""1px solid "".concat(Z?""rgba(var(--prg-accent-rgb),0.4)"":""rgba(var(--prg-ink),0.08)"")},children:[""RADAR \xb7 "",et]}),(0,r.jsx)(rf.UJ,{label:""STATUS"",values:M,options:[""WATCHLIST"",""ARMED"",""TRIGGERED"",""T1_TAG"",""T2_TAG"",""T3_TAG""].map(e=>({value:e,label:e.replace(""_"","" "").toLowerCase()})),onChange:e=>I(e),t:h,skin:aS})]}),(0,r.jsx)(""span"",{children:""0DTE \xb7 drift days""})]})),(0,r.jsxs)(""div"",{ref:z,className:""talon-noscroll -mx-0.5 flex shrink-0 gap-2.5 overflow-x-auto pb-1.5"",style"
bundles/1536-064f08115df39c50.js,1,Falcon,"red session for "".concat(k,"".""):""__book""===k?""No open swing trades in the book."":""__closed""===k?""No realized trades yet."":M.size>0&&(null!=(p=null==D?void 0:D.setups.length)?p:0)>0?""No setups match the status filter."":eu&&(null==D?void 0:D.regime)===""post_decline""?""Standing down — post-decline day (Falcon's regime). Peregrine hunts drift days."":eu?""Watching — no 0DTE setups have qualified yet today."":""Reconnecting to Peregrine — setups will appear here."":""Connecting to Peregrine…""}),ea.map(e=>(0,r.jsx)(aP,{s:e,mode:N,t:h,onOpen:()=>E(e)},"""".concat(e.day,""_"").concat(e.symbol))),el>0&&(0,r.jsxs)(""butt"
bundles/1536-064f08115df39c50.js,1,Flowseeker,"ear:""var(--prg-bear)"",t:h}),(0,r.jsx)(ry,{src:""/peregrine/plcurve?strategy="".concat(W),mode:""equity""===N?""equity"":""options"",accent:aN,ink:""var(--prg-ink)"",bull:""var(--prg-bull)"",bear:""var(--prg-bear)"",t:h}),(0,r.jsx)(""div"",{className:""mt-2.5"",children:ey(""Peregrine stream"",eo.length?""Lifecycle \xb7 Flowseeker whales"":q.length?""Boards \xb7 Breadth \xb7 Lifecycle"":void 0)}),(0,r.jsxs)(""div"",{className:""talon-noscroll flex min-h-0 flex-1 flex-col overflow-y-auto"",style:{overflowAnchor:""none"",scrollbarWidth:""none""},children:[eo.map((e,t)=>(0,r.jsxs)(""div"",{className:""flex gap-2.5 py-2"",style:{borderBottom:"""
bundles/1536-064f08115df39c50.js,1,flowseeker,"),0.05)"",animation:""talonFin .45s ease""},children:[(0,r.jsx)(""span"",{className:""grid flex-none place-items-center overflow-hidden rounded-[7px]"",style:{width:27,height:27,background:""rgba(var(--prg-ink),0.04)"",border:""1px solid rgba(var(--prg-ink),0.05)""},children:(0,r.jsx)(""img"",{src:""/agent-logos/flowseeker.png"",alt:"""",style:{width:21,height:21,objectFit:""contain""},onError:e=>{e.currentTarget.style.display=""none""}})}),(0,r.jsxs)(""div"",{className:""min-w-0 flex-1"",children:[(0,r.jsxs)(""div"",{className:""flex items-baseline gap-1.5"",children:[(0,r.jsx)(""span"",{style:{fontSize:12,fontWeight:500,color:h.tex"
bundles/1536-064f08115df39c50.js,1,Flowseeker,"width:21,height:21,objectFit:""contain""},onError:e=>{e.currentTarget.style.display=""none""}})}),(0,r.jsxs)(""div"",{className:""min-w-0 flex-1"",children:[(0,r.jsxs)(""div"",{className:""flex items-baseline gap-1.5"",children:[(0,r.jsx)(""span"",{style:{fontSize:12,fontWeight:500,color:h.textPrimary},children:""Flowseeker""}),(0,r.jsx)(""span"",{className:""rounded px-1"",style:{fontSize:8.5,fontWeight:700,letterSpacing:""0.06em"",color:aN,border:""1px solid rgba(var(--prg-accent-rgb),0.3)""},children:e.tier.toUpperCase()}),(0,r.jsx)(""span"",{className:""ml-auto"",style:{fontSize:9,color:h.textMuted,fontFamily:""var(--font-mono,"
bundles/1536-064f08115df39c50.js,1,falcon,"Pathname)(),ep=(0,_.x9)(null!=eu?eu:""/""),em=null!=(n=aG[ep])?n:ep,{requestBrief:eg}=(0,td.n)(),eh=n3(null!=eu?eu:""/""),ex=!!eh.pageType,ef=(0,t0.r)(e=>e.ticker),eb=(null==(t=null!=(l=eh.focusedTicker)?l:ef)?void 0:t.trim())||void 0,ey=rZ(k,c),ev=u&&!!h,ek=(null!=p?p:u)&&!!h&&G,ew=""talon""===v&&!ev||(""falcon""===v||""midas""===v||""peregrine""===v||""prophet""===v)&&!ek||""glitch""===v&&!m||""live-stages""===v&&!g,ej=ev?""talon"":""glitch"",eS=ew||""prophet""===v?ej:v;if((0,a.useEffect)(()=>{""talon""===eS&&B(!0),""live-stages""===eS&&H(!0)},[eS]),(0,a.useEffect)(()=>{let e=e=>{e.ctrlKey&&!e.metaKey&&""`""===e.key&&(e.preven"
bundles/1536-064f08115df39c50.js,1,falcon,"M(""talon""),className:""cursor-pointer rounded-lg px-3 py-1"",style:{...aV,border:""none"",color:""talon""===eS?""#93c5fd"":ey.chipText,background:""talon""===eS?""rgba(147, 197, 253, 0.14)"":""transparent""},children:""⌖ Talon""}),ek&&(0,r.jsxs)(r.Fragment,{children:[(0,r.jsx)(""button"",{role:""tab"",""aria-selected"":""falcon""===eS,onClick:()=>M(""falcon""),className:""cursor-pointer rounded-lg px-3 py-1"",style:{...aV,border:""none"",color:""falcon""===eS?""#fbbf24"":ey.chipText,background:""falcon""===eS?""rgba(251, 191, 36, 0.14)"":""transparent""},children:""⌰ Falcon""}),(0,r.jsx)(""button"",{role:""tab"",""aria-selected"":""midas""===eS,onC"
bundles/1536-064f08115df39c50.js,1,falcon,"-pointer rounded-lg px-3 py-1"",style:{...aV,border:""none"",color:""talon""===eS?""#93c5fd"":ey.chipText,background:""talon""===eS?""rgba(147, 197, 253, 0.14)"":""transparent""},children:""⌖ Talon""}),ek&&(0,r.jsxs)(r.Fragment,{children:[(0,r.jsx)(""button"",{role:""tab"",""aria-selected"":""falcon""===eS,onClick:()=>M(""falcon""),className:""cursor-pointer rounded-lg px-3 py-1"",style:{...aV,border:""none"",color:""falcon""===eS?""#fbbf24"":ey.chipText,background:""falcon""===eS?""rgba(251, 191, 36, 0.14)"":""transparent""},children:""⌰ Falcon""}),(0,r.jsx)(""button"",{role:""tab"",""aria-selected"":""midas""===eS,onClick:()=>M(""midas""),classNam"
bundles/1536-064f08115df39c50.js,1,falcon,"hipText,background:""talon""===eS?""rgba(147, 197, 253, 0.14)"":""transparent""},children:""⌖ Talon""}),ek&&(0,r.jsxs)(r.Fragment,{children:[(0,r.jsx)(""button"",{role:""tab"",""aria-selected"":""falcon""===eS,onClick:()=>M(""falcon""),className:""cursor-pointer rounded-lg px-3 py-1"",style:{...aV,border:""none"",color:""falcon""===eS?""#fbbf24"":ey.chipText,background:""falcon""===eS?""rgba(251, 191, 36, 0.14)"":""transparent""},children:""⌰ Falcon""}),(0,r.jsx)(""button"",{role:""tab"",""aria-selected"":""midas""===eS,onClick:()=>M(""midas""),className:""cursor-pointer rounded-lg px-3 py-1"",style:{...aV,border:""none"",color:""midas""===eS?""#c4b"
bundles/1536-064f08115df39c50.js,1,falcon," 253, 0.14)"":""transparent""},children:""⌖ Talon""}),ek&&(0,r.jsxs)(r.Fragment,{children:[(0,r.jsx)(""button"",{role:""tab"",""aria-selected"":""falcon""===eS,onClick:()=>M(""falcon""),className:""cursor-pointer rounded-lg px-3 py-1"",style:{...aV,border:""none"",color:""falcon""===eS?""#fbbf24"":ey.chipText,background:""falcon""===eS?""rgba(251, 191, 36, 0.14)"":""transparent""},children:""⌰ Falcon""}),(0,r.jsx)(""button"",{role:""tab"",""aria-selected"":""midas""===eS,onClick:()=>M(""midas""),className:""cursor-pointer rounded-lg px-3 py-1"",style:{...aV,border:""none"",color:""midas""===eS?""#c4b5fd"":ey.chipText,background:""midas""===eS?""rgba("
bundles/1536-064f08115df39c50.js,1,Falcon,"ragment,{children:[(0,r.jsx)(""button"",{role:""tab"",""aria-selected"":""falcon""===eS,onClick:()=>M(""falcon""),className:""cursor-pointer rounded-lg px-3 py-1"",style:{...aV,border:""none"",color:""falcon""===eS?""#fbbf24"":ey.chipText,background:""falcon""===eS?""rgba(251, 191, 36, 0.14)"":""transparent""},children:""⌰ Falcon""}),(0,r.jsx)(""button"",{role:""tab"",""aria-selected"":""midas""===eS,onClick:()=>M(""midas""),className:""cursor-pointer rounded-lg px-3 py-1"",style:{...aV,border:""none"",color:""midas""===eS?""#c4b5fd"":ey.chipText,background:""midas""===eS?""rgba(196, 181, 253, 0.14)"":""transparent""},children:""◈ Midas""}),(0,r.jsx)"
bundles/1536-064f08115df39c50.js,1,falcon,"tMuted},children:""Reset panel""}),(0,r.jsx)(""button"",{role:""menuitem"",onClick:()=>{I(!0),D(!1),E()},className:""w-full cursor-pointer rounded-lg border-none bg-transparent px-3 py-1.5 text-left"",style:{fontSize:""11px"",color:ey.textMuted},children:u?""Hide bubble for now"":""Hide bubble""})]})]})]}),ek&&(""falcon""===eS||""midas""===eS||""peregrine""===eS)&&(0,r.jsx)(aK,{t:ey,isMobile:d}),(0,r.jsxs)(""div"",{className:""min-h-0 flex-1"",children:[m&&(0,r.jsx)(""div"",{className:""h-full"",style:{display:""glitch""===eS?void 0:""none""},children:(0,r.jsx)(at,{isDark:c,variant:k,currentSymbol:eb,boostContrast:eL})}),ev&&O&&h&"
bundles/1536-064f08115df39c50.js,1,falcon,"k,currentSymbol:eb,boostContrast:eL})}),ev&&O&&h&&(0,r.jsx)(""div"",{className:""h-full"",style:{display:""talon""===eS?void 0:""none""},children:(0,r.jsx)(rm,{isDark:c,theme:h,isMobile:d,isMono:x,accentColor:f,embedded:!0,embeddedBackgroundOpacity:N,isActiveTab:""talon""===eS,onTalonAckDecline:E})}),ek&&h&&""falcon""===eS&&(0,r.jsx)(""div"",{className:""h-full"",children:(0,r.jsx)(rV,{theme:ey,isDark:c,isMono:x||""mono""===k,panelOpacity:N,panelBlur:T,appTheme:null!=h?h:void 0})}),ek&&h&&""peregrine""===eS&&(0,r.jsx)(""div"",{className:""h-full"",children:(0,r.jsx)(aq,{theme:ey,isDark:c,isMono:x||""mono""===k,panelBlur:T})}"
bundles/1536-064f08115df39c50.js,1,heatseeker,")&&!T&&null!==(0,ex.O)(N),[E,M]=(0,a.useState)(()=>""true""===localStorage.getItem(""skylit-sidebar-collapsed"")),[I,z]=(0,a.useState)(()=>{{let e=localStorage.getItem(""skylit-sidebar-width"");if(null!==e){let t=Number(e);if(Number.isFinite(t)&&t>=150&&t<=300)return t}}return 210}),[R,F]=(0,a.useState)(""heatseeker""),[W,D]=(0,a.useState)(!1),[L,q]=(0,a.useState)(!1),[B,G]=(0,a.useState)(!1),{data:V,isLoading:H}=(0,aQ.lh)({enabled:!T&&!C}),K=(0,aQ.Sn)(),[U,Y]=(0,a.useState)(0),$=(0,a.useCallback)(e=>{Y(e)},[]),[J,Z]=(0,a.useState)(0),ee=(0,a.useCallback)(e=>{Z(e)},[]),et=U+J,[en,ea]=(0,a.useState)(!1),el=(0,a."
bundles/1536-064f08115df39c50.js,1,flowseeker,":""DEVELOPER"",""admin-portal"":""ADMIN"",""admin-api-platform"":""API PLATFORM"",megaphone:""MEGAPHONE"",heatmaps:""HEATMAPS"",""skylit-charts"":""ATLAS"",alerts:""ALERTS"",trinity:""TRINITY"",settings:""SETTINGS"",compass:""COMPASS"",livefeed:""FLOW"",darkfeed:""DARK FEED"",scanner:""SCANNER"",lookup:""LOOKUP"",tracker:""TRACKER"",""flowseeker-settings"":""SETTINGS"",tradelab:""LAB"",plugins:""PLUGINS"",skills:""SKILLS"",dataplugins:""DATA"",automations:""AUTO"",""creator-studio"":""CREATOR"",""agent-terminal"":""TERMINAL"",trade:""TRADE"",""trinity-sniper"":""SNIPER"",""deep-research"":""RESEARCH"",leaderboard:""LEADERS"",profile:""PROFILE"",trades:""TRADES"",ideas:""IDEAS"""
bundles/1536-064f08115df39c50.js,1,Heatseeker,"id "".concat(t.border)},onClick:e=>e.stopPropagation(),children:[(0,r.jsxs)(""div"",{className:""flex items-center justify-between p-6 border-b shrink-0"",style:{borderColor:t.border},children:[(0,r.jsx)(""h3"",{id:""keyboard-shortcuts-title"",className:""text-lg font-semibold"",style:{color:t.text},children:""Heatseeker Shortcuts""}),(0,r.jsx)(""button"",{onClick:n,className:""p-1 rounded"",style:{color:t.textMuted},""aria-label"":""Close"",children:(0,r.jsx)(o.A,{size:18})})]}),(0,r.jsxs)(""div"",{className:""p-6 space-y-5 overflow-y-auto min-h-0"",children:[(0,r.jsxs)(lx,{title:""General Navigation"",theme:t,children:[(0,r.jsx"
bundles/1536-064f08115df39c50.js,1,HEATSEEKER,"ord-catalog"",label:""PRODUCTS""}]:[],{id:""developer"",label:""DEVELOPER"",requiredRole:""developer-access""},{id:""admin-portal"",label:""ADMIN PORTAL"",requiredRole:""admin""},{id:""admin-api-platform"",label:""API PLATFORM"",requiredRole:""admin""},{id:""megaphone"",label:""MEGAPHONE"",requiredRole:""admin""}]},{section:""HEATSEEKER"",items:[{id:""heatmaps"",label:""HEATMAPS"",requiredRole:""heatseeker""},{id:""skylit-charts"",label:""ATLAS"",requiredRole:""charts""},{id:""alerts"",label:""ALERTS"",requiredRole:""heatseeker""},{id:""trinity"",label:""TRINITY MODE"",requiredRole:""heatseeker""},{id:""settings"",label:""SETTINGS"",requiredRole:""admin""}]},{s"
bundles/1536-064f08115df39c50.js,1,heatseeker,"ER"",requiredRole:""developer-access""},{id:""admin-portal"",label:""ADMIN PORTAL"",requiredRole:""admin""},{id:""admin-api-platform"",label:""API PLATFORM"",requiredRole:""admin""},{id:""megaphone"",label:""MEGAPHONE"",requiredRole:""admin""}]},{section:""HEATSEEKER"",items:[{id:""heatmaps"",label:""HEATMAPS"",requiredRole:""heatseeker""},{id:""skylit-charts"",label:""ATLAS"",requiredRole:""charts""},{id:""alerts"",label:""ALERTS"",requiredRole:""heatseeker""},{id:""trinity"",label:""TRINITY MODE"",requiredRole:""heatseeker""},{id:""settings"",label:""SETTINGS"",requiredRole:""admin""}]},{section:""AGENT HUB"",items:[{id:""trade"",label:""TRADE"",requiredRole:"
bundles/1536-064f08115df39c50.js,1,heatseeker,"i-platform"",label:""API PLATFORM"",requiredRole:""admin""},{id:""megaphone"",label:""MEGAPHONE"",requiredRole:""admin""}]},{section:""HEATSEEKER"",items:[{id:""heatmaps"",label:""HEATMAPS"",requiredRole:""heatseeker""},{id:""skylit-charts"",label:""ATLAS"",requiredRole:""charts""},{id:""alerts"",label:""ALERTS"",requiredRole:""heatseeker""},{id:""trinity"",label:""TRINITY MODE"",requiredRole:""heatseeker""},{id:""settings"",label:""SETTINGS"",requiredRole:""admin""}]},{section:""AGENT HUB"",items:[{id:""trade"",label:""TRADE"",requiredRole:""admin""},{id:""trinity-sniper"",label:""TRINITY SNIPER"",requiredRole:""admin""},{id:""deep-research"",label:""RESEARCH"","
bundles/1536-064f08115df39c50.js,1,heatseeker,"gaphone"",label:""MEGAPHONE"",requiredRole:""admin""}]},{section:""HEATSEEKER"",items:[{id:""heatmaps"",label:""HEATMAPS"",requiredRole:""heatseeker""},{id:""skylit-charts"",label:""ATLAS"",requiredRole:""charts""},{id:""alerts"",label:""ALERTS"",requiredRole:""heatseeker""},{id:""trinity"",label:""TRINITY MODE"",requiredRole:""heatseeker""},{id:""settings"",label:""SETTINGS"",requiredRole:""admin""}]},{section:""AGENT HUB"",items:[{id:""trade"",label:""TRADE"",requiredRole:""admin""},{id:""trinity-sniper"",label:""TRINITY SNIPER"",requiredRole:""admin""},{id:""deep-research"",label:""RESEARCH"",requiredRole:""admin""},{id:""talon-kb"",label:""TALON KB"",required"
bundles/1536-064f08115df39c50.js,1,FLOWSEEKER,":""agent-terminal"",label:""AGENT TERMINAL"",requiredRole:""admin"",showInNav:!1},{id:""tradelab"",label:""TRADE LAB"",requiredRole:""admin"",showInNav:!1},{id:""plugins"",label:""PLUGINS"",requiredRole:""admin"",showInNav:!1},{id:""creator-studio"",label:""CREATOR STUDIO"",requiredRole:""admin"",showInNav:!1}]},{section:""FLOWSEEKER"",items:[{id:""livefeed"",label:""LIVE FEED""},{id:""darkfeed"",label:""DARK FEED""},{id:""scanner"",label:""FLOW SCANNER""},{id:""compass"",label:""FLOW COMPASS""},{id:""lookup"",label:""CONTRACT LOOKUP""},{id:""company-events"",label:""COMPANY EVENTS""},{id:""tracker"",label:""FLOW TRACKER""},{id:""flow-alerts"",label:""FLOW AL"
bundles/1536-064f08115df39c50.js,1,flowseeker,":""livefeed"",label:""LIVE FEED""},{id:""darkfeed"",label:""DARK FEED""},{id:""scanner"",label:""FLOW SCANNER""},{id:""compass"",label:""FLOW COMPASS""},{id:""lookup"",label:""CONTRACT LOOKUP""},{id:""company-events"",label:""COMPANY EVENTS""},{id:""tracker"",label:""FLOW TRACKER""},{id:""flow-alerts"",label:""FLOW ALERTS""},{id:""flowseeker-settings"",label:""SETTINGS"",requiredRole:""flowseeker-settings""}]},{section:""NEXUS"",items:[{id:""leaderboard"",label:""LEADERBOARD""},{id:""profile"",label:""MY PROFILE""},{id:""trades"",label:""TRADES""},{id:""ideas"",label:""IDEAS""},{id:""newtrade"",label:""NEW TRADE""},{id:""nexus-settings"",label:""SETTINGS""},{id:""cop"
bundles/1536-064f08115df39c50.js,1,flowseeker,"""DARK FEED""},{id:""scanner"",label:""FLOW SCANNER""},{id:""compass"",label:""FLOW COMPASS""},{id:""lookup"",label:""CONTRACT LOOKUP""},{id:""company-events"",label:""COMPANY EVENTS""},{id:""tracker"",label:""FLOW TRACKER""},{id:""flow-alerts"",label:""FLOW ALERTS""},{id:""flowseeker-settings"",label:""SETTINGS"",requiredRole:""flowseeker-settings""}]},{section:""NEXUS"",items:[{id:""leaderboard"",label:""LEADERBOARD""},{id:""profile"",label:""MY PROFILE""},{id:""trades"",label:""TRADES""},{id:""ideas"",label:""IDEAS""},{id:""newtrade"",label:""NEW TRADE""},{id:""nexus-settings"",label:""SETTINGS""},{id:""copy-trading"",label:""COPY TRADING"",requiredRole:""admin"""
bundles/1536-064f08115df39c50.js,1,heatseeker,":s.A,label:""Catalog""}]:[],{id:""developer"",icon:i.A,label:""Developer"",requiredRole:""developer-access""},{id:""admin-portal"",icon:c.A,label:""Admin"",requiredRole:""admin""},{id:""admin-api-platform"",icon:c.A,label:""API"",requiredRole:""admin""},{id:""megaphone"",icon:d.A,label:""Megaphone"",requiredRole:""admin""}],heatseeker:[{id:""heatmaps"",icon:u.A,label:""Heatmaps"",requiredRole:""heatseeker""},{id:""skylit-charts"",icon:p.A,label:""Atlas"",requiredRole:""charts""},{id:""alerts"",icon:m.A,label:""Alerts"",requiredRole:""heatseeker""},{id:""trinity"",icon:g.A,label:""Trinity"",requiredRole:""heatseeker""},{id:""settings"",icon:h.A,label:""Set"
bundles/1536-064f08115df39c50.js,1,heatseeker,""",requiredRole:""developer-access""},{id:""admin-portal"",icon:c.A,label:""Admin"",requiredRole:""admin""},{id:""admin-api-platform"",icon:c.A,label:""API"",requiredRole:""admin""},{id:""megaphone"",icon:d.A,label:""Megaphone"",requiredRole:""admin""}],heatseeker:[{id:""heatmaps"",icon:u.A,label:""Heatmaps"",requiredRole:""heatseeker""},{id:""skylit-charts"",icon:p.A,label:""Atlas"",requiredRole:""charts""},{id:""alerts"",icon:m.A,label:""Alerts"",requiredRole:""heatseeker""},{id:""trinity"",icon:g.A,label:""Trinity"",requiredRole:""heatseeker""},{id:""settings"",icon:h.A,label:""Settings"",requiredRole:""admin""}],flowseeker:[{id:""livefeed"",icon:x.A,l"
bundles/1536-064f08115df39c50.js,1,heatseeker,".A,label:""API"",requiredRole:""admin""},{id:""megaphone"",icon:d.A,label:""Megaphone"",requiredRole:""admin""}],heatseeker:[{id:""heatmaps"",icon:u.A,label:""Heatmaps"",requiredRole:""heatseeker""},{id:""skylit-charts"",icon:p.A,label:""Atlas"",requiredRole:""charts""},{id:""alerts"",icon:m.A,label:""Alerts"",requiredRole:""heatseeker""},{id:""trinity"",icon:g.A,label:""Trinity"",requiredRole:""heatseeker""},{id:""settings"",icon:h.A,label:""Settings"",requiredRole:""admin""}],flowseeker:[{id:""livefeed"",icon:x.A,label:""Live Feed""},{id:""darkfeed"",icon:f.A,label:""Dark Feed""},{id:""scanner"",icon:b.A,label:""Flow""},{id:""compass"",icon:y.A,label:""Co"
bundles/1536-064f08115df39c50.js,1,heatseeker,"l:""Megaphone"",requiredRole:""admin""}],heatseeker:[{id:""heatmaps"",icon:u.A,label:""Heatmaps"",requiredRole:""heatseeker""},{id:""skylit-charts"",icon:p.A,label:""Atlas"",requiredRole:""charts""},{id:""alerts"",icon:m.A,label:""Alerts"",requiredRole:""heatseeker""},{id:""trinity"",icon:g.A,label:""Trinity"",requiredRole:""heatseeker""},{id:""settings"",icon:h.A,label:""Settings"",requiredRole:""admin""}],flowseeker:[{id:""livefeed"",icon:x.A,label:""Live Feed""},{id:""darkfeed"",icon:f.A,label:""Dark Feed""},{id:""scanner"",icon:b.A,label:""Flow""},{id:""compass"",icon:y.A,label:""Compass""},{id:""lookup"",icon:v.A,label:""Lookup""},{id:""company-events"""
bundles/1536-064f08115df39c50.js,1,flowseeker,"l:""Heatmaps"",requiredRole:""heatseeker""},{id:""skylit-charts"",icon:p.A,label:""Atlas"",requiredRole:""charts""},{id:""alerts"",icon:m.A,label:""Alerts"",requiredRole:""heatseeker""},{id:""trinity"",icon:g.A,label:""Trinity"",requiredRole:""heatseeker""},{id:""settings"",icon:h.A,label:""Settings"",requiredRole:""admin""}],flowseeker:[{id:""livefeed"",icon:x.A,label:""Live Feed""},{id:""darkfeed"",icon:f.A,label:""Dark Feed""},{id:""scanner"",icon:b.A,label:""Flow""},{id:""compass"",icon:y.A,label:""Compass""},{id:""lookup"",icon:v.A,label:""Lookup""},{id:""company-events"",icon:k.A,label:""Events""},{id:""tracker"",icon:w.A,label:""Tracker""},{id:""flow-a"
bundles/1536-064f08115df39c50.js,1,flowseeker," Feed""},{id:""darkfeed"",icon:f.A,label:""Dark Feed""},{id:""scanner"",icon:b.A,label:""Flow""},{id:""compass"",icon:y.A,label:""Compass""},{id:""lookup"",icon:v.A,label:""Lookup""},{id:""company-events"",icon:k.A,label:""Events""},{id:""tracker"",icon:w.A,label:""Tracker""},{id:""flow-alerts"",icon:m.A,label:""Alerts""},{id:""flowseeker-settings"",icon:h.A,label:""Settings"",requiredRole:""flowseeker-settings""}],nexus:[{id:""leaderboard"",icon:j.A,label:""Leaders""},{id:""profile"",icon:S.A,label:""Profile""},{id:""trades"",icon:N.A,label:""Trades""},{id:""ideas"",icon:l.A,label:""Ideas""},{id:""nexus-settings"",icon:h.A,label:""Settings""},{id:""copy-tra"
bundles/1536-064f08115df39c50.js,1,flowseeker,"er"",icon:b.A,label:""Flow""},{id:""compass"",icon:y.A,label:""Compass""},{id:""lookup"",icon:v.A,label:""Lookup""},{id:""company-events"",icon:k.A,label:""Events""},{id:""tracker"",icon:w.A,label:""Tracker""},{id:""flow-alerts"",icon:m.A,label:""Alerts""},{id:""flowseeker-settings"",icon:h.A,label:""Settings"",requiredRole:""flowseeker-settings""}],nexus:[{id:""leaderboard"",icon:j.A,label:""Leaders""},{id:""profile"",icon:S.A,label:""Profile""},{id:""trades"",icon:N.A,label:""Trades""},{id:""ideas"",icon:l.A,label:""Ideas""},{id:""nexus-settings"",icon:h.A,label:""Settings""},{id:""copy-trading"",icon:T.A,label:""Copy"",requiredRole:""admin""},{id:""nexus-"
bundles/1536-064f08115df39c50.js,1,heatseeker,":i.A,label:""Terminal"",requiredRole:""admin"",showInNav:!1},{id:""tradelab"",icon:M.A,label:""Lab"",requiredRole:""admin"",showInNav:!1},{id:""plugins"",icon:I.A,label:""Plugins"",requiredRole:""admin"",showInNav:!1},{id:""creator-studio"",icon:z.A,label:""Creator"",requiredRole:""admin"",showInNav:!1}]},Y={home:""HOME"",heatseeker:""HEATSEEKER"",agents:""AGENT HUB"",flowseeker:""FLOWSEEKER"",nexus:""NEXUS""};r.A,u.A,x.A,S.A,M.A;let X={HOME:r.A,HEATSEEKER:u.A,""AGENT HUB"":M.A,FLOWSEEKER:x.A,NEXUS:S.A},Q={home:r.A,stages:a.A,portal:l.A,developer:i.A,""admin-portal"":c.A,""admin-api-platform"":c.A,megaphone:d.A,""talon-kb"":_.A,""talon-usage"":"
bundles/1536-064f08115df39c50.js,1,HEATSEEKER,"Terminal"",requiredRole:""admin"",showInNav:!1},{id:""tradelab"",icon:M.A,label:""Lab"",requiredRole:""admin"",showInNav:!1},{id:""plugins"",icon:I.A,label:""Plugins"",requiredRole:""admin"",showInNav:!1},{id:""creator-studio"",icon:z.A,label:""Creator"",requiredRole:""admin"",showInNav:!1}]},Y={home:""HOME"",heatseeker:""HEATSEEKER"",agents:""AGENT HUB"",flowseeker:""FLOWSEEKER"",nexus:""NEXUS""};r.A,u.A,x.A,S.A,M.A;let X={HOME:r.A,HEATSEEKER:u.A,""AGENT HUB"":M.A,FLOWSEEKER:x.A,NEXUS:S.A},Q={home:r.A,stages:a.A,portal:l.A,developer:i.A,""admin-portal"":c.A,""admin-api-platform"":c.A,megaphone:d.A,""talon-kb"":_.A,""talon-usage"":E.A,heatmaps"
bundles/1536-064f08115df39c50.js,1,flowseeker,"showInNav:!1},{id:""tradelab"",icon:M.A,label:""Lab"",requiredRole:""admin"",showInNav:!1},{id:""plugins"",icon:I.A,label:""Plugins"",requiredRole:""admin"",showInNav:!1},{id:""creator-studio"",icon:z.A,label:""Creator"",requiredRole:""admin"",showInNav:!1}]},Y={home:""HOME"",heatseeker:""HEATSEEKER"",agents:""AGENT HUB"",flowseeker:""FLOWSEEKER"",nexus:""NEXUS""};r.A,u.A,x.A,S.A,M.A;let X={HOME:r.A,HEATSEEKER:u.A,""AGENT HUB"":M.A,FLOWSEEKER:x.A,NEXUS:S.A},Q={home:r.A,stages:a.A,portal:l.A,developer:i.A,""admin-portal"":c.A,""admin-api-platform"":c.A,megaphone:d.A,""talon-kb"":_.A,""talon-usage"":E.A,heatmaps:R.A,""skylit-charts"":p.A,alerts"
bundles/1536-064f08115df39c50.js,1,FLOWSEEKER,"},{id:""tradelab"",icon:M.A,label:""Lab"",requiredRole:""admin"",showInNav:!1},{id:""plugins"",icon:I.A,label:""Plugins"",requiredRole:""admin"",showInNav:!1},{id:""creator-studio"",icon:z.A,label:""Creator"",requiredRole:""admin"",showInNav:!1}]},Y={home:""HOME"",heatseeker:""HEATSEEKER"",agents:""AGENT HUB"",flowseeker:""FLOWSEEKER"",nexus:""NEXUS""};r.A,u.A,x.A,S.A,M.A;let X={HOME:r.A,HEATSEEKER:u.A,""AGENT HUB"":M.A,FLOWSEEKER:x.A,NEXUS:S.A},Q={home:r.A,stages:a.A,portal:l.A,developer:i.A,""admin-portal"":c.A,""admin-api-platform"":c.A,megaphone:d.A,""talon-kb"":_.A,""talon-usage"":E.A,heatmaps:R.A,""skylit-charts"":p.A,alerts:F.A,trinity"
bundles/1536-064f08115df39c50.js,1,HEATSEEKER,"InNav:!1},{id:""plugins"",icon:I.A,label:""Plugins"",requiredRole:""admin"",showInNav:!1},{id:""creator-studio"",icon:z.A,label:""Creator"",requiredRole:""admin"",showInNav:!1}]},Y={home:""HOME"",heatseeker:""HEATSEEKER"",agents:""AGENT HUB"",flowseeker:""FLOWSEEKER"",nexus:""NEXUS""};r.A,u.A,x.A,S.A,M.A;let X={HOME:r.A,HEATSEEKER:u.A,""AGENT HUB"":M.A,FLOWSEEKER:x.A,NEXUS:S.A},Q={home:r.A,stages:a.A,portal:l.A,developer:i.A,""admin-portal"":c.A,""admin-api-platform"":c.A,megaphone:d.A,""talon-kb"":_.A,""talon-usage"":E.A,heatmaps:R.A,""skylit-charts"":p.A,alerts:F.A,trinity:W.A,settings:P.A,""agent-terminal"":i.A,trade:w.A,""trinity-snipe"
bundles/1536-064f08115df39c50.js,1,FLOWSEEKER,"A,label:""Plugins"",requiredRole:""admin"",showInNav:!1},{id:""creator-studio"",icon:z.A,label:""Creator"",requiredRole:""admin"",showInNav:!1}]},Y={home:""HOME"",heatseeker:""HEATSEEKER"",agents:""AGENT HUB"",flowseeker:""FLOWSEEKER"",nexus:""NEXUS""};r.A,u.A,x.A,S.A,M.A;let X={HOME:r.A,HEATSEEKER:u.A,""AGENT HUB"":M.A,FLOWSEEKER:x.A,NEXUS:S.A},Q={home:r.A,stages:a.A,portal:l.A,developer:i.A,""admin-portal"":c.A,""admin-api-platform"":c.A,megaphone:d.A,""talon-kb"":_.A,""talon-usage"":E.A,heatmaps:R.A,""skylit-charts"":p.A,alerts:F.A,trinity:W.A,settings:P.A,""agent-terminal"":i.A,trade:w.A,""trinity-sniper"":A.A,""deep-research"":C.A,trad"
bundles/1536-064f08115df39c50.js,1,flowseeker,"heatmaps:R.A,""skylit-charts"":p.A,alerts:F.A,trinity:W.A,settings:P.A,""agent-terminal"":i.A,trade:w.A,""trinity-sniper"":A.A,""deep-research"":C.A,tradelab:D.A,plugins:L.A,""creator-studio"":q.A,compass:y.A,livefeed:a.A,darkfeed:f.A,scanner:O.A,lookup:v.A,""company-events"":k.A,tracker:B.A,""flow-alerts"":m.A,""flowseeker-settings"":P.A,leaderboard:j.A,profile:G.A,trades:N.A,ideas:l.A,newtrade:V.A,academy:o.A,""nexus-settings"":P.A,""copy-trading"":T.A,""nexus-admin"":c.A,""njord-catalog"":s.A};function $(e){return X[e]}function J(e){return Q[e]}let Z={home:""/"",stages:""/stages"",heatmaps:""/"",""skylit-charts"":""/atlas"",alerts:""/"
bundles/1536-064f08115df39c50.js,1,flowseeker,"arch"":""/agents/research"",tradelab:""/agents/tradelab"",plugins:""/plugins"",""creator-studio"":""/creator"",compass:""/flow/compass"",livefeed:""/flow/live"",darkfeed:""/flow/dark"",scanner:""/flow/scanner"",lookup:""/flow/lookup"",""company-events"":""/flow/events"",tracker:""/flow/tracker"",""flow-alerts"":""/flow/alerts"",""flowseeker-settings"":""/flow/settings"",leaderboard:""/nexus/leaderboard"",profile:""/nexus/profile"",trades:""/nexus/trades"",ideas:""/nexus/ideas"",newtrade:""/nexus/new-trade"",academy:""/academy"",""nexus-settings"":""/nexus/settings"",""copy-trading"":""/nexus/copy-trading"",""nexus-admin"":""/nexus/admin"",portal:""/portal"",devel"
bundles/1536-064f08115df39c50.js,1,flowseeker,"/tradelab"":""tradelab"",""/plugins"":""plugins"",""/creator"":""creator-studio"",""/flow/compass"":""compass"",""/flow/live"":""livefeed"",""/flow/dark"":""darkfeed"",""/flow/scanner"":""scanner"",""/flow/lookup"":""lookup"",""/flow/events"":""company-events"",""/flow/tracker"":""tracker"",""/flow/alerts"":""flow-alerts"",""/flow/settings"":""flowseeker-settings"",""/nexus/leaderboard"":""leaderboard"",""/nexus/profile"":""profile"",""/nexus/trades"":""trades"",""/nexus/ideas"":""ideas"",""/nexus/new-trade"":""newtrade"",""/academy"":""academy"",""/nexus/settings"":""nexus-settings"",""/nexus/copy-trading"":""copy-trading"",""/nexus/admin"":""nexus-admin"",""/portal"":""portal"",""/develo"
bundles/1536-064f08115df39c50.js,1,flowseeker,",trades:e.trades.map(t=>e.closedTradeKeys.has(t.trade_key)?{...t,notified:!0}:t)}))}}))},76622:(e,t,n)=>{n.d(t,{If:()=>d,Jf:()=>i,O:()=>s,jk:()=>c});var r=n(94613);let a=[""/products""],l=new Set([""njord-catalog""]),o=new Set([""admin"",""portfolio_manager"",""community"",""initiate"",""pro"",""protege"",""quant"",""flowseeker"",""flowseeker-power-user"",""flowseeker-api-user"",""flowseeker-api-access"",""api_access""]);function s(e,t){return(0,r.LM)(e)?""stages"":e.length>0&&e.every(e=>""billing_recovery""===e.toLowerCase())||(null==t?void 0:t.isNjordManaged)&&!e.some(e=>o.has(e.toLowerCase()))?""billing_recovery"":null}function i(e,t"
bundles/1536-064f08115df39c50.js,1,flowseeker,"des.map(t=>e.closedTradeKeys.has(t.trade_key)?{...t,notified:!0}:t)}))}}))},76622:(e,t,n)=>{n.d(t,{If:()=>d,Jf:()=>i,O:()=>s,jk:()=>c});var r=n(94613);let a=[""/products""],l=new Set([""njord-catalog""]),o=new Set([""admin"",""portfolio_manager"",""community"",""initiate"",""pro"",""protege"",""quant"",""flowseeker"",""flowseeker-power-user"",""flowseeker-api-user"",""flowseeker-api-access"",""api_access""]);function s(e,t){return(0,r.LM)(e)?""stages"":e.length>0&&e.every(e=>""billing_recovery""===e.toLowerCase())||(null==t?void 0:t.isNjordManaged)&&!e.some(e=>o.has(e.toLowerCase()))?""billing_recovery"":null}function i(e,t){return""stag"
bundles/1536-064f08115df39c50.js,1,flowseeker,"Keys.has(t.trade_key)?{...t,notified:!0}:t)}))}}))},76622:(e,t,n)=>{n.d(t,{If:()=>d,Jf:()=>i,O:()=>s,jk:()=>c});var r=n(94613);let a=[""/products""],l=new Set([""njord-catalog""]),o=new Set([""admin"",""portfolio_manager"",""community"",""initiate"",""pro"",""protege"",""quant"",""flowseeker"",""flowseeker-power-user"",""flowseeker-api-user"",""flowseeker-api-access"",""api_access""]);function s(e,t){return(0,r.LM)(e)?""stages"":e.length>0&&e.every(e=>""billing_recovery""===e.toLowerCase())||(null==t?void 0:t.isNjordManaged)&&!e.some(e=>o.has(e.toLowerCase()))?""billing_recovery"":null}function i(e,t){return""stages""===e?(0,r.MB)(t):a.so"
bundles/1536-064f08115df39c50.js,1,flowseeker,"{...t,notified:!0}:t)}))}}))},76622:(e,t,n)=>{n.d(t,{If:()=>d,Jf:()=>i,O:()=>s,jk:()=>c});var r=n(94613);let a=[""/products""],l=new Set([""njord-catalog""]),o=new Set([""admin"",""portfolio_manager"",""community"",""initiate"",""pro"",""protege"",""quant"",""flowseeker"",""flowseeker-power-user"",""flowseeker-api-user"",""flowseeker-api-access"",""api_access""]);function s(e,t){return(0,r.LM)(e)?""stages"":e.length>0&&e.every(e=>""billing_recovery""===e.toLowerCase())||(null==t?void 0:t.isNjordManaged)&&!e.some(e=>o.has(e.toLowerCase()))?""billing_recovery"":null}function i(e,t){return""stages""===e?(0,r.MB)(t):a.some(e=>t===e||t.startsW"
bundles/3680-bedf33ad8e108721.js,1,/api/,"lt&&null!==t.default)&&void 0===t.default.__esModule&&(Object.defineProperty(t.default,""__esModule"",{value:!0}),Object.assign(t.default,t),e.exports=t.default)},42206:e=>{""use strict"";e.exports={rE:""15.5.9""}},42742:(e,t)=>{""use strict"";function r(e){return""/api""===e||!!(null==e?void 0:e.startsWith(""/api/""))}Object.defineProperty(t,""__esModule"",{value:!0}),Object.defineProperty(t,""isAPIRoute"",{enumerable:!0,get:function(){return r}})},43843:(e,t,r)=>{""use strict"";r.d(t,{_:()=>o,c:()=>i});var n=r(12115);let a=n.createContext(void 0);a.displayName=""ClerkNextOptionsCtx"";let i=()=>{let e=n.useContext(a)"
bundles/5485-08719a466b890540.js,1,gatekeeper,"3eb"",blueDark:""#2563eb"",blueLight:""#90bff9"",purple:r=>r?""#c4a5f7"":""#7c3aed"",teal:r=>r?""#2dd4bf"":""#0d9488""},status:{active:""#22c55e"",paused:""#fbbf24"",stopped:""#ef4444"",watching:""#a855f7"",approaching:""#fbbf24"",entered:""#3b82f6"",ready:""#22c55e""},nodeType:{king:""#a855f7"",pika:""#eab308"",barney:""#9333ea"",gatekeeper:""#f97316""},bgOpacity:{subtle:r=>r?""rgba(255,255,255,0.03)"":""rgba(0,0,0,0.02)"",light:r=>r?""rgba(255,255,255,0.05)"":""rgba(0,0,0,0.05)"",medium:r=>r?""rgba(255,255,255,0.06)"":""rgba(0,0,0,0.06)"",strong:r=>r?""rgba(255,255,255,0.09)"":""rgba(0,0,0,0.08)"",contrast:r=>r?""rgba(255,255,255,0.9)"":""rgba(0,0,0,0.85"
bundles/5485-08719a466b890540.js,1,Gatekeeper,""":"""".concat(r>=0?""+"":"""").concat(Math.abs(r).toLocaleString(""en-US"",{minimumFractionDigits:1,maximumFractionDigits:1}),""%"")}function s(r){return""trade""===r.type}},83256:(r,a,e)=>{e.d(a,{DEFAULT_AGENT_SKILLS:()=>t});let t=[{id:""super-saiyan"",name:""Super Saiyan"",description:""Elite GEX setups with King/Gatekeeper nodes and high R:R"",type:""scan"",icon:""Zap"",defaultParameters:{mode:""FULL"",minRiskReward:3,minScore:70,directions:""BOTH"",entryNodeTypes:[""king"",""gatekeeper""],requireVoidZone:!0,minVoidPercent:2},version:""1.0.0"",author:""Skylit"",tags:[""gex"",""elite"",""high-quality""]},{id:""quick-scan"",name:""Quick Scan"",d"
bundles/5485-08719a466b890540.js,1,gatekeeper,"type}},83256:(r,a,e)=>{e.d(a,{DEFAULT_AGENT_SKILLS:()=>t});let t=[{id:""super-saiyan"",name:""Super Saiyan"",description:""Elite GEX setups with King/Gatekeeper nodes and high R:R"",type:""scan"",icon:""Zap"",defaultParameters:{mode:""FULL"",minRiskReward:3,minScore:70,directions:""BOTH"",entryNodeTypes:[""king"",""gatekeeper""],requireVoidZone:!0,minVoidPercent:2},version:""1.0.0"",author:""Skylit"",tags:[""gex"",""elite"",""high-quality""]},{id:""quick-scan"",name:""Quick Scan"",description:""Fast market overview with moderate thresholds"",type:""scan"",icon:""Search"",defaultParameters:{mode:""GEX"",minRiskReward:2,minScore:60,directions:"""
bundles/5485-08719a466b890540.js,1,gatekeeper,"ercent:2},version:""1.0.0"",author:""Skylit"",tags:[""gex"",""elite"",""high-quality""]},{id:""quick-scan"",name:""Quick Scan"",description:""Fast market overview with moderate thresholds"",type:""scan"",icon:""Search"",defaultParameters:{mode:""GEX"",minRiskReward:2,minScore:60,directions:""BOTH"",entryNodeTypes:[""king"",""gatekeeper"",""pika"",""barney""],requireVoidZone:!1,minVoidPercent:0},version:""1.0.0"",author:""Skylit"",tags:[""gex"",""fast"",""overview""]},{id:""flow-analysis"",name:""Flow Analysis"",description:""Monitor unusual options flow and volume patterns"",type:""monitor"",icon:""Activity"",defaultParameters:{symbols:[""SPY"",""QQQ"",""IWM"""
bundles/144d3bae-2dd2a6d890344e42.js,1,WEBSOCKET,"1080P_30""},{no:7,name:""PORTRAIT_H264_1080P_60""}]),iS=tp.makeEnum(""livekit.EncodedFileType"",[{no:0,name:""DEFAULT_FILETYPE""},{no:1,name:""MP4""},{no:2,name:""OGG""},{no:3,name:""MP3""}]),iC=tp.makeEnum(""livekit.StreamProtocol"",[{no:0,name:""DEFAULT_PROTOCOL""},{no:1,name:""RTMP""},{no:2,name:""SRT""},{no:3,name:""WEBSOCKET""}]),iE=tp.makeEnum(""livekit.SegmentedFileProtocol"",[{no:0,name:""DEFAULT_SEGMENTED_FILE_PROTOCOL""},{no:1,name:""HLS_PROTOCOL""}]),iw=tp.makeEnum(""livekit.SegmentedFileSuffix"",[{no:0,name:""INDEX""},{no:1,name:""TIMESTAMP""}]),iP=tp.makeEnum(""livekit.ImageFileSuffix"",[{no:0,name:""IMAGE_SUFFIX_INDEX""},{no:1"
bundles/144d3bae-2dd2a6d890344e42.js,1,WebSocket,"ll==i?void 0:i.cause)&&(this.cause=null==i?void 0:i.cause)}}class r2 extends r1{}!function(e){e[e.NotAllowed=0]=""NotAllowed"",e[e.ServerUnreachable=1]=""ServerUnreachable"",e[e.InternalError=2]=""InternalError"",e[e.Cancelled=3]=""Cancelled"",e[e.LeaveRequest=4]=""LeaveRequest"",e[e.Timeout=5]=""Timeout"",e[e.WebSocket=6]=""WebSocket"",e[e.ServiceNotFound=7]=""ServiceNotFound""}(f||(f={}));class r3 extends r2{constructor(e,t,i,n){super(1,e),this.name=""ConnectionError"",this.status=i,this.reason=t,this.context=n,this.reasonName=f[t]}static notAllowed(e,t,i){return new r3(e,f.NotAllowed,t,i)}static timeout(e){return new"
bundles/144d3bae-2dd2a6d890344e42.js,1,WebSocket,".cause)&&(this.cause=null==i?void 0:i.cause)}}class r2 extends r1{}!function(e){e[e.NotAllowed=0]=""NotAllowed"",e[e.ServerUnreachable=1]=""ServerUnreachable"",e[e.InternalError=2]=""InternalError"",e[e.Cancelled=3]=""Cancelled"",e[e.LeaveRequest=4]=""LeaveRequest"",e[e.Timeout=5]=""Timeout"",e[e.WebSocket=6]=""WebSocket"",e[e.ServiceNotFound=7]=""ServiceNotFound""}(f||(f={}));class r3 extends r2{constructor(e,t,i,n){super(1,e),this.name=""ConnectionError"",this.status=i,this.reason=t,this.context=n,this.reasonName=f[t]}static notAllowed(e,t,i){return new r3(e,f.NotAllowed,t,i)}static timeout(e){return new r3(e,f.Timeou"
bundles/144d3bae-2dd2a6d890344e42.js,1,websocket,"}static timeout(e){return new r3(e,f.Timeout)}static leaveRequest(e,t){return new r3(e,f.LeaveRequest,void 0,t)}static internal(e,t){return new r3(e,f.InternalError,void 0,t)}static cancelled(e){return new r3(e,f.Cancelled)}static serverUnreachable(e,t){return new r3(e,f.ServerUnreachable,t)}static websocket(e,t,i){return new r3(e,f.WebSocket,t,i)}static serviceNotFound(e,t){return new r3(e,f.ServiceNotFound,void 0,t)}}class r4 extends r1{constructor(e){super(21,null!=e?e:""device is unsupported""),this.name=""DeviceUnsupportedError""}}class r9 extends r1{constructor(e){super(20,null!=e?e:""track is invalid"
bundles/144d3bae-2dd2a6d890344e42.js,1,WebSocket,"f.Timeout)}static leaveRequest(e,t){return new r3(e,f.LeaveRequest,void 0,t)}static internal(e,t){return new r3(e,f.InternalError,void 0,t)}static cancelled(e){return new r3(e,f.Cancelled)}static serverUnreachable(e,t){return new r3(e,f.ServerUnreachable,t)}static websocket(e,t,i){return new r3(e,f.WebSocket,t,i)}static serviceNotFound(e,t){return new r3(e,f.ServiceNotFound,void 0,t)}}class r4 extends r1{constructor(e){super(21,null!=e?e:""device is unsupported""),this.name=""DeviceUnsupportedError""}}class r9 extends r1{constructor(e){super(20,null!=e?e:""track is invalid""),this.name=""TrackInvalidError""}}c"
bundles/144d3bae-2dd2a6d890344e42.js,1,websocket,"endsWith(""/"")?e:"""".concat(e,""/"")}function sn(e,t){return e.pathname="""".concat(si(e.pathname)).concat(t),e}function sr(e){if(""string""==typeof e)return iG.fromJson(JSON.parse(e),{ignoreUnknownFields:!0});if(e instanceof ArrayBuffer)return iG.fromBinary(new Uint8Array(e));throw Error(""could not decode websocket message: "".concat(typeof e))}let sa=""lk_e2ee"";function ss(){return""undefined""!=typeof window&&void 0!==window.RTCRtpSender&&void 0!==window.RTCRtpSender.prototype.createEncodedStreams}!function(e){e.SetKey=""setKey"",e.RatchetRequest=""ratchetRequest"",e.KeyRatcheted=""keyRatcheted""}(P||(P={})),(R||(R={"
bundles/144d3bae-2dd2a6d890344e42.js,1,WebSocket,".from(this.pendingTasks.values())}}class sM{get readyState(){return this.ws.readyState}constructor(e){var t,i;let n=arguments.length>1&&void 0!==arguments[1]?arguments[1]:{};if(null==(t=n.signal)?void 0:t.aborted)throw new DOMException(""This operation was aborted"",""AbortError"");this.url=e;let r=new WebSocket(e,null!=(i=n.protocols)?i:[]);r.binaryType=""arraybuffer"",this.ws=r;let a=function(){let e=arguments.length>0&&void 0!==arguments[0]?arguments[0]:{},t=e.closeCode,i=e.reason;return r.close(t,i)};this.opened=new rQ((e,t)=>{let i=()=>{t(r3.websocket(""Encountered websocket error during connection estab"
bundles/144d3bae-2dd2a6d890344e42.js,1,websocket,"tion was aborted"",""AbortError"");this.url=e;let r=new WebSocket(e,null!=(i=n.protocols)?i:[]);r.binaryType=""arraybuffer"",this.ws=r;let a=function(){let e=arguments.length>0&&void 0!==arguments[0]?arguments[0]:{},t=e.closeCode,i=e.reason;return r.close(t,i)};this.opened=new rQ((e,t)=>{let i=()=>{t(r3.websocket(""Encountered websocket error during connection establishment""))};r.onopen=()=>{e({readable:new ReadableStream({start(e){r.onmessage=t=>{let i=t.data;return e.enqueue(i)},r.onerror=t=>e.error(t)},cancel:a}),writable:new WritableStream({write(e){r.send(e)},abort(){r.close()},close:a}),protocol:r.prot"
bundles/144d3bae-2dd2a6d890344e42.js,1,websocket,"tError"");this.url=e;let r=new WebSocket(e,null!=(i=n.protocols)?i:[]);r.binaryType=""arraybuffer"",this.ws=r;let a=function(){let e=arguments.length>0&&void 0!==arguments[0]?arguments[0]:{},t=e.closeCode,i=e.reason;return r.close(t,i)};this.opened=new rQ((e,t)=>{let i=()=>{t(r3.websocket(""Encountered websocket error during connection establishment""))};r.onopen=()=>{e({readable:new ReadableStream({start(e){r.onmessage=t=>{let i=t.data;return e.enqueue(i)},r.onerror=t=>e.error(t)},cancel:a}),writable:new WritableStream({write(e){r.send(e)},abort(){r.close()},close:a}),protocol:r.protocol,extensions:r.exten"
bundles/144d3bae-2dd2a6d890344e42.js,1,WebSocket,"el:a}),writable:new WritableStream({write(e){r.send(e)},abort(){r.close()},close:a}),protocol:r.protocol,extensions:r.extensions}),r.removeEventListener(""error"",i)},r.addEventListener(""error"",i)}),this.closed=new rQ((e,t)=>{let i=()=>nY(this,void 0,void 0,function*(){let i=new rQ(e=>{r.readyState!==WebSocket.CLOSED&&r.addEventListener(""close"",t=>{e(t)},{once:!0})}),n=yield rQ.race([aP(250),i]);n?e(n):t(r3.websocket(""Encountered unspecified websocket error without a timely close event""))});r.onclose=t=>{e({closeCode:t.code,reason:t.reason}),r.removeEventListener(""error"",i)},r.addEventListener(""error"",i)"
bundles/144d3bae-2dd2a6d890344e42.js,1,websocket,"nsions:r.extensions}),r.removeEventListener(""error"",i)},r.addEventListener(""error"",i)}),this.closed=new rQ((e,t)=>{let i=()=>nY(this,void 0,void 0,function*(){let i=new rQ(e=>{r.readyState!==WebSocket.CLOSED&&r.addEventListener(""close"",t=>{e(t)},{once:!0})}),n=yield rQ.race([aP(250),i]);n?e(n):t(r3.websocket(""Encountered unspecified websocket error without a timely close event""))});r.onclose=t=>{e({closeCode:t.code,reason:t.reason}),r.removeEventListener(""error"",i)},r.addEventListener(""error"",i)}),n.signal&&(n.signal.onabort=()=>r.close()),this.close=a}}let sO=[""syncState"",""trickle"",""offer"",""answer"",""s"
bundles/144d3bae-2dd2a6d890344e42.js,1,websocket,"Listener(""error"",i)},r.addEventListener(""error"",i)}),this.closed=new rQ((e,t)=>{let i=()=>nY(this,void 0,void 0,function*(){let i=new rQ(e=>{r.readyState!==WebSocket.CLOSED&&r.addEventListener(""close"",t=>{e(t)},{once:!0})}),n=yield rQ.race([aP(250),i]);n?e(n):t(r3.websocket(""Encountered unspecified websocket error without a timely close event""))});r.onclose=t=>{e({closeCode:t.code,reason:t.reason}),r.removeEventListener(""error"",i)},r.addEventListener(""error"",i)}),n.signal&&(n.signal.onabort=()=>r.close()),this.close=a}}let sO=[""syncState"",""trickle"",""offer"",""answer"",""simulate"",""leave""];!function(e){e[e."
bundles/144d3bae-2dd2a6d890344e42.js,1,websocket,"dLeave().then(()=>this.close(n)).catch(e=>{this.log.error(e),this.close()}):this.close(),c(),t(r3.cancelled(n))});null==n||n.addEventListener(""abort"",o);let c=()=>{clearTimeout(u),null==n||n.removeEventListener(""abort"",o)},u=setTimeout(()=>{o(r3.timeout(""room connection has timed out (signal)""))},i.websocketTimeout),h=(e,t)=>{this.handleSignalConnected(e,u,t)},p=new URL(l);p.searchParams.has(""access_token"")&&p.searchParams.set(""access_token"",""<redacted>""),this.log.info(""signal connecting to "".concat(p),{reconnect:i.reconnect,reconnectReason:i.reconnectReason}),this.ws&&(yield this.close(!1)),this.ws=ne"
bundles/144d3bae-2dd2a6d890344e42.js,1,Websocket,"ccess_token"")&&p.searchParams.set(""access_token"",""<redacted>""),this.log.info(""signal connecting to "".concat(p),{reconnect:i.reconnect,reconnectReason:i.reconnectReason}),this.ws&&(yield this.close(!1)),this.ws=new sM(l);try{this.ws.closed.then(e=>{var i;this.isEstablishingConnection&&t(r3.internal(""Websocket got closed during a (re)connection attempt: "".concat(e.reason))),1e3!==e.closeCode&&(this.log.warn(""websocket closed"",{reason:e.reason,code:e.closeCode,wasClean:1e3===e.closeCode,state:this.state}),this.state===A.CONNECTED&&this.handleOnClose(null!=(i=e.reason)?i:""Unexpected WS error""))}).catch(e=>"
bundles/144d3bae-2dd2a6d890344e42.js,1,websocket,",{reconnect:i.reconnect,reconnectReason:i.reconnectReason}),this.ws&&(yield this.close(!1)),this.ws=new sM(l);try{this.ws.closed.then(e=>{var i;this.isEstablishingConnection&&t(r3.internal(""Websocket got closed during a (re)connection attempt: "".concat(e.reason))),1e3!==e.closeCode&&(this.log.warn(""websocket closed"",{reason:e.reason,code:e.closeCode,wasClean:1e3===e.closeCode,state:this.state}),this.state===A.CONNECTED&&this.handleOnClose(null!=(i=e.reason)?i:""Unexpected WS error""))}).catch(e=>{this.isEstablishingConnection&&t(r3.internal(""Websocket error during a (re)connection attempt: "".concat(e)))}"
bundles/144d3bae-2dd2a6d890344e42.js,1,Websocket,"concat(e.reason))),1e3!==e.closeCode&&(this.log.warn(""websocket closed"",{reason:e.reason,code:e.closeCode,wasClean:1e3===e.closeCode,state:this.state}),this.state===A.CONNECTED&&this.handleOnClose(null!=(i=e.reason)?i:""Unexpected WS error""))}).catch(e=>{this.isEstablishingConnection&&t(r3.internal(""Websocket error during a (re)connection attempt: "".concat(e)))});let n=yield this.ws.opened.catch(e=>nY(this,void 0,void 0,function*(){if(this.state!==A.CONNECTED){this.state=A.DISCONNECTED,clearTimeout(u);let i=yield this.handleConnectionError(e,d);t(i);return}this.handleWSError(e),t(e)}));if(clearTimeout(u"
bundles/144d3bae-2dd2a6d890344e42.js,1,websocket,"ring signal close as it's already in disconnecting state"");let n=yield e.closingLock.lock();try{if(e.clearPingInterval(),t&&(e.state=A.DISCONNECTING),e.ws){e.ws.close({closeCode:1e3,reason:i});let t=e.ws.closed;e.ws=void 0,e.streamWriter=void 0,yield Promise.race([t,aP(250)])}}catch(t){e.log.debug(""websocket error while closing"",{error:t})}finally{t&&(e.state=A.DISCONNECTED),n()}}()})}sendOffer(e,t){this.log.debug(""sending offer"",{offerSdp:e.sdp}),this.sendRequest({case:""offer"",value:sx(e,t)})}sendAnswer(e,t){return this.log.debug(""sending answer"",{answerSdp:e.sdp}),this.sendRequest({case:""answer"",valu"
bundles/144d3bae-2dd2a6d890344e42.js,1,websocket,"r||this.resetPingTimeout()}setReconnected(){for(;this.queuedRequests.length>0;){let e=this.queuedRequests.shift();e&&this.requestQueue.run(e)}}handleOnClose(e){return nY(this,void 0,void 0,function*(){if(this.state===A.DISCONNECTED)return;let t=this.onClose;yield this.close(void 0,e),this.log.info(""websocket connection closed: "".concat(e),{reason:e}),t&&t(e)})}handleWSError(e){this.log.error(""websocket error"",{error:e})}resetPingTimeout(){if(this.clearPingTimeout(),!this.pingTimeoutDuration)return void this.log.warn(""ping timeout duration not set"");this.pingTimeout=an.setTimeout(()=>{this.log.warn(""pin"
bundles/144d3bae-2dd2a6d890344e42.js,1,websocket,"dRequests.shift();e&&this.requestQueue.run(e)}}handleOnClose(e){return nY(this,void 0,void 0,function*(){if(this.state===A.DISCONNECTED)return;let t=this.onClose;yield this.close(void 0,e),this.log.info(""websocket connection closed: "".concat(e),{reason:e}),t&&t(e)})}handleWSError(e){this.log.error(""websocket error"",{error:e})}resetPingTimeout(){if(this.clearPingTimeout(),!this.pingTimeoutDuration)return void this.log.warn(""ping timeout duration not set"");this.pingTimeout=an.setTimeout(()=>{this.log.warn(""ping timeout triggered. last pong received at: "".concat(new Date(Date.now()-1e3*this.pingTimeoutDur"
bundles/144d3bae-2dd2a6d890344e42.js,1,websocket,"m does not exist""))return r3.notAllowed(n,i.status);return r3.serviceNotFound(""v1 RTC path not found. Consider upgrading your LiveKit server version"",""v0-rtc"");case 401:case 403:let r=yield i.text();return r3.notAllowed(r,i.status)}if(e instanceof r3)return e;return r3.internal(""Encountered unknown websocket error during connection: "".concat(e),{status:i.status,statusText:i.statusText})}catch(e){return e instanceof r3?e:r3.serverUnreachable(e instanceof Error?e.message:""server was not reachable"")}})}}function sN(e){let t={type:""offer"",sdp:e.sdp};switch(e.type){case""answer"":case""offer"":case""pranswer"":ca"
bundles/144d3bae-2dd2a6d890344e42.js,1,websocket,"ion:!0,voiceIsolation:!0},sY={deviceId:{ideal:""default""},resolution:ac.h720.resolution},sX={adaptiveStream:!1,dynacast:!1,stopLocalTrackOnUnpublish:!0,reconnectPolicy:new nQ,disconnectOnPageLeave:!0,webAudioMix:!1,singlePeerConnection:!0},sZ={autoSubscribe:!0,maxRetries:1,peerConnectionTimeout:15e3,websocketTimeout:15e3};!function(e){e[e.NEW=0]=""NEW"",e[e.CONNECTING=1]=""CONNECTING"",e[e.CONNECTED=2]=""CONNECTED"",e[e.FAILED=3]=""FAILED"",e[e.CLOSING=4]=""CLOSING"",e[e.CLOSED=5]=""CLOSED""}(B||(B={}));class s${get needsPublisher(){return this.isPublisherConnectionRequired}get needsSubscriber(){return this.isSubsc"
bundles/144d3bae-2dd2a6d890344e42.js,1,WebSocket,"s.publisherConnectionPromise||(this.publisherConnectionPromise=this.ensureDataTransportConnected(e,!1)),yield this.publisherConnectionPromise})}verifyTransport(){return!!this.pcManager&&!![B.CONNECTING,B.CONNECTED].includes(this.pcManager.currentState)&&!!this.client.ws&&this.client.ws.readyState!==WebSocket.CLOSED}negotiate(){return nY(this,void 0,void 0,function*(){return new rQ((e,t)=>nY(this,void 0,void 0,function*(){if(!this.pcManager)return void t(new r8(""PC manager is closed""));this.pcManager.requirePublisher(),0!=this.pcManager.publisher.getTransceivers().length||this.lossyDC||this.reliableDC||"
bundles/144d3bae-2dd2a6d890344e42.js,1,websocket,"(this,void 0,void 0,function*(){let s=yield i.join(e,t,{autoSubscribe:n.autoSubscribe,adaptiveStream:""object""==typeof r.adaptiveStream||r.adaptiveStream,clientInfoCapabilities:so(r.packetTrailer)||this.e2eeManager?[ir.CAP_PACKET_TRAILER]:void 0,maxRetries:n.maxRetries,e2eeEnabled:!!this.e2eeManager,websocketTimeout:n.websocketTimeout},a.signal,!r.singlePeerConnection),o=s.joinResponse,c=s.serverInfo;if(this.serverInfo=c,!c.version)throw new r6(""unknown server version"");return""0.15.1""===c.version&&this.options.dynacast&&(this.log.debug(""disabling dynacast due to server version""),r.dynacast=!1),o}),this."
bundles/144d3bae-2dd2a6d890344e42.js,1,websocket,",function*(){let s=yield i.join(e,t,{autoSubscribe:n.autoSubscribe,adaptiveStream:""object""==typeof r.adaptiveStream||r.adaptiveStream,clientInfoCapabilities:so(r.packetTrailer)||this.e2eeManager?[ir.CAP_PACKET_TRAILER]:void 0,maxRetries:n.maxRetries,e2eeEnabled:!!this.e2eeManager,websocketTimeout:n.websocketTimeout},a.signal,!r.singlePeerConnection),o=s.joinResponse,c=s.serverInfo;if(this.serverInfo=c,!c.version)throw new r6(""unknown server version"");return""0.15.1""===c.version&&this.options.dynacast&&(this.log.debug(""disabling dynacast due to server version""),r.dynacast=!1),o}),this.applyJoinResponse=e"
bundles/7026-d5f1da6b0d5e5c29.js,1,/api/,"e())));if(!n.ok)throw Error(""Contracts failed ["".concat(n.status,""]""));let a=await n.json();return m.set(t,{data:a,time:Date.now()}),a})().finally(()=>{f.delete(t)});return f.set(t,l),l}async function v(e){var t;let n=new URLSearchParams;e&&n.set(""kinds"",e);let a=n.toString(),l=await d("""".concat(o,""/api/ohlcv/symbols"").concat(a?""?"".concat(a):""""));if(!l.ok)throw Error(""Chart symbols failed ["".concat(l.status,""]""));return(null!=(t=(await l.json()).symbols)?t:[]).map(e=>{var t;return{...e,displayName:null!=(t=e.displayName)?t:""VIX""===e.name?""CVIX"":void 0}})}function y(e,t){if(t<=1)return e;let n=new M"
bundles/1576-b802384d65dd427f.js,1,/api/,",e,t,l,i,d?""replay"":""live"",d?null==c?void 0:c.toISOString():null],queryFn:async()=>{var r;let n=(r=i,/^\d{8}$/.test(r)?r:/^\d{4}-\d{2}-\d{2}$/.test(r)?r.replace(/-/g,""""):r),a=new URLSearchParams({symbol:e,dataType:t,strike:l.toString(),exp:n});d&&c&&a.set(""timestamp"",c.toISOString());let o=await s(""/api/velocity/history?"".concat(a));return{history:o.history,timestamps:o.timestamps,delta1Min:o.delta1Min,delta5Min:o.delta5Min,delta10Min:o.delta10Min,delta15Min:o.delta15Min,delta1Hour:o.delta1Hour,delta4Hour:o.delta4Hour,delta1Day:o.delta1Day,percent1Min:o.percent1Min,percent5Min:o.percent5Min,percent"
bundles/6614-bb93312999c77658.js,1,/api/,"_instance.persistence)||r.register({[sc]:Object.keys(sg(o)),[eK]:o}),this.pi()}getEarlyAccessFeatures(e,t,i){void 0===t&&(t=!1);var r=this._instance.get_property(eQ),s=i?""&""+i.map(e=>""stage=""+e).join(""&""):"""";if(r&&!t)return e(r);this._instance.ci({url:this._instance.requestRouter.endpointFor(""api"",""/api/early_access_features/?token=""+this._instance.config.token+s),method:""GET"",callback:t=>{var i,r;if(t.json){var s=t.json.earlyAccessFeatures;return null==(i=this._instance.persistence)||i.unregister(eQ),null==(r=this._instance.persistence)||r.register({[eQ]:s}),e(s)}}})}gi(){var e=this.getFlags(),t=t"
bundles/6614-bb93312999c77658.js,1,/api/,"urveys)return sI.info(""Disabled. Not loading surveys.""),e([]);var i=this._instance.get_property(e3);if(i&&!t)return e(i,{isLoaded:!0});if(this.Ji)return e([],{isLoaded:!1,error:""Surveys are already being loaded""});try{this.Ji=!0,this._instance.ci({url:this._instance.requestRouter.endpointFor(""api"",""/api/surveys/?token=""+this._instance.config.token),method:""GET"",timeout:this._instance.config.surveys_request_timeout_ms,callback:t=>{this.Ji=!1;var i=t.statusCode;if(200!==i||!t.json){var r=""Surveys API could not be loaded, status: ""+i;return sI.error(r),e([],{isLoaded:!1,error:r})}var s,n,a=t.json.surv"
bundles/6614-bb93312999c77658.js,1,/api/,"b_experiments||this.getWebExperimentsAndEvaluateDisplayLogic()}getWebExperiments(e,t,i){if(this._instance.config.disable_web_experiments&&!i)return e([]);var r=this._instance.get_property(""$web_experiments"");if(r&&!t)return e(r);this._instance.ci({url:this._instance.requestRouter.endpointFor(""api"",""/api/web_experiments/?token=""+this._instance.config.token),method:""GET"",callback:t=>200===t.statusCode&&t.json?e(t.json.experiments||[]):e([])})}ir(e,t,i){var r=i.filter(t=>t.id===e);r&&r.length>0&&(s6.Xe(""Previewing web experiment [""+r[0].name+""] with variant [""+t+""]""),this.Ze(r[0].name,t,r[0].variants["
bundles/9130-634f29a92d49fbd9.js,1,/api/,"s(""X-Guild-ID"")&&u.set(""X-Guild-ID"",i);let s=await fetch(t,{...n,headers:u});if(!s.ok){let e=""HTTP "".concat(s.status,"": "").concat(s.statusText);try{let r=await s.json();e=r.error||r.message||e}catch(e){}throw new o.er(e,s.status)}if(204!==s.status)return await s.json()}async function c(e){return l(""/api/nexus/coach/insights"",e)}async function y(e,r){return l(""/api/nexus/coach/insights/"".concat(encodeURIComponent(r),""/dismiss""),e,{method:""POST""})}async function m(e,r){return l(""/api/nexus/coach/insights/"".concat(encodeURIComponent(r),""/save""),e,{method:""POST""})}async function q(e,r){return l(""/api/n"
bundles/9130-634f29a92d49fbd9.js,1,/api/,".n,headers:u});if(!s.ok){let e=""HTTP "".concat(s.status,"": "").concat(s.statusText);try{let r=await s.json();e=r.error||r.message||e}catch(e){}throw new o.er(e,s.status)}if(204!==s.status)return await s.json()}async function c(e){return l(""/api/nexus/coach/insights"",e)}async function y(e,r){return l(""/api/nexus/coach/insights/"".concat(encodeURIComponent(r),""/dismiss""),e,{method:""POST""})}async function m(e,r){return l(""/api/nexus/coach/insights/"".concat(encodeURIComponent(r),""/save""),e,{method:""POST""})}async function q(e,r){return l(""/api/nexus/coach/insights/"".concat(encodeURIComponent(r),""/academy-c"
bundles/9130-634f29a92d49fbd9.js,1,/api/,"message||e}catch(e){}throw new o.er(e,s.status)}if(204!==s.status)return await s.json()}async function c(e){return l(""/api/nexus/coach/insights"",e)}async function y(e,r){return l(""/api/nexus/coach/insights/"".concat(encodeURIComponent(r),""/dismiss""),e,{method:""POST""})}async function m(e,r){return l(""/api/nexus/coach/insights/"".concat(encodeURIComponent(r),""/save""),e,{method:""POST""})}async function q(e,r){return l(""/api/nexus/coach/insights/"".concat(encodeURIComponent(r),""/academy-click""),e,{method:""POST""})}n(24646);let v={currentUser:()=>[""nexus"",""currentUser""],user:e=>[""nexus"",""user"",e],trades:e=>e"
bundles/9130-634f29a92d49fbd9.js,1,/api/,"""/api/nexus/coach/insights"",e)}async function y(e,r){return l(""/api/nexus/coach/insights/"".concat(encodeURIComponent(r),""/dismiss""),e,{method:""POST""})}async function m(e,r){return l(""/api/nexus/coach/insights/"".concat(encodeURIComponent(r),""/save""),e,{method:""POST""})}async function q(e,r){return l(""/api/nexus/coach/insights/"".concat(encodeURIComponent(r),""/academy-click""),e,{method:""POST""})}n(24646);let v={currentUser:()=>[""nexus"",""currentUser""],user:e=>[""nexus"",""user"",e],trades:e=>e?[""nexus"",""trades"",e]:[""nexus"",""trades""],trade:e=>[""nexus"",""trade"",e],tradePnlHistory:e=>[""nexus"",""trade"",e,""pnl-hist"
bundles/9130-634f29a92d49fbd9.js,1,/api/,"digest""]},f=null,K=0,Q=new Set,p=null;function g(e,r){e.setQueryData(v.trade(r.id),r),e.setQueriesData({queryKey:v.trades()},e=>e?{...e,trades:e.trades.map(e=>e.id===r.id?r:e)}:e)}async function x(e){return f||p?null!=p?p:Promise.resolve():p=(async()=>{let r=await e();if(!r||f)return;let n=new URL(""/api/nexus/sse/trades"",(0,o.wj)());n.searchParams.set(""token"",r);let t=new EventSource(n.toString());f=t,t.addEventListener(""pnl_update"",e=>{try{let r=JSON.parse(e.data);Q.forEach(e=>e(r))}catch(e){console.warn(""[nexus] failed to parse trade stream payload"",e)}}),t.onerror=()=>{null==f||f.close(),f=null,"
bundles/9130-634f29a92d49fbd9.js,1,EventSource,"e(r.id),r),e.setQueriesData({queryKey:v.trades()},e=>e?{...e,trades:e.trades.map(e=>e.id===r.id?r:e)}:e)}async function x(e){return f||p?null!=p?p:Promise.resolve():p=(async()=>{let r=await e();if(!r||f)return;let n=new URL(""/api/nexus/sse/trades"",(0,o.wj)());n.searchParams.set(""token"",r);let t=new EventSource(n.toString());f=t,t.addEventListener(""pnl_update"",e=>{try{let r=JSON.parse(e.data);Q.forEach(e=>e(r))}catch(e){console.warn(""[nexus] failed to parse trade stream payload"",e)}}),t.onerror=()=>{null==f||f.close(),f=null,p=null}})().finally(()=>{p=null})}function F(e){var r,n;let{getToken:u,isSignedIn"
bundles/9130-634f29a92d49fbd9.js,1,/api/,"guments[2]||arguments[2],{getToken:t}=(0,s.d)(),[u,i]=(0,a.useState)(void 0),[d,l]=(0,a.useState)(!1),c=(0,a.useRef)(null);return(0,a.useEffect)(()=>{if(!n||!e||!r)return void l(!1);let u=!1,s=e.trim().toUpperCase(),a=r.slice(0,10);return(async()=>{try{let e=await t();if(!e||u)return;let r=new URL(""/api/nexus/sse/options"",(0,o.wj)());r.searchParams.set(""ticker"",s),r.searchParams.set(""expiration"",a),r.searchParams.set(""token"",e);let n=new EventSource(r.toString());c.current=n;let d=e=>{try{let r=JSON.parse(e.data);u||(i(r),l(!0))}catch(e){console.warn(""[nexus] failed to parse options stream payload"""
bundles/9130-634f29a92d49fbd9.js,1,EventSource,"t)(()=>{if(!n||!e||!r)return void l(!1);let u=!1,s=e.trim().toUpperCase(),a=r.slice(0,10);return(async()=>{try{let e=await t();if(!e||u)return;let r=new URL(""/api/nexus/sse/options"",(0,o.wj)());r.searchParams.set(""ticker"",s),r.searchParams.set(""expiration"",a),r.searchParams.set(""token"",e);let n=new EventSource(r.toString());c.current=n;let d=e=>{try{let r=JSON.parse(e.data);u||(i(r),l(!0))}catch(e){console.warn(""[nexus] failed to parse options stream payload"",e)}};n.addEventListener(""initial_data"",d),n.addEventListener(""snapshot_update"",d),n.addEventListener(""connected"",()=>{u||l(!0)}),n.addEventListener"
bundles/layout-f8c87dfd0b87bada.js,1,/api/,"st;if(!e.includes(""localhost""))return"""".concat(window.location.protocol,""//"").concat(e);let t=M.env.NEXT_PUBLIC_API_BASE_URL;if(t&&""http://localhost:8080""!==t)return t}return M.env.NEXT_PUBLIC_API_BASE_URL||""http://localhost:8080""}();console.log(""[Push Manager] Saving subscription to:"","""".concat(n,""/api/push/subscribe""));let a=await fetch("""".concat(n,""/api/push/subscribe""),{method:""POST"",headers:{""Content-Type"":""application/json"",...t?{Authorization:""Bearer "".concat(t)}:{}},body:JSON.stringify({subscription:r})});if(!a.ok){let e=await a.json();return console.error(""[Push Manager] Failed to save sub"
bundles/layout-f8c87dfd0b87bada.js,1,/api/,"location.protocol,""//"").concat(e);let t=M.env.NEXT_PUBLIC_API_BASE_URL;if(t&&""http://localhost:8080""!==t)return t}return M.env.NEXT_PUBLIC_API_BASE_URL||""http://localhost:8080""}();console.log(""[Push Manager] Saving subscription to:"","""".concat(n,""/api/push/subscribe""));let a=await fetch("""".concat(n,""/api/push/subscribe""),{method:""POST"",headers:{""Content-Type"":""application/json"",...t?{Authorization:""Bearer "".concat(t)}:{}},body:JSON.stringify({subscription:r})});if(!a.ok){let e=await a.json();return console.error(""[Push Manager] Failed to save subscription:"",e),!1}let i=await a.json();return console."
bundles/layout-f8c87dfd0b87bada.js,1,EventSource,"label:""View"",onClick:()=>{window.location.href=o}}}:{}}),""undefined""!=typeof Notification&&""granted""===Notification.permission)try{new Notification(n,{body:a,tag:e.rule_id})}catch(e){}}(JSON.parse(e.data))}catch(e){}},s=async()=>{if(o.current)return;let e=await t();if(!e||o.current)return;let r=new EventSource((0,B.Vz)(e));n.current=r,r.onopen=()=>{i.current=0},r.addEventListener(""notification"",a),r.onmessage=a,r.onerror=()=>{if(r.close(),n.current=null,o.current)return;let e=Math.min(1e3*2**i.current,3e4);i.current+=1,window.setTimeout(s,e)}};return s(),()=>{o.current=!0,n.current&&(n.current.onerror=nu"
bundles/layout-f8c87dfd0b87bada.js,1,/api/,"{}throw new eN(e,i.status)}return await i.json()}function eC(e){var t;let{children:r}=e,{isLoaded:o,isSignedIn:s}=(0,j.d)(),{data:l,isLoading:c,isError:d,error:u,refetch:m}=function(){let{getToken:e,isSignedIn:t,userId:r}=(0,j.d)();return(0,eT.I)({queryKey:[""legal"",""terms-status"",r],queryFn:()=>eA(""/api/nexus/legal/terms-status"",e),enabled:!!t,staleTime:6e4,retry:3,retryDelay:e=>Math.min(1e3*2**e,8e3)})}(),g=function(){let{getToken:e}=(0,j.d)(),t=(0,i.jE)();return(0,eE.n)({mutationFn:()=>(function(e){let t=window.sessionStorage.getItem(""skylit-session-id"")||crypto.randomUUID();return t&&window.sess"
bundles/layout-f8c87dfd0b87bada.js,1,/api/,"Time:6e4,retry:3,retryDelay:e=>Math.min(1e3*2**e,8e3)})}(),g=function(){let{getToken:e}=(0,j.d)(),t=(0,i.jE)();return(0,eE.n)({mutationFn:()=>(function(e){let t=window.sessionStorage.getItem(""skylit-session-id"")||crypto.randomUUID();return t&&window.sessionStorage.setItem(""skylit-session-id"",t),eA(""/api/nexus/legal/terms-acceptance"",e,{method:""POST"",body:JSON.stringify({accepted:!0,termsVersion:""tos_2026_03_25"",termsContentHash:""sha256:9a5cb589761687a96895e49d9e7ec8fce35220aafdfd6b725804f6a846ca4607"",sessionId:t,appEnvironment:""production""})})})(e),onSuccess:()=>{t.invalidateQueries({queryKey:[""leg"
bundles/layout-f8c87dfd0b87bada.js,1,falcon,"hrome:()=>e({panelPosition:null,panelSize:null,panelOpacity:1,panelBlur:14,panelSheetHeight:null,bubblePosition:null,minSignal:.33},!1,""resetPanelChrome"")}),{name:""skylit-glitch-widget"",version:3,migrate:(e,t)=>{let r=null!=e?e:{};if(t<2&&(""talon""===r.activeTab&&""v2""===r.talonVariant&&(r.activeTab=""falcon""),delete r.talonVariant),t<3)try{let e=Number(localStorage.getItem(""skylit:lifecycle:balance-usd""));Number.isFinite(e)&&e>0&&(r.accountBalance=Math.max(0,e));let t=Number(localStorage.getItem(""skylit:lifecycle:risk-pct""));Number.isFinite(t)&&t>0&&(r.riskPct=Math.min(100,Math.max(.1,t)))}catch(e){}r"
bundles/layout-f8c87dfd0b87bada.js,1,heatseeker,"eByTool:t})});if(!r.ok)throw Error(""atlas-drawings PUT /presets → "".concat(r.status));return await r.json()}}},58752:(e,t,r)=>{""use strict"";r.d(t,{Fw:()=>h,II:()=>y,K_:()=>i,RJ:()=>o,UG:()=>f,Uy:()=>p,Vz:()=>u,r:()=>g,zd:()=>a});let n=[""SPY"",""SPX"",""SPXW"",""QQQ"",""IWM"",""VIX"",""DIA""],a=""https://whop.com/heatseeker"";function i(e){return[null==e?void 0:e.N,null==e?void 0:e.njord_access,null==e?void 0:e.njord_public_checkout].some(e=>null!==e&&""object""==typeof e&&!Array.isArray(e))}function o(e){return i(e)?{href:""/products"",label:""View plans"",external:!1}:{href:a,label:""Upgrade on Whop"",external:!0}}let s=new "
bundles/layout-f8c87dfd0b87bada.js,1,flowseeker," 0:e.njord_public_checkout].some(e=>null!==e&&""object""==typeof e&&!Array.isArray(e))}function o(e){return i(e)?{href:""/products"",label:""View plans"",external:!1}:{href:a,label:""Upgrade on Whop"",external:!0}}let s=new Set([""admin"",""portfolio_manager""]),l=new Set([""pro"",""protege"",""quant""]),c=new Set([""flowseeker"",""flowseeker-power-user"",""flowseeker-api-user"",""flowseeker-api-access""]),d=new Set([...l,""initiate"",...c]);function u(e,t){return!t||n.includes(e.toUpperCase())}function m(e){return e?Array.isArray(e)?e.map(e=>e.trim()):e.split("","").map(e=>e.trim()):[]}function g(e){return e?[...new Set([...m(e.rol"
bundles/layout-f8c87dfd0b87bada.js,1,flowseeker,"blic_checkout].some(e=>null!==e&&""object""==typeof e&&!Array.isArray(e))}function o(e){return i(e)?{href:""/products"",label:""View plans"",external:!1}:{href:a,label:""Upgrade on Whop"",external:!0}}let s=new Set([""admin"",""portfolio_manager""]),l=new Set([""pro"",""protege"",""quant""]),c=new Set([""flowseeker"",""flowseeker-power-user"",""flowseeker-api-user"",""flowseeker-api-access""]),d=new Set([...l,""initiate"",...c]);function u(e,t){return!t||n.includes(e.toUpperCase())}function m(e){return e?Array.isArray(e)?e.map(e=>e.trim()):e.split("","").map(e=>e.trim()):[]}function g(e){return e?[...new Set([...m(e.role),...m(e.rol"
bundles/layout-f8c87dfd0b87bada.js,1,flowseeker,"ull!==e&&""object""==typeof e&&!Array.isArray(e))}function o(e){return i(e)?{href:""/products"",label:""View plans"",external:!1}:{href:a,label:""Upgrade on Whop"",external:!0}}let s=new Set([""admin"",""portfolio_manager""]),l=new Set([""pro"",""protege"",""quant""]),c=new Set([""flowseeker"",""flowseeker-power-user"",""flowseeker-api-user"",""flowseeker-api-access""]),d=new Set([...l,""initiate"",...c]);function u(e,t){return!t||n.includes(e.toUpperCase())}function m(e){return e?Array.isArray(e)?e.map(e=>e.trim()):e.split("","").map(e=>e.trim()):[]}function g(e){return e?[...new Set([...m(e.role),...m(e.roles)].filter(Boolean))]:["
bundles/layout-f8c87dfd0b87bada.js,1,flowseeker,"eof e&&!Array.isArray(e))}function o(e){return i(e)?{href:""/products"",label:""View plans"",external:!1}:{href:a,label:""Upgrade on Whop"",external:!0}}let s=new Set([""admin"",""portfolio_manager""]),l=new Set([""pro"",""protege"",""quant""]),c=new Set([""flowseeker"",""flowseeker-power-user"",""flowseeker-api-user"",""flowseeker-api-access""]),d=new Set([...l,""initiate"",...c]);function u(e,t){return!t||n.includes(e.toUpperCase())}function m(e){return e?Array.isArray(e)?e.map(e=>e.trim()):e.split("","").map(e=>e.trim()):[]}function g(e){return e?[...new Set([...m(e.role),...m(e.roles)].filter(Boolean))]:[]}function f(e){let t,"
bundles/layout-f8c87dfd0b87bada.js,1,flowseeker,"urn e?Array.isArray(e)?e.map(e=>e.trim()):e.split("","").map(e=>e.trim()):[]}function g(e){return e?[...new Set([...m(e.role),...m(e.roles)].filter(Boolean))]:[]}function f(e){let t,r=g(e),n=r.some(e=>s.has(e)),a=r.some(e=>d.has(e));return t=n?""staff"":r.some(e=>l.has(e))?""higher"":r.some(e=>c.has(e))?""flowseeker"":r.includes(""initiate"")?""initiate"":r.includes(""community"")?""community"":""free"",{roles:r,isStaff:n,isPaying:a,tier:t}}function h(e,t){var r,n;let a=m(e),i=null!=(r=null==t?void 0:t.isSignedIn)&&r,o=null!=(n=null==t?void 0:t.isNjordManaged)&&n,d=!!(null==t?void 0:t.adminOverride)||a.some(e=>s.has(e)),"
bundles/layout-f8c87dfd0b87bada.js,1,flowseeker,"n=null==t?void 0:t.isNjordManaged)&&n,d=!!(null==t?void 0:t.adminOverride)||a.some(e=>s.has(e)),u=d||a.some(e=>l.has(e)),g=!u&&a.includes(""initiate""),f=a.includes(""community"")&&!u&&!a.includes(""initiate""),h=a.some(e=>c.has(e)),p=u||h||a.includes(""community"")||a.includes(""initiate""),y=d||a.includes(""flowseeker-power-user""),v=d||a.includes(""flowseeker-power-user""),w=d||a.includes(""flowseeker-api-user"")||a.includes(""flowseeker-api-access""),b=u||a.includes(""initiate"");return{roles:a,isAdmin:d,isInitiate:g,isCommunityOnly:f,canAccessHeatseeker:!f&&(!o||b),canAccessCharts:i&&!g&&!f&&(!o||u),canAccessFlowseeke"
bundles/layout-f8c87dfd0b87bada.js,1,flowseeker,"!(null==t?void 0:t.adminOverride)||a.some(e=>s.has(e)),u=d||a.some(e=>l.has(e)),g=!u&&a.includes(""initiate""),f=a.includes(""community"")&&!u&&!a.includes(""initiate""),h=a.some(e=>c.has(e)),p=u||h||a.includes(""community"")||a.includes(""initiate""),y=d||a.includes(""flowseeker-power-user""),v=d||a.includes(""flowseeker-power-user""),w=d||a.includes(""flowseeker-api-user"")||a.includes(""flowseeker-api-access""),b=u||a.includes(""initiate"");return{roles:a,isAdmin:d,isInitiate:g,isCommunityOnly:f,canAccessHeatseeker:!f&&(!o||b),canAccessCharts:i&&!g&&!f&&(!o||u),canAccessFlowseekerBase:p,canAccessFlowseekerSettings:d||v|"
bundles/layout-f8c87dfd0b87bada.js,1,flowseeker,"(e=>s.has(e)),u=d||a.some(e=>l.has(e)),g=!u&&a.includes(""initiate""),f=a.includes(""community"")&&!u&&!a.includes(""initiate""),h=a.some(e=>c.has(e)),p=u||h||a.includes(""community"")||a.includes(""initiate""),y=d||a.includes(""flowseeker-power-user""),v=d||a.includes(""flowseeker-power-user""),w=d||a.includes(""flowseeker-api-user"")||a.includes(""flowseeker-api-access""),b=u||a.includes(""initiate"");return{roles:a,isAdmin:d,isInitiate:g,isCommunityOnly:f,canAccessHeatseeker:!f&&(!o||b),canAccessCharts:i&&!g&&!f&&(!o||u),canAccessFlowseekerBase:p,canAccessFlowseekerSettings:d||v||w,canAccessFlowseekerDiscord:v,canAccess"
bundles/layout-f8c87dfd0b87bada.js,1,flowseeker,"e)),g=!u&&a.includes(""initiate""),f=a.includes(""community"")&&!u&&!a.includes(""initiate""),h=a.some(e=>c.has(e)),p=u||h||a.includes(""community"")||a.includes(""initiate""),y=d||a.includes(""flowseeker-power-user""),v=d||a.includes(""flowseeker-power-user""),w=d||a.includes(""flowseeker-api-user"")||a.includes(""flowseeker-api-access""),b=u||a.includes(""initiate"");return{roles:a,isAdmin:d,isInitiate:g,isCommunityOnly:f,canAccessHeatseeker:!f&&(!o||b),canAccessCharts:i&&!g&&!f&&(!o||u),canAccessFlowseekerBase:p,canAccessFlowseekerSettings:d||v||w,canAccessFlowseekerDiscord:v,canAccessFlowseekerApiKeys:w,canShareFlowsee"
bundles/layout-f8c87dfd0b87bada.js,1,Heatseeker,"|a.includes(""community"")||a.includes(""initiate""),y=d||a.includes(""flowseeker-power-user""),v=d||a.includes(""flowseeker-power-user""),w=d||a.includes(""flowseeker-api-user"")||a.includes(""flowseeker-api-access""),b=u||a.includes(""initiate"");return{roles:a,isAdmin:d,isInitiate:g,isCommunityOnly:f,canAccessHeatseeker:!f&&(!o||b),canAccessCharts:i&&!g&&!f&&(!o||u),canAccessFlowseekerBase:p,canAccessFlowseekerSettings:d||v||w,canAccessFlowseekerDiscord:v,canAccessFlowseekerApiKeys:w,canShareFlowseeker:y}}function p(e){return h(e).isInitiate}function y(e){return g(e).includes(""pro"")}},60080:(e,t,r)=>{""use strict"";"
bundles/layout-f8c87dfd0b87bada.js,1,Flowseeker,"lowseeker-power-user""),v=d||a.includes(""flowseeker-power-user""),w=d||a.includes(""flowseeker-api-user"")||a.includes(""flowseeker-api-access""),b=u||a.includes(""initiate"");return{roles:a,isAdmin:d,isInitiate:g,isCommunityOnly:f,canAccessHeatseeker:!f&&(!o||b),canAccessCharts:i&&!g&&!f&&(!o||u),canAccessFlowseekerBase:p,canAccessFlowseekerSettings:d||v||w,canAccessFlowseekerDiscord:v,canAccessFlowseekerApiKeys:w,canShareFlowseeker:y}}function p(e){return h(e).isInitiate}function y(e){return g(e).includes(""pro"")}},60080:(e,t,r)=>{""use strict"";r.d(t,{j:()=>i});var n=r(26614);let a=""phc_Ah3mygf0T1L1w9C77ZlkZ21S"
bundles/layout-f8c87dfd0b87bada.js,1,Flowseeker,"||a.includes(""flowseeker-power-user""),w=d||a.includes(""flowseeker-api-user"")||a.includes(""flowseeker-api-access""),b=u||a.includes(""initiate"");return{roles:a,isAdmin:d,isInitiate:g,isCommunityOnly:f,canAccessHeatseeker:!f&&(!o||b),canAccessCharts:i&&!g&&!f&&(!o||u),canAccessFlowseekerBase:p,canAccessFlowseekerSettings:d||v||w,canAccessFlowseekerDiscord:v,canAccessFlowseekerApiKeys:w,canShareFlowseeker:y}}function p(e){return h(e).isInitiate}function y(e){return g(e).includes(""pro"")}},60080:(e,t,r)=>{""use strict"";r.d(t,{j:()=>i});var n=r(26614);let a=""phc_Ah3mygf0T1L1w9C77ZlkZ21S7j5n2TjKVflfrLejkcm"";a?(n."
bundles/layout-f8c87dfd0b87bada.js,1,Flowseeker,"),w=d||a.includes(""flowseeker-api-user"")||a.includes(""flowseeker-api-access""),b=u||a.includes(""initiate"");return{roles:a,isAdmin:d,isInitiate:g,isCommunityOnly:f,canAccessHeatseeker:!f&&(!o||b),canAccessCharts:i&&!g&&!f&&(!o||u),canAccessFlowseekerBase:p,canAccessFlowseekerSettings:d||v||w,canAccessFlowseekerDiscord:v,canAccessFlowseekerApiKeys:w,canShareFlowseeker:y}}function p(e){return h(e).isInitiate}function y(e){return g(e).includes(""pro"")}},60080:(e,t,r)=>{""use strict"";r.d(t,{j:()=>i});var n=r(26614);let a=""phc_Ah3mygf0T1L1w9C77ZlkZ21S7j5n2TjKVflfrLejkcm"";a?(n.default.init(a,{api_host:""https://us"
bundles/layout-f8c87dfd0b87bada.js,1,Flowseeker,"-api-user"")||a.includes(""flowseeker-api-access""),b=u||a.includes(""initiate"");return{roles:a,isAdmin:d,isInitiate:g,isCommunityOnly:f,canAccessHeatseeker:!f&&(!o||b),canAccessCharts:i&&!g&&!f&&(!o||u),canAccessFlowseekerBase:p,canAccessFlowseekerSettings:d||v||w,canAccessFlowseekerDiscord:v,canAccessFlowseekerApiKeys:w,canShareFlowseeker:y}}function p(e){return h(e).isInitiate}function y(e){return g(e).includes(""pro"")}},60080:(e,t,r)=>{""use strict"";r.d(t,{j:()=>i});var n=r(26614);let a=""phc_Ah3mygf0T1L1w9C77ZlkZ21S7j5n2TjKVflfrLejkcm"";a?(n.default.init(a,{api_host:""https://us.i.posthog.com"",autocapture:!"
bundles/layout-f8c87dfd0b87bada.js,1,Flowseeker,"wseeker-api-access""),b=u||a.includes(""initiate"");return{roles:a,isAdmin:d,isInitiate:g,isCommunityOnly:f,canAccessHeatseeker:!f&&(!o||b),canAccessCharts:i&&!g&&!f&&(!o||u),canAccessFlowseekerBase:p,canAccessFlowseekerSettings:d||v||w,canAccessFlowseekerDiscord:v,canAccessFlowseekerApiKeys:w,canShareFlowseeker:y}}function p(e){return h(e).isInitiate}function y(e){return g(e).includes(""pro"")}},60080:(e,t,r)=>{""use strict"";r.d(t,{j:()=>i});var n=r(26614);let a=""phc_Ah3mygf0T1L1w9C77ZlkZ21S7j5n2TjKVflfrLejkcm"";a?(n.default.init(a,{api_host:""https://us.i.posthog.com"",autocapture:!0,capture_pageview:!0,captur"
bundles/layout-f8c87dfd0b87bada.js,1,flowseeker,",chartLayouts:{all:[""chart-layouts""],list:()=>[...a.chartLayouts.all,""list""]},health:{all:[""health""],status:()=>[...a.health.all,""status""]},statusNotifications:{all:[""status-notifications""],list:()=>[""status-notifications"",""list""]},megaphone:{all:[""megaphone""],webhooks:()=>[""megaphone"",""webhooks""]},flowseeker:{all:[""flowseeker""],screener:{all:[""flowseeker"",""screener""],daily:e=>[""flowseeker"",""screener"",""daily"",e],scoped:(e,t)=>[""flowseeker"",""screener"",e,t]}}}},98907:(e,t,r)=>{""use strict"";r.d(t,{D:()=>o});var n=r(12115),a=r(55485),i=r(86666);function o(){let{themeMode:e,setThemeMode:t,isDark:r,theme:o,mo"
bundles/layout-f8c87dfd0b87bada.js,1,flowseeker,":[""chart-layouts""],list:()=>[...a.chartLayouts.all,""list""]},health:{all:[""health""],status:()=>[...a.health.all,""status""]},statusNotifications:{all:[""status-notifications""],list:()=>[""status-notifications"",""list""]},megaphone:{all:[""megaphone""],webhooks:()=>[""megaphone"",""webhooks""]},flowseeker:{all:[""flowseeker""],screener:{all:[""flowseeker"",""screener""],daily:e=>[""flowseeker"",""screener"",""daily"",e],scoped:(e,t)=>[""flowseeker"",""screener"",e,t]}}}},98907:(e,t,r)=>{""use strict"";r.d(t,{D:()=>o});var n=r(12115),a=r(55485),i=r(86666);function o(){let{themeMode:e,setThemeMode:t,isDark:r,theme:o,monoFont:s}=(0,a.DP)"
bundles/layout-f8c87dfd0b87bada.js,1,flowseeker,"...a.chartLayouts.all,""list""]},health:{all:[""health""],status:()=>[...a.health.all,""status""]},statusNotifications:{all:[""status-notifications""],list:()=>[""status-notifications"",""list""]},megaphone:{all:[""megaphone""],webhooks:()=>[""megaphone"",""webhooks""]},flowseeker:{all:[""flowseeker""],screener:{all:[""flowseeker"",""screener""],daily:e=>[""flowseeker"",""screener"",""daily"",e],scoped:(e,t)=>[""flowseeker"",""screener"",e,t]}}}},98907:(e,t,r)=>{""use strict"";r.d(t,{D:()=>o});var n=r(12115),a=r(55485),i=r(86666);function o(){let{themeMode:e,setThemeMode:t,isDark:r,theme:o,monoFont:s}=(0,a.DP)(),l=(0,i.Z9)(e),c=(0,n.useCa"
bundles/layout-f8c87dfd0b87bada.js,1,flowseeker,"th:{all:[""health""],status:()=>[...a.health.all,""status""]},statusNotifications:{all:[""status-notifications""],list:()=>[""status-notifications"",""list""]},megaphone:{all:[""megaphone""],webhooks:()=>[""megaphone"",""webhooks""]},flowseeker:{all:[""flowseeker""],screener:{all:[""flowseeker"",""screener""],daily:e=>[""flowseeker"",""screener"",""daily"",e],scoped:(e,t)=>[""flowseeker"",""screener"",e,t]}}}},98907:(e,t,r)=>{""use strict"";r.d(t,{D:()=>o});var n=r(12115),a=r(55485),i=r(86666);function o(){let{themeMode:e,setThemeMode:t,isDark:r,theme:o,monoFont:s}=(0,a.DP)(),l=(0,i.Z9)(e),c=(0,n.useCallback)(()=>{""system""===e?t(""dark"")"
bundles/layout-f8c87dfd0b87bada.js,1,flowseeker,"atus""]},statusNotifications:{all:[""status-notifications""],list:()=>[""status-notifications"",""list""]},megaphone:{all:[""megaphone""],webhooks:()=>[""megaphone"",""webhooks""]},flowseeker:{all:[""flowseeker""],screener:{all:[""flowseeker"",""screener""],daily:e=>[""flowseeker"",""screener"",""daily"",e],scoped:(e,t)=>[""flowseeker"",""screener"",e,t]}}}},98907:(e,t,r)=>{""use strict"";r.d(t,{D:()=>o});var n=r(12115),a=r(55485),i=r(86666);function o(){let{themeMode:e,setThemeMode:t,isDark:r,theme:o,monoFont:s}=(0,a.DP)(),l=(0,i.Z9)(e),c=(0,n.useCallback)(()=>{""system""===e?t(""dark""):""dark""===e?t(""light""):""light""===e?t(""dark""):""dark"
bundles/4338-2835906ea9e42f40.js,1,/api/,"sage||n.error||t}catch(e){}throw new s(t,e.status)}if(204===e.status)return;return await e.json()}catch(e){if(e instanceof s||e instanceof DOMException&&""AbortError""===e.name)throw e;throw new s(""Network error: "".concat(e instanceof Error?e.message:""Unknown error""),0)}}async function d(e){return c(""/api/nexus/users/me"",e)}async function u(e){let t=arguments.length>1&&void 0!==arguments[1]?arguments[1]:{},n=new URLSearchParams;t.agentSlug&&n.set(""agent"",t.agentSlug),t.ticker&&n.set(""ticker"",t.ticker),t.direction&&n.set(""direction"",t.direction),t.status&&n.set(""status"",t.status),void 0!==t.limit&&n.s"
bundles/4338-2835906ea9e42f40.js,1,/api/,"URLSearchParams;t.agentSlug&&n.set(""agent"",t.agentSlug),t.ticker&&n.set(""ticker"",t.ticker),t.direction&&n.set(""direction"",t.direction),t.status&&n.set(""status"",t.status),void 0!==t.limit&&n.set(""limit"",String(t.limit)),void 0!==t.offset&&n.set(""offset"",String(t.offset));let a=n.toString();return c(""/api/nexus/agent-setups"".concat(a?""?"".concat(a):""""),e,{skipGuildHeader:!0})}async function l(e,t){let n=arguments.length>2&&void 0!==arguments[2]?arguments[2]:{};return c(""/api/nexus/agent-scans/"".concat(encodeURIComponent(t),""/run""),e,{method:""POST"",headers:{""Content-Type"":""application/json""},body:JSON."
bundles/4338-2835906ea9e42f40.js,1,/api/,"id 0!==t.limit&&n.set(""limit"",String(t.limit)),void 0!==t.offset&&n.set(""offset"",String(t.offset));let a=n.toString();return c(""/api/nexus/agent-setups"".concat(a?""?"".concat(a):""""),e,{skipGuildHeader:!0})}async function l(e,t){let n=arguments.length>2&&void 0!==arguments[2]?arguments[2]:{};return c(""/api/nexus/agent-scans/"".concat(encodeURIComponent(t),""/run""),e,{method:""POST"",headers:{""Content-Type"":""application/json""},body:JSON.stringify(n),skipGuildHeader:!0})}async function p(e,t){return c(""/api/nexus/users/me"",e,{method:""PUT"",headers:{""Content-Type"":""application/json""},body:JSON.stringify(t)})}"
bundles/4338-2835906ea9e42f40.js,1,/api/,"!0})}async function l(e,t){let n=arguments.length>2&&void 0!==arguments[2]?arguments[2]:{};return c(""/api/nexus/agent-scans/"".concat(encodeURIComponent(t),""/run""),e,{method:""POST"",headers:{""Content-Type"":""application/json""},body:JSON.stringify(n),skipGuildHeader:!0})}async function p(e,t){return c(""/api/nexus/users/me"",e,{method:""PUT"",headers:{""Content-Type"":""application/json""},body:JSON.stringify(t)})}async function m(e,t){return c(""/api/nexus/users/"".concat(encodeURIComponent(t)),e)}async function y(e,t){return c(""/api/nexus/users/by-username/"".concat(encodeURIComponent(t)),e)}async function f(e,"
bundles/4338-2835906ea9e42f40.js,1,/api/,"eURIComponent(t),""/run""),e,{method:""POST"",headers:{""Content-Type"":""application/json""},body:JSON.stringify(n),skipGuildHeader:!0})}async function p(e,t){return c(""/api/nexus/users/me"",e,{method:""PUT"",headers:{""Content-Type"":""application/json""},body:JSON.stringify(t)})}async function m(e,t){return c(""/api/nexus/users/"".concat(encodeURIComponent(t)),e)}async function y(e,t){return c(""/api/nexus/users/by-username/"".concat(encodeURIComponent(t)),e)}async function f(e,t){let n=new URLSearchParams;(null==t?void 0:t.ticker)&&n.append(""ticker"",t.ticker),(null==t?void 0:t.status)&&n.append(""status"",t.status)"
bundles/4338-2835906ea9e42f40.js,1,/api/,"},body:JSON.stringify(n),skipGuildHeader:!0})}async function p(e,t){return c(""/api/nexus/users/me"",e,{method:""PUT"",headers:{""Content-Type"":""application/json""},body:JSON.stringify(t)})}async function m(e,t){return c(""/api/nexus/users/"".concat(encodeURIComponent(t)),e)}async function y(e,t){return c(""/api/nexus/users/by-username/"".concat(encodeURIComponent(t)),e)}async function f(e,t){let n=new URLSearchParams;(null==t?void 0:t.ticker)&&n.append(""ticker"",t.ticker),(null==t?void 0:t.status)&&n.append(""status"",t.status),(null==t?void 0:t.userId)&&n.append(""userId"",t.userId),(null==t?void 0:t.limit)!==v"
bundles/4338-2835906ea9e42f40.js,1,/api/,"er"",t.ticker),(null==t?void 0:t.status)&&n.append(""status"",t.status),(null==t?void 0:t.userId)&&n.append(""userId"",t.userId),(null==t?void 0:t.limit)!==void 0&&n.append(""limit"",t.limit.toString()),(null==t?void 0:t.offset)!==void 0&&n.append(""offset"",t.offset.toString());let a=n.toString();return c(""/api/nexus/trades"".concat(a?""?"".concat(a):""""),e)}async function g(e,t,n){let a=arguments.length>3&&void 0!==arguments[3]&&arguments[3],i=new URLSearchParams;return i.set(""ticker"",t),i.set(""scope"",n),a&&i.set(""includeClosed"",""true""),c(""/api/nexus/chart/positions?"".concat(i.toString()),e)}async function h("
bundles/4338-2835906ea9e42f40.js,1,/api/,"ppend(""offset"",t.offset.toString());let a=n.toString();return c(""/api/nexus/trades"".concat(a?""?"".concat(a):""""),e)}async function g(e,t,n){let a=arguments.length>3&&void 0!==arguments[3]&&arguments[3],i=new URLSearchParams;return i.set(""ticker"",t),i.set(""scope"",n),a&&i.set(""includeClosed"",""true""),c(""/api/nexus/chart/positions?"".concat(i.toString()),e)}async function h(e,t){return c(""/api/nexus/trades/"".concat(encodeURIComponent(t)),e)}async function T(e,t,n){let a=new URLSearchParams;(null==n?void 0:n.limit)!==void 0&&a.append(""limit"",n.limit.toString());let i=a.toString();try{return await c(""/api/n"
bundles/4338-2835906ea9e42f40.js,1,/api/,"oncat(a?""?"".concat(a):""""),e)}async function g(e,t,n){let a=arguments.length>3&&void 0!==arguments[3]&&arguments[3],i=new URLSearchParams;return i.set(""ticker"",t),i.set(""scope"",n),a&&i.set(""includeClosed"",""true""),c(""/api/nexus/chart/positions?"".concat(i.toString()),e)}async function h(e,t){return c(""/api/nexus/trades/"".concat(encodeURIComponent(t)),e)}async function T(e,t,n){let a=new URLSearchParams;(null==n?void 0:n.limit)!==void 0&&a.append(""limit"",n.limit.toString());let i=a.toString();try{return await c(""/api/nexus/trades/"".concat(encodeURIComponent(t),""/pnl-history"").concat(i?""?"".concat(i):"""")"
bundles/4338-2835906ea9e42f40.js,1,/api/,"""/api/nexus/chart/positions?"".concat(i.toString()),e)}async function h(e,t){return c(""/api/nexus/trades/"".concat(encodeURIComponent(t)),e)}async function T(e,t,n){let a=new URLSearchParams;(null==n?void 0:n.limit)!==void 0&&a.append(""limit"",n.limit.toString());let i=a.toString();try{return await c(""/api/nexus/trades/"".concat(encodeURIComponent(t),""/pnl-history"").concat(i?""?"".concat(i):""""),e)}catch(e){if(e instanceof s&&404===e.status)return[];throw e}}async function C(e,t){let{guildId:n,...a}=t;return c(""/api/nexus/trades"",e,{method:""POST"",headers:{""Content-Type"":""application/json"",...n?{""X-Guild-I"
bundles/4338-2835906ea9e42f40.js,1,/api/,"it)!==void 0&&a.append(""limit"",n.limit.toString());let i=a.toString();try{return await c(""/api/nexus/trades/"".concat(encodeURIComponent(t),""/pnl-history"").concat(i?""?"".concat(i):""""),e)}catch(e){if(e instanceof s&&404===e.status)return[];throw e}}async function C(e,t){let{guildId:n,...a}=t;return c(""/api/nexus/trades"",e,{method:""POST"",headers:{""Content-Type"":""application/json"",...n?{""X-Guild-ID"":n}:{}},body:JSON.stringify(a)})}async function S(e,t,n){return c(""/api/nexus/trades/"".concat(encodeURIComponent(t),""/entries""),e,{method:""POST"",headers:{""Content-Type"":""application/json""},body:JSON.stringify"
bundles/4338-2835906ea9e42f40.js,1,/api/,"""?"".concat(i):""""),e)}catch(e){if(e instanceof s&&404===e.status)return[];throw e}}async function C(e,t){let{guildId:n,...a}=t;return c(""/api/nexus/trades"",e,{method:""POST"",headers:{""Content-Type"":""application/json"",...n?{""X-Guild-ID"":n}:{}},body:JSON.stringify(a)})}async function S(e,t,n){return c(""/api/nexus/trades/"".concat(encodeURIComponent(t),""/entries""),e,{method:""POST"",headers:{""Content-Type"":""application/json""},body:JSON.stringify(n)})}async function x(e,t,n){return c(""/api/nexus/trades/"".concat(encodeURIComponent(t),""/exits""),e,{method:""POST"",headers:{""Content-Type"":""application/json""},body"
bundles/4338-2835906ea9e42f40.js,1,/api/,"""Content-Type"":""application/json"",...n?{""X-Guild-ID"":n}:{}},body:JSON.stringify(a)})}async function S(e,t,n){return c(""/api/nexus/trades/"".concat(encodeURIComponent(t),""/entries""),e,{method:""POST"",headers:{""Content-Type"":""application/json""},body:JSON.stringify(n)})}async function x(e,t,n){return c(""/api/nexus/trades/"".concat(encodeURIComponent(t),""/exits""),e,{method:""POST"",headers:{""Content-Type"":""application/json""},body:JSON.stringify(n)})}async function k(e,t,n,a){return c(""/api/nexus/"".concat(encodeURIComponent(t),""/"").concat(encodeURIComponent(n),""/reactions""),e,{method:""POST"",headers:{""Content"
bundles/4338-2835906ea9e42f40.js,1,/api/,",{method:""POST"",headers:{""Content-Type"":""application/json""},body:JSON.stringify(n)})}async function x(e,t,n){return c(""/api/nexus/trades/"".concat(encodeURIComponent(t),""/exits""),e,{method:""POST"",headers:{""Content-Type"":""application/json""},body:JSON.stringify(n)})}async function k(e,t,n,a){return c(""/api/nexus/"".concat(encodeURIComponent(t),""/"").concat(encodeURIComponent(n),""/reactions""),e,{method:""POST"",headers:{""Content-Type"":""application/json""},body:JSON.stringify({reaction:a})})}async function v(e,t,n){return c(""/api/nexus/"".concat(encodeURIComponent(t),""/"").concat(encodeURIComponent(n),""/bookma"
bundles/4338-2835906ea9e42f40.js,1,/api/,"pplication/json""},body:JSON.stringify(n)})}async function k(e,t,n,a){return c(""/api/nexus/"".concat(encodeURIComponent(t),""/"").concat(encodeURIComponent(n),""/reactions""),e,{method:""POST"",headers:{""Content-Type"":""application/json""},body:JSON.stringify({reaction:a})})}async function v(e,t,n){return c(""/api/nexus/"".concat(encodeURIComponent(t),""/"").concat(encodeURIComponent(n),""/bookmark""),e,{method:""POST"",headers:{""Content-Type"":""application/json""},body:JSON.stringify({})})}async function I(e,t){return c(""/api/nexus/users/"".concat(encodeURIComponent(t),""/follow""),e,{method:""POST""})}async function P(e,"
bundles/4338-2835906ea9e42f40.js,1,/api/,""":""application/json""},body:JSON.stringify({reaction:a})})}async function v(e,t,n){return c(""/api/nexus/"".concat(encodeURIComponent(t),""/"").concat(encodeURIComponent(n),""/bookmark""),e,{method:""POST"",headers:{""Content-Type"":""application/json""},body:JSON.stringify({})})}async function I(e,t){return c(""/api/nexus/users/"".concat(encodeURIComponent(t),""/follow""),e,{method:""POST""})}async function P(e,t){return c(""/api/nexus/users/"".concat(encodeURIComponent(t),""/follow""),e,{method:""DELETE""})}async function w(e){var t;return null!=(t=(await c(""/api/nexus/users/me/following"",e)).following)?t:[]}async functi"
bundles/4338-2835906ea9e42f40.js,1,/api/,"t(encodeURIComponent(t),""/"").concat(encodeURIComponent(n),""/bookmark""),e,{method:""POST"",headers:{""Content-Type"":""application/json""},body:JSON.stringify({})})}async function I(e,t){return c(""/api/nexus/users/"".concat(encodeURIComponent(t),""/follow""),e,{method:""POST""})}async function P(e,t){return c(""/api/nexus/users/"".concat(encodeURIComponent(t),""/follow""),e,{method:""DELETE""})}async function w(e){var t;return null!=(t=(await c(""/api/nexus/users/me/following"",e)).following)?t:[]}async function R(e,t,n){return(await c(""/api/nexus/"".concat(encodeURIComponent(t),""/"").concat(encodeURIComponent(n),""/comm"
bundles/4338-2835906ea9e42f40.js,1,/api/,"body:JSON.stringify({})})}async function I(e,t){return c(""/api/nexus/users/"".concat(encodeURIComponent(t),""/follow""),e,{method:""POST""})}async function P(e,t){return c(""/api/nexus/users/"".concat(encodeURIComponent(t),""/follow""),e,{method:""DELETE""})}async function w(e){var t;return null!=(t=(await c(""/api/nexus/users/me/following"",e)).following)?t:[]}async function R(e,t,n){return(await c(""/api/nexus/"".concat(encodeURIComponent(t),""/"").concat(encodeURIComponent(n),""/comments""),e)).comments}async function A(e,t,n,a,i){return c(""/api/nexus/"".concat(encodeURIComponent(t),""/"").concat(encodeURIComponent(n"
bundles/4338-2835906ea9e42f40.js,1,/api/,"RIComponent(t),""/follow""),e,{method:""POST""})}async function P(e,t){return c(""/api/nexus/users/"".concat(encodeURIComponent(t),""/follow""),e,{method:""DELETE""})}async function w(e){var t;return null!=(t=(await c(""/api/nexus/users/me/following"",e)).following)?t:[]}async function R(e,t,n){return(await c(""/api/nexus/"".concat(encodeURIComponent(t),""/"").concat(encodeURIComponent(n),""/comments""),e)).comments}async function A(e,t,n,a,i){return c(""/api/nexus/"".concat(encodeURIComponent(t),""/"").concat(encodeURIComponent(n),""/comments""),e,{method:""POST"",headers:{""Content-Type"":""application/json""},body:JSON.strin"
bundles/4338-2835906ea9e42f40.js,1,/api/,"ethod:""DELETE""})}async function w(e){var t;return null!=(t=(await c(""/api/nexus/users/me/following"",e)).following)?t:[]}async function R(e,t,n){return(await c(""/api/nexus/"".concat(encodeURIComponent(t),""/"").concat(encodeURIComponent(n),""/comments""),e)).comments}async function A(e,t,n,a,i){return c(""/api/nexus/"".concat(encodeURIComponent(t),""/"").concat(encodeURIComponent(n),""/comments""),e,{method:""POST"",headers:{""Content-Type"":""application/json""},body:JSON.stringify({content:a,parentId:i})})}async function b(e,t){let n=new URLSearchParams;(null==t?void 0:t.ticker)&&n.append(""ticker"",t.ticker),(null="
bundles/4338-2835906ea9e42f40.js,1,/api/,"tion/json""},body:JSON.stringify({content:a,parentId:i})})}async function b(e,t){let n=new URLSearchParams;(null==t?void 0:t.ticker)&&n.append(""ticker"",t.ticker),(null==t?void 0:t.status)&&n.append(""status"",t.status),(null==t?void 0:t.userId)&&n.append(""userId"",t.userId);let a=n.toString();return c(""/api/nexus/ideas"".concat(a?""?"".concat(a):""""),e)}async function _(e,t){return c(""/api/nexus/ideas"",e,{method:""POST"",headers:{""Content-Type"":""application/json""},body:JSON.stringify(t)})}async function U(e,t){let n=new URLSearchParams;(null==t?void 0:t.tab)&&n.append(""tab"",t.tab),(null==t?void 0:t.ticker)&&"
bundles/4338-2835906ea9e42f40.js,1,/api/,"let n=new URLSearchParams;(null==t?void 0:t.ticker)&&n.append(""ticker"",t.ticker),(null==t?void 0:t.status)&&n.append(""status"",t.status),(null==t?void 0:t.userId)&&n.append(""userId"",t.userId);let a=n.toString();return c(""/api/nexus/ideas"".concat(a?""?"".concat(a):""""),e)}async function _(e,t){return c(""/api/nexus/ideas"",e,{method:""POST"",headers:{""Content-Type"":""application/json""},body:JSON.stringify(t)})}async function U(e,t){let n=new URLSearchParams;(null==t?void 0:t.tab)&&n.append(""tab"",t.tab),(null==t?void 0:t.ticker)&&n.append(""ticker"",t.ticker),(null==t?void 0:t.limit)!==void 0&&n.append(""limit"","
bundles/4338-2835906ea9e42f40.js,1,/api/," n=new URLSearchParams;(null==t?void 0:t.tab)&&n.append(""tab"",t.tab),(null==t?void 0:t.ticker)&&n.append(""ticker"",t.ticker),(null==t?void 0:t.limit)!==void 0&&n.append(""limit"",t.limit.toString()),(null==t?void 0:t.offset)!==void 0&&n.append(""offset"",t.offset.toString());let a=n.toString();return c(""/api/nexus/feed"".concat(a?""?"".concat(a):""""),e)}async function D(e,t){let n=new URLSearchParams;(null==t?void 0:t.timeframe)&&n.append(""timeframe"",t.timeframe),(null==t?void 0:t.verifiedOnly)&&n.append(""verifiedOnly"",""true""),(null==t?void 0:t.limit)!==void 0&&n.append(""limit"",t.limit.toString()),(null==t?"
bundles/4338-2835906ea9e42f40.js,1,/api/,"==t?void 0:t.timeframe)&&n.append(""timeframe"",t.timeframe),(null==t?void 0:t.verifiedOnly)&&n.append(""verifiedOnly"",""true""),(null==t?void 0:t.limit)!==void 0&&n.append(""limit"",t.limit.toString()),(null==t?void 0:t.offset)!==void 0&&n.append(""offset"",t.offset.toString());let a=n.toString();return c(""/api/nexus/leaderboard"".concat(a?""?"".concat(a):""""),e,{skipGuildHeader:!0})}async function O(e,t){let n=new URLSearchParams({q:t});return c(""/api/nexus/search/tickers?"".concat(n),e)}async function E(e,t){let n=new URLSearchParams({username:t});return c(""/api/nexus/users/me/username-available?"".concat(n),e"
bundles/4338-2835906ea9e42f40.js,1,/api/,"t.limit)!==void 0&&n.append(""limit"",t.limit.toString()),(null==t?void 0:t.offset)!==void 0&&n.append(""offset"",t.offset.toString());let a=n.toString();return c(""/api/nexus/leaderboard"".concat(a?""?"".concat(a):""""),e,{skipGuildHeader:!0})}async function O(e,t){let n=new URLSearchParams({q:t});return c(""/api/nexus/search/tickers?"".concat(n),e)}async function E(e,t){let n=new URLSearchParams({username:t});return c(""/api/nexus/users/me/username-available?"".concat(n),e)}async function N(e,t){var n;let a=new URLSearchParams({q:t}),i=await c(""/api/nexus/search/users?"".concat(a),e);return Array.isArray(i)?i:n"
bundles/4338-2835906ea9e42f40.js,1,/api/,"ffset.toString());let a=n.toString();return c(""/api/nexus/leaderboard"".concat(a?""?"".concat(a):""""),e,{skipGuildHeader:!0})}async function O(e,t){let n=new URLSearchParams({q:t});return c(""/api/nexus/search/tickers?"".concat(n),e)}async function E(e,t){let n=new URLSearchParams({username:t});return c(""/api/nexus/users/me/username-available?"".concat(n),e)}async function N(e,t){var n;let a=new URLSearchParams({q:t}),i=await c(""/api/nexus/search/users?"".concat(a),e);return Array.isArray(i)?i:null!=(n=i.users)?n:[]}async function Q(e,t){let n=new URLSearchParams({serverId:t});return c(""/api/nexus/routing-"
bundles/4338-2835906ea9e42f40.js,1,/api/,"c function O(e,t){let n=new URLSearchParams({q:t});return c(""/api/nexus/search/tickers?"".concat(n),e)}async function E(e,t){let n=new URLSearchParams({username:t});return c(""/api/nexus/users/me/username-available?"".concat(n),e)}async function N(e,t){var n;let a=new URLSearchParams({q:t}),i=await c(""/api/nexus/search/users?"".concat(a),e);return Array.isArray(i)?i:null!=(n=i.users)?n:[]}async function Q(e,t){let n=new URLSearchParams({serverId:t});return c(""/api/nexus/routing-rules?"".concat(n),e)}async function j(e,t){return c(""/api/nexus/routing-rules"",e,{method:""POST"",headers:{""Content-Type"":""appli"
bundles/4338-2835906ea9e42f40.js,1,/api/,"t});return c(""/api/nexus/users/me/username-available?"".concat(n),e)}async function N(e,t){var n;let a=new URLSearchParams({q:t}),i=await c(""/api/nexus/search/users?"".concat(a),e);return Array.isArray(i)?i:null!=(n=i.users)?n:[]}async function Q(e,t){let n=new URLSearchParams({serverId:t});return c(""/api/nexus/routing-rules?"".concat(n),e)}async function j(e,t){return c(""/api/nexus/routing-rules"",e,{method:""POST"",headers:{""Content-Type"":""application/json""},body:JSON.stringify(t)})}async function J(e,t,n){return c(""/api/nexus/routing-rules/"".concat(encodeURIComponent(t)),e,{method:""PUT"",headers:{""Cont"
bundles/4338-2835906ea9e42f40.js,1,/api/,"c function N(e,t){var n;let a=new URLSearchParams({q:t}),i=await c(""/api/nexus/search/users?"".concat(a),e);return Array.isArray(i)?i:null!=(n=i.users)?n:[]}async function Q(e,t){let n=new URLSearchParams({serverId:t});return c(""/api/nexus/routing-rules?"".concat(n),e)}async function j(e,t){return c(""/api/nexus/routing-rules"",e,{method:""POST"",headers:{""Content-Type"":""application/json""},body:JSON.stringify(t)})}async function J(e,t,n){return c(""/api/nexus/routing-rules/"".concat(encodeURIComponent(t)),e,{method:""PUT"",headers:{""Content-Type"":""application/json""},body:JSON.stringify(n)})}async function L("
bundles/4338-2835906ea9e42f40.js,1,/api/,"ers)?n:[]}async function Q(e,t){let n=new URLSearchParams({serverId:t});return c(""/api/nexus/routing-rules?"".concat(n),e)}async function j(e,t){return c(""/api/nexus/routing-rules"",e,{method:""POST"",headers:{""Content-Type"":""application/json""},body:JSON.stringify(t)})}async function J(e,t,n){return c(""/api/nexus/routing-rules/"".concat(encodeURIComponent(t)),e,{method:""PUT"",headers:{""Content-Type"":""application/json""},body:JSON.stringify(n)})}async function L(e,t){return c(""/api/nexus/routing-rules/"".concat(encodeURIComponent(t)),e,{method:""DELETE""})}async function q(e,t){return c(""/api/nexus/discord/se"
bundles/4338-2835906ea9e42f40.js,1,/api/,"ules"",e,{method:""POST"",headers:{""Content-Type"":""application/json""},body:JSON.stringify(t)})}async function J(e,t,n){return c(""/api/nexus/routing-rules/"".concat(encodeURIComponent(t)),e,{method:""PUT"",headers:{""Content-Type"":""application/json""},body:JSON.stringify(n)})}async function L(e,t){return c(""/api/nexus/routing-rules/"".concat(encodeURIComponent(t)),e,{method:""DELETE""})}async function q(e,t){return c(""/api/nexus/discord/servers/"".concat(encodeURIComponent(t),""/embed-templates""),e)}async function M(e,t,n){return c(""/api/nexus/discord/servers/"".concat(encodeURIComponent(t),""/embed-templates""),e,"
bundles/4338-2835906ea9e42f40.js,1,/api/,",t,n){return c(""/api/nexus/routing-rules/"".concat(encodeURIComponent(t)),e,{method:""PUT"",headers:{""Content-Type"":""application/json""},body:JSON.stringify(n)})}async function L(e,t){return c(""/api/nexus/routing-rules/"".concat(encodeURIComponent(t)),e,{method:""DELETE""})}async function q(e,t){return c(""/api/nexus/discord/servers/"".concat(encodeURIComponent(t),""/embed-templates""),e)}async function M(e,t,n){return c(""/api/nexus/discord/servers/"".concat(encodeURIComponent(t),""/embed-templates""),e,{method:""PUT"",headers:{""Content-Type"":""application/json""},body:JSON.stringify(n)})}async function Y(e,t){retur"
bundles/4338-2835906ea9e42f40.js,1,/api/,"pplication/json""},body:JSON.stringify(n)})}async function L(e,t){return c(""/api/nexus/routing-rules/"".concat(encodeURIComponent(t)),e,{method:""DELETE""})}async function q(e,t){return c(""/api/nexus/discord/servers/"".concat(encodeURIComponent(t),""/embed-templates""),e)}async function M(e,t,n){return c(""/api/nexus/discord/servers/"".concat(encodeURIComponent(t),""/embed-templates""),e,{method:""PUT"",headers:{""Content-Type"":""application/json""},body:JSON.stringify(n)})}async function Y(e,t){return c(""/api/nexus/discord/servers/"".concat(encodeURIComponent(t),""/daily-digest""),e)}async function G(e,t,n){return c"
bundles/4338-2835906ea9e42f40.js,1,/api/,"/discord/servers/"".concat(encodeURIComponent(t),""/embed-templates""),e)}async function M(e,t,n){return c(""/api/nexus/discord/servers/"".concat(encodeURIComponent(t),""/embed-templates""),e,{method:""PUT"",headers:{""Content-Type"":""application/json""},body:JSON.stringify(n)})}async function Y(e,t){return c(""/api/nexus/discord/servers/"".concat(encodeURIComponent(t),""/daily-digest""),e)}async function G(e,t,n){return c(""/api/nexus/discord/servers/"".concat(encodeURIComponent(t),""/daily-digest""),e,{method:""PUT"",headers:{""Content-Type"":""application/json""},body:JSON.stringify(n)})}async function V(e,t,n){return c("
bundles/4338-2835906ea9e42f40.js,1,/api/,"xus/discord/servers/"".concat(encodeURIComponent(t),""/embed-templates""),e,{method:""PUT"",headers:{""Content-Type"":""application/json""},body:JSON.stringify(n)})}async function Y(e,t){return c(""/api/nexus/discord/servers/"".concat(encodeURIComponent(t),""/daily-digest""),e)}async function G(e,t,n){return c(""/api/nexus/discord/servers/"".concat(encodeURIComponent(t),""/daily-digest""),e,{method:""PUT"",headers:{""Content-Type"":""application/json""},body:JSON.stringify(n)})}async function V(e,t,n){return c(""/api/nexus/discord/servers/"".concat(encodeURIComponent(t),""/daily-digest/run""),e,{method:""POST"",headers:{""Conte"
bundles/4338-2835906ea9e42f40.js,1,/api/,"exus/discord/servers/"".concat(encodeURIComponent(t),""/daily-digest""),e)}async function G(e,t,n){return c(""/api/nexus/discord/servers/"".concat(encodeURIComponent(t),""/daily-digest""),e,{method:""PUT"",headers:{""Content-Type"":""application/json""},body:JSON.stringify(n)})}async function V(e,t,n){return c(""/api/nexus/discord/servers/"".concat(encodeURIComponent(t),""/daily-digest/run""),e,{method:""POST"",headers:{""Content-Type"":""application/json""},body:JSON.stringify(n)})}async function H(e,t){let n=new URLSearchParams({q:t});return c(""/api/nexus/admin/users?"".concat(n),e)}async function z(e,t){return c(""/api/"
bundles/4338-2835906ea9e42f40.js,1,/api/,"ion/json""},body:JSON.stringify(n)})}async function V(e,t,n){return c(""/api/nexus/discord/servers/"".concat(encodeURIComponent(t),""/daily-digest/run""),e,{method:""POST"",headers:{""Content-Type"":""application/json""},body:JSON.stringify(n)})}async function H(e,t){let n=new URLSearchParams({q:t});return c(""/api/nexus/admin/users?"".concat(n),e)}async function z(e,t){return c(""/api/nexus/admin/users/"".concat(encodeURIComponent(t)),e)}async function B(e,t,n){return c(""/api/nexus/admin/trades/"".concat(encodeURIComponent(t)),e,{method:""PUT"",headers:{""Content-Type"":""application/json""},body:JSON.stringify(n)})}as"
bundles/4338-2835906ea9e42f40.js,1,/api/,"/api/nexus/discord/servers/"".concat(encodeURIComponent(t),""/daily-digest/run""),e,{method:""POST"",headers:{""Content-Type"":""application/json""},body:JSON.stringify(n)})}async function H(e,t){let n=new URLSearchParams({q:t});return c(""/api/nexus/admin/users?"".concat(n),e)}async function z(e,t){return c(""/api/nexus/admin/users/"".concat(encodeURIComponent(t)),e)}async function B(e,t,n){return c(""/api/nexus/admin/trades/"".concat(encodeURIComponent(t)),e,{method:""PUT"",headers:{""Content-Type"":""application/json""},body:JSON.stringify(n)})}async function F(e,t){return c(""/api/nexus/admin/trades/"".concat(encodeU"
bundles/4338-2835906ea9e42f40.js,1,/api/,"ST"",headers:{""Content-Type"":""application/json""},body:JSON.stringify(n)})}async function H(e,t){let n=new URLSearchParams({q:t});return c(""/api/nexus/admin/users?"".concat(n),e)}async function z(e,t){return c(""/api/nexus/admin/users/"".concat(encodeURIComponent(t)),e)}async function B(e,t,n){return c(""/api/nexus/admin/trades/"".concat(encodeURIComponent(t)),e,{method:""PUT"",headers:{""Content-Type"":""application/json""},body:JSON.stringify(n)})}async function F(e,t){return c(""/api/nexus/admin/trades/"".concat(encodeURIComponent(t)),e,{method:""DELETE""})}async function K(e,t){return c(""/api/nexus/admin/users/"
bundles/4338-2835906ea9e42f40.js,1,/api/,"e)}async function z(e,t){return c(""/api/nexus/admin/users/"".concat(encodeURIComponent(t)),e)}async function B(e,t,n){return c(""/api/nexus/admin/trades/"".concat(encodeURIComponent(t)),e,{method:""PUT"",headers:{""Content-Type"":""application/json""},body:JSON.stringify(n)})}async function F(e,t){return c(""/api/nexus/admin/trades/"".concat(encodeURIComponent(t)),e,{method:""DELETE""})}async function K(e,t){return c(""/api/nexus/admin/users/"".concat(encodeURIComponent(t),""/reset""),e,{method:""POST""})}async function X(e){return c(""/api/nexus/admin/trades/nuke-season"",e,{method:""POST""})}async function $(e,t){let n"
bundles/4338-2835906ea9e42f40.js,1,/api/,"(e,t,n){return c(""/api/nexus/admin/trades/"".concat(encodeURIComponent(t)),e,{method:""PUT"",headers:{""Content-Type"":""application/json""},body:JSON.stringify(n)})}async function F(e,t){return c(""/api/nexus/admin/trades/"".concat(encodeURIComponent(t)),e,{method:""DELETE""})}async function K(e,t){return c(""/api/nexus/admin/users/"".concat(encodeURIComponent(t),""/reset""),e,{method:""POST""})}async function X(e){return c(""/api/nexus/admin/trades/nuke-season"",e,{method:""POST""})}async function $(e,t){let n=new URLSearchParams;(null==t?void 0:t.limit)!==void 0&&n.append(""limit"",t.limit.toString()),(null==t?void 0:"
bundles/4338-2835906ea9e42f40.js,1,/api/,":""application/json""},body:JSON.stringify(n)})}async function F(e,t){return c(""/api/nexus/admin/trades/"".concat(encodeURIComponent(t)),e,{method:""DELETE""})}async function K(e,t){return c(""/api/nexus/admin/users/"".concat(encodeURIComponent(t),""/reset""),e,{method:""POST""})}async function X(e){return c(""/api/nexus/admin/trades/nuke-season"",e,{method:""POST""})}async function $(e,t){let n=new URLSearchParams;(null==t?void 0:t.limit)!==void 0&&n.append(""limit"",t.limit.toString()),(null==t?void 0:t.offset)!==void 0&&n.append(""offset"",t.offset.toString()),(null==t?void 0:t.q)&&n.append(""q"",t.q),(null==t?void "
bundles/4338-2835906ea9e42f40.js,1,/api/,"ppend(""limit"",t.limit.toString()),(null==t?void 0:t.offset)!==void 0&&n.append(""offset"",t.offset.toString()),(null==t?void 0:t.q)&&n.append(""q"",t.q),(null==t?void 0:t.action)&&n.append(""action"",t.action),(null==t?void 0:t.targetType)&&n.append(""targetType"",t.targetType);let a=n.toString();return c(""/api/nexus/admin/audit-logs"".concat(a?""?"".concat(a):""""),e)}async function Z(e){return c(""/api/nexus/admin/stats/rebuild"",e,{method:""POST""})}async function W(e,t){return c(""/api/nexus/admin/options/rehydrate"",e,{method:""POST"",headers:{""Content-Type"":""application/json""},body:JSON.stringify(t)})}async funct"
bundles/4338-2835906ea9e42f40.js,1,/api/,".offset.toString()),(null==t?void 0:t.q)&&n.append(""q"",t.q),(null==t?void 0:t.action)&&n.append(""action"",t.action),(null==t?void 0:t.targetType)&&n.append(""targetType"",t.targetType);let a=n.toString();return c(""/api/nexus/admin/audit-logs"".concat(a?""?"".concat(a):""""),e)}async function Z(e){return c(""/api/nexus/admin/stats/rebuild"",e,{method:""POST""})}async function W(e,t){return c(""/api/nexus/admin/options/rehydrate"",e,{method:""POST"",headers:{""Content-Type"":""application/json""},body:JSON.stringify(t)})}async function ee(e){return c(""/api/nexus/discord/servers"",e)}async function et(e,t){return c(""/api/"
bundles/4338-2835906ea9e42f40.js,1,/api/,"n)&&n.append(""action"",t.action),(null==t?void 0:t.targetType)&&n.append(""targetType"",t.targetType);let a=n.toString();return c(""/api/nexus/admin/audit-logs"".concat(a?""?"".concat(a):""""),e)}async function Z(e){return c(""/api/nexus/admin/stats/rebuild"",e,{method:""POST""})}async function W(e,t){return c(""/api/nexus/admin/options/rehydrate"",e,{method:""POST"",headers:{""Content-Type"":""application/json""},body:JSON.stringify(t)})}async function ee(e){return c(""/api/nexus/discord/servers"",e)}async function et(e,t){return c(""/api/nexus/discord/servers/"".concat(encodeURIComponent(t),""/channels""),e)}async function"
bundles/4338-2835906ea9e42f40.js,1,/api/,"gs"".concat(a?""?"".concat(a):""""),e)}async function Z(e){return c(""/api/nexus/admin/stats/rebuild"",e,{method:""POST""})}async function W(e,t){return c(""/api/nexus/admin/options/rehydrate"",e,{method:""POST"",headers:{""Content-Type"":""application/json""},body:JSON.stringify(t)})}async function ee(e){return c(""/api/nexus/discord/servers"",e)}async function et(e,t){return c(""/api/nexus/discord/servers/"".concat(encodeURIComponent(t),""/channels""),e)}async function en(e,t,n){return c(""/api/nexus/discord/servers/"".concat(encodeURIComponent(t),""/channels""),e,{method:""POST"",headers:{""Content-Type"":""application/json""},"
bundles/4338-2835906ea9e42f40.js,1,/api/,"/api/nexus/admin/stats/rebuild"",e,{method:""POST""})}async function W(e,t){return c(""/api/nexus/admin/options/rehydrate"",e,{method:""POST"",headers:{""Content-Type"":""application/json""},body:JSON.stringify(t)})}async function ee(e){return c(""/api/nexus/discord/servers"",e)}async function et(e,t){return c(""/api/nexus/discord/servers/"".concat(encodeURIComponent(t),""/channels""),e)}async function en(e,t,n){return c(""/api/nexus/discord/servers/"".concat(encodeURIComponent(t),""/channels""),e,{method:""POST"",headers:{""Content-Type"":""application/json""},body:JSON.stringify(n)})}async function ea(e,t,n){return c(""/api"
bundles/4338-2835906ea9e42f40.js,1,/api/,"ehydrate"",e,{method:""POST"",headers:{""Content-Type"":""application/json""},body:JSON.stringify(t)})}async function ee(e){return c(""/api/nexus/discord/servers"",e)}async function et(e,t){return c(""/api/nexus/discord/servers/"".concat(encodeURIComponent(t),""/channels""),e)}async function en(e,t,n){return c(""/api/nexus/discord/servers/"".concat(encodeURIComponent(t),""/channels""),e,{method:""POST"",headers:{""Content-Type"":""application/json""},body:JSON.stringify(n)})}async function ea(e,t,n){return c(""/api/nexus/discord/servers/"".concat(encodeURIComponent(t),""/channels/"").concat(encodeURIComponent(n)),e,{method:"""
bundles/4338-2835906ea9e42f40.js,1,/api/,"api/nexus/discord/servers/"".concat(encodeURIComponent(t),""/channels""),e)}async function en(e,t,n){return c(""/api/nexus/discord/servers/"".concat(encodeURIComponent(t),""/channels""),e,{method:""POST"",headers:{""Content-Type"":""application/json""},body:JSON.stringify(n)})}async function ea(e,t,n){return c(""/api/nexus/discord/servers/"".concat(encodeURIComponent(t),""/channels/"").concat(encodeURIComponent(n)),e,{method:""DELETE""})}async function ei(e,t,n,a){return c(""/api/nexus/discord/servers/"".concat(encodeURIComponent(t),""/channels/"").concat(encodeURIComponent(n),""/webhook""),e,{method:""PUT"",headers:{""Conten"
bundles/4338-2835906ea9e42f40.js,1,/api/,"nt(t),""/channels""),e,{method:""POST"",headers:{""Content-Type"":""application/json""},body:JSON.stringify(n)})}async function ea(e,t,n){return c(""/api/nexus/discord/servers/"".concat(encodeURIComponent(t),""/channels/"").concat(encodeURIComponent(n)),e,{method:""DELETE""})}async function ei(e,t,n,a){return c(""/api/nexus/discord/servers/"".concat(encodeURIComponent(t),""/channels/"").concat(encodeURIComponent(n),""/webhook""),e,{method:""PUT"",headers:{""Content-Type"":""application/json""},body:JSON.stringify({webhookUrl:a})})}async function er(e,t){var n;let a=await c(""/api/nexus/discord/servers/"".concat(encodeURICompo"
bundles/4338-2835906ea9e42f40.js,1,/api/,"LETE""})}async function ei(e,t,n,a){return c(""/api/nexus/discord/servers/"".concat(encodeURIComponent(t),""/channels/"").concat(encodeURIComponent(n),""/webhook""),e,{method:""PUT"",headers:{""Content-Type"":""application/json""},body:JSON.stringify({webhookUrl:a})})}async function er(e,t){var n;let a=await c(""/api/nexus/discord/servers/"".concat(encodeURIComponent(t),""/roles""),e);return Array.isArray(a)?a:null!=(n=a.roles)?n:[]}async function eo(e,t,n){return c(""/api/nexus/discord/servers/"".concat(encodeURIComponent(t),""/access-roles""),e,{method:""PUT"",headers:{""Content-Type"":""application/json""},body:JSON.strin"
bundles/4338-2835906ea9e42f40.js,1,/api/,"""),e,{method:""PUT"",headers:{""Content-Type"":""application/json""},body:JSON.stringify({webhookUrl:a})})}async function er(e,t){var n;let a=await c(""/api/nexus/discord/servers/"".concat(encodeURIComponent(t),""/roles""),e);return Array.isArray(a)?a:null!=(n=a.roles)?n:[]}async function eo(e,t,n){return c(""/api/nexus/discord/servers/"".concat(encodeURIComponent(t),""/access-roles""),e,{method:""PUT"",headers:{""Content-Type"":""application/json""},body:JSON.stringify({roleIds:n})})}async function es(e,t){var n;return null!=(n=(await c(""/api/nexus/discord/servers/"".concat(encodeURIComponent(t),""/sync-roles""),e,{meth"
bundles/4338-2835906ea9e42f40.js,1,/api/,"ray.isArray(a)?a:null!=(n=a.roles)?n:[]}async function eo(e,t,n){return c(""/api/nexus/discord/servers/"".concat(encodeURIComponent(t),""/access-roles""),e,{method:""PUT"",headers:{""Content-Type"":""application/json""},body:JSON.stringify({roleIds:n})})}async function es(e,t){var n;return null!=(n=(await c(""/api/nexus/discord/servers/"".concat(encodeURIComponent(t),""/sync-roles""),e,{method:""POST""})).roles)?n:[]}async function ec(e,t){return c(""/api/nexus/discord/servers/"".concat(encodeURIComponent(t),""/test-route""),e,{method:""POST""})}async function ed(e){try{return await c(""/api/nexus/seasons/current"",e)}cat"
bundles/4338-2835906ea9e42f40.js,1,/api/,"ess-roles""),e,{method:""PUT"",headers:{""Content-Type"":""application/json""},body:JSON.stringify({roleIds:n})})}async function es(e,t){var n;return null!=(n=(await c(""/api/nexus/discord/servers/"".concat(encodeURIComponent(t),""/sync-roles""),e,{method:""POST""})).roles)?n:[]}async function ec(e,t){return c(""/api/nexus/discord/servers/"".concat(encodeURIComponent(t),""/test-route""),e,{method:""POST""})}async function ed(e){try{return await c(""/api/nexus/seasons/current"",e)}catch(e){if(e instanceof s&&404===e.status)return null;throw e}}async function eu(e,t,n){let a=n?""?expiration="".concat(encodeURIComponent(n))"
bundles/4338-2835906ea9e42f40.js,1,/api/," n;return null!=(n=(await c(""/api/nexus/discord/servers/"".concat(encodeURIComponent(t),""/sync-roles""),e,{method:""POST""})).roles)?n:[]}async function ec(e,t){return c(""/api/nexus/discord/servers/"".concat(encodeURIComponent(t),""/test-route""),e,{method:""POST""})}async function ed(e){try{return await c(""/api/nexus/seasons/current"",e)}catch(e){if(e instanceof s&&404===e.status)return null;throw e}}async function eu(e,t,n){let a=n?""?expiration="".concat(encodeURIComponent(n)):"""";return c(""/api/nexus/options/"".concat(encodeURIComponent(t)).concat(a),e)}async function el(e,t){return c(""/api/nexus/options/"".c"
bundles/4338-2835906ea9e42f40.js,1,/api/,"servers/"".concat(encodeURIComponent(t),""/test-route""),e,{method:""POST""})}async function ed(e){try{return await c(""/api/nexus/seasons/current"",e)}catch(e){if(e instanceof s&&404===e.status)return null;throw e}}async function eu(e,t,n){let a=n?""?expiration="".concat(encodeURIComponent(n)):"""";return c(""/api/nexus/options/"".concat(encodeURIComponent(t)).concat(a),e)}async function el(e,t){return c(""/api/nexus/options/"".concat(encodeURIComponent(t),""/expirations""),e)}async function ep(e,t,n){let a=new URLSearchParams;(null==n?void 0:n.timeframe)&&a.append(""timeframe"",n.timeframe),(null==n?void 0:n.direct"
bundles/4338-2835906ea9e42f40.js,1,/api/,"{return await c(""/api/nexus/seasons/current"",e)}catch(e){if(e instanceof s&&404===e.status)return null;throw e}}async function eu(e,t,n){let a=n?""?expiration="".concat(encodeURIComponent(n)):"""";return c(""/api/nexus/options/"".concat(encodeURIComponent(t)).concat(a),e)}async function el(e,t){return c(""/api/nexus/options/"".concat(encodeURIComponent(t),""/expirations""),e)}async function ep(e,t,n){let a=new URLSearchParams;(null==n?void 0:n.timeframe)&&a.append(""timeframe"",n.timeframe),(null==n?void 0:n.direction)&&a.append(""direction"",n.direction);let i=a.toString();return c(""/api/nexus/users/"".concat(en"
bundles/4338-2835906ea9e42f40.js,1,/api/,"tion el(e,t){return c(""/api/nexus/options/"".concat(encodeURIComponent(t),""/expirations""),e)}async function ep(e,t,n){let a=new URLSearchParams;(null==n?void 0:n.timeframe)&&a.append(""timeframe"",n.timeframe),(null==n?void 0:n.direction)&&a.append(""direction"",n.direction);let i=a.toString();return c(""/api/nexus/users/"".concat(encodeURIComponent(t),""/stats"").concat(i?""?"".concat(i):""""),e)}async function em(e){return c(""/api/nexus/portfolio/simulated/current"",e)}async function ey(e,t){let n=new URLSearchParams;(null==t?void 0:t.limit)!==void 0&&n.append(""limit"",t.limit.toString()),(null==t?void 0:t.offs"
bundles/4338-2835906ea9e42f40.js,1,/api/,"t a=new URLSearchParams;(null==n?void 0:n.timeframe)&&a.append(""timeframe"",n.timeframe),(null==n?void 0:n.direction)&&a.append(""direction"",n.direction);let i=a.toString();return c(""/api/nexus/users/"".concat(encodeURIComponent(t),""/stats"").concat(i?""?"".concat(i):""""),e)}async function em(e){return c(""/api/nexus/portfolio/simulated/current"",e)}async function ey(e,t){let n=new URLSearchParams;(null==t?void 0:t.limit)!==void 0&&n.append(""limit"",t.limit.toString()),(null==t?void 0:t.offset)!==void 0&&n.append(""offset"",t.offset.toString());let a=n.toString();return c(""/api/nexus/portfolio/simulated/ledger"
bundles/4338-2835906ea9e42f40.js,1,/api/,"}async function em(e){return c(""/api/nexus/portfolio/simulated/current"",e)}async function ey(e,t){let n=new URLSearchParams;(null==t?void 0:t.limit)!==void 0&&n.append(""limit"",t.limit.toString()),(null==t?void 0:t.offset)!==void 0&&n.append(""offset"",t.offset.toString());let a=n.toString();return c(""/api/nexus/portfolio/simulated/ledger"".concat(a?""?"".concat(a):""""),e)}async function ef(e,t){let n=new URLSearchParams;(null==t?void 0:t.limit)!==void 0&&n.append(""limit"",t.limit.toString()),(null==t?void 0:t.offset)!==void 0&&n.append(""offset"",t.offset.toString()),(null==t?void 0:t.timeframe)&&n.append("""
bundles/4338-2835906ea9e42f40.js,1,/api/,"(a):""""),e)}async function ef(e,t){let n=new URLSearchParams;(null==t?void 0:t.limit)!==void 0&&n.append(""limit"",t.limit.toString()),(null==t?void 0:t.offset)!==void 0&&n.append(""offset"",t.offset.toString()),(null==t?void 0:t.timeframe)&&n.append(""timeframe"",t.timeframe);let a=n.toString();return c(""/api/nexus/guilds"".concat(a?""?"".concat(a):""""),e)}async function eg(e){var t,n,a;let i=await c(""/api/nexus/user/guilds"",e),r=(null!=(n=null!=(t=i.items)?t:i.guilds)?n:[]).map(e=>{var t,n,a,i,r,o,s,c,d,u,l,p,m,y;return{id:e.id,discordServerId:null!=(n=null!=(t=e.discordServerId)?t:e.discord_server_id)?n:"""""
bundles/4338-2835906ea9e42f40.js,1,/api/,"n.append(""limit"",t.limit.toString()),(null==t?void 0:t.offset)!==void 0&&n.append(""offset"",t.offset.toString()),(null==t?void 0:t.timeframe)&&n.append(""timeframe"",t.timeframe);let a=n.toString();return c(""/api/nexus/guilds"".concat(a?""?"".concat(a):""""),e)}async function eg(e){var t,n,a;let i=await c(""/api/nexus/user/guilds"",e),r=(null!=(n=null!=(t=i.items)?t:i.guilds)?n:[]).map(e=>{var t,n,a,i,r,o,s,c,d,u,l,p,m,y;return{id:e.id,discordServerId:null!=(n=null!=(t=e.discordServerId)?t:e.discord_server_id)?n:"""",name:null!=(r=null!=(i=null!=(a=e.name)?a:e.discordGuildName)?i:e.discord_guild_name)?r:""Unkno"
bundles/4338-2835906ea9e42f40.js,1,/api/,"ak:0,activeTradesCount:0,totalTrades:null!=(p=null!=(l=e.totalTrades)?l:e.total_trades)?p:0,seasonalRank:null!=(m=e.seasonalRank)?m:e.seasonal_rank,allTimeRank:null!=(y=e.allTimeRank)?y:e.all_time_rank,roster:[]}});return{guilds:r,total:null!=(a=i.total)?a:r.length}}async function eh(e,t){return c(""/api/nexus/guilds/"".concat(encodeURIComponent(t),""/roster""),e)}async function eT(e,t){return c(""/api/nexus/guilds/"".concat(encodeURIComponent(t),""/roster/candidates""),e)}async function eC(e,t,n){return c(""/api/nexus/guilds/"".concat(encodeURIComponent(t),""/roster""),e,{method:""PUT"",headers:{""Content-Type"":"
bundles/4338-2835906ea9e42f40.js,1,/api/,"onalRank:null!=(m=e.seasonalRank)?m:e.seasonal_rank,allTimeRank:null!=(y=e.allTimeRank)?y:e.all_time_rank,roster:[]}});return{guilds:r,total:null!=(a=i.total)?a:r.length}}async function eh(e,t){return c(""/api/nexus/guilds/"".concat(encodeURIComponent(t),""/roster""),e)}async function eT(e,t){return c(""/api/nexus/guilds/"".concat(encodeURIComponent(t),""/roster/candidates""),e)}async function eC(e,t,n){return c(""/api/nexus/guilds/"".concat(encodeURIComponent(t),""/roster""),e,{method:""PUT"",headers:{""Content-Type"":""application/json""},body:JSON.stringify({userIds:n})})}async function eS(e,t){return c(""/api/nex"
bundles/4338-2835906ea9e42f40.js,1,/api/,"ter:[]}});return{guilds:r,total:null!=(a=i.total)?a:r.length}}async function eh(e,t){return c(""/api/nexus/guilds/"".concat(encodeURIComponent(t),""/roster""),e)}async function eT(e,t){return c(""/api/nexus/guilds/"".concat(encodeURIComponent(t),""/roster/candidates""),e)}async function eC(e,t,n){return c(""/api/nexus/guilds/"".concat(encodeURIComponent(t),""/roster""),e,{method:""PUT"",headers:{""Content-Type"":""application/json""},body:JSON.stringify({userIds:n})})}async function eS(e,t){return c(""/api/nexus/user/primary-guild"",e,{method:""PUT"",headers:{""Content-Type"":""application/json""},body:JSON.stringify({guild"
bundles/4338-2835906ea9e42f40.js,1,/api/,"c(""/api/nexus/guilds/"".concat(encodeURIComponent(t),""/roster/candidates""),e)}async function eC(e,t,n){return c(""/api/nexus/guilds/"".concat(encodeURIComponent(t),""/roster""),e,{method:""PUT"",headers:{""Content-Type"":""application/json""},body:JSON.stringify({userIds:n})})}async function eS(e,t){return c(""/api/nexus/user/primary-guild"",e,{method:""PUT"",headers:{""Content-Type"":""application/json""},body:JSON.stringify({guild_id:t})})}async function ex(e,t){return c(""/api/nexus/users/"".concat(encodeURIComponent(t),""/rank-history""),e)}async function ek(e){return c(""/api/nexus/academy/courses"",e)}async function "
bundles/4338-2835906ea9e42f40.js,1,/api/,",""/roster""),e,{method:""PUT"",headers:{""Content-Type"":""application/json""},body:JSON.stringify({userIds:n})})}async function eS(e,t){return c(""/api/nexus/user/primary-guild"",e,{method:""PUT"",headers:{""Content-Type"":""application/json""},body:JSON.stringify({guild_id:t})})}async function ex(e,t){return c(""/api/nexus/users/"".concat(encodeURIComponent(t),""/rank-history""),e)}async function ek(e){return c(""/api/nexus/academy/courses"",e)}async function ev(e,t){return c(""/api/nexus/academy/courses/"".concat(encodeURIComponent(t)),e)}async function eI(e,t){return c(""/api/nexus/academy/courses/"".concat(encodeURICo"
bundles/4338-2835906ea9e42f40.js,1,/api/,"s:n})})}async function eS(e,t){return c(""/api/nexus/user/primary-guild"",e,{method:""PUT"",headers:{""Content-Type"":""application/json""},body:JSON.stringify({guild_id:t})})}async function ex(e,t){return c(""/api/nexus/users/"".concat(encodeURIComponent(t),""/rank-history""),e)}async function ek(e){return c(""/api/nexus/academy/courses"",e)}async function ev(e,t){return c(""/api/nexus/academy/courses/"".concat(encodeURIComponent(t)),e)}async function eI(e,t){return c(""/api/nexus/academy/courses/"".concat(encodeURIComponent(t),""/attempts""),e,{method:""POST"",headers:{""Content-Type"":""application/json""},body:JSON.stri"
bundles/4338-2835906ea9e42f40.js,1,/api/,"-guild"",e,{method:""PUT"",headers:{""Content-Type"":""application/json""},body:JSON.stringify({guild_id:t})})}async function ex(e,t){return c(""/api/nexus/users/"".concat(encodeURIComponent(t),""/rank-history""),e)}async function ek(e){return c(""/api/nexus/academy/courses"",e)}async function ev(e,t){return c(""/api/nexus/academy/courses/"".concat(encodeURIComponent(t)),e)}async function eI(e,t){return c(""/api/nexus/academy/courses/"".concat(encodeURIComponent(t),""/attempts""),e,{method:""POST"",headers:{""Content-Type"":""application/json""},body:JSON.stringify({})})}async function eP(e,t,n){return c(""/api/nexus/academ"
bundles/4338-2835906ea9e42f40.js,1,/api/,"id:t})})}async function ex(e,t){return c(""/api/nexus/users/"".concat(encodeURIComponent(t),""/rank-history""),e)}async function ek(e){return c(""/api/nexus/academy/courses"",e)}async function ev(e,t){return c(""/api/nexus/academy/courses/"".concat(encodeURIComponent(t)),e)}async function eI(e,t){return c(""/api/nexus/academy/courses/"".concat(encodeURIComponent(t),""/attempts""),e,{method:""POST"",headers:{""Content-Type"":""application/json""},body:JSON.stringify({})})}async function eP(e,t,n){return c(""/api/nexus/academy/attempts/"".concat(encodeURIComponent(t),""/submit""),e,{method:""PUT"",headers:{""Content-Type"":""a"
bundles/4338-2835906ea9e42f40.js,1,/api/,"){return c(""/api/nexus/academy/courses/"".concat(encodeURIComponent(t)),e)}async function eI(e,t){return c(""/api/nexus/academy/courses/"".concat(encodeURIComponent(t),""/attempts""),e,{method:""POST"",headers:{""Content-Type"":""application/json""},body:JSON.stringify({})})}async function eP(e,t,n){return c(""/api/nexus/academy/attempts/"".concat(encodeURIComponent(t),""/submit""),e,{method:""PUT"",headers:{""Content-Type"":""application/json""},body:JSON.stringify({answers:n.map(e=>({questionId:e.questionId,selectedOptionId:e.selectedOptionId}))})})}async function ew(e){return c(""/api/nexus/academy/certifications"",e)"
bundles/4338-2835906ea9e42f40.js,1,/api/,"nc function eP(e,t,n){return c(""/api/nexus/academy/attempts/"".concat(encodeURIComponent(t),""/submit""),e,{method:""PUT"",headers:{""Content-Type"":""application/json""},body:JSON.stringify({answers:n.map(e=>({questionId:e.questionId,selectedOptionId:e.selectedOptionId}))})})}async function ew(e){return c(""/api/nexus/academy/certifications"",e)}async function eR(e){var t;let n=await c(""/api/nexus/admin/academy/courses"",e);return Array.isArray(n)?n:null!=(t=null==n?void 0:n.courses)?t:[]}async function eA(e,t){return c(""/api/nexus/admin/academy/courses"",e,{method:""POST"",headers:{""Content-Type"":""application/j"
bundles/4338-2835906ea9e42f40.js,1,/api/,"mponent(t),""/submit""),e,{method:""PUT"",headers:{""Content-Type"":""application/json""},body:JSON.stringify({answers:n.map(e=>({questionId:e.questionId,selectedOptionId:e.selectedOptionId}))})})}async function ew(e){return c(""/api/nexus/academy/certifications"",e)}async function eR(e){var t;let n=await c(""/api/nexus/admin/academy/courses"",e);return Array.isArray(n)?n:null!=(t=null==n?void 0:n.courses)?t:[]}async function eA(e,t){return c(""/api/nexus/admin/academy/courses"",e,{method:""POST"",headers:{""Content-Type"":""application/json""},body:JSON.stringify(t)})}async function eb(e,t,n){return c(""/api/nexus/adm"
bundles/4338-2835906ea9e42f40.js,1,/api/,"uestionId,selectedOptionId:e.selectedOptionId}))})})}async function ew(e){return c(""/api/nexus/academy/certifications"",e)}async function eR(e){var t;let n=await c(""/api/nexus/admin/academy/courses"",e);return Array.isArray(n)?n:null!=(t=null==n?void 0:n.courses)?t:[]}async function eA(e,t){return c(""/api/nexus/admin/academy/courses"",e,{method:""POST"",headers:{""Content-Type"":""application/json""},body:JSON.stringify(t)})}async function eb(e,t,n){return c(""/api/nexus/admin/academy/courses/"".concat(encodeURIComponent(t)),e,{method:""PUT"",headers:{""Content-Type"":""application/json""},body:JSON.stringify(n)})}"
bundles/4338-2835906ea9e42f40.js,1,/api/,"await c(""/api/nexus/admin/academy/courses"",e);return Array.isArray(n)?n:null!=(t=null==n?void 0:n.courses)?t:[]}async function eA(e,t){return c(""/api/nexus/admin/academy/courses"",e,{method:""POST"",headers:{""Content-Type"":""application/json""},body:JSON.stringify(t)})}async function eb(e,t,n){return c(""/api/nexus/admin/academy/courses/"".concat(encodeURIComponent(t)),e,{method:""PUT"",headers:{""Content-Type"":""application/json""},body:JSON.stringify(n)})}async function e_(e,t){return c(""/api/nexus/admin/academy/courses/"".concat(encodeURIComponent(t)),e,{method:""DELETE""})}async function eU(e,t,n){return c(""/"
bundles/4338-2835906ea9e42f40.js,1,/api/,"ethod:""POST"",headers:{""Content-Type"":""application/json""},body:JSON.stringify(t)})}async function eb(e,t,n){return c(""/api/nexus/admin/academy/courses/"".concat(encodeURIComponent(t)),e,{method:""PUT"",headers:{""Content-Type"":""application/json""},body:JSON.stringify(n)})}async function e_(e,t){return c(""/api/nexus/admin/academy/courses/"".concat(encodeURIComponent(t)),e,{method:""DELETE""})}async function eU(e,t,n){return c(""/api/nexus/admin/academy/courses/"".concat(encodeURIComponent(t),""/sections""),e,{method:""POST"",headers:{""Content-Type"":""application/json""},body:JSON.stringify(n)})}async function eD(e,t"
bundles/4338-2835906ea9e42f40.js,1,/api/,"/nexus/admin/academy/courses/"".concat(encodeURIComponent(t)),e,{method:""PUT"",headers:{""Content-Type"":""application/json""},body:JSON.stringify(n)})}async function e_(e,t){return c(""/api/nexus/admin/academy/courses/"".concat(encodeURIComponent(t)),e,{method:""DELETE""})}async function eU(e,t,n){return c(""/api/nexus/admin/academy/courses/"".concat(encodeURIComponent(t),""/sections""),e,{method:""POST"",headers:{""Content-Type"":""application/json""},body:JSON.stringify(n)})}async function eD(e,t,n){return c(""/api/nexus/admin/academy/sections/"".concat(encodeURIComponent(t)),e,{method:""PUT"",headers:{""Content-Type"":"""
bundles/4338-2835906ea9e42f40.js,1,/api/,"ademy/courses/"".concat(encodeURIComponent(t)),e,{method:""DELETE""})}async function eU(e,t,n){return c(""/api/nexus/admin/academy/courses/"".concat(encodeURIComponent(t),""/sections""),e,{method:""POST"",headers:{""Content-Type"":""application/json""},body:JSON.stringify(n)})}async function eD(e,t,n){return c(""/api/nexus/admin/academy/sections/"".concat(encodeURIComponent(t)),e,{method:""PUT"",headers:{""Content-Type"":""application/json""},body:JSON.stringify(n)})}async function eO(e,t){return c(""/api/nexus/admin/academy/sections/"".concat(encodeURIComponent(t)),e,{method:""DELETE""})}async function eE(e,t,n){return c("
bundles/4338-2835906ea9e42f40.js,1,/api/,"thod:""POST"",headers:{""Content-Type"":""application/json""},body:JSON.stringify(n)})}async function eD(e,t,n){return c(""/api/nexus/admin/academy/sections/"".concat(encodeURIComponent(t)),e,{method:""PUT"",headers:{""Content-Type"":""application/json""},body:JSON.stringify(n)})}async function eO(e,t){return c(""/api/nexus/admin/academy/sections/"".concat(encodeURIComponent(t)),e,{method:""DELETE""})}async function eE(e,t,n){return c(""/api/nexus/admin/academy/sections/"".concat(encodeURIComponent(t),""/questions""),e,{method:""POST"",headers:{""Content-Type"":""application/json""},body:JSON.stringify(n)})}async function eN("
bundles/4338-2835906ea9e42f40.js,1,/api/,"exus/admin/academy/sections/"".concat(encodeURIComponent(t)),e,{method:""PUT"",headers:{""Content-Type"":""application/json""},body:JSON.stringify(n)})}async function eO(e,t){return c(""/api/nexus/admin/academy/sections/"".concat(encodeURIComponent(t)),e,{method:""DELETE""})}async function eE(e,t,n){return c(""/api/nexus/admin/academy/sections/"".concat(encodeURIComponent(t),""/questions""),e,{method:""POST"",headers:{""Content-Type"":""application/json""},body:JSON.stringify(n)})}async function eN(e,t,n){return c(""/api/nexus/admin/academy/questions/"".concat(encodeURIComponent(t)),e,{method:""PUT"",headers:{""Content-Type"
bundles/4338-2835906ea9e42f40.js,1,/api/,"my/sections/"".concat(encodeURIComponent(t)),e,{method:""DELETE""})}async function eE(e,t,n){return c(""/api/nexus/admin/academy/sections/"".concat(encodeURIComponent(t),""/questions""),e,{method:""POST"",headers:{""Content-Type"":""application/json""},body:JSON.stringify(n)})}async function eN(e,t,n){return c(""/api/nexus/admin/academy/questions/"".concat(encodeURIComponent(t)),e,{method:""PUT"",headers:{""Content-Type"":""application/json""},body:JSON.stringify(n)})}async function eQ(e,t){return c(""/api/nexus/admin/academy/questions/"".concat(encodeURIComponent(t)),e,{method:""DELETE""})}async function ej(e,t){let n=!(a"
bundles/4338-2835906ea9e42f40.js,1,/api/,"hod:""POST"",headers:{""Content-Type"":""application/json""},body:JSON.stringify(n)})}async function eN(e,t,n){return c(""/api/nexus/admin/academy/questions/"".concat(encodeURIComponent(t)),e,{method:""PUT"",headers:{""Content-Type"":""application/json""},body:JSON.stringify(n)})}async function eQ(e,t){return c(""/api/nexus/admin/academy/questions/"".concat(encodeURIComponent(t)),e,{method:""DELETE""})}async function ej(e,t){let n=!(arguments.length>2)||void 0===arguments[2]||arguments[2];return c(""/api/nexus/admin/academy/courses/"".concat(encodeURIComponent(t),""/publish""),e,{method:""PUT"",headers:{""Content-Type"":""ap"
bundles/4338-2835906ea9e42f40.js,1,/api/,"ethod:""PUT"",headers:{""Content-Type"":""application/json""},body:JSON.stringify(n)})}async function eQ(e,t){return c(""/api/nexus/admin/academy/questions/"".concat(encodeURIComponent(t)),e,{method:""DELETE""})}async function ej(e,t){let n=!(arguments.length>2)||void 0===arguments[2]||arguments[2];return c(""/api/nexus/admin/academy/courses/"".concat(encodeURIComponent(t),""/publish""),e,{method:""PUT"",headers:{""Content-Type"":""application/json""},body:JSON.stringify({published:n})})}async function eJ(e){var t;let n=await c(""/api/nexus/admin/academy/categories"",e);return null!=(t=null==n?void 0:n.categories)?t:[]}"
bundles/4338-2835906ea9e42f40.js,1,/api/,"n ej(e,t){let n=!(arguments.length>2)||void 0===arguments[2]||arguments[2];return c(""/api/nexus/admin/academy/courses/"".concat(encodeURIComponent(t),""/publish""),e,{method:""PUT"",headers:{""Content-Type"":""application/json""},body:JSON.stringify({published:n})})}async function eJ(e){var t;let n=await c(""/api/nexus/admin/academy/categories"",e);return null!=(t=null==n?void 0:n.categories)?t:[]}async function eL(e,t){return c(""/api/nexus/admin/academy/categories"",e,{method:""POST"",headers:{""Content-Type"":""application/json""},body:JSON.stringify(t)})}async function eq(e,t,n){return c(""/api/nexus/admin/academy"
bundles/4338-2835906ea9e42f40.js,1,/api/,"cat(encodeURIComponent(t),""/publish""),e,{method:""PUT"",headers:{""Content-Type"":""application/json""},body:JSON.stringify({published:n})})}async function eJ(e){var t;let n=await c(""/api/nexus/admin/academy/categories"",e);return null!=(t=null==n?void 0:n.categories)?t:[]}async function eL(e,t){return c(""/api/nexus/admin/academy/categories"",e,{method:""POST"",headers:{""Content-Type"":""application/json""},body:JSON.stringify(t)})}async function eq(e,t,n){return c(""/api/nexus/admin/academy/categories/"".concat(encodeURIComponent(t)),e,{method:""PUT"",headers:{""Content-Type"":""application/json""},body:JSON.stringify"
bundles/4338-2835906ea9e42f40.js,1,/api/,"r t;let n=await c(""/api/nexus/admin/academy/categories"",e);return null!=(t=null==n?void 0:n.categories)?t:[]}async function eL(e,t){return c(""/api/nexus/admin/academy/categories"",e,{method:""POST"",headers:{""Content-Type"":""application/json""},body:JSON.stringify(t)})}async function eq(e,t,n){return c(""/api/nexus/admin/academy/categories/"".concat(encodeURIComponent(t)),e,{method:""PUT"",headers:{""Content-Type"":""application/json""},body:JSON.stringify(n)})}async function eM(e,t){return c(""/api/nexus/admin/academy/categories/"".concat(encodeURIComponent(t)),e,{method:""DELETE""})}async function eY(e,t){return "
bundles/4338-2835906ea9e42f40.js,1,/api/,"od:""POST"",headers:{""Content-Type"":""application/json""},body:JSON.stringify(t)})}async function eq(e,t,n){return c(""/api/nexus/admin/academy/categories/"".concat(encodeURIComponent(t)),e,{method:""PUT"",headers:{""Content-Type"":""application/json""},body:JSON.stringify(n)})}async function eM(e,t){return c(""/api/nexus/admin/academy/categories/"".concat(encodeURIComponent(t)),e,{method:""DELETE""})}async function eY(e,t){return c(""/api/nexus/admin/academy/courses/"".concat(encodeURIComponent(t)),e)}async function eG(e,t,n){return c(""/api/nexus/admin/academy/upload/presign"",e,{method:""POST"",headers:{""Content-Type"
bundles/4338-2835906ea9e42f40.js,1,/api/,"us/admin/academy/categories/"".concat(encodeURIComponent(t)),e,{method:""PUT"",headers:{""Content-Type"":""application/json""},body:JSON.stringify(n)})}async function eM(e,t){return c(""/api/nexus/admin/academy/categories/"".concat(encodeURIComponent(t)),e,{method:""DELETE""})}async function eY(e,t){return c(""/api/nexus/admin/academy/courses/"".concat(encodeURIComponent(t)),e)}async function eG(e,t,n){return c(""/api/nexus/admin/academy/upload/presign"",e,{method:""POST"",headers:{""Content-Type"":""application/json""},body:JSON.stringify({filename:t,contentType:n})})}async function eV(e,t,n){return c(""/api/nexus/acad"
bundles/4338-2835906ea9e42f40.js,1,/api/,"plication/json""},body:JSON.stringify(n)})}async function eM(e,t){return c(""/api/nexus/admin/academy/categories/"".concat(encodeURIComponent(t)),e,{method:""DELETE""})}async function eY(e,t){return c(""/api/nexus/admin/academy/courses/"".concat(encodeURIComponent(t)),e)}async function eG(e,t,n){return c(""/api/nexus/admin/academy/upload/presign"",e,{method:""POST"",headers:{""Content-Type"":""application/json""},body:JSON.stringify({filename:t,contentType:n})})}async function eV(e,t,n){return c(""/api/nexus/academy/courses/"".concat(encodeURIComponent(t),""/reviews""),e,{method:""POST"",headers:{""Content-Type"":""applic"
bundles/4338-2835906ea9e42f40.js,1,/api/,"return c(""/api/nexus/admin/academy/courses/"".concat(encodeURIComponent(t)),e)}async function eG(e,t,n){return c(""/api/nexus/admin/academy/upload/presign"",e,{method:""POST"",headers:{""Content-Type"":""application/json""},body:JSON.stringify({filename:t,contentType:n})})}async function eV(e,t,n){return c(""/api/nexus/academy/courses/"".concat(encodeURIComponent(t),""/reviews""),e,{method:""POST"",headers:{""Content-Type"":""application/json""},body:JSON.stringify(n)})}async function eH(e,t){return c(""/api/nexus/admin/academy/courses/"".concat(encodeURIComponent(t),""/reviews""),e)}async function ez(e){return c(""/api/n"
bundles/4338-2835906ea9e42f40.js,1,/api/,"Type"":""application/json""},body:JSON.stringify({filename:t,contentType:n})})}async function eV(e,t,n){return c(""/api/nexus/academy/courses/"".concat(encodeURIComponent(t),""/reviews""),e,{method:""POST"",headers:{""Content-Type"":""application/json""},body:JSON.stringify(n)})}async function eH(e,t){return c(""/api/nexus/admin/academy/courses/"".concat(encodeURIComponent(t),""/reviews""),e)}async function ez(e){return c(""/api/nexus/copytrade/schema"",e)}async function eB(e,t){return c(""/api/nexus/copytrade/schema"",e,{method:""POST"",headers:{""Content-Type"":""application/json""},body:JSON.stringify(t)})}async function "
bundles/4338-2835906ea9e42f40.js,1,/api/,"""/api/nexus/academy/courses/"".concat(encodeURIComponent(t),""/reviews""),e,{method:""POST"",headers:{""Content-Type"":""application/json""},body:JSON.stringify(n)})}async function eH(e,t){return c(""/api/nexus/admin/academy/courses/"".concat(encodeURIComponent(t),""/reviews""),e)}async function ez(e){return c(""/api/nexus/copytrade/schema"",e)}async function eB(e,t){return c(""/api/nexus/copytrade/schema"",e,{method:""POST"",headers:{""Content-Type"":""application/json""},body:JSON.stringify(t)})}async function eF(e,t){return c(""/api/nexus/copytrade/schema"",e,{method:""PUT"",headers:{""Content-Type"":""application/json""},bod"
bundles/4338-2835906ea9e42f40.js,1,/api/,"ews""),e,{method:""POST"",headers:{""Content-Type"":""application/json""},body:JSON.stringify(n)})}async function eH(e,t){return c(""/api/nexus/admin/academy/courses/"".concat(encodeURIComponent(t),""/reviews""),e)}async function ez(e){return c(""/api/nexus/copytrade/schema"",e)}async function eB(e,t){return c(""/api/nexus/copytrade/schema"",e,{method:""POST"",headers:{""Content-Type"":""application/json""},body:JSON.stringify(t)})}async function eF(e,t){return c(""/api/nexus/copytrade/schema"",e,{method:""PUT"",headers:{""Content-Type"":""application/json""},body:JSON.stringify(t)})}async function eK(e){return c(""/api/nexus/c"
bundles/4338-2835906ea9e42f40.js,1,/api/,"y/courses/"".concat(encodeURIComponent(t),""/reviews""),e)}async function ez(e){return c(""/api/nexus/copytrade/schema"",e)}async function eB(e,t){return c(""/api/nexus/copytrade/schema"",e,{method:""POST"",headers:{""Content-Type"":""application/json""},body:JSON.stringify(t)})}async function eF(e,t){return c(""/api/nexus/copytrade/schema"",e,{method:""PUT"",headers:{""Content-Type"":""application/json""},body:JSON.stringify(t)})}async function eK(e){return c(""/api/nexus/copytrade/schema/traders"",e)}async function eX(e,t){return c(""/api/nexus/copytrade/schema/traders"",e,{method:""POST"",headers:{""Content-Type"":""applicat"
bundles/4338-2835906ea9e42f40.js,1,/api/,"urn c(""/api/nexus/copytrade/schema"",e,{method:""POST"",headers:{""Content-Type"":""application/json""},body:JSON.stringify(t)})}async function eF(e,t){return c(""/api/nexus/copytrade/schema"",e,{method:""PUT"",headers:{""Content-Type"":""application/json""},body:JSON.stringify(t)})}async function eK(e){return c(""/api/nexus/copytrade/schema/traders"",e)}async function eX(e,t){return c(""/api/nexus/copytrade/schema/traders"",e,{method:""POST"",headers:{""Content-Type"":""application/json""},body:JSON.stringify(t)})}async function e$(e,t,n){return c(""/api/nexus/copytrade/schema/traders/"".concat(encodeURIComponent(t)),e,{met"
bundles/4338-2835906ea9e42f40.js,1,/api/,"pe"":""application/json""},body:JSON.stringify(t)})}async function eF(e,t){return c(""/api/nexus/copytrade/schema"",e,{method:""PUT"",headers:{""Content-Type"":""application/json""},body:JSON.stringify(t)})}async function eK(e){return c(""/api/nexus/copytrade/schema/traders"",e)}async function eX(e,t){return c(""/api/nexus/copytrade/schema/traders"",e,{method:""POST"",headers:{""Content-Type"":""application/json""},body:JSON.stringify(t)})}async function e$(e,t,n){return c(""/api/nexus/copytrade/schema/traders/"".concat(encodeURIComponent(t)),e,{method:""PUT"",headers:{""Content-Type"":""application/json""},body:JSON.stringify"
bundles/4338-2835906ea9e42f40.js,1,/api/,"ation/json""},body:JSON.stringify(t)})}async function eK(e){return c(""/api/nexus/copytrade/schema/traders"",e)}async function eX(e,t){return c(""/api/nexus/copytrade/schema/traders"",e,{method:""POST"",headers:{""Content-Type"":""application/json""},body:JSON.stringify(t)})}async function e$(e,t,n){return c(""/api/nexus/copytrade/schema/traders/"".concat(encodeURIComponent(t)),e,{method:""PUT"",headers:{""Content-Type"":""application/json""},body:JSON.stringify(n)})}async function eZ(e,t){return c(""/api/nexus/copytrade/schema/traders/"".concat(encodeURIComponent(t)),e,{method:""DELETE""})}async function eW(e,t){let n=n"
bundles/4338-2835906ea9e42f40.js,1,/api/,"od:""POST"",headers:{""Content-Type"":""application/json""},body:JSON.stringify(t)})}async function e$(e,t,n){return c(""/api/nexus/copytrade/schema/traders/"".concat(encodeURIComponent(t)),e,{method:""PUT"",headers:{""Content-Type"":""application/json""},body:JSON.stringify(n)})}async function eZ(e,t){return c(""/api/nexus/copytrade/schema/traders/"".concat(encodeURIComponent(t)),e,{method:""DELETE""})}async function eW(e,t){let n=new URLSearchParams;(null==t?void 0:t.status)&&n.append(""status"",t.status),(null==t?void 0:t.limit)!==void 0&&n.append(""limit"",t.limit.toString()),(null==t?void 0:t.offset)!==void 0&&n.ap"
bundles/4338-2835906ea9e42f40.js,1,/api/,",{method:""DELETE""})}async function eW(e,t){let n=new URLSearchParams;(null==t?void 0:t.status)&&n.append(""status"",t.status),(null==t?void 0:t.limit)!==void 0&&n.append(""limit"",t.limit.toString()),(null==t?void 0:t.offset)!==void 0&&n.append(""offset"",t.offset.toString());let a=n.toString();return c(""/api/nexus/copytrade/executions"".concat(a?""?"".concat(a):""""),e)}async function e0(e,t){return c(""/api/nexus/copytrade/executions/"".concat(encodeURIComponent(t),""/timeline""),e)}async function e1(e,t){return c(""/api/nexus/copytrade/executions/"".concat(encodeURIComponent(t),""/approve""),e,{method:""POST""})}asy"
bundles/4338-2835906ea9e42f40.js,1,/api/,"n.append(""status"",t.status),(null==t?void 0:t.limit)!==void 0&&n.append(""limit"",t.limit.toString()),(null==t?void 0:t.offset)!==void 0&&n.append(""offset"",t.offset.toString());let a=n.toString();return c(""/api/nexus/copytrade/executions"".concat(a?""?"".concat(a):""""),e)}async function e0(e,t){return c(""/api/nexus/copytrade/executions/"".concat(encodeURIComponent(t),""/timeline""),e)}async function e1(e,t){return c(""/api/nexus/copytrade/executions/"".concat(encodeURIComponent(t),""/approve""),e,{method:""POST""})}async function e2(e,t){return c(""/api/nexus/copytrade/executions/"".concat(encodeURIComponent(t),""/r"
bundles/4338-2835906ea9e42f40.js,1,/api/,"d 0:t.offset)!==void 0&&n.append(""offset"",t.offset.toString());let a=n.toString();return c(""/api/nexus/copytrade/executions"".concat(a?""?"".concat(a):""""),e)}async function e0(e,t){return c(""/api/nexus/copytrade/executions/"".concat(encodeURIComponent(t),""/timeline""),e)}async function e1(e,t){return c(""/api/nexus/copytrade/executions/"".concat(encodeURIComponent(t),""/approve""),e,{method:""POST""})}async function e2(e,t){return c(""/api/nexus/copytrade/executions/"".concat(encodeURIComponent(t),""/reject""),e,{method:""POST""})}async function e5(e,t){return c(""/api/nexus/copytrade/executions/"".concat(encodeURICo"
bundles/4338-2835906ea9e42f40.js,1,/api/,"ncat(a?""?"".concat(a):""""),e)}async function e0(e,t){return c(""/api/nexus/copytrade/executions/"".concat(encodeURIComponent(t),""/timeline""),e)}async function e1(e,t){return c(""/api/nexus/copytrade/executions/"".concat(encodeURIComponent(t),""/approve""),e,{method:""POST""})}async function e2(e,t){return c(""/api/nexus/copytrade/executions/"".concat(encodeURIComponent(t),""/reject""),e,{method:""POST""})}async function e5(e,t){return c(""/api/nexus/copytrade/executions/"".concat(encodeURIComponent(t),""/detach""),e,{method:""POST""})}async function e8(e){return c(""/api/nexus/copytrade/schema/kill"",e,{method:""POST""})}}}"
bundles/4338-2835906ea9e42f40.js,1,/api/,"timeline""),e)}async function e1(e,t){return c(""/api/nexus/copytrade/executions/"".concat(encodeURIComponent(t),""/approve""),e,{method:""POST""})}async function e2(e,t){return c(""/api/nexus/copytrade/executions/"".concat(encodeURIComponent(t),""/reject""),e,{method:""POST""})}async function e5(e,t){return c(""/api/nexus/copytrade/executions/"".concat(encodeURIComponent(t),""/detach""),e,{method:""POST""})}async function e8(e){return c(""/api/nexus/copytrade/schema/kill"",e,{method:""POST""})}}}]);"
bundles/4338-2835906ea9e42f40.js,1,/api/,"{method:""POST""})}async function e2(e,t){return c(""/api/nexus/copytrade/executions/"".concat(encodeURIComponent(t),""/reject""),e,{method:""POST""})}async function e5(e,t){return c(""/api/nexus/copytrade/executions/"".concat(encodeURIComponent(t),""/detach""),e,{method:""POST""})}async function e8(e){return c(""/api/nexus/copytrade/schema/kill"",e,{method:""POST""})}}}]);"
bundles/6696-f35cc60e1a8df3cf.js,1,/api/,":()=>V,ZG:()=>O,Zx:()=>G,_B:()=>ei,_e:()=>B,aU:()=>eo,az:()=>A,b9:()=>ec,cj:()=>a,cl:()=>x,d9:()=>I,dc:()=>j,en:()=>_,fq:()=>m,h2:()=>z,hl:()=>w,i1:()=>en,j_:()=>C,jk:()=>q,jq:()=>ea,kJ:()=>H,m5:()=>K,m9:()=>P,nP:()=>s,pV:()=>R,sY:()=>Q,tj:()=>X,tv:()=>g,u5:()=>F,v6:()=>E,xS:()=>l,yC:()=>L});let o=""/api/stages"";class a extends Error{constructor(e,t){super(e),this.name=""StagesAPIError"",this.status=t}}async function r(e,t){let n,o=arguments.length>2&&void 0!==arguments[2]?arguments[2]:{},r=new Headers(o.headers);if(t)try{let e=await t();e&&r.set(""Authorization"",""Bearer "".concat(e))}catch(e){console.w"
bundles/6696-f35cc60e1a8df3cf.js,1,/api/,"){return c(""/"".concat(t,""/polls/"").concat(n,""/vote""),e,{method:""POST"",body:{option_index:o}})}function en(e,t,n){return c(""/"".concat(t,""/polls/"").concat(n,""/close""),e,{method:""POST""})}function eo(e,t,n){return c(""/"".concat(t,""/reactions""),e,{method:""POST"",body:{emoji:n}})}function ea(e,t){return r(""/api/users/"".concat(t,""/track-record""),e)}function er(e,t,n){return c(""/"".concat(t,""/tidbits/"").concat(n,""/copy""),e,{method:""POST""})}async function ec(e,t){try{return await c(""/"".concat(t,""/catch-me-up""),e)}catch(e){if(e instanceof a&&404===e.status)return{summary:""""};throw e}}function ei(e,t){return c("""
bundles/6898-c7df98ceb01066ec.js,1,gatekeeper,"00,p=e=>e>=0?1:-1,m=e=>String(e).slice(0,10),x=e=>{let t=m(e);return d.test(t)?t:null},f={gex:[""0DTE"",""1DTE"",""this_week"",""next_week""],vex:[""this_week"",""next_week"",""monthly""],peek:""monthly""};function g(e,t,n,s,d){var g,h,b,y,v,j,w;if(!e)return{dominant:null,wallAbove:null,wallBelow:null,outOfBand:[],gatekeepers:{below:[],above:[]}};let k=null!=(h=null!=(g=e.currentSpot)?g:e.CurrentSpot)?h:0,S=(0,r.K2)(null!=n?n:void 0,s),T=(e,t)=>{let n=S.get((0,a.w9)(e,t));return n?{delta:(0,a.AP)(n,s),percent:(0,a.h3)(n,s),trend:n.trend}:null},N=null!=(y=null!=(b=e.strikes)?b:e.Strikes)?y:[],C=null!=(j=null!=(v=e.expir"
bundles/6898-c7df98ceb01066ec.js,1,gatekeeper,"e.strike)-Math.abs(n-t.strike)||t.pctOfKing-e.pctOfKing),c};return{below:h(""below"",o),above:h(""above"",l)}}({sig:n,spot:k,symbol:null!=(w=e.symbol)?w:"""",dominant:O,wallBelowStrike:null==q?void 0:q.strike,wallAboveStrike:null==L?void 0:L.strike}))}return{dominant:O,wallAbove:L,wallBelow:q,outOfBand:D,gatekeepers:A}}function h(e){var t,n,r,o,l,i,c,d,u;let p=null!=(n=e.now)?n:new Date,m=""gamma""===e.activeTab?e.gammaData:e.vannaData,x=null!=(o=null!=(r=null==m?void 0:m.currentSpot)?r:null==m?void 0:m.CurrentSpot)?o:0,h=null!=(l=null==m?void 0:m.timestamp)?l:"""",b=h?Math.max(0,Math.round((p.getTime()-new Date("
bundles/6898-c7df98ceb01066ec.js,1,heatseeker,"ta,e.vannaData,""day"",p,f)),k=[];x>0&&(e.priorRead?e.priorRead.regime!==w.bias.regime&&k.push(""regime_flip""):k.push(""first_view""),(""squeeze""===w.mode||""vacuum""===w.mode||""conflict""===w.mode)&&k.push(""regime_"".concat(w.mode)));let S=k.length?"""".concat(w.bias.regime,""|"").concat(w.mode):"""";return{page:""heatseeker_heatmap"",symbol:e.symbol,view:""gamma""===e.activeTab?""GEX"":""VEX"",ticker:e.symbol,basis:{mode:""real-spx"",offset:0},spot:{value:x,change:null!=(i=null==m?void 0:m.priceChange)?i:null,changePct:null!=(c=null==m?void 0:m.priceChangePercent)?c:null},status:h?""ready"":""loading"",asOf:h,ageSec:b,velocityTime"
bundles_pass2/_next__static__chunks__9832-3e591358ebdb25b9.js,1,WebSocket,"_dte:e.earnings_dte,_next_earnings_date:e.next_earnings_date,_cache_miss:e.cache_miss,_sector:e.sector,_industry:e.industry,_is_cancelled:e.is_cancelled}}let o=null;function a(){if(!o)return;let e=o;o=null,clearTimeout(e.teardownTimer),e.pingInterval&&clearInterval(e.pingInterval),e.ws.readyState===WebSocket.OPEN&&e.ws.send(JSON.stringify({action:""unsubscribe"",tab_id:e.tabId})),e.ws.close()}function c(e){let{tabId:t,filters:l,enabled:i=!0,isLive:c=!0,maxTrades:d=500,onTrade:u,getToken:p}=e,[m,x]=(0,r.useState)([]),[h,g]=(0,r.useState)(""disconnected""),[f,y]=(0,r.useState)(null),[b,v]=(0,r.useState)(!1),"
bundles_pass2/_next__static__chunks__9832-3e591358ebdb25b9.js,1,WebSocket,"i[e])>=t?l=e+1:r=e}i.splice(l,0,e)}return i.slice(0,l)},[]);(0,r.useEffect)(()=>{c&&A.current.length>0&&x(e=>{let t=A.current;return A.current=[],T(e,t,F.current)})},[c,T]);let z=(0,r.useCallback)(()=>{x([]),A.current=[]},[]),W=(0,r.useCallback)(e=>{var t;(null==(t=w.current)?void 0:t.readyState)===WebSocket.OPEN&&w.current.send(JSON.stringify(e))},[]),L=(0,r.useCallback)(e=>{try{let l=JSON.parse(e.data),r=F.current;switch(l.type){case""initial_trades"":if(l.tab_id===t&&(P.current>0&&P.current--,0===P.current)){let e=l.trades.map(s);x(e.slice(0,r)),v(!1),k(!0),y(null)}break;case""trade"":if(l.tab_ids.inclu"
bundles_pass2/_next__static__chunks__9832-3e591358ebdb25b9.js,1,WebSocket,",console.error(""[FlowFeed] Server error:"",l.message))}}catch(e){console.error(""[FlowFeed] Failed to parse message:"",e)}},[t,u,T]);return(0,r.useEffect)(()=>{if(!i){var e;a(),null==(e=w.current)||e.close(),w.current=null,g(""disconnected"");return}let l=0,r=!1,c=!1;if(o&&o.tabId===t&&o.ws.readyState===WebSocket.OPEN){clearTimeout(o.teardownTimer);let e=o;o=null,w.current=e.ws,C.current=e.pingInterval,D.current=!0,P.current=0,x(e.trades),g(""connected""),y(null),e.ws.onmessage=L,e.ws.onerror=()=>{y(""WebSocket connection error""),g(""error"")},e.ws.onclose=()=>{if(g(""disconnected""),D.current=!1,C.current&&clearI"
bundles_pass2/_next__static__chunks__9832-3e591358ebdb25b9.js,1,WebSocket,"ose(),w.current=null,g(""disconnected"");return}let l=0,r=!1,c=!1;if(o&&o.tabId===t&&o.ws.readyState===WebSocket.OPEN){clearTimeout(o.teardownTimer);let e=o;o=null,w.current=e.ws,C.current=e.pingInterval,D.current=!0,P.current=0,x(e.trades),g(""connected""),y(null),e.ws.onmessage=L,e.ws.onerror=()=>{y(""WebSocket connection error""),g(""error"")},e.ws.onclose=()=>{if(g(""disconnected""),D.current=!1,C.current&&clearInterval(C.current),!r){let e=Math.min(1e3*Math.pow(2,l),3e4);l++,_.current=setTimeout(d,e)}},c=!0}else a();async function d(){if(r)return;let e=function(){let e=""wss://fs-ws.skylit.ai"";if(e)return""ht"
bundles_pass2/_next__static__chunks__9832-3e591358ebdb25b9.js,1,FLOWSEEKER,"nction d(){if(r)return;let e=function(){let e=""wss://fs-ws.skylit.ai"";if(e)return""https:""===window.location.protocol&&e.startsWith(""ws://"")?(console.warn(""[FlowFeed] Skipping insecure ws:// connection from HTTPS page. Set wss:// URL.""),""""):"""".concat(e,""/ws/feed/multiplexed"");let t=n.env.NEXT_PUBLIC_FLOWSEEKER_API_URL;if(t){let e=new URL(t),l=""https:""===e.protocol?""wss:"":""ws:"";return"""".concat(l,""//"").concat(e.host,""/ws/feed/multiplexed"")}return""ws://localhost:3001/ws/feed/multiplexed""}();if(!e)return;g(""connecting""),y(null);let i=e;if(p)try{let t=await p();if(r)return;t&&(i="""".concat(e,""?token="").concat("
bundles_pass2/_next__static__chunks__9832-3e591358ebdb25b9.js,1,WebSocket,"s/feed/multiplexed"")}return""ws://localhost:3001/ws/feed/multiplexed""}();if(!e)return;g(""connecting""),y(null);let i=e;if(p)try{let t=await p();if(r)return;t&&(i="""".concat(e,""?token="").concat(encodeURIComponent(t)))}catch(e){console.warn(""[FlowFeed] Failed to get auth token:"",e)}if(r)return;let s=new WebSocket(i);w.current=s,s.onopen=()=>{if(r)return void s.close();g(""connected""),l=0,D.current=!1,P.current=0,k(!1),W({action:""subscribe"",tab_id:t,filters:N.current}),C.current=setInterval(()=>{W({action:""ping""})},3e4)},s.onmessage=L,s.onerror=()=>{y(""WebSocket connection error""),g(""error"")},s.onclose=()=>{i"
bundles_pass2/_next__static__chunks__9832-3e591358ebdb25b9.js,1,WebSocket,"ed to get auth token:"",e)}if(r)return;let s=new WebSocket(i);w.current=s,s.onopen=()=>{if(r)return void s.close();g(""connected""),l=0,D.current=!1,P.current=0,k(!1),W({action:""subscribe"",tab_id:t,filters:N.current}),C.current=setInterval(()=>{W({action:""ping""})},3e4)},s.onmessage=L,s.onerror=()=>{y(""WebSocket connection error""),g(""error"")},s.onclose=()=>{if(g(""disconnected""),D.current=!1,C.current&&clearInterval(C.current),!r){let e=Math.min(1e3*Math.pow(2,l),3e4);l++,_.current=setTimeout(d,e)}}}return c||d(),()=>{r=!0,_.current&&clearTimeout(_.current),S.current&&clearTimeout(S.current);let e=w.current"
bundles_pass2/_next__static__chunks__9832-3e591358ebdb25b9.js,1,WebSocket,",g(""error"")},s.onclose=()=>{if(g(""disconnected""),D.current=!1,C.current&&clearInterval(C.current),!r){let e=Math.min(1e3*Math.pow(2,l),3e4);l++,_.current=setTimeout(d,e)}}}return c||d(),()=>{r=!0,_.current&&clearTimeout(_.current),S.current&&clearTimeout(S.current);let e=w.current;e&&e.readyState===WebSocket.OPEN?(e.onmessage=e=>{try{let l=JSON.parse(e.data);if(!o)return;let r=F.current;switch(l.type){case""trade"":if(l.tab_ids.includes(t)){let e=s(l.trade);o.trades=[e,...o.trades].slice(0,r)}break;case""trade_batch"":{let e=l.trades.filter(e=>e.tab_ids.includes(t)).map(e=>s(e.trade));e.length>0&&(o.trades"
bundles_pass2/_next__static__chunks__9832-3e591358ebdb25b9.js,1,WebSocket,"onerror=()=>{a()},e.onclose=()=>{o&&(clearTimeout(o.teardownTimer),o.pingInterval&&clearInterval(o.pingInterval),o=null)},o={tabId:t,ws:e,trades:I.current,pingInterval:C.current,teardownTimer:setTimeout(a,2e4)},w.current=null,C.current=void 0):(C.current&&clearInterval(C.current),e&&(e.readyState===WebSocket.OPEN&&e.send(JSON.stringify({action:""unsubscribe"",tab_id:t})),e.close(),w.current=null))}},[i,t]),(0,r.useEffect)(()=>{if(D.current&&w.current&&w.current.readyState===WebSocket.OPEN)return S.current&&clearTimeout(S.current),S.current=setTimeout(()=>{P.current++,v(!0),W({action:""update_filters"",tab_"
bundles_pass2/_next__static__chunks__9832-3e591358ebdb25b9.js,1,WebSocket,",teardownTimer:setTimeout(a,2e4)},w.current=null,C.current=void 0):(C.current&&clearInterval(C.current),e&&(e.readyState===WebSocket.OPEN&&e.send(JSON.stringify({action:""unsubscribe"",tab_id:t})),e.close(),w.current=null))}},[i,t]),(0,r.useEffect)(()=>{if(D.current&&w.current&&w.current.readyState===WebSocket.OPEN)return S.current&&clearTimeout(S.current),S.current=setTimeout(()=>{P.current++,v(!0),W({action:""update_filters"",tab_id:t,filters:l})},300),()=>{S.current&&clearTimeout(S.current)}},[JSON.stringify(l),t,W]),{trades:m,status:h,error:f,clearTrades:z,isFilterLoading:b,hasReceivedData:j}}},32394:("
bundles_pass2/_next__static__chunks__9832-3e591358ebdb25b9.js,1,Flowseeker,"phic"",in2:""blur"",operator:""over""})]})]}),(0,r.jsx)(""text"",{x:""50%"",y:""50%"",textAnchor:""middle"",dominantBaseline:""middle"",fill:U?""rgba(255,255,255,0.03)"":""rgba(0,0,0,0.02)"",fontSize:V?""32"":""56"",fontWeight:""700"",fontFamily:""'Inter', sans-serif"",style:{pointerEvents:""none"",userSelect:""none""},children:""Flowseeker""})]})})]})]})})},46767:(e,t,l)=>{l.d(t,{Bc:()=>s,ZI:()=>c,k$:()=>a,m_:()=>o});var r=l(95155);l(12115);var n=l(47520),i=l(64269);function s(e){let{delayDuration:t=0,...l}=e;return(0,r.jsx)(n.Kq,{""data-slot"":""tooltip-provider"",delayDuration:t,...l})}function o(e){let{...t}=e;return(0,r.jsx)(s,{childr"
bundles_pass2/_next__static__chunks__9832-3e591358ebdb25b9.js,1,Flowseeker,"phic"",in2:""blur"",operator:""over""})]})]}),(0,r.jsx)(""text"",{x:""50%"",y:""50%"",textAnchor:""middle"",dominantBaseline:""middle"",fill:P?""rgba(255,255,255,0.03)"":""rgba(0,0,0,0.02)"",fontSize:I?""32"":""56"",fontWeight:""700"",fontFamily:""'Inter', sans-serif"",style:{pointerEvents:""none"",userSelect:""none""},children:""Flowseeker""})]})})]})]})})},53869:(e,t,l)=>{l.d(t,{J:()=>s});var r=l(12115);let n=0,i=null;function s(){(0,r.useEffect)(()=>(1==++n&&function(){let e=()=>{var e,t;let l=null!=(t=null==(e=window.visualViewport)?void 0:e.height)?t:window.innerHeight;document.documentElement.style.setProperty(""--visual-vh"","""".co"
bundles_pass2/_next__static__chunks__9832-3e591358ebdb25b9.js,1,Flowseeker,"ts-none z-0"",style:{top:""calc(50% - 20px)"",height:0,display:""flex"",justifyContent:""center"",alignItems:""center""},children:(0,r.jsx)(""span"",{style:{color:M?""rgba(255,255,255,0.03)"":""rgba(0,0,0,0.02)"",fontSize:w?""32px"":""56px"",fontWeight:700,fontFamily:""'Inter', sans-serif"",userSelect:""none""},children:""Flowseeker""})}),(0,r.jsx)(""div"",{ref:D,className:""absolute pointer-events-none z-10"",style:{display:""none"",backgroundColor:""rgba(128, 128, 128, 0.3)"",borderRadius:""4px""}}),(0,r.jsx)(""div"",{ref:I,className:""absolute pointer-events-none z-[11]"",style:{display:""none"",border:""1px solid "".concat(null!=(i=null==k?v"
bundles_pass2/_next__static__chunks__9832-3e591358ebdb25b9.js,1,Flowseeker,"nter-events-none z-0"",style:{top:""calc(50% - 20px)"",height:0,display:""flex"",justifyContent:""center"",alignItems:""center""},children:(0,r.jsx)(""span"",{style:{color:A?""rgba(255,255,255,0.03)"":""rgba(0,0,0,0.02)"",fontSize:""56px"",fontWeight:700,fontFamily:""'Inter', sans-serif"",userSelect:""none""},children:""Flowseeker""})}),(0,r.jsx)(""div"",{ref:R,className:""absolute pointer-events-none z-10"",style:{display:""none"",backgroundColor:""rgba(128, 128, 128, 0.3)"",borderRadius:""4px""}}),(0,r.jsx)(i.u,{width:""100%"",height:""100%"",children:(0,r.jsxs)(s.E,{data:B,layout:""vertical"",margin:{top:10,right:10,left:10,bottom:10},bar"
bundles_pass2/_next__static__chunks__9832-3e591358ebdb25b9.js,1,Flowseeker,":""url(#net-premium-price-glow)"",name:v}),(0,r.jsx)(""text"",{x:""50%"",y:""50%"",textAnchor:""middle"",dominantBaseline:""middle"",fill:A?""rgba(255,255,255,0.03)"":""rgba(0,0,0,0.02)"",fontSize:S?""32"":""56"",fontWeight:""700"",fontFamily:""'Inter', sans-serif"",style:{pointerEvents:""none"",userSelect:""none""},children:""Flowseeker""})]})})]})})})},71827:(e,t,l)=>{l.d(t,{Cd:()=>n,Ho:()=>o,ZV:()=>a,a0:()=>s,g5:()=>i,uU:()=>d,vv:()=>c}),l(15392);var r=l(69735);function n(e,t,l){var r;return{timestamp:e.timestamp,spot:e.spot,previous_close:e.previous_close,slices:null!=(r=e.slices)?r:[],source:t,effectiveParams:{...l}}}function i"
bundles_pass2/_next__static__chunks__9832-3e591358ebdb25b9.js,1,Flowseeker,"value:t,options:c,onChange:n,isDark:a}),(0,r.jsx)(o,{value:l,options:d,onChange:s,isDark:a})]})}},87230:(e,t,l)=>{l.d(t,{X:()=>r});function r(e,t,l){return t?""error"":e?""loading"":l?""empty"":""ready""}},92423:(e,t,l)=>{l.d(t,{P:()=>n});var r=l(6582);function n(){let{user:e,isLoading:t,isAdmin:l,canAccessFlowseekerBase:n,canShareFlowseeker:i,canAccessFlowseekerDiscord:s,canAccessFlowseekerApiKeys:o,canAccessFlowseekerSettings:a}=(0,r.W)();return{hasAccess:n,canShare:i,canAccessDiscord:s,canAccessApiKeys:o,canAccessSettings:a,isAdmin:l,user:e,isLoading:t}}},99832:(e,t,l)=>{l.r(t),l.d(t,{ChartModal:()=>ei});var"
bundles_pass2/_next__static__chunks__9832-3e591358ebdb25b9.js,1,Flowseeker,"e:n,isDark:a}),(0,r.jsx)(o,{value:l,options:d,onChange:s,isDark:a})]})}},87230:(e,t,l)=>{l.d(t,{X:()=>r});function r(e,t,l){return t?""error"":e?""loading"":l?""empty"":""ready""}},92423:(e,t,l)=>{l.d(t,{P:()=>n});var r=l(6582);function n(){let{user:e,isLoading:t,isAdmin:l,canAccessFlowseekerBase:n,canShareFlowseeker:i,canAccessFlowseekerDiscord:s,canAccessFlowseekerApiKeys:o,canAccessFlowseekerSettings:a}=(0,r.W)();return{hasAccess:n,canShare:i,canAccessDiscord:s,canAccessApiKeys:o,canAccessSettings:a,isAdmin:l,user:e,isLoading:t}}},99832:(e,t,l)=>{l.r(t),l.d(t,{ChartModal:()=>ei});var r=l(95155),n=l(12115),i="
bundles_pass2/_next__static__chunks__9832-3e591358ebdb25b9.js,1,Flowseeker,"x)(o,{value:l,options:d,onChange:s,isDark:a})]})}},87230:(e,t,l)=>{l.d(t,{X:()=>r});function r(e,t,l){return t?""error"":e?""loading"":l?""empty"":""ready""}},92423:(e,t,l)=>{l.d(t,{P:()=>n});var r=l(6582);function n(){let{user:e,isLoading:t,isAdmin:l,canAccessFlowseekerBase:n,canShareFlowseeker:i,canAccessFlowseekerDiscord:s,canAccessFlowseekerApiKeys:o,canAccessFlowseekerSettings:a}=(0,r.W)();return{hasAccess:n,canShare:i,canAccessDiscord:s,canAccessApiKeys:o,canAccessSettings:a,isAdmin:l,user:e,isLoading:t}}},99832:(e,t,l)=>{l.r(t),l.d(t,{ChartModal:()=>ei});var r=l(95155),n=l(12115),i=l(47650),s=l(48147),o="
bundles_pass2/_next__static__chunks__9832-3e591358ebdb25b9.js,1,Flowseeker,"nge:s,isDark:a})]})}},87230:(e,t,l)=>{l.d(t,{X:()=>r});function r(e,t,l){return t?""error"":e?""loading"":l?""empty"":""ready""}},92423:(e,t,l)=>{l.d(t,{P:()=>n});var r=l(6582);function n(){let{user:e,isLoading:t,isAdmin:l,canAccessFlowseekerBase:n,canShareFlowseeker:i,canAccessFlowseekerDiscord:s,canAccessFlowseekerApiKeys:o,canAccessFlowseekerSettings:a}=(0,r.W)();return{hasAccess:n,canShare:i,canAccessDiscord:s,canAccessApiKeys:o,canAccessSettings:a,isAdmin:l,user:e,isLoading:t}}},99832:(e,t,l)=>{l.r(t),l.d(t,{ChartModal:()=>ei});var r=l(95155),n=l(12115),i=l(47650),s=l(48147),o=l(40888),a=l(53315),c=l(69893"
bundles_pass2/_next__static__chunks__9832-3e591358ebdb25b9.js,1,Flowseeker,"e,t,l)=>{l.d(t,{X:()=>r});function r(e,t,l){return t?""error"":e?""loading"":l?""empty"":""ready""}},92423:(e,t,l)=>{l.d(t,{P:()=>n});var r=l(6582);function n(){let{user:e,isLoading:t,isAdmin:l,canAccessFlowseekerBase:n,canShareFlowseeker:i,canAccessFlowseekerDiscord:s,canAccessFlowseekerApiKeys:o,canAccessFlowseekerSettings:a}=(0,r.W)();return{hasAccess:n,canShare:i,canAccessDiscord:s,canAccessApiKeys:o,canAccessSettings:a,isAdmin:l,user:e,isLoading:t}}},99832:(e,t,l)=>{l.r(t),l.d(t,{ChartModal:()=>ei});var r=l(95155),n=l(12115),i=l(47650),s=l(48147),o=l(40888),a=l(53315),c=l(69893),d=l(56449),u=l(61052),p=l(7"
bundles_pass2/_next__static__chunks__2501-547c53e2053a1b35.js,1,/api/,"signal);if(e.signal.aborted)return;if(r)n=""ticket="".concat(encodeURIComponent(r));else{let a=await w();if(e.signal.aborted)return;if(!a)return void y(e=>({...e,connected:!1,error:""Authentication required""}));n=""token="".concat(a)}let l=null!=f?f:500,i=m||50,d=""both""!==p?""&data_type="".concat(p):"""",h=""/api/stream?symbol="".concat(encodeURIComponent((0,s.ee)(a)),""&"").concat(n,""&max_strikes="").concat(l,""&max_expirations="").concat(i).concat(d);console.log(""[SSE] Connecting to:"",h);let v=new EventSource(h);S.current=v;let C=()=>{y({connected:!0,error:null,reconnectAttempts:0})},b=e=>{};if(k.current.onOpen="
bundles_pass2/_next__static__chunks__2501-547c53e2053a1b35.js,1,EventSource,"ation required""}));n=""token="".concat(a)}let l=null!=f?f:500,i=m||50,d=""both""!==p?""&data_type="".concat(p):"""",h=""/api/stream?symbol="".concat(encodeURIComponent((0,s.ee)(a)),""&"").concat(n,""&max_strikes="").concat(l,""&max_expirations="").concat(i).concat(d);console.log(""[SSE] Connecting to:"",h);let v=new EventSource(h);S.current=v;let C=()=>{y({connected:!0,error:null,reconnectAttempts:0})},b=e=>{};if(k.current.onOpen=C,k.current.onConnected=b,v.onopen=C,v.addEventListener(""connected"",b),g){let e=e=>{let a=JSON.parse(e.data);if(a.data){let{gammaData:e}=D(a.data);T.setQueryData(t(),e)}else T.invalidateQueries({"
bundles_pass2/_next__static__chunks__2501-547c53e2053a1b35.js,1,EventSource,"rent=!0)};return a&&n&&document.addEventListener(""visibilitychange"",e),()=>{document.removeEventListener(""visibilitychange"",e)}},[a,n,P,F]);let R=(0,t.useCallback)(()=>{P(),F()},[P,F]);return{...v,reconnect:R}}function p(){let[e,a]=(0,t.useState)(!1);return(0,t.useEffect)(()=>{a(""undefined""!=typeof EventSource)},[]),e}},28917:(e,a,n)=>{n.d(a,{OF:()=>u});var t=n(18720),r=n(17055),l=n(25),o=n(54412);let i=[],s=new Set;function u(e){if(!function(e){if(!e)return!0;if(s.has(e))return!1;if(s.add(e),i.push(e),i.length>=200){let e=i.shift();e&&s.delete(e)}return!0}(e.event_id))return;let a=r.u.getState(),n=(0,l."
bundles_pass2/_next__static__chunks__7187-dbf517257821735b.js,1,heatseeker,"ew Date(n).getTime();Number.isFinite(i)&&!(i<=0)&&i>a&&(a=i)}function c(){let t=Math.max(1e3*i,a);return t>0?t:Date.now()}},58752:(t,e,n)=>{n.d(e,{Fw:()=>g,II:()=>h,K_:()=>o,RJ:()=>r,UG:()=>_,Uy:()=>v,Vz:()=>d,r:()=>p,zd:()=>a});let i=[""SPY"",""SPX"",""SPXW"",""QQQ"",""IWM"",""VIX"",""DIA""],a=""https://whop.com/heatseeker"";function o(t){return[null==t?void 0:t.N,null==t?void 0:t.njord_access,null==t?void 0:t.njord_public_checkout].some(t=>null!==t&&""object""==typeof t&&!Array.isArray(t))}function r(t){return o(t)?{href:""/products"",label:""View plans"",external:!1}:{href:a,label:""Upgrade on Whop"",external:!0}}let c=new "
bundles_pass2/_next__static__chunks__7187-dbf517257821735b.js,1,flowseeker," 0:t.njord_public_checkout].some(t=>null!==t&&""object""==typeof t&&!Array.isArray(t))}function r(t){return o(t)?{href:""/products"",label:""View plans"",external:!1}:{href:a,label:""Upgrade on Whop"",external:!0}}let c=new Set([""admin"",""portfolio_manager""]),s=new Set([""pro"",""protege"",""quant""]),l=new Set([""flowseeker"",""flowseeker-power-user"",""flowseeker-api-user"",""flowseeker-api-access""]),m=new Set([...s,""initiate"",...l]);function d(t,e){return!e||i.includes(t.toUpperCase())}function u(t){return t?Array.isArray(t)?t.map(t=>t.trim()):t.split("","").map(t=>t.trim()):[]}function p(t){return t?[...new Set([...u(t.rol"
bundles_pass2/_next__static__chunks__7187-dbf517257821735b.js,1,flowseeker,"blic_checkout].some(t=>null!==t&&""object""==typeof t&&!Array.isArray(t))}function r(t){return o(t)?{href:""/products"",label:""View plans"",external:!1}:{href:a,label:""Upgrade on Whop"",external:!0}}let c=new Set([""admin"",""portfolio_manager""]),s=new Set([""pro"",""protege"",""quant""]),l=new Set([""flowseeker"",""flowseeker-power-user"",""flowseeker-api-user"",""flowseeker-api-access""]),m=new Set([...s,""initiate"",...l]);function d(t,e){return!e||i.includes(t.toUpperCase())}function u(t){return t?Array.isArray(t)?t.map(t=>t.trim()):t.split("","").map(t=>t.trim()):[]}function p(t){return t?[...new Set([...u(t.role),...u(t.rol"
bundles_pass2/_next__static__chunks__7187-dbf517257821735b.js,1,flowseeker,"ull!==t&&""object""==typeof t&&!Array.isArray(t))}function r(t){return o(t)?{href:""/products"",label:""View plans"",external:!1}:{href:a,label:""Upgrade on Whop"",external:!0}}let c=new Set([""admin"",""portfolio_manager""]),s=new Set([""pro"",""protege"",""quant""]),l=new Set([""flowseeker"",""flowseeker-power-user"",""flowseeker-api-user"",""flowseeker-api-access""]),m=new Set([...s,""initiate"",...l]);function d(t,e){return!e||i.includes(t.toUpperCase())}function u(t){return t?Array.isArray(t)?t.map(t=>t.trim()):t.split("","").map(t=>t.trim()):[]}function p(t){return t?[...new Set([...u(t.role),...u(t.roles)].filter(Boolean))]:["
bundles_pass2/_next__static__chunks__7187-dbf517257821735b.js,1,flowseeker,"eof t&&!Array.isArray(t))}function r(t){return o(t)?{href:""/products"",label:""View plans"",external:!1}:{href:a,label:""Upgrade on Whop"",external:!0}}let c=new Set([""admin"",""portfolio_manager""]),s=new Set([""pro"",""protege"",""quant""]),l=new Set([""flowseeker"",""flowseeker-power-user"",""flowseeker-api-user"",""flowseeker-api-access""]),m=new Set([...s,""initiate"",...l]);function d(t,e){return!e||i.includes(t.toUpperCase())}function u(t){return t?Array.isArray(t)?t.map(t=>t.trim()):t.split("","").map(t=>t.trim()):[]}function p(t){return t?[...new Set([...u(t.role),...u(t.roles)].filter(Boolean))]:[]}function _(t){let e,"
bundles_pass2/_next__static__chunks__7187-dbf517257821735b.js,1,flowseeker,"urn t?Array.isArray(t)?t.map(t=>t.trim()):t.split("","").map(t=>t.trim()):[]}function p(t){return t?[...new Set([...u(t.role),...u(t.roles)].filter(Boolean))]:[]}function _(t){let e,n=p(t),i=n.some(t=>c.has(t)),a=n.some(t=>m.has(t));return e=i?""staff"":n.some(t=>s.has(t))?""higher"":n.some(t=>l.has(t))?""flowseeker"":n.includes(""initiate"")?""initiate"":n.includes(""community"")?""community"":""free"",{roles:n,isStaff:i,isPaying:a,tier:e}}function g(t,e){var n,i;let a=u(t),o=null!=(n=null==e?void 0:e.isSignedIn)&&n,r=null!=(i=null==e?void 0:e.isNjordManaged)&&i,m=!!(null==e?void 0:e.adminOverride)||a.some(t=>c.has(t)),"
bundles_pass2/_next__static__chunks__7187-dbf517257821735b.js,1,flowseeker,"i=null==e?void 0:e.isNjordManaged)&&i,m=!!(null==e?void 0:e.adminOverride)||a.some(t=>c.has(t)),d=m||a.some(t=>s.has(t)),p=!d&&a.includes(""initiate""),_=a.includes(""community"")&&!d&&!a.includes(""initiate""),g=a.some(t=>l.has(t)),v=d||g||a.includes(""community"")||a.includes(""initiate""),h=m||a.includes(""flowseeker-power-user""),S=m||a.includes(""flowseeker-power-user""),w=m||a.includes(""flowseeker-api-user"")||a.includes(""flowseeker-api-access""),y=d||a.includes(""initiate"");return{roles:a,isAdmin:m,isInitiate:p,isCommunityOnly:_,canAccessHeatseeker:!_&&(!r||y),canAccessCharts:o&&!p&&!_&&(!r||d),canAccessFlowseeke"
bundles_pass2/_next__static__chunks__7187-dbf517257821735b.js,1,flowseeker,"!(null==e?void 0:e.adminOverride)||a.some(t=>c.has(t)),d=m||a.some(t=>s.has(t)),p=!d&&a.includes(""initiate""),_=a.includes(""community"")&&!d&&!a.includes(""initiate""),g=a.some(t=>l.has(t)),v=d||g||a.includes(""community"")||a.includes(""initiate""),h=m||a.includes(""flowseeker-power-user""),S=m||a.includes(""flowseeker-power-user""),w=m||a.includes(""flowseeker-api-user"")||a.includes(""flowseeker-api-access""),y=d||a.includes(""initiate"");return{roles:a,isAdmin:m,isInitiate:p,isCommunityOnly:_,canAccessHeatseeker:!_&&(!r||y),canAccessCharts:o&&!p&&!_&&(!r||d),canAccessFlowseekerBase:v,canAccessFlowseekerSettings:m||S|"
bundles_pass2/_next__static__chunks__7187-dbf517257821735b.js,1,flowseeker,"(t=>c.has(t)),d=m||a.some(t=>s.has(t)),p=!d&&a.includes(""initiate""),_=a.includes(""community"")&&!d&&!a.includes(""initiate""),g=a.some(t=>l.has(t)),v=d||g||a.includes(""community"")||a.includes(""initiate""),h=m||a.includes(""flowseeker-power-user""),S=m||a.includes(""flowseeker-power-user""),w=m||a.includes(""flowseeker-api-user"")||a.includes(""flowseeker-api-access""),y=d||a.includes(""initiate"");return{roles:a,isAdmin:m,isInitiate:p,isCommunityOnly:_,canAccessHeatseeker:!_&&(!r||y),canAccessCharts:o&&!p&&!_&&(!r||d),canAccessFlowseekerBase:v,canAccessFlowseekerSettings:m||S||w,canAccessFlowseekerDiscord:S,canAccess"
bundles_pass2/_next__static__chunks__7187-dbf517257821735b.js,1,flowseeker,"t)),p=!d&&a.includes(""initiate""),_=a.includes(""community"")&&!d&&!a.includes(""initiate""),g=a.some(t=>l.has(t)),v=d||g||a.includes(""community"")||a.includes(""initiate""),h=m||a.includes(""flowseeker-power-user""),S=m||a.includes(""flowseeker-power-user""),w=m||a.includes(""flowseeker-api-user"")||a.includes(""flowseeker-api-access""),y=d||a.includes(""initiate"");return{roles:a,isAdmin:m,isInitiate:p,isCommunityOnly:_,canAccessHeatseeker:!_&&(!r||y),canAccessCharts:o&&!p&&!_&&(!r||d),canAccessFlowseekerBase:v,canAccessFlowseekerSettings:m||S||w,canAccessFlowseekerDiscord:S,canAccessFlowseekerApiKeys:w,canShareFlowsee"
bundles_pass2/_next__static__chunks__7187-dbf517257821735b.js,1,Heatseeker,"|a.includes(""community"")||a.includes(""initiate""),h=m||a.includes(""flowseeker-power-user""),S=m||a.includes(""flowseeker-power-user""),w=m||a.includes(""flowseeker-api-user"")||a.includes(""flowseeker-api-access""),y=d||a.includes(""initiate"");return{roles:a,isAdmin:m,isInitiate:p,isCommunityOnly:_,canAccessHeatseeker:!_&&(!r||y),canAccessCharts:o&&!p&&!_&&(!r||d),canAccessFlowseekerBase:v,canAccessFlowseekerSettings:m||S||w,canAccessFlowseekerDiscord:S,canAccessFlowseekerApiKeys:w,canShareFlowseeker:h}}function v(t){return g(t).isInitiate}function h(t){return p(t).includes(""pro"")}},62954:(t,e,n)=>{n.d(e,{$0:()="
bundles_pass2/_next__static__chunks__7187-dbf517257821735b.js,1,Flowseeker,"lowseeker-power-user""),S=m||a.includes(""flowseeker-power-user""),w=m||a.includes(""flowseeker-api-user"")||a.includes(""flowseeker-api-access""),y=d||a.includes(""initiate"");return{roles:a,isAdmin:m,isInitiate:p,isCommunityOnly:_,canAccessHeatseeker:!_&&(!r||y),canAccessCharts:o&&!p&&!_&&(!r||d),canAccessFlowseekerBase:v,canAccessFlowseekerSettings:m||S||w,canAccessFlowseekerDiscord:S,canAccessFlowseekerApiKeys:w,canShareFlowseeker:h}}function v(t){return g(t).isInitiate}function h(t){return p(t).includes(""pro"")}},62954:(t,e,n)=>{n.d(e,{$0:()=>O,$o:()=>c,$q:()=>u,$v:()=>w,AD:()=>_,Ap:()=>ts,B$:()=>x,Cj:()=>g,"
bundles_pass2/_next__static__chunks__7187-dbf517257821735b.js,1,Flowseeker,"||a.includes(""flowseeker-power-user""),w=m||a.includes(""flowseeker-api-user"")||a.includes(""flowseeker-api-access""),y=d||a.includes(""initiate"");return{roles:a,isAdmin:m,isInitiate:p,isCommunityOnly:_,canAccessHeatseeker:!_&&(!r||y),canAccessCharts:o&&!p&&!_&&(!r||d),canAccessFlowseekerBase:v,canAccessFlowseekerSettings:m||S||w,canAccessFlowseekerDiscord:S,canAccessFlowseekerApiKeys:w,canShareFlowseeker:h}}function v(t){return g(t).isInitiate}function h(t){return p(t).includes(""pro"")}},62954:(t,e,n)=>{n.d(e,{$0:()=>O,$o:()=>c,$q:()=>u,$v:()=>w,AD:()=>_,Ap:()=>ts,B$:()=>x,Cj:()=>g,Cr:()=>j,EX:()=>q,EZ:()=>N"
bundles_pass2/_next__static__chunks__7187-dbf517257821735b.js,1,Flowseeker,"),w=m||a.includes(""flowseeker-api-user"")||a.includes(""flowseeker-api-access""),y=d||a.includes(""initiate"");return{roles:a,isAdmin:m,isInitiate:p,isCommunityOnly:_,canAccessHeatseeker:!_&&(!r||y),canAccessCharts:o&&!p&&!_&&(!r||d),canAccessFlowseekerBase:v,canAccessFlowseekerSettings:m||S||w,canAccessFlowseekerDiscord:S,canAccessFlowseekerApiKeys:w,canShareFlowseeker:h}}function v(t){return g(t).isInitiate}function h(t){return p(t).includes(""pro"")}},62954:(t,e,n)=>{n.d(e,{$0:()=>O,$o:()=>c,$q:()=>u,$v:()=>w,AD:()=>_,Ap:()=>ts,B$:()=>x,Cj:()=>g,Cr:()=>j,EX:()=>q,EZ:()=>N,G0:()=>K,GF:()=>S,Gt:()=>k,Hy:()=>t"
bundles_pass2/_next__static__chunks__7187-dbf517257821735b.js,1,Flowseeker,"-api-user"")||a.includes(""flowseeker-api-access""),y=d||a.includes(""initiate"");return{roles:a,isAdmin:m,isInitiate:p,isCommunityOnly:_,canAccessHeatseeker:!_&&(!r||y),canAccessCharts:o&&!p&&!_&&(!r||d),canAccessFlowseekerBase:v,canAccessFlowseekerSettings:m||S||w,canAccessFlowseekerDiscord:S,canAccessFlowseekerApiKeys:w,canShareFlowseeker:h}}function v(t){return g(t).isInitiate}function h(t){return p(t).includes(""pro"")}},62954:(t,e,n)=>{n.d(e,{$0:()=>O,$o:()=>c,$q:()=>u,$v:()=>w,AD:()=>_,Ap:()=>ts,B$:()=>x,Cj:()=>g,Cr:()=>j,EX:()=>q,EZ:()=>N,G0:()=>K,GF:()=>S,Gt:()=>k,Hy:()=>tp,Ik:()=>tv,Iq:()=>D,KX:()=>p"
bundles_pass2/_next__static__chunks__7187-dbf517257821735b.js,1,Flowseeker,"wseeker-api-access""),y=d||a.includes(""initiate"");return{roles:a,isAdmin:m,isInitiate:p,isCommunityOnly:_,canAccessHeatseeker:!_&&(!r||y),canAccessCharts:o&&!p&&!_&&(!r||d),canAccessFlowseekerBase:v,canAccessFlowseekerSettings:m||S||w,canAccessFlowseekerDiscord:S,canAccessFlowseekerApiKeys:w,canShareFlowseeker:h}}function v(t){return g(t).isInitiate}function h(t){return p(t).includes(""pro"")}},62954:(t,e,n)=>{n.d(e,{$0:()=>O,$o:()=>c,$q:()=>u,$v:()=>w,AD:()=>_,Ap:()=>ts,B$:()=>x,Cj:()=>g,Cr:()=>j,EX:()=>q,EZ:()=>N,G0:()=>K,GF:()=>S,Gt:()=>k,Hy:()=>tp,Ik:()=>tv,Iq:()=>D,KX:()=>p,Lh:()=>E,Mo:()=>Z,Ng:()=>tw"
bundles_pass2/_next__static__chunks__7187-dbf517257821735b.js,1,Flowseeker,")=>V,mZ:()=>tU,ms:()=>td,nI:()=>d,oe:()=>J,p0:()=>tl,p9:()=>th,pH:()=>to,q5:()=>z,qW:()=>tP,rA:()=>tm,ry:()=>tn,sD:()=>W,st:()=>tf,t4:()=>Q,tQ:()=>L,tq:()=>$,u6:()=>U,vO:()=>tb,wn:()=>tc,x3:()=>ty,xm:()=>X,zj:()=>R});var i=n(48147);n(87358);class a extends Error{constructor(t,e){super(t),this.name=""FlowseekerAPIError"",this.status=e}}async function o(t,e){var n;let o=arguments.length>2&&void 0!==arguments[2]?arguments[2]:{},r="""".concat("""".concat(window.location.protocol,""//"").concat(window.location.host,""/fs"")).concat(t),c=null!=(n=o.signal)?n:void 0,s=new AbortController,l=!1,m=setTimeout(()=>{l=!0,s.ab"
bundles_pass2/_next__static__chunks__7187-dbf517257821735b.js,1,Flowseeker,"addEventListener(""abort"",()=>e(new DOMException(""Aborted"",""AbortError"")),{once:!0})})]),p=async t=>{if(!e)return{};try{let n=await u(e(t?{skipCache:!0}:void 0));return n?{Authorization:""Bearer "".concat(n)}:{}}catch(t){if(t instanceof DOMException&&""AbortError""===t.name)throw t;return console.warn(""[Flowseeker API] Failed to get Clerk token:"",t),{}}},_=async t=>{let e=await p(t),n=await fetch(r,{...o,signal:s.signal,headers:{...e,...o.headers}});return(0,i.Xe)(n),n},g=(async()=>{let t=await _(!1);if(401===t.status&&e&&!s.signal.aborted&&(t=await _(!0)),!t.ok){let e=""HTTP "".concat(t.status,"": "").concat(t."
bundles_pass2/_next__static__chunks__7187-dbf517257821735b.js,1,/api/,"showIndices&&e.append(""show_indices"",""false""),t.expiration&&e.append(""expiration"",t.expiration),void 0!==t.cursorPremium&&void 0!==t.cursorSymbol&&(e.append(""cursor_premium"",t.cursorPremium.toString()),e.append(""cursor_symbol"",t.cursorSymbol)),e}async function c(t,e){let n=r(t).toString();return o(""/api/screener/daily"".concat(n?""?"".concat(n):""""),e)}function s(t){var e,n,i;let a=null!=(e=t.ask_skew_pct)?e:(()=>{var e,n,i;let a=(null!=(e=t.below_ask_volume)?e:0)+(null!=(n=t.ask_volume)?n:0)+(null!=(i=t.above_ask_volume)?i:0),o=t.weekly_volume||0;return o>0?a/o*100:0})();return{last_trade_time:t.last_"
bundles_pass2/_next__static__chunks__7187-dbf517257821735b.js,1,/api/,":t.chain_bid_pct,chain_ask_pct:t.chain_ask_pct,chain_bull_pct:t.chain_bull_pct,chain_bear_pct:t.chain_bear_pct,chain_neutral_pct:t.chain_neutral_pct,total_pct:null!=(i=t.total_pct)?i:0,trade_count:t.trade_count,earnings_dte:t.earnings_dte}}async function l(t,e){let n=r(t).toString();return(await o(""/api/screener/weekly"".concat(n?""?"".concat(n):""""),e)).map(s)}function m(t,e){let n=arguments.length>2&&void 0!==arguments[2]?arguments[2]:""daily"";return""weekly""===n?l(t,e):c(t,e)}async function d(t,e,n){let i=arguments.length>3&&void 0!==arguments[3]&&arguments[3],a=arguments.length>4?arguments[4]:void 0,"
bundles_pass2/_next__static__chunks__7187-dbf517257821735b.js,1,/api/,"ments[4]:void 0,r=arguments.length>5&&void 0!==arguments[5]&&arguments[5],c=arguments.length>6?arguments[6]:void 0,s=arguments.length>7?arguments[7]:void 0,l=new URLSearchParams({interval:e,bucket:n});return i&&l.append(""rvol"",""true""),a&&l.append(""date"",a),r&&l.append(""exclude_multi_leg"",""true""),o(""/api/contract/"".concat(t,""/intraday?"").concat(l),c,s?{signal:s}:{})}function u(t,e,n,i){let a=e.replace(/-/g,"""").slice(2),o=String(Math.round(1e3*i)).padStart(8,""0"");return"""".concat(t,""__"").concat(a).concat(n).concat(o)}async function p(t,e,n,i){let a=new URLSearchParams;e&&a.set(""date"",e);let r=a.toStri"
bundles_pass2/_next__static__chunks__7187-dbf517257821735b.js,1,/api/,"at(t,""/intraday?"").concat(l),c,s?{signal:s}:{})}function u(t,e,n,i){let a=e.replace(/-/g,"""").slice(2),o=String(Math.round(1e3*i)).padStart(8,""0"");return"""".concat(t,""__"").concat(a).concat(n).concat(o)}async function p(t,e,n,i){let a=new URLSearchParams;e&&a.set(""date"",e);let r=a.toString();return o(""/api/contract/"".concat(t,""/metrics"").concat(r?""?"".concat(r):""""),n,i?{signal:i}:{})}async function _(t,e,n,i){return o(""/api/contract/"".concat(t,""/since-fill?from_ts="").concat(e),n,i?{signal:i}:{})}async function g(t,e,n,i,a){return o(""/api/contract/"".concat(t,""/trades?start="").concat(e,""&end="").concat(n)"
bundles_pass2/_next__static__chunks__7187-dbf517257821735b.js,1,/api/,"nd(1e3*i)).padStart(8,""0"");return"""".concat(t,""__"").concat(a).concat(n).concat(o)}async function p(t,e,n,i){let a=new URLSearchParams;e&&a.set(""date"",e);let r=a.toString();return o(""/api/contract/"".concat(t,""/metrics"").concat(r?""?"".concat(r):""""),n,i?{signal:i}:{})}async function _(t,e,n,i){return o(""/api/contract/"".concat(t,""/since-fill?from_ts="").concat(e),n,i?{signal:i}:{})}async function g(t,e,n,i,a){return o(""/api/contract/"".concat(t,""/trades?start="").concat(e,""&end="").concat(n),i,a?{signal:a}:{})}async function v(t,e,n,i,a){if(a)return o(""/api/contract/"".concat(t,""/history?limit="").concat(a.lim"
bundles_pass2/_next__static__chunks__7187-dbf517257821735b.js,1,/api/," URLSearchParams;e&&a.set(""date"",e);let r=a.toString();return o(""/api/contract/"".concat(t,""/metrics"").concat(r?""?"".concat(r):""""),n,i?{signal:i}:{})}async function _(t,e,n,i){return o(""/api/contract/"".concat(t,""/since-fill?from_ts="").concat(e),n,i?{signal:i}:{})}async function g(t,e,n,i,a){return o(""/api/contract/"".concat(t,""/trades?start="").concat(e,""&end="").concat(n),i,a?{signal:a}:{})}async function v(t,e,n,i,a){if(a)return o(""/api/contract/"".concat(t,""/history?limit="").concat(a.limit,""&offset="").concat(a.offset),n);if(i){let a=new Date(new Date(i+""T00:00:00Z""));a.setUTCDate(a.getUTCDate()-Math.c"
bundles_pass2/_next__static__chunks__7187-dbf517257821735b.js,1,/api/,"{signal:i}:{})}async function _(t,e,n,i){return o(""/api/contract/"".concat(t,""/since-fill?from_ts="").concat(e),n,i?{signal:i}:{})}async function g(t,e,n,i,a){return o(""/api/contract/"".concat(t,""/trades?start="").concat(e,""&end="").concat(n),i,a?{signal:a}:{})}async function v(t,e,n,i,a){if(a)return o(""/api/contract/"".concat(t,""/history?limit="").concat(a.limit,""&offset="").concat(a.offset),n);if(i){let a=new Date(new Date(i+""T00:00:00Z""));a.setUTCDate(a.getUTCDate()-Math.ceil(1.5*e));let r=a.toISOString().slice(0,10);return o(""/api/contract/"".concat(t,""/history?start_date="").concat(r,""&end_date="").conca"
bundles_pass2/_next__static__chunks__7187-dbf517257821735b.js,1,/api/,"concat(n),i,a?{signal:a}:{})}async function v(t,e,n,i,a){if(a)return o(""/api/contract/"".concat(t,""/history?limit="").concat(a.limit,""&offset="").concat(a.offset),n);if(i){let a=new Date(new Date(i+""T00:00:00Z""));a.setUTCDate(a.getUTCDate()-Math.ceil(1.5*e));let r=a.toISOString().slice(0,10);return o(""/api/contract/"".concat(t,""/history?start_date="").concat(r,""&end_date="").concat(i),n)}return o(""/api/contract/"".concat(t,""/history?days="").concat(e),n)}async function h(t){let e=arguments.length>1&&void 0!==arguments[1]?arguments[1]:20,n=arguments.length>2?arguments[2]:void 0,i=arguments.length>3?argument"
bundles_pass2/_next__static__chunks__7187-dbf517257821735b.js,1,/api/,"t,""/history?limit="").concat(a.limit,""&offset="").concat(a.offset),n);if(i){let a=new Date(new Date(i+""T00:00:00Z""));a.setUTCDate(a.getUTCDate()-Math.ceil(1.5*e));let r=a.toISOString().slice(0,10);return o(""/api/contract/"".concat(t,""/history?start_date="").concat(r,""&end_date="").concat(i),n)}return o(""/api/contract/"".concat(t,""/history?days="").concat(e),n)}async function h(t){let e=arguments.length>1&&void 0!==arguments[1]?arguments[1]:20,n=arguments.length>2?arguments[2]:void 0,i=arguments.length>3?arguments[3]:void 0,a=new URLSearchParams({q:t,limit:String(e)});return o(""/api/contracts/lookup?"".conc"
bundles_pass2/_next__static__chunks__7187-dbf517257821735b.js,1,/api/,"concat(i),n)}return o(""/api/contract/"".concat(t,""/history?days="").concat(e),n)}async function h(t){let e=arguments.length>1&&void 0!==arguments[1]?arguments[1]:20,n=arguments.length>2?arguments[2]:void 0,i=arguments.length>3?arguments[3]:void 0,a=new URLSearchParams({q:t,limit:String(e)});return o(""/api/contracts/lookup?"".concat(a),n,i?{signal:i}:{})}async function S(t,e,n){let i=new URLSearchParams({ticker:t});return o(""/api/contracts/chain?"".concat(i),e,n?{signal:n}:{})}async function w(t,e){let n=arguments.length>2&&void 0!==arguments[2]?arguments[2]:15,i=arguments.length>3?arguments[3]:void 0,a"
bundles_pass2/_next__static__chunks__7187-dbf517257821735b.js,1,/api/,"void 0!==arguments[1]?arguments[1]:20,n=arguments.length>2?arguments[2]:void 0,i=arguments.length>3?arguments[3]:void 0,a=new URLSearchParams({q:t,limit:String(e)});return o(""/api/contracts/lookup?"".concat(a),n,i?{signal:i}:{})}async function S(t,e,n){let i=new URLSearchParams({ticker:t});return o(""/api/contracts/chain?"".concat(i),e,n?{signal:n}:{})}async function w(t,e){let n=arguments.length>2&&void 0!==arguments[2]?arguments[2]:15,i=arguments.length>3?arguments[3]:void 0,a=arguments.length>4&&void 0!==arguments[4]&&arguments[4],r=arguments.length>5&&void 0!==arguments[5]?arguments[5]:1,c=new URL"
bundles_pass2/_next__static__chunks__7187-dbf517257821735b.js,1,/api/,"]?arguments[2]:15,i=arguments.length>3?arguments[3]:void 0,a=arguments.length>4&&void 0!==arguments[4]&&arguments[4],r=arguments.length>5&&void 0!==arguments[5]?arguments[5]:1,c=new URLSearchParams({ticker:t,limit:String(n)});return a&&c.set(""single_leg_only"",""true""),r>1&&c.set(""days"",String(r)),o(""/api/contracts/top?"".concat(c),e,i?{signal:i}:{})}async function y(t,e,n){let i=arguments.length>3&&void 0!==arguments[3]&&arguments[3],a=arguments.length>4?arguments[4]:void 0,r=arguments.length>5&&void 0!==arguments[5]&&arguments[5],c=arguments.length>6?arguments[6]:void 0,s=arguments.length>7?argument"
bundles_pass2/_next__static__chunks__7187-dbf517257821735b.js,1,/api/,"ments[4]:void 0,r=arguments.length>5&&void 0!==arguments[5]&&arguments[5],c=arguments.length>6?arguments[6]:void 0,s=arguments.length>7?arguments[7]:void 0,l=new URLSearchParams({interval:e,bucket:n});return i&&l.append(""rvol"",""true""),a&&l.append(""date"",a),r&&l.append(""exclude_multi_leg"",""true""),o(""/api/underlying/"".concat(t,""/intraday?"").concat(l),c,s?{signal:s}:{})}async function f(t,e,n,i){let a=new URLSearchParams;e&&a.set(""date"",e);let r=a.toString();return o(""/api/underlying/"".concat(t,""/metrics"").concat(r?""?"".concat(r):""""),n,i?{signal:i}:{})}async function k(){let t=arguments.length>0&&void "
bundles_pass2/_next__static__chunks__7187-dbf517257821735b.js,1,/api/,"hParams({interval:e,bucket:n});return i&&l.append(""rvol"",""true""),a&&l.append(""date"",a),r&&l.append(""exclude_multi_leg"",""true""),o(""/api/underlying/"".concat(t,""/intraday?"").concat(l),c,s?{signal:s}:{})}async function f(t,e,n,i){let a=new URLSearchParams;e&&a.set(""date"",e);let r=a.toString();return o(""/api/underlying/"".concat(t,""/metrics"").concat(r?""?"".concat(r):""""),n,i?{signal:i}:{})}async function k(){let t=arguments.length>0&&void 0!==arguments[0]?arguments[0]:{},e=arguments.length>1?arguments[1]:void 0,n=arguments.length>2?arguments[2]:void 0,i=new URLSearchParams;null!=t.days&&i.set(""days"",String"
bundles_pass2/_next__static__chunks__7187-dbf517257821735b.js,1,/api/,"length>1?arguments[1]:void 0,n=arguments.length>2?arguments[2]:void 0,i=new URLSearchParams;null!=t.days&&i.set(""days"",String(t.days)),null!=t.limit&&i.set(""limit"",String(t.limit)),null!=t.minPremium&&i.set(""min_premium"",String(t.minPremium));let a=i.toString()?""?"".concat(i.toString()):"""";return o(""/api/calendar/earnings"".concat(a),e,n?{signal:n}:{})}async function x(t,e,n,i,a,r){var c;let s=new URLSearchParams({start:String(e),end:String(n)});return(null==r?void 0:r.excludeMultiLeg)&&s.set(""exclude_multi_leg"",""true""),(null==r?void 0:r.moneyness)&&s.set(""moneyness"",r.moneyness),(null==r?void 0:r.mi"
bundles_pass2/_next__static__chunks__7187-dbf517257821735b.js,1,/api/,"neyness"",r.moneyness),(null==r?void 0:r.minDte)!=null&&s.set(""min_dte"",String(r.minDte)),(null==r?void 0:r.maxDte)!=null&&s.set(""max_dte"",String(r.maxDte)),(null==r?void 0:r.minPremium)!=null&&s.set(""min_premium"",String(r.minPremium)),s.set(""limit"",String(null!=(c=null==r?void 0:r.limit)?c:500)),o(""/api/underlying/"".concat(t,""/trades?"").concat(s),i,a?{signal:a}:{})}async function P(t,e,n,i,a,r,c){let s=new URLSearchParams({start:String(e),end:String(n),bucket:i});return(null==a?void 0:a.singleLegOnly)&&s.set(""single_leg_only"",""true""),(null==a?void 0:a.multiLegOnly)&&s.set(""multi_leg_only"",""true""),("
bundles_pass2/_next__static__chunks__7187-dbf517257821735b.js,1,/api/,"id 0:a.showMid)===!1&&s.set(""show_mid"",""false""),(null==a?void 0:a.showAsk)===!1&&s.set(""show_ask"",""false""),(null==a?void 0:a.sweepOnly)&&s.set(""sweep_only"",""true""),(null==a?void 0:a.showSweep)===!1&&s.set(""show_sweep"",""false""),(null==a?void 0:a.showNonSweep)===!1&&s.set(""show_non_sweep"",""false""),o(""/api/underlying/"".concat(encodeURIComponent(t),""/flow-bars?"").concat(s),r,c?{signal:c}:{})}async function b(t,e,n,i,a,r,c){let s=new URLSearchParams({bucket_start:String(e),bucket_end:String(n)});return null!=a&&s.set(""top_n"",String(a)),(null==i?void 0:i.singleLegOnly)&&s.set(""single_leg_only"",""true""),(n"
bundles_pass2/_next__static__chunks__7187-dbf517257821735b.js,1,/api/,"id 0:i.showMid)===!1&&s.set(""show_mid"",""false""),(null==i?void 0:i.showAsk)===!1&&s.set(""show_ask"",""false""),(null==i?void 0:i.sweepOnly)&&s.set(""sweep_only"",""true""),(null==i?void 0:i.showSweep)===!1&&s.set(""show_sweep"",""false""),(null==i?void 0:i.showNonSweep)===!1&&s.set(""show_non_sweep"",""false""),o(""/api/underlying/"".concat(encodeURIComponent(t),""/flow-bar-details?"").concat(s),r,c?{signal:c}:{})}async function C(t,e,n,i,a){let r=new URLSearchParams({interval:e});return n&&""all""!==n&&r.append(""dte_filter"",n),a&&r.append(""date"",a),o(""/api/underlying/"".concat(t,""/distribution?"").concat(r),i)}async func"
bundles_pass2/_next__static__chunks__7187-dbf517257821735b.js,1,/api/,"oid 0:i.showNonSweep)===!1&&s.set(""show_non_sweep"",""false""),o(""/api/underlying/"".concat(encodeURIComponent(t),""/flow-bar-details?"").concat(s),r,c?{signal:c}:{})}async function C(t,e,n,i,a){let r=new URLSearchParams({interval:e});return n&&""all""!==n&&r.append(""dte_filter"",n),a&&r.append(""date"",a),o(""/api/underlying/"".concat(t,""/distribution?"").concat(r),i)}async function U(t,e,n,i,a,r){let c=new URLSearchParams({interval:n});return i&&""all""!==i&&c.append(""dte_filter"",i),r&&c.append(""date"",r),o(""/api/underlying/"".concat(t,""/strike/"").concat(e,""/expirations?"").concat(c),a)}async function O(t,e,n,i,a,r"
bundles_pass2/_next__static__chunks__7187-dbf517257821735b.js,1,/api/,"URLSearchParams({interval:e});return n&&""all""!==n&&r.append(""dte_filter"",n),a&&r.append(""date"",a),o(""/api/underlying/"".concat(t,""/distribution?"").concat(r),i)}async function U(t,e,n,i,a,r){let c=new URLSearchParams({interval:n});return i&&""all""!==i&&c.append(""dte_filter"",i),r&&c.append(""date"",r),o(""/api/underlying/"".concat(t,""/strike/"").concat(e,""/expirations?"").concat(c),a)}async function O(t,e,n,i,a,r){let c=new URLSearchParams({interval:e});return n&&c.append(""date"",n),i&&c.append(""exclude_multi_leg"",""true""),o(""/api/underlying/"".concat(t,""/net-premium?"").concat(c),a,r?{signal:r}:{})}async functi"
bundles_pass2/_next__static__chunks__7187-dbf517257821735b.js,1,/api/,"rval:n});return i&&""all""!==i&&c.append(""dte_filter"",i),r&&c.append(""date"",r),o(""/api/underlying/"".concat(t,""/strike/"").concat(e,""/expirations?"").concat(c),a)}async function O(t,e,n,i,a,r){let c=new URLSearchParams({interval:e});return n&&c.append(""date"",n),i&&c.append(""exclude_multi_leg"",""true""),o(""/api/underlying/"".concat(t,""/net-premium?"").concat(c),a,r?{signal:r}:{})}async function R(t){return o(""/api/opra-agreement"",t)}async function L(t,e){return o(""/api/opra-agreement"",e,{method:""POST"",headers:{""Content-Type"":""application/json""},body:JSON.stringify(t)})}async function T(t,e){return o(""/api/pr"
bundles_pass2/_next__static__chunks__7187-dbf517257821735b.js,1,/api/,"t(t,""/strike/"").concat(e,""/expirations?"").concat(c),a)}async function O(t,e,n,i,a,r){let c=new URLSearchParams({interval:e});return n&&c.append(""date"",n),i&&c.append(""exclude_multi_leg"",""true""),o(""/api/underlying/"".concat(t,""/net-premium?"").concat(c),a,r?{signal:r}:{})}async function R(t){return o(""/api/opra-agreement"",t)}async function L(t,e){return o(""/api/opra-agreement"",e,{method:""POST"",headers:{""Content-Type"":""application/json""},body:JSON.stringify(t)})}async function T(t,e){return o(""/api/preferences?user_id="".concat(encodeURIComponent(t)),e)}async function I(t,e,n){return o(""/api/preferences"
bundles_pass2/_next__static__chunks__7187-dbf517257821735b.js,1,/api/,"sync function O(t,e,n,i,a,r){let c=new URLSearchParams({interval:e});return n&&c.append(""date"",n),i&&c.append(""exclude_multi_leg"",""true""),o(""/api/underlying/"".concat(t,""/net-premium?"").concat(c),a,r?{signal:r}:{})}async function R(t){return o(""/api/opra-agreement"",t)}async function L(t,e){return o(""/api/opra-agreement"",e,{method:""POST"",headers:{""Content-Type"":""application/json""},body:JSON.stringify(t)})}async function T(t,e){return o(""/api/preferences?user_id="".concat(encodeURIComponent(t)),e)}async function I(t,e,n){return o(""/api/preferences"",n,{method:""PUT"",headers:{""Content-Type"":""application/j"
bundles_pass2/_next__static__chunks__7187-dbf517257821735b.js,1,/api/,"(""/api/underlying/"".concat(t,""/net-premium?"").concat(c),a,r?{signal:r}:{})}async function R(t){return o(""/api/opra-agreement"",t)}async function L(t,e){return o(""/api/opra-agreement"",e,{method:""POST"",headers:{""Content-Type"":""application/json""},body:JSON.stringify(t)})}async function T(t,e){return o(""/api/preferences?user_id="".concat(encodeURIComponent(t)),e)}async function I(t,e,n){return o(""/api/preferences"",n,{method:""PUT"",headers:{""Content-Type"":""application/json""},body:JSON.stringify({user_id:t,preferences:e})})}async function D(t,e){return o(""/api/keys"",e,{method:""POST"",headers:{""Content-Type"":"
bundles_pass2/_next__static__chunks__7187-dbf517257821735b.js,1,/api/,"{return o(""/api/opra-agreement"",t)}async function L(t,e){return o(""/api/opra-agreement"",e,{method:""POST"",headers:{""Content-Type"":""application/json""},body:JSON.stringify(t)})}async function T(t,e){return o(""/api/preferences?user_id="".concat(encodeURIComponent(t)),e)}async function I(t,e,n){return o(""/api/preferences"",n,{method:""PUT"",headers:{""Content-Type"":""application/json""},body:JSON.stringify({user_id:t,preferences:e})})}async function D(t,e){return o(""/api/keys"",e,{method:""POST"",headers:{""Content-Type"":""application/json""},body:JSON.stringify({name:t})})}async function A(t){return o(""/api/keys"",t"
bundles_pass2/_next__static__chunks__7187-dbf517257821735b.js,1,/api/,"stringify(t)})}async function T(t,e){return o(""/api/preferences?user_id="".concat(encodeURIComponent(t)),e)}async function I(t,e,n){return o(""/api/preferences"",n,{method:""PUT"",headers:{""Content-Type"":""application/json""},body:JSON.stringify({user_id:t,preferences:e})})}async function D(t,e){return o(""/api/keys"",e,{method:""POST"",headers:{""Content-Type"":""application/json""},body:JSON.stringify({name:t})})}async function A(t){return o(""/api/keys"",t)}async function E(t,e){return o(""/api/keys/"".concat(encodeURIComponent(t)),e,{method:""DELETE""})}function N(t){var e,n;return"""".concat(null!=(e=t._ts_event)?e:"
bundles_pass2/_next__static__chunks__7187-dbf517257821735b.js,1,/api/,"urn o(""/api/preferences"",n,{method:""PUT"",headers:{""Content-Type"":""application/json""},body:JSON.stringify({user_id:t,preferences:e})})}async function D(t,e){return o(""/api/keys"",e,{method:""POST"",headers:{""Content-Type"":""application/json""},body:JSON.stringify({name:t})})}async function A(t){return o(""/api/keys"",t)}async function E(t,e){return o(""/api/keys/"".concat(encodeURIComponent(t)),e,{method:""DELETE""})}function N(t){var e,n;return"""".concat(null!=(e=t._ts_event)?e:0,""_"").concat(null!=(n=t._raw_symbol)?n:t.ticker)}async function B(t){return(await o(""/api/saved-trades"",t)).trades}async function j(t"
bundles_pass2/_next__static__chunks__7187-dbf517257821735b.js,1,/api/,"rs:{""Content-Type"":""application/json""},body:JSON.stringify({user_id:t,preferences:e})})}async function D(t,e){return o(""/api/keys"",e,{method:""POST"",headers:{""Content-Type"":""application/json""},body:JSON.stringify({name:t})})}async function A(t){return o(""/api/keys"",t)}async function E(t,e){return o(""/api/keys/"".concat(encodeURIComponent(t)),e,{method:""DELETE""})}function N(t){var e,n;return"""".concat(null!=(e=t._ts_event)?e:0,""_"").concat(null!=(n=t._raw_symbol)?n:t.ticker)}async function B(t){return(await o(""/api/saved-trades"",t)).trades}async function j(t,e,n){await o(""/api/saved-trades"",e,{method:""P"
bundles_pass2/_next__static__chunks__7187-dbf517257821735b.js,1,/api/,"({name:t})})}async function A(t){return o(""/api/keys"",t)}async function E(t,e){return o(""/api/keys/"".concat(encodeURIComponent(t)),e,{method:""DELETE""})}function N(t){var e,n;return"""".concat(null!=(e=t._ts_event)?e:0,""_"").concat(null!=(n=t._raw_symbol)?n:t.ticker)}async function B(t){return(await o(""/api/saved-trades"",t)).trades}async function j(t,e,n){await o(""/api/saved-trades"",e,{method:""POST"",headers:{""Content-Type"":""application/json""},body:JSON.stringify({trade_key:null!=n?n:N(t),trade_data:t})})}async function M(t,e){await o(""/api/saved-trades/"".concat(encodeURIComponent(t)),e,{method:""DELETE"""
bundles_pass2/_next__static__chunks__7187-dbf517257821735b.js,1,/api/,"function E(t,e){return o(""/api/keys/"".concat(encodeURIComponent(t)),e,{method:""DELETE""})}function N(t){var e,n;return"""".concat(null!=(e=t._ts_event)?e:0,""_"").concat(null!=(n=t._raw_symbol)?n:t.ticker)}async function B(t){return(await o(""/api/saved-trades"",t)).trades}async function j(t,e,n){await o(""/api/saved-trades"",e,{method:""POST"",headers:{""Content-Type"":""application/json""},body:JSON.stringify({trade_key:null!=n?n:N(t),trade_data:t})})}async function M(t,e){await o(""/api/saved-trades/"".concat(encodeURIComponent(t)),e,{method:""DELETE""})}function J(t){let e=t.right.trim().toUpperCase().startsWith("
bundles_pass2/_next__static__chunks__7187-dbf517257821735b.js,1,/api/,"t._raw_symbol)?n:t.ticker)}async function B(t){return(await o(""/api/saved-trades"",t)).trades}async function j(t,e,n){await o(""/api/saved-trades"",e,{method:""POST"",headers:{""Content-Type"":""application/json""},body:JSON.stringify({trade_key:null!=n?n:N(t),trade_data:t})})}async function M(t,e){await o(""/api/saved-trades/"".concat(encodeURIComponent(t)),e,{method:""DELETE""})}function J(t){let e=t.right.trim().toUpperCase().startsWith(""P"")?""P"":""C"",n=t.strike.toFixed(3).replace(/0+$/,"""").replace(/\.$/,"""");return"""".concat(t.ticker.toUpperCase(),"":"").concat(t.expiration,"":"").concat(n,"":"").concat(e)}async func"
bundles_pass2/_next__static__chunks__7187-dbf517257821735b.js,1,/api/,"deURIComponent(t)),e,{method:""DELETE""})}function J(t){let e=t.right.trim().toUpperCase().startsWith(""P"")?""P"":""C"",n=t.strike.toFixed(3).replace(/0+$/,"""").replace(/\.$/,"""");return"""".concat(t.ticker.toUpperCase(),"":"").concat(t.expiration,"":"").concat(n,"":"").concat(e)}async function F(t){return(await o(""/api/tracked-contracts"",t)).contracts}async function V(t,e){return(await o(""/api/tracked-contracts"",e,{method:""POST"",headers:{""Content-Type"":""application/json""},body:JSON.stringify(t)})).contract_key}async function z(t,e){await o(""/api/tracked-contracts/"".concat(encodeURIComponent(t)),e,{method:""DELETE""}"
bundles_pass2/_next__static__chunks__7187-dbf517257821735b.js,1,/api/,"oUpperCase().startsWith(""P"")?""P"":""C"",n=t.strike.toFixed(3).replace(/0+$/,"""").replace(/\.$/,"""");return"""".concat(t.ticker.toUpperCase(),"":"").concat(t.expiration,"":"").concat(n,"":"").concat(e)}async function F(t){return(await o(""/api/tracked-contracts"",t)).contracts}async function V(t,e){return(await o(""/api/tracked-contracts"",e,{method:""POST"",headers:{""Content-Type"":""application/json""},body:JSON.stringify(t)})).contract_key}async function z(t,e){await o(""/api/tracked-contracts/"".concat(encodeURIComponent(t)),e,{method:""DELETE""})}async function X(t){return(await o(""/api/saved-trades/check-closes"",t,{met"
bundles_pass2/_next__static__chunks__7187-dbf517257821735b.js,1,/api/,"ion,"":"").concat(n,"":"").concat(e)}async function F(t){return(await o(""/api/tracked-contracts"",t)).contracts}async function V(t,e){return(await o(""/api/tracked-contracts"",e,{method:""POST"",headers:{""Content-Type"":""application/json""},body:JSON.stringify(t)})).contract_key}async function z(t,e){await o(""/api/tracked-contracts/"".concat(encodeURIComponent(t)),e,{method:""DELETE""})}async function X(t){return(await o(""/api/saved-trades/check-closes"",t,{method:""POST""})).closed}async function q(t,e){await o(""/api/saved-trades/"".concat(encodeURIComponent(t),""/dismiss""),e,{method:""PATCH""})}async function $(t,e){"
bundles_pass2/_next__static__chunks__7187-dbf517257821735b.js,1,/api/," function V(t,e){return(await o(""/api/tracked-contracts"",e,{method:""POST"",headers:{""Content-Type"":""application/json""},body:JSON.stringify(t)})).contract_key}async function z(t,e){await o(""/api/tracked-contracts/"".concat(encodeURIComponent(t)),e,{method:""DELETE""})}async function X(t){return(await o(""/api/saved-trades/check-closes"",t,{method:""POST""})).closed}async function q(t,e){await o(""/api/saved-trades/"".concat(encodeURIComponent(t),""/dismiss""),e,{method:""PATCH""})}async function $(t,e){return 0===t.length?{}:(await o(""/api/saved-trades/quotes"",e,{method:""POST"",headers:{""Content-Type"":""application"
bundles_pass2/_next__static__chunks__7187-dbf517257821735b.js,1,/api/,"t-Type"":""application/json""},body:JSON.stringify(t)})).contract_key}async function z(t,e){await o(""/api/tracked-contracts/"".concat(encodeURIComponent(t)),e,{method:""DELETE""})}async function X(t){return(await o(""/api/saved-trades/check-closes"",t,{method:""POST""})).closed}async function q(t,e){await o(""/api/saved-trades/"".concat(encodeURIComponent(t),""/dismiss""),e,{method:""PATCH""})}async function $(t,e){return 0===t.length?{}:(await o(""/api/saved-trades/quotes"",e,{method:""POST"",headers:{""Content-Type"":""application/json""},body:JSON.stringify({contracts:t})})).quotes}async function Q(t){return o(""/api/di"
bundles_pass2/_next__static__chunks__7187-dbf517257821735b.js,1,/api/,"URIComponent(t)),e,{method:""DELETE""})}async function X(t){return(await o(""/api/saved-trades/check-closes"",t,{method:""POST""})).closed}async function q(t,e){await o(""/api/saved-trades/"".concat(encodeURIComponent(t),""/dismiss""),e,{method:""PATCH""})}async function $(t,e){return 0===t.length?{}:(await o(""/api/saved-trades/quotes"",e,{method:""POST"",headers:{""Content-Type"":""application/json""},body:JSON.stringify({contracts:t})})).quotes}async function Q(t){return o(""/api/discord-channels"",t)}async function W(t,e,n,i){let a={};return t&&(a.channels=t),void 0!==e&&(a.message_template=e),void 0!==n&&(a.include"
bundles_pass2/_next__static__chunks__7187-dbf517257821735b.js,1,/api/,"(""/api/saved-trades/"".concat(encodeURIComponent(t),""/dismiss""),e,{method:""PATCH""})}async function $(t,e){return 0===t.length?{}:(await o(""/api/saved-trades/quotes"",e,{method:""POST"",headers:{""Content-Type"":""application/json""},body:JSON.stringify({contracts:t})})).quotes}async function Q(t){return o(""/api/discord-channels"",t)}async function W(t,e,n,i){let a={};return t&&(a.channels=t),void 0!==e&&(a.message_template=e),void 0!==n&&(a.include_open_link=n),o(""/api/discord-channels"",i,{method:""PUT"",headers:{""Content-Type"":""application/json""},body:JSON.stringify(a)})}async function Z(t,e){await o(""/api/d"
bundles_pass2/_next__static__chunks__7187-dbf517257821735b.js,1,/api/,"es"",e,{method:""POST"",headers:{""Content-Type"":""application/json""},body:JSON.stringify({contracts:t})})).quotes}async function Q(t){return o(""/api/discord-channels"",t)}async function W(t,e,n,i){let a={};return t&&(a.channels=t),void 0!==e&&(a.message_template=e),void 0!==n&&(a.include_open_link=n),o(""/api/discord-channels"",i,{method:""PUT"",headers:{""Content-Type"":""application/json""},body:JSON.stringify(a)})}async function Z(t,e){await o(""/api/discord/test"",e,{method:""POST"",headers:{""Content-Type"":""application/json""},body:JSON.stringify({channel_id:t})})}async function H(t,e){return o(""/api/admin/users"
bundles_pass2/_next__static__chunks__7187-dbf517257821735b.js,1,/api/,"""/api/discord-channels"",t)}async function W(t,e,n,i){let a={};return t&&(a.channels=t),void 0!==e&&(a.message_template=e),void 0!==n&&(a.include_open_link=n),o(""/api/discord-channels"",i,{method:""PUT"",headers:{""Content-Type"":""application/json""},body:JSON.stringify(a)})}async function Z(t,e){await o(""/api/discord/test"",e,{method:""POST"",headers:{""Content-Type"":""application/json""},body:JSON.stringify({channel_id:t})})}async function H(t,e){return o(""/api/admin/users/"".concat(encodeURIComponent(t),""/discord-channels""),e)}async function G(t,e,n){return o(""/api/admin/users/"".concat(encodeURIComponent(t),"""
bundles_pass2/_next__static__chunks__7187-dbf517257821735b.js,1,/api/,"link=n),o(""/api/discord-channels"",i,{method:""PUT"",headers:{""Content-Type"":""application/json""},body:JSON.stringify(a)})}async function Z(t,e){await o(""/api/discord/test"",e,{method:""POST"",headers:{""Content-Type"":""application/json""},body:JSON.stringify({channel_id:t})})}async function H(t,e){return o(""/api/admin/users/"".concat(encodeURIComponent(t),""/discord-channels""),e)}async function G(t,e,n){return o(""/api/admin/users/"".concat(encodeURIComponent(t),""/discord-channels""),n,{method:""POST"",headers:{""Content-Type"":""application/json""},body:JSON.stringify(e)})}async function K(t,e,n){await o(""/api/admin/"
bundles_pass2/_next__static__chunks__7187-dbf517257821735b.js,1,/api/,"ringify(a)})}async function Z(t,e){await o(""/api/discord/test"",e,{method:""POST"",headers:{""Content-Type"":""application/json""},body:JSON.stringify({channel_id:t})})}async function H(t,e){return o(""/api/admin/users/"".concat(encodeURIComponent(t),""/discord-channels""),e)}async function G(t,e,n){return o(""/api/admin/users/"".concat(encodeURIComponent(t),""/discord-channels""),n,{method:""POST"",headers:{""Content-Type"":""application/json""},body:JSON.stringify(e)})}async function K(t,e,n){await o(""/api/admin/users/"".concat(encodeURIComponent(t),""/discord-channels/"").concat(encodeURIComponent(e),""/test""),n,{method"
bundles_pass2/_next__static__chunks__7187-dbf517257821735b.js,1,/api/,"rn o(""/api/admin/users/"".concat(encodeURIComponent(t),""/discord-channels""),e)}async function G(t,e,n){return o(""/api/admin/users/"".concat(encodeURIComponent(t),""/discord-channels""),n,{method:""POST"",headers:{""Content-Type"":""application/json""},body:JSON.stringify(e)})}async function K(t,e,n){await o(""/api/admin/users/"".concat(encodeURIComponent(t),""/discord-channels/"").concat(encodeURIComponent(e),""/test""),n,{method:""POST""})}async function Y(t,e,n){return o(""/api/admin/users/"".concat(encodeURIComponent(t),""/discord-channels/"").concat(encodeURIComponent(e)),n,{method:""DELETE""})}async function tt(t,e,n"
bundles_pass2/_next__static__chunks__7187-dbf517257821735b.js,1,/api/,"/discord-channels""),n,{method:""POST"",headers:{""Content-Type"":""application/json""},body:JSON.stringify(e)})}async function K(t,e,n){await o(""/api/admin/users/"".concat(encodeURIComponent(t),""/discord-channels/"").concat(encodeURIComponent(e),""/test""),n,{method:""POST""})}async function Y(t,e,n){return o(""/api/admin/users/"".concat(encodeURIComponent(t),""/discord-channels/"").concat(encodeURIComponent(e)),n,{method:""DELETE""})}async function tt(t,e,n,i,a){await o(""/api/discord/share"",a,{method:""POST"",headers:{""Content-Type"":""application/json""},body:JSON.stringify({channel_id:t,image_base64:e,...n,custom_mess"
bundles_pass2/_next__static__chunks__7187-dbf517257821735b.js,1,/api/,"oncat(encodeURIComponent(t),""/discord-channels/"").concat(encodeURIComponent(e),""/test""),n,{method:""POST""})}async function Y(t,e,n){return o(""/api/admin/users/"".concat(encodeURIComponent(t),""/discord-channels/"").concat(encodeURIComponent(e)),n,{method:""DELETE""})}async function tt(t,e,n,i,a){await o(""/api/discord/share"",a,{method:""POST"",headers:{""Content-Type"":""application/json""},body:JSON.stringify({channel_id:t,image_base64:e,...n,custom_message:i})})}async function te(t,e){var n;let i=new URLSearchParams;t&&t.length>0&&i.set(""tickers"",t.join("",""));let a=i.toString();return null!=(n=(await o(""/api/"
bundles_pass2/_next__static__chunks__7187-dbf517257821735b.js,1,/api/,"/api/discord/share"",a,{method:""POST"",headers:{""Content-Type"":""application/json""},body:JSON.stringify({channel_id:t,image_base64:e,...n,custom_message:i})})}async function te(t,e){var n;let i=new URLSearchParams;t&&t.length>0&&i.set(""tickers"",t.join("",""));let a=i.toString();return null!=(n=(await o(""/api/market/overview"".concat(a?""?"".concat(a):""""),e)).data)?n:null}async function tn(){var t;let e=arguments.length>0&&void 0!==arguments[0]?arguments[0]:""1D"",n=arguments.length>1&&void 0!==arguments[1]?arguments[1]:""1min"",i=arguments.length>2?arguments[2]:void 0,a=arguments.length>3?arguments[3]:void 0,r"
bundles_pass2/_next__static__chunks__7187-dbf517257821735b.js,1,/api/,"s[0]?arguments[0]:""1D"",n=arguments.length>1&&void 0!==arguments[1]?arguments[1]:""1min"",i=arguments.length>2?arguments[2]:void 0,a=arguments.length>3?arguments[3]:void 0,r=arguments.length>4?arguments[4]:void 0,c=new URLSearchParams({interval:e,bucket:n});return i&&c.set(""date"",i),null!=(t=(await o(""/api/market/tide?"".concat(c.toString()),a,r?{signal:r}:{})).data)?t:null}async function ti(t,e,n){let i=new URLSearchParams({group_id:t});return n&&i.set(""trade_date"",n),o(""/api/strategy/legs?"".concat(i.toString()),e)}let ta=200;async function to(t,e,n){var i;return 0===t.length?{}:null!=(i=(await o(""/ap"
bundles_pass2/_next__static__chunks__7187-dbf517257821735b.js,1,/api/,"guments.length>4?arguments[4]:void 0,c=new URLSearchParams({interval:e,bucket:n});return i&&c.set(""date"",i),null!=(t=(await o(""/api/market/tide?"".concat(c.toString()),a,r?{signal:r}:{})).data)?t:null}async function ti(t,e,n){let i=new URLSearchParams({group_id:t});return n&&i.set(""trade_date"",n),o(""/api/strategy/legs?"".concat(i.toString()),e)}let ta=200;async function to(t,e,n){var i;return 0===t.length?{}:null!=(i=(await o(""/api/cross-hedge/links"",e,{method:""POST"",headers:{""Content-Type"":""application/json""},body:JSON.stringify({trades:t.slice(0,ta)}),...n?{signal:n}:{}})).links)?i:{}}async functio"
bundles_pass2/_next__static__chunks__7187-dbf517257821735b.js,1,/api/,"pi/market/tide?"".concat(c.toString()),a,r?{signal:r}:{})).data)?t:null}async function ti(t,e,n){let i=new URLSearchParams({group_id:t});return n&&i.set(""trade_date"",n),o(""/api/strategy/legs?"".concat(i.toString()),e)}let ta=200;async function to(t,e,n){var i;return 0===t.length?{}:null!=(i=(await o(""/api/cross-hedge/links"",e,{method:""POST"",headers:{""Content-Type"":""application/json""},body:JSON.stringify({trades:t.slice(0,ta)}),...n?{signal:n}:{}})).links)?i:{}}async function tr(){let t=arguments.length>0&&void 0!==arguments[0]?arguments[0]:{},e=arguments.length>1?arguments[1]:void 0,n=arguments.lengt"
bundles_pass2/_next__static__chunks__7187-dbf517257821735b.js,1,/api/,"vol"",String(t.max_avg_vol)),t.sectors&&e.set(""sectors"",t.sectors),t.industries&&e.set(""industries"",t.industries),t.venue&&e.set(""venue"",t.venue),null!=t.limit&&e.set(""limit"",String(t.limit)),null!=t.offset&&e.set(""offset"",String(t.offset)),t.order&&e.set(""order"",t.order),e})(t).toString();return o(""/api/dark-pool/trades"".concat(i?""?"".concat(i):""""),e,n?{signal:n}:{})}async function tc(){let t=arguments.length>0&&void 0!==arguments[0]?arguments[0]:{},e=arguments.length>1?arguments[1]:void 0,n=arguments.length>2?arguments[2]:void 0,i=new URLSearchParams;t.date&&i.set(""date"",t.date),null!=t.top_n&&i.se"
bundles_pass2/_next__static__chunks__7187-dbf517257821735b.js,1,/api/,"l"",String(t.min_notional)),null!=t.min_avg_vol&&i.set(""min_avg_vol"",String(t.min_avg_vol)),null!=t.max_avg_vol&&i.set(""max_avg_vol"",String(t.max_avg_vol)),null!=t.min_price&&i.set(""min_price"",String(t.min_price)),null!=t.max_price&&i.set(""max_price"",String(t.max_price));let a=i.toString();return o(""/api/dark-pool/sector-summary"".concat(a?""?"".concat(a):""""),e,n?{signal:n}:{})}async function ts(t,e,n){let i=new URLSearchParams({ticker:t.ticker});return void 0!==t.top_n&&i.set(""top_n"",String(t.top_n)),void 0!==t.lookback_days&&i.set(""lookback_days"",String(t.lookback_days)),t.as_of_date&&i.set(""as_of_da"
bundles_pass2/_next__static__chunks__7187-dbf517257821735b.js,1,/api/,"ary"".concat(a?""?"".concat(a):""""),e,n?{signal:n}:{})}async function ts(t,e,n){let i=new URLSearchParams({ticker:t.ticker});return void 0!==t.top_n&&i.set(""top_n"",String(t.top_n)),void 0!==t.lookback_days&&i.set(""lookback_days"",String(t.lookback_days)),t.as_of_date&&i.set(""as_of_date"",t.as_of_date),o(""/api/dark-pool/top-prints?"".concat(i.toString()),e,n?{signal:n}:{})}async function tl(t){let e=arguments.length>1&&void 0!==arguments[1]?arguments[1]:""1D"",n=arguments.length>2?arguments[2]:void 0,i=arguments.length>3?arguments[3]:void 0,a=arguments.length>4?arguments[4]:void 0,r=new URLSearchParams({inte"
bundles_pass2/_next__static__chunks__7187-dbf517257821735b.js,1,/api/,"ng()),e,n?{signal:n}:{})}async function tl(t){let e=arguments.length>1&&void 0!==arguments[1]?arguments[1]:""1D"",n=arguments.length>2?arguments[2]:void 0,i=arguments.length>3?arguments[3]:void 0,a=arguments.length>4?arguments[4]:void 0,r=new URLSearchParams({interval:e});return n&&r.set(""date"",n),o(""/api/underlying/"".concat(encodeURIComponent(t),""/flow-vwap?"").concat(r.toString()),i,a?{signal:a}:{})}async function tm(t,e,n){let i=new URLSearchParams;t.event_type&&i.set(""event_type"",t.event_type),t.from&&i.set(""from"",t.from),t.to&&i.set(""to"",t.to),void 0!==t.limit&&i.set(""limit"",String(t.limit));let "
bundles_pass2/_next__static__chunks__7187-dbf517257821735b.js,1,/api/,"eURIComponent(t),""/flow-vwap?"").concat(r.toString()),i,a?{signal:a}:{})}async function tm(t,e,n){let i=new URLSearchParams;t.event_type&&i.set(""event_type"",t.event_type),t.from&&i.set(""from"",t.from),t.to&&i.set(""to"",t.to),void 0!==t.limit&&i.set(""limit"",String(t.limit));let a=i.toString();return o(""/api/underlying/"".concat(encodeURIComponent(t.ticker),""/events"").concat(a?""?"".concat(a):""""),e,n?{signal:n}:{})}async function td(){let t=arguments.length>0&&void 0!==arguments[0]?arguments[0]:{},e=arguments.length>1?arguments[1]:void 0,n=arguments.length>2?arguments[2]:void 0,i=new URLSearchParams;t.from"
bundles_pass2/_next__static__chunks__7187-dbf517257821735b.js,1,/api/,"ents.length>2?arguments[2]:void 0,i=new URLSearchParams;t.from&&i.set(""from"",t.from),t.to&&i.set(""to"",t.to),t.event_type&&i.set(""event_type"",t.event_type),void 0!==t.min_premium&&i.set(""min_premium"",String(t.min_premium)),void 0!==t.limit&&i.set(""limit"",String(t.limit));let a=i.toString();return o(""/api/calendar/events"".concat(a?""?"".concat(a):""""),e,n?{signal:n}:{})}async function tu(){let t=arguments.length>0&&void 0!==arguments[0]?arguments[0]:{},e=arguments.length>1?arguments[1]:void 0,n=arguments.length>2?arguments[2]:void 0,i=new URLSearchParams;t.from&&i.set(""from"",t.from),t.to&&i.set(""to"",t.t"
bundles_pass2/_next__static__chunks__7187-dbf517257821735b.js,1,/api/,"=arguments.length>1?arguments[1]:void 0,n=arguments.length>2?arguments[2]:void 0,i=new URLSearchParams;t.from&&i.set(""from"",t.from),t.to&&i.set(""to"",t.to),void 0!==t.min_premium&&i.set(""min_premium"",String(t.min_premium)),void 0!==t.limit&&i.set(""limit"",String(t.limit));let a=i.toString();return o(""/api/calendar/earnings-moves"".concat(a?""?"".concat(a):""""),e,n?{signal:n}:{})}async function tp(){let t=arguments.length>0&&void 0!==arguments[0]?arguments[0]:{},e=arguments.length>1?arguments[1]:void 0,n=arguments.length>2?arguments[2]:void 0,i=new URLSearchParams;void 0!==t.limit&&i.set(""limit"",String(t."
bundles_pass2/_next__static__chunks__7187-dbf517257821735b.js,1,/api/,"RLSearchParams;void 0!==t.limit&&i.set(""limit"",String(t.limit)),void 0!==t.min_rvol&&i.set(""min_rvol"",String(t.min_rvol)),void 0!==t.lookback_days&&i.set(""lookback_days"",String(t.lookback_days)),void 0!==t.min_avg_volume&&i.set(""min_avg_volume"",String(t.min_avg_volume));let a=i.toString();return o(""/api/compass/top-contracts"".concat(a?""?"".concat(a):""""),e,n?{signal:n}:{})}async function t_(){let t=arguments.length>0&&void 0!==arguments[0]?arguments[0]:{},e=arguments.length>1?arguments[1]:void 0,n=arguments.length>2?arguments[2]:void 0,i=new URLSearchParams;void 0!==t.limit&&i.set(""limit"",String(t.li"
bundles_pass2/_next__static__chunks__7187-dbf517257821735b.js,1,/api/,"ts.length>0&&void 0!==arguments[0]?arguments[0]:{},e=arguments.length>1?arguments[1]:void 0,n=arguments.length>2?arguments[2]:void 0,i=new URLSearchParams;void 0!==t.limit&&i.set(""limit"",String(t.limit)),void 0!==t.min_premium&&i.set(""min_premium"",String(t.min_premium));let a=i.toString();return o(""/api/compass/top-industries"".concat(a?""?"".concat(a):""""),e,n?{signal:n}:{})}async function tg(){let t=arguments.length>0&&void 0!==arguments[0]?arguments[0]:{},e=arguments.length>1?arguments[1]:void 0,n=arguments.length>2?arguments[2]:void 0,i=new URLSearchParams;void 0!==t.limit&&i.set(""limit"",String(t.l"
bundles_pass2/_next__static__chunks__7187-dbf517257821735b.js,1,/api/,"ts.length>0&&void 0!==arguments[0]?arguments[0]:{},e=arguments.length>1?arguments[1]:void 0,n=arguments.length>2?arguments[2]:void 0,i=new URLSearchParams;void 0!==t.limit&&i.set(""limit"",String(t.limit)),void 0!==t.min_premium&&i.set(""min_premium"",String(t.min_premium));let a=i.toString();return o(""/api/compass/net-impact"".concat(a?""?"".concat(a):""""),e,n?{signal:n}:{})}async function tv(t,e,n){let i=new URLSearchParams;return i.set(""industry"",t.industry),void 0!==t.limit&&i.set(""limit"",String(t.limit)),void 0!==t.min_premium&&i.set(""min_premium"",String(t.min_premium)),o(""/api/compass/industry-ticker"
bundles_pass2/_next__static__chunks__7187-dbf517257821735b.js,1,/api/,"i.toString();return o(""/api/compass/net-impact"".concat(a?""?"".concat(a):""""),e,n?{signal:n}:{})}async function tv(t,e,n){let i=new URLSearchParams;return i.set(""industry"",t.industry),void 0!==t.limit&&i.set(""limit"",String(t.limit)),void 0!==t.min_premium&&i.set(""min_premium"",String(t.min_premium)),o(""/api/compass/industry-tickers?"".concat(i.toString()),e,n?{signal:n}:{})}async function th(){let t=arguments.length>0&&void 0!==arguments[0]?arguments[0]:{},e=arguments.length>1?arguments[1]:void 0,n=arguments.length>2?arguments[2]:void 0,i=new URLSearchParams;void 0!==t.window&&i.set(""window"",t.window);l"
bundles_pass2/_next__static__chunks__7187-dbf517257821735b.js,1,/api/,"oncat(i.toString()),e,n?{signal:n}:{})}async function th(){let t=arguments.length>0&&void 0!==arguments[0]?arguments[0]:{},e=arguments.length>1?arguments[1]:void 0,n=arguments.length>2?arguments[2]:void 0,i=new URLSearchParams;void 0!==t.window&&i.set(""window"",t.window);let a=i.toString();return o(""/api/compass/breadth-calendar"".concat(a?""?"".concat(a):""""),e,n?{signal:n}:{})}async function tS(){let t=arguments.length>0&&void 0!==arguments[0]?arguments[0]:{},e=arguments.length>1?arguments[1]:void 0,n=arguments.length>2?arguments[2]:void 0,i=new URLSearchParams;void 0!==t.window&&i.set(""window"",t.wind"
bundles_pass2/_next__static__chunks__7187-dbf517257821735b.js,1,/api/,"a?""?"".concat(a):""""),e,n?{signal:n}:{})}async function tS(){let t=arguments.length>0&&void 0!==arguments[0]?arguments[0]:{},e=arguments.length>1?arguments[1]:void 0,n=arguments.length>2?arguments[2]:void 0,i=new URLSearchParams;void 0!==t.window&&i.set(""window"",t.window);let a=i.toString();return o(""/api/compass/rotation-map"".concat(a?""?"".concat(a):""""),e,n?{signal:n}:{})}async function tw(t,e,n){let i=new URLSearchParams;void 0!==t.window&&i.set(""window"",t.window),void 0!==t.expiration&&i.set(""expiration"",t.expiration),void 0!==t.strikes&&i.set(""strikes"",String(t.strikes)),void 0!==t.date&&i.set(""da"
bundles_pass2/_next__static__chunks__7187-dbf517257821735b.js,1,/api/,"(a):""""),e,n?{signal:n}:{})}async function tw(t,e,n){let i=new URLSearchParams;void 0!==t.window&&i.set(""window"",t.window),void 0!==t.expiration&&i.set(""expiration"",t.expiration),void 0!==t.strikes&&i.set(""strikes"",String(t.strikes)),void 0!==t.date&&i.set(""date"",t.date);let a=i.toString();return o(""/api/underlying/"".concat(encodeURIComponent(t.ticker),""/strike-flow"").concat(a?""?"".concat(a):""""),e,n?{signal:n}:{})}async function ty(t,e,n){let i=new URLSearchParams;void 0!==t.date&&i.set(""date"",t.date),void 0!==t.expiration&&i.set(""expiration"",t.expiration),void 0!==t.strikes&&i.set(""strikes"",String(t"
bundles_pass2/_next__static__chunks__7187-dbf517257821735b.js,1,/api/,".ticker),""/strike-flow"").concat(a?""?"".concat(a):""""),e,n?{signal:n}:{})}async function ty(t,e,n){let i=new URLSearchParams;void 0!==t.date&&i.set(""date"",t.date),void 0!==t.expiration&&i.set(""expiration"",t.expiration),void 0!==t.strikes&&i.set(""strikes"",String(t.strikes));let a=i.toString();return o(""/api/underlying/"".concat(encodeURIComponent(t.ticker),""/strike-flow/session"").concat(a?""?"".concat(a):""""),e,n?{signal:n}:{})}async function tf(){let t=arguments.length>0&&void 0!==arguments[0]?arguments[0]:{},e=arguments.length>1?arguments[1]:void 0,n=arguments.length>2?arguments[2]:void 0,i=new URLSearch"
bundles_pass2/_next__static__chunks__7187-dbf517257821735b.js,1,/api/,"atio"",String(t.max_multi_leg_ratio)),void 0!==t.min_tower_mult&&i.set(""min_tower_mult"",String(t.min_tower_mult)),void 0!==t.vol_similarity&&i.set(""vol_similarity"",String(t.vol_similarity)),void 0!==t.min_recent_share&&i.set(""min_recent_share"",String(t.min_recent_share));let a=i.toString();return o(""/api/compass/repetitive-hits"".concat(a?""?"".concat(a):""""),e,n?{signal:n}:{})}async function tk(){let t=arguments.length>0&&void 0!==arguments[0]?arguments[0]:{},e=arguments.length>1?arguments[1]:void 0,n=arguments.length>2?arguments[2]:void 0,i=new URLSearchParams;void 0!==t.limit&&i.set(""limit"",String(t."
bundles_pass2/_next__static__chunks__7187-dbf517257821735b.js,1,/api/,"ts.length>0&&void 0!==arguments[0]?arguments[0]:{},e=arguments.length>1?arguments[1]:void 0,n=arguments.length>2?arguments[2]:void 0,i=new URLSearchParams;void 0!==t.limit&&i.set(""limit"",String(t.limit)),void 0!==t.min_premium&&i.set(""min_premium"",String(t.min_premium));let a=i.toString();return o(""/api/compass/large-opening-orders"".concat(a?""?"".concat(a):""""),e,n?{signal:n}:{})}let tx={maxRules:25,maxNameLen:80,maxChannelsPerRule:5,minRateCap:1,maxRateCap:120,defaultRateCap:10};async function tP(t){return o(""/api/alerts"",t)}async function tb(t,e){return o(""/api/alerts"",e,{method:""POST"",headers:{""Co"
bundles_pass2/_next__static__chunks__7187-dbf517257821735b.js,1,/api/,".min_premium&&i.set(""min_premium"",String(t.min_premium));let a=i.toString();return o(""/api/compass/large-opening-orders"".concat(a?""?"".concat(a):""""),e,n?{signal:n}:{})}let tx={maxRules:25,maxNameLen:80,maxChannelsPerRule:5,minRateCap:1,maxRateCap:120,defaultRateCap:10};async function tP(t){return o(""/api/alerts"",t)}async function tb(t,e){return o(""/api/alerts"",e,{method:""POST"",headers:{""Content-Type"":""application/json""},body:JSON.stringify(t)})}async function tC(t,e,n){return o(""/api/alerts/"".concat(encodeURIComponent(t)),n,{method:""PUT"",headers:{""Content-Type"":""application/json""},body:JSON.stringif"
bundles_pass2/_next__static__chunks__7187-dbf517257821735b.js,1,/api/,"emium));let a=i.toString();return o(""/api/compass/large-opening-orders"".concat(a?""?"".concat(a):""""),e,n?{signal:n}:{})}let tx={maxRules:25,maxNameLen:80,maxChannelsPerRule:5,minRateCap:1,maxRateCap:120,defaultRateCap:10};async function tP(t){return o(""/api/alerts"",t)}async function tb(t,e){return o(""/api/alerts"",e,{method:""POST"",headers:{""Content-Type"":""application/json""},body:JSON.stringify(t)})}async function tC(t,e,n){return o(""/api/alerts/"".concat(encodeURIComponent(t)),n,{method:""PUT"",headers:{""Content-Type"":""application/json""},body:JSON.stringify(e)})}async function tU(t,e){return o(""/api/aler"
bundles_pass2/_next__static__chunks__7187-dbf517257821735b.js,1,/api/,":25,maxNameLen:80,maxChannelsPerRule:5,minRateCap:1,maxRateCap:120,defaultRateCap:10};async function tP(t){return o(""/api/alerts"",t)}async function tb(t,e){return o(""/api/alerts"",e,{method:""POST"",headers:{""Content-Type"":""application/json""},body:JSON.stringify(t)})}async function tC(t,e,n){return o(""/api/alerts/"".concat(encodeURIComponent(t)),n,{method:""PUT"",headers:{""Content-Type"":""application/json""},body:JSON.stringify(e)})}async function tU(t,e){return o(""/api/alerts/"".concat(encodeURIComponent(t)),e,{method:""DELETE""})}async function tO(){var t;let e=arguments.length>0&&void 0!==arguments[0]?argu"
bundles_pass2/_next__static__chunks__7187-dbf517257821735b.js,1,/api/," o(""/api/alerts"",e,{method:""POST"",headers:{""Content-Type"":""application/json""},body:JSON.stringify(t)})}async function tC(t,e,n){return o(""/api/alerts/"".concat(encodeURIComponent(t)),n,{method:""PUT"",headers:{""Content-Type"":""application/json""},body:JSON.stringify(e)})}async function tU(t,e){return o(""/api/alerts/"".concat(encodeURIComponent(t)),e,{method:""DELETE""})}async function tO(){var t;let e=arguments.length>0&&void 0!==arguments[0]?arguments[0]:{},n=arguments.length>1?arguments[1]:void 0,i=new URLSearchParams;return e.ruleId&&i.set(""rule_id"",e.ruleId),e.ticker&&i.set(""ticker"",e.ticker),i.set(""li"
bundles_pass2/_next__static__chunks__7187-dbf517257821735b.js,1,/api/,"ength>0&&void 0!==arguments[0]?arguments[0]:{},n=arguments.length>1?arguments[1]:void 0,i=new URLSearchParams;return e.ruleId&&i.set(""rule_id"",e.ruleId),e.ticker&&i.set(""ticker"",e.ticker),i.set(""limit"",String(null!=(t=e.limit)?t:50)),e.paginationToken&&i.set(""pagination_token"",e.paginationToken),o(""/api/alerts/events?"".concat(i.toString()),n)}async function tR(t,e){return o(""/api/alerts/events/acknowledge"",e,{method:""POST"",headers:{""Content-Type"":""application/json""},body:JSON.stringify(t)})}async function tL(t,e){return o(""/api/alerts/events/acknowledge-bulk"",e,{method:""POST"",headers:{""Content-Type"
bundles_pass2/_next__static__chunks__7187-dbf517257821735b.js,1,/api/,"1]:void 0,i=new URLSearchParams;return e.ruleId&&i.set(""rule_id"",e.ruleId),e.ticker&&i.set(""ticker"",e.ticker),i.set(""limit"",String(null!=(t=e.limit)?t:50)),e.paginationToken&&i.set(""pagination_token"",e.paginationToken),o(""/api/alerts/events?"".concat(i.toString()),n)}async function tR(t,e){return o(""/api/alerts/events/acknowledge"",e,{method:""POST"",headers:{""Content-Type"":""application/json""},body:JSON.stringify(t)})}async function tL(t,e){return o(""/api/alerts/events/acknowledge-bulk"",e,{method:""POST"",headers:{""Content-Type"":""application/json""},body:JSON.stringify({events:t})})}},64269:(t,e,n)=>{n.d("
bundles_pass2/_next__static__chunks__7187-dbf517257821735b.js,1,/api/,"50)),e.paginationToken&&i.set(""pagination_token"",e.paginationToken),o(""/api/alerts/events?"".concat(i.toString()),n)}async function tR(t,e){return o(""/api/alerts/events/acknowledge"",e,{method:""POST"",headers:{""Content-Type"":""application/json""},body:JSON.stringify(t)})}async function tL(t,e){return o(""/api/alerts/events/acknowledge-bulk"",e,{method:""POST"",headers:{""Content-Type"":""application/json""},body:JSON.stringify({events:t})})}},64269:(t,e,n)=>{n.d(e,{cn:()=>o});var i=n(2821),a=n(75889);function o(){for(var t=arguments.length,e=Array(t),n=0;n<t;n++)e[n]=arguments[n];return(0,a.QP)((0,i.$)(e))}},65"
bundles_pass2/_next__static__chunks__5368-05ddc984de4127bf.js,1,gatekeeper,".value).slice(0,3).forEach(e=>i.set(e.key,""pika"")),l.filter(e=>e.value<0&&!i.has(e.key)).sort((e,t)=>e.value-t.value).slice(0,3).forEach(e=>i.set(e.key,""barney"")),l.filter(e=>!i.has(e.key)&&Math.abs(e.value)>=.25*s).sort((e,t)=>Math.abs(t.value)-Math.abs(e.value)).slice(0,3).forEach(e=>i.set(e.key,""gatekeeper""));let c={king:[],pika:[],barney:[],gatekeeper:[]};return i.forEach((e,t)=>{e&&c[e].push(t)}),{roleOf:(e,t)=>{var r;return null!=(r=i.get(o(e,t)))?r:null},cellsOf:e=>{var t;return null!=(t=c[e])?t:[]}}}let i={king:{label:""King"",nodeType:""King""},pika:{label:""Pika"",nodeType:""Pika""},barney:{label:""Bar"
bundles_pass2/_next__static__chunks__5368-05ddc984de4127bf.js,1,gatekeeper,""")),l.filter(e=>e.value<0&&!i.has(e.key)).sort((e,t)=>e.value-t.value).slice(0,3).forEach(e=>i.set(e.key,""barney"")),l.filter(e=>!i.has(e.key)&&Math.abs(e.value)>=.25*s).sort((e,t)=>Math.abs(t.value)-Math.abs(e.value)).slice(0,3).forEach(e=>i.set(e.key,""gatekeeper""));let c={king:[],pika:[],barney:[],gatekeeper:[]};return i.forEach((e,t)=>{e&&c[e].push(t)}),{roleOf:(e,t)=>{var r;return null!=(r=i.get(o(e,t)))?r:null},cellsOf:e=>{var t;return null!=(t=c[e])?t:[]}}}let i={king:{label:""King"",nodeType:""King""},pika:{label:""Pika"",nodeType:""Pika""},barney:{label:""Barney"",nodeType:""Barney""},gatekeeper:{label:""Gate"
bundles_pass2/_next__static__chunks__5368-05ddc984de4127bf.js,1,gatekeeper,"[],barney:[],gatekeeper:[]};return i.forEach((e,t)=>{e&&c[e].push(t)}),{roleOf:(e,t)=>{var r;return null!=(r=i.get(o(e,t)))?r:null},cellsOf:e=>{var t;return null!=(t=c[e])?t:[]}}}let i={king:{label:""King"",nodeType:""King""},pika:{label:""Pika"",nodeType:""Pika""},barney:{label:""Barney"",nodeType:""Barney""},gatekeeper:{label:""Gatekeeper"",nodeType:""Gatekeeper""}}},73273:(e,t,r)=>{r.d(t,{O:()=>N});var n=r(95155),o=r(12115),l=r(47650),i=r(85998),a=r(18720),s=r(55485),c=r(64300),d=r(65229),u=r(94266),p=r(71360),f=r(24033),h=r(50906),m=r(57828),x=r(70532),g=r(70130),y=r(29524),b=r(70100),v=r(75420),k=r(12495);let j=y."
bundles_pass2/_next__static__chunks__5368-05ddc984de4127bf.js,1,Gatekeeper,"eper:[]};return i.forEach((e,t)=>{e&&c[e].push(t)}),{roleOf:(e,t)=>{var r;return null!=(r=i.get(o(e,t)))?r:null},cellsOf:e=>{var t;return null!=(t=c[e])?t:[]}}}let i={king:{label:""King"",nodeType:""King""},pika:{label:""Pika"",nodeType:""Pika""},barney:{label:""Barney"",nodeType:""Barney""},gatekeeper:{label:""Gatekeeper"",nodeType:""Gatekeeper""}}},73273:(e,t,r)=>{r.d(t,{O:()=>N});var n=r(95155),o=r(12115),l=r(47650),i=r(85998),a=r(18720),s=r(55485),c=r(64300),d=r(65229),u=r(94266),p=r(71360),f=r(24033),h=r(50906),m=r(57828),x=r(70532),g=r(70130),y=r(29524),b=r(70100),v=r(75420),k=r(12495);let j=y.Il.font.ui,w=y.Il.f"
bundles_pass2/_next__static__chunks__5368-05ddc984de4127bf.js,1,Gatekeeper,"ach((e,t)=>{e&&c[e].push(t)}),{roleOf:(e,t)=>{var r;return null!=(r=i.get(o(e,t)))?r:null},cellsOf:e=>{var t;return null!=(t=c[e])?t:[]}}}let i={king:{label:""King"",nodeType:""King""},pika:{label:""Pika"",nodeType:""Pika""},barney:{label:""Barney"",nodeType:""Barney""},gatekeeper:{label:""Gatekeeper"",nodeType:""Gatekeeper""}}},73273:(e,t,r)=>{r.d(t,{O:()=>N});var n=r(95155),o=r(12115),l=r(47650),i=r(85998),a=r(18720),s=r(55485),c=r(64300),d=r(65229),u=r(94266),p=r(71360),f=r(24033),h=r(50906),m=r(57828),x=r(70532),g=r(70130),y=r(29524),b=r(70100),v=r(75420),k=r(12495);let j=y.Il.font.ui,w=y.Il.font.mono,M=""#22C55E"",S"
bundles_pass2/_next__static__chunks__5368-05ddc984de4127bf.js,1,gatekeeper,"return!1;if(""spot""===t){let t=o(e);if(-1!==t)return a(t)}else{let t=n(e);if(t)return a(t.strikeIndex);{let t=o(e);if(-1!==t)return a(t)}}return!1}r.d(t,{H:()=>i,L9:()=>o,cv:()=>s,it:()=>n,qh:()=>l})},75420:(e,t,r)=>{r.d(t,{dn:()=>l,gu:()=>s,l_:()=>a,wy:()=>i});let n=new Set([""king"",""pika"",""barney"",""gatekeeper""]),o=new Set([""king"",""gatekeeper""]);function l(e){return!1!==e.enabled&&!e.muted}function i(e,t){var r,n;let o=t.toUpperCase();if(e.ticker&&e.ticker.toUpperCase()===o)return!0;let l=e.scope;return!!l&&!!(""ticker""===l.type&&(null==(r=l.ticker_id)?void 0:r.toUpperCase())===o||""global""===l.type&&(null"
bundles_pass2/_next__static__chunks__5368-05ddc984de4127bf.js,1,gatekeeper,");if(-1!==t)return a(t)}else{let t=n(e);if(t)return a(t.strikeIndex);{let t=o(e);if(-1!==t)return a(t)}}return!1}r.d(t,{H:()=>i,L9:()=>o,cv:()=>s,it:()=>n,qh:()=>l})},75420:(e,t,r)=>{r.d(t,{dn:()=>l,gu:()=>s,l_:()=>a,wy:()=>i});let n=new Set([""king"",""pika"",""barney"",""gatekeeper""]),o=new Set([""king"",""gatekeeper""]);function l(e){return!1!==e.enabled&&!e.muted}function i(e,t){var r,n;let o=t.toUpperCase();if(e.ticker&&e.ticker.toUpperCase()===o)return!0;let l=e.scope;return!!l&&!!(""ticker""===l.type&&(null==(r=l.ticker_id)?void 0:r.toUpperCase())===o||""global""===l.type&&(null==(n=l.ticker_ids)?void 0:n.some("
bundles_pass2/_next__static__chunks__6696-f35cc60e1a8df3cf.js,1,/api/,":()=>V,ZG:()=>O,Zx:()=>G,_B:()=>ei,_e:()=>B,aU:()=>eo,az:()=>A,b9:()=>ec,cj:()=>a,cl:()=>x,d9:()=>I,dc:()=>j,en:()=>_,fq:()=>m,h2:()=>z,hl:()=>w,i1:()=>en,j_:()=>C,jk:()=>q,jq:()=>ea,kJ:()=>H,m5:()=>K,m9:()=>P,nP:()=>s,pV:()=>R,sY:()=>Q,tj:()=>X,tv:()=>g,u5:()=>F,v6:()=>E,xS:()=>l,yC:()=>L});let o=""/api/stages"";class a extends Error{constructor(e,t){super(e),this.name=""StagesAPIError"",this.status=t}}async function r(e,t){let n,o=arguments.length>2&&void 0!==arguments[2]?arguments[2]:{},r=new Headers(o.headers);if(t)try{let e=await t();e&&r.set(""Authorization"",""Bearer "".concat(e))}catch(e){console.w"
bundles_pass2/_next__static__chunks__6696-f35cc60e1a8df3cf.js,1,/api/,"){return c(""/"".concat(t,""/polls/"").concat(n,""/vote""),e,{method:""POST"",body:{option_index:o}})}function en(e,t,n){return c(""/"".concat(t,""/polls/"").concat(n,""/close""),e,{method:""POST""})}function eo(e,t,n){return c(""/"".concat(t,""/reactions""),e,{method:""POST"",body:{emoji:n}})}function ea(e,t){return r(""/api/users/"".concat(t,""/track-record""),e)}function er(e,t,n){return c(""/"".concat(t,""/tidbits/"").concat(n,""/copy""),e,{method:""POST""})}async function ec(e,t){try{return await c(""/"".concat(t,""/catch-me-up""),e)}catch(e){if(e instanceof a&&404===e.status)return{summary:""""};throw e}}function ei(e,t){return c("""
bundles_pass2/_next__static__chunks__4338-2835906ea9e42f40.js,1,/api/,"sage||n.error||t}catch(e){}throw new s(t,e.status)}if(204===e.status)return;return await e.json()}catch(e){if(e instanceof s||e instanceof DOMException&&""AbortError""===e.name)throw e;throw new s(""Network error: "".concat(e instanceof Error?e.message:""Unknown error""),0)}}async function d(e){return c(""/api/nexus/users/me"",e)}async function u(e){let t=arguments.length>1&&void 0!==arguments[1]?arguments[1]:{},n=new URLSearchParams;t.agentSlug&&n.set(""agent"",t.agentSlug),t.ticker&&n.set(""ticker"",t.ticker),t.direction&&n.set(""direction"",t.direction),t.status&&n.set(""status"",t.status),void 0!==t.limit&&n.s"
bundles_pass2/_next__static__chunks__4338-2835906ea9e42f40.js,1,/api/,"URLSearchParams;t.agentSlug&&n.set(""agent"",t.agentSlug),t.ticker&&n.set(""ticker"",t.ticker),t.direction&&n.set(""direction"",t.direction),t.status&&n.set(""status"",t.status),void 0!==t.limit&&n.set(""limit"",String(t.limit)),void 0!==t.offset&&n.set(""offset"",String(t.offset));let a=n.toString();return c(""/api/nexus/agent-setups"".concat(a?""?"".concat(a):""""),e,{skipGuildHeader:!0})}async function l(e,t){let n=arguments.length>2&&void 0!==arguments[2]?arguments[2]:{};return c(""/api/nexus/agent-scans/"".concat(encodeURIComponent(t),""/run""),e,{method:""POST"",headers:{""Content-Type"":""application/json""},body:JSON."
bundles_pass2/_next__static__chunks__4338-2835906ea9e42f40.js,1,/api/,"id 0!==t.limit&&n.set(""limit"",String(t.limit)),void 0!==t.offset&&n.set(""offset"",String(t.offset));let a=n.toString();return c(""/api/nexus/agent-setups"".concat(a?""?"".concat(a):""""),e,{skipGuildHeader:!0})}async function l(e,t){let n=arguments.length>2&&void 0!==arguments[2]?arguments[2]:{};return c(""/api/nexus/agent-scans/"".concat(encodeURIComponent(t),""/run""),e,{method:""POST"",headers:{""Content-Type"":""application/json""},body:JSON.stringify(n),skipGuildHeader:!0})}async function p(e,t){return c(""/api/nexus/users/me"",e,{method:""PUT"",headers:{""Content-Type"":""application/json""},body:JSON.stringify(t)})}"
bundles_pass2/_next__static__chunks__4338-2835906ea9e42f40.js,1,/api/,"!0})}async function l(e,t){let n=arguments.length>2&&void 0!==arguments[2]?arguments[2]:{};return c(""/api/nexus/agent-scans/"".concat(encodeURIComponent(t),""/run""),e,{method:""POST"",headers:{""Content-Type"":""application/json""},body:JSON.stringify(n),skipGuildHeader:!0})}async function p(e,t){return c(""/api/nexus/users/me"",e,{method:""PUT"",headers:{""Content-Type"":""application/json""},body:JSON.stringify(t)})}async function m(e,t){return c(""/api/nexus/users/"".concat(encodeURIComponent(t)),e)}async function y(e,t){return c(""/api/nexus/users/by-username/"".concat(encodeURIComponent(t)),e)}async function f(e,"
bundles_pass2/_next__static__chunks__4338-2835906ea9e42f40.js,1,/api/,"eURIComponent(t),""/run""),e,{method:""POST"",headers:{""Content-Type"":""application/json""},body:JSON.stringify(n),skipGuildHeader:!0})}async function p(e,t){return c(""/api/nexus/users/me"",e,{method:""PUT"",headers:{""Content-Type"":""application/json""},body:JSON.stringify(t)})}async function m(e,t){return c(""/api/nexus/users/"".concat(encodeURIComponent(t)),e)}async function y(e,t){return c(""/api/nexus/users/by-username/"".concat(encodeURIComponent(t)),e)}async function f(e,t){let n=new URLSearchParams;(null==t?void 0:t.ticker)&&n.append(""ticker"",t.ticker),(null==t?void 0:t.status)&&n.append(""status"",t.status)"
bundles_pass2/_next__static__chunks__4338-2835906ea9e42f40.js,1,/api/,"},body:JSON.stringify(n),skipGuildHeader:!0})}async function p(e,t){return c(""/api/nexus/users/me"",e,{method:""PUT"",headers:{""Content-Type"":""application/json""},body:JSON.stringify(t)})}async function m(e,t){return c(""/api/nexus/users/"".concat(encodeURIComponent(t)),e)}async function y(e,t){return c(""/api/nexus/users/by-username/"".concat(encodeURIComponent(t)),e)}async function f(e,t){let n=new URLSearchParams;(null==t?void 0:t.ticker)&&n.append(""ticker"",t.ticker),(null==t?void 0:t.status)&&n.append(""status"",t.status),(null==t?void 0:t.userId)&&n.append(""userId"",t.userId),(null==t?void 0:t.limit)!==v"
bundles_pass2/_next__static__chunks__4338-2835906ea9e42f40.js,1,/api/,"er"",t.ticker),(null==t?void 0:t.status)&&n.append(""status"",t.status),(null==t?void 0:t.userId)&&n.append(""userId"",t.userId),(null==t?void 0:t.limit)!==void 0&&n.append(""limit"",t.limit.toString()),(null==t?void 0:t.offset)!==void 0&&n.append(""offset"",t.offset.toString());let a=n.toString();return c(""/api/nexus/trades"".concat(a?""?"".concat(a):""""),e)}async function g(e,t,n){let a=arguments.length>3&&void 0!==arguments[3]&&arguments[3],i=new URLSearchParams;return i.set(""ticker"",t),i.set(""scope"",n),a&&i.set(""includeClosed"",""true""),c(""/api/nexus/chart/positions?"".concat(i.toString()),e)}async function h("
bundles_pass2/_next__static__chunks__4338-2835906ea9e42f40.js,1,/api/,"ppend(""offset"",t.offset.toString());let a=n.toString();return c(""/api/nexus/trades"".concat(a?""?"".concat(a):""""),e)}async function g(e,t,n){let a=arguments.length>3&&void 0!==arguments[3]&&arguments[3],i=new URLSearchParams;return i.set(""ticker"",t),i.set(""scope"",n),a&&i.set(""includeClosed"",""true""),c(""/api/nexus/chart/positions?"".concat(i.toString()),e)}async function h(e,t){return c(""/api/nexus/trades/"".concat(encodeURIComponent(t)),e)}async function T(e,t,n){let a=new URLSearchParams;(null==n?void 0:n.limit)!==void 0&&a.append(""limit"",n.limit.toString());let i=a.toString();try{return await c(""/api/n"
bundles_pass2/_next__static__chunks__4338-2835906ea9e42f40.js,1,/api/,"oncat(a?""?"".concat(a):""""),e)}async function g(e,t,n){let a=arguments.length>3&&void 0!==arguments[3]&&arguments[3],i=new URLSearchParams;return i.set(""ticker"",t),i.set(""scope"",n),a&&i.set(""includeClosed"",""true""),c(""/api/nexus/chart/positions?"".concat(i.toString()),e)}async function h(e,t){return c(""/api/nexus/trades/"".concat(encodeURIComponent(t)),e)}async function T(e,t,n){let a=new URLSearchParams;(null==n?void 0:n.limit)!==void 0&&a.append(""limit"",n.limit.toString());let i=a.toString();try{return await c(""/api/nexus/trades/"".concat(encodeURIComponent(t),""/pnl-history"").concat(i?""?"".concat(i):"""")"
bundles_pass2/_next__static__chunks__4338-2835906ea9e42f40.js,1,/api/,"""/api/nexus/chart/positions?"".concat(i.toString()),e)}async function h(e,t){return c(""/api/nexus/trades/"".concat(encodeURIComponent(t)),e)}async function T(e,t,n){let a=new URLSearchParams;(null==n?void 0:n.limit)!==void 0&&a.append(""limit"",n.limit.toString());let i=a.toString();try{return await c(""/api/nexus/trades/"".concat(encodeURIComponent(t),""/pnl-history"").concat(i?""?"".concat(i):""""),e)}catch(e){if(e instanceof s&&404===e.status)return[];throw e}}async function C(e,t){let{guildId:n,...a}=t;return c(""/api/nexus/trades"",e,{method:""POST"",headers:{""Content-Type"":""application/json"",...n?{""X-Guild-I"
bundles_pass2/_next__static__chunks__4338-2835906ea9e42f40.js,1,/api/,"it)!==void 0&&a.append(""limit"",n.limit.toString());let i=a.toString();try{return await c(""/api/nexus/trades/"".concat(encodeURIComponent(t),""/pnl-history"").concat(i?""?"".concat(i):""""),e)}catch(e){if(e instanceof s&&404===e.status)return[];throw e}}async function C(e,t){let{guildId:n,...a}=t;return c(""/api/nexus/trades"",e,{method:""POST"",headers:{""Content-Type"":""application/json"",...n?{""X-Guild-ID"":n}:{}},body:JSON.stringify(a)})}async function S(e,t,n){return c(""/api/nexus/trades/"".concat(encodeURIComponent(t),""/entries""),e,{method:""POST"",headers:{""Content-Type"":""application/json""},body:JSON.stringify"
bundles_pass2/_next__static__chunks__4338-2835906ea9e42f40.js,1,/api/,"""?"".concat(i):""""),e)}catch(e){if(e instanceof s&&404===e.status)return[];throw e}}async function C(e,t){let{guildId:n,...a}=t;return c(""/api/nexus/trades"",e,{method:""POST"",headers:{""Content-Type"":""application/json"",...n?{""X-Guild-ID"":n}:{}},body:JSON.stringify(a)})}async function S(e,t,n){return c(""/api/nexus/trades/"".concat(encodeURIComponent(t),""/entries""),e,{method:""POST"",headers:{""Content-Type"":""application/json""},body:JSON.stringify(n)})}async function x(e,t,n){return c(""/api/nexus/trades/"".concat(encodeURIComponent(t),""/exits""),e,{method:""POST"",headers:{""Content-Type"":""application/json""},body"
bundles_pass2/_next__static__chunks__4338-2835906ea9e42f40.js,1,/api/,"""Content-Type"":""application/json"",...n?{""X-Guild-ID"":n}:{}},body:JSON.stringify(a)})}async function S(e,t,n){return c(""/api/nexus/trades/"".concat(encodeURIComponent(t),""/entries""),e,{method:""POST"",headers:{""Content-Type"":""application/json""},body:JSON.stringify(n)})}async function x(e,t,n){return c(""/api/nexus/trades/"".concat(encodeURIComponent(t),""/exits""),e,{method:""POST"",headers:{""Content-Type"":""application/json""},body:JSON.stringify(n)})}async function k(e,t,n,a){return c(""/api/nexus/"".concat(encodeURIComponent(t),""/"").concat(encodeURIComponent(n),""/reactions""),e,{method:""POST"",headers:{""Content"
bundles_pass2/_next__static__chunks__4338-2835906ea9e42f40.js,1,/api/,",{method:""POST"",headers:{""Content-Type"":""application/json""},body:JSON.stringify(n)})}async function x(e,t,n){return c(""/api/nexus/trades/"".concat(encodeURIComponent(t),""/exits""),e,{method:""POST"",headers:{""Content-Type"":""application/json""},body:JSON.stringify(n)})}async function k(e,t,n,a){return c(""/api/nexus/"".concat(encodeURIComponent(t),""/"").concat(encodeURIComponent(n),""/reactions""),e,{method:""POST"",headers:{""Content-Type"":""application/json""},body:JSON.stringify({reaction:a})})}async function v(e,t,n){return c(""/api/nexus/"".concat(encodeURIComponent(t),""/"").concat(encodeURIComponent(n),""/bookma"
bundles_pass2/_next__static__chunks__4338-2835906ea9e42f40.js,1,/api/,"pplication/json""},body:JSON.stringify(n)})}async function k(e,t,n,a){return c(""/api/nexus/"".concat(encodeURIComponent(t),""/"").concat(encodeURIComponent(n),""/reactions""),e,{method:""POST"",headers:{""Content-Type"":""application/json""},body:JSON.stringify({reaction:a})})}async function v(e,t,n){return c(""/api/nexus/"".concat(encodeURIComponent(t),""/"").concat(encodeURIComponent(n),""/bookmark""),e,{method:""POST"",headers:{""Content-Type"":""application/json""},body:JSON.stringify({})})}async function I(e,t){return c(""/api/nexus/users/"".concat(encodeURIComponent(t),""/follow""),e,{method:""POST""})}async function P(e,"
bundles_pass2/_next__static__chunks__4338-2835906ea9e42f40.js,1,/api/,""":""application/json""},body:JSON.stringify({reaction:a})})}async function v(e,t,n){return c(""/api/nexus/"".concat(encodeURIComponent(t),""/"").concat(encodeURIComponent(n),""/bookmark""),e,{method:""POST"",headers:{""Content-Type"":""application/json""},body:JSON.stringify({})})}async function I(e,t){return c(""/api/nexus/users/"".concat(encodeURIComponent(t),""/follow""),e,{method:""POST""})}async function P(e,t){return c(""/api/nexus/users/"".concat(encodeURIComponent(t),""/follow""),e,{method:""DELETE""})}async function w(e){var t;return null!=(t=(await c(""/api/nexus/users/me/following"",e)).following)?t:[]}async functi"
bundles_pass2/_next__static__chunks__4338-2835906ea9e42f40.js,1,/api/,"t(encodeURIComponent(t),""/"").concat(encodeURIComponent(n),""/bookmark""),e,{method:""POST"",headers:{""Content-Type"":""application/json""},body:JSON.stringify({})})}async function I(e,t){return c(""/api/nexus/users/"".concat(encodeURIComponent(t),""/follow""),e,{method:""POST""})}async function P(e,t){return c(""/api/nexus/users/"".concat(encodeURIComponent(t),""/follow""),e,{method:""DELETE""})}async function w(e){var t;return null!=(t=(await c(""/api/nexus/users/me/following"",e)).following)?t:[]}async function R(e,t,n){return(await c(""/api/nexus/"".concat(encodeURIComponent(t),""/"").concat(encodeURIComponent(n),""/comm"
bundles_pass2/_next__static__chunks__4338-2835906ea9e42f40.js,1,/api/,"body:JSON.stringify({})})}async function I(e,t){return c(""/api/nexus/users/"".concat(encodeURIComponent(t),""/follow""),e,{method:""POST""})}async function P(e,t){return c(""/api/nexus/users/"".concat(encodeURIComponent(t),""/follow""),e,{method:""DELETE""})}async function w(e){var t;return null!=(t=(await c(""/api/nexus/users/me/following"",e)).following)?t:[]}async function R(e,t,n){return(await c(""/api/nexus/"".concat(encodeURIComponent(t),""/"").concat(encodeURIComponent(n),""/comments""),e)).comments}async function A(e,t,n,a,i){return c(""/api/nexus/"".concat(encodeURIComponent(t),""/"").concat(encodeURIComponent(n"
bundles_pass2/_next__static__chunks__4338-2835906ea9e42f40.js,1,/api/,"RIComponent(t),""/follow""),e,{method:""POST""})}async function P(e,t){return c(""/api/nexus/users/"".concat(encodeURIComponent(t),""/follow""),e,{method:""DELETE""})}async function w(e){var t;return null!=(t=(await c(""/api/nexus/users/me/following"",e)).following)?t:[]}async function R(e,t,n){return(await c(""/api/nexus/"".concat(encodeURIComponent(t),""/"").concat(encodeURIComponent(n),""/comments""),e)).comments}async function A(e,t,n,a,i){return c(""/api/nexus/"".concat(encodeURIComponent(t),""/"").concat(encodeURIComponent(n),""/comments""),e,{method:""POST"",headers:{""Content-Type"":""application/json""},body:JSON.strin"
bundles_pass2/_next__static__chunks__4338-2835906ea9e42f40.js,1,/api/,"ethod:""DELETE""})}async function w(e){var t;return null!=(t=(await c(""/api/nexus/users/me/following"",e)).following)?t:[]}async function R(e,t,n){return(await c(""/api/nexus/"".concat(encodeURIComponent(t),""/"").concat(encodeURIComponent(n),""/comments""),e)).comments}async function A(e,t,n,a,i){return c(""/api/nexus/"".concat(encodeURIComponent(t),""/"").concat(encodeURIComponent(n),""/comments""),e,{method:""POST"",headers:{""Content-Type"":""application/json""},body:JSON.stringify({content:a,parentId:i})})}async function b(e,t){let n=new URLSearchParams;(null==t?void 0:t.ticker)&&n.append(""ticker"",t.ticker),(null="
bundles_pass2/_next__static__chunks__4338-2835906ea9e42f40.js,1,/api/,"tion/json""},body:JSON.stringify({content:a,parentId:i})})}async function b(e,t){let n=new URLSearchParams;(null==t?void 0:t.ticker)&&n.append(""ticker"",t.ticker),(null==t?void 0:t.status)&&n.append(""status"",t.status),(null==t?void 0:t.userId)&&n.append(""userId"",t.userId);let a=n.toString();return c(""/api/nexus/ideas"".concat(a?""?"".concat(a):""""),e)}async function _(e,t){return c(""/api/nexus/ideas"",e,{method:""POST"",headers:{""Content-Type"":""application/json""},body:JSON.stringify(t)})}async function U(e,t){let n=new URLSearchParams;(null==t?void 0:t.tab)&&n.append(""tab"",t.tab),(null==t?void 0:t.ticker)&&"
bundles_pass2/_next__static__chunks__4338-2835906ea9e42f40.js,1,/api/,"let n=new URLSearchParams;(null==t?void 0:t.ticker)&&n.append(""ticker"",t.ticker),(null==t?void 0:t.status)&&n.append(""status"",t.status),(null==t?void 0:t.userId)&&n.append(""userId"",t.userId);let a=n.toString();return c(""/api/nexus/ideas"".concat(a?""?"".concat(a):""""),e)}async function _(e,t){return c(""/api/nexus/ideas"",e,{method:""POST"",headers:{""Content-Type"":""application/json""},body:JSON.stringify(t)})}async function U(e,t){let n=new URLSearchParams;(null==t?void 0:t.tab)&&n.append(""tab"",t.tab),(null==t?void 0:t.ticker)&&n.append(""ticker"",t.ticker),(null==t?void 0:t.limit)!==void 0&&n.append(""limit"","
bundles_pass2/_next__static__chunks__4338-2835906ea9e42f40.js,1,/api/," n=new URLSearchParams;(null==t?void 0:t.tab)&&n.append(""tab"",t.tab),(null==t?void 0:t.ticker)&&n.append(""ticker"",t.ticker),(null==t?void 0:t.limit)!==void 0&&n.append(""limit"",t.limit.toString()),(null==t?void 0:t.offset)!==void 0&&n.append(""offset"",t.offset.toString());let a=n.toString();return c(""/api/nexus/feed"".concat(a?""?"".concat(a):""""),e)}async function D(e,t){let n=new URLSearchParams;(null==t?void 0:t.timeframe)&&n.append(""timeframe"",t.timeframe),(null==t?void 0:t.verifiedOnly)&&n.append(""verifiedOnly"",""true""),(null==t?void 0:t.limit)!==void 0&&n.append(""limit"",t.limit.toString()),(null==t?"
bundles_pass2/_next__static__chunks__4338-2835906ea9e42f40.js,1,/api/,"==t?void 0:t.timeframe)&&n.append(""timeframe"",t.timeframe),(null==t?void 0:t.verifiedOnly)&&n.append(""verifiedOnly"",""true""),(null==t?void 0:t.limit)!==void 0&&n.append(""limit"",t.limit.toString()),(null==t?void 0:t.offset)!==void 0&&n.append(""offset"",t.offset.toString());let a=n.toString();return c(""/api/nexus/leaderboard"".concat(a?""?"".concat(a):""""),e,{skipGuildHeader:!0})}async function O(e,t){let n=new URLSearchParams({q:t});return c(""/api/nexus/search/tickers?"".concat(n),e)}async function E(e,t){let n=new URLSearchParams({username:t});return c(""/api/nexus/users/me/username-available?"".concat(n),e"
bundles_pass2/_next__static__chunks__4338-2835906ea9e42f40.js,1,/api/,"t.limit)!==void 0&&n.append(""limit"",t.limit.toString()),(null==t?void 0:t.offset)!==void 0&&n.append(""offset"",t.offset.toString());let a=n.toString();return c(""/api/nexus/leaderboard"".concat(a?""?"".concat(a):""""),e,{skipGuildHeader:!0})}async function O(e,t){let n=new URLSearchParams({q:t});return c(""/api/nexus/search/tickers?"".concat(n),e)}async function E(e,t){let n=new URLSearchParams({username:t});return c(""/api/nexus/users/me/username-available?"".concat(n),e)}async function N(e,t){var n;let a=new URLSearchParams({q:t}),i=await c(""/api/nexus/search/users?"".concat(a),e);return Array.isArray(i)?i:n"
bundles_pass2/_next__static__chunks__4338-2835906ea9e42f40.js,1,/api/,"ffset.toString());let a=n.toString();return c(""/api/nexus/leaderboard"".concat(a?""?"".concat(a):""""),e,{skipGuildHeader:!0})}async function O(e,t){let n=new URLSearchParams({q:t});return c(""/api/nexus/search/tickers?"".concat(n),e)}async function E(e,t){let n=new URLSearchParams({username:t});return c(""/api/nexus/users/me/username-available?"".concat(n),e)}async function N(e,t){var n;let a=new URLSearchParams({q:t}),i=await c(""/api/nexus/search/users?"".concat(a),e);return Array.isArray(i)?i:null!=(n=i.users)?n:[]}async function Q(e,t){let n=new URLSearchParams({serverId:t});return c(""/api/nexus/routing-"
bundles_pass2/_next__static__chunks__4338-2835906ea9e42f40.js,1,/api/,"c function O(e,t){let n=new URLSearchParams({q:t});return c(""/api/nexus/search/tickers?"".concat(n),e)}async function E(e,t){let n=new URLSearchParams({username:t});return c(""/api/nexus/users/me/username-available?"".concat(n),e)}async function N(e,t){var n;let a=new URLSearchParams({q:t}),i=await c(""/api/nexus/search/users?"".concat(a),e);return Array.isArray(i)?i:null!=(n=i.users)?n:[]}async function Q(e,t){let n=new URLSearchParams({serverId:t});return c(""/api/nexus/routing-rules?"".concat(n),e)}async function j(e,t){return c(""/api/nexus/routing-rules"",e,{method:""POST"",headers:{""Content-Type"":""appli"
bundles_pass2/_next__static__chunks__4338-2835906ea9e42f40.js,1,/api/,"t});return c(""/api/nexus/users/me/username-available?"".concat(n),e)}async function N(e,t){var n;let a=new URLSearchParams({q:t}),i=await c(""/api/nexus/search/users?"".concat(a),e);return Array.isArray(i)?i:null!=(n=i.users)?n:[]}async function Q(e,t){let n=new URLSearchParams({serverId:t});return c(""/api/nexus/routing-rules?"".concat(n),e)}async function j(e,t){return c(""/api/nexus/routing-rules"",e,{method:""POST"",headers:{""Content-Type"":""application/json""},body:JSON.stringify(t)})}async function J(e,t,n){return c(""/api/nexus/routing-rules/"".concat(encodeURIComponent(t)),e,{method:""PUT"",headers:{""Cont"
bundles_pass2/_next__static__chunks__4338-2835906ea9e42f40.js,1,/api/,"c function N(e,t){var n;let a=new URLSearchParams({q:t}),i=await c(""/api/nexus/search/users?"".concat(a),e);return Array.isArray(i)?i:null!=(n=i.users)?n:[]}async function Q(e,t){let n=new URLSearchParams({serverId:t});return c(""/api/nexus/routing-rules?"".concat(n),e)}async function j(e,t){return c(""/api/nexus/routing-rules"",e,{method:""POST"",headers:{""Content-Type"":""application/json""},body:JSON.stringify(t)})}async function J(e,t,n){return c(""/api/nexus/routing-rules/"".concat(encodeURIComponent(t)),e,{method:""PUT"",headers:{""Content-Type"":""application/json""},body:JSON.stringify(n)})}async function L("
bundles_pass2/_next__static__chunks__4338-2835906ea9e42f40.js,1,/api/,"ers)?n:[]}async function Q(e,t){let n=new URLSearchParams({serverId:t});return c(""/api/nexus/routing-rules?"".concat(n),e)}async function j(e,t){return c(""/api/nexus/routing-rules"",e,{method:""POST"",headers:{""Content-Type"":""application/json""},body:JSON.stringify(t)})}async function J(e,t,n){return c(""/api/nexus/routing-rules/"".concat(encodeURIComponent(t)),e,{method:""PUT"",headers:{""Content-Type"":""application/json""},body:JSON.stringify(n)})}async function L(e,t){return c(""/api/nexus/routing-rules/"".concat(encodeURIComponent(t)),e,{method:""DELETE""})}async function q(e,t){return c(""/api/nexus/discord/se"
bundles_pass2/_next__static__chunks__4338-2835906ea9e42f40.js,1,/api/,"ules"",e,{method:""POST"",headers:{""Content-Type"":""application/json""},body:JSON.stringify(t)})}async function J(e,t,n){return c(""/api/nexus/routing-rules/"".concat(encodeURIComponent(t)),e,{method:""PUT"",headers:{""Content-Type"":""application/json""},body:JSON.stringify(n)})}async function L(e,t){return c(""/api/nexus/routing-rules/"".concat(encodeURIComponent(t)),e,{method:""DELETE""})}async function q(e,t){return c(""/api/nexus/discord/servers/"".concat(encodeURIComponent(t),""/embed-templates""),e)}async function M(e,t,n){return c(""/api/nexus/discord/servers/"".concat(encodeURIComponent(t),""/embed-templates""),e,"
bundles_pass2/_next__static__chunks__4338-2835906ea9e42f40.js,1,/api/,",t,n){return c(""/api/nexus/routing-rules/"".concat(encodeURIComponent(t)),e,{method:""PUT"",headers:{""Content-Type"":""application/json""},body:JSON.stringify(n)})}async function L(e,t){return c(""/api/nexus/routing-rules/"".concat(encodeURIComponent(t)),e,{method:""DELETE""})}async function q(e,t){return c(""/api/nexus/discord/servers/"".concat(encodeURIComponent(t),""/embed-templates""),e)}async function M(e,t,n){return c(""/api/nexus/discord/servers/"".concat(encodeURIComponent(t),""/embed-templates""),e,{method:""PUT"",headers:{""Content-Type"":""application/json""},body:JSON.stringify(n)})}async function Y(e,t){retur"
bundles_pass2/_next__static__chunks__4338-2835906ea9e42f40.js,1,/api/,"pplication/json""},body:JSON.stringify(n)})}async function L(e,t){return c(""/api/nexus/routing-rules/"".concat(encodeURIComponent(t)),e,{method:""DELETE""})}async function q(e,t){return c(""/api/nexus/discord/servers/"".concat(encodeURIComponent(t),""/embed-templates""),e)}async function M(e,t,n){return c(""/api/nexus/discord/servers/"".concat(encodeURIComponent(t),""/embed-templates""),e,{method:""PUT"",headers:{""Content-Type"":""application/json""},body:JSON.stringify(n)})}async function Y(e,t){return c(""/api/nexus/discord/servers/"".concat(encodeURIComponent(t),""/daily-digest""),e)}async function G(e,t,n){return c"
bundles_pass2/_next__static__chunks__4338-2835906ea9e42f40.js,1,/api/,"/discord/servers/"".concat(encodeURIComponent(t),""/embed-templates""),e)}async function M(e,t,n){return c(""/api/nexus/discord/servers/"".concat(encodeURIComponent(t),""/embed-templates""),e,{method:""PUT"",headers:{""Content-Type"":""application/json""},body:JSON.stringify(n)})}async function Y(e,t){return c(""/api/nexus/discord/servers/"".concat(encodeURIComponent(t),""/daily-digest""),e)}async function G(e,t,n){return c(""/api/nexus/discord/servers/"".concat(encodeURIComponent(t),""/daily-digest""),e,{method:""PUT"",headers:{""Content-Type"":""application/json""},body:JSON.stringify(n)})}async function V(e,t,n){return c("
bundles_pass2/_next__static__chunks__4338-2835906ea9e42f40.js,1,/api/,"xus/discord/servers/"".concat(encodeURIComponent(t),""/embed-templates""),e,{method:""PUT"",headers:{""Content-Type"":""application/json""},body:JSON.stringify(n)})}async function Y(e,t){return c(""/api/nexus/discord/servers/"".concat(encodeURIComponent(t),""/daily-digest""),e)}async function G(e,t,n){return c(""/api/nexus/discord/servers/"".concat(encodeURIComponent(t),""/daily-digest""),e,{method:""PUT"",headers:{""Content-Type"":""application/json""},body:JSON.stringify(n)})}async function V(e,t,n){return c(""/api/nexus/discord/servers/"".concat(encodeURIComponent(t),""/daily-digest/run""),e,{method:""POST"",headers:{""Conte"
bundles_pass2/_next__static__chunks__4338-2835906ea9e42f40.js,1,/api/,"exus/discord/servers/"".concat(encodeURIComponent(t),""/daily-digest""),e)}async function G(e,t,n){return c(""/api/nexus/discord/servers/"".concat(encodeURIComponent(t),""/daily-digest""),e,{method:""PUT"",headers:{""Content-Type"":""application/json""},body:JSON.stringify(n)})}async function V(e,t,n){return c(""/api/nexus/discord/servers/"".concat(encodeURIComponent(t),""/daily-digest/run""),e,{method:""POST"",headers:{""Content-Type"":""application/json""},body:JSON.stringify(n)})}async function H(e,t){let n=new URLSearchParams({q:t});return c(""/api/nexus/admin/users?"".concat(n),e)}async function z(e,t){return c(""/api/"
bundles_pass2/_next__static__chunks__4338-2835906ea9e42f40.js,1,/api/,"ion/json""},body:JSON.stringify(n)})}async function V(e,t,n){return c(""/api/nexus/discord/servers/"".concat(encodeURIComponent(t),""/daily-digest/run""),e,{method:""POST"",headers:{""Content-Type"":""application/json""},body:JSON.stringify(n)})}async function H(e,t){let n=new URLSearchParams({q:t});return c(""/api/nexus/admin/users?"".concat(n),e)}async function z(e,t){return c(""/api/nexus/admin/users/"".concat(encodeURIComponent(t)),e)}async function B(e,t,n){return c(""/api/nexus/admin/trades/"".concat(encodeURIComponent(t)),e,{method:""PUT"",headers:{""Content-Type"":""application/json""},body:JSON.stringify(n)})}as"
bundles_pass2/_next__static__chunks__4338-2835906ea9e42f40.js,1,/api/,"/api/nexus/discord/servers/"".concat(encodeURIComponent(t),""/daily-digest/run""),e,{method:""POST"",headers:{""Content-Type"":""application/json""},body:JSON.stringify(n)})}async function H(e,t){let n=new URLSearchParams({q:t});return c(""/api/nexus/admin/users?"".concat(n),e)}async function z(e,t){return c(""/api/nexus/admin/users/"".concat(encodeURIComponent(t)),e)}async function B(e,t,n){return c(""/api/nexus/admin/trades/"".concat(encodeURIComponent(t)),e,{method:""PUT"",headers:{""Content-Type"":""application/json""},body:JSON.stringify(n)})}async function F(e,t){return c(""/api/nexus/admin/trades/"".concat(encodeU"
bundles_pass2/_next__static__chunks__4338-2835906ea9e42f40.js,1,/api/,"ST"",headers:{""Content-Type"":""application/json""},body:JSON.stringify(n)})}async function H(e,t){let n=new URLSearchParams({q:t});return c(""/api/nexus/admin/users?"".concat(n),e)}async function z(e,t){return c(""/api/nexus/admin/users/"".concat(encodeURIComponent(t)),e)}async function B(e,t,n){return c(""/api/nexus/admin/trades/"".concat(encodeURIComponent(t)),e,{method:""PUT"",headers:{""Content-Type"":""application/json""},body:JSON.stringify(n)})}async function F(e,t){return c(""/api/nexus/admin/trades/"".concat(encodeURIComponent(t)),e,{method:""DELETE""})}async function K(e,t){return c(""/api/nexus/admin/users/"
bundles_pass2/_next__static__chunks__4338-2835906ea9e42f40.js,1,/api/,"e)}async function z(e,t){return c(""/api/nexus/admin/users/"".concat(encodeURIComponent(t)),e)}async function B(e,t,n){return c(""/api/nexus/admin/trades/"".concat(encodeURIComponent(t)),e,{method:""PUT"",headers:{""Content-Type"":""application/json""},body:JSON.stringify(n)})}async function F(e,t){return c(""/api/nexus/admin/trades/"".concat(encodeURIComponent(t)),e,{method:""DELETE""})}async function K(e,t){return c(""/api/nexus/admin/users/"".concat(encodeURIComponent(t),""/reset""),e,{method:""POST""})}async function X(e){return c(""/api/nexus/admin/trades/nuke-season"",e,{method:""POST""})}async function $(e,t){let n"
bundles_pass2/_next__static__chunks__4338-2835906ea9e42f40.js,1,/api/,"(e,t,n){return c(""/api/nexus/admin/trades/"".concat(encodeURIComponent(t)),e,{method:""PUT"",headers:{""Content-Type"":""application/json""},body:JSON.stringify(n)})}async function F(e,t){return c(""/api/nexus/admin/trades/"".concat(encodeURIComponent(t)),e,{method:""DELETE""})}async function K(e,t){return c(""/api/nexus/admin/users/"".concat(encodeURIComponent(t),""/reset""),e,{method:""POST""})}async function X(e){return c(""/api/nexus/admin/trades/nuke-season"",e,{method:""POST""})}async function $(e,t){let n=new URLSearchParams;(null==t?void 0:t.limit)!==void 0&&n.append(""limit"",t.limit.toString()),(null==t?void 0:"
bundles_pass2/_next__static__chunks__4338-2835906ea9e42f40.js,1,/api/,":""application/json""},body:JSON.stringify(n)})}async function F(e,t){return c(""/api/nexus/admin/trades/"".concat(encodeURIComponent(t)),e,{method:""DELETE""})}async function K(e,t){return c(""/api/nexus/admin/users/"".concat(encodeURIComponent(t),""/reset""),e,{method:""POST""})}async function X(e){return c(""/api/nexus/admin/trades/nuke-season"",e,{method:""POST""})}async function $(e,t){let n=new URLSearchParams;(null==t?void 0:t.limit)!==void 0&&n.append(""limit"",t.limit.toString()),(null==t?void 0:t.offset)!==void 0&&n.append(""offset"",t.offset.toString()),(null==t?void 0:t.q)&&n.append(""q"",t.q),(null==t?void "
bundles_pass2/_next__static__chunks__4338-2835906ea9e42f40.js,1,/api/,"ppend(""limit"",t.limit.toString()),(null==t?void 0:t.offset)!==void 0&&n.append(""offset"",t.offset.toString()),(null==t?void 0:t.q)&&n.append(""q"",t.q),(null==t?void 0:t.action)&&n.append(""action"",t.action),(null==t?void 0:t.targetType)&&n.append(""targetType"",t.targetType);let a=n.toString();return c(""/api/nexus/admin/audit-logs"".concat(a?""?"".concat(a):""""),e)}async function Z(e){return c(""/api/nexus/admin/stats/rebuild"",e,{method:""POST""})}async function W(e,t){return c(""/api/nexus/admin/options/rehydrate"",e,{method:""POST"",headers:{""Content-Type"":""application/json""},body:JSON.stringify(t)})}async funct"
bundles_pass2/_next__static__chunks__4338-2835906ea9e42f40.js,1,/api/,".offset.toString()),(null==t?void 0:t.q)&&n.append(""q"",t.q),(null==t?void 0:t.action)&&n.append(""action"",t.action),(null==t?void 0:t.targetType)&&n.append(""targetType"",t.targetType);let a=n.toString();return c(""/api/nexus/admin/audit-logs"".concat(a?""?"".concat(a):""""),e)}async function Z(e){return c(""/api/nexus/admin/stats/rebuild"",e,{method:""POST""})}async function W(e,t){return c(""/api/nexus/admin/options/rehydrate"",e,{method:""POST"",headers:{""Content-Type"":""application/json""},body:JSON.stringify(t)})}async function ee(e){return c(""/api/nexus/discord/servers"",e)}async function et(e,t){return c(""/api/"
bundles_pass2/_next__static__chunks__4338-2835906ea9e42f40.js,1,/api/,"n)&&n.append(""action"",t.action),(null==t?void 0:t.targetType)&&n.append(""targetType"",t.targetType);let a=n.toString();return c(""/api/nexus/admin/audit-logs"".concat(a?""?"".concat(a):""""),e)}async function Z(e){return c(""/api/nexus/admin/stats/rebuild"",e,{method:""POST""})}async function W(e,t){return c(""/api/nexus/admin/options/rehydrate"",e,{method:""POST"",headers:{""Content-Type"":""application/json""},body:JSON.stringify(t)})}async function ee(e){return c(""/api/nexus/discord/servers"",e)}async function et(e,t){return c(""/api/nexus/discord/servers/"".concat(encodeURIComponent(t),""/channels""),e)}async function"
bundles_pass2/_next__static__chunks__4338-2835906ea9e42f40.js,1,/api/,"gs"".concat(a?""?"".concat(a):""""),e)}async function Z(e){return c(""/api/nexus/admin/stats/rebuild"",e,{method:""POST""})}async function W(e,t){return c(""/api/nexus/admin/options/rehydrate"",e,{method:""POST"",headers:{""Content-Type"":""application/json""},body:JSON.stringify(t)})}async function ee(e){return c(""/api/nexus/discord/servers"",e)}async function et(e,t){return c(""/api/nexus/discord/servers/"".concat(encodeURIComponent(t),""/channels""),e)}async function en(e,t,n){return c(""/api/nexus/discord/servers/"".concat(encodeURIComponent(t),""/channels""),e,{method:""POST"",headers:{""Content-Type"":""application/json""},"
bundles_pass2/_next__static__chunks__4338-2835906ea9e42f40.js,1,/api/,"/api/nexus/admin/stats/rebuild"",e,{method:""POST""})}async function W(e,t){return c(""/api/nexus/admin/options/rehydrate"",e,{method:""POST"",headers:{""Content-Type"":""application/json""},body:JSON.stringify(t)})}async function ee(e){return c(""/api/nexus/discord/servers"",e)}async function et(e,t){return c(""/api/nexus/discord/servers/"".concat(encodeURIComponent(t),""/channels""),e)}async function en(e,t,n){return c(""/api/nexus/discord/servers/"".concat(encodeURIComponent(t),""/channels""),e,{method:""POST"",headers:{""Content-Type"":""application/json""},body:JSON.stringify(n)})}async function ea(e,t,n){return c(""/api"
bundles_pass2/_next__static__chunks__4338-2835906ea9e42f40.js,1,/api/,"ehydrate"",e,{method:""POST"",headers:{""Content-Type"":""application/json""},body:JSON.stringify(t)})}async function ee(e){return c(""/api/nexus/discord/servers"",e)}async function et(e,t){return c(""/api/nexus/discord/servers/"".concat(encodeURIComponent(t),""/channels""),e)}async function en(e,t,n){return c(""/api/nexus/discord/servers/"".concat(encodeURIComponent(t),""/channels""),e,{method:""POST"",headers:{""Content-Type"":""application/json""},body:JSON.stringify(n)})}async function ea(e,t,n){return c(""/api/nexus/discord/servers/"".concat(encodeURIComponent(t),""/channels/"").concat(encodeURIComponent(n)),e,{method:"""
bundles_pass2/_next__static__chunks__4338-2835906ea9e42f40.js,1,/api/,"api/nexus/discord/servers/"".concat(encodeURIComponent(t),""/channels""),e)}async function en(e,t,n){return c(""/api/nexus/discord/servers/"".concat(encodeURIComponent(t),""/channels""),e,{method:""POST"",headers:{""Content-Type"":""application/json""},body:JSON.stringify(n)})}async function ea(e,t,n){return c(""/api/nexus/discord/servers/"".concat(encodeURIComponent(t),""/channels/"").concat(encodeURIComponent(n)),e,{method:""DELETE""})}async function ei(e,t,n,a){return c(""/api/nexus/discord/servers/"".concat(encodeURIComponent(t),""/channels/"").concat(encodeURIComponent(n),""/webhook""),e,{method:""PUT"",headers:{""Conten"
bundles_pass2/_next__static__chunks__4338-2835906ea9e42f40.js,1,/api/,"nt(t),""/channels""),e,{method:""POST"",headers:{""Content-Type"":""application/json""},body:JSON.stringify(n)})}async function ea(e,t,n){return c(""/api/nexus/discord/servers/"".concat(encodeURIComponent(t),""/channels/"").concat(encodeURIComponent(n)),e,{method:""DELETE""})}async function ei(e,t,n,a){return c(""/api/nexus/discord/servers/"".concat(encodeURIComponent(t),""/channels/"").concat(encodeURIComponent(n),""/webhook""),e,{method:""PUT"",headers:{""Content-Type"":""application/json""},body:JSON.stringify({webhookUrl:a})})}async function er(e,t){var n;let a=await c(""/api/nexus/discord/servers/"".concat(encodeURICompo"
bundles_pass2/_next__static__chunks__4338-2835906ea9e42f40.js,1,/api/,"LETE""})}async function ei(e,t,n,a){return c(""/api/nexus/discord/servers/"".concat(encodeURIComponent(t),""/channels/"").concat(encodeURIComponent(n),""/webhook""),e,{method:""PUT"",headers:{""Content-Type"":""application/json""},body:JSON.stringify({webhookUrl:a})})}async function er(e,t){var n;let a=await c(""/api/nexus/discord/servers/"".concat(encodeURIComponent(t),""/roles""),e);return Array.isArray(a)?a:null!=(n=a.roles)?n:[]}async function eo(e,t,n){return c(""/api/nexus/discord/servers/"".concat(encodeURIComponent(t),""/access-roles""),e,{method:""PUT"",headers:{""Content-Type"":""application/json""},body:JSON.strin"
bundles_pass2/_next__static__chunks__4338-2835906ea9e42f40.js,1,/api/,"""),e,{method:""PUT"",headers:{""Content-Type"":""application/json""},body:JSON.stringify({webhookUrl:a})})}async function er(e,t){var n;let a=await c(""/api/nexus/discord/servers/"".concat(encodeURIComponent(t),""/roles""),e);return Array.isArray(a)?a:null!=(n=a.roles)?n:[]}async function eo(e,t,n){return c(""/api/nexus/discord/servers/"".concat(encodeURIComponent(t),""/access-roles""),e,{method:""PUT"",headers:{""Content-Type"":""application/json""},body:JSON.stringify({roleIds:n})})}async function es(e,t){var n;return null!=(n=(await c(""/api/nexus/discord/servers/"".concat(encodeURIComponent(t),""/sync-roles""),e,{meth"
bundles_pass2/_next__static__chunks__4338-2835906ea9e42f40.js,1,/api/,"ray.isArray(a)?a:null!=(n=a.roles)?n:[]}async function eo(e,t,n){return c(""/api/nexus/discord/servers/"".concat(encodeURIComponent(t),""/access-roles""),e,{method:""PUT"",headers:{""Content-Type"":""application/json""},body:JSON.stringify({roleIds:n})})}async function es(e,t){var n;return null!=(n=(await c(""/api/nexus/discord/servers/"".concat(encodeURIComponent(t),""/sync-roles""),e,{method:""POST""})).roles)?n:[]}async function ec(e,t){return c(""/api/nexus/discord/servers/"".concat(encodeURIComponent(t),""/test-route""),e,{method:""POST""})}async function ed(e){try{return await c(""/api/nexus/seasons/current"",e)}cat"
bundles_pass2/_next__static__chunks__4338-2835906ea9e42f40.js,1,/api/,"ess-roles""),e,{method:""PUT"",headers:{""Content-Type"":""application/json""},body:JSON.stringify({roleIds:n})})}async function es(e,t){var n;return null!=(n=(await c(""/api/nexus/discord/servers/"".concat(encodeURIComponent(t),""/sync-roles""),e,{method:""POST""})).roles)?n:[]}async function ec(e,t){return c(""/api/nexus/discord/servers/"".concat(encodeURIComponent(t),""/test-route""),e,{method:""POST""})}async function ed(e){try{return await c(""/api/nexus/seasons/current"",e)}catch(e){if(e instanceof s&&404===e.status)return null;throw e}}async function eu(e,t,n){let a=n?""?expiration="".concat(encodeURIComponent(n))"
bundles_pass2/_next__static__chunks__4338-2835906ea9e42f40.js,1,/api/," n;return null!=(n=(await c(""/api/nexus/discord/servers/"".concat(encodeURIComponent(t),""/sync-roles""),e,{method:""POST""})).roles)?n:[]}async function ec(e,t){return c(""/api/nexus/discord/servers/"".concat(encodeURIComponent(t),""/test-route""),e,{method:""POST""})}async function ed(e){try{return await c(""/api/nexus/seasons/current"",e)}catch(e){if(e instanceof s&&404===e.status)return null;throw e}}async function eu(e,t,n){let a=n?""?expiration="".concat(encodeURIComponent(n)):"""";return c(""/api/nexus/options/"".concat(encodeURIComponent(t)).concat(a),e)}async function el(e,t){return c(""/api/nexus/options/"".c"
bundles_pass2/_next__static__chunks__4338-2835906ea9e42f40.js,1,/api/,"servers/"".concat(encodeURIComponent(t),""/test-route""),e,{method:""POST""})}async function ed(e){try{return await c(""/api/nexus/seasons/current"",e)}catch(e){if(e instanceof s&&404===e.status)return null;throw e}}async function eu(e,t,n){let a=n?""?expiration="".concat(encodeURIComponent(n)):"""";return c(""/api/nexus/options/"".concat(encodeURIComponent(t)).concat(a),e)}async function el(e,t){return c(""/api/nexus/options/"".concat(encodeURIComponent(t),""/expirations""),e)}async function ep(e,t,n){let a=new URLSearchParams;(null==n?void 0:n.timeframe)&&a.append(""timeframe"",n.timeframe),(null==n?void 0:n.direct"
bundles_pass2/_next__static__chunks__4338-2835906ea9e42f40.js,1,/api/,"{return await c(""/api/nexus/seasons/current"",e)}catch(e){if(e instanceof s&&404===e.status)return null;throw e}}async function eu(e,t,n){let a=n?""?expiration="".concat(encodeURIComponent(n)):"""";return c(""/api/nexus/options/"".concat(encodeURIComponent(t)).concat(a),e)}async function el(e,t){return c(""/api/nexus/options/"".concat(encodeURIComponent(t),""/expirations""),e)}async function ep(e,t,n){let a=new URLSearchParams;(null==n?void 0:n.timeframe)&&a.append(""timeframe"",n.timeframe),(null==n?void 0:n.direction)&&a.append(""direction"",n.direction);let i=a.toString();return c(""/api/nexus/users/"".concat(en"
bundles_pass2/_next__static__chunks__4338-2835906ea9e42f40.js,1,/api/,"tion el(e,t){return c(""/api/nexus/options/"".concat(encodeURIComponent(t),""/expirations""),e)}async function ep(e,t,n){let a=new URLSearchParams;(null==n?void 0:n.timeframe)&&a.append(""timeframe"",n.timeframe),(null==n?void 0:n.direction)&&a.append(""direction"",n.direction);let i=a.toString();return c(""/api/nexus/users/"".concat(encodeURIComponent(t),""/stats"").concat(i?""?"".concat(i):""""),e)}async function em(e){return c(""/api/nexus/portfolio/simulated/current"",e)}async function ey(e,t){let n=new URLSearchParams;(null==t?void 0:t.limit)!==void 0&&n.append(""limit"",t.limit.toString()),(null==t?void 0:t.offs"
bundles_pass2/_next__static__chunks__4338-2835906ea9e42f40.js,1,/api/,"t a=new URLSearchParams;(null==n?void 0:n.timeframe)&&a.append(""timeframe"",n.timeframe),(null==n?void 0:n.direction)&&a.append(""direction"",n.direction);let i=a.toString();return c(""/api/nexus/users/"".concat(encodeURIComponent(t),""/stats"").concat(i?""?"".concat(i):""""),e)}async function em(e){return c(""/api/nexus/portfolio/simulated/current"",e)}async function ey(e,t){let n=new URLSearchParams;(null==t?void 0:t.limit)!==void 0&&n.append(""limit"",t.limit.toString()),(null==t?void 0:t.offset)!==void 0&&n.append(""offset"",t.offset.toString());let a=n.toString();return c(""/api/nexus/portfolio/simulated/ledger"
bundles_pass2/_next__static__chunks__4338-2835906ea9e42f40.js,1,/api/,"}async function em(e){return c(""/api/nexus/portfolio/simulated/current"",e)}async function ey(e,t){let n=new URLSearchParams;(null==t?void 0:t.limit)!==void 0&&n.append(""limit"",t.limit.toString()),(null==t?void 0:t.offset)!==void 0&&n.append(""offset"",t.offset.toString());let a=n.toString();return c(""/api/nexus/portfolio/simulated/ledger"".concat(a?""?"".concat(a):""""),e)}async function ef(e,t){let n=new URLSearchParams;(null==t?void 0:t.limit)!==void 0&&n.append(""limit"",t.limit.toString()),(null==t?void 0:t.offset)!==void 0&&n.append(""offset"",t.offset.toString()),(null==t?void 0:t.timeframe)&&n.append("""
bundles_pass2/_next__static__chunks__4338-2835906ea9e42f40.js,1,/api/,"(a):""""),e)}async function ef(e,t){let n=new URLSearchParams;(null==t?void 0:t.limit)!==void 0&&n.append(""limit"",t.limit.toString()),(null==t?void 0:t.offset)!==void 0&&n.append(""offset"",t.offset.toString()),(null==t?void 0:t.timeframe)&&n.append(""timeframe"",t.timeframe);let a=n.toString();return c(""/api/nexus/guilds"".concat(a?""?"".concat(a):""""),e)}async function eg(e){var t,n,a;let i=await c(""/api/nexus/user/guilds"",e),r=(null!=(n=null!=(t=i.items)?t:i.guilds)?n:[]).map(e=>{var t,n,a,i,r,o,s,c,d,u,l,p,m,y;return{id:e.id,discordServerId:null!=(n=null!=(t=e.discordServerId)?t:e.discord_server_id)?n:"""""
bundles_pass2/_next__static__chunks__4338-2835906ea9e42f40.js,1,/api/,"n.append(""limit"",t.limit.toString()),(null==t?void 0:t.offset)!==void 0&&n.append(""offset"",t.offset.toString()),(null==t?void 0:t.timeframe)&&n.append(""timeframe"",t.timeframe);let a=n.toString();return c(""/api/nexus/guilds"".concat(a?""?"".concat(a):""""),e)}async function eg(e){var t,n,a;let i=await c(""/api/nexus/user/guilds"",e),r=(null!=(n=null!=(t=i.items)?t:i.guilds)?n:[]).map(e=>{var t,n,a,i,r,o,s,c,d,u,l,p,m,y;return{id:e.id,discordServerId:null!=(n=null!=(t=e.discordServerId)?t:e.discord_server_id)?n:"""",name:null!=(r=null!=(i=null!=(a=e.name)?a:e.discordGuildName)?i:e.discord_guild_name)?r:""Unkno"
bundles_pass2/_next__static__chunks__4338-2835906ea9e42f40.js,1,/api/,"ak:0,activeTradesCount:0,totalTrades:null!=(p=null!=(l=e.totalTrades)?l:e.total_trades)?p:0,seasonalRank:null!=(m=e.seasonalRank)?m:e.seasonal_rank,allTimeRank:null!=(y=e.allTimeRank)?y:e.all_time_rank,roster:[]}});return{guilds:r,total:null!=(a=i.total)?a:r.length}}async function eh(e,t){return c(""/api/nexus/guilds/"".concat(encodeURIComponent(t),""/roster""),e)}async function eT(e,t){return c(""/api/nexus/guilds/"".concat(encodeURIComponent(t),""/roster/candidates""),e)}async function eC(e,t,n){return c(""/api/nexus/guilds/"".concat(encodeURIComponent(t),""/roster""),e,{method:""PUT"",headers:{""Content-Type"":"
bundles_pass2/_next__static__chunks__4338-2835906ea9e42f40.js,1,/api/,"onalRank:null!=(m=e.seasonalRank)?m:e.seasonal_rank,allTimeRank:null!=(y=e.allTimeRank)?y:e.all_time_rank,roster:[]}});return{guilds:r,total:null!=(a=i.total)?a:r.length}}async function eh(e,t){return c(""/api/nexus/guilds/"".concat(encodeURIComponent(t),""/roster""),e)}async function eT(e,t){return c(""/api/nexus/guilds/"".concat(encodeURIComponent(t),""/roster/candidates""),e)}async function eC(e,t,n){return c(""/api/nexus/guilds/"".concat(encodeURIComponent(t),""/roster""),e,{method:""PUT"",headers:{""Content-Type"":""application/json""},body:JSON.stringify({userIds:n})})}async function eS(e,t){return c(""/api/nex"
bundles_pass2/_next__static__chunks__4338-2835906ea9e42f40.js,1,/api/,"ter:[]}});return{guilds:r,total:null!=(a=i.total)?a:r.length}}async function eh(e,t){return c(""/api/nexus/guilds/"".concat(encodeURIComponent(t),""/roster""),e)}async function eT(e,t){return c(""/api/nexus/guilds/"".concat(encodeURIComponent(t),""/roster/candidates""),e)}async function eC(e,t,n){return c(""/api/nexus/guilds/"".concat(encodeURIComponent(t),""/roster""),e,{method:""PUT"",headers:{""Content-Type"":""application/json""},body:JSON.stringify({userIds:n})})}async function eS(e,t){return c(""/api/nexus/user/primary-guild"",e,{method:""PUT"",headers:{""Content-Type"":""application/json""},body:JSON.stringify({guild"
bundles_pass2/_next__static__chunks__4338-2835906ea9e42f40.js,1,/api/,"c(""/api/nexus/guilds/"".concat(encodeURIComponent(t),""/roster/candidates""),e)}async function eC(e,t,n){return c(""/api/nexus/guilds/"".concat(encodeURIComponent(t),""/roster""),e,{method:""PUT"",headers:{""Content-Type"":""application/json""},body:JSON.stringify({userIds:n})})}async function eS(e,t){return c(""/api/nexus/user/primary-guild"",e,{method:""PUT"",headers:{""Content-Type"":""application/json""},body:JSON.stringify({guild_id:t})})}async function ex(e,t){return c(""/api/nexus/users/"".concat(encodeURIComponent(t),""/rank-history""),e)}async function ek(e){return c(""/api/nexus/academy/courses"",e)}async function "
bundles_pass2/_next__static__chunks__4338-2835906ea9e42f40.js,1,/api/,",""/roster""),e,{method:""PUT"",headers:{""Content-Type"":""application/json""},body:JSON.stringify({userIds:n})})}async function eS(e,t){return c(""/api/nexus/user/primary-guild"",e,{method:""PUT"",headers:{""Content-Type"":""application/json""},body:JSON.stringify({guild_id:t})})}async function ex(e,t){return c(""/api/nexus/users/"".concat(encodeURIComponent(t),""/rank-history""),e)}async function ek(e){return c(""/api/nexus/academy/courses"",e)}async function ev(e,t){return c(""/api/nexus/academy/courses/"".concat(encodeURIComponent(t)),e)}async function eI(e,t){return c(""/api/nexus/academy/courses/"".concat(encodeURICo"
bundles_pass2/_next__static__chunks__4338-2835906ea9e42f40.js,1,/api/,"s:n})})}async function eS(e,t){return c(""/api/nexus/user/primary-guild"",e,{method:""PUT"",headers:{""Content-Type"":""application/json""},body:JSON.stringify({guild_id:t})})}async function ex(e,t){return c(""/api/nexus/users/"".concat(encodeURIComponent(t),""/rank-history""),e)}async function ek(e){return c(""/api/nexus/academy/courses"",e)}async function ev(e,t){return c(""/api/nexus/academy/courses/"".concat(encodeURIComponent(t)),e)}async function eI(e,t){return c(""/api/nexus/academy/courses/"".concat(encodeURIComponent(t),""/attempts""),e,{method:""POST"",headers:{""Content-Type"":""application/json""},body:JSON.stri"
bundles_pass2/_next__static__chunks__4338-2835906ea9e42f40.js,1,/api/,"-guild"",e,{method:""PUT"",headers:{""Content-Type"":""application/json""},body:JSON.stringify({guild_id:t})})}async function ex(e,t){return c(""/api/nexus/users/"".concat(encodeURIComponent(t),""/rank-history""),e)}async function ek(e){return c(""/api/nexus/academy/courses"",e)}async function ev(e,t){return c(""/api/nexus/academy/courses/"".concat(encodeURIComponent(t)),e)}async function eI(e,t){return c(""/api/nexus/academy/courses/"".concat(encodeURIComponent(t),""/attempts""),e,{method:""POST"",headers:{""Content-Type"":""application/json""},body:JSON.stringify({})})}async function eP(e,t,n){return c(""/api/nexus/academ"
bundles_pass2/_next__static__chunks__4338-2835906ea9e42f40.js,1,/api/,"id:t})})}async function ex(e,t){return c(""/api/nexus/users/"".concat(encodeURIComponent(t),""/rank-history""),e)}async function ek(e){return c(""/api/nexus/academy/courses"",e)}async function ev(e,t){return c(""/api/nexus/academy/courses/"".concat(encodeURIComponent(t)),e)}async function eI(e,t){return c(""/api/nexus/academy/courses/"".concat(encodeURIComponent(t),""/attempts""),e,{method:""POST"",headers:{""Content-Type"":""application/json""},body:JSON.stringify({})})}async function eP(e,t,n){return c(""/api/nexus/academy/attempts/"".concat(encodeURIComponent(t),""/submit""),e,{method:""PUT"",headers:{""Content-Type"":""a"
bundles_pass2/_next__static__chunks__4338-2835906ea9e42f40.js,1,/api/,"){return c(""/api/nexus/academy/courses/"".concat(encodeURIComponent(t)),e)}async function eI(e,t){return c(""/api/nexus/academy/courses/"".concat(encodeURIComponent(t),""/attempts""),e,{method:""POST"",headers:{""Content-Type"":""application/json""},body:JSON.stringify({})})}async function eP(e,t,n){return c(""/api/nexus/academy/attempts/"".concat(encodeURIComponent(t),""/submit""),e,{method:""PUT"",headers:{""Content-Type"":""application/json""},body:JSON.stringify({answers:n.map(e=>({questionId:e.questionId,selectedOptionId:e.selectedOptionId}))})})}async function ew(e){return c(""/api/nexus/academy/certifications"",e)"
bundles_pass2/_next__static__chunks__4338-2835906ea9e42f40.js,1,/api/,"nc function eP(e,t,n){return c(""/api/nexus/academy/attempts/"".concat(encodeURIComponent(t),""/submit""),e,{method:""PUT"",headers:{""Content-Type"":""application/json""},body:JSON.stringify({answers:n.map(e=>({questionId:e.questionId,selectedOptionId:e.selectedOptionId}))})})}async function ew(e){return c(""/api/nexus/academy/certifications"",e)}async function eR(e){var t;let n=await c(""/api/nexus/admin/academy/courses"",e);return Array.isArray(n)?n:null!=(t=null==n?void 0:n.courses)?t:[]}async function eA(e,t){return c(""/api/nexus/admin/academy/courses"",e,{method:""POST"",headers:{""Content-Type"":""application/j"
bundles_pass2/_next__static__chunks__4338-2835906ea9e42f40.js,1,/api/,"mponent(t),""/submit""),e,{method:""PUT"",headers:{""Content-Type"":""application/json""},body:JSON.stringify({answers:n.map(e=>({questionId:e.questionId,selectedOptionId:e.selectedOptionId}))})})}async function ew(e){return c(""/api/nexus/academy/certifications"",e)}async function eR(e){var t;let n=await c(""/api/nexus/admin/academy/courses"",e);return Array.isArray(n)?n:null!=(t=null==n?void 0:n.courses)?t:[]}async function eA(e,t){return c(""/api/nexus/admin/academy/courses"",e,{method:""POST"",headers:{""Content-Type"":""application/json""},body:JSON.stringify(t)})}async function eb(e,t,n){return c(""/api/nexus/adm"
bundles_pass2/_next__static__chunks__4338-2835906ea9e42f40.js,1,/api/,"uestionId,selectedOptionId:e.selectedOptionId}))})})}async function ew(e){return c(""/api/nexus/academy/certifications"",e)}async function eR(e){var t;let n=await c(""/api/nexus/admin/academy/courses"",e);return Array.isArray(n)?n:null!=(t=null==n?void 0:n.courses)?t:[]}async function eA(e,t){return c(""/api/nexus/admin/academy/courses"",e,{method:""POST"",headers:{""Content-Type"":""application/json""},body:JSON.stringify(t)})}async function eb(e,t,n){return c(""/api/nexus/admin/academy/courses/"".concat(encodeURIComponent(t)),e,{method:""PUT"",headers:{""Content-Type"":""application/json""},body:JSON.stringify(n)})}"
bundles_pass2/_next__static__chunks__4338-2835906ea9e42f40.js,1,/api/,"await c(""/api/nexus/admin/academy/courses"",e);return Array.isArray(n)?n:null!=(t=null==n?void 0:n.courses)?t:[]}async function eA(e,t){return c(""/api/nexus/admin/academy/courses"",e,{method:""POST"",headers:{""Content-Type"":""application/json""},body:JSON.stringify(t)})}async function eb(e,t,n){return c(""/api/nexus/admin/academy/courses/"".concat(encodeURIComponent(t)),e,{method:""PUT"",headers:{""Content-Type"":""application/json""},body:JSON.stringify(n)})}async function e_(e,t){return c(""/api/nexus/admin/academy/courses/"".concat(encodeURIComponent(t)),e,{method:""DELETE""})}async function eU(e,t,n){return c(""/"
bundles_pass2/_next__static__chunks__4338-2835906ea9e42f40.js,1,/api/,"ethod:""POST"",headers:{""Content-Type"":""application/json""},body:JSON.stringify(t)})}async function eb(e,t,n){return c(""/api/nexus/admin/academy/courses/"".concat(encodeURIComponent(t)),e,{method:""PUT"",headers:{""Content-Type"":""application/json""},body:JSON.stringify(n)})}async function e_(e,t){return c(""/api/nexus/admin/academy/courses/"".concat(encodeURIComponent(t)),e,{method:""DELETE""})}async function eU(e,t,n){return c(""/api/nexus/admin/academy/courses/"".concat(encodeURIComponent(t),""/sections""),e,{method:""POST"",headers:{""Content-Type"":""application/json""},body:JSON.stringify(n)})}async function eD(e,t"
bundles_pass2/_next__static__chunks__4338-2835906ea9e42f40.js,1,/api/,"/nexus/admin/academy/courses/"".concat(encodeURIComponent(t)),e,{method:""PUT"",headers:{""Content-Type"":""application/json""},body:JSON.stringify(n)})}async function e_(e,t){return c(""/api/nexus/admin/academy/courses/"".concat(encodeURIComponent(t)),e,{method:""DELETE""})}async function eU(e,t,n){return c(""/api/nexus/admin/academy/courses/"".concat(encodeURIComponent(t),""/sections""),e,{method:""POST"",headers:{""Content-Type"":""application/json""},body:JSON.stringify(n)})}async function eD(e,t,n){return c(""/api/nexus/admin/academy/sections/"".concat(encodeURIComponent(t)),e,{method:""PUT"",headers:{""Content-Type"":"""
bundles_pass2/_next__static__chunks__4338-2835906ea9e42f40.js,1,/api/,"ademy/courses/"".concat(encodeURIComponent(t)),e,{method:""DELETE""})}async function eU(e,t,n){return c(""/api/nexus/admin/academy/courses/"".concat(encodeURIComponent(t),""/sections""),e,{method:""POST"",headers:{""Content-Type"":""application/json""},body:JSON.stringify(n)})}async function eD(e,t,n){return c(""/api/nexus/admin/academy/sections/"".concat(encodeURIComponent(t)),e,{method:""PUT"",headers:{""Content-Type"":""application/json""},body:JSON.stringify(n)})}async function eO(e,t){return c(""/api/nexus/admin/academy/sections/"".concat(encodeURIComponent(t)),e,{method:""DELETE""})}async function eE(e,t,n){return c("
bundles_pass2/_next__static__chunks__4338-2835906ea9e42f40.js,1,/api/,"thod:""POST"",headers:{""Content-Type"":""application/json""},body:JSON.stringify(n)})}async function eD(e,t,n){return c(""/api/nexus/admin/academy/sections/"".concat(encodeURIComponent(t)),e,{method:""PUT"",headers:{""Content-Type"":""application/json""},body:JSON.stringify(n)})}async function eO(e,t){return c(""/api/nexus/admin/academy/sections/"".concat(encodeURIComponent(t)),e,{method:""DELETE""})}async function eE(e,t,n){return c(""/api/nexus/admin/academy/sections/"".concat(encodeURIComponent(t),""/questions""),e,{method:""POST"",headers:{""Content-Type"":""application/json""},body:JSON.stringify(n)})}async function eN("
bundles_pass2/_next__static__chunks__4338-2835906ea9e42f40.js,1,/api/,"exus/admin/academy/sections/"".concat(encodeURIComponent(t)),e,{method:""PUT"",headers:{""Content-Type"":""application/json""},body:JSON.stringify(n)})}async function eO(e,t){return c(""/api/nexus/admin/academy/sections/"".concat(encodeURIComponent(t)),e,{method:""DELETE""})}async function eE(e,t,n){return c(""/api/nexus/admin/academy/sections/"".concat(encodeURIComponent(t),""/questions""),e,{method:""POST"",headers:{""Content-Type"":""application/json""},body:JSON.stringify(n)})}async function eN(e,t,n){return c(""/api/nexus/admin/academy/questions/"".concat(encodeURIComponent(t)),e,{method:""PUT"",headers:{""Content-Type"
bundles_pass2/_next__static__chunks__4338-2835906ea9e42f40.js,1,/api/,"my/sections/"".concat(encodeURIComponent(t)),e,{method:""DELETE""})}async function eE(e,t,n){return c(""/api/nexus/admin/academy/sections/"".concat(encodeURIComponent(t),""/questions""),e,{method:""POST"",headers:{""Content-Type"":""application/json""},body:JSON.stringify(n)})}async function eN(e,t,n){return c(""/api/nexus/admin/academy/questions/"".concat(encodeURIComponent(t)),e,{method:""PUT"",headers:{""Content-Type"":""application/json""},body:JSON.stringify(n)})}async function eQ(e,t){return c(""/api/nexus/admin/academy/questions/"".concat(encodeURIComponent(t)),e,{method:""DELETE""})}async function ej(e,t){let n=!(a"
bundles_pass2/_next__static__chunks__4338-2835906ea9e42f40.js,1,/api/,"hod:""POST"",headers:{""Content-Type"":""application/json""},body:JSON.stringify(n)})}async function eN(e,t,n){return c(""/api/nexus/admin/academy/questions/"".concat(encodeURIComponent(t)),e,{method:""PUT"",headers:{""Content-Type"":""application/json""},body:JSON.stringify(n)})}async function eQ(e,t){return c(""/api/nexus/admin/academy/questions/"".concat(encodeURIComponent(t)),e,{method:""DELETE""})}async function ej(e,t){let n=!(arguments.length>2)||void 0===arguments[2]||arguments[2];return c(""/api/nexus/admin/academy/courses/"".concat(encodeURIComponent(t),""/publish""),e,{method:""PUT"",headers:{""Content-Type"":""ap"
bundles_pass2/_next__static__chunks__4338-2835906ea9e42f40.js,1,/api/,"ethod:""PUT"",headers:{""Content-Type"":""application/json""},body:JSON.stringify(n)})}async function eQ(e,t){return c(""/api/nexus/admin/academy/questions/"".concat(encodeURIComponent(t)),e,{method:""DELETE""})}async function ej(e,t){let n=!(arguments.length>2)||void 0===arguments[2]||arguments[2];return c(""/api/nexus/admin/academy/courses/"".concat(encodeURIComponent(t),""/publish""),e,{method:""PUT"",headers:{""Content-Type"":""application/json""},body:JSON.stringify({published:n})})}async function eJ(e){var t;let n=await c(""/api/nexus/admin/academy/categories"",e);return null!=(t=null==n?void 0:n.categories)?t:[]}"
bundles_pass2/_next__static__chunks__4338-2835906ea9e42f40.js,1,/api/,"n ej(e,t){let n=!(arguments.length>2)||void 0===arguments[2]||arguments[2];return c(""/api/nexus/admin/academy/courses/"".concat(encodeURIComponent(t),""/publish""),e,{method:""PUT"",headers:{""Content-Type"":""application/json""},body:JSON.stringify({published:n})})}async function eJ(e){var t;let n=await c(""/api/nexus/admin/academy/categories"",e);return null!=(t=null==n?void 0:n.categories)?t:[]}async function eL(e,t){return c(""/api/nexus/admin/academy/categories"",e,{method:""POST"",headers:{""Content-Type"":""application/json""},body:JSON.stringify(t)})}async function eq(e,t,n){return c(""/api/nexus/admin/academy"
bundles_pass2/_next__static__chunks__4338-2835906ea9e42f40.js,1,/api/,"cat(encodeURIComponent(t),""/publish""),e,{method:""PUT"",headers:{""Content-Type"":""application/json""},body:JSON.stringify({published:n})})}async function eJ(e){var t;let n=await c(""/api/nexus/admin/academy/categories"",e);return null!=(t=null==n?void 0:n.categories)?t:[]}async function eL(e,t){return c(""/api/nexus/admin/academy/categories"",e,{method:""POST"",headers:{""Content-Type"":""application/json""},body:JSON.stringify(t)})}async function eq(e,t,n){return c(""/api/nexus/admin/academy/categories/"".concat(encodeURIComponent(t)),e,{method:""PUT"",headers:{""Content-Type"":""application/json""},body:JSON.stringify"
bundles_pass2/_next__static__chunks__4338-2835906ea9e42f40.js,1,/api/,"r t;let n=await c(""/api/nexus/admin/academy/categories"",e);return null!=(t=null==n?void 0:n.categories)?t:[]}async function eL(e,t){return c(""/api/nexus/admin/academy/categories"",e,{method:""POST"",headers:{""Content-Type"":""application/json""},body:JSON.stringify(t)})}async function eq(e,t,n){return c(""/api/nexus/admin/academy/categories/"".concat(encodeURIComponent(t)),e,{method:""PUT"",headers:{""Content-Type"":""application/json""},body:JSON.stringify(n)})}async function eM(e,t){return c(""/api/nexus/admin/academy/categories/"".concat(encodeURIComponent(t)),e,{method:""DELETE""})}async function eY(e,t){return "
bundles_pass2/_next__static__chunks__4338-2835906ea9e42f40.js,1,/api/,"od:""POST"",headers:{""Content-Type"":""application/json""},body:JSON.stringify(t)})}async function eq(e,t,n){return c(""/api/nexus/admin/academy/categories/"".concat(encodeURIComponent(t)),e,{method:""PUT"",headers:{""Content-Type"":""application/json""},body:JSON.stringify(n)})}async function eM(e,t){return c(""/api/nexus/admin/academy/categories/"".concat(encodeURIComponent(t)),e,{method:""DELETE""})}async function eY(e,t){return c(""/api/nexus/admin/academy/courses/"".concat(encodeURIComponent(t)),e)}async function eG(e,t,n){return c(""/api/nexus/admin/academy/upload/presign"",e,{method:""POST"",headers:{""Content-Type"
bundles_pass2/_next__static__chunks__4338-2835906ea9e42f40.js,1,/api/,"us/admin/academy/categories/"".concat(encodeURIComponent(t)),e,{method:""PUT"",headers:{""Content-Type"":""application/json""},body:JSON.stringify(n)})}async function eM(e,t){return c(""/api/nexus/admin/academy/categories/"".concat(encodeURIComponent(t)),e,{method:""DELETE""})}async function eY(e,t){return c(""/api/nexus/admin/academy/courses/"".concat(encodeURIComponent(t)),e)}async function eG(e,t,n){return c(""/api/nexus/admin/academy/upload/presign"",e,{method:""POST"",headers:{""Content-Type"":""application/json""},body:JSON.stringify({filename:t,contentType:n})})}async function eV(e,t,n){return c(""/api/nexus/acad"
bundles_pass2/_next__static__chunks__4338-2835906ea9e42f40.js,1,/api/,"plication/json""},body:JSON.stringify(n)})}async function eM(e,t){return c(""/api/nexus/admin/academy/categories/"".concat(encodeURIComponent(t)),e,{method:""DELETE""})}async function eY(e,t){return c(""/api/nexus/admin/academy/courses/"".concat(encodeURIComponent(t)),e)}async function eG(e,t,n){return c(""/api/nexus/admin/academy/upload/presign"",e,{method:""POST"",headers:{""Content-Type"":""application/json""},body:JSON.stringify({filename:t,contentType:n})})}async function eV(e,t,n){return c(""/api/nexus/academy/courses/"".concat(encodeURIComponent(t),""/reviews""),e,{method:""POST"",headers:{""Content-Type"":""applic"
bundles_pass2/_next__static__chunks__4338-2835906ea9e42f40.js,1,/api/,"return c(""/api/nexus/admin/academy/courses/"".concat(encodeURIComponent(t)),e)}async function eG(e,t,n){return c(""/api/nexus/admin/academy/upload/presign"",e,{method:""POST"",headers:{""Content-Type"":""application/json""},body:JSON.stringify({filename:t,contentType:n})})}async function eV(e,t,n){return c(""/api/nexus/academy/courses/"".concat(encodeURIComponent(t),""/reviews""),e,{method:""POST"",headers:{""Content-Type"":""application/json""},body:JSON.stringify(n)})}async function eH(e,t){return c(""/api/nexus/admin/academy/courses/"".concat(encodeURIComponent(t),""/reviews""),e)}async function ez(e){return c(""/api/n"
bundles_pass2/_next__static__chunks__4338-2835906ea9e42f40.js,1,/api/,"Type"":""application/json""},body:JSON.stringify({filename:t,contentType:n})})}async function eV(e,t,n){return c(""/api/nexus/academy/courses/"".concat(encodeURIComponent(t),""/reviews""),e,{method:""POST"",headers:{""Content-Type"":""application/json""},body:JSON.stringify(n)})}async function eH(e,t){return c(""/api/nexus/admin/academy/courses/"".concat(encodeURIComponent(t),""/reviews""),e)}async function ez(e){return c(""/api/nexus/copytrade/schema"",e)}async function eB(e,t){return c(""/api/nexus/copytrade/schema"",e,{method:""POST"",headers:{""Content-Type"":""application/json""},body:JSON.stringify(t)})}async function "
bundles_pass2/_next__static__chunks__4338-2835906ea9e42f40.js,1,/api/,"""/api/nexus/academy/courses/"".concat(encodeURIComponent(t),""/reviews""),e,{method:""POST"",headers:{""Content-Type"":""application/json""},body:JSON.stringify(n)})}async function eH(e,t){return c(""/api/nexus/admin/academy/courses/"".concat(encodeURIComponent(t),""/reviews""),e)}async function ez(e){return c(""/api/nexus/copytrade/schema"",e)}async function eB(e,t){return c(""/api/nexus/copytrade/schema"",e,{method:""POST"",headers:{""Content-Type"":""application/json""},body:JSON.stringify(t)})}async function eF(e,t){return c(""/api/nexus/copytrade/schema"",e,{method:""PUT"",headers:{""Content-Type"":""application/json""},bod"
bundles_pass2/_next__static__chunks__4338-2835906ea9e42f40.js,1,/api/,"ews""),e,{method:""POST"",headers:{""Content-Type"":""application/json""},body:JSON.stringify(n)})}async function eH(e,t){return c(""/api/nexus/admin/academy/courses/"".concat(encodeURIComponent(t),""/reviews""),e)}async function ez(e){return c(""/api/nexus/copytrade/schema"",e)}async function eB(e,t){return c(""/api/nexus/copytrade/schema"",e,{method:""POST"",headers:{""Content-Type"":""application/json""},body:JSON.stringify(t)})}async function eF(e,t){return c(""/api/nexus/copytrade/schema"",e,{method:""PUT"",headers:{""Content-Type"":""application/json""},body:JSON.stringify(t)})}async function eK(e){return c(""/api/nexus/c"
bundles_pass2/_next__static__chunks__4338-2835906ea9e42f40.js,1,/api/,"y/courses/"".concat(encodeURIComponent(t),""/reviews""),e)}async function ez(e){return c(""/api/nexus/copytrade/schema"",e)}async function eB(e,t){return c(""/api/nexus/copytrade/schema"",e,{method:""POST"",headers:{""Content-Type"":""application/json""},body:JSON.stringify(t)})}async function eF(e,t){return c(""/api/nexus/copytrade/schema"",e,{method:""PUT"",headers:{""Content-Type"":""application/json""},body:JSON.stringify(t)})}async function eK(e){return c(""/api/nexus/copytrade/schema/traders"",e)}async function eX(e,t){return c(""/api/nexus/copytrade/schema/traders"",e,{method:""POST"",headers:{""Content-Type"":""applicat"
bundles_pass2/_next__static__chunks__4338-2835906ea9e42f40.js,1,/api/,"urn c(""/api/nexus/copytrade/schema"",e,{method:""POST"",headers:{""Content-Type"":""application/json""},body:JSON.stringify(t)})}async function eF(e,t){return c(""/api/nexus/copytrade/schema"",e,{method:""PUT"",headers:{""Content-Type"":""application/json""},body:JSON.stringify(t)})}async function eK(e){return c(""/api/nexus/copytrade/schema/traders"",e)}async function eX(e,t){return c(""/api/nexus/copytrade/schema/traders"",e,{method:""POST"",headers:{""Content-Type"":""application/json""},body:JSON.stringify(t)})}async function e$(e,t,n){return c(""/api/nexus/copytrade/schema/traders/"".concat(encodeURIComponent(t)),e,{met"
bundles_pass2/_next__static__chunks__4338-2835906ea9e42f40.js,1,/api/,"pe"":""application/json""},body:JSON.stringify(t)})}async function eF(e,t){return c(""/api/nexus/copytrade/schema"",e,{method:""PUT"",headers:{""Content-Type"":""application/json""},body:JSON.stringify(t)})}async function eK(e){return c(""/api/nexus/copytrade/schema/traders"",e)}async function eX(e,t){return c(""/api/nexus/copytrade/schema/traders"",e,{method:""POST"",headers:{""Content-Type"":""application/json""},body:JSON.stringify(t)})}async function e$(e,t,n){return c(""/api/nexus/copytrade/schema/traders/"".concat(encodeURIComponent(t)),e,{method:""PUT"",headers:{""Content-Type"":""application/json""},body:JSON.stringify"
bundles_pass2/_next__static__chunks__4338-2835906ea9e42f40.js,1,/api/,"ation/json""},body:JSON.stringify(t)})}async function eK(e){return c(""/api/nexus/copytrade/schema/traders"",e)}async function eX(e,t){return c(""/api/nexus/copytrade/schema/traders"",e,{method:""POST"",headers:{""Content-Type"":""application/json""},body:JSON.stringify(t)})}async function e$(e,t,n){return c(""/api/nexus/copytrade/schema/traders/"".concat(encodeURIComponent(t)),e,{method:""PUT"",headers:{""Content-Type"":""application/json""},body:JSON.stringify(n)})}async function eZ(e,t){return c(""/api/nexus/copytrade/schema/traders/"".concat(encodeURIComponent(t)),e,{method:""DELETE""})}async function eW(e,t){let n=n"
bundles_pass2/_next__static__chunks__4338-2835906ea9e42f40.js,1,/api/,"od:""POST"",headers:{""Content-Type"":""application/json""},body:JSON.stringify(t)})}async function e$(e,t,n){return c(""/api/nexus/copytrade/schema/traders/"".concat(encodeURIComponent(t)),e,{method:""PUT"",headers:{""Content-Type"":""application/json""},body:JSON.stringify(n)})}async function eZ(e,t){return c(""/api/nexus/copytrade/schema/traders/"".concat(encodeURIComponent(t)),e,{method:""DELETE""})}async function eW(e,t){let n=new URLSearchParams;(null==t?void 0:t.status)&&n.append(""status"",t.status),(null==t?void 0:t.limit)!==void 0&&n.append(""limit"",t.limit.toString()),(null==t?void 0:t.offset)!==void 0&&n.ap"
bundles_pass2/_next__static__chunks__4338-2835906ea9e42f40.js,1,/api/,",{method:""DELETE""})}async function eW(e,t){let n=new URLSearchParams;(null==t?void 0:t.status)&&n.append(""status"",t.status),(null==t?void 0:t.limit)!==void 0&&n.append(""limit"",t.limit.toString()),(null==t?void 0:t.offset)!==void 0&&n.append(""offset"",t.offset.toString());let a=n.toString();return c(""/api/nexus/copytrade/executions"".concat(a?""?"".concat(a):""""),e)}async function e0(e,t){return c(""/api/nexus/copytrade/executions/"".concat(encodeURIComponent(t),""/timeline""),e)}async function e1(e,t){return c(""/api/nexus/copytrade/executions/"".concat(encodeURIComponent(t),""/approve""),e,{method:""POST""})}asy"
bundles_pass2/_next__static__chunks__4338-2835906ea9e42f40.js,1,/api/,"n.append(""status"",t.status),(null==t?void 0:t.limit)!==void 0&&n.append(""limit"",t.limit.toString()),(null==t?void 0:t.offset)!==void 0&&n.append(""offset"",t.offset.toString());let a=n.toString();return c(""/api/nexus/copytrade/executions"".concat(a?""?"".concat(a):""""),e)}async function e0(e,t){return c(""/api/nexus/copytrade/executions/"".concat(encodeURIComponent(t),""/timeline""),e)}async function e1(e,t){return c(""/api/nexus/copytrade/executions/"".concat(encodeURIComponent(t),""/approve""),e,{method:""POST""})}async function e2(e,t){return c(""/api/nexus/copytrade/executions/"".concat(encodeURIComponent(t),""/r"
bundles_pass2/_next__static__chunks__4338-2835906ea9e42f40.js,1,/api/,"d 0:t.offset)!==void 0&&n.append(""offset"",t.offset.toString());let a=n.toString();return c(""/api/nexus/copytrade/executions"".concat(a?""?"".concat(a):""""),e)}async function e0(e,t){return c(""/api/nexus/copytrade/executions/"".concat(encodeURIComponent(t),""/timeline""),e)}async function e1(e,t){return c(""/api/nexus/copytrade/executions/"".concat(encodeURIComponent(t),""/approve""),e,{method:""POST""})}async function e2(e,t){return c(""/api/nexus/copytrade/executions/"".concat(encodeURIComponent(t),""/reject""),e,{method:""POST""})}async function e5(e,t){return c(""/api/nexus/copytrade/executions/"".concat(encodeURICo"
bundles_pass2/_next__static__chunks__4338-2835906ea9e42f40.js,1,/api/,"ncat(a?""?"".concat(a):""""),e)}async function e0(e,t){return c(""/api/nexus/copytrade/executions/"".concat(encodeURIComponent(t),""/timeline""),e)}async function e1(e,t){return c(""/api/nexus/copytrade/executions/"".concat(encodeURIComponent(t),""/approve""),e,{method:""POST""})}async function e2(e,t){return c(""/api/nexus/copytrade/executions/"".concat(encodeURIComponent(t),""/reject""),e,{method:""POST""})}async function e5(e,t){return c(""/api/nexus/copytrade/executions/"".concat(encodeURIComponent(t),""/detach""),e,{method:""POST""})}async function e8(e){return c(""/api/nexus/copytrade/schema/kill"",e,{method:""POST""})}}}"
bundles_pass2/_next__static__chunks__4338-2835906ea9e42f40.js,1,/api/,"timeline""),e)}async function e1(e,t){return c(""/api/nexus/copytrade/executions/"".concat(encodeURIComponent(t),""/approve""),e,{method:""POST""})}async function e2(e,t){return c(""/api/nexus/copytrade/executions/"".concat(encodeURIComponent(t),""/reject""),e,{method:""POST""})}async function e5(e,t){return c(""/api/nexus/copytrade/executions/"".concat(encodeURIComponent(t),""/detach""),e,{method:""POST""})}async function e8(e){return c(""/api/nexus/copytrade/schema/kill"",e,{method:""POST""})}}}]);"
bundles_pass2/_next__static__chunks__4338-2835906ea9e42f40.js,1,/api/,"{method:""POST""})}async function e2(e,t){return c(""/api/nexus/copytrade/executions/"".concat(encodeURIComponent(t),""/reject""),e,{method:""POST""})}async function e5(e,t){return c(""/api/nexus/copytrade/executions/"".concat(encodeURIComponent(t),""/detach""),e,{method:""POST""})}async function e8(e){return c(""/api/nexus/copytrade/schema/kill"",e,{method:""POST""})}}}]);"
bundles_pass2/_next__static__chunks__9130-634f29a92d49fbd9.js,1,/api/,"s(""X-Guild-ID"")&&u.set(""X-Guild-ID"",i);let s=await fetch(t,{...n,headers:u});if(!s.ok){let e=""HTTP "".concat(s.status,"": "").concat(s.statusText);try{let r=await s.json();e=r.error||r.message||e}catch(e){}throw new o.er(e,s.status)}if(204!==s.status)return await s.json()}async function c(e){return l(""/api/nexus/coach/insights"",e)}async function y(e,r){return l(""/api/nexus/coach/insights/"".concat(encodeURIComponent(r),""/dismiss""),e,{method:""POST""})}async function m(e,r){return l(""/api/nexus/coach/insights/"".concat(encodeURIComponent(r),""/save""),e,{method:""POST""})}async function q(e,r){return l(""/api/n"
bundles_pass2/_next__static__chunks__9130-634f29a92d49fbd9.js,1,/api/,".n,headers:u});if(!s.ok){let e=""HTTP "".concat(s.status,"": "").concat(s.statusText);try{let r=await s.json();e=r.error||r.message||e}catch(e){}throw new o.er(e,s.status)}if(204!==s.status)return await s.json()}async function c(e){return l(""/api/nexus/coach/insights"",e)}async function y(e,r){return l(""/api/nexus/coach/insights/"".concat(encodeURIComponent(r),""/dismiss""),e,{method:""POST""})}async function m(e,r){return l(""/api/nexus/coach/insights/"".concat(encodeURIComponent(r),""/save""),e,{method:""POST""})}async function q(e,r){return l(""/api/nexus/coach/insights/"".concat(encodeURIComponent(r),""/academy-c"
bundles_pass2/_next__static__chunks__9130-634f29a92d49fbd9.js,1,/api/,"message||e}catch(e){}throw new o.er(e,s.status)}if(204!==s.status)return await s.json()}async function c(e){return l(""/api/nexus/coach/insights"",e)}async function y(e,r){return l(""/api/nexus/coach/insights/"".concat(encodeURIComponent(r),""/dismiss""),e,{method:""POST""})}async function m(e,r){return l(""/api/nexus/coach/insights/"".concat(encodeURIComponent(r),""/save""),e,{method:""POST""})}async function q(e,r){return l(""/api/nexus/coach/insights/"".concat(encodeURIComponent(r),""/academy-click""),e,{method:""POST""})}n(24646);let v={currentUser:()=>[""nexus"",""currentUser""],user:e=>[""nexus"",""user"",e],trades:e=>e"
bundles_pass2/_next__static__chunks__9130-634f29a92d49fbd9.js,1,/api/,"""/api/nexus/coach/insights"",e)}async function y(e,r){return l(""/api/nexus/coach/insights/"".concat(encodeURIComponent(r),""/dismiss""),e,{method:""POST""})}async function m(e,r){return l(""/api/nexus/coach/insights/"".concat(encodeURIComponent(r),""/save""),e,{method:""POST""})}async function q(e,r){return l(""/api/nexus/coach/insights/"".concat(encodeURIComponent(r),""/academy-click""),e,{method:""POST""})}n(24646);let v={currentUser:()=>[""nexus"",""currentUser""],user:e=>[""nexus"",""user"",e],trades:e=>e?[""nexus"",""trades"",e]:[""nexus"",""trades""],trade:e=>[""nexus"",""trade"",e],tradePnlHistory:e=>[""nexus"",""trade"",e,""pnl-hist"
bundles_pass2/_next__static__chunks__9130-634f29a92d49fbd9.js,1,/api/,"digest""]},f=null,K=0,Q=new Set,p=null;function g(e,r){e.setQueryData(v.trade(r.id),r),e.setQueriesData({queryKey:v.trades()},e=>e?{...e,trades:e.trades.map(e=>e.id===r.id?r:e)}:e)}async function x(e){return f||p?null!=p?p:Promise.resolve():p=(async()=>{let r=await e();if(!r||f)return;let n=new URL(""/api/nexus/sse/trades"",(0,o.wj)());n.searchParams.set(""token"",r);let t=new EventSource(n.toString());f=t,t.addEventListener(""pnl_update"",e=>{try{let r=JSON.parse(e.data);Q.forEach(e=>e(r))}catch(e){console.warn(""[nexus] failed to parse trade stream payload"",e)}}),t.onerror=()=>{null==f||f.close(),f=null,"
bundles_pass2/_next__static__chunks__9130-634f29a92d49fbd9.js,1,EventSource,"e(r.id),r),e.setQueriesData({queryKey:v.trades()},e=>e?{...e,trades:e.trades.map(e=>e.id===r.id?r:e)}:e)}async function x(e){return f||p?null!=p?p:Promise.resolve():p=(async()=>{let r=await e();if(!r||f)return;let n=new URL(""/api/nexus/sse/trades"",(0,o.wj)());n.searchParams.set(""token"",r);let t=new EventSource(n.toString());f=t,t.addEventListener(""pnl_update"",e=>{try{let r=JSON.parse(e.data);Q.forEach(e=>e(r))}catch(e){console.warn(""[nexus] failed to parse trade stream payload"",e)}}),t.onerror=()=>{null==f||f.close(),f=null,p=null}})().finally(()=>{p=null})}function F(e){var r,n;let{getToken:u,isSignedIn"
bundles_pass2/_next__static__chunks__9130-634f29a92d49fbd9.js,1,/api/,"guments[2]||arguments[2],{getToken:t}=(0,s.d)(),[u,i]=(0,a.useState)(void 0),[d,l]=(0,a.useState)(!1),c=(0,a.useRef)(null);return(0,a.useEffect)(()=>{if(!n||!e||!r)return void l(!1);let u=!1,s=e.trim().toUpperCase(),a=r.slice(0,10);return(async()=>{try{let e=await t();if(!e||u)return;let r=new URL(""/api/nexus/sse/options"",(0,o.wj)());r.searchParams.set(""ticker"",s),r.searchParams.set(""expiration"",a),r.searchParams.set(""token"",e);let n=new EventSource(r.toString());c.current=n;let d=e=>{try{let r=JSON.parse(e.data);u||(i(r),l(!0))}catch(e){console.warn(""[nexus] failed to parse options stream payload"""
bundles_pass2/_next__static__chunks__9130-634f29a92d49fbd9.js,1,EventSource,"t)(()=>{if(!n||!e||!r)return void l(!1);let u=!1,s=e.trim().toUpperCase(),a=r.slice(0,10);return(async()=>{try{let e=await t();if(!e||u)return;let r=new URL(""/api/nexus/sse/options"",(0,o.wj)());r.searchParams.set(""ticker"",s),r.searchParams.set(""expiration"",a),r.searchParams.set(""token"",e);let n=new EventSource(r.toString());c.current=n;let d=e=>{try{let r=JSON.parse(e.data);u||(i(r),l(!0))}catch(e){console.warn(""[nexus] failed to parse options stream payload"",e)}};n.addEventListener(""initial_data"",d),n.addEventListener(""snapshot_update"",d),n.addEventListener(""connected"",()=>{u||l(!0)}),n.addEventListener"
bundles_pass2/_next__static__chunks__7026-d5f1da6b0d5e5c29.js,1,/api/,"e())));if(!n.ok)throw Error(""Contracts failed ["".concat(n.status,""]""));let a=await n.json();return m.set(t,{data:a,time:Date.now()}),a})().finally(()=>{f.delete(t)});return f.set(t,l),l}async function v(e){var t;let n=new URLSearchParams;e&&n.set(""kinds"",e);let a=n.toString(),l=await d("""".concat(o,""/api/ohlcv/symbols"").concat(a?""?"".concat(a):""""));if(!l.ok)throw Error(""Chart symbols failed ["".concat(l.status,""]""));return(null!=(t=(await l.json()).symbols)?t:[]).map(e=>{var t;return{...e,displayName:null!=(t=e.displayName)?t:""VIX""===e.name?""CVIX"":void 0}})}function y(e,t){if(t<=1)return e;let n=new M"
bundles_pass2/_next__static__chunks__app__layout-f8c87dfd0b87bada.js,1,/api/,"st;if(!e.includes(""localhost""))return"""".concat(window.location.protocol,""//"").concat(e);let t=M.env.NEXT_PUBLIC_API_BASE_URL;if(t&&""http://localhost:8080""!==t)return t}return M.env.NEXT_PUBLIC_API_BASE_URL||""http://localhost:8080""}();console.log(""[Push Manager] Saving subscription to:"","""".concat(n,""/api/push/subscribe""));let a=await fetch("""".concat(n,""/api/push/subscribe""),{method:""POST"",headers:{""Content-Type"":""application/json"",...t?{Authorization:""Bearer "".concat(t)}:{}},body:JSON.stringify({subscription:r})});if(!a.ok){let e=await a.json();return console.error(""[Push Manager] Failed to save sub"
bundles_pass2/_next__static__chunks__app__layout-f8c87dfd0b87bada.js,1,/api/,"location.protocol,""//"").concat(e);let t=M.env.NEXT_PUBLIC_API_BASE_URL;if(t&&""http://localhost:8080""!==t)return t}return M.env.NEXT_PUBLIC_API_BASE_URL||""http://localhost:8080""}();console.log(""[Push Manager] Saving subscription to:"","""".concat(n,""/api/push/subscribe""));let a=await fetch("""".concat(n,""/api/push/subscribe""),{method:""POST"",headers:{""Content-Type"":""application/json"",...t?{Authorization:""Bearer "".concat(t)}:{}},body:JSON.stringify({subscription:r})});if(!a.ok){let e=await a.json();return console.error(""[Push Manager] Failed to save subscription:"",e),!1}let i=await a.json();return console."
bundles_pass2/_next__static__chunks__app__layout-f8c87dfd0b87bada.js,1,EventSource,"label:""View"",onClick:()=>{window.location.href=o}}}:{}}),""undefined""!=typeof Notification&&""granted""===Notification.permission)try{new Notification(n,{body:a,tag:e.rule_id})}catch(e){}}(JSON.parse(e.data))}catch(e){}},s=async()=>{if(o.current)return;let e=await t();if(!e||o.current)return;let r=new EventSource((0,B.Vz)(e));n.current=r,r.onopen=()=>{i.current=0},r.addEventListener(""notification"",a),r.onmessage=a,r.onerror=()=>{if(r.close(),n.current=null,o.current)return;let e=Math.min(1e3*2**i.current,3e4);i.current+=1,window.setTimeout(s,e)}};return s(),()=>{o.current=!0,n.current&&(n.current.onerror=nu"
bundles_pass2/_next__static__chunks__app__layout-f8c87dfd0b87bada.js,1,/api/,"{}throw new eN(e,i.status)}return await i.json()}function eC(e){var t;let{children:r}=e,{isLoaded:o,isSignedIn:s}=(0,j.d)(),{data:l,isLoading:c,isError:d,error:u,refetch:m}=function(){let{getToken:e,isSignedIn:t,userId:r}=(0,j.d)();return(0,eT.I)({queryKey:[""legal"",""terms-status"",r],queryFn:()=>eA(""/api/nexus/legal/terms-status"",e),enabled:!!t,staleTime:6e4,retry:3,retryDelay:e=>Math.min(1e3*2**e,8e3)})}(),g=function(){let{getToken:e}=(0,j.d)(),t=(0,i.jE)();return(0,eE.n)({mutationFn:()=>(function(e){let t=window.sessionStorage.getItem(""skylit-session-id"")||crypto.randomUUID();return t&&window.sess"
bundles_pass2/_next__static__chunks__app__layout-f8c87dfd0b87bada.js,1,/api/,"Time:6e4,retry:3,retryDelay:e=>Math.min(1e3*2**e,8e3)})}(),g=function(){let{getToken:e}=(0,j.d)(),t=(0,i.jE)();return(0,eE.n)({mutationFn:()=>(function(e){let t=window.sessionStorage.getItem(""skylit-session-id"")||crypto.randomUUID();return t&&window.sessionStorage.setItem(""skylit-session-id"",t),eA(""/api/nexus/legal/terms-acceptance"",e,{method:""POST"",body:JSON.stringify({accepted:!0,termsVersion:""tos_2026_03_25"",termsContentHash:""sha256:9a5cb589761687a96895e49d9e7ec8fce35220aafdfd6b725804f6a846ca4607"",sessionId:t,appEnvironment:""production""})})})(e),onSuccess:()=>{t.invalidateQueries({queryKey:[""leg"
bundles_pass2/_next__static__chunks__app__layout-f8c87dfd0b87bada.js,1,falcon,"hrome:()=>e({panelPosition:null,panelSize:null,panelOpacity:1,panelBlur:14,panelSheetHeight:null,bubblePosition:null,minSignal:.33},!1,""resetPanelChrome"")}),{name:""skylit-glitch-widget"",version:3,migrate:(e,t)=>{let r=null!=e?e:{};if(t<2&&(""talon""===r.activeTab&&""v2""===r.talonVariant&&(r.activeTab=""falcon""),delete r.talonVariant),t<3)try{let e=Number(localStorage.getItem(""skylit:lifecycle:balance-usd""));Number.isFinite(e)&&e>0&&(r.accountBalance=Math.max(0,e));let t=Number(localStorage.getItem(""skylit:lifecycle:risk-pct""));Number.isFinite(t)&&t>0&&(r.riskPct=Math.min(100,Math.max(.1,t)))}catch(e){}r"
bundles_pass2/_next__static__chunks__app__layout-f8c87dfd0b87bada.js,1,heatseeker,"eByTool:t})});if(!r.ok)throw Error(""atlas-drawings PUT /presets → "".concat(r.status));return await r.json()}}},58752:(e,t,r)=>{""use strict"";r.d(t,{Fw:()=>h,II:()=>y,K_:()=>i,RJ:()=>o,UG:()=>f,Uy:()=>p,Vz:()=>u,r:()=>g,zd:()=>a});let n=[""SPY"",""SPX"",""SPXW"",""QQQ"",""IWM"",""VIX"",""DIA""],a=""https://whop.com/heatseeker"";function i(e){return[null==e?void 0:e.N,null==e?void 0:e.njord_access,null==e?void 0:e.njord_public_checkout].some(e=>null!==e&&""object""==typeof e&&!Array.isArray(e))}function o(e){return i(e)?{href:""/products"",label:""View plans"",external:!1}:{href:a,label:""Upgrade on Whop"",external:!0}}let s=new "
bundles_pass2/_next__static__chunks__app__layout-f8c87dfd0b87bada.js,1,flowseeker," 0:e.njord_public_checkout].some(e=>null!==e&&""object""==typeof e&&!Array.isArray(e))}function o(e){return i(e)?{href:""/products"",label:""View plans"",external:!1}:{href:a,label:""Upgrade on Whop"",external:!0}}let s=new Set([""admin"",""portfolio_manager""]),l=new Set([""pro"",""protege"",""quant""]),c=new Set([""flowseeker"",""flowseeker-power-user"",""flowseeker-api-user"",""flowseeker-api-access""]),d=new Set([...l,""initiate"",...c]);function u(e,t){return!t||n.includes(e.toUpperCase())}function m(e){return e?Array.isArray(e)?e.map(e=>e.trim()):e.split("","").map(e=>e.trim()):[]}function g(e){return e?[...new Set([...m(e.rol"
bundles_pass2/_next__static__chunks__app__layout-f8c87dfd0b87bada.js,1,flowseeker,"blic_checkout].some(e=>null!==e&&""object""==typeof e&&!Array.isArray(e))}function o(e){return i(e)?{href:""/products"",label:""View plans"",external:!1}:{href:a,label:""Upgrade on Whop"",external:!0}}let s=new Set([""admin"",""portfolio_manager""]),l=new Set([""pro"",""protege"",""quant""]),c=new Set([""flowseeker"",""flowseeker-power-user"",""flowseeker-api-user"",""flowseeker-api-access""]),d=new Set([...l,""initiate"",...c]);function u(e,t){return!t||n.includes(e.toUpperCase())}function m(e){return e?Array.isArray(e)?e.map(e=>e.trim()):e.split("","").map(e=>e.trim()):[]}function g(e){return e?[...new Set([...m(e.role),...m(e.rol"
bundles_pass2/_next__static__chunks__app__layout-f8c87dfd0b87bada.js,1,flowseeker,"ull!==e&&""object""==typeof e&&!Array.isArray(e))}function o(e){return i(e)?{href:""/products"",label:""View plans"",external:!1}:{href:a,label:""Upgrade on Whop"",external:!0}}let s=new Set([""admin"",""portfolio_manager""]),l=new Set([""pro"",""protege"",""quant""]),c=new Set([""flowseeker"",""flowseeker-power-user"",""flowseeker-api-user"",""flowseeker-api-access""]),d=new Set([...l,""initiate"",...c]);function u(e,t){return!t||n.includes(e.toUpperCase())}function m(e){return e?Array.isArray(e)?e.map(e=>e.trim()):e.split("","").map(e=>e.trim()):[]}function g(e){return e?[...new Set([...m(e.role),...m(e.roles)].filter(Boolean))]:["
bundles_pass2/_next__static__chunks__app__layout-f8c87dfd0b87bada.js,1,flowseeker,"eof e&&!Array.isArray(e))}function o(e){return i(e)?{href:""/products"",label:""View plans"",external:!1}:{href:a,label:""Upgrade on Whop"",external:!0}}let s=new Set([""admin"",""portfolio_manager""]),l=new Set([""pro"",""protege"",""quant""]),c=new Set([""flowseeker"",""flowseeker-power-user"",""flowseeker-api-user"",""flowseeker-api-access""]),d=new Set([...l,""initiate"",...c]);function u(e,t){return!t||n.includes(e.toUpperCase())}function m(e){return e?Array.isArray(e)?e.map(e=>e.trim()):e.split("","").map(e=>e.trim()):[]}function g(e){return e?[...new Set([...m(e.role),...m(e.roles)].filter(Boolean))]:[]}function f(e){let t,"
bundles_pass2/_next__static__chunks__app__layout-f8c87dfd0b87bada.js,1,flowseeker,"urn e?Array.isArray(e)?e.map(e=>e.trim()):e.split("","").map(e=>e.trim()):[]}function g(e){return e?[...new Set([...m(e.role),...m(e.roles)].filter(Boolean))]:[]}function f(e){let t,r=g(e),n=r.some(e=>s.has(e)),a=r.some(e=>d.has(e));return t=n?""staff"":r.some(e=>l.has(e))?""higher"":r.some(e=>c.has(e))?""flowseeker"":r.includes(""initiate"")?""initiate"":r.includes(""community"")?""community"":""free"",{roles:r,isStaff:n,isPaying:a,tier:t}}function h(e,t){var r,n;let a=m(e),i=null!=(r=null==t?void 0:t.isSignedIn)&&r,o=null!=(n=null==t?void 0:t.isNjordManaged)&&n,d=!!(null==t?void 0:t.adminOverride)||a.some(e=>s.has(e)),"
bundles_pass2/_next__static__chunks__app__layout-f8c87dfd0b87bada.js,1,flowseeker,"n=null==t?void 0:t.isNjordManaged)&&n,d=!!(null==t?void 0:t.adminOverride)||a.some(e=>s.has(e)),u=d||a.some(e=>l.has(e)),g=!u&&a.includes(""initiate""),f=a.includes(""community"")&&!u&&!a.includes(""initiate""),h=a.some(e=>c.has(e)),p=u||h||a.includes(""community"")||a.includes(""initiate""),y=d||a.includes(""flowseeker-power-user""),v=d||a.includes(""flowseeker-power-user""),w=d||a.includes(""flowseeker-api-user"")||a.includes(""flowseeker-api-access""),b=u||a.includes(""initiate"");return{roles:a,isAdmin:d,isInitiate:g,isCommunityOnly:f,canAccessHeatseeker:!f&&(!o||b),canAccessCharts:i&&!g&&!f&&(!o||u),canAccessFlowseeke"
bundles_pass2/_next__static__chunks__app__layout-f8c87dfd0b87bada.js,1,flowseeker,"!(null==t?void 0:t.adminOverride)||a.some(e=>s.has(e)),u=d||a.some(e=>l.has(e)),g=!u&&a.includes(""initiate""),f=a.includes(""community"")&&!u&&!a.includes(""initiate""),h=a.some(e=>c.has(e)),p=u||h||a.includes(""community"")||a.includes(""initiate""),y=d||a.includes(""flowseeker-power-user""),v=d||a.includes(""flowseeker-power-user""),w=d||a.includes(""flowseeker-api-user"")||a.includes(""flowseeker-api-access""),b=u||a.includes(""initiate"");return{roles:a,isAdmin:d,isInitiate:g,isCommunityOnly:f,canAccessHeatseeker:!f&&(!o||b),canAccessCharts:i&&!g&&!f&&(!o||u),canAccessFlowseekerBase:p,canAccessFlowseekerSettings:d||v|"
bundles_pass2/_next__static__chunks__app__layout-f8c87dfd0b87bada.js,1,flowseeker,"(e=>s.has(e)),u=d||a.some(e=>l.has(e)),g=!u&&a.includes(""initiate""),f=a.includes(""community"")&&!u&&!a.includes(""initiate""),h=a.some(e=>c.has(e)),p=u||h||a.includes(""community"")||a.includes(""initiate""),y=d||a.includes(""flowseeker-power-user""),v=d||a.includes(""flowseeker-power-user""),w=d||a.includes(""flowseeker-api-user"")||a.includes(""flowseeker-api-access""),b=u||a.includes(""initiate"");return{roles:a,isAdmin:d,isInitiate:g,isCommunityOnly:f,canAccessHeatseeker:!f&&(!o||b),canAccessCharts:i&&!g&&!f&&(!o||u),canAccessFlowseekerBase:p,canAccessFlowseekerSettings:d||v||w,canAccessFlowseekerDiscord:v,canAccess"
bundles_pass2/_next__static__chunks__app__layout-f8c87dfd0b87bada.js,1,flowseeker,"e)),g=!u&&a.includes(""initiate""),f=a.includes(""community"")&&!u&&!a.includes(""initiate""),h=a.some(e=>c.has(e)),p=u||h||a.includes(""community"")||a.includes(""initiate""),y=d||a.includes(""flowseeker-power-user""),v=d||a.includes(""flowseeker-power-user""),w=d||a.includes(""flowseeker-api-user"")||a.includes(""flowseeker-api-access""),b=u||a.includes(""initiate"");return{roles:a,isAdmin:d,isInitiate:g,isCommunityOnly:f,canAccessHeatseeker:!f&&(!o||b),canAccessCharts:i&&!g&&!f&&(!o||u),canAccessFlowseekerBase:p,canAccessFlowseekerSettings:d||v||w,canAccessFlowseekerDiscord:v,canAccessFlowseekerApiKeys:w,canShareFlowsee"
bundles_pass2/_next__static__chunks__app__layout-f8c87dfd0b87bada.js,1,Heatseeker,"|a.includes(""community"")||a.includes(""initiate""),y=d||a.includes(""flowseeker-power-user""),v=d||a.includes(""flowseeker-power-user""),w=d||a.includes(""flowseeker-api-user"")||a.includes(""flowseeker-api-access""),b=u||a.includes(""initiate"");return{roles:a,isAdmin:d,isInitiate:g,isCommunityOnly:f,canAccessHeatseeker:!f&&(!o||b),canAccessCharts:i&&!g&&!f&&(!o||u),canAccessFlowseekerBase:p,canAccessFlowseekerSettings:d||v||w,canAccessFlowseekerDiscord:v,canAccessFlowseekerApiKeys:w,canShareFlowseeker:y}}function p(e){return h(e).isInitiate}function y(e){return g(e).includes(""pro"")}},60080:(e,t,r)=>{""use strict"";"
bundles_pass2/_next__static__chunks__app__layout-f8c87dfd0b87bada.js,1,Flowseeker,"lowseeker-power-user""),v=d||a.includes(""flowseeker-power-user""),w=d||a.includes(""flowseeker-api-user"")||a.includes(""flowseeker-api-access""),b=u||a.includes(""initiate"");return{roles:a,isAdmin:d,isInitiate:g,isCommunityOnly:f,canAccessHeatseeker:!f&&(!o||b),canAccessCharts:i&&!g&&!f&&(!o||u),canAccessFlowseekerBase:p,canAccessFlowseekerSettings:d||v||w,canAccessFlowseekerDiscord:v,canAccessFlowseekerApiKeys:w,canShareFlowseeker:y}}function p(e){return h(e).isInitiate}function y(e){return g(e).includes(""pro"")}},60080:(e,t,r)=>{""use strict"";r.d(t,{j:()=>i});var n=r(26614);let a=""phc_Ah3mygf0T1L1w9C77ZlkZ21S"
bundles_pass2/_next__static__chunks__app__layout-f8c87dfd0b87bada.js,1,Flowseeker,"||a.includes(""flowseeker-power-user""),w=d||a.includes(""flowseeker-api-user"")||a.includes(""flowseeker-api-access""),b=u||a.includes(""initiate"");return{roles:a,isAdmin:d,isInitiate:g,isCommunityOnly:f,canAccessHeatseeker:!f&&(!o||b),canAccessCharts:i&&!g&&!f&&(!o||u),canAccessFlowseekerBase:p,canAccessFlowseekerSettings:d||v||w,canAccessFlowseekerDiscord:v,canAccessFlowseekerApiKeys:w,canShareFlowseeker:y}}function p(e){return h(e).isInitiate}function y(e){return g(e).includes(""pro"")}},60080:(e,t,r)=>{""use strict"";r.d(t,{j:()=>i});var n=r(26614);let a=""phc_Ah3mygf0T1L1w9C77ZlkZ21S7j5n2TjKVflfrLejkcm"";a?(n."
bundles_pass2/_next__static__chunks__app__layout-f8c87dfd0b87bada.js,1,Flowseeker,"),w=d||a.includes(""flowseeker-api-user"")||a.includes(""flowseeker-api-access""),b=u||a.includes(""initiate"");return{roles:a,isAdmin:d,isInitiate:g,isCommunityOnly:f,canAccessHeatseeker:!f&&(!o||b),canAccessCharts:i&&!g&&!f&&(!o||u),canAccessFlowseekerBase:p,canAccessFlowseekerSettings:d||v||w,canAccessFlowseekerDiscord:v,canAccessFlowseekerApiKeys:w,canShareFlowseeker:y}}function p(e){return h(e).isInitiate}function y(e){return g(e).includes(""pro"")}},60080:(e,t,r)=>{""use strict"";r.d(t,{j:()=>i});var n=r(26614);let a=""phc_Ah3mygf0T1L1w9C77ZlkZ21S7j5n2TjKVflfrLejkcm"";a?(n.default.init(a,{api_host:""https://us"
bundles_pass2/_next__static__chunks__app__layout-f8c87dfd0b87bada.js,1,Flowseeker,"-api-user"")||a.includes(""flowseeker-api-access""),b=u||a.includes(""initiate"");return{roles:a,isAdmin:d,isInitiate:g,isCommunityOnly:f,canAccessHeatseeker:!f&&(!o||b),canAccessCharts:i&&!g&&!f&&(!o||u),canAccessFlowseekerBase:p,canAccessFlowseekerSettings:d||v||w,canAccessFlowseekerDiscord:v,canAccessFlowseekerApiKeys:w,canShareFlowseeker:y}}function p(e){return h(e).isInitiate}function y(e){return g(e).includes(""pro"")}},60080:(e,t,r)=>{""use strict"";r.d(t,{j:()=>i});var n=r(26614);let a=""phc_Ah3mygf0T1L1w9C77ZlkZ21S7j5n2TjKVflfrLejkcm"";a?(n.default.init(a,{api_host:""https://us.i.posthog.com"",autocapture:!"
bundles_pass2/_next__static__chunks__app__layout-f8c87dfd0b87bada.js,1,Flowseeker,"wseeker-api-access""),b=u||a.includes(""initiate"");return{roles:a,isAdmin:d,isInitiate:g,isCommunityOnly:f,canAccessHeatseeker:!f&&(!o||b),canAccessCharts:i&&!g&&!f&&(!o||u),canAccessFlowseekerBase:p,canAccessFlowseekerSettings:d||v||w,canAccessFlowseekerDiscord:v,canAccessFlowseekerApiKeys:w,canShareFlowseeker:y}}function p(e){return h(e).isInitiate}function y(e){return g(e).includes(""pro"")}},60080:(e,t,r)=>{""use strict"";r.d(t,{j:()=>i});var n=r(26614);let a=""phc_Ah3mygf0T1L1w9C77ZlkZ21S7j5n2TjKVflfrLejkcm"";a?(n.default.init(a,{api_host:""https://us.i.posthog.com"",autocapture:!0,capture_pageview:!0,captur"
bundles_pass2/_next__static__chunks__app__layout-f8c87dfd0b87bada.js,1,flowseeker,",chartLayouts:{all:[""chart-layouts""],list:()=>[...a.chartLayouts.all,""list""]},health:{all:[""health""],status:()=>[...a.health.all,""status""]},statusNotifications:{all:[""status-notifications""],list:()=>[""status-notifications"",""list""]},megaphone:{all:[""megaphone""],webhooks:()=>[""megaphone"",""webhooks""]},flowseeker:{all:[""flowseeker""],screener:{all:[""flowseeker"",""screener""],daily:e=>[""flowseeker"",""screener"",""daily"",e],scoped:(e,t)=>[""flowseeker"",""screener"",e,t]}}}},98907:(e,t,r)=>{""use strict"";r.d(t,{D:()=>o});var n=r(12115),a=r(55485),i=r(86666);function o(){let{themeMode:e,setThemeMode:t,isDark:r,theme:o,mo"
bundles_pass2/_next__static__chunks__app__layout-f8c87dfd0b87bada.js,1,flowseeker,":[""chart-layouts""],list:()=>[...a.chartLayouts.all,""list""]},health:{all:[""health""],status:()=>[...a.health.all,""status""]},statusNotifications:{all:[""status-notifications""],list:()=>[""status-notifications"",""list""]},megaphone:{all:[""megaphone""],webhooks:()=>[""megaphone"",""webhooks""]},flowseeker:{all:[""flowseeker""],screener:{all:[""flowseeker"",""screener""],daily:e=>[""flowseeker"",""screener"",""daily"",e],scoped:(e,t)=>[""flowseeker"",""screener"",e,t]}}}},98907:(e,t,r)=>{""use strict"";r.d(t,{D:()=>o});var n=r(12115),a=r(55485),i=r(86666);function o(){let{themeMode:e,setThemeMode:t,isDark:r,theme:o,monoFont:s}=(0,a.DP)"
bundles_pass2/_next__static__chunks__app__layout-f8c87dfd0b87bada.js,1,flowseeker,"...a.chartLayouts.all,""list""]},health:{all:[""health""],status:()=>[...a.health.all,""status""]},statusNotifications:{all:[""status-notifications""],list:()=>[""status-notifications"",""list""]},megaphone:{all:[""megaphone""],webhooks:()=>[""megaphone"",""webhooks""]},flowseeker:{all:[""flowseeker""],screener:{all:[""flowseeker"",""screener""],daily:e=>[""flowseeker"",""screener"",""daily"",e],scoped:(e,t)=>[""flowseeker"",""screener"",e,t]}}}},98907:(e,t,r)=>{""use strict"";r.d(t,{D:()=>o});var n=r(12115),a=r(55485),i=r(86666);function o(){let{themeMode:e,setThemeMode:t,isDark:r,theme:o,monoFont:s}=(0,a.DP)(),l=(0,i.Z9)(e),c=(0,n.useCa"
bundles_pass2/_next__static__chunks__app__layout-f8c87dfd0b87bada.js,1,flowseeker,"th:{all:[""health""],status:()=>[...a.health.all,""status""]},statusNotifications:{all:[""status-notifications""],list:()=>[""status-notifications"",""list""]},megaphone:{all:[""megaphone""],webhooks:()=>[""megaphone"",""webhooks""]},flowseeker:{all:[""flowseeker""],screener:{all:[""flowseeker"",""screener""],daily:e=>[""flowseeker"",""screener"",""daily"",e],scoped:(e,t)=>[""flowseeker"",""screener"",e,t]}}}},98907:(e,t,r)=>{""use strict"";r.d(t,{D:()=>o});var n=r(12115),a=r(55485),i=r(86666);function o(){let{themeMode:e,setThemeMode:t,isDark:r,theme:o,monoFont:s}=(0,a.DP)(),l=(0,i.Z9)(e),c=(0,n.useCallback)(()=>{""system""===e?t(""dark"")"
bundles_pass2/_next__static__chunks__app__layout-f8c87dfd0b87bada.js,1,flowseeker,"atus""]},statusNotifications:{all:[""status-notifications""],list:()=>[""status-notifications"",""list""]},megaphone:{all:[""megaphone""],webhooks:()=>[""megaphone"",""webhooks""]},flowseeker:{all:[""flowseeker""],screener:{all:[""flowseeker"",""screener""],daily:e=>[""flowseeker"",""screener"",""daily"",e],scoped:(e,t)=>[""flowseeker"",""screener"",e,t]}}}},98907:(e,t,r)=>{""use strict"";r.d(t,{D:()=>o});var n=r(12115),a=r(55485),i=r(86666);function o(){let{themeMode:e,setThemeMode:t,isDark:r,theme:o,monoFont:s}=(0,a.DP)(),l=(0,i.Z9)(e),c=(0,n.useCallback)(()=>{""system""===e?t(""dark""):""dark""===e?t(""light""):""light""===e?t(""dark""):""dark"
bundles_pass2/_next__static__chunks__5168-9901aec5fd79d4ae.js,1,/api/,"(t.headers);n&&r.set(""Authorization"",""Bearer "".concat(n));let o=await fetch(e,{...t,headers:r});if(!o.ok){let e=await o.json().catch(()=>({message:o.statusText}));throw new s(e.message||e.error||""Request failed"",o.status,e.code)}return o}async function d(e,t){let n=l(e||{}),r=await c("""".concat(a(),""/api/alerts"").concat(n),{},t),o=await r.json();return o.alerts&&Array.isArray(o.alerts)&&(o.alerts=o.alerts.map(e=>{var t,n,r;let o=e.proximity_settings;e.threshold&&(o={distance_points:null!==e.threshold.points&&void 0!==e.threshold.points?e.threshold.points:void 0,distance_percent:null!==e.threshold.pe"
bundles_pass2/_next__static__chunks__5168-9901aec5fd79d4ae.js,1,/api/,"ull==(s=e.debounce_settings)?void 0:s.debounce_seconds),expiration_range:e.expiration_range||1,significant_node_count:e.significant_node_count||5,custom_node_config:e.custom_node_config,webhook_url:e.webhook_url};return Object.keys(l).forEach(e=>{void 0===l[e]&&delete l[e]}),(await c("""".concat(a(),""/api/alerts""),{method:""POST"",headers:{""Content-Type"":""application/json""},body:JSON.stringify(l)},t)).json()}async function _(e,t,n){var r,o;let s={};if(t.scope?s.scope=t.scope:t.ticker&&(s.scope={type:""ticker"",ticker_id:t.ticker}),void 0!==t.name&&(s.name=t.name),void 0===t.label||t.name||(s.name=t.label"
bundles_pass2/_next__static__chunks__5168-9901aec5fd79d4ae.js,1,/api/,"range),void 0!==t.significant_node_count&&(s.significant_node_count=t.significant_node_count),void 0!==t.webhook_url&&(s.webhook_url=t.webhook_url),console.log(""[alerts-api] updateAlert - frontend updates:"",t),console.log(""[alerts-api] updateAlert - backend payload:"",s);let l=await c("""".concat(a(),""/api/alerts?alert_id="").concat(e),{method:""PUT"",headers:{""Content-Type"":""application/json""},body:JSON.stringify(s)},n),d=await l.json();return console.log(""[alerts-api] updateAlert - backend response:"",d),d}async function g(e,t){await c("""".concat(a(),""/api/alerts?alert_id="").concat(e),{method:""DELETE""},t"
bundles_pass2/_next__static__chunks__5168-9901aec5fd79d4ae.js,1,/api/,"ckend payload:"",s);let l=await c("""".concat(a(),""/api/alerts?alert_id="").concat(e),{method:""PUT"",headers:{""Content-Type"":""application/json""},body:JSON.stringify(s)},n),d=await l.json();return console.log(""[alerts-api] updateAlert - backend response:"",d),d}async function g(e,t){await c("""".concat(a(),""/api/alerts?alert_id="").concat(e),{method:""DELETE""},t)}async function p(e,t,n){let r=l({...e||{},pagination_token:n||void 0});return(await c("""".concat(a(),""/api/alert-events"").concat(r),{},t)).json()}async function h(e,t){return(await c("""".concat(a(),""/api/alerts/bulk""),{method:""POST"",headers:{""Content-T"
bundles_pass2/_next__static__chunks__5168-9901aec5fd79d4ae.js,1,/api/,"ify(s)},n),d=await l.json();return console.log(""[alerts-api] updateAlert - backend response:"",d),d}async function g(e,t){await c("""".concat(a(),""/api/alerts?alert_id="").concat(e),{method:""DELETE""},t)}async function p(e,t,n){let r=l({...e||{},pagination_token:n||void 0});return(await c("""".concat(a(),""/api/alert-events"").concat(r),{},t)).json()}async function h(e,t){return(await c("""".concat(a(),""/api/alerts/bulk""),{method:""POST"",headers:{""Content-Type"":""application/json""},body:JSON.stringify(e)},t)).json()}async function v(e,t){return(await c("""".concat(a(),""/api/alerts/batch-update""),{method:""POST"",he"
bundles_pass2/_next__static__chunks__5168-9901aec5fd79d4ae.js,1,/api/,",d}async function g(e,t){await c("""".concat(a(),""/api/alerts?alert_id="").concat(e),{method:""DELETE""},t)}async function p(e,t,n){let r=l({...e||{},pagination_token:n||void 0});return(await c("""".concat(a(),""/api/alert-events"").concat(r),{},t)).json()}async function h(e,t){return(await c("""".concat(a(),""/api/alerts/bulk""),{method:""POST"",headers:{""Content-Type"":""application/json""},body:JSON.stringify(e)},t)).json()}async function v(e,t){return(await c("""".concat(a(),""/api/alerts/batch-update""),{method:""POST"",headers:{""Content-Type"":""application/json""},body:JSON.stringify(e)},t)).json()}async function m(e,"
bundles_pass2/_next__static__chunks__5168-9901aec5fd79d4ae.js,1,/api/,"void 0});return(await c("""".concat(a(),""/api/alert-events"").concat(r),{},t)).json()}async function h(e,t){return(await c("""".concat(a(),""/api/alerts/bulk""),{method:""POST"",headers:{""Content-Type"":""application/json""},body:JSON.stringify(e)},t)).json()}async function v(e,t){return(await c("""".concat(a(),""/api/alerts/batch-update""),{method:""POST"",headers:{""Content-Type"":""application/json""},body:JSON.stringify(e)},t)).json()}async function m(e,t){return(await c("""".concat(a(),""/api/alerts/smart-setup""),{method:""POST"",headers:{""Content-Type"":""application/json""},body:JSON.stringify(e)},t)).json()}let f={isLoa"
bundles_pass2/_next__static__chunks__5168-9901aec5fd79d4ae.js,1,/api/,"ers:{""Content-Type"":""application/json""},body:JSON.stringify(e)},t)).json()}async function v(e,t){return(await c("""".concat(a(),""/api/alerts/batch-update""),{method:""POST"",headers:{""Content-Type"":""application/json""},body:JSON.stringify(e)},t)).json()}async function m(e,t){return(await c("""".concat(a(),""/api/alerts/smart-setup""),{method:""POST"",headers:{""Content-Type"":""application/json""},body:JSON.stringify(e)},t)).json()}let f={isLoading:!1,error:null,activeTab:""active"",selectedAlert:null,selectedEvent:null,alerts:[],events:[],statistics:null,authToken:null,eventsHasMore:!1,eventsPaginationToken:null,ev"
bundles_pass2/_next__static__chunks__9206-02ef40d64d673fcf.js,1,websocket,"tion y(){let{pageUrl:e=window.location.href,tvWsUrl:r=""https://live.skylit.ai"",liveBackendUrl:t=""https://live.skylit.ai"",tvBackendUrl:n=""""}=arguments.length>0&&void 0!==arguments[0]?arguments[0]:{},u=new URL(e),l=b(new URL(""/live"",u).toString(),u.protocol);if(!l)throw Error(""Unable to derive a safe websocket base from "".concat(e));let c=(null==r?void 0:r.trim())?b(r.trim(),u.protocol):null;if(c)return c;let s=null==t?void 0:t.trim(),a=null==n?void 0:n.trim();if(""localhost""===u.hostname||""127.0.0.1""===u.hostname){let e=s?b(s,u.protocol):null;if(e&&p(e.hostname))return e;let r=a?b(a,u.protocol):null;retu"
bundles_pass2/_next__static__chunks__9206-02ef40d64d673fcf.js,1,WebSocket,"eturn 4e3;case""15m"":return 5e3}}(null!=u?u:""1s""),n=null===r?1/0:Date.now()-r;if(!R(U.current)||!Number.isFinite(n)||n>=t)return void ec(e);en(),S(!0),E(!1),O(""live""),z.current=setTimeout(()=>{ec(e)},Math.max(250,t-n))},[ec,en,u]),ea=(0,n.useCallback)(()=>{if(!t||!r||x.current&&x.current.readyState<=WebSocket.OPEN)return;er.current||et.current||(et.current=setTimeout(()=>{et.current=void 0,el()},1500));let e=N.current,n=(0,l.v2)(),o=n=>{var l,o;if(e!==N.current||x.current&&x.current.readyState<=WebSocket.OPEN)return;let i=new WebSocket(w({symbol:r,resolution:u,sinceCursor:null!=(o=null!=(l=$.current)?l:"
bundles_pass2/_next__static__chunks__9206-02ef40d64d673fcf.js,1,WebSocket,"Math.max(250,t-n))},[ec,en,u]),ea=(0,n.useCallback)(()=>{if(!t||!r||x.current&&x.current.readyState<=WebSocket.OPEN)return;er.current||et.current||(et.current=setTimeout(()=>{et.current=void 0,el()},1500));let e=N.current,n=(0,l.v2)(),o=n=>{var l,o;if(e!==N.current||x.current&&x.current.readyState<=WebSocket.OPEN)return;let i=new WebSocket(w({symbol:r,resolution:u,sinceCursor:null!=(o=null!=(l=$.current)?l:q.current)?o:null,extended:U.current,pageUrl:window.location.href,token:n}));x.current=i,H.current=Date.now(),i.onopen=()=>{F.current=200,K.current=0,X.current&&(clearTimeout(X.current),X.current=voi"
bundles_pass2/_next__static__chunks__9206-02ef40d64d673fcf.js,1,WebSocket,"a=(0,n.useCallback)(()=>{if(!t||!r||x.current&&x.current.readyState<=WebSocket.OPEN)return;er.current||et.current||(et.current=setTimeout(()=>{et.current=void 0,el()},1500));let e=N.current,n=(0,l.v2)(),o=n=>{var l,o;if(e!==N.current||x.current&&x.current.readyState<=WebSocket.OPEN)return;let i=new WebSocket(w({symbol:r,resolution:u,sinceCursor:null!=(o=null!=(l=$.current)?l:q.current)?o:null,extended:U.current,pageUrl:window.location.href,token:n}));x.current=i,H.current=Date.now(),i.onopen=()=>{F.current=200,K.current=0,X.current&&(clearTimeout(X.current),X.current=void 0)},i.onmessage=r=>{if(e===N.c"
bundles_pass2/_next__static__chunks__9206-02ef40d64d673fcf.js,1,WebSocket,"current=void 0),X.current&&(clearTimeout(X.current),X.current=void 0),j.current&&clearInterval(j.current),et.current&&(clearTimeout(et.current),et.current=void 0),en()}),[en,ea]),(0,n.useEffect)(()=>(j.current&&clearInterval(j.current),j.current=setInterval(()=>{t&&x.current&&x.current.readyState===WebSocket.OPEN&&R(U.current)&&g()&&null!==H.current&&(Date.now()-H.current<=h(null!=u?u:""1s"")||x.current.close())},1e3),()=>{j.current&&clearInterval(j.current),j.current=void 0}),[t,u]),(0,n.useEffect)(()=>{let e=R(U.current),r=setInterval(()=>{var r;let n=R(U.current);n&&!e&&(Q.current=null),e=n;let u=func"
bundles_pass2/_next__static__chunks__9206-02ef40d64d673fcf.js,1,WebSocket," e=R(U.current),r=setInterval(()=>{var r;let n=R(U.current);n&&!e&&(Q.current=null),e=n;let u=function(e){let{enabled:r,socketOpen:t,marketOpen:n,visible:u,lastBarAt:l,now:c,thresholdMs:s}=e;return!!r&&!!t&&!!n&&!!u&&null!==l&&c-l>s}({enabled:t,socketOpen:(null==(r=x.current)?void 0:r.readyState)===WebSocket.OPEN,marketOpen:n,visible:g(),lastBarAt:Q.current,now:Date.now(),thresholdMs:45e3});T(e=>e===u?e:u)},1e3);return()=>clearInterval(r)},[t,u]),(0,n.useEffect)(()=>{W.current=p},[p]),(0,n.useEffect)(()=>{let e=()=>{var e;if(""visible""!==document.visibilityState||!t)return;let r=h(null!=u?u:""1s""),n=null"
bundles_pass2/_next__static__chunks__9206-02ef40d64d673fcf.js,1,WebSocket,"3});T(e=>e===u?e:u)},1e3);return()=>clearInterval(r)},[t,u]),(0,n.useEffect)(()=>{W.current=p},[p]),(0,n.useEffect)(()=>{let e=()=>{var e;if(""visible""!==document.visibilityState||!t)return;let r=h(null!=u?u:""1s""),n=null===H.current||Date.now()-H.current>r;(null==(e=x.current)?void 0:e.readyState)===WebSocket.OPEN&&n&&x.current.close()},r=()=>{(!x.current||x.current.readyState===WebSocket.CLOSED)&&t&&(F.current=200,K.current=0,X.current&&(clearTimeout(X.current),X.current=void 0),J.current())};return document.addEventListener(""visibilitychange"",e),window.addEventListener(""online"",r),()=>{document.remove"
bundles_pass2/_next__static__chunks__9206-02ef40d64d673fcf.js,1,WebSocket,"{W.current=p},[p]),(0,n.useEffect)(()=>{let e=()=>{var e;if(""visible""!==document.visibilityState||!t)return;let r=h(null!=u?u:""1s""),n=null===H.current||Date.now()-H.current>r;(null==(e=x.current)?void 0:e.readyState)===WebSocket.OPEN&&n&&x.current.close()},r=()=>{(!x.current||x.current.readyState===WebSocket.CLOSED)&&t&&(F.current=200,K.current=0,X.current&&(clearTimeout(X.current),X.current=void 0),J.current())};return document.addEventListener(""visibilitychange"",e),window.addEventListener(""online"",r),()=>{document.removeEventListener(""visibilitychange"",e),window.removeEventListener(""online"",r)}},[t,u"
bundles_pass2/_next__static__chunks__3680-bedf33ad8e108721.js,1,/api/,"lt&&null!==t.default)&&void 0===t.default.__esModule&&(Object.defineProperty(t.default,""__esModule"",{value:!0}),Object.assign(t.default,t),e.exports=t.default)},42206:e=>{""use strict"";e.exports={rE:""15.5.9""}},42742:(e,t)=>{""use strict"";function r(e){return""/api""===e||!!(null==e?void 0:e.startsWith(""/api/""))}Object.defineProperty(t,""__esModule"",{value:!0}),Object.defineProperty(t,""isAPIRoute"",{enumerable:!0,get:function(){return r}})},43843:(e,t,r)=>{""use strict"";r.d(t,{_:()=>o,c:()=>i});var n=r(12115);let a=n.createContext(void 0);a.displayName=""ClerkNextOptionsCtx"";let i=()=>{let e=n.useContext(a)"
bundles_pass2/_next__static__chunks__6614-bb93312999c77658.js,1,/api/,"_instance.persistence)||r.register({[sc]:Object.keys(sg(o)),[eK]:o}),this.pi()}getEarlyAccessFeatures(e,t,i){void 0===t&&(t=!1);var r=this._instance.get_property(eQ),s=i?""&""+i.map(e=>""stage=""+e).join(""&""):"""";if(r&&!t)return e(r);this._instance.ci({url:this._instance.requestRouter.endpointFor(""api"",""/api/early_access_features/?token=""+this._instance.config.token+s),method:""GET"",callback:t=>{var i,r;if(t.json){var s=t.json.earlyAccessFeatures;return null==(i=this._instance.persistence)||i.unregister(eQ),null==(r=this._instance.persistence)||r.register({[eQ]:s}),e(s)}}})}gi(){var e=this.getFlags(),t=t"
bundles_pass2/_next__static__chunks__6614-bb93312999c77658.js,1,/api/,"urveys)return sI.info(""Disabled. Not loading surveys.""),e([]);var i=this._instance.get_property(e3);if(i&&!t)return e(i,{isLoaded:!0});if(this.Ji)return e([],{isLoaded:!1,error:""Surveys are already being loaded""});try{this.Ji=!0,this._instance.ci({url:this._instance.requestRouter.endpointFor(""api"",""/api/surveys/?token=""+this._instance.config.token),method:""GET"",timeout:this._instance.config.surveys_request_timeout_ms,callback:t=>{this.Ji=!1;var i=t.statusCode;if(200!==i||!t.json){var r=""Surveys API could not be loaded, status: ""+i;return sI.error(r),e([],{isLoaded:!1,error:r})}var s,n,a=t.json.surv"
bundles_pass2/_next__static__chunks__6614-bb93312999c77658.js,1,/api/,"b_experiments||this.getWebExperimentsAndEvaluateDisplayLogic()}getWebExperiments(e,t,i){if(this._instance.config.disable_web_experiments&&!i)return e([]);var r=this._instance.get_property(""$web_experiments"");if(r&&!t)return e(r);this._instance.ci({url:this._instance.requestRouter.endpointFor(""api"",""/api/web_experiments/?token=""+this._instance.config.token),method:""GET"",callback:t=>200===t.statusCode&&t.json?e(t.json.experiments||[]):e([])})}ir(e,t,i){var r=i.filter(t=>t.id===e);r&&r.length>0&&(s6.Xe(""Previewing web experiment [""+r[0].name+""] with variant [""+t+""]""),this.Ze(r[0].name,t,r[0].variants["
bundles_pass2/_next__static__chunks__7297-f12effc5f786481c.js,1,falcon,"hrome:()=>e({panelPosition:null,panelSize:null,panelOpacity:1,panelBlur:14,panelSheetHeight:null,bubblePosition:null,minSignal:.33},!1,""resetPanelChrome"")}),{name:""skylit-glitch-widget"",version:3,migrate:(e,t)=>{let n=null!=e?e:{};if(t<2&&(""talon""===n.activeTab&&""v2""===n.talonVariant&&(n.activeTab=""falcon""),delete n.talonVariant),t<3)try{let e=Number(localStorage.getItem(""skylit:lifecycle:balance-usd""));Number.isFinite(e)&&e>0&&(n.accountBalance=Math.max(0,e));let t=Number(localStorage.getItem(""skylit:lifecycle:risk-pct""));Number.isFinite(t)&&t>0&&(n.riskPct=Math.min(100,Math.max(.1,t)))}catch(e){}r"
bundles_pass2/_next__static__chunks__7297-f12effc5f786481c.js,1,EventSource,"{console.warn(""[drawings-sync] PUT failed"",e)}})}},93791:(e,t,n)=>{n.d(t,{l:()=>a});var l=n(12115);function a(e,t){var n;let a=(0,l.useRef)(e);a.current=e;let r=null==(n=null==t?void 0:t.enabled)||n,o=null==t?void 0:t.symbol;(0,l.useEffect)(()=>{if(!r)return;let e=!1,t=null,n=null,l=()=>{e||((t=new EventSource(o?""/forge/stream?symbol="".concat(encodeURIComponent(o)):""/forge/stream"")).onmessage=e=>{if(e.data)try{a.current(JSON.parse(e.data))}catch(e){}},t.onerror=()=>{null==t||t.close(),t=null,e||(n=setTimeout(l,3e3))})};return l(),()=>{e=!0,null==t||t.close(),n&&clearTimeout(n)}},[o,r])}},98388:(e,t,n)=>{"
bundles_pass2/_next__static__chunks__7297-f12effc5f786481c.js,1,/api/,"-1].c:void 0}function z(e,t){var n;let l=(0,o.K)({symbol:e||""SPY"",enabled:t&&!!e,resolution:""1s""}),r=(0,a.useRef)(void 0),s=l.bars&&l.bars.length?l.bars[l.bars.length-1].c:void 0;null!=s&&(r.current=s);let[c,i]=(0,a.useState)(void 0);return(0,a.useEffect)(()=>{if(!t||!e)return;let n=!0,l=()=>fetch(""/api/live-spot?symbol="".concat(encodeURIComponent(e)),{cache:""no-store""}).then(e=>e.ok?e.json():null).then(e=>{n&&e&&null!=e.px&&i(e.px)}).catch(()=>{});l();let a=setInterval(l,2e3);return()=>{n=!1,clearInterval(a)}},[e,t]),{px:null!=(n=null!=s?s:r.current)?n:c,live:t&&l.connected&&null!=s}}function C(e,"
bundles_pass2/_next__static__chunks__7297-f12effc5f786481c.js,1,Flowseeker,".n_trades||null==g.contracts)return(0,l.jsx)(""div"",{className:""mx-4 mt-4 rounded-xl p-3.5"",style:{background:d.ink(.03),border:""1px solid "".concat(d.ink(.09))},children:(0,l.jsx)(""span"",{className:""block uppercase"",style:{fontSize:9,fontWeight:600,letterSpacing:""0.18em"",color:i.textMuted},children:""Flowseeker \xb7 since fire — loading…""})});let N=e=>e>=1e6?""$"".concat((e/1e6).toFixed(1),""M""):""$"".concat(Math.round(e/1e3),""K""),E=null==g.skew_pct?i.textMuted:g.skew_pct>=55?d.bull:g.skew_pct<=45?d.bear:i.textSecondary;return(0,l.jsxs)(""div"",{className:""mx-4 mt-4 rounded-xl p-3.5"",style:{background:d.ink(.03)"
bundles_pass2/_next__static__chunks__7297-f12effc5f786481c.js,1,Flowseeker,"),border:""1px solid "".concat(d.ink(.09))},children:[(0,l.jsxs)(""div"",{className:""mb-2 flex flex-wrap items-center justify-between gap-y-1"",children:[(0,l.jsxs)(""span"",{className:""flex items-center gap-1 uppercase"",style:{fontSize:9,fontWeight:600,letterSpacing:""0.18em"",color:i.textMuted},children:[""Flowseeker \xb7 since fire"",(0,l.jsx)(R,{t:i,skin:d,text:""Aggression-weighted directional premium.\nBars: net aggressive premium per bar — above zero = ask-side (buying) dominant, below = bid-side (selling). Ticker scope: above = with your trade, below = against. Curve: cumulative lean since fire.\nEach print"
bundles_pass2/_next__static__chunks__7297-f12effc5f786481c.js,1,falcon,"ressor premium \xb7 while open"").concat(g.bucket_min&&g.bucket_min>1?"" \xb7 "".concat(g.bucket_min,""m bars""):""""),legend:""ticker""===g.scope?[""with trade"",""against""]:[""buying (ask-side)"",""selling (bid-side)""],scrubTime:h,onScrub:p,t:i,skin:d})]})}let D=e=>!String(e.textPrimary||"""").startsWith(""#0""),I={falcon:[[""FIRE"",""FIRE""],[""SCALE_IN"",""SCALE-IN""]],midas:[[""ARMED"",""ARM""],[""TRIGGERED"",""TRIG""],[""T1_TAG"",""T1""],[""T2_TAG"",""T2""],[""T3_TAG"",""T3""],[""INVALIDATED"",""STOP""]],peregrine:[[""ARMED"",""ARM""],[""TRIGGERED"",""TRIG""],[""T1_TAG"",""T1""],[""T2_TAG"",""T2""],[""T3_TAG"",""T3""],[""INVALIDATED"",""STOP""]]},$={falcon:[""all"",""sp"
bundles_pass2/_next__static__chunks__7297-f12effc5f786481c.js,1,ARMED,"cket_min>1?"" \xb7 "".concat(g.bucket_min,""m bars""):""""),legend:""ticker""===g.scope?[""with trade"",""against""]:[""buying (ask-side)"",""selling (bid-side)""],scrubTime:h,onScrub:p,t:i,skin:d})]})}let D=e=>!String(e.textPrimary||"""").startsWith(""#0""),I={falcon:[[""FIRE"",""FIRE""],[""SCALE_IN"",""SCALE-IN""]],midas:[[""ARMED"",""ARM""],[""TRIGGERED"",""TRIG""],[""T1_TAG"",""T1""],[""T2_TAG"",""T2""],[""T3_TAG"",""T3""],[""INVALIDATED"",""STOP""]],peregrine:[[""ARMED"",""ARM""],[""TRIGGERED"",""TRIG""],[""T1_TAG"",""T1""],[""T2_TAG"",""T2""],[""T3_TAG"",""T3""],[""INVALIDATED"",""STOP""]]},$={falcon:[""all"",""spy"",""spx"",""qqq""],midas:[""all"",""normal"",""aggressive""],pereg"
bundles_pass2/_next__static__chunks__7297-f12effc5f786481c.js,1,ARMED,"ide)"",""selling (bid-side)""],scrubTime:h,onScrub:p,t:i,skin:d})]})}let D=e=>!String(e.textPrimary||"""").startsWith(""#0""),I={falcon:[[""FIRE"",""FIRE""],[""SCALE_IN"",""SCALE-IN""]],midas:[[""ARMED"",""ARM""],[""TRIGGERED"",""TRIG""],[""T1_TAG"",""T1""],[""T2_TAG"",""T2""],[""T3_TAG"",""T3""],[""INVALIDATED"",""STOP""]],peregrine:[[""ARMED"",""ARM""],[""TRIGGERED"",""TRIG""],[""T1_TAG"",""T1""],[""T2_TAG"",""T2""],[""T3_TAG"",""T3""],[""INVALIDATED"",""STOP""]]},$={falcon:[""all"",""spy"",""spx"",""qqq""],midas:[""all"",""normal"",""aggressive""],peregrine:[""all"",""normal"",""aggressive""]},H=[""washout-reclaim"",""floor-deflection"",""node-flip"",""king-floor""],G=[""Trinity Deflec"
bundles_pass2/_next__static__chunks__7297-f12effc5f786481c.js,1,falcon,"h(""#0""),I={falcon:[[""FIRE"",""FIRE""],[""SCALE_IN"",""SCALE-IN""]],midas:[[""ARMED"",""ARM""],[""TRIGGERED"",""TRIG""],[""T1_TAG"",""T1""],[""T2_TAG"",""T2""],[""T3_TAG"",""T3""],[""INVALIDATED"",""STOP""]],peregrine:[[""ARMED"",""ARM""],[""TRIGGERED"",""TRIG""],[""T1_TAG"",""T1""],[""T2_TAG"",""T2""],[""T3_TAG"",""T3""],[""INVALIDATED"",""STOP""]]},$={falcon:[""all"",""spy"",""spx"",""qqq""],midas:[""all"",""normal"",""aggressive""],peregrine:[""all"",""normal"",""aggressive""]},H=[""washout-reclaim"",""floor-deflection"",""node-flip"",""king-floor""],G=[""Trinity Deflection"",""Trapdoor"",""Launchpad"",""Barney Floor"",""Rug Pull"",""Slingshot""];function K(e){let{agent:t,skin:n,t:o}=e,[s,i"
bundles_pass2/_next__static__chunks__7297-f12effc5f786481c.js,1,falcon,"yle:{fontSize:10,fontWeight:600,letterSpacing:""0.05em"",cursor:""pointer"",minHeight:26,color:o?""var(--"".concat(n.ns,""-bear, #f87171)""):t?""var(--"".concat(n.ns,""-accent-ink)""):n.accent,background:t&&!o?n.accent:n.ink(.05),border:""1px solid "".concat(n.ink(.12))},children:e},null!=r?r:e),N=I[t],E=$[t],M=""falcon""===t,T=M?G:H,F=M?""names"":""classes"",z=e=>{e?(x(e.id),f({...e})):(x(""new""),f({url:"""",scope:""all"",style:""rich"",color_mode:""accent"",events:M?[""FIRE"",""SCALE_IN""]:[""TRIGGERED""],enabled:!0}))},C=()=>{var e,t,n,l,a,r,o;let s={name:null!=(e=m.name)?e:"""",enabled:!1!==m.enabled,style:m.style,color_mode:m.colo"
bundles_pass2/_next__static__chunks__7297-f12effc5f786481c.js,1,/api/,",style:{background:n.ink(.05),border:""1px solid "".concat(n.accent,""55""),boxShadow:""inset 0 1px 0 "".concat(n.ink(.04),"", 0 0 24px "").concat(n.accent,""11"")},children:[""new""===g&&(0,l.jsx)(""input"",{value:null!=(t=m.url)?t:"""",onChange:e=>f(t=>({...t,url:e.target.value})),placeholder:""https://discord.com/api/webhooks/…"",autoFocus:!0,className:""w-full rounded-lg px-2.5 py-2"",style:{fontSize:12,minHeight:36,background:n.ink(.05),border:""1px solid "".concat(n.ink(.14)),color:o.textPrimary,outline:""none""}}),(0,l.jsxs)(""div"",{className:""flex items-center gap-1.5"",children:[P(""NAME""),(0,l.jsx)(""input"",{value:n"
bundles_pass2/_next__static__chunks__1576-b802384d65dd427f.js,1,/api/,",e,t,l,i,d?""replay"":""live"",d?null==c?void 0:c.toISOString():null],queryFn:async()=>{var r;let n=(r=i,/^\d{8}$/.test(r)?r:/^\d{4}-\d{2}-\d{2}$/.test(r)?r.replace(/-/g,""""):r),a=new URLSearchParams({symbol:e,dataType:t,strike:l.toString(),exp:n});d&&c&&a.set(""timestamp"",c.toISOString());let o=await s(""/api/velocity/history?"".concat(a));return{history:o.history,timestamps:o.timestamps,delta1Min:o.delta1Min,delta5Min:o.delta5Min,delta10Min:o.delta10Min,delta15Min:o.delta15Min,delta1Hour:o.delta1Hour,delta4Hour:o.delta4Hour,delta1Day:o.delta1Day,percent1Min:o.percent1Min,percent5Min:o.percent5Min,percent"
bundles_pass2/_next__static__chunks__589c24b9-a5f0df66608c07b4.js,1,/api/,"d 0:t.profileAuth}}getHostUrl(){if(this.webUrl)return this.webUrl;if((t=>{let e=t.replace(""http://"","""").replace(""https://"","""").split(""/"")[0].split("":"")[0];return""localhost""===e||""127.0.0.1""===e||""::1""===e})(this.apiUrl))return this.webUrl=""http://localhost:3000"",this.webUrl;if(this.apiUrl.endsWith(""/api/v1""))return this.webUrl=this.apiUrl.replace(""/api/v1"",""""),this.webUrl;if(this.apiUrl.includes(""/api"")&&!this.apiUrl.split(""."",1)[0].endsWith(""api""))return this.webUrl=this.apiUrl.replace(""/api"",""""),this.webUrl;if(this.apiUrl.split(""."",1)[0].includes(""dev""))return this.webUrl=""https://dev.smith.langc"
bundles_pass2/_next__static__chunks__589c24b9-a5f0df66608c07b4.js,1,/api/,"urn this.webUrl;if((t=>{let e=t.replace(""http://"","""").replace(""https://"","""").split(""/"")[0].split("":"")[0];return""localhost""===e||""127.0.0.1""===e||""::1""===e})(this.apiUrl))return this.webUrl=""http://localhost:3000"",this.webUrl;if(this.apiUrl.endsWith(""/api/v1""))return this.webUrl=this.apiUrl.replace(""/api/v1"",""""),this.webUrl;if(this.apiUrl.includes(""/api"")&&!this.apiUrl.split(""."",1)[0].endsWith(""api""))return this.webUrl=this.apiUrl.replace(""/api"",""""),this.webUrl;if(this.apiUrl.split(""."",1)[0].includes(""dev""))return this.webUrl=""https://dev.smith.langchain.com"",this.webUrl;else if(this.apiUrl.split(""."
bundles_pass2/_next__static__chunks__app__page-ee729ac9decf605c.js,1,heatseeker,"OString())?l:null,speed:d,isPlaying:p}:null,connection:u,lastUpdated:x,priorRead:function(e){try{let t=sessionStorage.getItem(""talon:hs:lastread:"".concat(e));return t?JSON.parse(t):null}catch(e){return null}}(a)})},[a,e,n,o,t,r,g,i,s,c,d,p,u,x]),f=(0,l.useRef)(h);f.current=h,(0,l.useEffect)(()=>{b(""heatseeker"",a)},[a,b]),(0,l.useEffect)(()=>{m(h.materiality.key);var e=h.read.mode,t=h.read.bias.regime;try{sessionStorage.setItem(""talon:hs:lastread:"".concat(a),JSON.stringify({mode:e,regime:t}))}catch(e){}},[h.materiality.key,h.read.mode,h.read.bias.regime,a,m,h]),(0,l.useEffect)(()=>()=>{m(""""),b("""","""")},[m"
bundles_pass2/_next__static__chunks__app__page-ee729ac9decf605c.js,1,Heatseeker,"a.jsxs)(""span"",{style:{fontSize:""10px"",color:Q.qd.muted(ee),fontFamily:Q.Il.font.mono},children:[""Favorites: "",(null==t9?void 0:t9.length)||0]})]})})]})})]})}var eY=r(15962),eX=r(29231);function e$(){return(0,a.jsx)(eX.Y,{children:(0,a.jsx)(n.M,{activePage:""heatmaps"",children:(0,a.jsx)(eY.u,{title:""Heatseeker starts at Initiate"",description:""Community members get Flowseeker and Nexus access, but Heatseeker tools unlock at Initiate and above."",children:(0,a.jsx)(eK,{})})})})}},94560:(e,t,r)=>{""use strict"";r.d(t,{K:()=>c});var a=r(95155),n=r(12115),l=r(46767),o=r(98053),i=r(61170),s=r(17764);function c(e)"
bundles_pass2/_next__static__chunks__app__page-ee729ac9decf605c.js,1,Flowseeker,"mily:Q.Il.font.mono},children:[""Favorites: "",(null==t9?void 0:t9.length)||0]})]})})]})})]})}var eY=r(15962),eX=r(29231);function e$(){return(0,a.jsx)(eX.Y,{children:(0,a.jsx)(n.M,{activePage:""heatmaps"",children:(0,a.jsx)(eY.u,{title:""Heatseeker starts at Initiate"",description:""Community members get Flowseeker and Nexus access, but Heatseeker tools unlock at Initiate and above."",children:(0,a.jsx)(eK,{})})})})}},94560:(e,t,r)=>{""use strict"";r.d(t,{K:()=>c});var a=r(95155),n=r(12115),l=r(46767),o=r(98053),i=r(61170),s=r(17764);function c(e){let{symbolInfo:t,context:r=""default"",className:c=""""}=e,[d,p]=(0,n"
bundles_pass2/_next__static__chunks__app__page-ee729ac9decf605c.js,1,Heatseeker,"avorites: "",(null==t9?void 0:t9.length)||0]})]})})]})})]})}var eY=r(15962),eX=r(29231);function e$(){return(0,a.jsx)(eX.Y,{children:(0,a.jsx)(n.M,{activePage:""heatmaps"",children:(0,a.jsx)(eY.u,{title:""Heatseeker starts at Initiate"",description:""Community members get Flowseeker and Nexus access, but Heatseeker tools unlock at Initiate and above."",children:(0,a.jsx)(eK,{})})})})}},94560:(e,t,r)=>{""use strict"";r.d(t,{K:()=>c});var a=r(95155),n=r(12115),l=r(46767),o=r(98053),i=r(61170),s=r(17764);function c(e){let{symbolInfo:t,context:r=""default"",className:c=""""}=e,[d,p]=(0,n.useState)(!1),u=(0,s.a)(t);if(!u"
bundles_pass2/_next__static__chunks__8593-0b7dc0fa05075470.js,1,/api/,"ents/"".concat(e,""/setups""))}async enterSetup(e){return a.A.post(""/setups/"".concat(e,""/enter""))}async closeSetup(e,t,n){return a.A.post(""/setups/"".concat(e,""/close""),{exit_price:t,exit_reason:n})}async getIndexFlow(){return a.A.get(""/index-flow"")}}new i;class l{getWsUrl(){let e=""http://localhost:8000/api/v1"".replace(""http://"",""ws://"").replace(""https://"",""wss://""),t=a.A.getToken();return"""".concat(e,""/ws?token="").concat(t)}connect(){return this.connectionPromise||(this.connectionPromise=new Promise((e,t)=>{var n;if((null==(n=this.ws)?void 0:n.readyState)===WebSocket.OPEN)return void e();let a=this.get"
bundles_pass2/_next__static__chunks__8593-0b7dc0fa05075470.js,1,WebSocket,"{getWsUrl(){let e=""http://localhost:8000/api/v1"".replace(""http://"",""ws://"").replace(""https://"",""wss://""),t=a.A.getToken();return"""".concat(e,""/ws?token="").concat(t)}connect(){return this.connectionPromise||(this.connectionPromise=new Promise((e,t)=>{var n;if((null==(n=this.ws)?void 0:n.readyState)===WebSocket.OPEN)return void e();let a=this.getWsUrl();this.ws=new WebSocket(a),this.ws.onopen=()=>{console.log(""WebSocket connected""),this.reconnectAttempts=0,this.subscriptions.forEach(e=>{this.sendSubscribe(e)}),e()},this.ws.onmessage=e=>{try{let t=JSON.parse(e.data);this.handleMessage(t)}catch(e){console.e"
bundles_pass2/_next__static__chunks__8593-0b7dc0fa05075470.js,1,WebSocket,""",""ws://"").replace(""https://"",""wss://""),t=a.A.getToken();return"""".concat(e,""/ws?token="").concat(t)}connect(){return this.connectionPromise||(this.connectionPromise=new Promise((e,t)=>{var n;if((null==(n=this.ws)?void 0:n.readyState)===WebSocket.OPEN)return void e();let a=this.getWsUrl();this.ws=new WebSocket(a),this.ws.onopen=()=>{console.log(""WebSocket connected""),this.reconnectAttempts=0,this.subscriptions.forEach(e=>{this.sendSubscribe(e)}),e()},this.ws.onmessage=e=>{try{let t=JSON.parse(e.data);this.handleMessage(t)}catch(e){console.error(""Failed to parse WebSocket message:"",e)}},this.ws.onerror=e="
bundles_pass2/_next__static__chunks__8593-0b7dc0fa05075470.js,1,WebSocket,"getToken();return"""".concat(e,""/ws?token="").concat(t)}connect(){return this.connectionPromise||(this.connectionPromise=new Promise((e,t)=>{var n;if((null==(n=this.ws)?void 0:n.readyState)===WebSocket.OPEN)return void e();let a=this.getWsUrl();this.ws=new WebSocket(a),this.ws.onopen=()=>{console.log(""WebSocket connected""),this.reconnectAttempts=0,this.subscriptions.forEach(e=>{this.sendSubscribe(e)}),e()},this.ws.onmessage=e=>{try{let t=JSON.parse(e.data);this.handleMessage(t)}catch(e){console.error(""Failed to parse WebSocket message:"",e)}},this.ws.onerror=e=>{console.error(""WebSocket error:"",e),t(e)},th"
bundles_pass2/_next__static__chunks__8593-0b7dc0fa05075470.js,1,WebSocket,"let a=this.getWsUrl();this.ws=new WebSocket(a),this.ws.onopen=()=>{console.log(""WebSocket connected""),this.reconnectAttempts=0,this.subscriptions.forEach(e=>{this.sendSubscribe(e)}),e()},this.ws.onmessage=e=>{try{let t=JSON.parse(e.data);this.handleMessage(t)}catch(e){console.error(""Failed to parse WebSocket message:"",e)}},this.ws.onerror=e=>{console.error(""WebSocket error:"",e),t(e)},this.ws.onclose=()=>{console.log(""WebSocket disconnected""),this.connectionPromise=null,this.attemptReconnect()}})),this.connectionPromise}attemptReconnect(){if(this.reconnectAttempts>=this.maxReconnectAttempts)return void "
bundles_pass2/_next__static__chunks__8593-0b7dc0fa05075470.js,1,WebSocket,"n=()=>{console.log(""WebSocket connected""),this.reconnectAttempts=0,this.subscriptions.forEach(e=>{this.sendSubscribe(e)}),e()},this.ws.onmessage=e=>{try{let t=JSON.parse(e.data);this.handleMessage(t)}catch(e){console.error(""Failed to parse WebSocket message:"",e)}},this.ws.onerror=e=>{console.error(""WebSocket error:"",e),t(e)},this.ws.onclose=()=>{console.log(""WebSocket disconnected""),this.connectionPromise=null,this.attemptReconnect()}})),this.connectionPromise}attemptReconnect(){if(this.reconnectAttempts>=this.maxReconnectAttempts)return void console.error(""Max reconnection attempts reached"");this.reco"
bundles_pass2/_next__static__chunks__8593-0b7dc0fa05075470.js,1,WebSocket,"pts=0,this.subscriptions.forEach(e=>{this.sendSubscribe(e)}),e()},this.ws.onmessage=e=>{try{let t=JSON.parse(e.data);this.handleMessage(t)}catch(e){console.error(""Failed to parse WebSocket message:"",e)}},this.ws.onerror=e=>{console.error(""WebSocket error:"",e),t(e)},this.ws.onclose=()=>{console.log(""WebSocket disconnected""),this.connectionPromise=null,this.attemptReconnect()}})),this.connectionPromise}attemptReconnect(){if(this.reconnectAttempts>=this.maxReconnectAttempts)return void console.error(""Max reconnection attempts reached"");this.reconnectAttempts++;let e=this.reconnectDelay*Math.pow(2,this.rec"
bundles_pass2/_next__static__chunks__8593-0b7dc0fa05075470.js,1,WebSocket,"e,""ms (attempt "").concat(this.reconnectAttempts,"")"")),setTimeout(()=>{this.connect().catch(console.error)},e)}handleMessage(e){let t=this.handlers.get(e.channel);t&&t.forEach(t=>t(e));let n=this.handlers.get(""*"");n&&n.forEach(t=>t(e))}sendSubscribe(e){var t;(null==(t=this.ws)?void 0:t.readyState)===WebSocket.OPEN&&this.ws.send(JSON.stringify({action:""subscribe"",channel:e}))}sendUnsubscribe(e){var t;(null==(t=this.ws)?void 0:t.readyState)===WebSocket.OPEN&&this.ws.send(JSON.stringify({action:""unsubscribe"",channel:e}))}subscribe(e,t){return this.subscriptions.add(e),this.handlers.has(e)||this.handlers.se"
bundles_pass2/_next__static__chunks__8593-0b7dc0fa05075470.js,1,WebSocket,"rs.get(e.channel);t&&t.forEach(t=>t(e));let n=this.handlers.get(""*"");n&&n.forEach(t=>t(e))}sendSubscribe(e){var t;(null==(t=this.ws)?void 0:t.readyState)===WebSocket.OPEN&&this.ws.send(JSON.stringify({action:""subscribe"",channel:e}))}sendUnsubscribe(e){var t;(null==(t=this.ws)?void 0:t.readyState)===WebSocket.OPEN&&this.ws.send(JSON.stringify({action:""unsubscribe"",channel:e}))}subscribe(e,t){return this.subscriptions.add(e),this.handlers.has(e)||this.handlers.set(e,new Set),this.handlers.get(e).add(t),this.sendSubscribe(e),()=>{let n=this.handlers.get(e);n&&(n.delete(t),0===n.size&&(this.handlers.delete"
bundles_pass2/_next__static__chunks__8593-0b7dc0fa05075470.js,1,WebSocket,"beToIndexFlow(e){return this.subscribe(""index:flow"",e)}subscribeToAll(e){return this.subscribe(""*"",e)}disconnect(){this.ws&&(this.ws.close(),this.ws=null),this.connectionPromise=null,this.handlers.clear(),this.subscriptions.clear()}isConnected(){var e;return(null==(e=this.ws)?void 0:e.readyState)===WebSocket.OPEN}constructor(){this.ws=null,this.reconnectAttempts=0,this.maxReconnectAttempts=5,this.reconnectDelay=1e3,this.handlers=new Map,this.subscriptions=new Set,this.connectionPromise=null}}new l,n(11412),n(28511),n(64144),n(22034);class c{async getConsensus(e){try{let t=new URLSearchParams;(null==e?v"
bundles_pass2/_next__static__chunks__8593-0b7dc0fa05075470.js,1,Gatekeeper,"Support"":""Resistance"","" at "").concat(i.toFixed(2),"" with "").concat(o,""% confidence""),confidence:o,data:{direction:r?""BULLISH"":""BEARISH"",entryPrice:i,stopLoss:r?.995*i:1.005*i,targets:[{price:r?1.01*i:.99*i,percent:1},{price:r?1.02*i:.98*i,percent:2}],riskReward:2.5+2*Math.random(),nodeType:[""King"",""Gatekeeper"",""Pika""][Math.floor(3*Math.random())],score:o},timestamp:new Date().toISOString()})}return a.sort((e,t)=>t.confidence-e.confidence)}async cancelExecution(e){let t=this.activeExecutions.get(e);if(t&&""running""===t.status){let n={...t,status:""cancelled"",completedAt:new Date().toISOString()};this.activ"
bundles_pass2/_next__static__chunks__8593-0b7dc0fa05075470.js,1,gatekeeper,",skillId:a[Math.floor(Math.random()*a.length)],agentId:e,status:""completed"",startedAt:new Date(t).toISOString(),completedAt:new Date(t+r).toISOString(),duration:r,resultsCount:Math.floor(5*Math.random())+1,parameters:{mode:""FULL"",minRiskReward:3,minScore:70,directions:""BOTH"",entryNodeTypes:[""king"",""gatekeeper""],requireVoidZone:!0,minVoidPercent:2}})}return n}async scheduleSkill(e){try{await a.A.post(""/skills/schedule"",e)}catch(t){console.log(""Schedule saved locally:"",e)}}async updateSchedule(e,t,n){try{await a.A.put(""/agents/"".concat(e,""/skills/"").concat(t,""/schedule""),n)}catch(a){console.log(""Schedule "
bundles_pass2/_next__static__chunks__8593-0b7dc0fa05075470.js,1,EventSource,"t=null),g.current&&(clearTimeout(g.current),g.current=null),m.current&&(clearInterval(m.current),m.current=null)},[]),x=(0,a.useCallback)(async()=>{if(!t||!n)return;b();let e=null;try{e=await y()}catch(t){e=null}if(!e)return void u(e=>({...e,connected:!1,error:""Authentication required""}));let a=new EventSource((0,r.A0)(t,e));for(let e of(d.current=a,a.onopen=()=>{h.current=Date.now(),u({connected:!0,error:null,reconnectAttempts:0})},o))a.addEventListener(e,t=>{h.current=Date.now();try{let e=JSON.parse(t.data);f.current(e)}catch(t){console.warn(""[Stage SSE] Failed to parse "".concat(e,"" event:""),t)}});a.ad"
bundles_pass2/_next__static__chunks__8593-0b7dc0fa05075470.js,1,Gatekeeper,"support or resistance. In this case, the put concentration at 5850 means dealers are likely long puts, which creates natural buying pressure as they delta hedge. This mechanical flow tends to provide support."":t.includes(""nvda"")||t.includes(""nvidia"")?""NVDA is showing an interesting setup. There's a Gatekeeper node forming at $140 with significant call open interest. The stock has been consolidating, and the GEX profile suggests a potential breakout above $145 could trigger dealer-driven acceleration. However, the $138 level has substantial put support that should hold on pullbacks. R:R looks favorable f"
bundles_pass2/_next__static__chunks__988-7c66963a05bdd0b2.js,1,/api/,"digit"",second:""2-digit""}).formatToParts(t),a=t=>{var a;return null==(a=e.find(e=>e.type===t))?void 0:a.value};return""09""===a(""hour"")&&""30""===a(""minute"")&&""00""===a(""second"")?new Date(t.getTime()+6e4):t})(r).toISOString()),y.set(""v"",(0,n.N)())):y.set(""nocache"",Math.random().toString());let h=await t(""/api/data?"".concat(y));return h&&h.symbol&&(h.symbol=e),h},getHeatmapRange:async(e,a,r,s)=>{var o,c;let{strikeCount:d,expirationCount:u}=l.z3.getState(),m=new URLSearchParams({symbol:(0,i.ee)(e),from:a.toISOString(),to:r.toISOString(),v:(0,n.N)(),max_strikes:(null!=(o=null==s?void 0:s.maxStrikes)?o:d).to"
bundles_pass2/_next__static__chunks__988-7c66963a05bdd0b2.js,1,/api/,"Count:d,expirationCount:u}=l.z3.getState(),m=new URLSearchParams({symbol:(0,i.ee)(e),from:a.toISOString(),to:r.toISOString(),v:(0,n.N)(),max_strikes:(null!=(o=null==s?void 0:s.maxStrikes)?o:d).toString(),max_expirations:(null!=(c=null==s?void 0:s.maxExpirations)?c:u).toString()});try{let a=await t(""/api/data/range?"".concat(m));return a&&a.symbol&&(a.symbol=e),a}catch(t){return null}},getSymbols:async()=>(await t(""/api/symbols"")).symbols},settingsAPI:{getSymbols:async()=>t(""/api/settings/symbols""),addSymbol:async e=>t(""/api/settings/symbols"",{method:""POST"",body:JSON.stringify(e)}),updateSymbol:async"
bundles_pass2/_next__static__chunks__988-7c66963a05bdd0b2.js,1,/api/,"tring(),v:(0,n.N)(),max_strikes:(null!=(o=null==s?void 0:s.maxStrikes)?o:d).toString(),max_expirations:(null!=(c=null==s?void 0:s.maxExpirations)?c:u).toString()});try{let a=await t(""/api/data/range?"".concat(m));return a&&a.symbol&&(a.symbol=e),a}catch(t){return null}},getSymbols:async()=>(await t(""/api/symbols"")).symbols},settingsAPI:{getSymbols:async()=>t(""/api/settings/symbols""),addSymbol:async e=>t(""/api/settings/symbols"",{method:""POST"",body:JSON.stringify(e)}),updateSymbol:async(e,a)=>t(""/api/settings/symbols/"".concat(e),{method:""PUT"",body:JSON.stringify(a)}),deleteSymbol:async e=>t(""/api/sett"
bundles_pass2/_next__static__chunks__988-7c66963a05bdd0b2.js,1,/api/,"xStrikes)?o:d).toString(),max_expirations:(null!=(c=null==s?void 0:s.maxExpirations)?c:u).toString()});try{let a=await t(""/api/data/range?"".concat(m));return a&&a.symbol&&(a.symbol=e),a}catch(t){return null}},getSymbols:async()=>(await t(""/api/symbols"")).symbols},settingsAPI:{getSymbols:async()=>t(""/api/settings/symbols""),addSymbol:async e=>t(""/api/settings/symbols"",{method:""POST"",body:JSON.stringify(e)}),updateSymbol:async(e,a)=>t(""/api/settings/symbols/"".concat(e),{method:""PUT"",body:JSON.stringify(a)}),deleteSymbol:async e=>t(""/api/settings/symbols/"".concat(e),{method:""DELETE""}),getDiscordSetting"
bundles_pass2/_next__static__chunks__988-7c66963a05bdd0b2.js,1,/api/,"l!=(c=null==s?void 0:s.maxExpirations)?c:u).toString()});try{let a=await t(""/api/data/range?"".concat(m));return a&&a.symbol&&(a.symbol=e),a}catch(t){return null}},getSymbols:async()=>(await t(""/api/symbols"")).symbols},settingsAPI:{getSymbols:async()=>t(""/api/settings/symbols""),addSymbol:async e=>t(""/api/settings/symbols"",{method:""POST"",body:JSON.stringify(e)}),updateSymbol:async(e,a)=>t(""/api/settings/symbols/"".concat(e),{method:""PUT"",body:JSON.stringify(a)}),deleteSymbol:async e=>t(""/api/settings/symbols/"".concat(e),{method:""DELETE""}),getDiscordSettings:async()=>t(""/api/settings/discord""),updateDi"
bundles_pass2/_next__static__chunks__988-7c66963a05bdd0b2.js,1,/api/,"?"".concat(m));return a&&a.symbol&&(a.symbol=e),a}catch(t){return null}},getSymbols:async()=>(await t(""/api/symbols"")).symbols},settingsAPI:{getSymbols:async()=>t(""/api/settings/symbols""),addSymbol:async e=>t(""/api/settings/symbols"",{method:""POST"",body:JSON.stringify(e)}),updateSymbol:async(e,a)=>t(""/api/settings/symbols/"".concat(e),{method:""PUT"",body:JSON.stringify(a)}),deleteSymbol:async e=>t(""/api/settings/symbols/"".concat(e),{method:""DELETE""}),getDiscordSettings:async()=>t(""/api/settings/discord""),updateDiscordSettings:async e=>t(""/api/settings/discord"",{method:""PUT"",body:JSON.stringify({symbol:"
bundles_pass2/_next__static__chunks__988-7c66963a05bdd0b2.js,1,/api/," t(""/api/symbols"")).symbols},settingsAPI:{getSymbols:async()=>t(""/api/settings/symbols""),addSymbol:async e=>t(""/api/settings/symbols"",{method:""POST"",body:JSON.stringify(e)}),updateSymbol:async(e,a)=>t(""/api/settings/symbols/"".concat(e),{method:""PUT"",body:JSON.stringify(a)}),deleteSymbol:async e=>t(""/api/settings/symbols/"".concat(e),{method:""DELETE""}),getDiscordSettings:async()=>t(""/api/settings/discord""),updateDiscordSettings:async e=>t(""/api/settings/discord"",{method:""PUT"",body:JSON.stringify({symbol:e.symbol,discord:{enabled:e.enabled,netGamma_webhooks:e.gamma_webhooks,netVanna_webhooks:e.vanna_w"
bundles_pass2/_next__static__chunks__988-7c66963a05bdd0b2.js,1,/api/,"ls""),addSymbol:async e=>t(""/api/settings/symbols"",{method:""POST"",body:JSON.stringify(e)}),updateSymbol:async(e,a)=>t(""/api/settings/symbols/"".concat(e),{method:""PUT"",body:JSON.stringify(a)}),deleteSymbol:async e=>t(""/api/settings/symbols/"".concat(e),{method:""DELETE""}),getDiscordSettings:async()=>t(""/api/settings/discord""),updateDiscordSettings:async e=>t(""/api/settings/discord"",{method:""PUT"",body:JSON.stringify({symbol:e.symbol,discord:{enabled:e.enabled,netGamma_webhooks:e.gamma_webhooks,netVanna_webhooks:e.vanna_webhooks}})}),getAPISettings:async()=>t(""/api/settings/api""),updateAPISettings:async "
bundles_pass2/_next__static__chunks__988-7c66963a05bdd0b2.js,1,/api/,"""POST"",body:JSON.stringify(e)}),updateSymbol:async(e,a)=>t(""/api/settings/symbols/"".concat(e),{method:""PUT"",body:JSON.stringify(a)}),deleteSymbol:async e=>t(""/api/settings/symbols/"".concat(e),{method:""DELETE""}),getDiscordSettings:async()=>t(""/api/settings/discord""),updateDiscordSettings:async e=>t(""/api/settings/discord"",{method:""PUT"",body:JSON.stringify({symbol:e.symbol,discord:{enabled:e.enabled,netGamma_webhooks:e.gamma_webhooks,netVanna_webhooks:e.vanna_webhooks}})}),getAPISettings:async()=>t(""/api/settings/api""),updateAPISettings:async e=>t(""/api/settings/api"",{method:""PUT"",body:JSON.stringify"
bundles_pass2/_next__static__chunks__988-7c66963a05bdd0b2.js,1,/api/,"LETE""}),getDiscordSettings:async()=>t(""/api/settings/discord""),updateDiscordSettings:async e=>t(""/api/settings/discord"",{method:""PUT"",body:JSON.stringify({symbol:e.symbol,discord:{enabled:e.enabled,netGamma_webhooks:e.gamma_webhooks,netVanna_webhooks:e.vanna_webhooks}})}),getAPISettings:async()=>t(""/api/settings/api""),updateAPISettings:async e=>t(""/api/settings/api"",{method:""PUT"",body:JSON.stringify(e)}),testAPIKey:async()=>{try{return await t(""/api/test""),!0}catch(t){return!1}},getAlertsGlobalSettings:async()=>t(""/api/settings/alerts-global""),updateAlertsGlobalSettings:async e=>t(""/api/settings/al"
bundles_pass2/_next__static__chunks__988-7c66963a05bdd0b2.js,1,/api/,"gs/discord""),updateDiscordSettings:async e=>t(""/api/settings/discord"",{method:""PUT"",body:JSON.stringify({symbol:e.symbol,discord:{enabled:e.enabled,netGamma_webhooks:e.gamma_webhooks,netVanna_webhooks:e.vanna_webhooks}})}),getAPISettings:async()=>t(""/api/settings/api""),updateAPISettings:async e=>t(""/api/settings/api"",{method:""PUT"",body:JSON.stringify(e)}),testAPIKey:async()=>{try{return await t(""/api/test""),!0}catch(t){return!1}},getAlertsGlobalSettings:async()=>t(""/api/settings/alerts-global""),updateAlertsGlobalSettings:async e=>t(""/api/settings/alerts-global"",{method:""PUT"",body:JSON.stringify({al"
bundles_pass2/_next__static__chunks__988-7c66963a05bdd0b2.js,1,/api/,"gify({symbol:e.symbol,discord:{enabled:e.enabled,netGamma_webhooks:e.gamma_webhooks,netVanna_webhooks:e.vanna_webhooks}})}),getAPISettings:async()=>t(""/api/settings/api""),updateAPISettings:async e=>t(""/api/settings/api"",{method:""PUT"",body:JSON.stringify(e)}),testAPIKey:async()=>{try{return await t(""/api/test""),!0}catch(t){return!1}},getAlertsGlobalSettings:async()=>t(""/api/settings/alerts-global""),updateAlertsGlobalSettings:async e=>t(""/api/settings/alerts-global"",{method:""PUT"",body:JSON.stringify({alerts_enabled:e})}),getNexusMarketDataSettings:async()=>t(""/api/settings/nexus-market-data""),updateN"
bundles_pass2/_next__static__chunks__988-7c66963a05bdd0b2.js,1,/api/,"mma_webhooks,netVanna_webhooks:e.vanna_webhooks}})}),getAPISettings:async()=>t(""/api/settings/api""),updateAPISettings:async e=>t(""/api/settings/api"",{method:""PUT"",body:JSON.stringify(e)}),testAPIKey:async()=>{try{return await t(""/api/test""),!0}catch(t){return!1}},getAlertsGlobalSettings:async()=>t(""/api/settings/alerts-global""),updateAlertsGlobalSettings:async e=>t(""/api/settings/alerts-global"",{method:""PUT"",body:JSON.stringify({alerts_enabled:e})}),getNexusMarketDataSettings:async()=>t(""/api/settings/nexus-market-data""),updateNexusMarketDataSettings:async e=>t(""/api/settings/nexus-market-data"",{me"
bundles_pass2/_next__static__chunks__988-7c66963a05bdd0b2.js,1,/api/,"sync()=>t(""/api/settings/api""),updateAPISettings:async e=>t(""/api/settings/api"",{method:""PUT"",body:JSON.stringify(e)}),testAPIKey:async()=>{try{return await t(""/api/test""),!0}catch(t){return!1}},getAlertsGlobalSettings:async()=>t(""/api/settings/alerts-global""),updateAlertsGlobalSettings:async e=>t(""/api/settings/alerts-global"",{method:""PUT"",body:JSON.stringify({alerts_enabled:e})}),getNexusMarketDataSettings:async()=>t(""/api/settings/nexus-market-data""),updateNexusMarketDataSettings:async e=>t(""/api/settings/nexus-market-data"",{method:""PUT"",body:JSON.stringify({nexus_market_data_enabled:e})}),getBa"
bundles_pass2/_next__static__chunks__988-7c66963a05bdd0b2.js,1,/api/,"PIKey:async()=>{try{return await t(""/api/test""),!0}catch(t){return!1}},getAlertsGlobalSettings:async()=>t(""/api/settings/alerts-global""),updateAlertsGlobalSettings:async e=>t(""/api/settings/alerts-global"",{method:""PUT"",body:JSON.stringify({alerts_enabled:e})}),getNexusMarketDataSettings:async()=>t(""/api/settings/nexus-market-data""),updateNexusMarketDataSettings:async e=>t(""/api/settings/nexus-market-data"",{method:""PUT"",body:JSON.stringify({nexus_market_data_enabled:e})}),getBackfillStatus:async e=>t(""/api/settings/symbols/backfill/"".concat(e)),retryBackfill:async e=>t(""/api/settings/symbols/retry-b"
bundles_pass2/_next__static__chunks__988-7c66963a05bdd0b2.js,1,/api/,"ertsGlobalSettings:async()=>t(""/api/settings/alerts-global""),updateAlertsGlobalSettings:async e=>t(""/api/settings/alerts-global"",{method:""PUT"",body:JSON.stringify({alerts_enabled:e})}),getNexusMarketDataSettings:async()=>t(""/api/settings/nexus-market-data""),updateNexusMarketDataSettings:async e=>t(""/api/settings/nexus-market-data"",{method:""PUT"",body:JSON.stringify({nexus_market_data_enabled:e})}),getBackfillStatus:async e=>t(""/api/settings/symbols/backfill/"".concat(e)),retryBackfill:async e=>t(""/api/settings/symbols/retry-backfill/"".concat(e),{method:""POST""}),forceBackfill:async(e,a)=>t(""/api/setti"
bundles_pass2/_next__static__chunks__988-7c66963a05bdd0b2.js,1,/api/,"method:""PUT"",body:JSON.stringify({alerts_enabled:e})}),getNexusMarketDataSettings:async()=>t(""/api/settings/nexus-market-data""),updateNexusMarketDataSettings:async e=>t(""/api/settings/nexus-market-data"",{method:""PUT"",body:JSON.stringify({nexus_market_data_enabled:e})}),getBackfillStatus:async e=>t(""/api/settings/symbols/backfill/"".concat(e)),retryBackfill:async e=>t(""/api/settings/symbols/retry-backfill/"".concat(e),{method:""POST""}),forceBackfill:async(e,a)=>t(""/api/settings/symbols/force-backfill/"".concat(e),{method:""POST"",body:JSON.stringify({backfill_days:a})})},watchlistAPI:{getWatchlists:async("
bundles_pass2/_next__static__chunks__988-7c66963a05bdd0b2.js,1,/api/,"ataSettings:async()=>t(""/api/settings/nexus-market-data""),updateNexusMarketDataSettings:async e=>t(""/api/settings/nexus-market-data"",{method:""PUT"",body:JSON.stringify({nexus_market_data_enabled:e})}),getBackfillStatus:async e=>t(""/api/settings/symbols/backfill/"".concat(e)),retryBackfill:async e=>t(""/api/settings/symbols/retry-backfill/"".concat(e),{method:""POST""}),forceBackfill:async(e,a)=>t(""/api/settings/symbols/force-backfill/"".concat(e),{method:""POST"",body:JSON.stringify({backfill_days:a})})},watchlistAPI:{getWatchlists:async()=>t(""/api/watchlists""),createWatchlist:async e=>t(""/api/watchlists"",{"
bundles_pass2/_next__static__chunks__988-7c66963a05bdd0b2.js,1,/api/,"=>t(""/api/settings/nexus-market-data"",{method:""PUT"",body:JSON.stringify({nexus_market_data_enabled:e})}),getBackfillStatus:async e=>t(""/api/settings/symbols/backfill/"".concat(e)),retryBackfill:async e=>t(""/api/settings/symbols/retry-backfill/"".concat(e),{method:""POST""}),forceBackfill:async(e,a)=>t(""/api/settings/symbols/force-backfill/"".concat(e),{method:""POST"",body:JSON.stringify({backfill_days:a})})},watchlistAPI:{getWatchlists:async()=>t(""/api/watchlists""),createWatchlist:async e=>t(""/api/watchlists"",{method:""POST"",body:JSON.stringify(e)}),updateWatchlist:async(e,a)=>t(""/api/watchlists/"".concat("
bundles_pass2/_next__static__chunks__988-7c66963a05bdd0b2.js,1,/api/,"gs/symbols/backfill/"".concat(e)),retryBackfill:async e=>t(""/api/settings/symbols/retry-backfill/"".concat(e),{method:""POST""}),forceBackfill:async(e,a)=>t(""/api/settings/symbols/force-backfill/"".concat(e),{method:""POST"",body:JSON.stringify({backfill_days:a})})},watchlistAPI:{getWatchlists:async()=>t(""/api/watchlists""),createWatchlist:async e=>t(""/api/watchlists"",{method:""POST"",body:JSON.stringify(e)}),updateWatchlist:async(e,a)=>t(""/api/watchlists/"".concat(e),{method:""PUT"",body:JSON.stringify(a)}),deleteWatchlist:async e=>t(""/api/watchlists/"".concat(e),{method:""DELETE""}),getFavorites:async()=>t(""/api"
bundles_pass2/_next__static__chunks__988-7c66963a05bdd0b2.js,1,/api/,":async e=>t(""/api/settings/symbols/retry-backfill/"".concat(e),{method:""POST""}),forceBackfill:async(e,a)=>t(""/api/settings/symbols/force-backfill/"".concat(e),{method:""POST"",body:JSON.stringify({backfill_days:a})})},watchlistAPI:{getWatchlists:async()=>t(""/api/watchlists""),createWatchlist:async e=>t(""/api/watchlists"",{method:""POST"",body:JSON.stringify(e)}),updateWatchlist:async(e,a)=>t(""/api/watchlists/"".concat(e),{method:""PUT"",body:JSON.stringify(a)}),deleteWatchlist:async e=>t(""/api/watchlists/"".concat(e),{method:""DELETE""}),getFavorites:async()=>t(""/api/favorites""),addFavorite:async e=>t(""/api/favo"
bundles_pass2/_next__static__chunks__988-7c66963a05bdd0b2.js,1,/api/,"fill:async(e,a)=>t(""/api/settings/symbols/force-backfill/"".concat(e),{method:""POST"",body:JSON.stringify({backfill_days:a})})},watchlistAPI:{getWatchlists:async()=>t(""/api/watchlists""),createWatchlist:async e=>t(""/api/watchlists"",{method:""POST"",body:JSON.stringify(e)}),updateWatchlist:async(e,a)=>t(""/api/watchlists/"".concat(e),{method:""PUT"",body:JSON.stringify(a)}),deleteWatchlist:async e=>t(""/api/watchlists/"".concat(e),{method:""DELETE""}),getFavorites:async()=>t(""/api/favorites""),addFavorite:async e=>t(""/api/favorites/"".concat(e),{method:""POST""}),removeFavorite:async e=>t(""/api/favorites/"".concat(e)"
bundles_pass2/_next__static__chunks__988-7c66963a05bdd0b2.js,1,/api/,"tringify({backfill_days:a})})},watchlistAPI:{getWatchlists:async()=>t(""/api/watchlists""),createWatchlist:async e=>t(""/api/watchlists"",{method:""POST"",body:JSON.stringify(e)}),updateWatchlist:async(e,a)=>t(""/api/watchlists/"".concat(e),{method:""PUT"",body:JSON.stringify(a)}),deleteWatchlist:async e=>t(""/api/watchlists/"".concat(e),{method:""DELETE""}),getFavorites:async()=>t(""/api/favorites""),addFavorite:async e=>t(""/api/favorites/"".concat(e),{method:""POST""}),removeFavorite:async e=>t(""/api/favorites/"".concat(e),{method:""DELETE""})},healthAPI:{checkHealth:async()=>{try{return await t(""/api/health""),!0}catc"
bundles_pass2/_next__static__chunks__988-7c66963a05bdd0b2.js,1,/api/,"api/watchlists""),createWatchlist:async e=>t(""/api/watchlists"",{method:""POST"",body:JSON.stringify(e)}),updateWatchlist:async(e,a)=>t(""/api/watchlists/"".concat(e),{method:""PUT"",body:JSON.stringify(a)}),deleteWatchlist:async e=>t(""/api/watchlists/"".concat(e),{method:""DELETE""}),getFavorites:async()=>t(""/api/favorites""),addFavorite:async e=>t(""/api/favorites/"".concat(e),{method:""POST""}),removeFavorite:async e=>t(""/api/favorites/"".concat(e),{method:""DELETE""})},healthAPI:{checkHealth:async()=>{try{return await t(""/api/health""),!0}catch(t){return!1}}},statusNotificationsAPI:{getNotifications:async()=>{try{"
bundles_pass2/_next__static__chunks__988-7c66963a05bdd0b2.js,1,/api/,">t(""/api/watchlists"",{method:""POST"",body:JSON.stringify(e)}),updateWatchlist:async(e,a)=>t(""/api/watchlists/"".concat(e),{method:""PUT"",body:JSON.stringify(a)}),deleteWatchlist:async e=>t(""/api/watchlists/"".concat(e),{method:""DELETE""}),getFavorites:async()=>t(""/api/favorites""),addFavorite:async e=>t(""/api/favorites/"".concat(e),{method:""POST""}),removeFavorite:async e=>t(""/api/favorites/"".concat(e),{method:""DELETE""})},healthAPI:{checkHealth:async()=>{try{return await t(""/api/health""),!0}catch(t){return!1}}},statusNotificationsAPI:{getNotifications:async()=>{try{return await t(""/api/status-notifications"
bundles_pass2/_next__static__chunks__988-7c66963a05bdd0b2.js,1,/api/,"hlist:async(e,a)=>t(""/api/watchlists/"".concat(e),{method:""PUT"",body:JSON.stringify(a)}),deleteWatchlist:async e=>t(""/api/watchlists/"".concat(e),{method:""DELETE""}),getFavorites:async()=>t(""/api/favorites""),addFavorite:async e=>t(""/api/favorites/"".concat(e),{method:""POST""}),removeFavorite:async e=>t(""/api/favorites/"".concat(e),{method:""DELETE""})},healthAPI:{checkHealth:async()=>{try{return await t(""/api/health""),!0}catch(t){return!1}}},statusNotificationsAPI:{getNotifications:async()=>{try{return await t(""/api/status-notifications"")}catch(t){if(t instanceof Error&&""status""in t&&404===t.status)return{"
bundles_pass2/_next__static__chunks__988-7c66963a05bdd0b2.js,1,/api/,"ist:async e=>t(""/api/watchlists/"".concat(e),{method:""DELETE""}),getFavorites:async()=>t(""/api/favorites""),addFavorite:async e=>t(""/api/favorites/"".concat(e),{method:""POST""}),removeFavorite:async e=>t(""/api/favorites/"".concat(e),{method:""DELETE""})},healthAPI:{checkHealth:async()=>{try{return await t(""/api/health""),!0}catch(t){return!1}}},statusNotificationsAPI:{getNotifications:async()=>{try{return await t(""/api/status-notifications"")}catch(t){if(t instanceof Error&&""status""in t&&404===t.status)return{notifications:[]};throw t}},createNotification:async e=>t(""/api/status-notifications"",{method:""POST"""
bundles_pass2/_next__static__chunks__988-7c66963a05bdd0b2.js,1,/api/,"avorite:async e=>t(""/api/favorites/"".concat(e),{method:""POST""}),removeFavorite:async e=>t(""/api/favorites/"".concat(e),{method:""DELETE""})},healthAPI:{checkHealth:async()=>{try{return await t(""/api/health""),!0}catch(t){return!1}}},statusNotificationsAPI:{getNotifications:async()=>{try{return await t(""/api/status-notifications"")}catch(t){if(t instanceof Error&&""status""in t&&404===t.status)return{notifications:[]};throw t}},createNotification:async e=>t(""/api/status-notifications"",{method:""POST"",body:JSON.stringify(e)}),deleteNotification:async e=>t(""/api/status-notifications/"".concat(e),{method:""DELET"
bundles_pass2/_next__static__chunks__988-7c66963a05bdd0b2.js,1,/api/,"ealth:async()=>{try{return await t(""/api/health""),!0}catch(t){return!1}}},statusNotificationsAPI:{getNotifications:async()=>{try{return await t(""/api/status-notifications"")}catch(t){if(t instanceof Error&&""status""in t&&404===t.status)return{notifications:[]};throw t}},createNotification:async e=>t(""/api/status-notifications"",{method:""POST"",body:JSON.stringify(e)}),deleteNotification:async e=>t(""/api/status-notifications/"".concat(e),{method:""DELETE""})}}),[t])}},52777:(t,e,a)=>{a.d(e,{h:()=>y});var r=a(25959),s=a(89863),n=a(5923),i=a(58752),o=a(82514),l=a(81907);function c(t,e,a){let r=arguments.leng"
bundles_pass2/_next__static__chunks__988-7c66963a05bdd0b2.js,1,/api/,"getNotifications:async()=>{try{return await t(""/api/status-notifications"")}catch(t){if(t instanceof Error&&""status""in t&&404===t.status)return{notifications:[]};throw t}},createNotification:async e=>t(""/api/status-notifications"",{method:""POST"",body:JSON.stringify(e)}),deleteNotification:async e=>t(""/api/status-notifications/"".concat(e),{method:""DELETE""})}}),[t])}},52777:(t,e,a)=>{a.d(e,{h:()=>y});var r=a(25959),s=a(89863),n=a(5923),i=a(58752),o=a(82514),l=a(81907);function c(t,e,a){let r=arguments.length>3&&void 0!==arguments[3]?arguments[3]:0,[s,i,o]=t.split(""-"").map(Number),l=new Date(s,i-1,o,e,a"
bundles_pass2/_next__static__chunks__988-7c66963a05bdd0b2.js,1,/api/,"),a=t.code||a}catch(t){e=r.trim()}}catch(t){}throw new n(e,t.status,a)}return await t.json()}catch(t){if(t instanceof n)throw t;throw new n(""Network error: "".concat(t instanceof Error?t.message:""Unknown error""),0)}}async function o(t,e){try{var a;let r=await t();if(!r)return null;let s=await fetch(""/api/sse/ticket"",{method:""POST"",headers:{Authorization:""Bearer "".concat(r)},signal:e});if(!s.ok)return null;return null!=(a=(await s.json()).ticket)?a:null}catch(t){return null}}function l(t){return async function(e){let a=arguments.length>1&&void 0!==arguments[1]?arguments[1]:{},r={};if(t)try{let e=awai"
bundles_pass2/_next__static__chunks__988-7c66963a05bdd0b2.js,1,flowseeker,",chartLayouts:{all:[""chart-layouts""],list:()=>[...s.chartLayouts.all,""list""]},health:{all:[""health""],status:()=>[...s.health.all,""status""]},statusNotifications:{all:[""status-notifications""],list:()=>[""status-notifications"",""list""]},megaphone:{all:[""megaphone""],webhooks:()=>[""megaphone"",""webhooks""]},flowseeker:{all:[""flowseeker""],screener:{all:[""flowseeker"",""screener""],daily:t=>[""flowseeker"",""screener"",""daily"",t],scoped:(t,e)=>[""flowseeker"",""screener"",t,e]}}}}}]);"
bundles_pass2/_next__static__chunks__988-7c66963a05bdd0b2.js,1,flowseeker,":[""chart-layouts""],list:()=>[...s.chartLayouts.all,""list""]},health:{all:[""health""],status:()=>[...s.health.all,""status""]},statusNotifications:{all:[""status-notifications""],list:()=>[""status-notifications"",""list""]},megaphone:{all:[""megaphone""],webhooks:()=>[""megaphone"",""webhooks""]},flowseeker:{all:[""flowseeker""],screener:{all:[""flowseeker"",""screener""],daily:t=>[""flowseeker"",""screener"",""daily"",t],scoped:(t,e)=>[""flowseeker"",""screener"",t,e]}}}}}]);"
bundles_pass2/_next__static__chunks__988-7c66963a05bdd0b2.js,1,flowseeker,"...s.chartLayouts.all,""list""]},health:{all:[""health""],status:()=>[...s.health.all,""status""]},statusNotifications:{all:[""status-notifications""],list:()=>[""status-notifications"",""list""]},megaphone:{all:[""megaphone""],webhooks:()=>[""megaphone"",""webhooks""]},flowseeker:{all:[""flowseeker""],screener:{all:[""flowseeker"",""screener""],daily:t=>[""flowseeker"",""screener"",""daily"",t],scoped:(t,e)=>[""flowseeker"",""screener"",t,e]}}}}}]);"
bundles_pass2/_next__static__chunks__988-7c66963a05bdd0b2.js,1,flowseeker,"th:{all:[""health""],status:()=>[...s.health.all,""status""]},statusNotifications:{all:[""status-notifications""],list:()=>[""status-notifications"",""list""]},megaphone:{all:[""megaphone""],webhooks:()=>[""megaphone"",""webhooks""]},flowseeker:{all:[""flowseeker""],screener:{all:[""flowseeker"",""screener""],daily:t=>[""flowseeker"",""screener"",""daily"",t],scoped:(t,e)=>[""flowseeker"",""screener"",t,e]}}}}}]);"
bundles_pass2/_next__static__chunks__988-7c66963a05bdd0b2.js,1,flowseeker,"atus""]},statusNotifications:{all:[""status-notifications""],list:()=>[""status-notifications"",""list""]},megaphone:{all:[""megaphone""],webhooks:()=>[""megaphone"",""webhooks""]},flowseeker:{all:[""flowseeker""],screener:{all:[""flowseeker"",""screener""],daily:t=>[""flowseeker"",""screener"",""daily"",t],scoped:(t,e)=>[""flowseeker"",""screener"",t,e]}}}}}]);"
bundles_pass2/_next__static__chunks__4712-c51afc57ca55d292.js,1,FLOWSEEKER,"Count:0,connected:!1,tradeListeners:new Set,connListeners:new Set};i.set(e,n);async function r(){if(i.get(e)!==n)return;let t=function(){let e=""wss://fs-ws.skylit.ai"";if(e)return""https:""===window.location.protocol&&e.startsWith(""ws://"")?"""":"""".concat(e,""/ws/feed/multiplexed"");let t=o.env.NEXT_PUBLIC_FLOWSEEKER_API_URL;if(t){let e=new URL(t),n=""https:""===e.protocol?""wss:"":""ws:"";return"""".concat(n,""//"").concat(e.host,""/ws/feed/multiplexed"")}return""ws://localhost:3001/ws/feed/multiplexed""}();if(!t)return;let c=(0,l.v2)();if(c)try{let e=await c();e&&(t="""".concat(t,""?token="").concat(encodeURIComponent(e)))}cat"
bundles_pass2/_next__static__chunks__4712-c51afc57ca55d292.js,1,WebSocket,":""===e.protocol?""wss:"":""ws:"";return"""".concat(n,""//"").concat(e.host,""/ws/feed/multiplexed"")}return""ws://localhost:3001/ws/feed/multiplexed""}();if(!t)return;let c=(0,l.v2)();if(c)try{let e=await c();e&&(t="""".concat(t,""?token="").concat(encodeURIComponent(e)))}catch(e){}if(i.get(e)!==n)return;let d=new WebSocket(t);n.ws=d,d.onopen=()=>{if(i.get(e)!==n)return void d.close();n.attempts=0,d.send(JSON.stringify({action:""subscribe"",tab_id:a,filters:{ticker:e}})),u(n,!0),n.pingTimer=setInterval(()=>d.send(JSON.stringify({action:""ping""})),3e4)},d.onmessage=t=>{var r,l;let o;try{o=JSON.parse(t.data)}catch(e){retur"
bundles_pass2/_next__static__chunks__4712-c51afc57ca55d292.js,1,/api/,""",""true"");let c=function(){try{let e=localStorage.getItem(""gex_levels_additional_params"");return e?new URLSearchParams(e):null}catch(e){return null}}();if(c)for(let[e,t]of c)s.set(e,t);for(let e of t)s.append(""dates"",e);let d=(0,l.N)();return d&&s.set(""v"",d),i&&s.set(""_t"",String(i)),"""".concat(r.qG,""/api/gex/levels?"").concat(s)}(e,t,n,a,i,u),{signal:s.signal,...i?{cache:""no-store""}:{}}).finally(()=>clearTimeout(c));if(!d.ok){let e=await d.text().catch(()=>"""");return console.error(""[fetchGexLevels:gex-cache] "".concat(d.status,"": "").concat(e)),null}let p=await d.json();if(!p.success||p.error)return nu"
bundles_pass2/_next__static__chunks__4712-c51afc57ca55d292.js,1,/api/,"e of(""trinity""===a&&""SPXW""===t&&(m.set(""combine"",""trinity""),m.set(""qqq_coef"",String(i))),null!=c?m.set(""max_dte"",String(c)):u&&(m.set(""exp_mode"",u),m.set(""exp_count"",String(null!=s?s:1))),d&&m.set(""nodes"",d),n))m.append(""dates"",e);let f=(0,l.N)();f&&m.set(""v"",f);let h=await (0,r.tm)("""".concat(r.qG,""/api/gex/levels?"").concat(m),{signal:p});if(!h.ok)throw Object.assign(Error(""gex vwap "".concat(h.status)),{status:h.status});let b=await h.json();if(!(null==b?void 0:b.success)||(null==b?void 0:b.error)){var v;throw Error(""gex vwap backend error: "".concat(null!=(v=null==b?void 0:b.error)?v:""unsuccessful "
bundles_pass2/_next__static__chunks__6514-bd56272b2716d98c.js,34,/api/,"shOAuthToken(e){let t=this.state.profile.oauth?.refresh_token;if(!t)return;let r=o(this.state.profile.api_url)??i;try{var n;let i=new URLSearchParams({grant_type:""refresh_token"",client_id:""langsmith-cli"",refresh_token:t}),s=await e(`${function(e){let t=e;for(;t.endsWith(""/"");)t=t.slice(0,-1);let r=""/api/v1"";return t.endsWith(r)?t.slice(0,-r.length):t}(r)}/oauth/token`,{method:""POST"",headers:{""Content-Type"":""application/x-www-form-urlencoded""},body:i.toString(),signal:AbortSignal.timeout(1e4)});if(!s.ok)return;let o=await s.json();if(!o.access_token)return;n=this.state.profile,n.oauth??={},o.access_"
bundles_pass2/_next__static__chunks__6514-bd56272b2716d98c.js,35,webSocket,":void 0}:await new Promise(e=>{this.#eI.push(e)}),return:async()=>(await this.close(),{done:!0,value:void 0})}}}},87799:(e,t,r)=>{r(81674)},93998:(e,t,r)=>{let n;r.d(t,{x:()=>g});var a=r(78602),i=r(5438),s=r(81674),o=r(32659),l=r(78465),u=class{threadId;queue=new o.O;apiUrl;defaultHeaders;onRequest;webSocketFactory;streamUrl;pending=new Map;socket=null;closed=!1;intentionalClose=!1;constructor(e){this.apiUrl=e.apiUrl,this.threadId=e.threadId,this.defaultHeaders=e.defaultHeaders,this.onRequest=e.onRequest,this.webSocketFactory=e.webSocketFactory??(e=>new WebSocket(e)),this.streamUrl=e.paths?.stream??`/t"
bundles_pass2/_next__static__chunks__6514-bd56272b2716d98c.js,35,webSocket,"o=r(32659),l=r(78465),u=class{threadId;queue=new o.O;apiUrl;defaultHeaders;onRequest;webSocketFactory;streamUrl;pending=new Map;socket=null;closed=!1;intentionalClose=!1;constructor(e){this.apiUrl=e.apiUrl,this.threadId=e.threadId,this.defaultHeaders=e.defaultHeaders,this.onRequest=e.onRequest,this.webSocketFactory=e.webSocketFactory??(e=>new WebSocket(e)),this.streamUrl=e.paths?.stream??`/threads/${this.threadId}/stream/events`}async open(){if(null!=this.socket)return;this.assertBrowserSafeTransportConfig();let e=(0,l.S8)(new URL(this.streamUrl,this.apiUrl.endsWith(""/"")?this.apiUrl:`${this.apiUrl}/`)."
bundles_pass2/_next__static__chunks__6514-bd56272b2716d98c.js,35,webSocket,"5),u=class{threadId;queue=new o.O;apiUrl;defaultHeaders;onRequest;webSocketFactory;streamUrl;pending=new Map;socket=null;closed=!1;intentionalClose=!1;constructor(e){this.apiUrl=e.apiUrl,this.threadId=e.threadId,this.defaultHeaders=e.defaultHeaders,this.onRequest=e.onRequest,this.webSocketFactory=e.webSocketFactory??(e=>new WebSocket(e)),this.streamUrl=e.paths?.stream??`/threads/${this.threadId}/stream/events`}async open(){if(null!=this.socket)return;this.assertBrowserSafeTransportConfig();let e=(0,l.S8)(new URL(this.streamUrl,this.apiUrl.endsWith(""/"")?this.apiUrl:`${this.apiUrl}/`).toString()),t=this."
bundles_pass2/_next__static__chunks__6514-bd56272b2716d98c.js,35,WebSocket,"new o.O;apiUrl;defaultHeaders;onRequest;webSocketFactory;streamUrl;pending=new Map;socket=null;closed=!1;intentionalClose=!1;constructor(e){this.apiUrl=e.apiUrl,this.threadId=e.threadId,this.defaultHeaders=e.defaultHeaders,this.onRequest=e.onRequest,this.webSocketFactory=e.webSocketFactory??(e=>new WebSocket(e)),this.streamUrl=e.paths?.stream??`/threads/${this.threadId}/stream/events`}async open(){if(null!=this.socket)return;this.assertBrowserSafeTransportConfig();let e=(0,l.S8)(new URL(this.streamUrl,this.apiUrl.endsWith(""/"")?this.apiUrl:`${this.apiUrl}/`).toString()),t=this.webSocketFactory(e);this.s"
bundles_pass2/_next__static__chunks__6514-bd56272b2716d98c.js,35,webSocket,"Factory??(e=>new WebSocket(e)),this.streamUrl=e.paths?.stream??`/threads/${this.threadId}/stream/events`}async open(){if(null!=this.socket)return;this.assertBrowserSafeTransportConfig();let e=(0,l.S8)(new URL(this.streamUrl,this.apiUrl.endsWith(""/"")?this.apiUrl:`${this.apiUrl}/`).toString()),t=this.webSocketFactory(e);this.socket=t,this.closed=!1,this.intentionalClose=!1,t.addEventListener(""message"",this.handleMessage),t.addEventListener(""close"",this.handleClose),t.addEventListener(""error"",this.handleSocketError),await new Promise((e,r)=>{let n=()=>{i(),e()},a=()=>{i(),r(Error(""Failed to open protocol "
bundles_pass2/_next__static__chunks__6514-bd56272b2716d98c.js,35,WebSocket,"Factory(e);this.socket=t,this.closed=!1,this.intentionalClose=!1,t.addEventListener(""message"",this.handleMessage),t.addEventListener(""close"",this.handleClose),t.addEventListener(""error"",this.handleSocketError),await new Promise((e,r)=>{let n=()=>{i(),e()},a=()=>{i(),r(Error(""Failed to open protocol WebSocket.""))},i=()=>{t.removeEventListener(""open"",n),t.removeEventListener(""error"",a)};t.addEventListener(""open"",n,{once:!0}),t.addEventListener(""error"",a,{once:!0})})}async send(e){return await this.sendCommand(e)}events(){let e=this.queue;return{[Symbol.asyncIterator]:()=>({next:async()=>await e.shift(),r"
bundles_pass2/_next__static__chunks__6514-bd56272b2716d98c.js,35,WebSocket,"s.sendCommand(e)}events(){let e=this.queue;return{[Symbol.asyncIterator]:()=>({next:async()=>await e.shift(),return:async()=>(e.close(),{done:!0,value:void 0})})}}async close(){if(this.closed)return;for(let{reject:e}of(this.closed=!0,this.intentionalClose=!0,this.pending.values()))e(Error(""Protocol WebSocket connection closed.""));this.pending.clear(),this.queue.close();let e=this.socket;this.socket=null,e&&await new Promise(t=>{if(e.readyState===WebSocket.CLOSED)return void t();let r=()=>{e.removeEventListener(""close"",r),t()};e.addEventListener(""close"",r,{once:!0}),e.readyState===WebSocket.OPEN||e.read"
bundles_pass2/_next__static__chunks__6514-bd56272b2716d98c.js,35,WebSocket,":void 0})})}}async close(){if(this.closed)return;for(let{reject:e}of(this.closed=!0,this.intentionalClose=!0,this.pending.values()))e(Error(""Protocol WebSocket connection closed.""));this.pending.clear(),this.queue.close();let e=this.socket;this.socket=null,e&&await new Promise(t=>{if(e.readyState===WebSocket.CLOSED)return void t();let r=()=>{e.removeEventListener(""close"",r),t()};e.addEventListener(""close"",r,{once:!0}),e.readyState===WebSocket.OPEN||e.readyState===WebSocket.CONNECTING?e.close():t()})}assertBrowserSafeTransportConfig(){if((0,l.b0)(this.defaultHeaders)||null!=this.onRequest)throw Error(""B"
bundles_pass2/_next__static__chunks__6514-bd56272b2716d98c.js,35,WebSocket,"or(""Protocol WebSocket connection closed.""));this.pending.clear(),this.queue.close();let e=this.socket;this.socket=null,e&&await new Promise(t=>{if(e.readyState===WebSocket.CLOSED)return void t();let r=()=>{e.removeEventListener(""close"",r),t()};e.addEventListener(""close"",r,{once:!0}),e.readyState===WebSocket.OPEN||e.readyState===WebSocket.CONNECTING?e.close():t()})}assertBrowserSafeTransportConfig(){if((0,l.b0)(this.defaultHeaders)||null!=this.onRequest)throw Error(""Browser WebSocket protocol transport does not support defaultHeaders or onRequest hooks. Supply a custom protocolWebSocketFactory if you n"
bundles_pass2/_next__static__chunks__6514-bd56272b2716d98c.js,35,WebSocket,"on closed.""));this.pending.clear(),this.queue.close();let e=this.socket;this.socket=null,e&&await new Promise(t=>{if(e.readyState===WebSocket.CLOSED)return void t();let r=()=>{e.removeEventListener(""close"",r),t()};e.addEventListener(""close"",r,{once:!0}),e.readyState===WebSocket.OPEN||e.readyState===WebSocket.CONNECTING?e.close():t()})}assertBrowserSafeTransportConfig(){if((0,l.b0)(this.defaultHeaders)||null!=this.onRequest)throw Error(""Browser WebSocket protocol transport does not support defaultHeaders or onRequest hooks. Supply a custom protocolWebSocketFactory if you need custom WebSocket setup."")}a"
bundles_pass2/_next__static__chunks__6514-bd56272b2716d98c.js,35,WebSocket,")return void t();let r=()=>{e.removeEventListener(""close"",r),t()};e.addEventListener(""close"",r,{once:!0}),e.readyState===WebSocket.OPEN||e.readyState===WebSocket.CONNECTING?e.close():t()})}assertBrowserSafeTransportConfig(){if((0,l.b0)(this.defaultHeaders)||null!=this.onRequest)throw Error(""Browser WebSocket protocol transport does not support defaultHeaders or onRequest hooks. Supply a custom protocolWebSocketFactory if you need custom WebSocket setup."")}async sendCommand(e){let t=this.socket;if(null==t||t.readyState!==WebSocket.OPEN)throw Error(""Protocol WebSocket is not open."");return await new Prom"
bundles_pass2/_next__static__chunks__6514-bd56272b2716d98c.js,35,WebSocket,",e.readyState===WebSocket.OPEN||e.readyState===WebSocket.CONNECTING?e.close():t()})}assertBrowserSafeTransportConfig(){if((0,l.b0)(this.defaultHeaders)||null!=this.onRequest)throw Error(""Browser WebSocket protocol transport does not support defaultHeaders or onRequest hooks. Supply a custom protocolWebSocketFactory if you need custom WebSocket setup."")}async sendCommand(e){let t=this.socket;if(null==t||t.readyState!==WebSocket.OPEN)throw Error(""Protocol WebSocket is not open."");return await new Promise((r,n)=>{this.pending.set(e.id,{resolve:r,reject:n});try{t.send(JSON.stringify(e))}catch(t){this.pendi"
bundles_pass2/_next__static__chunks__6514-bd56272b2716d98c.js,35,WebSocket,"adyState===WebSocket.CONNECTING?e.close():t()})}assertBrowserSafeTransportConfig(){if((0,l.b0)(this.defaultHeaders)||null!=this.onRequest)throw Error(""Browser WebSocket protocol transport does not support defaultHeaders or onRequest hooks. Supply a custom protocolWebSocketFactory if you need custom WebSocket setup."")}async sendCommand(e){let t=this.socket;if(null==t||t.readyState!==WebSocket.OPEN)throw Error(""Protocol WebSocket is not open."");return await new Promise((r,n)=>{this.pending.set(e.id,{resolve:r,reject:n});try{t.send(JSON.stringify(e))}catch(t){this.pending.delete(e.id),n((0,l.iT)(t))}})}ha"
bundles_pass2/_next__static__chunks__6514-bd56272b2716d98c.js,35,WebSocket,"((0,l.b0)(this.defaultHeaders)||null!=this.onRequest)throw Error(""Browser WebSocket protocol transport does not support defaultHeaders or onRequest hooks. Supply a custom protocolWebSocketFactory if you need custom WebSocket setup."")}async sendCommand(e){let t=this.socket;if(null==t||t.readyState!==WebSocket.OPEN)throw Error(""Protocol WebSocket is not open."");return await new Promise((r,n)=>{this.pending.set(e.id,{resolve:r,reject:n});try{t.send(JSON.stringify(e))}catch(t){this.pending.delete(e.id),n((0,l.iT)(t))}})}handleMessage=e=>{let t;try{t=JSON.parse(String(e.data))}catch{return}if((0,l.u4)(t)&&"""
bundles_pass2/_next__static__chunks__6514-bd56272b2716d98c.js,35,WebSocket,"=this.onRequest)throw Error(""Browser WebSocket protocol transport does not support defaultHeaders or onRequest hooks. Supply a custom protocolWebSocketFactory if you need custom WebSocket setup."")}async sendCommand(e){let t=this.socket;if(null==t||t.readyState!==WebSocket.OPEN)throw Error(""Protocol WebSocket is not open."");return await new Promise((r,n)=>{this.pending.set(e.id,{resolve:r,reject:n});try{t.send(JSON.stringify(e))}catch(t){this.pending.delete(e.id),n((0,l.iT)(t))}})}handleMessage=e=>{let t;try{t=JSON.parse(String(e.data))}catch{return}if((0,l.u4)(t)&&""number""==typeof t.id&&(""success""===t."
bundles_pass2/_next__static__chunks__6514-bd56272b2716d98c.js,35,WebSocket,"id&&(""success""===t.type||""error""===t.type)){let e=this.pending.get(t.id);e&&(this.pending.delete(t.id),e.resolve(t));return}(0,l.u4)(t)&&""event""===t.type&&this.queue.push(t)};handleClose=()=>{if(this.socket=null,this.intentionalClose||this.closed)return void this.queue.close();let e=Error(""Protocol WebSocket closed unexpectedly."");for(let{reject:t}of this.pending.values())t(e);this.pending.clear(),this.queue.close(e)};handleSocketError=()=>{if(this.closed||this.intentionalClose)return;let e=Error(""Protocol WebSocket encountered an error."");for(let{reject:t}of this.pending.values())t(e);this.pending.cle"
bundles_pass2/_next__static__chunks__6514-bd56272b2716d98c.js,35,WebSocket,"this.intentionalClose||this.closed)return void this.queue.close();let e=Error(""Protocol WebSocket closed unexpectedly."");for(let{reject:t}of this.pending.values())t(e);this.pending.clear(),this.queue.close(e)};handleSocketError=()=>{if(this.closed||this.intentionalClose)return;let e=Error(""Protocol WebSocket encountered an error."");for(let{reject:t}of this.pending.values())t(e);this.pending.clear(),this.queue.close(e)}};let c=new Uint8Array(16);function d(){if(!n){if(""undefined""==typeof crypto||!crypto.getRandomValues)throw Error(""crypto.getRandomValues() not supported. See https://github.com/uuidjs/uu"
bundles_pass2/_next__static__chunks__6514-bd56272b2716d98c.js,35,websocket,"EventId?{""Last-Event-ID"":t.lastEventId}:void 0,params:t?.streamMode?{stream_mode:t.streamMode}:void 0})}stream(e,t){let r,{threadId:n,options:a}=""string""==typeof e?{threadId:e,options:t}:{threadId:m(),options:e};return r=null!=a.transport&&""string""!=typeof a.transport?a.transport:(a.transport??(""v2-websocket""===this.streamProtocol?""websocket"":""sse""))===""websocket""?new u({apiUrl:this.apiUrl,threadId:n,defaultHeaders:this.defaultHeaders,onRequest:this.onRequest,webSocketFactory:a.webSocketFactory}):new s.s({apiUrl:this.apiUrl,threadId:n,defaultHeaders:this.defaultHeaders,onRequest:this.onRequest,fetch:a."
bundles_pass2/_next__static__chunks__6514-bd56272b2716d98c.js,35,websocket,"ntId}:void 0,params:t?.streamMode?{stream_mode:t.streamMode}:void 0})}stream(e,t){let r,{threadId:n,options:a}=""string""==typeof e?{threadId:e,options:t}:{threadId:m(),options:e};return r=null!=a.transport&&""string""!=typeof a.transport?a.transport:(a.transport??(""v2-websocket""===this.streamProtocol?""websocket"":""sse""))===""websocket""?new u({apiUrl:this.apiUrl,threadId:n,defaultHeaders:this.defaultHeaders,onRequest:this.onRequest,webSocketFactory:a.webSocketFactory}):new s.s({apiUrl:this.apiUrl,threadId:n,defaultHeaders:this.defaultHeaders,onRequest:this.onRequest,fetch:a.fetch}),new i.P(r,a)}}},94026:(e,t"
bundles_pass2/_next__static__chunks__6514-bd56272b2716d98c.js,35,websocket,".streamMode?{stream_mode:t.streamMode}:void 0})}stream(e,t){let r,{threadId:n,options:a}=""string""==typeof e?{threadId:e,options:t}:{threadId:m(),options:e};return r=null!=a.transport&&""string""!=typeof a.transport?a.transport:(a.transport??(""v2-websocket""===this.streamProtocol?""websocket"":""sse""))===""websocket""?new u({apiUrl:this.apiUrl,threadId:n,defaultHeaders:this.defaultHeaders,onRequest:this.onRequest,webSocketFactory:a.webSocketFactory}):new s.s({apiUrl:this.apiUrl,threadId:n,defaultHeaders:this.defaultHeaders,onRequest:this.onRequest,fetch:a.fetch}),new i.P(r,a)}}},94026:(e,t,r)=>{r.d(t,{Kj:()=>n."
bundles_pass2/_next__static__chunks__6514-bd56272b2716d98c.js,35,webSocket,"{threadId:e,options:t}:{threadId:m(),options:e};return r=null!=a.transport&&""string""!=typeof a.transport?a.transport:(a.transport??(""v2-websocket""===this.streamProtocol?""websocket"":""sse""))===""websocket""?new u({apiUrl:this.apiUrl,threadId:n,defaultHeaders:this.defaultHeaders,onRequest:this.onRequest,webSocketFactory:a.webSocketFactory}):new s.s({apiUrl:this.apiUrl,threadId:n,defaultHeaders:this.defaultHeaders,onRequest:this.onRequest,fetch:a.fetch}),new i.P(r,a)}}},94026:(e,t,r)=>{r.d(t,{Kj:()=>n.Kj,gk:()=>a.gk,Ls:()=>s,q7:()=>i.q});var n=r(35752),a=r(30943);r(3090);var i=r(47582);r(4188),r(48646),r(307"
bundles_pass2/_next__static__chunks__6514-bd56272b2716d98c.js,35,webSocket,":t}:{threadId:m(),options:e};return r=null!=a.transport&&""string""!=typeof a.transport?a.transport:(a.transport??(""v2-websocket""===this.streamProtocol?""websocket"":""sse""))===""websocket""?new u({apiUrl:this.apiUrl,threadId:n,defaultHeaders:this.defaultHeaders,onRequest:this.onRequest,webSocketFactory:a.webSocketFactory}):new s.s({apiUrl:this.apiUrl,threadId:n,defaultHeaders:this.defaultHeaders,onRequest:this.onRequest,fetch:a.fetch}),new i.P(r,a)}}},94026:(e,t,r)=>{r.d(t,{Kj:()=>n.Kj,gk:()=>a.gk,Ls:()=>s,q7:()=>i.q});var n=r(35752),a=r(30943);r(3090);var i=r(47582);r(4188),r(48646),r(30785);let s=""0.7.2""},"
bundles_pass2/_next__static__chunks__144d3bae-2dd2a6d890344e42.js,1,WEBSOCKET,"1080P_30""},{no:7,name:""PORTRAIT_H264_1080P_60""}]),iS=tp.makeEnum(""livekit.EncodedFileType"",[{no:0,name:""DEFAULT_FILETYPE""},{no:1,name:""MP4""},{no:2,name:""OGG""},{no:3,name:""MP3""}]),iC=tp.makeEnum(""livekit.StreamProtocol"",[{no:0,name:""DEFAULT_PROTOCOL""},{no:1,name:""RTMP""},{no:2,name:""SRT""},{no:3,name:""WEBSOCKET""}]),iE=tp.makeEnum(""livekit.SegmentedFileProtocol"",[{no:0,name:""DEFAULT_SEGMENTED_FILE_PROTOCOL""},{no:1,name:""HLS_PROTOCOL""}]),iw=tp.makeEnum(""livekit.SegmentedFileSuffix"",[{no:0,name:""INDEX""},{no:1,name:""TIMESTAMP""}]),iP=tp.makeEnum(""livekit.ImageFileSuffix"",[{no:0,name:""IMAGE_SUFFIX_INDEX""},{no:1"
bundles_pass2/_next__static__chunks__144d3bae-2dd2a6d890344e42.js,1,WebSocket,"ll==i?void 0:i.cause)&&(this.cause=null==i?void 0:i.cause)}}class r2 extends r1{}!function(e){e[e.NotAllowed=0]=""NotAllowed"",e[e.ServerUnreachable=1]=""ServerUnreachable"",e[e.InternalError=2]=""InternalError"",e[e.Cancelled=3]=""Cancelled"",e[e.LeaveRequest=4]=""LeaveRequest"",e[e.Timeout=5]=""Timeout"",e[e.WebSocket=6]=""WebSocket"",e[e.ServiceNotFound=7]=""ServiceNotFound""}(f||(f={}));class r3 extends r2{constructor(e,t,i,n){super(1,e),this.name=""ConnectionError"",this.status=i,this.reason=t,this.context=n,this.reasonName=f[t]}static notAllowed(e,t,i){return new r3(e,f.NotAllowed,t,i)}static timeout(e){return new"
bundles_pass2/_next__static__chunks__144d3bae-2dd2a6d890344e42.js,1,WebSocket,".cause)&&(this.cause=null==i?void 0:i.cause)}}class r2 extends r1{}!function(e){e[e.NotAllowed=0]=""NotAllowed"",e[e.ServerUnreachable=1]=""ServerUnreachable"",e[e.InternalError=2]=""InternalError"",e[e.Cancelled=3]=""Cancelled"",e[e.LeaveRequest=4]=""LeaveRequest"",e[e.Timeout=5]=""Timeout"",e[e.WebSocket=6]=""WebSocket"",e[e.ServiceNotFound=7]=""ServiceNotFound""}(f||(f={}));class r3 extends r2{constructor(e,t,i,n){super(1,e),this.name=""ConnectionError"",this.status=i,this.reason=t,this.context=n,this.reasonName=f[t]}static notAllowed(e,t,i){return new r3(e,f.NotAllowed,t,i)}static timeout(e){return new r3(e,f.Timeou"
bundles_pass2/_next__static__chunks__144d3bae-2dd2a6d890344e42.js,1,websocket,"}static timeout(e){return new r3(e,f.Timeout)}static leaveRequest(e,t){return new r3(e,f.LeaveRequest,void 0,t)}static internal(e,t){return new r3(e,f.InternalError,void 0,t)}static cancelled(e){return new r3(e,f.Cancelled)}static serverUnreachable(e,t){return new r3(e,f.ServerUnreachable,t)}static websocket(e,t,i){return new r3(e,f.WebSocket,t,i)}static serviceNotFound(e,t){return new r3(e,f.ServiceNotFound,void 0,t)}}class r4 extends r1{constructor(e){super(21,null!=e?e:""device is unsupported""),this.name=""DeviceUnsupportedError""}}class r9 extends r1{constructor(e){super(20,null!=e?e:""track is invalid"
bundles_pass2/_next__static__chunks__144d3bae-2dd2a6d890344e42.js,1,WebSocket,"f.Timeout)}static leaveRequest(e,t){return new r3(e,f.LeaveRequest,void 0,t)}static internal(e,t){return new r3(e,f.InternalError,void 0,t)}static cancelled(e){return new r3(e,f.Cancelled)}static serverUnreachable(e,t){return new r3(e,f.ServerUnreachable,t)}static websocket(e,t,i){return new r3(e,f.WebSocket,t,i)}static serviceNotFound(e,t){return new r3(e,f.ServiceNotFound,void 0,t)}}class r4 extends r1{constructor(e){super(21,null!=e?e:""device is unsupported""),this.name=""DeviceUnsupportedError""}}class r9 extends r1{constructor(e){super(20,null!=e?e:""track is invalid""),this.name=""TrackInvalidError""}}c"
bundles_pass2/_next__static__chunks__144d3bae-2dd2a6d890344e42.js,1,websocket,"endsWith(""/"")?e:"""".concat(e,""/"")}function sn(e,t){return e.pathname="""".concat(si(e.pathname)).concat(t),e}function sr(e){if(""string""==typeof e)return iG.fromJson(JSON.parse(e),{ignoreUnknownFields:!0});if(e instanceof ArrayBuffer)return iG.fromBinary(new Uint8Array(e));throw Error(""could not decode websocket message: "".concat(typeof e))}let sa=""lk_e2ee"";function ss(){return""undefined""!=typeof window&&void 0!==window.RTCRtpSender&&void 0!==window.RTCRtpSender.prototype.createEncodedStreams}!function(e){e.SetKey=""setKey"",e.RatchetRequest=""ratchetRequest"",e.KeyRatcheted=""keyRatcheted""}(P||(P={})),(R||(R={"
bundles_pass2/_next__static__chunks__144d3bae-2dd2a6d890344e42.js,1,WebSocket,".from(this.pendingTasks.values())}}class sM{get readyState(){return this.ws.readyState}constructor(e){var t,i;let n=arguments.length>1&&void 0!==arguments[1]?arguments[1]:{};if(null==(t=n.signal)?void 0:t.aborted)throw new DOMException(""This operation was aborted"",""AbortError"");this.url=e;let r=new WebSocket(e,null!=(i=n.protocols)?i:[]);r.binaryType=""arraybuffer"",this.ws=r;let a=function(){let e=arguments.length>0&&void 0!==arguments[0]?arguments[0]:{},t=e.closeCode,i=e.reason;return r.close(t,i)};this.opened=new rQ((e,t)=>{let i=()=>{t(r3.websocket(""Encountered websocket error during connection estab"
bundles_pass2/_next__static__chunks__144d3bae-2dd2a6d890344e42.js,1,websocket,"tion was aborted"",""AbortError"");this.url=e;let r=new WebSocket(e,null!=(i=n.protocols)?i:[]);r.binaryType=""arraybuffer"",this.ws=r;let a=function(){let e=arguments.length>0&&void 0!==arguments[0]?arguments[0]:{},t=e.closeCode,i=e.reason;return r.close(t,i)};this.opened=new rQ((e,t)=>{let i=()=>{t(r3.websocket(""Encountered websocket error during connection establishment""))};r.onopen=()=>{e({readable:new ReadableStream({start(e){r.onmessage=t=>{let i=t.data;return e.enqueue(i)},r.onerror=t=>e.error(t)},cancel:a}),writable:new WritableStream({write(e){r.send(e)},abort(){r.close()},close:a}),protocol:r.prot"
bundles_pass2/_next__static__chunks__144d3bae-2dd2a6d890344e42.js,1,websocket,"tError"");this.url=e;let r=new WebSocket(e,null!=(i=n.protocols)?i:[]);r.binaryType=""arraybuffer"",this.ws=r;let a=function(){let e=arguments.length>0&&void 0!==arguments[0]?arguments[0]:{},t=e.closeCode,i=e.reason;return r.close(t,i)};this.opened=new rQ((e,t)=>{let i=()=>{t(r3.websocket(""Encountered websocket error during connection establishment""))};r.onopen=()=>{e({readable:new ReadableStream({start(e){r.onmessage=t=>{let i=t.data;return e.enqueue(i)},r.onerror=t=>e.error(t)},cancel:a}),writable:new WritableStream({write(e){r.send(e)},abort(){r.close()},close:a}),protocol:r.protocol,extensions:r.exten"
bundles_pass2/_next__static__chunks__144d3bae-2dd2a6d890344e42.js,1,WebSocket,"el:a}),writable:new WritableStream({write(e){r.send(e)},abort(){r.close()},close:a}),protocol:r.protocol,extensions:r.extensions}),r.removeEventListener(""error"",i)},r.addEventListener(""error"",i)}),this.closed=new rQ((e,t)=>{let i=()=>nY(this,void 0,void 0,function*(){let i=new rQ(e=>{r.readyState!==WebSocket.CLOSED&&r.addEventListener(""close"",t=>{e(t)},{once:!0})}),n=yield rQ.race([aP(250),i]);n?e(n):t(r3.websocket(""Encountered unspecified websocket error without a timely close event""))});r.onclose=t=>{e({closeCode:t.code,reason:t.reason}),r.removeEventListener(""error"",i)},r.addEventListener(""error"",i)"
bundles_pass2/_next__static__chunks__144d3bae-2dd2a6d890344e42.js,1,websocket,"nsions:r.extensions}),r.removeEventListener(""error"",i)},r.addEventListener(""error"",i)}),this.closed=new rQ((e,t)=>{let i=()=>nY(this,void 0,void 0,function*(){let i=new rQ(e=>{r.readyState!==WebSocket.CLOSED&&r.addEventListener(""close"",t=>{e(t)},{once:!0})}),n=yield rQ.race([aP(250),i]);n?e(n):t(r3.websocket(""Encountered unspecified websocket error without a timely close event""))});r.onclose=t=>{e({closeCode:t.code,reason:t.reason}),r.removeEventListener(""error"",i)},r.addEventListener(""error"",i)}),n.signal&&(n.signal.onabort=()=>r.close()),this.close=a}}let sO=[""syncState"",""trickle"",""offer"",""answer"",""s"
bundles_pass2/_next__static__chunks__144d3bae-2dd2a6d890344e42.js,1,websocket,"Listener(""error"",i)},r.addEventListener(""error"",i)}),this.closed=new rQ((e,t)=>{let i=()=>nY(this,void 0,void 0,function*(){let i=new rQ(e=>{r.readyState!==WebSocket.CLOSED&&r.addEventListener(""close"",t=>{e(t)},{once:!0})}),n=yield rQ.race([aP(250),i]);n?e(n):t(r3.websocket(""Encountered unspecified websocket error without a timely close event""))});r.onclose=t=>{e({closeCode:t.code,reason:t.reason}),r.removeEventListener(""error"",i)},r.addEventListener(""error"",i)}),n.signal&&(n.signal.onabort=()=>r.close()),this.close=a}}let sO=[""syncState"",""trickle"",""offer"",""answer"",""simulate"",""leave""];!function(e){e[e."
bundles_pass2/_next__static__chunks__144d3bae-2dd2a6d890344e42.js,1,websocket,"dLeave().then(()=>this.close(n)).catch(e=>{this.log.error(e),this.close()}):this.close(),c(),t(r3.cancelled(n))});null==n||n.addEventListener(""abort"",o);let c=()=>{clearTimeout(u),null==n||n.removeEventListener(""abort"",o)},u=setTimeout(()=>{o(r3.timeout(""room connection has timed out (signal)""))},i.websocketTimeout),h=(e,t)=>{this.handleSignalConnected(e,u,t)},p=new URL(l);p.searchParams.has(""access_token"")&&p.searchParams.set(""access_token"",""<redacted>""),this.log.info(""signal connecting to "".concat(p),{reconnect:i.reconnect,reconnectReason:i.reconnectReason}),this.ws&&(yield this.close(!1)),this.ws=ne"
bundles_pass2/_next__static__chunks__144d3bae-2dd2a6d890344e42.js,1,Websocket,"ccess_token"")&&p.searchParams.set(""access_token"",""<redacted>""),this.log.info(""signal connecting to "".concat(p),{reconnect:i.reconnect,reconnectReason:i.reconnectReason}),this.ws&&(yield this.close(!1)),this.ws=new sM(l);try{this.ws.closed.then(e=>{var i;this.isEstablishingConnection&&t(r3.internal(""Websocket got closed during a (re)connection attempt: "".concat(e.reason))),1e3!==e.closeCode&&(this.log.warn(""websocket closed"",{reason:e.reason,code:e.closeCode,wasClean:1e3===e.closeCode,state:this.state}),this.state===A.CONNECTED&&this.handleOnClose(null!=(i=e.reason)?i:""Unexpected WS error""))}).catch(e=>"
bundles_pass2/_next__static__chunks__144d3bae-2dd2a6d890344e42.js,1,websocket,",{reconnect:i.reconnect,reconnectReason:i.reconnectReason}),this.ws&&(yield this.close(!1)),this.ws=new sM(l);try{this.ws.closed.then(e=>{var i;this.isEstablishingConnection&&t(r3.internal(""Websocket got closed during a (re)connection attempt: "".concat(e.reason))),1e3!==e.closeCode&&(this.log.warn(""websocket closed"",{reason:e.reason,code:e.closeCode,wasClean:1e3===e.closeCode,state:this.state}),this.state===A.CONNECTED&&this.handleOnClose(null!=(i=e.reason)?i:""Unexpected WS error""))}).catch(e=>{this.isEstablishingConnection&&t(r3.internal(""Websocket error during a (re)connection attempt: "".concat(e)))}"
bundles_pass2/_next__static__chunks__144d3bae-2dd2a6d890344e42.js,1,Websocket,"concat(e.reason))),1e3!==e.closeCode&&(this.log.warn(""websocket closed"",{reason:e.reason,code:e.closeCode,wasClean:1e3===e.closeCode,state:this.state}),this.state===A.CONNECTED&&this.handleOnClose(null!=(i=e.reason)?i:""Unexpected WS error""))}).catch(e=>{this.isEstablishingConnection&&t(r3.internal(""Websocket error during a (re)connection attempt: "".concat(e)))});let n=yield this.ws.opened.catch(e=>nY(this,void 0,void 0,function*(){if(this.state!==A.CONNECTED){this.state=A.DISCONNECTED,clearTimeout(u);let i=yield this.handleConnectionError(e,d);t(i);return}this.handleWSError(e),t(e)}));if(clearTimeout(u"
bundles_pass2/_next__static__chunks__144d3bae-2dd2a6d890344e42.js,1,websocket,"ring signal close as it's already in disconnecting state"");let n=yield e.closingLock.lock();try{if(e.clearPingInterval(),t&&(e.state=A.DISCONNECTING),e.ws){e.ws.close({closeCode:1e3,reason:i});let t=e.ws.closed;e.ws=void 0,e.streamWriter=void 0,yield Promise.race([t,aP(250)])}}catch(t){e.log.debug(""websocket error while closing"",{error:t})}finally{t&&(e.state=A.DISCONNECTED),n()}}()})}sendOffer(e,t){this.log.debug(""sending offer"",{offerSdp:e.sdp}),this.sendRequest({case:""offer"",value:sx(e,t)})}sendAnswer(e,t){return this.log.debug(""sending answer"",{answerSdp:e.sdp}),this.sendRequest({case:""answer"",valu"
bundles_pass2/_next__static__chunks__144d3bae-2dd2a6d890344e42.js,1,websocket,"r||this.resetPingTimeout()}setReconnected(){for(;this.queuedRequests.length>0;){let e=this.queuedRequests.shift();e&&this.requestQueue.run(e)}}handleOnClose(e){return nY(this,void 0,void 0,function*(){if(this.state===A.DISCONNECTED)return;let t=this.onClose;yield this.close(void 0,e),this.log.info(""websocket connection closed: "".concat(e),{reason:e}),t&&t(e)})}handleWSError(e){this.log.error(""websocket error"",{error:e})}resetPingTimeout(){if(this.clearPingTimeout(),!this.pingTimeoutDuration)return void this.log.warn(""ping timeout duration not set"");this.pingTimeout=an.setTimeout(()=>{this.log.warn(""pin"
bundles_pass2/_next__static__chunks__144d3bae-2dd2a6d890344e42.js,1,websocket,"dRequests.shift();e&&this.requestQueue.run(e)}}handleOnClose(e){return nY(this,void 0,void 0,function*(){if(this.state===A.DISCONNECTED)return;let t=this.onClose;yield this.close(void 0,e),this.log.info(""websocket connection closed: "".concat(e),{reason:e}),t&&t(e)})}handleWSError(e){this.log.error(""websocket error"",{error:e})}resetPingTimeout(){if(this.clearPingTimeout(),!this.pingTimeoutDuration)return void this.log.warn(""ping timeout duration not set"");this.pingTimeout=an.setTimeout(()=>{this.log.warn(""ping timeout triggered. last pong received at: "".concat(new Date(Date.now()-1e3*this.pingTimeoutDur"
bundles_pass2/_next__static__chunks__144d3bae-2dd2a6d890344e42.js,1,websocket,"m does not exist""))return r3.notAllowed(n,i.status);return r3.serviceNotFound(""v1 RTC path not found. Consider upgrading your LiveKit server version"",""v0-rtc"");case 401:case 403:let r=yield i.text();return r3.notAllowed(r,i.status)}if(e instanceof r3)return e;return r3.internal(""Encountered unknown websocket error during connection: "".concat(e),{status:i.status,statusText:i.statusText})}catch(e){return e instanceof r3?e:r3.serverUnreachable(e instanceof Error?e.message:""server was not reachable"")}})}}function sN(e){let t={type:""offer"",sdp:e.sdp};switch(e.type){case""answer"":case""offer"":case""pranswer"":ca"
bundles_pass2/_next__static__chunks__144d3bae-2dd2a6d890344e42.js,1,websocket,"ion:!0,voiceIsolation:!0},sY={deviceId:{ideal:""default""},resolution:ac.h720.resolution},sX={adaptiveStream:!1,dynacast:!1,stopLocalTrackOnUnpublish:!0,reconnectPolicy:new nQ,disconnectOnPageLeave:!0,webAudioMix:!1,singlePeerConnection:!0},sZ={autoSubscribe:!0,maxRetries:1,peerConnectionTimeout:15e3,websocketTimeout:15e3};!function(e){e[e.NEW=0]=""NEW"",e[e.CONNECTING=1]=""CONNECTING"",e[e.CONNECTED=2]=""CONNECTED"",e[e.FAILED=3]=""FAILED"",e[e.CLOSING=4]=""CLOSING"",e[e.CLOSED=5]=""CLOSED""}(B||(B={}));class s${get needsPublisher(){return this.isPublisherConnectionRequired}get needsSubscriber(){return this.isSubsc"
bundles_pass2/_next__static__chunks__144d3bae-2dd2a6d890344e42.js,1,WebSocket,"s.publisherConnectionPromise||(this.publisherConnectionPromise=this.ensureDataTransportConnected(e,!1)),yield this.publisherConnectionPromise})}verifyTransport(){return!!this.pcManager&&!![B.CONNECTING,B.CONNECTED].includes(this.pcManager.currentState)&&!!this.client.ws&&this.client.ws.readyState!==WebSocket.CLOSED}negotiate(){return nY(this,void 0,void 0,function*(){return new rQ((e,t)=>nY(this,void 0,void 0,function*(){if(!this.pcManager)return void t(new r8(""PC manager is closed""));this.pcManager.requirePublisher(),0!=this.pcManager.publisher.getTransceivers().length||this.lossyDC||this.reliableDC||"
bundles_pass2/_next__static__chunks__144d3bae-2dd2a6d890344e42.js,1,websocket,"(this,void 0,void 0,function*(){let s=yield i.join(e,t,{autoSubscribe:n.autoSubscribe,adaptiveStream:""object""==typeof r.adaptiveStream||r.adaptiveStream,clientInfoCapabilities:so(r.packetTrailer)||this.e2eeManager?[ir.CAP_PACKET_TRAILER]:void 0,maxRetries:n.maxRetries,e2eeEnabled:!!this.e2eeManager,websocketTimeout:n.websocketTimeout},a.signal,!r.singlePeerConnection),o=s.joinResponse,c=s.serverInfo;if(this.serverInfo=c,!c.version)throw new r6(""unknown server version"");return""0.15.1""===c.version&&this.options.dynacast&&(this.log.debug(""disabling dynacast due to server version""),r.dynacast=!1),o}),this."
bundles_pass2/_next__static__chunks__144d3bae-2dd2a6d890344e42.js,1,websocket,",function*(){let s=yield i.join(e,t,{autoSubscribe:n.autoSubscribe,adaptiveStream:""object""==typeof r.adaptiveStream||r.adaptiveStream,clientInfoCapabilities:so(r.packetTrailer)||this.e2eeManager?[ir.CAP_PACKET_TRAILER]:void 0,maxRetries:n.maxRetries,e2eeEnabled:!!this.e2eeManager,websocketTimeout:n.websocketTimeout},a.signal,!r.singlePeerConnection),o=s.joinResponse,c=s.serverInfo;if(this.serverInfo=c,!c.version)throw new r6(""unknown server version"");return""0.15.1""===c.version&&this.options.dynacast&&(this.log.debug(""disabling dynacast due to server version""),r.dynacast=!1),o}),this.applyJoinResponse=e"
bundles_pass2/_next__static__css__f8f6efbcd1e306ae.css,1,gatekeeper,-weight:var(--font-weight-medium);font-weight:var(--font-weight-medium);border-radius:.25rem;align-items:center;display:inline-flex}.badge-king{color:#a855f7;background-color:#a855f71a}.badge-pika{color:#eab308;background-color:#eab3081a}.badge-barney{color:#9333ea;background-color:#9333ea1a}.badge-gatekeeper{color:#f97316;background-color:#f973161a}.badge-gex{color:#3b82f6;background-color:#3b82f61a}.badge-vex{color:#f59e0b;background-color:#f59e0b1a}.table-header{--tw-font-weight:var(--font-weight-medium);font-weight:var(--font-weight-medium);--tw-tracking:var(--tracking-wide);letter-spacing:var(--tra
bundles_pass2/_next__static__chunks__1536-064f08115df39c50.js,1,flowseeker,"orts multi-leg filtering, allowing you to isolate spreads, straddles, and strangles from the live feed. Use the new ""Strategy"" dropdown to filter by specific options strategies.\n\nAdditionally, we\'ve added a premium range filter so you can focus on flows within your target price range.',category:""flowseeker"",type:""new_feature"",attachments:[{url:""https://placehold.co/800x400/1a1a2e/90bff9?text=Scanner+Filters"",name:""scanner-filters.png"",type:""image/png""}],authorId:""user_admin"",authorName:""Jimin Kim"",authorAvatarUrl:u(""Jimin Kim""),reactions:{...p,fire:24,rocket:18,thumbsUp:31},userReactions:[],createdAt"
bundles_pass2/_next__static__chunks__1536-064f08115df39c50.js,1,heatseeker,"id:""cl_002"",title:""Heatmap Color Scale Improvements"",description:""We've refined the Viridis and Plasma color scales for better contrast at extreme values. The dominant strike highlight now uses a subtle pulsing border instead of a solid outline, making it easier to track while scrolling."",category:""heatseeker"",type:""improvement"",attachments:[],authorId:""user_admin"",authorName:""Jimin Kim"",authorAvatarUrl:u(""Jimin Kim""),reactions:{...p,thumbsUp:12,eyes:5,fire:3},userReactions:[],createdAt:c(3),updatedAt:c(3)},{id:""cl_003"",title:""Fixed Replay Mode 2x Speed Bug"",description:""Resolved an issue where replay m"
bundles_pass2/_next__static__chunks__1536-064f08115df39c50.js,1,heatseeker,"s:[],createdAt:c(3),updatedAt:c(3)},{id:""cl_003"",title:""Fixed Replay Mode 2x Speed Bug"",description:""Resolved an issue where replay mode would play at double speed when both mobile and desktop views were mounted simultaneously. The playback hook is now centralized at the dashboard level."",category:""heatseeker"",type:""bug_fix"",attachments:[],authorId:""user_admin"",authorName:""Jimin Kim"",authorAvatarUrl:u(""Jimin Kim""),reactions:{...p,thumbsUp:8,clap:4},userReactions:[],createdAt:c(5),updatedAt:c(5)},{id:""cl_004"",title:""Agent Hub: Trade Lab Beta"",description:""Trade Lab is now available in beta! Build, backte"
bundles_pass2/_next__static__chunks__1536-064f08115df39c50.js,1,Heatseeker,"],createdAt:c(35),updatedAt:c(35)},{id:""cl_008"",title:""Mobile Bottom Navigation Redesign"",description:""The mobile navigation has been completely redesigned with a new glassmorphism pill style. The module picker now uses a dropdown instead of a full-screen overlay, making it faster to switch between Heatseeker, Flowseeker, and other modules."",category:""general"",type:""improvement"",attachments:[{url:""https://placehold.co/400x800/1a1a2e/90bff9?text=Mobile+Nav"",name:""mobile-nav.png"",type:""image/png""}],authorId:""user_admin"",authorName:""Jimin Kim"",authorAvatarUrl:u(""Jimin Kim""),reactions:{...p,fire:9,rocket:6,"
bundles_pass2/_next__static__chunks__1536-064f08115df39c50.js,1,Flowseeker,"c(35),updatedAt:c(35)},{id:""cl_008"",title:""Mobile Bottom Navigation Redesign"",description:""The mobile navigation has been completely redesigned with a new glassmorphism pill style. The module picker now uses a dropdown instead of a full-screen overlay, making it faster to switch between Heatseeker, Flowseeker, and other modules."",category:""general"",type:""improvement"",attachments:[{url:""https://placehold.co/400x800/1a1a2e/90bff9?text=Mobile+Nav"",name:""mobile-nav.png"",type:""image/png""}],authorId:""user_admin"",authorName:""Jimin Kim"",authorAvatarUrl:u(""Jimin Kim""),reactions:{...p,fire:9,rocket:6,clap:11},use"
bundles_pass2/_next__static__chunks__1536-064f08115df39c50.js,1,heatseeker,",rocket:6,clap:11},userReactions:[],createdAt:c(50),updatedAt:c(50)},{id:""cl_009"",title:""Fixed Watchlist Sync Issue"",description:""Resolved a bug where watchlist changes made on mobile were not syncing to desktop in real-time. Both platforms now share the same server-side watchlist state."",category:""heatseeker"",type:""bug_fix"",attachments:[],authorId:""user_admin"",authorName:""Jimin Kim"",authorAvatarUrl:u(""Jimin Kim""),reactions:{...p,thumbsUp:6,clap:3},userReactions:[],createdAt:c(55),updatedAt:c(55)}]),n(87358);class m extends Error{constructor(e,t,n=""UNKNOWN""){super(e),this.name=""ChangelogAPIError"",this.s"
bundles_pass2/_next__static__chunks__1536-064f08115df39c50.js,1,/api/,"s:[],createdAt:c(55),updatedAt:c(55)}]),n(87358);class m extends Error{constructor(e,t,n=""UNKNOWN""){super(e),this.name=""ChangelogAPIError"",this.status=t,this.code=n}}async function g(e,t){let n=arguments.length>2&&void 0!==arguments[2]?arguments[2]:{},r=await e(),a="""".concat(window.location.origin,""/api/changelog"").concat(t),l=await fetch(a,{...n,headers:{""Content-Type"":""application/json"",...r?{Authorization:""Bearer "".concat(r)}:{},...n.headers}});if(!l.ok){let e=await l.json().catch(()=>({}));throw new m(e.message||""Request failed: "".concat(l.status),l.status,e.code)}if(204!==l.status)return l.jso"
bundles_pass2/_next__static__chunks__1536-064f08115df39c50.js,1,heatseeker,"=>l.g.getState().dismissAll()),[t])}}},33028:(e,t,n)=>{n.d(t,{D:()=>a,I:()=>r});let r=""469a0116-d226-48fc-8419-bd55351e26ea"",a=r.length>0},33531:(e,t,n)=>{function r(e){return!e.isLoading&&!!e.canAccessCharts}n.d(t,{MA:()=>r,gq:()=>l});let a=""http://alert-atlas-link.invalid"";function l(e,t){if(!e||""heatseeker""!==t||!e.startsWith(""/""))return null;try{let t=new URL(e,a);if(t.origin!==a||""/""!==t.pathname||!t.searchParams.get(""symbol""))return null;return"""".concat(""/atlas"").concat(t.search).concat(t.hash)}catch(e){return null}}},34045:(e,t,n)=>{n.d(t,{M:()=>lc});var r=n(95155),a=n(12115),l=n(47650),o=n(65229"
bundles_pass2/_next__static__chunks__1536-064f08115df39c50.js,1,flowseeker,"i}=(0,W.S)(),{isDark:c}=(0,j.D)(),d=(0,w.usePathname)(),u=(0,a.useRef)(null),p=(0,a.useRef)(null),m=null==d?void 0:d.startsWith(""/flow""),g=a.useMemo(()=>(null==l?void 0:l.notifications)?l.notifications.filter(e=>{var t;if(o.includes(e.id))return!1;let n=null!=(t=e.module)?t:""all"";return""all""===n||(""flowseeker""===n?m:""heatseeker""!==n||!m)}).sort((e,t)=>D[e.severity]-D[t.severity]):[],[null==l?void 0:l.notifications,o,m]);return((0,a.useEffect)(()=>{let e=e=>{let t=Math.round(e);p.current!==t&&(p.current=t,n(t),i(t))};if(!u.current)return void e(0);e(u.current.getBoundingClientRect().height);let t=new Res"
bundles_pass2/_next__static__chunks__1536-064f08115df39c50.js,1,heatseeker,"k:c}=(0,j.D)(),d=(0,w.usePathname)(),u=(0,a.useRef)(null),p=(0,a.useRef)(null),m=null==d?void 0:d.startsWith(""/flow""),g=a.useMemo(()=>(null==l?void 0:l.notifications)?l.notifications.filter(e=>{var t;if(o.includes(e.id))return!1;let n=null!=(t=e.module)?t:""all"";return""all""===n||(""flowseeker""===n?m:""heatseeker""!==n||!m)}).sort((e,t)=>D[e.severity]-D[t.severity]):[],[null==l?void 0:l.notifications,o,m]);return((0,a.useEffect)(()=>{let e=e=>{let t=Math.round(e);p.current!==t&&(p.current=t,n(t),i(t))};if(!u.current)return void e(0);e(u.current.getBoundingClientRect().height);let t=new ResizeObserver(t=>{for"
bundles_pass2/_next__static__chunks__1536-064f08115df39c50.js,1,Heatseeker,"Commit:s,activeNav:i,onNavChange:c,theme:d,isDark:u,onShowSkylitAI:p,onToggleAgentTerminal:m,accentColor:g=""blue"",footerIcons:h,footerAccount:x}=e,f=(0,W.S)(e=>e.bannerHeight),{isAdmin:b,roles:y,user:v,isLoading:k}=(0,ec.$)(),{hasDeveloperAccess:w,isLoading:j}=(0,eg.G)(),{canAccessCharts:S,canAccessHeatseeker:N,isLoading:T}=(0,em.W)(),{canAccessSettings:A,isLoading:C}=(0,ep.P)(),E=!k&&!j&&!C&&!T,M=(0,X.P)(),I=M&&E?(0,ex.O)(y,{isNjordManaged:(0,eb.K_)(null==v?void 0:v.publicMetadata)}):null,z=(0,a.useMemo)(()=>_.Ej.map(e=>{let t=e.items.filter(e=>!1!==e.showInNav&&(!I||!!(0,ex.jk)(I,e.id))&&(!e.requiredR"
bundles_pass2/_next__static__chunks__1536-064f08115df39c50.js,1,heatseeker,"rdManaged:(0,eb.K_)(null==v?void 0:v.publicMetadata)}):null,z=(0,a.useMemo)(()=>_.Ej.map(e=>{let t=e.items.filter(e=>!1!==e.showInNav&&(!I||!!(0,ex.jk)(I,e.id))&&(!e.requiredRole||!!E&&(""admin""===e.requiredRole?b:""stages-access""===e.requiredRole?(0,ef.rp)(M,y):""developer-access""===e.requiredRole?w:""heatseeker""===e.requiredRole?N:""charts""===e.requiredRole?S:""flowseeker-settings""===e.requiredRole&&A)));return 0===t.length?null:{...e,items:t}}).filter(e=>null!==e),[S,A,N,w,b,I,M,E,y]),R=e=>{""skylitai""===e&&p?p():c(e)},[F,P]=(0,a.useState)(!1),[D,L]=(0,a.useState)(!1),q=(0,a.useRef)(null),O=(0,a.useRef)(l),"
bundles_pass2/_next__static__chunks__1536-064f08115df39c50.js,1,flowseeker,"z=(0,a.useMemo)(()=>_.Ej.map(e=>{let t=e.items.filter(e=>!1!==e.showInNav&&(!I||!!(0,ex.jk)(I,e.id))&&(!e.requiredRole||!!E&&(""admin""===e.requiredRole?b:""stages-access""===e.requiredRole?(0,ef.rp)(M,y):""developer-access""===e.requiredRole?w:""heatseeker""===e.requiredRole?N:""charts""===e.requiredRole?S:""flowseeker-settings""===e.requiredRole&&A)));return 0===t.length?null:{...e,items:t}}).filter(e=>null!==e),[S,A,N,w,b,I,M,E,y]),R=e=>{""skylitai""===e&&p?p():c(e)},[F,P]=(0,a.useState)(!1),[D,L]=(0,a.useState)(!1),q=(0,a.useRef)(null),O=(0,a.useRef)(l),B=e=>{q.current&&(q.current=null,P(!1),e.currentTarget.hasPo"
bundles_pass2/_next__static__chunks__1536-064f08115df39c50.js,1,Heatseeker,"l),A=(0,a.useRef)(66),C=(0,a.useRef)(!1),M=(0,a.useRef)(!1),I=(0,a.useCallback)(()=>{let e=ez.O.getState();e.isOpen?e.closePanel():(e.setActiveTab(""talon""),e.openPanel())},[]),{isAdmin:z,roles:R,user:F,isLoading:W}=(0,ec.$)(),{hasDeveloperAccess:P,isLoading:D}=(0,eg.G)(),{canAccessCharts:L,canAccessHeatseeker:q,isLoading:O}=(0,em.W)(),{canAccessSettings:B,isLoading:G}=(0,ep.P)(),{isSignedIn:V}=(0,v.d)(),{data:H}=(0,eR.Ol)(!!V),K=null!=(t=null==H?void 0:H.hasUnseen)&&t,U=!W&&!D&&!G&&!O,Y=(0,X.P)(),Q=Y&&U?(0,ex.O)(R,{isNjordManaged:(0,eb.K_)(null==F?void 0:F.publicMetadata)}):null,$=(_.tl[n]||_.tl.heatsee"
bundles_pass2/_next__static__chunks__1536-064f08115df39c50.js,1,heatseeker,"tseeker:q,isLoading:O}=(0,em.W)(),{canAccessSettings:B,isLoading:G}=(0,ep.P)(),{isSignedIn:V}=(0,v.d)(),{data:H}=(0,eR.Ol)(!!V),K=null!=(t=null==H?void 0:H.hasUnseen)&&t,U=!W&&!D&&!G&&!O,Y=(0,X.P)(),Q=Y&&U?(0,ex.O)(R,{isNjordManaged:(0,eb.K_)(null==F?void 0:F.publicMetadata)}):null,$=(_.tl[n]||_.tl.heatseeker).filter(e=>!1!==e.showInNav&&!e.hideOnMobile&&(!Q||!!(0,ex.jk)(Q,e.id))&&(!e.requiredRole||!!U)&&(""admin""===e.requiredRole?z:""stages-access""===e.requiredRole?(0,ef.rp)(Y,R):""developer-access""===e.requiredRole?P:""heatseeker""===e.requiredRole?q:""charts""===e.requiredRole?L:""flowseeker-settings""!==e.re"
bundles_pass2/_next__static__chunks__1536-064f08115df39c50.js,1,heatseeker,"rdManaged:(0,eb.K_)(null==F?void 0:F.publicMetadata)}):null,$=(_.tl[n]||_.tl.heatseeker).filter(e=>!1!==e.showInNav&&!e.hideOnMobile&&(!Q||!!(0,ex.jk)(Q,e.id))&&(!e.requiredRole||!!U)&&(""admin""===e.requiredRole?z:""stages-access""===e.requiredRole?(0,ef.rp)(Y,R):""developer-access""===e.requiredRole?P:""heatseeker""===e.requiredRole?q:""charts""===e.requiredRole?L:""flowseeker-settings""!==e.requiredRole||B)),J=Object.keys(_.tl).filter(e=>_.tl[e].some(e=>!1!==e.showInNav&&(!Q||!!(0,ex.jk)(Q,e.id))&&(!e.requiredRole||!!U)&&(""admin""===e.requiredRole?z:""stages-access""===e.requiredRole?(0,ef.rp)(Y,R):""developer-acces"
bundles_pass2/_next__static__chunks__1536-064f08115df39c50.js,1,flowseeker,"$=(_.tl[n]||_.tl.heatseeker).filter(e=>!1!==e.showInNav&&!e.hideOnMobile&&(!Q||!!(0,ex.jk)(Q,e.id))&&(!e.requiredRole||!!U)&&(""admin""===e.requiredRole?z:""stages-access""===e.requiredRole?(0,ef.rp)(Y,R):""developer-access""===e.requiredRole?P:""heatseeker""===e.requiredRole?q:""charts""===e.requiredRole?L:""flowseeker-settings""!==e.requiredRole||B)),J=Object.keys(_.tl).filter(e=>_.tl[e].some(e=>!1!==e.showInNav&&(!Q||!!(0,ex.jk)(Q,e.id))&&(!e.requiredRole||!!U)&&(""admin""===e.requiredRole?z:""stages-access""===e.requiredRole?(0,ef.rp)(Y,R):""developer-access""===e.requiredRole?P:""heatseeker""===e.requiredRole?q:""chart"
bundles_pass2/_next__static__chunks__1536-064f08115df39c50.js,1,heatseeker,"harts""===e.requiredRole?L:""flowseeker-settings""!==e.requiredRole||B)),J=Object.keys(_.tl).filter(e=>_.tl[e].some(e=>!1!==e.showInNav&&(!Q||!!(0,ex.jk)(Q,e.id))&&(!e.requiredRole||!!U)&&(""admin""===e.requiredRole?z:""stages-access""===e.requiredRole?(0,ef.rp)(Y,R):""developer-access""===e.requiredRole?P:""heatseeker""===e.requiredRole?q:""charts""===e.requiredRole?L:""flowseeker-settings""!==e.requiredRole||B))),Z=(0,a.useCallback)(()=>{if(!b.current)return;let e=b.current.getBoundingClientRect();w.current=e;let t=Array.from(b.current.querySelectorAll(""[data-nav-id]"")).map(t=>{let n=t.getBoundingClientRect();return"
bundles_pass2/_next__static__chunks__1536-064f08115df39c50.js,1,flowseeker,"Role||B)),J=Object.keys(_.tl).filter(e=>_.tl[e].some(e=>!1!==e.showInNav&&(!Q||!!(0,ex.jk)(Q,e.id))&&(!e.requiredRole||!!U)&&(""admin""===e.requiredRole?z:""stages-access""===e.requiredRole?(0,ef.rp)(Y,R):""developer-access""===e.requiredRole?P:""heatseeker""===e.requiredRole?q:""charts""===e.requiredRole?L:""flowseeker-settings""!==e.requiredRole||B))),Z=(0,a.useCallback)(()=>{if(!b.current)return;let e=b.current.getBoundingClientRect();w.current=e;let t=Array.from(b.current.querySelectorAll(""[data-nav-id]"")).map(t=>{let n=t.getBoundingClientRect();return{id:t.getAttribute(""data-nav-id"")||"""",left:n.left-e.left,rig"
bundles_pass2/_next__static__chunks__1536-064f08115df39c50.js,1,heatseeker,"})})}function eq(e){let{module:t,size:n,isActive:a=!0,isDark:l=!0}=e,o={size:n,fill:a?""currentColor"":""none"",style:{color:a?l?""#fff"":""#18181b"":l?""rgba(255,255,255,0.5)"":""rgba(0,0,0,0.4)"",strokeWidth:a?1.5:1.8,transition:""all 0.25s "".concat(eW)}};switch(t){case""home"":return(0,r.jsx)(e_.A,{...o});case""heatseeker"":default:return(0,r.jsx)(eE.A,{...o});case""flowseeker"":return(0,r.jsx)(H.A,{...o});case""nexus"":return(0,r.jsx)(eM.A,{...o});case""agents"":return(0,r.jsx)(eI.A,{...o})}}var eO=n(67364),eB=n(99776);let eG={name:""Glitch"",avatarUrl:""/avatars/glitch.png""},eV=Date.now(),eH=e=>new Date(eV-6e4*e).toISOStrin"
bundles_pass2/_next__static__chunks__1536-064f08115df39c50.js,1,flowseeker,"isDark:l=!0}=e,o={size:n,fill:a?""currentColor"":""none"",style:{color:a?l?""#fff"":""#18181b"":l?""rgba(255,255,255,0.5)"":""rgba(0,0,0,0.4)"",strokeWidth:a?1.5:1.8,transition:""all 0.25s "".concat(eW)}};switch(t){case""home"":return(0,r.jsx)(e_.A,{...o});case""heatseeker"":default:return(0,r.jsx)(eE.A,{...o});case""flowseeker"":return(0,r.jsx)(H.A,{...o});case""nexus"":return(0,r.jsx)(eM.A,{...o});case""agents"":return(0,r.jsx)(eI.A,{...o})}}var eO=n(67364),eB=n(99776);let eG={name:""Glitch"",avatarUrl:""/avatars/glitch.png""},eV=Date.now(),eH=e=>new Date(eV-6e4*e).toISOString(),eK=[{id:""g-001"",source:""discord"",text:""$SPY reject"
bundles_pass2/_next__static__chunks__1536-064f08115df39c50.js,1,/api/,"r"",t.ticker.toUpperCase()),t.tickers&&t.tickers.length>0&&r.set(""tickers"",t.tickers.map(e=>e.toUpperCase()).join("","")),""number""==typeof t.minSignal&&r.set(""minSignal"",String(t.minSignal)),t.before&&r.set(""before"",t.before),t.limit&&r.set(""limit"",String(t.limit));let a=r.toString(),l="""".concat(eY(),""/api/glitch/feed"").concat(a?""?"".concat(a):""""),o=new Headers;try{let t=await e();t&&o.set(""Authorization"",""Bearer "".concat(t))}catch(e){console.warn(""[Glitch API] Failed to get Clerk token:"",e)}try{let e=await fetch(l,{headers:o,signal:n});if(!e.ok){let t=""HTTP "".concat(e.status,"": "").concat(e.statusText)"
bundles_pass2/_next__static__chunks__1536-064f08115df39c50.js,1,/api/,"etch(l,{headers:o,signal:n});if(!e.ok){let t=""HTTP "".concat(e.status,"": "").concat(e.statusText);try{let n=await e.json();t=n.message||n.error||t}catch(e){}throw new eX(t,e.status)}let t=await e.json();if(!t||""object""!=typeof t||!Array.isArray(t.messages))throw new eX(""Unexpected response shape from /api/glitch/feed (endpoint not deployed?)"",e.status);return t}catch(e){if(e instanceof eX||e instanceof DOMException&&""AbortError""===e.name)throw e;throw new eX(""Network error: "".concat(e instanceof Error?e.message:""Unknown error""),0)}}var e$=n(90960),eJ=n(52777);function eZ(e){let t=document.createEleme"
bundles_pass2/_next__static__chunks__1536-064f08115df39c50.js,1,heatseeker,".includes(t);function tQ(e,t,n){if(tX(t,""contract_modal""))return{line:""Reading the contract on screen — the session, its flow split, and where size printed."",prompts:[""What am I looking at?"",""Bought or sold?"",""Is open interest building?""]};if(!e)return tY;let r=(null==n?void 0:n.trim())||void 0;if(""heatseeker""===e&&tX(t,""page_context""))return{line:""Reading "".concat(null!=r?r:""this map"","" — GEX/VEX map, structured read, velocity.""),prompts:[""What's the read?"",""Where is the king node?"",""What changed in 5m?""]};if(""atlas""===e&&tX(t,""page_context""))return{line:""Reading the "".concat(null!=r?r:""Atlas"","" chart "
bundles_pass2/_next__static__chunks__1536-064f08115df39c50.js,1,armed,"==e&&tX(t,""page_context"")?{line:""Reading the "".concat(null!=r?r:""this"","" dossier — cards, freshness, what is still missing.""),prompts:[""What's the case?"",""What's still missing?"",""Which cards are stale?""]}:""alerts""===e&&tX(t,""page_context"")?{line:""Reading your alerts — rules, last fires, and what is armed."",prompts:[""Why did this not fire?"",""What is armed right now?"",""Which alerts are stale?""]}:""academy""===e&&tX(t,""page_context"")?{line:""Reading this course — what it covers."",prompts:[""Summarize this lesson"",""What should I read next?"",""How does this apply to my chart?""]}:""trinity""===e&&tX(t,""page_con"
bundles_pass2/_next__static__chunks__1536-064f08115df39c50.js,1,armed,"at(null!=r?r:""this"","" dossier — cards, freshness, what is still missing.""),prompts:[""What's the case?"",""What's still missing?"",""Which cards are stale?""]}:""alerts""===e&&tX(t,""page_context"")?{line:""Reading your alerts — rules, last fires, and what is armed."",prompts:[""Why did this not fire?"",""What is armed right now?"",""Which alerts are stale?""]}:""academy""===e&&tX(t,""page_context"")?{line:""Reading this course — what it covers."",prompts:[""Summarize this lesson"",""What should I read next?"",""How does this apply to my chart?""]}:""trinity""===e&&tX(t,""page_context"")?{line:""Reading Trinity — SPX, SPY and QQQ si"
bundles_pass2/_next__static__chunks__1536-064f08115df39c50.js,1,heatseeker,"ard?""]}:tY}function t$(e,t){return e.filter(e=>e.trim().length>0).map((e,n)=>({id:"""".concat(t,""-"").concat(n),type:""quick_reply"",label:e,prompt:e}))}!function(e){arguments.length>1&&void 0!==arguments[1]&&arguments[1],arguments.length>2&&void 0!==arguments[2]&&arguments[2],new Date().toISOString()}(""heatseeker-specialist"");!function(e){arguments.length>1&&void 0!==arguments[1]&&arguments[1],arguments.length>2&&void 0!==arguments[2]&&arguments[2],new Date().toISOString()}(""flowseeker-analyst""),n(65852),n(40895);new Date().toISOString(),new Date().toISOString(),new Date().toISOString(),new Date().toISOStri"
bundles_pass2/_next__static__chunks__1536-064f08115df39c50.js,1,flowseeker,"h>1&&void 0!==arguments[1]&&arguments[1],arguments.length>2&&void 0!==arguments[2]&&arguments[2],new Date().toISOString()}(""heatseeker-specialist"");!function(e){arguments.length>1&&void 0!==arguments[1]&&arguments[1],arguments.length>2&&void 0!==arguments[2]&&arguments[2],new Date().toISOString()}(""flowseeker-analyst""),n(65852),n(40895);new Date().toISOString(),new Date().toISOString(),new Date().toISOString(),new Date().toISOString(),new Date().toISOString(),new Date().toISOString(),new Date().toISOString(),new Date().toISOString(),new Date().toISOString(),new Date().toISOString(),new Date().toISOStrin"
bundles_pass2/_next__static__chunks__1536-064f08115df39c50.js,1,/api/,"e:""size-4 animate-spin""}),""I understand""]})]})]})})}function ng(e){return e.startsWith(""cadence-"")?""cadence"":e.startsWith(""page-"")?""page"":e.startsWith(""followup-"")?""followup"":""unknown""}async function nh(e){if(0===e.liveCapabilityIds.length)return[];try{var t;let n=await fetch("""".concat((0,tV.FC)(),""/api/v1/talon/followups""),{method:""POST"",headers:{""Content-Type"":""application/json"",Accept:""application/json""},body:JSON.stringify({answer:e.answer,page_type:e.pageType,ticker:null!=(t=e.ticker)?t:null,live_capability_ids:e.liveCapabilityIds})});if(!n.ok)return[];let r=await n.json();return(Array.isArray"
bundles_pass2/_next__static__chunks__1536-064f08115df39c50.js,1,heatseeker,"n(79891),n(35792),n(28047),n(64289);var nZ=n(87189);n(65904);let n0=P.Il.font.mono,n1=""0 0 0 3px rgba(147, 197, 253, 0.14)"",n2=e=>e?""#cbd5e1"":""#334155"",n5={fontSize:""11.5px"",fontWeight:400,letterSpacing:""0""},n4=new Set(nC.map(e=>e.shortcut));function n3(e){if(!e)return{};if(""/""===e)return{pageType:""heatseeker"",pageId:""heatseeker""};let t=e.match(/^\/agents\/research\/([^/?#]+)/);if(t)return{pageType:""research"",pageId:""research"",focusedTicker:n9(t[1])};let n=e.match(/^\/agents\/trade\/([^/?#]+)/);return n?{pageType:""trade"",pageId:""trade"",focusedTicker:n9(n[1])}:e.startsWith(""/agents/flow-ai"")?{pageType:""f"
bundles_pass2/_next__static__chunks__1536-064f08115df39c50.js,1,heatseeker,"28047),n(64289);var nZ=n(87189);n(65904);let n0=P.Il.font.mono,n1=""0 0 0 3px rgba(147, 197, 253, 0.14)"",n2=e=>e?""#cbd5e1"":""#334155"",n5={fontSize:""11.5px"",fontWeight:400,letterSpacing:""0""},n4=new Set(nC.map(e=>e.shortcut));function n3(e){if(!e)return{};if(""/""===e)return{pageType:""heatseeker"",pageId:""heatseeker""};let t=e.match(/^\/agents\/research\/([^/?#]+)/);if(t)return{pageType:""research"",pageId:""research"",focusedTicker:n9(t[1])};let n=e.match(/^\/agents\/trade\/([^/?#]+)/);return n?{pageType:""trade"",pageId:""trade"",focusedTicker:n9(n[1])}:e.startsWith(""/agents/flow-ai"")?{pageType:""flow-ai"",pageId:""flow"
bundles_pass2/_next__static__chunks__1536-064f08115df39c50.js,1,heatseeker,"nd:a}=e;return{id:n,label:r,action:{kind:""command"",command:"""".concat(a,"" "").concat(t)},inPlace:!1}}),{id:""mention"",label:""Mention in composer"",action:{kind:""mention"",text:""@"".concat(t,"" "")},inPlace:!1}]},{id:""open"",title:""Open"",entries:[{id:""heatmap"",label:""Heatmap"",action:{kind:""heatmap""},inPlace:""heatseeker""===n,disabledReason:l,navId:""heatmaps""},{id:""atlas"",label:""Atlas"",action:{kind:""atlas""},inPlace:""atlas""===n,navId:""skylit-charts""},{id:""trinity"",label:""Trinity"",action:{kind:""trinity""},inPlace:""trinity""===n,disabledReason:null!=l?l:a>=6?""Trinity is full"":void 0,navId:""trinity""},{id:""research"",label"
bundles_pass2/_next__static__chunks__1536-064f08115df39c50.js,1,heatseeker,"reventDefault(),e.stopPropagation(),p({x:Math.max(8,Math.min(e.clientX,window.innerWidth-232-8)),y:Math.max(8,Math.min(e.clientY,window.innerHeight-430-8)),ticker:t})},[]),T=(0,a.useCallback)((e,t)=>{switch(e.kind){case""command"":i(e.command);return;case""mention"":c(e.text);return;case""heatmap"":g(t),""heatseeker""!==s&&d.push(""/"");return;case""atlas"":f(t),""atlas""!==s&&d.push(""/atlas?symbol="".concat(encodeURIComponent(t)));return;case""trinity"":h({name:t,displayName:t}),""trinity""!==s&&d.push(""/trinity"");return;case""navigate"":d.push(e.href);return;default:return}},[i,c,g,f,h,d,s]);(0,a.useEffect)(()=>{if(!u)ret"
bundles_pass2/_next__static__chunks__1536-064f08115df39c50.js,1,armed,"on.max_return,maxAvg:e.spx_option.max_avg,managedReturn:e.spx_option.managed_return,peakTime:e.spx_option.peak_time,lifecycle:e.spx_option.lifecycle,premSeries:e.spx_option.prem_series,premLevels:e.spx_option.prem_levels?{...e.spx_option.prem_levels,prem:!0}:void 0,limitPlan:e.spx_option.limit_plan,armed:e.spx_option.playbook?{spread_pct:e.spx_option.playbook.spread_pct,skipped_entry:e.spx_option.playbook.skipped_entry}:void 0,playbook:e.spx_option.playbook,gradeSrc:e.spx_option.grade_src},QQQ:e.qqq_option&&{contract:e.qqq_option.contract,mark:null!=e.qqq_option.entry_prem?""$"".concat(e.qqq_option.e"
bundles_pass2/_next__static__chunks__1536-064f08115df39c50.js,1,armed,"on.max_return,maxAvg:e.qqq_option.max_avg,managedReturn:e.qqq_option.managed_return,peakTime:e.qqq_option.peak_time,lifecycle:e.qqq_option.lifecycle,premSeries:e.qqq_option.prem_series,premLevels:e.qqq_option.prem_levels?{...e.qqq_option.prem_levels,prem:!0}:void 0,limitPlan:e.qqq_option.limit_plan,armed:e.qqq_option.playbook?{spread_pct:e.qqq_option.playbook.spread_pct,skipped_entry:e.qqq_option.playbook.skipped_entry}:void 0,playbook:e.qqq_option.playbook,gradeSrc:e.qqq_option.grade_src},SPY:e.spy_option&&{contract:e.spy_option.contract,mark:null!=e.spy_option.entry_prem?""$"".concat(e.spy_option.e"
bundles_pass2/_next__static__chunks__1536-064f08115df39c50.js,1,armed,"on.max_return,maxAvg:e.spy_option.max_avg,managedReturn:e.spy_option.managed_return,peakTime:e.spy_option.peak_time,lifecycle:e.spy_option.lifecycle,premSeries:e.spy_option.prem_series,premLevels:e.spy_option.prem_levels?{...e.spy_option.prem_levels,prem:!0}:void 0,limitPlan:e.spy_option.limit_plan,armed:e.spy_option.playbook?{spread_pct:e.spy_option.playbook.spread_pct,skipped_entry:e.spy_option.playbook.skipped_entry}:void 0,playbook:e.spy_option.playbook,gradeSrc:e.spy_option.grade_src}}}}let rE={heatseeker:{name:""Heatseeker"",color:""#f97316""},flowseeker:{name:""Flowseeker"",color:""#90bff9""},atlas:"
bundles_pass2/_next__static__chunks__1536-064f08115df39c50.js,1,heatseeker,"ion.prem_levels?{...e.spy_option.prem_levels,prem:!0}:void 0,limitPlan:e.spy_option.limit_plan,armed:e.spy_option.playbook?{spread_pct:e.spy_option.playbook.spread_pct,skipped_entry:e.spy_option.playbook.skipped_entry}:void 0,playbook:e.spy_option.playbook,gradeSrc:e.spy_option.grade_src}}}}let rE={heatseeker:{name:""Heatseeker"",color:""#f97316""},flowseeker:{name:""Flowseeker"",color:""#90bff9""},atlas:{name:""Atlas"",color:""#22d3ee""},nexus:{name:""Nexus"",color:""#a855f7""},talon:{name:""Falcon"",color:rN}},rM=[{src:""atlas"",time:""09:41"",msg:(0,r.jsxs)(r.Fragment,{children:[""VWAP reclaim confirmed at "",(0,r.jsx)(""b"","
bundles_pass2/_next__static__chunks__1536-064f08115df39c50.js,1,Heatseeker,"..e.spy_option.prem_levels,prem:!0}:void 0,limitPlan:e.spy_option.limit_plan,armed:e.spy_option.playbook?{spread_pct:e.spy_option.playbook.spread_pct,skipped_entry:e.spy_option.playbook.skipped_entry}:void 0,playbook:e.spy_option.playbook,gradeSrc:e.spy_option.grade_src}}}}let rE={heatseeker:{name:""Heatseeker"",color:""#f97316""},flowseeker:{name:""Flowseeker"",color:""#90bff9""},atlas:{name:""Atlas"",color:""#22d3ee""},nexus:{name:""Nexus"",color:""#a855f7""},talon:{name:""Falcon"",color:rN}},rM=[{src:""atlas"",time:""09:41"",msg:(0,r.jsxs)(r.Fragment,{children:[""VWAP reclaim confirmed at "",(0,r.jsx)(""b"",{children:""578.21"""
bundles_pass2/_next__static__chunks__1536-064f08115df39c50.js,1,flowseeker,"em:!0}:void 0,limitPlan:e.spy_option.limit_plan,armed:e.spy_option.playbook?{spread_pct:e.spy_option.playbook.spread_pct,skipped_entry:e.spy_option.playbook.skipped_entry}:void 0,playbook:e.spy_option.playbook,gradeSrc:e.spy_option.grade_src}}}}let rE={heatseeker:{name:""Heatseeker"",color:""#f97316""},flowseeker:{name:""Flowseeker"",color:""#90bff9""},atlas:{name:""Atlas"",color:""#22d3ee""},nexus:{name:""Nexus"",color:""#a855f7""},talon:{name:""Falcon"",color:rN}},rM=[{src:""atlas"",time:""09:41"",msg:(0,r.jsxs)(r.Fragment,{children:[""VWAP reclaim confirmed at "",(0,r.jsx)(""b"",{children:""578.21""})]})},{src:""heatseeker"",time"
bundles_pass2/_next__static__chunks__1536-064f08115df39c50.js,1,Flowseeker,"tPlan:e.spy_option.limit_plan,armed:e.spy_option.playbook?{spread_pct:e.spy_option.playbook.spread_pct,skipped_entry:e.spy_option.playbook.skipped_entry}:void 0,playbook:e.spy_option.playbook,gradeSrc:e.spy_option.grade_src}}}}let rE={heatseeker:{name:""Heatseeker"",color:""#f97316""},flowseeker:{name:""Flowseeker"",color:""#90bff9""},atlas:{name:""Atlas"",color:""#22d3ee""},nexus:{name:""Nexus"",color:""#a855f7""},talon:{name:""Falcon"",color:rN}},rM=[{src:""atlas"",time:""09:41"",msg:(0,r.jsxs)(r.Fragment,{children:[""VWAP reclaim confirmed at "",(0,r.jsx)(""b"",{children:""578.21""})]})},{src:""heatseeker"",time:""09:41"",msg:(0,r."
bundles_pass2/_next__static__chunks__1536-064f08115df39c50.js,1,Falcon,":e.spy_option.playbook.skipped_entry}:void 0,playbook:e.spy_option.playbook,gradeSrc:e.spy_option.grade_src}}}}let rE={heatseeker:{name:""Heatseeker"",color:""#f97316""},flowseeker:{name:""Flowseeker"",color:""#90bff9""},atlas:{name:""Atlas"",color:""#22d3ee""},nexus:{name:""Nexus"",color:""#a855f7""},talon:{name:""Falcon"",color:rN}},rM=[{src:""atlas"",time:""09:41"",msg:(0,r.jsxs)(r.Fragment,{children:[""VWAP reclaim confirmed at "",(0,r.jsx)(""b"",{children:""578.21""})]})},{src:""heatseeker"",time:""09:41"",msg:(0,r.jsxs)(r.Fragment,{children:[""Gamma flip crossed up through "",(0,r.jsx)(""b"",{children:""577.40""})]})},{src:""flowse"
bundles_pass2/_next__static__chunks__1536-064f08115df39c50.js,1,heatseeker,"316""},flowseeker:{name:""Flowseeker"",color:""#90bff9""},atlas:{name:""Atlas"",color:""#22d3ee""},nexus:{name:""Nexus"",color:""#a855f7""},talon:{name:""Falcon"",color:rN}},rM=[{src:""atlas"",time:""09:41"",msg:(0,r.jsxs)(r.Fragment,{children:[""VWAP reclaim confirmed at "",(0,r.jsx)(""b"",{children:""578.21""})]})},{src:""heatseeker"",time:""09:41"",msg:(0,r.jsxs)(r.Fragment,{children:[""Gamma flip crossed up through "",(0,r.jsx)(""b"",{children:""577.40""})]})},{src:""flowseeker"",time:""09:42"",msg:(0,r.jsxs)(r.Fragment,{children:[(0,r.jsx)(""b"",{children:""+$2.1M""}),"" call sweep \xb7 "",(0,r.jsx)(rz,{children:""$SPY""}),"" 580C""]})},{src:""hea"
bundles_pass2/_next__static__chunks__1536-064f08115df39c50.js,1,flowseeker,"Falcon"",color:rN}},rM=[{src:""atlas"",time:""09:41"",msg:(0,r.jsxs)(r.Fragment,{children:[""VWAP reclaim confirmed at "",(0,r.jsx)(""b"",{children:""578.21""})]})},{src:""heatseeker"",time:""09:41"",msg:(0,r.jsxs)(r.Fragment,{children:[""Gamma flip crossed up through "",(0,r.jsx)(""b"",{children:""577.40""})]})},{src:""flowseeker"",time:""09:42"",msg:(0,r.jsxs)(r.Fragment,{children:[(0,r.jsx)(""b"",{children:""+$2.1M""}),"" call sweep \xb7 "",(0,r.jsx)(rz,{children:""$SPY""}),"" 580C""]})},{src:""heatseeker"",time:""09:42"",msg:(0,r.jsxs)(r.Fragment,{children:[""King-node pin strengthening at "",(0,r.jsx)(""b"",{children:""580.00""})]})},{src:""ta"
bundles_pass2/_next__static__chunks__1536-064f08115df39c50.js,1,heatseeker,"ker"",time:""09:41"",msg:(0,r.jsxs)(r.Fragment,{children:[""Gamma flip crossed up through "",(0,r.jsx)(""b"",{children:""577.40""})]})},{src:""flowseeker"",time:""09:42"",msg:(0,r.jsxs)(r.Fragment,{children:[(0,r.jsx)(""b"",{children:""+$2.1M""}),"" call sweep \xb7 "",(0,r.jsx)(rz,{children:""$SPY""}),"" 580C""]})},{src:""heatseeker"",time:""09:42"",msg:(0,r.jsxs)(r.Fragment,{children:[""King-node pin strengthening at "",(0,r.jsx)(""b"",{children:""580.00""})]})},{src:""talon"",time:""09:42"",msg:(0,r.jsxs)(r.Fragment,{children:[""Graded "",(0,r.jsx)(""b"",{children:""A+""}),"" \xb7 score "",(0,r.jsx)(""b"",{children:""92""}),"" \xb7 confidence "",(0,r."
bundles_pass2/_next__static__chunks__1536-064f08115df39c50.js,1,flowseeker,"hildren:[""King-node pin strengthening at "",(0,r.jsx)(""b"",{children:""580.00""})]})},{src:""talon"",time:""09:42"",msg:(0,r.jsxs)(r.Fragment,{children:[""Graded "",(0,r.jsx)(""b"",{children:""A+""}),"" \xb7 score "",(0,r.jsx)(""b"",{children:""92""}),"" \xb7 confidence "",(0,r.jsx)(""b"",{children:""0.88""})]})}],rI=[{src:""flowseeker"",msg:(0,r.jsxs)(r.Fragment,{children:[""Block bid \xb7 "",(0,r.jsx)(rz,{children:""$QQQ""}),"" 502C""]})},{src:""nexus"",msg:(0,r.jsxs)(r.Fragment,{children:[""Match: "",(0,r.jsx)(""b"",{children:""+71%""}),"" hit-rate, 0DTE reclaim""]})},{src:""atlas"",msg:(0,r.jsx)(r.Fragment,{children:""Momentum cooling \xb7 5m""})"
bundles_pass2/_next__static__chunks__1536-064f08115df39c50.js,1,heatseeker,",r.jsxs)(r.Fragment,{children:[""Block bid \xb7 "",(0,r.jsx)(rz,{children:""$QQQ""}),"" 502C""]})},{src:""nexus"",msg:(0,r.jsxs)(r.Fragment,{children:[""Match: "",(0,r.jsx)(""b"",{children:""+71%""}),"" hit-rate, 0DTE reclaim""]})},{src:""atlas"",msg:(0,r.jsx)(r.Fragment,{children:""Momentum cooling \xb7 5m""})},{src:""heatseeker"",msg:(0,r.jsx)(r.Fragment,{children:""Net GEX flipping positive""})},{src:""flowseeker"",msg:(0,r.jsxs)(r.Fragment,{children:[""Sweep \xb7 "",(0,r.jsx)(rz,{children:""$NVDA""}),"" 132C ask""]})},{src:""talon"",msg:(0,r.jsx)(r.Fragment,{children:""Re-grading watchlist \xb7 14 tickers""})}];function rz(e){let{chil"
bundles_pass2/_next__static__chunks__1536-064f08115df39c50.js,1,flowseeker,"02C""]})},{src:""nexus"",msg:(0,r.jsxs)(r.Fragment,{children:[""Match: "",(0,r.jsx)(""b"",{children:""+71%""}),"" hit-rate, 0DTE reclaim""]})},{src:""atlas"",msg:(0,r.jsx)(r.Fragment,{children:""Momentum cooling \xb7 5m""})},{src:""heatseeker"",msg:(0,r.jsx)(r.Fragment,{children:""Net GEX flipping positive""})},{src:""flowseeker"",msg:(0,r.jsxs)(r.Fragment,{children:[""Sweep \xb7 "",(0,r.jsx)(rz,{children:""$NVDA""}),"" 132C ask""]})},{src:""talon"",msg:(0,r.jsx)(r.Fragment,{children:""Re-grading watchlist \xb7 14 tickers""})}];function rz(e){let{children:t}=e;return(0,r.jsx)(""span"",{style:{color:""var(--talon-cashtag)"",fontWeight:500"
bundles_pass2/_next__static__chunks__1536-064f08115df39c50.js,1,falcon,"ight:n,background:""rgba(var(--tv2-ink),0.04)"",border:""1px solid rgba(var(--tv2-ink),0.05)""},children:(0,r.jsx)(""img"",{src:""/agent-logos/"".concat(t,"".png""),alt:"""",style:{width:n-6,height:n-6,objectFit:""contain""},onError:e=>{e.currentTarget.style.display=""none""}})})}let rF=e=>(e||"""").replace(/^(talon|falcon|falco)\s+/i,""""),rW=(e,t,n)=>t&&!n&&t.slice(0,5)!==e?t:null;function rP(e,t){var n,r;let a=""QQQ""===e.symbol?""QQQ"":""SPXW""===e.symbol||""SPX""===e.symbol?""SPX"":""SPY"",l=e=>null!=e&&(null!=e.maxReturn||null!=e.managedReturn),o=t=>{var n,r,a,l,o,s,i,c,d;let u=null==(n=e.alts)?void 0:n[t];return(null==u?voi"
bundles_pass2/_next__static__chunks__1536-064f08115df39c50.js,1,armed,"Scale)?void 0:r[t])?c:1,levels:null!=(d=null==(a=e.altLevels)?void 0:a[t])?d:u.premLevels,peakTime:u.peakTime,lifecycle:u.lifecycle,premSeries:u.premSeries,prog:(null==(l=e.altLevels)?void 0:l[t])?null==(o=e.progress)?void 0:o[t]:u.premLevels||null==(s=e.progress)?void 0:s.SPY,limitPlan:u.limitPlan,armed:u.armed,playbook:u.playbook,gradeSrc:u.gradeSrc}:null};if(t!==a){let e=o(t);if(l(e))return e}let s={contract:e.contract,mark:e.mark,maxReturn:e.maxReturn,maxAvg:e.maxAvg,managedReturn:e.managedReturn,native:!0,scale:1,peakTime:e.peakTime,lifecycle:e.lifecycle,premSeries:e.premSeries,prog:null==(r=e"
bundles_pass2/_next__static__chunks__1536-064f08115df39c50.js,1,armed,"oid 0:r[t])?c:1,levels:null!=(d=null==(a=e.altLevels)?void 0:a[t])?d:u.premLevels,peakTime:u.peakTime,lifecycle:u.lifecycle,premSeries:u.premSeries,prog:(null==(l=e.altLevels)?void 0:l[t])?null==(o=e.progress)?void 0:o[t]:u.premLevels||null==(s=e.progress)?void 0:s.SPY,limitPlan:u.limitPlan,armed:u.armed,playbook:u.playbook,gradeSrc:u.gradeSrc}:null};if(t!==a){let e=o(t);if(l(e))return e}let s={contract:e.contract,mark:e.mark,maxReturn:e.maxReturn,maxAvg:e.maxAvg,managedReturn:e.managedReturn,native:!0,scale:1,peakTime:e.peakTime,lifecycle:e.lifecycle,premSeries:e.premSeries,prog:null==(r=e.progres"
bundles_pass2/_next__static__chunks__1536-064f08115df39c50.js,1,armed,"rc}:null};if(t!==a){let e=o(t);if(l(e))return e}let s={contract:e.contract,mark:e.mark,maxReturn:e.maxReturn,maxAvg:e.maxAvg,managedReturn:e.managedReturn,native:!0,scale:1,peakTime:e.peakTime,lifecycle:e.lifecycle,premSeries:e.premSeries,prog:null==(r=e.progress)?void 0:r.SPY,limitPlan:e.limitPlan,armed:e.playbook?{spread_pct:e.playbook.spread_pct,skipped_entry:e.playbook.skipped_entry}:void 0,playbook:e.playbook,gradeSrc:e.gradeSrc};if(l(s))return s;for(let e of[""SPY"",""SPX"",""QQQ""]){if(e===a)continue;let t=o(e);if(l(t))return t}return null!=(n=t!==a?o(t):null)?n:s}function rD(e,t){var n;let r=rL(e"
bundles_pass2/_next__static__chunks__1536-064f08115df39c50.js,1,armed,"limitPlan.px&&(0,r.jsx)(""b"",{title:""agent decision: DIP-OR-SKIP — market-buy only if premium prints ≤ $"".concat(f.limitPlan.px.toFixed(2),"" ("").concat(null!=(g=f.limitPlan.k)?g:1.5,""σ dip) shortly after fire \xb7 no dip = no trade"").concat(x.offBook?"" \xb7 pre-noon fire: tracked signal, outside the armed midday book"":"""").concat((null==(o=f.armed)?void 0:o.skipped_entry)?"" \xb7 SKIPPED: no dip printed, no trade taken"":""""),style:{marginLeft:6,fontSize:8.5,fontWeight:700,letterSpacing:""0.05em"",color:x.offBook||(null==(s=f.armed)?void 0:s.skipped_entry)?""var(--tv2-dim, #8a8f98)"":rN},children:x.offBook?"
bundles_pass2/_next__static__chunks__1536-064f08115df39c50.js,1,armed,"decision: DIP-OR-SKIP — market-buy only if premium prints ≤ $"".concat(f.limitPlan.px.toFixed(2),"" ("").concat(null!=(g=f.limitPlan.k)?g:1.5,""σ dip) shortly after fire \xb7 no dip = no trade"").concat(x.offBook?"" \xb7 pre-noon fire: tracked signal, outside the armed midday book"":"""").concat((null==(o=f.armed)?void 0:o.skipped_entry)?"" \xb7 SKIPPED: no dip printed, no trade taken"":""""),style:{marginLeft:6,fontSize:8.5,fontWeight:700,letterSpacing:""0.05em"",color:x.offBook||(null==(s=f.armed)?void 0:s.skipped_entry)?""var(--tv2-dim, #8a8f98)"":rN},children:x.offBook?""OFF-BOOK"":(null==(i=f.armed)?void 0:i.ski"
bundles_pass2/_next__static__chunks__1536-064f08115df39c50.js,1,armed,"trade"").concat(x.offBook?"" \xb7 pre-noon fire: tracked signal, outside the armed midday book"":"""").concat((null==(o=f.armed)?void 0:o.skipped_entry)?"" \xb7 SKIPPED: no dip printed, no trade taken"":""""),style:{marginLeft:6,fontSize:8.5,fontWeight:700,letterSpacing:""0.05em"",color:x.offBook||(null==(s=f.armed)?void 0:s.skipped_entry)?""var(--tv2-dim, #8a8f98)"":rN},children:x.offBook?""OFF-BOOK"":(null==(i=f.armed)?void 0:i.skipped_entry)?""SKIPPED"":""DIP ≤$"".concat(f.limitPlan.px.toFixed(2))}),(null!=(h=null==(c=x.adds)?void 0:c.length)?h:0)>0&&(()=>{var e;let t=rL(x,f.native,f.contract);return(0,r.jsxs)(""sp"
bundles_pass2/_next__static__chunks__1536-064f08115df39c50.js,1,armed,"t((null==(o=f.armed)?void 0:o.skipped_entry)?"" \xb7 SKIPPED: no dip printed, no trade taken"":""""),style:{marginLeft:6,fontSize:8.5,fontWeight:700,letterSpacing:""0.05em"",color:x.offBook||(null==(s=f.armed)?void 0:s.skipped_entry)?""var(--tv2-dim, #8a8f98)"":rN},children:x.offBook?""OFF-BOOK"":(null==(i=f.armed)?void 0:i.skipped_entry)?""SKIPPED"":""DIP ≤$"".concat(f.limitPlan.px.toFixed(2))}),(null!=(h=null==(c=x.adds)?void 0:c.length)?h:0)>0&&(()=>{var e;let t=rL(x,f.native,f.contract);return(0,r.jsxs)(""span"",{title:""Scaled in "".concat(1+t.adds.length,""\xd7 (1/"").concat(null!=(e=x.tranches)?e:3,"" size each)"
bundles_pass2/_next__static__chunks__1536-064f08115df39c50.js,1,Falcon,":{fontSize:10,color:y.textMuted},children:[(0,r.jsxs)(""span"",{className:""inline-flex items-center gap-1"",style:{color:rN,fontWeight:500},children:[(0,r.jsx)(""img"",{src:""/agent-logos/talon.png"",alt:"""",style:{width:12,height:12,objectFit:""contain""},onError:e=>{e.currentTarget.style.display=""none""}}),""Falcon""]}),(0,r.jsxs)(""span"",{className:""min-w-0 truncate"",children:[""\xb7 "",rF(x.setupName),"" \xb7 "",x.ago,rW(x.ago,x.liveAt,x.backfilled)?(0,r.jsxs)(""span"",{style:{opacity:.75},children:["" \xb7 live "",rW(x.ago,x.liveAt,x.backfilled)]}):null]})]})]})}),rO={entry:""fired"",armed:""runner armed"",trim:""banked"""
bundles_pass2/_next__static__chunks__1536-064f08115df39c50.js,1,armed,"et.style.display=""none""}}),""Falcon""]}),(0,r.jsxs)(""span"",{className:""min-w-0 truncate"",children:[""\xb7 "",rF(x.setupName),"" \xb7 "",x.ago,rW(x.ago,x.liveAt,x.backfilled)?(0,r.jsxs)(""span"",{style:{opacity:.75},children:["" \xb7 live "",rW(x.ago,x.liveAt,x.backfilled)]}):null]})]})]})}),rO={entry:""fired"",armed:""runner armed"",trim:""banked"",ratchet:""ratchet stop — runner out"",settle:""settled at intrinsic"",final:""final print"",exit:""exit"",peak:""peak"",dd:""max drawdown"",add:""scaled in"",add_x:""scaled in \xb7 separate strike""};function rB(e){let{ev:t,t:n,series:a,adds:l}=e,o=t.filter(e=>""entry""===e.ev||""peak""==="
bundles_pass2/_next__static__chunks__1536-064f08115df39c50.js,1,armed,"ay=""none""}}),""Falcon""]}),(0,r.jsxs)(""span"",{className:""min-w-0 truncate"",children:[""\xb7 "",rF(x.setupName),"" \xb7 "",x.ago,rW(x.ago,x.liveAt,x.backfilled)?(0,r.jsxs)(""span"",{style:{opacity:.75},children:["" \xb7 live "",rW(x.ago,x.liveAt,x.backfilled)]}):null]})]})]})}),rO={entry:""fired"",armed:""runner armed"",trim:""banked"",ratchet:""ratchet stop — runner out"",settle:""settled at intrinsic"",final:""final print"",exit:""exit"",peak:""peak"",dd:""max drawdown"",add:""scaled in"",add_x:""scaled in \xb7 separate strike""};function rB(e){let{ev:t,t:n,series:a,adds:l}=e,o=t.filter(e=>""entry""===e.ev||""peak""===e.ev);for(let "
bundles_pass2/_next__static__chunks__1536-064f08115df39c50.js,1,Falcon,"3 py-1.5"",style:{fontSize:12.5,fontWeight:500,color:E.textPrimary,background:""rgba(var(--tv2-ink),0.05)"",border:""1px solid rgba(var(--tv2-ink),0.1)""},children:""‹ Back""}),(0,r.jsx)(""span"",{className:""uppercase"",style:{fontSize:9,letterSpacing:""0.16em"",color:E.textMuted},children:""Surfaced setup \xb7 Falcon""}),null!=K&&(0,r.jsxs)(""span"",{className:""ml-auto flex items-center gap-1.5 whitespace-nowrap rounded-md px-2 py-1"",title:U?"""".concat(C.symbol,"" live underlying spot""):"""".concat(C.symbol,"" last-known spot \xb7 feed not live (off-hours or reconnecting)""),style:{fontSize:11,fontWeight:600,color:E.tex"
bundles_pass2/_next__static__chunks__1536-064f08115df39c50.js,1,falcon,"ODE""}),(0,r.jsxs)(""span"",{style:{fontSize:10.5,color:E.textMuted},children:[""No per-tranche lifecycle for the "",_.contract.split("" "")[0],"" leg yet — this leg has no timestamped fill log to copy. Switch to a leg with a lifecycle, or check back once it's graded.""]})]})})(),(0,r.jsx)(rf.Sl,{endpoint:""/falcon/contract_flow"",contract:_.contract.split("" \xb7 "")[0],expiryIso:C.expiryIso,since:C.ago,t:E,skin:rS,side:C.side,scrubTime:ee,onScrub:et}),(0,r.jsxs)(""div"",{className:""mx-5 mt-5"",children:[(0,r.jsxs)(""div"",{className:""mb-1 flex flex-wrap items-center justify-between gap-y-1"",children:[(0,r.jsxs)(""sp"
bundles_pass2/_next__static__chunks__1536-064f08115df39c50.js,1,falcon,"0"")}catch(e){}},[R]);let W=null!=I?I:""v2"",P=""v3""===W,D=""legacy""===W?""legacy"":""v3""===W?R?""v3_degen"":""v3"":""v1""===W?R?""degen"":""normal"":R?""v2_degen"":""v2"",{isAdmin:L}=(0,ec.$)(),q=function(e){let[t,n]=(0,a.useState)([]);return(0,a.useEffect)(()=>{let t,r=!0,a=async()=>{let l=!1;try{let t=await fetch(e?""/falcon/days?strategy="".concat(e):""/falcon/days"",{cache:""no-store""}),a=await t.json();r&&Array.isArray(null==a?void 0:a.days)&&a.days.length>0&&(n(a.days),l=!0)}catch(e){}r&&(t=setTimeout(a,l?3e5:15e3))};return a(),()=>{r=!1,clearTimeout(t)}},[e]),t}(D),[O,B]=(0,a.useState)(!1),G=function(e,t){let[n,r]=(0,"
bundles_pass2/_next__static__chunks__1536-064f08115df39c50.js,1,falcon,"I:""v2"",P=""v3""===W,D=""legacy""===W?""legacy"":""v3""===W?R?""v3_degen"":""v3"":""v1""===W?R?""degen"":""normal"":R?""v2_degen"":""v2"",{isAdmin:L}=(0,ec.$)(),q=function(e){let[t,n]=(0,a.useState)([]);return(0,a.useEffect)(()=>{let t,r=!0,a=async()=>{let l=!1;try{let t=await fetch(e?""/falcon/days?strategy="".concat(e):""/falcon/days"",{cache:""no-store""}),a=await t.json();r&&Array.isArray(null==a?void 0:a.days)&&a.days.length>0&&(n(a.days),l=!0)}catch(e){}r&&(t=setTimeout(a,l?3e5:15e3))};return a(),()=>{r=!1,clearTimeout(t)}},[e]),t}(D),[O,B]=(0,a.useState)(!1),G=function(e,t){let[n,r]=(0,a.useState)({});return(0,a.useEffec"
bundles_pass2/_next__static__chunks__1536-064f08115df39c50.js,1,falcon,"&(n(a.days),l=!0)}catch(e){}r&&(t=setTimeout(a,l?3e5:15e3))};return a(),()=>{r=!1,clearTimeout(t)}},[e]),t}(D),[O,B]=(0,a.useState)(!1),G=function(e,t){let[n,r]=(0,a.useState)({});return(0,a.useEffect)(()=>{if(!t)return;let n=!0;return(async()=>{try{let t=e?""?strategy="".concat(e):"""",a=await fetch(""/falcon/day-summaries"".concat(t),{cache:""no-store""}),l=await a.json();n&&(null==l?void 0:l.summaries)&&r(l.summaries)}catch(e){}})(),()=>{n=!1}},[e,t]),n}(D,O),V=function(){let e=arguments.length>0&&void 0!==arguments[0]?arguments[0]:5e3,t=arguments.length>1?arguments[1]:void 0,n=arguments.length>2?argumen"
bundles_pass2/_next__static__chunks__1536-064f08115df39c50.js,1,falcon,"guments.length>2?arguments[2]:void 0,[r,l]=(0,a.useState)({status:""loading"",setups:[]}),o=(0,a.useRef)(()=>{});return(0,a.useEffect)(()=>{let r=!0;l({status:""loading"",setups:[]});let a=async()=>{try{let e=[t?""day="".concat(t):"""",n?""strategy="".concat(n):""""].filter(Boolean).join(""&""),a=await fetch(e?""/falcon/setups?"".concat(e):""/falcon/setups"",{cache:""no-store""}),o=await a.json(),s=Array.isArray(null==o?void 0:o.setups)?o.setups:[];r&&l(e=>{var n;return!t&&0===s.length&&(null==o?void 0:o.live)!==!0&&e.setups.length>0?e:{status:null!=(n=null==o?void 0:o.status)?n:""unavailable"",experimental:null==o?void "
bundles_pass2/_next__static__chunks__1536-064f08115df39c50.js,1,falcon,"]:void 0,[r,l]=(0,a.useState)({status:""loading"",setups:[]}),o=(0,a.useRef)(()=>{});return(0,a.useEffect)(()=>{let r=!0;l({status:""loading"",setups:[]});let a=async()=>{try{let e=[t?""day="".concat(t):"""",n?""strategy="".concat(n):""""].filter(Boolean).join(""&""),a=await fetch(e?""/falcon/setups?"".concat(e):""/falcon/setups"",{cache:""no-store""}),o=await a.json(),s=Array.isArray(null==o?void 0:o.setups)?o.setups:[];r&&l(e=>{var n;return!t&&0===s.length&&(null==o?void 0:o.live)!==!0&&e.setups.length>0?e:{status:null!=(n=null==o?void 0:o.status)?n:""unavailable"",experimental:null==o?void 0:o.experimental,generated_a"
bundles_pass2/_next__static__chunks__1536-064f08115df39c50.js,1,falcon,"ll==o?void 0:o.summary,playbook:null==o?void 0:o.playbook,radar:null==o?void 0:o.radar,orb:null==o?void 0:o.orb,setups:s}})}catch(e){r&&l(e=>e.setups.length>0?e:{status:""unavailable"",setups:[]})}};o.current=a,a();let s=setInterval(a,t?6e4:e);return()=>{r=!1,clearInterval(s)}},[e,t,n]),(0,rg.l)(e=>{""falcon""===e.agent&&o.current()},{enabled:!t}),r}(5e3,E,D),H=a.useMemo(()=>{var e;return(null!=(e=V.setups)?e:[]).map(r_).sort((e,t)=>(t.ago||"""").localeCompare(e.ago||"""")).filter(e=>{var t;return!e.episodeId||(null!=(t=e.tranche)?t:1)<=1})},[V.setups]),K=""ok""===V.status&&H.length>0,U=""legacy""!==I,Y=K&&!!E&"
bundles_pass2/_next__static__chunks__1536-064f08115df39c50.js,1,falcon,"isArray(n.lifecycle)&&n.lifecycle.length?n.lifecycle:void 0,sizingModel:""equal""}}),el=(0,rf.ZZ)(ea),eo=X?""Today"":rA(V.date),es=function(){let e=arguments.length>0&&void 0!==arguments[0]?arguments[0]:8e3,[t,n]=(0,a.useState)([]);return(0,a.useEffect)(()=>{let t=!0,r=async()=>{try{let e=await fetch(""/falcon/feed"",{cache:""no-store""}),r=await e.json();t&&n(Array.isArray(null==r?void 0:r.orders)?r.orders:[])}catch(e){}};r();let a=setInterval(r,e);return()=>{t=!1,clearInterval(a)}},[e]),t}(),ei=(null!=es?es:[]).map((e,t)=>{let n=e.premium>=1e6?""$"".concat((e.premium/1e6).toFixed(1),""M""):""$"".concat(Math.rou"
bundles_pass2/_next__static__chunks__1536-064f08115df39c50.js,1,flowseeker,"]),t}(),ei=(null!=es?es:[]).map((e,t)=>{let n=e.premium>=1e6?""$"".concat((e.premium/1e6).toFixed(1),""M""):""$"".concat(Math.round(e.premium/1e3),""K""),a=""C""===e.right?""C"":""P"",l=""whale""===e.tier,o=e.expiration?"""".concat(e.expiration.slice(5,7),""/"").concat(e.expiration.slice(8,10)):"""";return{key:-1-t,src:""flowseeker"",time:e.time||"""",msg:(0,r.jsxs)(r.Fragment,{children:[(0,r.jsx)(""b"",{children:n}),"" "",""C""===a?""call"":""put"","" sweep \xb7"","" "",(0,r.jsxs)(""button"",{type:""button"",onClick:()=>e.expiration&&v(e),disabled:!e.expiration,className:""cursor-pointer border-none bg-transparent p-0"",title:""Drill into this cont"
bundles_pass2/_next__static__chunks__1536-064f08115df39c50.js,1,falcon,""" \xb7 "",null!=e.rank&&e.rank<=10?""#"".concat(e.rank,"" sweep today""):""top "".concat(e.top_pct,""% of today’s sweeps"")]})]})}}),ed=function(){let e=arguments.length>0&&void 0!==arguments[0]?arguments[0]:1e4,[t,n]=(0,a.useState)([]);return(0,a.useEffect)(()=>{let t=!0,r=async()=>{try{let e=await fetch(""/falcon/commentary"",{cache:""no-store""}),r=await e.json();t&&n(Array.isArray(null==r?void 0:r.commentary)?r.commentary:[])}catch(e){}};r();let a=setInterval(r,e);return()=>{t=!1,clearInterval(a)}},[e]),t}(),eu=[...(null!=ed?ed:[]).map((e,t)=>({key:-1e3-t,src:[""atlas"",""heatseeker"",""flowseeker""].includes(e.sr"
bundles_pass2/_next__static__chunks__1536-064f08115df39c50.js,1,heatseeker,"sync()=>{try{let e=await fetch(""/falcon/commentary"",{cache:""no-store""}),r=await e.json();t&&n(Array.isArray(null==r?void 0:r.commentary)?r.commentary:[])}catch(e){}};r();let a=setInterval(r,e);return()=>{t=!1,clearInterval(a)}},[e]),t}(),eu=[...(null!=ed?ed:[]).map((e,t)=>({key:-1e3-t,src:[""atlas"",""heatseeker"",""flowseeker""].includes(e.src)?e.src:""atlas"",time:e.time||"""",msg:(0,r.jsxs)(r.Fragment,{children:[e.magnet?""\uD83E\uDDF2 "":"""",e.msg]})})),...ei].sort((e,t)=>(t.time||"""").localeCompare(e.time||""""));(0,a.useEffect)(()=>{let e,t=[],n=e=>A(t=>[{key:_.current++,...e},...t].slice(0,8));rM.forEach((e,r)=>"
bundles_pass2/_next__static__chunks__1536-064f08115df39c50.js,1,flowseeker,"let e=await fetch(""/falcon/commentary"",{cache:""no-store""}),r=await e.json();t&&n(Array.isArray(null==r?void 0:r.commentary)?r.commentary:[])}catch(e){}};r();let a=setInterval(r,e);return()=>{t=!1,clearInterval(a)}},[e]),t}(),eu=[...(null!=ed?ed:[]).map((e,t)=>({key:-1e3-t,src:[""atlas"",""heatseeker"",""flowseeker""].includes(e.src)?e.src:""atlas"",time:e.time||"""",msg:(0,r.jsxs)(r.Fragment,{children:[e.magnet?""\uD83E\uDDF2 "":"""",e.msg]})})),...ei].sort((e,t)=>(t.time||"""").localeCompare(e.time||""""));(0,a.useEffect)(()=>{let e,t=[],n=e=>A(t=>[{key:_.current++,...e},...t].slice(0,8));rM.forEach((e,r)=>t.push(setTim"
bundles_pass2/_next__static__chunks__1536-064f08115df39c50.js,1,Falcon,"contain""},onError:e=>{e.currentTarget.style.display=""none""}})}),(0,r.jsxs)(""span"",{title:""Trinity: SPXW \xb7 SPY \xb7 QQQ"",className:""whitespace-nowrap"",style:{fontSize:11,letterSpacing:""0.04em"",color:rN,cursor:""default""},children:[(0,r.jsx)(""b"",{style:{color:u.textPrimary,fontWeight:600},children:""Falcon""}),"" \xb7 Watching""]}),L&&(0,r.jsx)(rf.O8,{agent:""falcon"",skin:rS,t:u}),(0,r.jsx)(""span"",{className:""flex h-3 items-end gap-0.5"",children:[0,1,2,3,4].map(e=>(0,r.jsx)(""span"",{style:{width:2.5,borderRadius:2,background:rN,height:4,animation:""talonEq 1s ease-in-out "".concat(.16*e,""s infinite"")}},e))}"
bundles_pass2/_next__static__chunks__1536-064f08115df39c50.js,1,falcon,"""}})}),(0,r.jsxs)(""span"",{title:""Trinity: SPXW \xb7 SPY \xb7 QQQ"",className:""whitespace-nowrap"",style:{fontSize:11,letterSpacing:""0.04em"",color:rN,cursor:""default""},children:[(0,r.jsx)(""b"",{style:{color:u.textPrimary,fontWeight:600},children:""Falcon""}),"" \xb7 Watching""]}),L&&(0,r.jsx)(rf.O8,{agent:""falcon"",skin:rS,t:u}),(0,r.jsx)(""span"",{className:""flex h-3 items-end gap-0.5"",children:[0,1,2,3,4].map(e=>(0,r.jsx)(""span"",{style:{width:2.5,borderRadius:2,background:rN,height:4,animation:""talonEq 1s ease-in-out "".concat(.16*e,""s infinite"")}},e))}),(0,r.jsxs)(""span"",{className:""ml-auto flex flex-wrap it"
bundles_pass2/_next__static__chunks__1536-064f08115df39c50.js,1,Falcon,"gth>0&&(0,r.jsx)(rf.P_,{label:""DATE"",value:E,valueLabel:E?rA(E):void 0,options:er,onOpen:()=>B(!0),menuWidth:224,onChange:e=>M(e),clearLabel:I?""LATEST / LIVE"":""TODAY \xb7 LIVE"",skin:rS,t:u})]})]})]}),(0,r.jsx)(rf.T7,{teaser:""Intraday 0DTE index-options reversal sniper (SPX \xb7 SPY \xb7 QQQ)"",what:""Falcon snipes intraday reversals in 0DTE index options across the S&P and Nasdaq — the same setup priced in SPX, SPY and QQQ. It fades exhaustion into a gamma floor or ceiling and rides a managed exit; every card is one signal, not a version you have to configure."",how:""Set your balance and risk% once in "
bundles_pass2/_next__static__chunks__1536-064f08115df39c50.js,1,Falcon,"asdaq — the same setup priced in SPX, SPY and QQQ. It fades exhaustion into a gamma floor or ceiling and rides a managed exit; every card is one signal, not a version you have to configure."",how:""Set your balance and risk% once in Aegis — it sizes every entry into contracts and dollars on the card. Falcon scales in equal-weight: a probe plus adds at the triggers shown in the plan, with the running average updating on each fill. Copy the timestamped events in Copilot Mode to follow the managed exit."",t:u,skin:rS}),(0,r.jsxs)(""div"",{className:""flex min-h-0 flex-1 flex-col gap-1.5 overflow-y-auto md:ov"
bundles_pass2/_next__static__chunks__1536-064f08115df39c50.js,1,Falcon,"""none"",overscrollBehaviorX:""none""},children:[0===Z.length&&(0,r.jsx)(""div"",{className:""flex w-full items-center justify-center py-6"",style:{fontSize:11,letterSpacing:""0.08em"",color:u.textMuted},children:""loading""===V.status?E?""Loading "".concat(E).concat(U?"" \xb7 Conservative"":"""",""…""):""Connecting to Falcon…"":E?H.length>0?""No graded "".concat(k,"" leg on "").concat(rA(E),"" — try SPY / SPX / QQQ.""):P?""No "".concat(R?""tradeable OTM "":"""",""sweep + reclaim on "").concat(rA(E),"".""):""No stored "".concat(U?""Conservative "":"""",""session for "").concat(E,"".""):H.length>0?""No graded "".concat(k,"" leg this session — this si"
bundles_pass2/_next__static__chunks__1536-064f08115df39c50.js,1,Falcon,"Q).""):X?P?""Watching — no sweep + reclaim has fired yet today."":U?""Watching — no reversal signal yet today."":""Watching — no setups have fired yet today."":""ok""===V.status?""No "".concat(P?""sweep + reclaim"":U?""reversal signal"":""setup"","" on "").concat(rA(V.date)).concat(R?"" (OTM)"":"""","".""):""Reconnecting to Falcon — live setups will appear here.""}),Z.map(e=>(0,r.jsx)(rq,{s:e,pk:N(e),fa:e.flowArrival?e.flowArrival[k]:e.flowArrival,t:u,onOpen:()=>b(e),isConservative:U},e.id))]}),(0,r.jsx)(rf.uy,{target:C,skin:rS}),rk.G.TRADE_LIFECYCLE_COPY&&el&&el.legCount>0&&(0,r.jsx)(""div"",{className:""px-0.5 pb-1"",children:("
bundles_pass2/_next__static__chunks__1536-064f08115df39c50.js,1,armed,":en(et.best_max)})]}),(0,r.jsxs)(""span"",{children:[""avg max "",(0,r.jsx)(""b"",{style:{color:u.textSecondary},children:en(et.avg_max)})]}),et.monsters>0&&(0,r.jsxs)(""span"",{style:{color:""var(--tv2-accent)"",fontWeight:700},children:[et.monsters,""\xd7 500%+ \uD83D\uDD25""]}),!U&&(()=>{let e=Z.map(e=>N(e).armed).filter(e=>!!e),t=e.map(e=>e.spread_pct).filter(e=>null!=e),n=e.filter(e=>e.skipped_entry).length;if(!t.length&&!n)return null;let a=t.filter(e=>e>0).length,l=t.length?t.reduce((e,t)=>e+t,0)/t.length:0;return(0,r.jsxs)(""span"",{title:""armed policy (sv:5): dip-or-skip entries at real quotes — win% an"
bundles_pass2/_next__static__chunks__1536-064f08115df39c50.js,1,armed,",""\xd7 500%+ \uD83D\uDD25""]}),!U&&(()=>{let e=Z.map(e=>N(e).armed).filter(e=>!!e),t=e.map(e=>e.spread_pct).filter(e=>null!=e),n=e.filter(e=>e.skipped_entry).length;if(!t.length&&!n)return null;let a=t.filter(e=>e>0).length,l=t.length?t.reduce((e,t)=>e+t,0)/t.length:0;return(0,r.jsxs)(""span"",{title:""armed policy (sv:5): dip-or-skip entries at real quotes — win% and avg over trades actually taken; skips never deployed capital"",children:[""armed: "",(0,r.jsx)(""b"",{style:{color:u.textSecondary},children:t.length?"""".concat(Math.round(100*a/t.length),""% win \xb7 "").concat(l>=0?""+"":"""").concat(Math.round(l),"
bundles_pass2/_next__static__chunks__1536-064f08115df39c50.js,1,armed,"e.skipped_entry).length;if(!t.length&&!n)return null;let a=t.filter(e=>e>0).length,l=t.length?t.reduce((e,t)=>e+t,0)/t.length:0;return(0,r.jsxs)(""span"",{title:""armed policy (sv:5): dip-or-skip entries at real quotes — win% and avg over trades actually taken; skips never deployed capital"",children:[""armed: "",(0,r.jsx)(""b"",{style:{color:u.textSecondary},children:t.length?"""".concat(Math.round(100*a/t.length),""% win \xb7 "").concat(l>=0?""+"":"""").concat(Math.round(l),""%""):""—""}),n>0&&(0,r.jsxs)(""span"",{style:{color:u.textMuted},children:["" \xb7 "",n,"" skipped""]})]})})()]}),X&&!U&&V.playbook&&(0,r.jsxs)(""div"
bundles_pass2/_next__static__chunks__1536-064f08115df39c50.js,1,armed,"""div"",{className:""flex flex-wrap items-center gap-x-3 gap-y-1 px-0.5 pt-1"",style:{fontSize:10.5,fontFamily:""Inter, ui-sans-serif, system-ui, sans-serif"",color:u.textMuted,fontVariantNumeric:""tabular-nums""},children:[(0,r.jsx)(""span"",{style:{fontWeight:600,color:""watching""===V.orb.state?u.textMuted:""armed""===V.orb.state?rN:""var(--tv2-bull)""},children:""watching""===V.orb.state?""○ WATCHING \xb7 opening range forming"":""armed""===V.orb.state?""● ARMED \xb7 stalking a breakout"":""✓ IN TRADE""}),null!=V.orb.hi&&(0,r.jsxs)(""span"",{children:[""range "",(0,r.jsxs)(""b"",{style:{color:u.textSecondary},children:[null=="
bundles_pass2/_next__static__chunks__1536-064f08115df39c50.js,1,armed,"sans-serif, system-ui, sans-serif"",color:u.textMuted,fontVariantNumeric:""tabular-nums""},children:[(0,r.jsx)(""span"",{style:{fontWeight:600,color:""watching""===V.orb.state?u.textMuted:""armed""===V.orb.state?rN:""var(--tv2-bull)""},children:""watching""===V.orb.state?""○ WATCHING \xb7 opening range forming"":""armed""===V.orb.state?""● ARMED \xb7 stalking a breakout"":""✓ IN TRADE""}),null!=V.orb.hi&&(0,r.jsxs)(""span"",{children:[""range "",(0,r.jsxs)(""b"",{style:{color:u.textSecondary},children:[null==(n=V.orb.lo)?void 0:n.toFixed(2),""–"",null==(o=V.orb.hi)?void 0:o.toFixed(2)]})]}),""armed""===V.orb.state&&null!=V.orb.d"
bundles_pass2/_next__static__chunks__1536-064f08115df39c50.js,1,ARMED,"ans-serif"",color:u.textMuted,fontVariantNumeric:""tabular-nums""},children:[(0,r.jsx)(""span"",{style:{fontWeight:600,color:""watching""===V.orb.state?u.textMuted:""armed""===V.orb.state?rN:""var(--tv2-bull)""},children:""watching""===V.orb.state?""○ WATCHING \xb7 opening range forming"":""armed""===V.orb.state?""● ARMED \xb7 stalking a breakout"":""✓ IN TRADE""}),null!=V.orb.hi&&(0,r.jsxs)(""span"",{children:[""range "",(0,r.jsxs)(""b"",{style:{color:u.textSecondary},children:[null==(n=V.orb.lo)?void 0:n.toFixed(2),""–"",null==(o=V.orb.hi)?void 0:o.toFixed(2)]})]}),""armed""===V.orb.state&&null!=V.orb.dist_hi&&(0,r.jsxs)(""span"
bundles_pass2/_next__static__chunks__1536-064f08115df39c50.js,1,armed," \xb7 opening range forming"":""armed""===V.orb.state?""● ARMED \xb7 stalking a breakout"":""✓ IN TRADE""}),null!=V.orb.hi&&(0,r.jsxs)(""span"",{children:[""range "",(0,r.jsxs)(""b"",{style:{color:u.textSecondary},children:[null==(n=V.orb.lo)?void 0:n.toFixed(2),""–"",null==(o=V.orb.hi)?void 0:o.toFixed(2)]})]}),""armed""===V.orb.state&&null!=V.orb.dist_hi&&(0,r.jsxs)(""span"",{children:[V.orb.dist_hi.toFixed(2),"" to upper trigger \xb7 "",null==(s=V.orb.dist_lo)?void 0:s.toFixed(2),"" to lower""]}),null!=V.orb.last&&(0,r.jsxs)(""span"",{children:[""last "",(0,r.jsx)(""b"",{style:{color:u.textPrimary},children:V.orb.last.toFix"
bundles_pass2/_next__static__chunks__1536-064f08115df39c50.js,1,falcon,"rb.dist_hi.toFixed(2),"" to upper trigger \xb7 "",null==(s=V.orb.dist_lo)?void 0:s.toFixed(2),"" to lower""]}),null!=V.orb.last&&(0,r.jsxs)(""span"",{children:[""last "",(0,r.jsx)(""b"",{style:{color:u.textPrimary},children:V.orb.last.toFixed(2)})]})]}),j&&(0,r.jsxs)(r.Fragment,{children:[(0,r.jsx)(rj,{src:""/falcon/stats?strategy="".concat(D),mode:""options"",accent:""var(--tv2-accent)"",ink:""var(--tv2-ink)"",bull:""var(--tv2-bull)"",bear:""var(--tv2-bear)"",t:u}),(0,r.jsx)(ry,{src:""/falcon/plcurve?strategy="".concat(D),mode:""options"",accent:""var(--tv2-accent)"",ink:""var(--tv2-ink)"",bull:""var(--tv2-bull)"",bear:""var(--tv2"
bundles_pass2/_next__static__chunks__1536-064f08115df39c50.js,1,falcon,"x)(""b"",{style:{color:u.textPrimary},children:V.orb.last.toFixed(2)})]})]}),j&&(0,r.jsxs)(r.Fragment,{children:[(0,r.jsx)(rj,{src:""/falcon/stats?strategy="".concat(D),mode:""options"",accent:""var(--tv2-accent)"",ink:""var(--tv2-ink)"",bull:""var(--tv2-bull)"",bear:""var(--tv2-bear)"",t:u}),(0,r.jsx)(ry,{src:""/falcon/plcurve?strategy="".concat(D),mode:""options"",accent:""var(--tv2-accent)"",ink:""var(--tv2-ink)"",bull:""var(--tv2-bull)"",bear:""var(--tv2-bear)"",t:u}),(0,r.jsx)(""div"",{className:""mt-2.5"",children:ep(""Live agent stream"",eu.length?""Atlas \xb7 Heatseeker \xb7 Flowseeker"":void 0)}),(0,r.jsx)(""div"",{className:"
bundles_pass2/_next__static__chunks__1536-064f08115df39c50.js,1,Heatseeker,"v2-bull)"",bear:""var(--tv2-bear)"",t:u}),(0,r.jsx)(ry,{src:""/falcon/plcurve?strategy="".concat(D),mode:""options"",accent:""var(--tv2-accent)"",ink:""var(--tv2-ink)"",bull:""var(--tv2-bull)"",bear:""var(--tv2-bear)"",t:u}),(0,r.jsx)(""div"",{className:""mt-2.5"",children:ep(""Live agent stream"",eu.length?""Atlas \xb7 Heatseeker \xb7 Flowseeker"":void 0)}),(0,r.jsx)(""div"",{className:""talon-noscroll flex min-h-0 flex-1 flex-col overflow-y-auto"",style:{overflowAnchor:""none"",scrollbarWidth:""none""},children:(eu.length?eu:T).map(e=>(0,r.jsxs)(""div"",{className:""flex gap-2.5 py-2"",style:{borderBottom:""1px solid rgba(var(--tv2-ink)"
bundles_pass2/_next__static__chunks__1536-064f08115df39c50.js,1,Flowseeker,"var(--tv2-bear)"",t:u}),(0,r.jsx)(ry,{src:""/falcon/plcurve?strategy="".concat(D),mode:""options"",accent:""var(--tv2-accent)"",ink:""var(--tv2-ink)"",bull:""var(--tv2-bull)"",bear:""var(--tv2-bear)"",t:u}),(0,r.jsx)(""div"",{className:""mt-2.5"",children:ep(""Live agent stream"",eu.length?""Atlas \xb7 Heatseeker \xb7 Flowseeker"":void 0)}),(0,r.jsx)(""div"",{className:""talon-noscroll flex min-h-0 flex-1 flex-col overflow-y-auto"",style:{overflowAnchor:""none"",scrollbarWidth:""none""},children:(eu.length?eu:T).map(e=>(0,r.jsxs)(""div"",{className:""flex gap-2.5 py-2"",style:{borderBottom:""1px solid rgba(var(--tv2-ink),0.05)"",animatio"
bundles_pass2/_next__static__chunks__1536-064f08115df39c50.js,1,/api/,"current=t;let c=(0,a.useCallback)(async()=>{if(s.current){r.current&&(r.current.close(),r.current=null);try{let e,t=await (0,e$.ML)(n);if(t)e=""ticket="".concat(encodeURIComponent(t));else{let t=await n();if(!t)return;e=""token="".concat(encodeURIComponent(t))}if(!s.current)return;let a="""".concat(eY(),""/api/glitch/stream?"").concat(e),d=new EventSource(a);r.current=d,d.onopen=()=>{l.current=0},d.addEventListener(""glitch_message"",e=>{try{let t=JSON.parse(e.data);i.current(t)}catch(e){}}),d.onerror=()=>{if(d.close(),r.current===d&&(r.current=null),!s.current)return;l.current+=1;let e=Math.min(1e3*2**l.cur"
bundles_pass2/_next__static__chunks__1536-064f08115df39c50.js,1,EventSource,"c()=>{if(s.current){r.current&&(r.current.close(),r.current=null);try{let e,t=await (0,e$.ML)(n);if(t)e=""ticket="".concat(encodeURIComponent(t));else{let t=await n();if(!t)return;e=""token="".concat(encodeURIComponent(t))}if(!s.current)return;let a="""".concat(eY(),""/api/glitch/stream?"").concat(e),d=new EventSource(a);r.current=d,d.onopen=()=>{l.current=0},d.addEventListener(""glitch_message"",e=>{try{let t=JSON.parse(e.data);i.current(t)}catch(e){}}),d.onerror=()=>{if(d.close(),r.current===d&&(r.current=null),!s.current)return;l.current+=1;let e=Math.min(1e3*2**l.current,3e4);o.current=setTimeout(c,e)}}catch(e"
bundles_pass2/_next__static__chunks__1536-064f08115df39c50.js,1,ARMED,"midas/feed"");if(!e.ok)return;let r=await e.json();t&&r&&Array.isArray(r.orders)&&n(r.orders)}catch(e){}};r();let a=setInterval(r,e);return()=>{t=!1,clearInterval(a)}},[e]),t}let ai=(0,rf.mr)(""mds""),ac=""var(--mds-accent)"",ad=""rgba(var(--mds-accent-rgb),0.5)"",au={WATCHLIST:""rgba(var(--mds-ink),0.55)"",ARMED:""#ddd6fe"",TRIGGERED:""var(--mds-bull)"",T1_TAG:""var(--mds-bull)"",T2_TAG:""var(--mds-accent)"",T3_TAG:""var(--mds-accent)"",INVALIDATED:""var(--mds-bear)""},ap={WATCHLIST:""Qualified at the morning scan — waiting for price to reach the entry zone. No position yet, so no P/L."",ARMED:""Price tagged the entry zo"
bundles_pass2/_next__static__chunks__1536-064f08115df39c50.js,1,ARMED,"rgba(var(--mds-ink),0.55)"",ARMED:""#ddd6fe"",TRIGGERED:""var(--mds-bull)"",T1_TAG:""var(--mds-bull)"",T2_TAG:""var(--mds-accent)"",T3_TAG:""var(--mds-accent)"",INVALIDATED:""var(--mds-bear)""},ap={WATCHLIST:""Qualified at the morning scan — waiting for price to reach the entry zone. No position yet, so no P/L."",ARMED:""Price tagged the entry zone — one close back above the floor from execution."",TRIGGERED:""Executed: the deflection confirmed. Entry premium is frozen at this minute’s print and P/L tracking starts."",T1_TAG:""Short-term GEX target touched (the front-column ceiling). Position keeps riding."",T2_TAG:""VE"
bundles_pass2/_next__static__chunks__1536-064f08115df39c50.js,1,ARMED,"n ab(e){return e.slice(5).replace(""-"",""/"")}let ay=e=>""equity""===e||""conservative""===e?""normal"":e;function av(e){var t,n,a,l,o,s,i,c,d,u,p,m,g,h,x,f,b;let{s:y,mode:v,t:k,onOpen:w,showDate:j=!1}=e,S=""TRIGGERED""===y.state||""T1_TAG""===y.state||""T2_TAG""===y.state,N=(0,rf.G7)(y.symbol,S),T=![""WATCHLIST"",""ARMED""].includes(y.state),A=null!=(d=null==(t=y.contracts)?void 0:t[ay(v)])?d:y.contract,C=null==(n=(Array.isArray(y.state_history)?y.state_history:[]).find(e=>![""WATCHLIST"",""ARMED""].includes(e.state)))?void 0:n.at,_=null!=(u=null==A||null==(l=A.prem_series)||null==(a=l[0])?void 0:a[0])?u:C,E=(0,rf.XF)("""
bundles_pass2/_next__static__chunks__1536-064f08115df39c50.js,1,ARMED,":w,showDate:j=!1}=e,S=""TRIGGERED""===y.state||""T1_TAG""===y.state||""T2_TAG""===y.state,N=(0,rf.G7)(y.symbol,S),T=![""WATCHLIST"",""ARMED""].includes(y.state),A=null!=(d=null==(t=y.contracts)?void 0:t[ay(v)])?d:y.contract,C=null==(n=(Array.isArray(y.state_history)?y.state_history:[]).find(e=>![""WATCHLIST"",""ARMED""].includes(e.state)))?void 0:n.at,_=null!=(u=null==A||null==(l=A.prem_series)||null==(a=l[0])?void 0:a[0])?u:C,E=(0,rf.XF)(""/falcon/contract_flow"",A?"""".concat(y.symbol,"" "").concat(A.strike).concat(A.right):void 0,null==A?void 0:A.expiration,(null!=C?C:"""".concat(y.day,"" 09:30"")).slice(11,16)||""09:30"
bundles_pass2/_next__static__chunks__1536-064f08115df39c50.js,1,falcon,"].includes(y.state),A=null!=(d=null==(t=y.contracts)?void 0:t[ay(v)])?d:y.contract,C=null==(n=(Array.isArray(y.state_history)?y.state_history:[]).find(e=>![""WATCHLIST"",""ARMED""].includes(e.state)))?void 0:n.at,_=null!=(u=null==A||null==(l=A.prem_series)||null==(a=l[0])?void 0:a[0])?u:C,E=(0,rf.XF)(""/falcon/contract_flow"",A?"""".concat(y.symbol,"" "").concat(A.strike).concat(A.right):void 0,null==A?void 0:A.expiration,(null!=C?C:"""".concat(y.day,"" 09:30"")).slice(11,16)||""09:30"",(null!=C?C:"""".concat(y.day,"" 09:30"")).slice(0,10),""LONG"",7,T),M=null!=(m=null!=(p=null==(o=y.contracts)?void 0:o[ay(v)])?p:y.contr"
bundles_pass2/_next__static__chunks__1536-064f08115df39c50.js,1,ARMED," \xb7 "".concat(ax(y.setup_class),"" \xb7 "").concat(F),y.backfilled?(0,r.jsx)(""span"",{style:{opacity:.75},children:"" \xb7 seeded""}):null]})]})]})}function ak(e){var t,n,a,l,o;let{s,t:i}=e,c=null!=(l=s.state_history)?l:[],d=e=>{var t;return null==(t=c.find(t=>t.state===e))?void 0:t.at},u=[""WATCHLIST"",""ARMED"",""TRIGGERED"",""T1_TAG"",""T2_TAG"",""T3_TAG""].indexOf(s.state),p=s.last_px,m=null!=p?(p-s.zone_hi)/s.zone_hi*100:null,g=[{ok:!0,label:""GEX floor qualified"",detail:"""".concat(s.floor,"" \xb7 pok "").concat(s.floor_pok.toFixed(2),"" \xb7 "").concat(""node-flip""===s.setup_class?""dominant node at spot"":""front col"
bundles_pass2/_next__static__chunks__1536-064f08115df39c50.js,1,ARMED,":e,at:""scan""})),{ok:u>=1,watching:0===u,label:""Price into the entry zone"",detail:"""".concat(s.floor.toFixed(2),""–"").concat(s.zone_hi.toFixed(2)).concat(0===u&&null!=m?"" \xb7 last "".concat(p.toFixed(2),"" ("").concat(m>=0?""+"":"""").concat(m.toFixed(1),""% "").concat(m>=0?""above"":""below"","" zone)""):""""),at:d(""ARMED"")},{ok:u>=2,watching:1===u,label:""Deflection print — the execution"",detail:""1-min close back above "".concat(s.floor,"" with the low holding""),at:d(""TRIGGERED"")},{ok:u>=3,watching:2===u,label:""T1 \xb7 GEX target"",detail:"""".concat(s.t1),at:d(""T1_TAG"")},...null!=s.t2?[{ok:u>=4,watching:3===u,label:""T2 "
bundles_pass2/_next__static__chunks__1536-064f08115df39c50.js,1,ARMED,"useEffect)(()=>{let e=setTimeout(()=>M(!0),220);return()=>clearTimeout(e)},[]);let{quote:I}=(0,ar.U)(N.symbol,!0),z=null!=(p=null!=(u=null==I?void 0:I.price)?u:N.last_px)?p:N.spot,R=(null==I?void 0:I.price)!=null?""live"":null!=N.last_px?""now"":""spot @ scan"",[F,W]=(0,a.useState)(null),P=![""WATCHLIST"",""ARMED""].includes(N.state),D=null==(t=(Array.isArray(N.state_history)?N.state_history:[]).find(e=>![""WATCHLIST"",""ARMED""].includes(e.state)))?void 0:t.at,L=null!=(m=N.entry_px)?m:(N.floor+N.zone_hi)/2,q=null!=(h=null!=(g=null==(n=N.contracts)?void 0:n[_])?g:N.contract)?h:void 0,O=P&&(null==q?void 0:q.curre"
bundles_pass2/_next__static__chunks__1536-064f08115df39c50.js,1,ARMED,"),z=null!=(p=null!=(u=null==I?void 0:I.price)?u:N.last_px)?p:N.spot,R=(null==I?void 0:I.price)!=null?""live"":null!=N.last_px?""now"":""spot @ scan"",[F,W]=(0,a.useState)(null),P=![""WATCHLIST"",""ARMED""].includes(N.state),D=null==(t=(Array.isArray(N.state_history)?N.state_history:[]).find(e=>![""WATCHLIST"",""ARMED""].includes(e.state)))?void 0:t.at,L=null!=(m=N.entry_px)?m:(N.floor+N.zone_hi)/2,q=null!=(h=null!=(g=null==(n=N.contracts)?void 0:n[_])?g:N.contract)?h:void 0,O=P&&(null==q?void 0:q.current_return)!=null?q.current_return:null,B=null!=(x=null==q||null==(o=q.prem_series)||null==(l=o[0])?void 0:l[0])?"
bundles_pass2/_next__static__chunks__1536-064f08115df39c50.js,1,falcon,"Contract tape \xb7 per-minute median""}),(0,r.jsx)(rf.go,{series:q.prem_series,entry:q.entry_prem,peakTime:q.peak_time,t:A,skin:ai,formatTick:e=>(0,rf.uY)(e),scrubTime:F,onScrub:W}),(0,r.jsx)(""div"",{className:""mt-2.5"",children:(0,r.jsx)(ag,{c:q,t:A})})]}),""equity""!==T&&q&&(0,r.jsx)(rf.Sl,{endpoint:""/falcon/contract_flow"",contract:"""".concat(N.symbol,"" "").concat(q.strike).concat(q.right),expiryIso:q.expiration,entryDate:(null!=B?B:"""".concat(N.day,"" 09:30"")).slice(0,10),since:(null!=B?B:"""".concat(N.day,"" 09:30"")).slice(11,16)||""09:30"",side:""LONG"",horizon:7,t:A,skin:ai,scrubTime:F,onScrub:W}),(0,r.jsxs)("
bundles_pass2/_next__static__chunks__1536-064f08115df39c50.js,1,ARMED,"d""===k,en=!!k&&!ee&&!et&&(null==I?void 0:I.day)===k,er=!k&&(null==I?void 0:I.live)===!0,ea=!k&&!!I&&!1===I.live,el=(()=>{var e;let t=(null!=(e=null==I?void 0:I.setups)?e:[]).filter(e=>{var t;return!!K||(null!=(t=e.tier)?t:""book"")!==""radar""});if(!t.length)return null;let n=t.filter(e=>![""WATCHLIST"",""ARMED""].includes(e.state)),r=n.map(e=>{var t,n,r,a;return""equity""===j?null==(t=e.equity)?void 0:t.return_pct:null==(n=null!=(a=null==(r=e.contracts)?void 0:r[ay(j)])?a:e.contract)?void 0:n.max_return}).filter(e=>null!=e);return{setups:t.length,fires:n.length,t1:t.filter(e=>[""T1_TAG"",""T2_TAG"",""T3_TAG""].in"
bundles_pass2/_next__static__chunks__1536-064f08115df39c50.js,1,ARMED,"olor:K?""var(--mds-accent)"":h.textMuted,background:K?""rgba(var(--mds-accent-rgb),0.14)"":""rgba(var(--mds-ink),0.05)"",border:""1px solid "".concat(K?""rgba(var(--mds-accent-rgb),0.4)"":""rgba(var(--mds-ink),0.08)"")},children:[""RADAR \xb7 "",Y]}),(0,r.jsx)(rf.UJ,{label:""STATUS"",values:T,options:[""WATCHLIST"",""ARMED"",""TRIGGERED"",""T1_TAG"",""T2_TAG"",""T3_TAG""].map(e=>({value:e,label:e.replace(""_"","" "").toLowerCase()})),onChange:e=>A(e),t:h,skin:ai}),(0,r.jsx)(""span"",{children:""swing \xb7 2–10d""})]})),(0,r.jsxs)(""div"",{ref:C,className:""talon-noscroll -mx-0.5 flex shrink-0 gap-2.5 overflow-x-auto pb-1.5"",style:{scrol"
bundles_pass2/_next__static__chunks__1536-064f08115df39c50.js,1,Flowseeker,"nk)"",bull:""var(--mds-bull)"",bear:""var(--mds-bear)"",t:h}),(0,r.jsx)(ry,{src:""/midas/plcurve"",mode:""equity""===j?""equity"":""options"",accent:ac,ink:""var(--mds-ink)"",bull:""var(--mds-bull)"",bear:""var(--mds-bear)"",t:h}),(0,r.jsx)(""div"",{className:""mt-2.5"",children:ei(""Midas stream"",Z.length?""Lifecycle \xb7 Flowseeker whales"":z.length?""Boards \xb7 Breadth \xb7 Lifecycle"":void 0)}),(0,r.jsxs)(""div"",{className:""talon-noscroll flex min-h-0 flex-1 flex-col overflow-y-auto"",style:{overflowAnchor:""none"",scrollbarWidth:""none""},children:[Z.map((e,t)=>(0,r.jsxs)(""div"",{className:""flex gap-2.5 py-2"",style:{borderBottom:""1"
bundles_pass2/_next__static__chunks__1536-064f08115df39c50.js,1,flowseeker,"),0.05)"",animation:""talonFin .45s ease""},children:[(0,r.jsx)(""span"",{className:""grid flex-none place-items-center overflow-hidden rounded-[7px]"",style:{width:27,height:27,background:""rgba(var(--mds-ink),0.04)"",border:""1px solid rgba(var(--mds-ink),0.05)""},children:(0,r.jsx)(""img"",{src:""/agent-logos/flowseeker.png"",alt:"""",style:{width:21,height:21,objectFit:""contain""},onError:e=>{e.currentTarget.style.display=""none""}})}),(0,r.jsxs)(""div"",{className:""min-w-0 flex-1"",children:[(0,r.jsxs)(""div"",{className:""flex items-baseline gap-1.5"",children:[(0,r.jsx)(""span"",{style:{fontSize:12,fontWeight:500,color:h.tex"
bundles_pass2/_next__static__chunks__1536-064f08115df39c50.js,1,Flowseeker,"width:21,height:21,objectFit:""contain""},onError:e=>{e.currentTarget.style.display=""none""}})}),(0,r.jsxs)(""div"",{className:""min-w-0 flex-1"",children:[(0,r.jsxs)(""div"",{className:""flex items-baseline gap-1.5"",children:[(0,r.jsx)(""span"",{style:{fontSize:12,fontWeight:500,color:h.textPrimary},children:""Flowseeker""}),(0,r.jsx)(""span"",{className:""rounded px-1"",style:{fontSize:8.5,fontWeight:700,letterSpacing:""0.06em"",color:ac,border:""1px solid rgba(var(--mds-accent-rgb),0.3)""},children:e.tier.toUpperCase()}),(0,r.jsx)(""span"",{className:""ml-auto"",style:{fontSize:9,color:h.textMuted,fontFamily:""var(--font-mono,"
bundles_pass2/_next__static__chunks__1536-064f08115df39c50.js,1,ARMED,"ee?""ACTIVE BOOK"":k?""HISTORY \xb7 "".concat(k):er?""LIVE"":""REPLAY \xb7 "".concat(null!=(g=null==I?void 0:I.day)?g:"""")]}),S&&(0,r.jsx)(aw,{s:S,mode:j,t:h,onClose:()=>N(null)})]})}let aS=(0,rf.mr)(""prg""),aN=""var(--prg-accent)"",aT=""rgba(var(--prg-accent-rgb),0.5)"",aA={WATCHLIST:""rgba(var(--prg-ink),0.55)"",ARMED:""#ddd6fe"",TRIGGERED:""var(--prg-bull)"",T1_TAG:""var(--prg-bull)"",T2_TAG:""var(--prg-accent)"",T3_TAG:""var(--prg-accent)"",INVALIDATED:""var(--prg-bear)""},aC={WATCHLIST:""Qualified at the morning scan — waiting for price to reach the entry zone. No position yet, so no P/L."",ARMED:""Price tagged the entry zo"
bundles_pass2/_next__static__chunks__1536-064f08115df39c50.js,1,ARMED,"rgba(var(--prg-ink),0.55)"",ARMED:""#ddd6fe"",TRIGGERED:""var(--prg-bull)"",T1_TAG:""var(--prg-bull)"",T2_TAG:""var(--prg-accent)"",T3_TAG:""var(--prg-accent)"",INVALIDATED:""var(--prg-bear)""},aC={WATCHLIST:""Qualified at the morning scan — waiting for price to reach the entry zone. No position yet, so no P/L."",ARMED:""Price tagged the entry zone — one close back above the floor from execution."",TRIGGERED:""Executed: the deflection confirmed. Entry premium is frozen at this minute’s print and P/L tracking starts."",T1_TAG:""Short-term GEX target touched (the front-column ceiling). Position keeps riding."",T2_TAG:""VE"
bundles_pass2/_next__static__chunks__1536-064f08115df39c50.js,1,ARMED,"ate().toISOString().slice(0,10);return!!(e&&e<t)}let aW=e=>""equity""===e||""conservative""===e?""normal"":e;function aP(e){var t,n,a,l,o,s,i,c,d,u,p,m,g,h,x,f,b,y,v,k,w;let{s:j,mode:S,t:N,onOpen:T}=e,A=""TRIGGERED""===j.state||""T1_TAG""===j.state||""T2_TAG""===j.state,C=(0,rf.G7)(j.symbol,A),_=![""WATCHLIST"",""ARMED""].includes(j.state),E=null!=(u=null==(t=j.contracts)?void 0:t[aW(S)])?u:j.contract,M=null==(n=(Array.isArray(j.state_history)?j.state_history:[]).find(e=>![""WATCHLIST"",""ARMED""].includes(e.state)))?void 0:n.at,I=null!=(p=null==E||null==(l=E.prem_series)||null==(a=l[0])?void 0:a[0])?p:M,z=(0,rf.XF)("""
bundles_pass2/_next__static__chunks__1536-064f08115df39c50.js,1,ARMED,"e:S,t:N,onOpen:T}=e,A=""TRIGGERED""===j.state||""T1_TAG""===j.state||""T2_TAG""===j.state,C=(0,rf.G7)(j.symbol,A),_=![""WATCHLIST"",""ARMED""].includes(j.state),E=null!=(u=null==(t=j.contracts)?void 0:t[aW(S)])?u:j.contract,M=null==(n=(Array.isArray(j.state_history)?j.state_history:[]).find(e=>![""WATCHLIST"",""ARMED""].includes(e.state)))?void 0:n.at,I=null!=(p=null==E||null==(l=E.prem_series)||null==(a=l[0])?void 0:a[0])?p:M,z=(0,rf.XF)(""/falcon/contract_flow"",E?"""".concat(j.symbol,"" "").concat(E.strike).concat(E.right):void 0,null==E?void 0:E.expiration,(null!=M?M:"""".concat(j.day,"" 09:30"")).slice(11,16)||""09:30"
bundles_pass2/_next__static__chunks__1536-064f08115df39c50.js,1,falcon,"].includes(j.state),E=null!=(u=null==(t=j.contracts)?void 0:t[aW(S)])?u:j.contract,M=null==(n=(Array.isArray(j.state_history)?j.state_history:[]).find(e=>![""WATCHLIST"",""ARMED""].includes(e.state)))?void 0:n.at,I=null!=(p=null==E||null==(l=E.prem_series)||null==(a=l[0])?void 0:a[0])?p:M,z=(0,rf.XF)(""/falcon/contract_flow"",E?"""".concat(j.symbol,"" "").concat(E.strike).concat(E.right):void 0,null==E?void 0:E.expiration,(null!=M?M:"""".concat(j.day,"" 09:30"")).slice(11,16)||""09:30"",(null!=M?M:"""".concat(j.day,"" 09:30"")).slice(0,10),""LONG"",7,_),R=null!=(g=null!=(m=null==(o=j.contracts)?void 0:o[aW(S)])?m:j.contr"
bundles_pass2/_next__static__chunks__1536-064f08115df39c50.js,1,ARMED,"xb7 "").concat(_&&I?(0,rf.uY)(I):j.day),j.backfilled?(0,r.jsx)(""span"",{style:{opacity:.75},children:"" \xb7 seeded""}):null]})]})]})}function aD(e){var t,n,a,l,o,s,i,c,d,u,p;let{s:m,t:g}=e,h=null!=(o=m.state_history)?o:[],x=e=>{var t;return null==(t=h.find(t=>t.state===e))?void 0:t.at},f=[""WATCHLIST"",""ARMED"",""TRIGGERED"",""T1_TAG"",""T2_TAG"",""T3_TAG""].indexOf(m.state),b=m.last_px,y=function(e){let t=arguments.length>1&&void 0!==arguments[1]?arguments[1]:2;return null==e?""—"":e.toFixed(t)},v=null!=b&&m.zone_hi?(b-m.zone_hi)/m.zone_hi*100:null,k=null!=(s=null==(t=m.breadth)?void 0:t.companions_ok)?s:[],w=[{o"
bundles_pass2/_next__static__chunks__1536-064f08115df39c50.js,1,ARMED,"abel:""Confluence"",detail:e,at:""scan""})),{ok:f>=1,watching:0===f,label:""Price into the entry zone"",detail:"""".concat(y(m.floor),""–"").concat(y(m.zone_hi)).concat(0===f&&null!=v?"" \xb7 last "".concat(y(b),"" ("").concat(v>=0?""+"":"""").concat(v.toFixed(1),""% "").concat(v>=0?""above"":""below"","" zone)""):""""),at:x(""ARMED"")},{ok:f>=2,watching:1===f,label:""Deflection print — the execution"",detail:""1-min close back above "".concat(null!=(u=m.floor)?u:""the floor"","" with the low holding""),at:x(""TRIGGERED"")},{ok:f>=3,watching:2===f,label:""T1 \xb7 GEX target"",detail:"""".concat(null!=(p=m.t1)?p:""—""),at:x(""T1_TAG"")},...null!="
bundles_pass2/_next__static__chunks__1536-064f08115df39c50.js,1,ARMED,"useEffect)(()=>{let e=setTimeout(()=>V(!0),220);return()=>clearTimeout(e)},[]);let{quote:H}=(0,ar.U)(D.symbol,!0),K=null!=(x=null!=(h=null==H?void 0:H.price)?h:D.last_px)?x:D.spot,U=(null==H?void 0:H.price)!=null?""live"":null!=D.last_px?""now"":""spot @ scan"",[Y,X]=(0,a.useState)(null),Q=![""WATCHLIST"",""ARMED""].includes(D.state),$=null==(t=(Array.isArray(D.state_history)?D.state_history:[]).find(e=>![""WATCHLIST"",""ARMED""].includes(e.state)))?void 0:t.at,J=null!=(f=D.entry_px)?f:(D.floor+D.zone_hi)/2,Z=Q&&null!=K?(K-J)/J*100:null,ee=null!=(y=null!=(b=null==(n=D.contracts)?void 0:n[B])?b:D.contract)?y:void"
bundles_pass2/_next__static__chunks__1536-064f08115df39c50.js,1,ARMED,"),K=null!=(x=null!=(h=null==H?void 0:H.price)?h:D.last_px)?x:D.spot,U=(null==H?void 0:H.price)!=null?""live"":null!=D.last_px?""now"":""spot @ scan"",[Y,X]=(0,a.useState)(null),Q=![""WATCHLIST"",""ARMED""].includes(D.state),$=null==(t=(Array.isArray(D.state_history)?D.state_history:[]).find(e=>![""WATCHLIST"",""ARMED""].includes(e.state)))?void 0:t.at,J=null!=(f=D.entry_px)?f:(D.floor+D.zone_hi)/2,Z=Q&&null!=K?(K-J)/J*100:null,ee=null!=(y=null!=(b=null==(n=D.contracts)?void 0:n[B])?b:D.contract)?y:void 0,et=aF(null==ee?void 0:ee.expiration),en=null!=(v=null==ee||null==(o=ee.prem_series)||null==(l=o[0])?void 0:l["
bundles_pass2/_next__static__chunks__1536-064f08115df39c50.js,1,falcon,"act tape \xb7 per-minute median""}),(0,r.jsx)(rf.go,{series:ee.prem_series,entry:ee.entry_prem,peakTime:ee.peak_time,t:q,skin:aS,formatTick:e=>(0,rf.uY)(e),scrubTime:Y,onScrub:X}),(0,r.jsx)(""div"",{className:""mt-2.5"",children:(0,r.jsx)(aE,{c:ee,t:q})})]}),""equity""!==L&&ee&&(0,r.jsx)(rf.Sl,{endpoint:""/falcon/contract_flow"",contract:"""".concat(D.symbol,"" "").concat(ee.strike).concat(ee.right),expiryIso:ee.expiration,entryDate:(null!=en?en:"""".concat(D.day,"" 09:30"")).slice(0,10),since:(null!=en?en:"""".concat(D.day,"" 09:30"")).slice(11,16)||""09:30"",side:""LONG"",horizon:0,t:q,skin:aS,scrubTime:Y,onScrub:X}),(0,r"
bundles_pass2/_next__static__chunks__1536-064f08115df39c50.js,1,ARMED,"_closed""===k,ed=!!k&&!es&&!ei&&(null==D?void 0:D.day)===k,eu=!k&&(null==D?void 0:D.live)===!0,ep=!k&&!!D&&!1===D.live,em=(()=>{var e;let t=(null!=(e=null==D?void 0:D.setups)?e:[]).filter(e=>{var t;return(null!=(t=e.tier)?t:""book"")===""book""});if(!t.length)return null;let n=t.filter(e=>![""WATCHLIST"",""ARMED""].includes(e.state)),r=n.map(e=>{var t,n,r,a;if(""equity""===N)return null==(t=e.equity)?void 0:t.return_pct;let l=null!=(a=null==(n=e.contracts)?void 0:n.normal)?a:e.contract;return""aggressive""===N?null==l||null==(r=l.playbook)?void 0:r.return_pct:null==l?void 0:l.max_return}).filter(e=>null!=e);ret"
bundles_pass2/_next__static__chunks__1536-064f08115df39c50.js,1,ARMED,"round(Math.max(...r)):null,avg_max:r.length?Math.round(r.reduce((e,t)=>e+t,0)/r.length):null,avg_fine:r.length?r.reduce((e,t)=>e+t,0)/r.length:null}})(),eg=""equity""===N?[]:(null!=(g=null==D?void 0:D.setups)?g:[]).filter(e=>{var t;return(null!=(t=e.tier)?t:""book"")===""book""}).filter(e=>![""WATCHLIST"",""ARMED""].includes(e.state)).map(e=>{var t,n,r,a,l,o;let s=null!=(r=null==(t=e.contracts)?void 0:t[aW(N)])?r:e.contract,i=null!=(a=null==s?void 0:s.managed_return)?a:""aggressive""===N?null==s||null==(n=s.playbook)?void 0:n.return_pct:null;return{entryPrem:null!=(o=null!=(l=null==s?void 0:s.entry_prem)?l:nul"
bundles_pass2/_next__static__chunks__1536-064f08115df39c50.js,1,ARMED,"-CA"",{timeZone:""America/New_York"",year:""numeric"",month:""2-digit"",day:""2-digit""}).format(new Date),a=[...P].sort().reverse().filter(e=>e!==n).map(e=>{let t,n=L["""".concat(null!=W?W:"""",""|"").concat(e)],a=n?function(e,t){let n=e.filter(e=>{var t;return(null!=(t=e.tier)?t:""book"")===""book""&&![""WATCHLIST"",""ARMED""].includes(e.state)}).map(e=>(function(e,t){var n,r,a,l,o,s,i;if(""equity""===t)return null!=(l=null==(n=e.equity)?void 0:n.return_pct)?l:null;let c=null!=(o=null==(r=e.contracts)?void 0:r[aW(t)])?o:e.contract;return null!=(i=null==c?void 0:c.managed_return)?i:""aggressive""===t&&null!=(s=null==c||null"
bundles_pass2/_next__static__chunks__1536-064f08115df39c50.js,1,Falcon,"...a],onChange:e=>w(e),onOpen:()=>S(!0),menuWidth:224,clearLabel:l,skin:aS,t:h})})()]})]}),(0,r.jsx)(rf.T7,{teaser:""Single-name 0DTE options — same-day expiry, equal-weight scale-in"",what:""Peregrine trades 0DTE options on individual names, same-day expiry, in the same equal-weight scale-in style as Falcon. It only fires in the intraday-volatility regimes where the edge holds — the regime gate stands down when conditions turn to slow grind."",how:""Set your balance and risk% once in Aegis — it sizes every entry into contracts and dollars on the card. Peregrine scales in equal-weight: a probe plus adds "
bundles_pass2/_next__static__chunks__1536-064f08115df39c50.js,1,ARMED,"lor:Z?""var(--prg-accent)"":h.textMuted,background:Z?""rgba(var(--prg-accent-rgb),0.14)"":""rgba(var(--prg-ink),0.05)"",border:""1px solid "".concat(Z?""rgba(var(--prg-accent-rgb),0.4)"":""rgba(var(--prg-ink),0.08)"")},children:[""RADAR \xb7 "",et]}),(0,r.jsx)(rf.UJ,{label:""STATUS"",values:M,options:[""WATCHLIST"",""ARMED"",""TRIGGERED"",""T1_TAG"",""T2_TAG"",""T3_TAG""].map(e=>({value:e,label:e.replace(""_"","" "").toLowerCase()})),onChange:e=>I(e),t:h,skin:aS})]}),(0,r.jsx)(""span"",{children:""0DTE \xb7 drift days""})]})),(0,r.jsxs)(""div"",{ref:z,className:""talon-noscroll -mx-0.5 flex shrink-0 gap-2.5 overflow-x-auto pb-1.5"",style"
bundles_pass2/_next__static__chunks__1536-064f08115df39c50.js,1,Falcon,"red session for "".concat(k,"".""):""__book""===k?""No open swing trades in the book."":""__closed""===k?""No realized trades yet."":M.size>0&&(null!=(p=null==D?void 0:D.setups.length)?p:0)>0?""No setups match the status filter."":eu&&(null==D?void 0:D.regime)===""post_decline""?""Standing down — post-decline day (Falcon's regime). Peregrine hunts drift days."":eu?""Watching — no 0DTE setups have qualified yet today."":""Reconnecting to Peregrine — setups will appear here."":""Connecting to Peregrine…""}),ea.map(e=>(0,r.jsx)(aP,{s:e,mode:N,t:h,onOpen:()=>E(e)},"""".concat(e.day,""_"").concat(e.symbol))),el>0&&(0,r.jsxs)(""butt"
bundles_pass2/_next__static__chunks__1536-064f08115df39c50.js,1,Flowseeker,"ear:""var(--prg-bear)"",t:h}),(0,r.jsx)(ry,{src:""/peregrine/plcurve?strategy="".concat(W),mode:""equity""===N?""equity"":""options"",accent:aN,ink:""var(--prg-ink)"",bull:""var(--prg-bull)"",bear:""var(--prg-bear)"",t:h}),(0,r.jsx)(""div"",{className:""mt-2.5"",children:ey(""Peregrine stream"",eo.length?""Lifecycle \xb7 Flowseeker whales"":q.length?""Boards \xb7 Breadth \xb7 Lifecycle"":void 0)}),(0,r.jsxs)(""div"",{className:""talon-noscroll flex min-h-0 flex-1 flex-col overflow-y-auto"",style:{overflowAnchor:""none"",scrollbarWidth:""none""},children:[eo.map((e,t)=>(0,r.jsxs)(""div"",{className:""flex gap-2.5 py-2"",style:{borderBottom:"""
bundles_pass2/_next__static__chunks__1536-064f08115df39c50.js,1,flowseeker,"),0.05)"",animation:""talonFin .45s ease""},children:[(0,r.jsx)(""span"",{className:""grid flex-none place-items-center overflow-hidden rounded-[7px]"",style:{width:27,height:27,background:""rgba(var(--prg-ink),0.04)"",border:""1px solid rgba(var(--prg-ink),0.05)""},children:(0,r.jsx)(""img"",{src:""/agent-logos/flowseeker.png"",alt:"""",style:{width:21,height:21,objectFit:""contain""},onError:e=>{e.currentTarget.style.display=""none""}})}),(0,r.jsxs)(""div"",{className:""min-w-0 flex-1"",children:[(0,r.jsxs)(""div"",{className:""flex items-baseline gap-1.5"",children:[(0,r.jsx)(""span"",{style:{fontSize:12,fontWeight:500,color:h.tex"
bundles_pass2/_next__static__chunks__1536-064f08115df39c50.js,1,Flowseeker,"width:21,height:21,objectFit:""contain""},onError:e=>{e.currentTarget.style.display=""none""}})}),(0,r.jsxs)(""div"",{className:""min-w-0 flex-1"",children:[(0,r.jsxs)(""div"",{className:""flex items-baseline gap-1.5"",children:[(0,r.jsx)(""span"",{style:{fontSize:12,fontWeight:500,color:h.textPrimary},children:""Flowseeker""}),(0,r.jsx)(""span"",{className:""rounded px-1"",style:{fontSize:8.5,fontWeight:700,letterSpacing:""0.06em"",color:aN,border:""1px solid rgba(var(--prg-accent-rgb),0.3)""},children:e.tier.toUpperCase()}),(0,r.jsx)(""span"",{className:""ml-auto"",style:{fontSize:9,color:h.textMuted,fontFamily:""var(--font-mono,"
bundles_pass2/_next__static__chunks__1536-064f08115df39c50.js,1,falcon,"Pathname)(),ep=(0,_.x9)(null!=eu?eu:""/""),em=null!=(n=aG[ep])?n:ep,{requestBrief:eg}=(0,td.n)(),eh=n3(null!=eu?eu:""/""),ex=!!eh.pageType,ef=(0,t0.r)(e=>e.ticker),eb=(null==(t=null!=(l=eh.focusedTicker)?l:ef)?void 0:t.trim())||void 0,ey=rZ(k,c),ev=u&&!!h,ek=(null!=p?p:u)&&!!h&&G,ew=""talon""===v&&!ev||(""falcon""===v||""midas""===v||""peregrine""===v||""prophet""===v)&&!ek||""glitch""===v&&!m||""live-stages""===v&&!g,ej=ev?""talon"":""glitch"",eS=ew||""prophet""===v?ej:v;if((0,a.useEffect)(()=>{""talon""===eS&&B(!0),""live-stages""===eS&&H(!0)},[eS]),(0,a.useEffect)(()=>{let e=e=>{e.ctrlKey&&!e.metaKey&&""`""===e.key&&(e.preven"
bundles_pass2/_next__static__chunks__1536-064f08115df39c50.js,1,falcon,"M(""talon""),className:""cursor-pointer rounded-lg px-3 py-1"",style:{...aV,border:""none"",color:""talon""===eS?""#93c5fd"":ey.chipText,background:""talon""===eS?""rgba(147, 197, 253, 0.14)"":""transparent""},children:""⌖ Talon""}),ek&&(0,r.jsxs)(r.Fragment,{children:[(0,r.jsx)(""button"",{role:""tab"",""aria-selected"":""falcon""===eS,onClick:()=>M(""falcon""),className:""cursor-pointer rounded-lg px-3 py-1"",style:{...aV,border:""none"",color:""falcon""===eS?""#fbbf24"":ey.chipText,background:""falcon""===eS?""rgba(251, 191, 36, 0.14)"":""transparent""},children:""⌰ Falcon""}),(0,r.jsx)(""button"",{role:""tab"",""aria-selected"":""midas""===eS,onC"
bundles_pass2/_next__static__chunks__1536-064f08115df39c50.js,1,falcon,"-pointer rounded-lg px-3 py-1"",style:{...aV,border:""none"",color:""talon""===eS?""#93c5fd"":ey.chipText,background:""talon""===eS?""rgba(147, 197, 253, 0.14)"":""transparent""},children:""⌖ Talon""}),ek&&(0,r.jsxs)(r.Fragment,{children:[(0,r.jsx)(""button"",{role:""tab"",""aria-selected"":""falcon""===eS,onClick:()=>M(""falcon""),className:""cursor-pointer rounded-lg px-3 py-1"",style:{...aV,border:""none"",color:""falcon""===eS?""#fbbf24"":ey.chipText,background:""falcon""===eS?""rgba(251, 191, 36, 0.14)"":""transparent""},children:""⌰ Falcon""}),(0,r.jsx)(""button"",{role:""tab"",""aria-selected"":""midas""===eS,onClick:()=>M(""midas""),classNam"
bundles_pass2/_next__static__chunks__1536-064f08115df39c50.js,1,falcon,"hipText,background:""talon""===eS?""rgba(147, 197, 253, 0.14)"":""transparent""},children:""⌖ Talon""}),ek&&(0,r.jsxs)(r.Fragment,{children:[(0,r.jsx)(""button"",{role:""tab"",""aria-selected"":""falcon""===eS,onClick:()=>M(""falcon""),className:""cursor-pointer rounded-lg px-3 py-1"",style:{...aV,border:""none"",color:""falcon""===eS?""#fbbf24"":ey.chipText,background:""falcon""===eS?""rgba(251, 191, 36, 0.14)"":""transparent""},children:""⌰ Falcon""}),(0,r.jsx)(""button"",{role:""tab"",""aria-selected"":""midas""===eS,onClick:()=>M(""midas""),className:""cursor-pointer rounded-lg px-3 py-1"",style:{...aV,border:""none"",color:""midas""===eS?""#c4b"
bundles_pass2/_next__static__chunks__1536-064f08115df39c50.js,1,falcon," 253, 0.14)"":""transparent""},children:""⌖ Talon""}),ek&&(0,r.jsxs)(r.Fragment,{children:[(0,r.jsx)(""button"",{role:""tab"",""aria-selected"":""falcon""===eS,onClick:()=>M(""falcon""),className:""cursor-pointer rounded-lg px-3 py-1"",style:{...aV,border:""none"",color:""falcon""===eS?""#fbbf24"":ey.chipText,background:""falcon""===eS?""rgba(251, 191, 36, 0.14)"":""transparent""},children:""⌰ Falcon""}),(0,r.jsx)(""button"",{role:""tab"",""aria-selected"":""midas""===eS,onClick:()=>M(""midas""),className:""cursor-pointer rounded-lg px-3 py-1"",style:{...aV,border:""none"",color:""midas""===eS?""#c4b5fd"":ey.chipText,background:""midas""===eS?""rgba("
bundles_pass2/_next__static__chunks__1536-064f08115df39c50.js,1,Falcon,"ragment,{children:[(0,r.jsx)(""button"",{role:""tab"",""aria-selected"":""falcon""===eS,onClick:()=>M(""falcon""),className:""cursor-pointer rounded-lg px-3 py-1"",style:{...aV,border:""none"",color:""falcon""===eS?""#fbbf24"":ey.chipText,background:""falcon""===eS?""rgba(251, 191, 36, 0.14)"":""transparent""},children:""⌰ Falcon""}),(0,r.jsx)(""button"",{role:""tab"",""aria-selected"":""midas""===eS,onClick:()=>M(""midas""),className:""cursor-pointer rounded-lg px-3 py-1"",style:{...aV,border:""none"",color:""midas""===eS?""#c4b5fd"":ey.chipText,background:""midas""===eS?""rgba(196, 181, 253, 0.14)"":""transparent""},children:""◈ Midas""}),(0,r.jsx)"
bundles_pass2/_next__static__chunks__1536-064f08115df39c50.js,1,falcon,"tMuted},children:""Reset panel""}),(0,r.jsx)(""button"",{role:""menuitem"",onClick:()=>{I(!0),D(!1),E()},className:""w-full cursor-pointer rounded-lg border-none bg-transparent px-3 py-1.5 text-left"",style:{fontSize:""11px"",color:ey.textMuted},children:u?""Hide bubble for now"":""Hide bubble""})]})]})]}),ek&&(""falcon""===eS||""midas""===eS||""peregrine""===eS)&&(0,r.jsx)(aK,{t:ey,isMobile:d}),(0,r.jsxs)(""div"",{className:""min-h-0 flex-1"",children:[m&&(0,r.jsx)(""div"",{className:""h-full"",style:{display:""glitch""===eS?void 0:""none""},children:(0,r.jsx)(at,{isDark:c,variant:k,currentSymbol:eb,boostContrast:eL})}),ev&&O&&h&"
bundles_pass2/_next__static__chunks__1536-064f08115df39c50.js,1,falcon,"k,currentSymbol:eb,boostContrast:eL})}),ev&&O&&h&&(0,r.jsx)(""div"",{className:""h-full"",style:{display:""talon""===eS?void 0:""none""},children:(0,r.jsx)(rm,{isDark:c,theme:h,isMobile:d,isMono:x,accentColor:f,embedded:!0,embeddedBackgroundOpacity:N,isActiveTab:""talon""===eS,onTalonAckDecline:E})}),ek&&h&&""falcon""===eS&&(0,r.jsx)(""div"",{className:""h-full"",children:(0,r.jsx)(rV,{theme:ey,isDark:c,isMono:x||""mono""===k,panelOpacity:N,panelBlur:T,appTheme:null!=h?h:void 0})}),ek&&h&&""peregrine""===eS&&(0,r.jsx)(""div"",{className:""h-full"",children:(0,r.jsx)(aq,{theme:ey,isDark:c,isMono:x||""mono""===k,panelBlur:T})}"
bundles_pass2/_next__static__chunks__1536-064f08115df39c50.js,1,heatseeker,")&&!T&&null!==(0,ex.O)(N),[E,M]=(0,a.useState)(()=>""true""===localStorage.getItem(""skylit-sidebar-collapsed"")),[I,z]=(0,a.useState)(()=>{{let e=localStorage.getItem(""skylit-sidebar-width"");if(null!==e){let t=Number(e);if(Number.isFinite(t)&&t>=150&&t<=300)return t}}return 210}),[R,F]=(0,a.useState)(""heatseeker""),[W,D]=(0,a.useState)(!1),[L,q]=(0,a.useState)(!1),[B,G]=(0,a.useState)(!1),{data:V,isLoading:H}=(0,aQ.lh)({enabled:!T&&!C}),K=(0,aQ.Sn)(),[U,Y]=(0,a.useState)(0),$=(0,a.useCallback)(e=>{Y(e)},[]),[J,Z]=(0,a.useState)(0),ee=(0,a.useCallback)(e=>{Z(e)},[]),et=U+J,[en,ea]=(0,a.useState)(!1),el=(0,a."
bundles_pass2/_next__static__chunks__1536-064f08115df39c50.js,1,flowseeker,":""DEVELOPER"",""admin-portal"":""ADMIN"",""admin-api-platform"":""API PLATFORM"",megaphone:""MEGAPHONE"",heatmaps:""HEATMAPS"",""skylit-charts"":""ATLAS"",alerts:""ALERTS"",trinity:""TRINITY"",settings:""SETTINGS"",compass:""COMPASS"",livefeed:""FLOW"",darkfeed:""DARK FEED"",scanner:""SCANNER"",lookup:""LOOKUP"",tracker:""TRACKER"",""flowseeker-settings"":""SETTINGS"",tradelab:""LAB"",plugins:""PLUGINS"",skills:""SKILLS"",dataplugins:""DATA"",automations:""AUTO"",""creator-studio"":""CREATOR"",""agent-terminal"":""TERMINAL"",trade:""TRADE"",""trinity-sniper"":""SNIPER"",""deep-research"":""RESEARCH"",leaderboard:""LEADERS"",profile:""PROFILE"",trades:""TRADES"",ideas:""IDEAS"""
bundles_pass2/_next__static__chunks__1536-064f08115df39c50.js,1,Heatseeker,"id "".concat(t.border)},onClick:e=>e.stopPropagation(),children:[(0,r.jsxs)(""div"",{className:""flex items-center justify-between p-6 border-b shrink-0"",style:{borderColor:t.border},children:[(0,r.jsx)(""h3"",{id:""keyboard-shortcuts-title"",className:""text-lg font-semibold"",style:{color:t.text},children:""Heatseeker Shortcuts""}),(0,r.jsx)(""button"",{onClick:n,className:""p-1 rounded"",style:{color:t.textMuted},""aria-label"":""Close"",children:(0,r.jsx)(o.A,{size:18})})]}),(0,r.jsxs)(""div"",{className:""p-6 space-y-5 overflow-y-auto min-h-0"",children:[(0,r.jsxs)(lx,{title:""General Navigation"",theme:t,children:[(0,r.jsx"
bundles_pass2/_next__static__chunks__1536-064f08115df39c50.js,1,HEATSEEKER,"ord-catalog"",label:""PRODUCTS""}]:[],{id:""developer"",label:""DEVELOPER"",requiredRole:""developer-access""},{id:""admin-portal"",label:""ADMIN PORTAL"",requiredRole:""admin""},{id:""admin-api-platform"",label:""API PLATFORM"",requiredRole:""admin""},{id:""megaphone"",label:""MEGAPHONE"",requiredRole:""admin""}]},{section:""HEATSEEKER"",items:[{id:""heatmaps"",label:""HEATMAPS"",requiredRole:""heatseeker""},{id:""skylit-charts"",label:""ATLAS"",requiredRole:""charts""},{id:""alerts"",label:""ALERTS"",requiredRole:""heatseeker""},{id:""trinity"",label:""TRINITY MODE"",requiredRole:""heatseeker""},{id:""settings"",label:""SETTINGS"",requiredRole:""admin""}]},{s"
bundles_pass2/_next__static__chunks__1536-064f08115df39c50.js,1,heatseeker,"ER"",requiredRole:""developer-access""},{id:""admin-portal"",label:""ADMIN PORTAL"",requiredRole:""admin""},{id:""admin-api-platform"",label:""API PLATFORM"",requiredRole:""admin""},{id:""megaphone"",label:""MEGAPHONE"",requiredRole:""admin""}]},{section:""HEATSEEKER"",items:[{id:""heatmaps"",label:""HEATMAPS"",requiredRole:""heatseeker""},{id:""skylit-charts"",label:""ATLAS"",requiredRole:""charts""},{id:""alerts"",label:""ALERTS"",requiredRole:""heatseeker""},{id:""trinity"",label:""TRINITY MODE"",requiredRole:""heatseeker""},{id:""settings"",label:""SETTINGS"",requiredRole:""admin""}]},{section:""AGENT HUB"",items:[{id:""trade"",label:""TRADE"",requiredRole:"
bundles_pass2/_next__static__chunks__1536-064f08115df39c50.js,1,heatseeker,"i-platform"",label:""API PLATFORM"",requiredRole:""admin""},{id:""megaphone"",label:""MEGAPHONE"",requiredRole:""admin""}]},{section:""HEATSEEKER"",items:[{id:""heatmaps"",label:""HEATMAPS"",requiredRole:""heatseeker""},{id:""skylit-charts"",label:""ATLAS"",requiredRole:""charts""},{id:""alerts"",label:""ALERTS"",requiredRole:""heatseeker""},{id:""trinity"",label:""TRINITY MODE"",requiredRole:""heatseeker""},{id:""settings"",label:""SETTINGS"",requiredRole:""admin""}]},{section:""AGENT HUB"",items:[{id:""trade"",label:""TRADE"",requiredRole:""admin""},{id:""trinity-sniper"",label:""TRINITY SNIPER"",requiredRole:""admin""},{id:""deep-research"",label:""RESEARCH"","
bundles_pass2/_next__static__chunks__1536-064f08115df39c50.js,1,heatseeker,"gaphone"",label:""MEGAPHONE"",requiredRole:""admin""}]},{section:""HEATSEEKER"",items:[{id:""heatmaps"",label:""HEATMAPS"",requiredRole:""heatseeker""},{id:""skylit-charts"",label:""ATLAS"",requiredRole:""charts""},{id:""alerts"",label:""ALERTS"",requiredRole:""heatseeker""},{id:""trinity"",label:""TRINITY MODE"",requiredRole:""heatseeker""},{id:""settings"",label:""SETTINGS"",requiredRole:""admin""}]},{section:""AGENT HUB"",items:[{id:""trade"",label:""TRADE"",requiredRole:""admin""},{id:""trinity-sniper"",label:""TRINITY SNIPER"",requiredRole:""admin""},{id:""deep-research"",label:""RESEARCH"",requiredRole:""admin""},{id:""talon-kb"",label:""TALON KB"",required"
bundles_pass2/_next__static__chunks__1536-064f08115df39c50.js,1,FLOWSEEKER,":""agent-terminal"",label:""AGENT TERMINAL"",requiredRole:""admin"",showInNav:!1},{id:""tradelab"",label:""TRADE LAB"",requiredRole:""admin"",showInNav:!1},{id:""plugins"",label:""PLUGINS"",requiredRole:""admin"",showInNav:!1},{id:""creator-studio"",label:""CREATOR STUDIO"",requiredRole:""admin"",showInNav:!1}]},{section:""FLOWSEEKER"",items:[{id:""livefeed"",label:""LIVE FEED""},{id:""darkfeed"",label:""DARK FEED""},{id:""scanner"",label:""FLOW SCANNER""},{id:""compass"",label:""FLOW COMPASS""},{id:""lookup"",label:""CONTRACT LOOKUP""},{id:""company-events"",label:""COMPANY EVENTS""},{id:""tracker"",label:""FLOW TRACKER""},{id:""flow-alerts"",label:""FLOW AL"
bundles_pass2/_next__static__chunks__1536-064f08115df39c50.js,1,flowseeker,":""livefeed"",label:""LIVE FEED""},{id:""darkfeed"",label:""DARK FEED""},{id:""scanner"",label:""FLOW SCANNER""},{id:""compass"",label:""FLOW COMPASS""},{id:""lookup"",label:""CONTRACT LOOKUP""},{id:""company-events"",label:""COMPANY EVENTS""},{id:""tracker"",label:""FLOW TRACKER""},{id:""flow-alerts"",label:""FLOW ALERTS""},{id:""flowseeker-settings"",label:""SETTINGS"",requiredRole:""flowseeker-settings""}]},{section:""NEXUS"",items:[{id:""leaderboard"",label:""LEADERBOARD""},{id:""profile"",label:""MY PROFILE""},{id:""trades"",label:""TRADES""},{id:""ideas"",label:""IDEAS""},{id:""newtrade"",label:""NEW TRADE""},{id:""nexus-settings"",label:""SETTINGS""},{id:""cop"
bundles_pass2/_next__static__chunks__1536-064f08115df39c50.js,1,flowseeker,"""DARK FEED""},{id:""scanner"",label:""FLOW SCANNER""},{id:""compass"",label:""FLOW COMPASS""},{id:""lookup"",label:""CONTRACT LOOKUP""},{id:""company-events"",label:""COMPANY EVENTS""},{id:""tracker"",label:""FLOW TRACKER""},{id:""flow-alerts"",label:""FLOW ALERTS""},{id:""flowseeker-settings"",label:""SETTINGS"",requiredRole:""flowseeker-settings""}]},{section:""NEXUS"",items:[{id:""leaderboard"",label:""LEADERBOARD""},{id:""profile"",label:""MY PROFILE""},{id:""trades"",label:""TRADES""},{id:""ideas"",label:""IDEAS""},{id:""newtrade"",label:""NEW TRADE""},{id:""nexus-settings"",label:""SETTINGS""},{id:""copy-trading"",label:""COPY TRADING"",requiredRole:""admin"""
bundles_pass2/_next__static__chunks__1536-064f08115df39c50.js,1,heatseeker,":s.A,label:""Catalog""}]:[],{id:""developer"",icon:i.A,label:""Developer"",requiredRole:""developer-access""},{id:""admin-portal"",icon:c.A,label:""Admin"",requiredRole:""admin""},{id:""admin-api-platform"",icon:c.A,label:""API"",requiredRole:""admin""},{id:""megaphone"",icon:d.A,label:""Megaphone"",requiredRole:""admin""}],heatseeker:[{id:""heatmaps"",icon:u.A,label:""Heatmaps"",requiredRole:""heatseeker""},{id:""skylit-charts"",icon:p.A,label:""Atlas"",requiredRole:""charts""},{id:""alerts"",icon:m.A,label:""Alerts"",requiredRole:""heatseeker""},{id:""trinity"",icon:g.A,label:""Trinity"",requiredRole:""heatseeker""},{id:""settings"",icon:h.A,label:""Set"
bundles_pass2/_next__static__chunks__1536-064f08115df39c50.js,1,heatseeker,""",requiredRole:""developer-access""},{id:""admin-portal"",icon:c.A,label:""Admin"",requiredRole:""admin""},{id:""admin-api-platform"",icon:c.A,label:""API"",requiredRole:""admin""},{id:""megaphone"",icon:d.A,label:""Megaphone"",requiredRole:""admin""}],heatseeker:[{id:""heatmaps"",icon:u.A,label:""Heatmaps"",requiredRole:""heatseeker""},{id:""skylit-charts"",icon:p.A,label:""Atlas"",requiredRole:""charts""},{id:""alerts"",icon:m.A,label:""Alerts"",requiredRole:""heatseeker""},{id:""trinity"",icon:g.A,label:""Trinity"",requiredRole:""heatseeker""},{id:""settings"",icon:h.A,label:""Settings"",requiredRole:""admin""}],flowseeker:[{id:""livefeed"",icon:x.A,l"
bundles_pass2/_next__static__chunks__1536-064f08115df39c50.js,1,heatseeker,".A,label:""API"",requiredRole:""admin""},{id:""megaphone"",icon:d.A,label:""Megaphone"",requiredRole:""admin""}],heatseeker:[{id:""heatmaps"",icon:u.A,label:""Heatmaps"",requiredRole:""heatseeker""},{id:""skylit-charts"",icon:p.A,label:""Atlas"",requiredRole:""charts""},{id:""alerts"",icon:m.A,label:""Alerts"",requiredRole:""heatseeker""},{id:""trinity"",icon:g.A,label:""Trinity"",requiredRole:""heatseeker""},{id:""settings"",icon:h.A,label:""Settings"",requiredRole:""admin""}],flowseeker:[{id:""livefeed"",icon:x.A,label:""Live Feed""},{id:""darkfeed"",icon:f.A,label:""Dark Feed""},{id:""scanner"",icon:b.A,label:""Flow""},{id:""compass"",icon:y.A,label:""Co"
bundles_pass2/_next__static__chunks__1536-064f08115df39c50.js,1,heatseeker,"l:""Megaphone"",requiredRole:""admin""}],heatseeker:[{id:""heatmaps"",icon:u.A,label:""Heatmaps"",requiredRole:""heatseeker""},{id:""skylit-charts"",icon:p.A,label:""Atlas"",requiredRole:""charts""},{id:""alerts"",icon:m.A,label:""Alerts"",requiredRole:""heatseeker""},{id:""trinity"",icon:g.A,label:""Trinity"",requiredRole:""heatseeker""},{id:""settings"",icon:h.A,label:""Settings"",requiredRole:""admin""}],flowseeker:[{id:""livefeed"",icon:x.A,label:""Live Feed""},{id:""darkfeed"",icon:f.A,label:""Dark Feed""},{id:""scanner"",icon:b.A,label:""Flow""},{id:""compass"",icon:y.A,label:""Compass""},{id:""lookup"",icon:v.A,label:""Lookup""},{id:""company-events"""
bundles_pass2/_next__static__chunks__1536-064f08115df39c50.js,1,flowseeker,"l:""Heatmaps"",requiredRole:""heatseeker""},{id:""skylit-charts"",icon:p.A,label:""Atlas"",requiredRole:""charts""},{id:""alerts"",icon:m.A,label:""Alerts"",requiredRole:""heatseeker""},{id:""trinity"",icon:g.A,label:""Trinity"",requiredRole:""heatseeker""},{id:""settings"",icon:h.A,label:""Settings"",requiredRole:""admin""}],flowseeker:[{id:""livefeed"",icon:x.A,label:""Live Feed""},{id:""darkfeed"",icon:f.A,label:""Dark Feed""},{id:""scanner"",icon:b.A,label:""Flow""},{id:""compass"",icon:y.A,label:""Compass""},{id:""lookup"",icon:v.A,label:""Lookup""},{id:""company-events"",icon:k.A,label:""Events""},{id:""tracker"",icon:w.A,label:""Tracker""},{id:""flow-a"
bundles_pass2/_next__static__chunks__1536-064f08115df39c50.js,1,flowseeker," Feed""},{id:""darkfeed"",icon:f.A,label:""Dark Feed""},{id:""scanner"",icon:b.A,label:""Flow""},{id:""compass"",icon:y.A,label:""Compass""},{id:""lookup"",icon:v.A,label:""Lookup""},{id:""company-events"",icon:k.A,label:""Events""},{id:""tracker"",icon:w.A,label:""Tracker""},{id:""flow-alerts"",icon:m.A,label:""Alerts""},{id:""flowseeker-settings"",icon:h.A,label:""Settings"",requiredRole:""flowseeker-settings""}],nexus:[{id:""leaderboard"",icon:j.A,label:""Leaders""},{id:""profile"",icon:S.A,label:""Profile""},{id:""trades"",icon:N.A,label:""Trades""},{id:""ideas"",icon:l.A,label:""Ideas""},{id:""nexus-settings"",icon:h.A,label:""Settings""},{id:""copy-tra"
bundles_pass2/_next__static__chunks__1536-064f08115df39c50.js,1,flowseeker,"er"",icon:b.A,label:""Flow""},{id:""compass"",icon:y.A,label:""Compass""},{id:""lookup"",icon:v.A,label:""Lookup""},{id:""company-events"",icon:k.A,label:""Events""},{id:""tracker"",icon:w.A,label:""Tracker""},{id:""flow-alerts"",icon:m.A,label:""Alerts""},{id:""flowseeker-settings"",icon:h.A,label:""Settings"",requiredRole:""flowseeker-settings""}],nexus:[{id:""leaderboard"",icon:j.A,label:""Leaders""},{id:""profile"",icon:S.A,label:""Profile""},{id:""trades"",icon:N.A,label:""Trades""},{id:""ideas"",icon:l.A,label:""Ideas""},{id:""nexus-settings"",icon:h.A,label:""Settings""},{id:""copy-trading"",icon:T.A,label:""Copy"",requiredRole:""admin""},{id:""nexus-"
bundles_pass2/_next__static__chunks__1536-064f08115df39c50.js,1,heatseeker,":i.A,label:""Terminal"",requiredRole:""admin"",showInNav:!1},{id:""tradelab"",icon:M.A,label:""Lab"",requiredRole:""admin"",showInNav:!1},{id:""plugins"",icon:I.A,label:""Plugins"",requiredRole:""admin"",showInNav:!1},{id:""creator-studio"",icon:z.A,label:""Creator"",requiredRole:""admin"",showInNav:!1}]},Y={home:""HOME"",heatseeker:""HEATSEEKER"",agents:""AGENT HUB"",flowseeker:""FLOWSEEKER"",nexus:""NEXUS""};r.A,u.A,x.A,S.A,M.A;let X={HOME:r.A,HEATSEEKER:u.A,""AGENT HUB"":M.A,FLOWSEEKER:x.A,NEXUS:S.A},Q={home:r.A,stages:a.A,portal:l.A,developer:i.A,""admin-portal"":c.A,""admin-api-platform"":c.A,megaphone:d.A,""talon-kb"":_.A,""talon-usage"":"
bundles_pass2/_next__static__chunks__1536-064f08115df39c50.js,1,HEATSEEKER,"Terminal"",requiredRole:""admin"",showInNav:!1},{id:""tradelab"",icon:M.A,label:""Lab"",requiredRole:""admin"",showInNav:!1},{id:""plugins"",icon:I.A,label:""Plugins"",requiredRole:""admin"",showInNav:!1},{id:""creator-studio"",icon:z.A,label:""Creator"",requiredRole:""admin"",showInNav:!1}]},Y={home:""HOME"",heatseeker:""HEATSEEKER"",agents:""AGENT HUB"",flowseeker:""FLOWSEEKER"",nexus:""NEXUS""};r.A,u.A,x.A,S.A,M.A;let X={HOME:r.A,HEATSEEKER:u.A,""AGENT HUB"":M.A,FLOWSEEKER:x.A,NEXUS:S.A},Q={home:r.A,stages:a.A,portal:l.A,developer:i.A,""admin-portal"":c.A,""admin-api-platform"":c.A,megaphone:d.A,""talon-kb"":_.A,""talon-usage"":E.A,heatmaps"
bundles_pass2/_next__static__chunks__1536-064f08115df39c50.js,1,flowseeker,"showInNav:!1},{id:""tradelab"",icon:M.A,label:""Lab"",requiredRole:""admin"",showInNav:!1},{id:""plugins"",icon:I.A,label:""Plugins"",requiredRole:""admin"",showInNav:!1},{id:""creator-studio"",icon:z.A,label:""Creator"",requiredRole:""admin"",showInNav:!1}]},Y={home:""HOME"",heatseeker:""HEATSEEKER"",agents:""AGENT HUB"",flowseeker:""FLOWSEEKER"",nexus:""NEXUS""};r.A,u.A,x.A,S.A,M.A;let X={HOME:r.A,HEATSEEKER:u.A,""AGENT HUB"":M.A,FLOWSEEKER:x.A,NEXUS:S.A},Q={home:r.A,stages:a.A,portal:l.A,developer:i.A,""admin-portal"":c.A,""admin-api-platform"":c.A,megaphone:d.A,""talon-kb"":_.A,""talon-usage"":E.A,heatmaps:R.A,""skylit-charts"":p.A,alerts"
bundles_pass2/_next__static__chunks__1536-064f08115df39c50.js,1,FLOWSEEKER,"},{id:""tradelab"",icon:M.A,label:""Lab"",requiredRole:""admin"",showInNav:!1},{id:""plugins"",icon:I.A,label:""Plugins"",requiredRole:""admin"",showInNav:!1},{id:""creator-studio"",icon:z.A,label:""Creator"",requiredRole:""admin"",showInNav:!1}]},Y={home:""HOME"",heatseeker:""HEATSEEKER"",agents:""AGENT HUB"",flowseeker:""FLOWSEEKER"",nexus:""NEXUS""};r.A,u.A,x.A,S.A,M.A;let X={HOME:r.A,HEATSEEKER:u.A,""AGENT HUB"":M.A,FLOWSEEKER:x.A,NEXUS:S.A},Q={home:r.A,stages:a.A,portal:l.A,developer:i.A,""admin-portal"":c.A,""admin-api-platform"":c.A,megaphone:d.A,""talon-kb"":_.A,""talon-usage"":E.A,heatmaps:R.A,""skylit-charts"":p.A,alerts:F.A,trinity"
bundles_pass2/_next__static__chunks__1536-064f08115df39c50.js,1,HEATSEEKER,"InNav:!1},{id:""plugins"",icon:I.A,label:""Plugins"",requiredRole:""admin"",showInNav:!1},{id:""creator-studio"",icon:z.A,label:""Creator"",requiredRole:""admin"",showInNav:!1}]},Y={home:""HOME"",heatseeker:""HEATSEEKER"",agents:""AGENT HUB"",flowseeker:""FLOWSEEKER"",nexus:""NEXUS""};r.A,u.A,x.A,S.A,M.A;let X={HOME:r.A,HEATSEEKER:u.A,""AGENT HUB"":M.A,FLOWSEEKER:x.A,NEXUS:S.A},Q={home:r.A,stages:a.A,portal:l.A,developer:i.A,""admin-portal"":c.A,""admin-api-platform"":c.A,megaphone:d.A,""talon-kb"":_.A,""talon-usage"":E.A,heatmaps:R.A,""skylit-charts"":p.A,alerts:F.A,trinity:W.A,settings:P.A,""agent-terminal"":i.A,trade:w.A,""trinity-snipe"
bundles_pass2/_next__static__chunks__1536-064f08115df39c50.js,1,FLOWSEEKER,"A,label:""Plugins"",requiredRole:""admin"",showInNav:!1},{id:""creator-studio"",icon:z.A,label:""Creator"",requiredRole:""admin"",showInNav:!1}]},Y={home:""HOME"",heatseeker:""HEATSEEKER"",agents:""AGENT HUB"",flowseeker:""FLOWSEEKER"",nexus:""NEXUS""};r.A,u.A,x.A,S.A,M.A;let X={HOME:r.A,HEATSEEKER:u.A,""AGENT HUB"":M.A,FLOWSEEKER:x.A,NEXUS:S.A},Q={home:r.A,stages:a.A,portal:l.A,developer:i.A,""admin-portal"":c.A,""admin-api-platform"":c.A,megaphone:d.A,""talon-kb"":_.A,""talon-usage"":E.A,heatmaps:R.A,""skylit-charts"":p.A,alerts:F.A,trinity:W.A,settings:P.A,""agent-terminal"":i.A,trade:w.A,""trinity-sniper"":A.A,""deep-research"":C.A,trad"
bundles_pass2/_next__static__chunks__1536-064f08115df39c50.js,1,flowseeker,"heatmaps:R.A,""skylit-charts"":p.A,alerts:F.A,trinity:W.A,settings:P.A,""agent-terminal"":i.A,trade:w.A,""trinity-sniper"":A.A,""deep-research"":C.A,tradelab:D.A,plugins:L.A,""creator-studio"":q.A,compass:y.A,livefeed:a.A,darkfeed:f.A,scanner:O.A,lookup:v.A,""company-events"":k.A,tracker:B.A,""flow-alerts"":m.A,""flowseeker-settings"":P.A,leaderboard:j.A,profile:G.A,trades:N.A,ideas:l.A,newtrade:V.A,academy:o.A,""nexus-settings"":P.A,""copy-trading"":T.A,""nexus-admin"":c.A,""njord-catalog"":s.A};function $(e){return X[e]}function J(e){return Q[e]}let Z={home:""/"",stages:""/stages"",heatmaps:""/"",""skylit-charts"":""/atlas"",alerts:""/"
bundles_pass2/_next__static__chunks__1536-064f08115df39c50.js,1,flowseeker,"arch"":""/agents/research"",tradelab:""/agents/tradelab"",plugins:""/plugins"",""creator-studio"":""/creator"",compass:""/flow/compass"",livefeed:""/flow/live"",darkfeed:""/flow/dark"",scanner:""/flow/scanner"",lookup:""/flow/lookup"",""company-events"":""/flow/events"",tracker:""/flow/tracker"",""flow-alerts"":""/flow/alerts"",""flowseeker-settings"":""/flow/settings"",leaderboard:""/nexus/leaderboard"",profile:""/nexus/profile"",trades:""/nexus/trades"",ideas:""/nexus/ideas"",newtrade:""/nexus/new-trade"",academy:""/academy"",""nexus-settings"":""/nexus/settings"",""copy-trading"":""/nexus/copy-trading"",""nexus-admin"":""/nexus/admin"",portal:""/portal"",devel"
bundles_pass2/_next__static__chunks__1536-064f08115df39c50.js,1,flowseeker,"/tradelab"":""tradelab"",""/plugins"":""plugins"",""/creator"":""creator-studio"",""/flow/compass"":""compass"",""/flow/live"":""livefeed"",""/flow/dark"":""darkfeed"",""/flow/scanner"":""scanner"",""/flow/lookup"":""lookup"",""/flow/events"":""company-events"",""/flow/tracker"":""tracker"",""/flow/alerts"":""flow-alerts"",""/flow/settings"":""flowseeker-settings"",""/nexus/leaderboard"":""leaderboard"",""/nexus/profile"":""profile"",""/nexus/trades"":""trades"",""/nexus/ideas"":""ideas"",""/nexus/new-trade"":""newtrade"",""/academy"":""academy"",""/nexus/settings"":""nexus-settings"",""/nexus/copy-trading"":""copy-trading"",""/nexus/admin"":""nexus-admin"",""/portal"":""portal"",""/develo"
bundles_pass2/_next__static__chunks__1536-064f08115df39c50.js,1,flowseeker,",trades:e.trades.map(t=>e.closedTradeKeys.has(t.trade_key)?{...t,notified:!0}:t)}))}}))},76622:(e,t,n)=>{n.d(t,{If:()=>d,Jf:()=>i,O:()=>s,jk:()=>c});var r=n(94613);let a=[""/products""],l=new Set([""njord-catalog""]),o=new Set([""admin"",""portfolio_manager"",""community"",""initiate"",""pro"",""protege"",""quant"",""flowseeker"",""flowseeker-power-user"",""flowseeker-api-user"",""flowseeker-api-access"",""api_access""]);function s(e,t){return(0,r.LM)(e)?""stages"":e.length>0&&e.every(e=>""billing_recovery""===e.toLowerCase())||(null==t?void 0:t.isNjordManaged)&&!e.some(e=>o.has(e.toLowerCase()))?""billing_recovery"":null}function i(e,t"
bundles_pass2/_next__static__chunks__1536-064f08115df39c50.js,1,flowseeker,"des.map(t=>e.closedTradeKeys.has(t.trade_key)?{...t,notified:!0}:t)}))}}))},76622:(e,t,n)=>{n.d(t,{If:()=>d,Jf:()=>i,O:()=>s,jk:()=>c});var r=n(94613);let a=[""/products""],l=new Set([""njord-catalog""]),o=new Set([""admin"",""portfolio_manager"",""community"",""initiate"",""pro"",""protege"",""quant"",""flowseeker"",""flowseeker-power-user"",""flowseeker-api-user"",""flowseeker-api-access"",""api_access""]);function s(e,t){return(0,r.LM)(e)?""stages"":e.length>0&&e.every(e=>""billing_recovery""===e.toLowerCase())||(null==t?void 0:t.isNjordManaged)&&!e.some(e=>o.has(e.toLowerCase()))?""billing_recovery"":null}function i(e,t){return""stag"
bundles_pass2/_next__static__chunks__1536-064f08115df39c50.js,1,flowseeker,"Keys.has(t.trade_key)?{...t,notified:!0}:t)}))}}))},76622:(e,t,n)=>{n.d(t,{If:()=>d,Jf:()=>i,O:()=>s,jk:()=>c});var r=n(94613);let a=[""/products""],l=new Set([""njord-catalog""]),o=new Set([""admin"",""portfolio_manager"",""community"",""initiate"",""pro"",""protege"",""quant"",""flowseeker"",""flowseeker-power-user"",""flowseeker-api-user"",""flowseeker-api-access"",""api_access""]);function s(e,t){return(0,r.LM)(e)?""stages"":e.length>0&&e.every(e=>""billing_recovery""===e.toLowerCase())||(null==t?void 0:t.isNjordManaged)&&!e.some(e=>o.has(e.toLowerCase()))?""billing_recovery"":null}function i(e,t){return""stages""===e?(0,r.MB)(t):a.so"
bundles_pass2/_next__static__chunks__1536-064f08115df39c50.js,1,flowseeker,"{...t,notified:!0}:t)}))}}))},76622:(e,t,n)=>{n.d(t,{If:()=>d,Jf:()=>i,O:()=>s,jk:()=>c});var r=n(94613);let a=[""/products""],l=new Set([""njord-catalog""]),o=new Set([""admin"",""portfolio_manager"",""community"",""initiate"",""pro"",""protege"",""quant"",""flowseeker"",""flowseeker-power-user"",""flowseeker-api-user"",""flowseeker-api-access"",""api_access""]);function s(e,t){return(0,r.LM)(e)?""stages"":e.length>0&&e.every(e=>""billing_recovery""===e.toLowerCase())||(null==t?void 0:t.isNjordManaged)&&!e.some(e=>o.has(e.toLowerCase()))?""billing_recovery"":null}function i(e,t){return""stages""===e?(0,r.MB)(t):a.some(e=>t===e||t.startsW"
bundles_pass2/_next__static__chunks__7945-f6d188ac1d59a0f4.js,1,Heatseeker,"""use strict"";(self.webpackChunk_N_E=self.webpackChunk_N_E||[]).push([[7945],{15962:(e,t,a)=>{a.d(t,{u:()=>o});var n=a(95155),r=a(99708),l=a(8198),s=a(3998),i=a(6582);function o(e){let{title:t,description:a,children:o}=e,{canAccessHeatseeker:c,external:d,href:u,isCommunityOnly:m,isLoading:f,label:x}=(0,i.W)();return f?null:c?(0,n.jsx)(n.Fragment,{children:o}):(0,n.jsx)(""div"",{className:""flex items-center justify-center h-[calc(100vh-120px)] px-4"",children:(0,n.jsxs)(""div"",{className:""max-w-md rounded-2xl border border-border bg-card/80"
bundles_pass2/_next__static__chunks__7945-f6d188ac1d59a0f4.js,1,Heatseeker,"className:""mx-auto mb-4 flex h-12 w-12 items-center justify-center rounded-full bg-muted"",children:(0,n.jsx)(r.A,{className:""h-6 w-6 text-muted-foreground""})}),(0,n.jsxs)(""div"",{className:""space-y-2"",children:[(0,n.jsx)(""h2"",{className:""text-xl font-semibold text-foreground"",children:m?t:""No active Heatseeker membership""}),(0,n.jsx)(""p"",{className:""text-sm text-muted-foreground"",children:m?a:""This membership is canceled, so Heatseeker access has ended. Choose a plan to regain access.""})]}),(0,n.jsx)(""div"",{className:""mt-6"",children:(0,n.jsx)(s.$,{asChild:!0,size:""lg"",children:(0,n.jsxs)(""a"",{href:u,targ"
bundles_pass2/_next__static__chunks__7945-f6d188ac1d59a0f4.js,1,Heatseeker," w-6 text-muted-foreground""})}),(0,n.jsxs)(""div"",{className:""space-y-2"",children:[(0,n.jsx)(""h2"",{className:""text-xl font-semibold text-foreground"",children:m?t:""No active Heatseeker membership""}),(0,n.jsx)(""p"",{className:""text-sm text-muted-foreground"",children:m?a:""This membership is canceled, so Heatseeker access has ended. Choose a plan to regain access.""})]}),(0,n.jsx)(""div"",{className:""mt-6"",children:(0,n.jsx)(s.$,{asChild:!0,size:""lg"",children:(0,n.jsxs)(""a"",{href:u,target:d?""_blank"":void 0,rel:d?""noopener noreferrer"":void 0,children:[(0,n.jsx)(l.A,{className:""mr-2 h-4 w-4""}),x]})})})]})})}},1879"
bundles_pass2/_next__static__chunks__5485-08719a466b890540.js,1,gatekeeper,"3eb"",blueDark:""#2563eb"",blueLight:""#90bff9"",purple:r=>r?""#c4a5f7"":""#7c3aed"",teal:r=>r?""#2dd4bf"":""#0d9488""},status:{active:""#22c55e"",paused:""#fbbf24"",stopped:""#ef4444"",watching:""#a855f7"",approaching:""#fbbf24"",entered:""#3b82f6"",ready:""#22c55e""},nodeType:{king:""#a855f7"",pika:""#eab308"",barney:""#9333ea"",gatekeeper:""#f97316""},bgOpacity:{subtle:r=>r?""rgba(255,255,255,0.03)"":""rgba(0,0,0,0.02)"",light:r=>r?""rgba(255,255,255,0.05)"":""rgba(0,0,0,0.05)"",medium:r=>r?""rgba(255,255,255,0.06)"":""rgba(0,0,0,0.06)"",strong:r=>r?""rgba(255,255,255,0.09)"":""rgba(0,0,0,0.08)"",contrast:r=>r?""rgba(255,255,255,0.9)"":""rgba(0,0,0,0.85"
bundles_pass2/_next__static__chunks__5485-08719a466b890540.js,1,Gatekeeper,""":"""".concat(r>=0?""+"":"""").concat(Math.abs(r).toLocaleString(""en-US"",{minimumFractionDigits:1,maximumFractionDigits:1}),""%"")}function s(r){return""trade""===r.type}},83256:(r,a,e)=>{e.d(a,{DEFAULT_AGENT_SKILLS:()=>t});let t=[{id:""super-saiyan"",name:""Super Saiyan"",description:""Elite GEX setups with King/Gatekeeper nodes and high R:R"",type:""scan"",icon:""Zap"",defaultParameters:{mode:""FULL"",minRiskReward:3,minScore:70,directions:""BOTH"",entryNodeTypes:[""king"",""gatekeeper""],requireVoidZone:!0,minVoidPercent:2},version:""1.0.0"",author:""Skylit"",tags:[""gex"",""elite"",""high-quality""]},{id:""quick-scan"",name:""Quick Scan"",d"
bundles_pass2/_next__static__chunks__5485-08719a466b890540.js,1,gatekeeper,"type}},83256:(r,a,e)=>{e.d(a,{DEFAULT_AGENT_SKILLS:()=>t});let t=[{id:""super-saiyan"",name:""Super Saiyan"",description:""Elite GEX setups with King/Gatekeeper nodes and high R:R"",type:""scan"",icon:""Zap"",defaultParameters:{mode:""FULL"",minRiskReward:3,minScore:70,directions:""BOTH"",entryNodeTypes:[""king"",""gatekeeper""],requireVoidZone:!0,minVoidPercent:2},version:""1.0.0"",author:""Skylit"",tags:[""gex"",""elite"",""high-quality""]},{id:""quick-scan"",name:""Quick Scan"",description:""Fast market overview with moderate thresholds"",type:""scan"",icon:""Search"",defaultParameters:{mode:""GEX"",minRiskReward:2,minScore:60,directions:"""
bundles_pass2/_next__static__chunks__5485-08719a466b890540.js,1,gatekeeper,"ercent:2},version:""1.0.0"",author:""Skylit"",tags:[""gex"",""elite"",""high-quality""]},{id:""quick-scan"",name:""Quick Scan"",description:""Fast market overview with moderate thresholds"",type:""scan"",icon:""Search"",defaultParameters:{mode:""GEX"",minRiskReward:2,minScore:60,directions:""BOTH"",entryNodeTypes:[""king"",""gatekeeper"",""pika"",""barney""],requireVoidZone:!1,minVoidPercent:0},version:""1.0.0"",author:""Skylit"",tags:[""gex"",""fast"",""overview""]},{id:""flow-analysis"",name:""Flow Analysis"",description:""Monitor unusual options flow and volume patterns"",type:""monitor"",icon:""Activity"",defaultParameters:{symbols:[""SPY"",""QQQ"",""IWM"""
bundles_pass2/_next__static__chunks__6898-c7df98ceb01066ec.js,1,gatekeeper,"00,p=e=>e>=0?1:-1,m=e=>String(e).slice(0,10),x=e=>{let t=m(e);return d.test(t)?t:null},f={gex:[""0DTE"",""1DTE"",""this_week"",""next_week""],vex:[""this_week"",""next_week"",""monthly""],peek:""monthly""};function g(e,t,n,s,d){var g,h,b,y,v,j,w;if(!e)return{dominant:null,wallAbove:null,wallBelow:null,outOfBand:[],gatekeepers:{below:[],above:[]}};let k=null!=(h=null!=(g=e.currentSpot)?g:e.CurrentSpot)?h:0,S=(0,r.K2)(null!=n?n:void 0,s),T=(e,t)=>{let n=S.get((0,a.w9)(e,t));return n?{delta:(0,a.AP)(n,s),percent:(0,a.h3)(n,s),trend:n.trend}:null},N=null!=(y=null!=(b=e.strikes)?b:e.Strikes)?y:[],C=null!=(j=null!=(v=e.expir"
bundles_pass2/_next__static__chunks__6898-c7df98ceb01066ec.js,1,gatekeeper,"e.strike)-Math.abs(n-t.strike)||t.pctOfKing-e.pctOfKing),c};return{below:h(""below"",o),above:h(""above"",l)}}({sig:n,spot:k,symbol:null!=(w=e.symbol)?w:"""",dominant:O,wallBelowStrike:null==q?void 0:q.strike,wallAboveStrike:null==L?void 0:L.strike}))}return{dominant:O,wallAbove:L,wallBelow:q,outOfBand:D,gatekeepers:A}}function h(e){var t,n,r,o,l,i,c,d,u;let p=null!=(n=e.now)?n:new Date,m=""gamma""===e.activeTab?e.gammaData:e.vannaData,x=null!=(o=null!=(r=null==m?void 0:m.currentSpot)?r:null==m?void 0:m.CurrentSpot)?o:0,h=null!=(l=null==m?void 0:m.timestamp)?l:"""",b=h?Math.max(0,Math.round((p.getTime()-new Date("
bundles_pass2/_next__static__chunks__6898-c7df98ceb01066ec.js,1,heatseeker,"ta,e.vannaData,""day"",p,f)),k=[];x>0&&(e.priorRead?e.priorRead.regime!==w.bias.regime&&k.push(""regime_flip""):k.push(""first_view""),(""squeeze""===w.mode||""vacuum""===w.mode||""conflict""===w.mode)&&k.push(""regime_"".concat(w.mode)));let S=k.length?"""".concat(w.bias.regime,""|"").concat(w.mode):"""";return{page:""heatseeker_heatmap"",symbol:e.symbol,view:""gamma""===e.activeTab?""GEX"":""VEX"",ticker:e.symbol,basis:{mode:""real-spx"",offset:0},spot:{value:x,change:null!=(i=null==m?void 0:m.priceChange)?i:null,changePct:null!=(c=null==m?void 0:m.priceChangePercent)?c:null},status:h?""ready"":""loading"",asOf:h,ageSec:b,velocityTime"
bundles_pass2/_next__static__chunks__7883-6592990794d20510.js,1,/api/,"e())));if(!e.ok)throw Error(""Contracts failed ["".concat(e.status,""]""));let l=await e.json();return f.set(n,{data:l,time:Date.now()}),l})().finally(()=>{d.delete(n)});return d.set(n,r),r}async function m(t){var n;let e=new URLSearchParams;t&&e.set(""kinds"",t);let l=e.toString(),r=await h("""".concat(a,""/api/ohlcv/symbols"").concat(l?""?"".concat(l):""""));if(!r.ok)throw Error(""Chart symbols failed ["".concat(r.status,""]""));return(null!=(n=(await r.json()).symbols)?n:[]).map(t=>{var n;return{...t,displayName:null!=(n=t.displayName)?n:""VIX""===t.name?""CVIX"":void 0}})}function p(t,n){if(n<=1)return t;let e=new M"
bundles_pass2/_next__static__chunks__181-88cba17a6dc8c325.js,1,armed,"let r,i=e.strike>t==e.exposure>0?""falling"":""rising"";return r=""flat""===n.direction?""waiting on a "".concat(i,"" VIX move (currently flat)""):""unknown""===n.direction?""arms on "".concat(i,"" VIX (regime unavailable)""):n.direction===i?""arms on "".concat(i,"" VIX""):""contradicted (VIX "".concat(n.direction,"")""),{armed:n.direction===i,condition:r}}var b=n(89280),v=n(58175);let x=[""no_lifecycle"",""no_exit"",""no_vol_regime""],E=e=>Math.round(100*e)/100,M=e=>Math.round(10*e)/10,w=e=>e.currentSpot||e.CurrentSpot||0;function _(e,t,n,r){return{symbol:e,timeframe:t,spot:n,asOf:r,snapshotKey:r,source:""fallback"",degraded:x,b"
bundles_pass2/_next__static__chunks__181-88cba17a6dc8c325.js,1,Armed,"r.exposure)&&(r=e);return r.strike>t?""bull"":""bear""}(c,n)}}(t,n,P,a),Y=$.filter(e=>e.strike>P),Z=$.filter(e=>e.strike<P),ee=function(e,t){let n=u(e);if(!n)return null;let r=!1;return n.strike>t?r=n.exposure<0:n.strike<t&&(r=n.exposure>0),{node:n,isBarrier:r}}($,P),et=ee&&!ee.isBarrier?{...ee.node,volArmed:!1,armCondition:k(ee.node,P,m).condition}:null,en={directionSource:""vex"",candidate:null!=et,candidateTarget:et,degraded:x};if(Q&&Math.abs(Q.strike-P)<=C){let e={direction:""neutral"",regime:q,behavior:U};if(""NEGATIVE_GEX""===q){let t=null!=(G=null!=(y=L[0])?y:W[0])?G:Q;return{...F,...en,bias:e,confide"
bundles_pass2/_next__static__chunks__181-88cba17a6dc8c325.js,1,armed,"tionSource:""vex"",candidate:!1,mode:""balanced"",detail:""VEX direction without a reachable dated target""};let eu=s(B,H,P),es=c(B,H,P,Q?Math.abs(Q.exposure):0);if(!eu||!es)return{...F,bias:ei,degraded:x,directionSource:""vex"",candidate:!1,mode:""balanced"",detail:""no near-GEX entry/gamma-target pair""};let{armed:ec,condition:ed}=k(eo,P,m),ef=d(eo,P),eg=ec&&!ef,ep={...eo,volArmed:ec,armCondition:ed},eh=eg?eo:es;return function(e){let{b:t,bias:n,entry:r,spot:i,delta:l,gammaTarget:a,candidateTarget:o,rewardNode:u,targetSource:s,route:c,nearGex:d,regime:m,config:k}=e,b=""bull""===n.direction?1:-1,v=E(r.strike-b*"
bundles_pass2/_next__static__chunks__181-88cba17a6dc8c325.js,1,Armed,"without a reachable dated target""};let eu=s(B,H,P),es=c(B,H,P,Q?Math.abs(Q.exposure):0);if(!eu||!es)return{...F,bias:ei,degraded:x,directionSource:""vex"",candidate:!1,mode:""balanced"",detail:""no near-GEX entry/gamma-target pair""};let{armed:ec,condition:ed}=k(eo,P,m),ef=d(eo,P),eg=ec&&!ef,ep={...eo,volArmed:ec,armCondition:ed},eh=eg?eo:es;return function(e){let{b:t,bias:n,entry:r,spot:i,delta:l,gammaTarget:a,candidateTarget:o,rewardNode:u,targetSource:s,route:c,nearGex:d,regime:m,config:k}=e,b=""bull""===n.direction?1:-1,v=E(r.strike-b*(l+.2*l*(""POSITIVE_GEX""===m?1.5:""NEGATIVE_GEX""===m?.5:1))),w=""bull""="
bundles_pass2/_next__static__chunks__181-88cba17a6dc8c325.js,1,Armed,"et pair on the tradeable side""};let Z=(0,r.wJ)(null!=(I=null==t?void 0:t.expirations)?I:[],C.vex,o),ee=t&&Z.length?(0,l.tp)(t,Z,N,""vanna"",O,o):[],et=(0,l.pe)(ee,V.significance),en=function(e,t,n){if(""neutral""===t)return null;let r=""bull""===t?1:-1,i=u(e.filter(e=>r*(e.strike-n)>0));return i?{...i,volArmed:!1,armCondition:""bull""===t?""arms on falling VIX (+VEX above)"":""arms on rising VIX (downside VEX)""}:null}(et,$.direction,N),er=et[0];if(er&&(""bull""===$.direction||""bear""===$.direction)){let e=(""bull""===$.direction?1:-1)*(er.strike-N)<0,t=en?Math.abs(en.exposure):0;if(e&&Math.abs(er.exposure)>=1.5*t)"
