source_file,keyword,occurrence,total_for_keyword,offset,line,match,context_before,context_after
1536-064f08115df39c50.js,talon,1,125,716,1,talon,"lf.webpackChunk_N_E=self.webpackChunk_N_E||[]).push([[1536,7708],{3171:(e,t,n)=>{n.d(t,{Af:()=>o});var r=n(25959),a=n(89863);let l={getItem:e=>{try{return sessionStorage.getItem(e)}catch(e){return null}},setItem:(e,t)=>{try{sessionStorage.setItem(e,t)}catch(e){}},removeItem:e=>{try{sessionStorage.removeItem(e)}catch(e){}}},o=(0,r.v)()((0,a.Zr)(e=>({messages:[],threadId:void 0,ownerUserId:null,epoch:0,setMessages:t=>e(e=>({messages:""function""==typeof t?t(e.messages):t})),setThreadId:t=>e({threadId:t}),clearConversation:()=>e(e=>({messages:[],threadId:void 0,epoch:e.epoch+1})),claimForUser:t=>e(e=>e.ownerUserId===t?e:{messages:[],threadId:void 0,epoch:e.epoch+1,ownerUserId:t})}),{name:""skylit-","-conversation"",version:1,storage:(0,a.KU)(()=>l),partialize:e=>({messages:e.messages.slice(-100),ownerUserId:e.ownerUserId}),merge:(e,t)=>{let n=null!=e?e:{},r=""string""==typeof n.ownerUserId?n.ownerUserId:null;return{...t,messages:function(e){var t;let n=e[e.length-1];return n&&""user""===n.role?[...e,{id:""interrupted-"".concat(n.id),agentId:""orchestrator"",conversationId:null!=(t=n.conversationId)?t:""main"",role:""agent"",content:""That answer was interrupted when the page reloaded. Ask again and I’ll pick it back up."",status:""error"",timestamp:new Date().toISOString()}]:e}(function(e){if(!Array.isArray(e))return[];let t=[];for(let r of e){var n;r&&""object""==typeof r&&""string""==typeof r.id&&""string"""
1536-064f08115df39c50.js,gamma,1,12,4060,1,gamma,"=>{let e=e=>{t(e.detail)},n=e=>{e.key===a&&t(""true""===e.newValue)};return window.addEventListener(l,e),window.addEventListener(""storage"",n),()=>{window.removeEventListener(l,e),window.removeEventListener(""storage"",n)}},[]),e}function s(e){window.dispatchEvent(new CustomEvent(l,{detail:e}))}},14612:(e,t,n)=>{n.d(t,{y:()=>l});var r=n(12115),a=n(77585);function l(e){let{activeTab:t,onTabChange:n,includeAccounts:l=!1}=e;(0,r.useEffect)(()=>{function e(e){if((0,a.$)(e.target))return;let r=()=>{e.preventDefault(),e.stopPropagation(),""function""==typeof e.stopImmediatePropagation&&e.stopImmediatePropagation()};if(e.shiftKey&&!e.metaKey&&!e.ctrlKey&&!e.altKey)switch(e.key.toLowerCase()){case""g"":r(),""","""!==t&&n(""gamma"");break;case""v"":r(),""vanna""!==t&&n(""vanna"")}(e.metaKey||e.ctrlKey)&&l&&""a""===e.key.toLowerCase()&&(e.preventDefault(),""accounts""!==t&&n(""accounts""))}return document.addEventListener(""keydown"",e),()=>document.removeEventListener(""keydown"",e)},[t,n,l])}},15473:(e,t,n)=>{n.d(t,{C:()=>l});var r=n(12115),a=n(71692);function l(){let e=(0,a.g)(e=>e.notifications),t=(0,a.g)(e=>e.dismissedIds),n=(0,a.g)(e=>e.clearedBefore);return(0,r.useMemo)(()=>{if(0===t.length&&null===n)return e;let r=new Set(t);return e.filter(e=>{if(r.has(e.event_id))return!1;if(null!==n){let t=new Date(e.fired_at).getTime();if(!Number.isNaN(t)&&t<=n)return!1}return!0})},[e,t,n])}},17699:(e,t,n)=>{n.d(t,{FC:()=>o"
1536-064f08115df39c50.js,gamma,2,12,4075,1,gamma,"e.detail)},n=e=>{e.key===a&&t(""true""===e.newValue)};return window.addEventListener(l,e),window.addEventListener(""storage"",n),()=>{window.removeEventListener(l,e),window.removeEventListener(""storage"",n)}},[]),e}function s(e){window.dispatchEvent(new CustomEvent(l,{detail:e}))}},14612:(e,t,n)=>{n.d(t,{y:()=>l});var r=n(12115),a=n(77585);function l(e){let{activeTab:t,onTabChange:n,includeAccounts:l=!1}=e;(0,r.useEffect)(()=>{function e(e){if((0,a.$)(e.target))return;let r=()=>{e.preventDefault(),e.stopPropagation(),""function""==typeof e.stopImmediatePropagation&&e.stopImmediatePropagation()};if(e.shiftKey&&!e.metaKey&&!e.ctrlKey&&!e.altKey)switch(e.key.toLowerCase()){case""g"":r(),""gamma""!==t&&n(""",""");break;case""v"":r(),""vanna""!==t&&n(""vanna"")}(e.metaKey||e.ctrlKey)&&l&&""a""===e.key.toLowerCase()&&(e.preventDefault(),""accounts""!==t&&n(""accounts""))}return document.addEventListener(""keydown"",e),()=>document.removeEventListener(""keydown"",e)},[t,n,l])}},15473:(e,t,n)=>{n.d(t,{C:()=>l});var r=n(12115),a=n(71692);function l(){let e=(0,a.g)(e=>e.notifications),t=(0,a.g)(e=>e.dismissedIds),n=(0,a.g)(e=>e.clearedBefore);return(0,r.useMemo)(()=>{if(0===t.length&&null===n)return e;let r=new Set(t);return e.filter(e=>{if(r.has(e.event_id))return!1;if(null!==n){let t=new Date(e.fired_at).getTime();if(!Number.isNaN(t)&&t<=n)return!1}return!0})},[e,t,n])}},17699:(e,t,n)=>{n.d(t,{FC:()=>o,Kf:()=>l,iu:()"
1536-064f08115df39c50.js,fire,1,15,5435,1,fire,"7699:(e,t,n)=>{n.d(t,{FC:()=>o,Kf:()=>l,iu:()=>s,yv:()=>r});let r=""/agent-gateway/agenthub"";function a(e){var t;return(null==(t=window.location)?void 0:t.origin)?new URL(e,window.location.origin).toString():e}function l(){return a(r)}function o(){return a(""/agent-gateway/platform"")}let s=!1},17708:(e,t,n)=>{n.d(t,{Rf:()=>N,O$:()=>j,UG:()=>T,vs:()=>C,Ol:()=>S,O7:()=>E,rH:()=>_,Fk:()=>A});var r=n(47471),a=n(67364),l=n(53455),o=n(99776),s=n(80549);let i=new Date;function c(e){return new Date(i.getTime()-864e5*e).toISOString()}function d(e){return new Date(i.getTime()-36e5*e).toISOString()}function u(e){return""https://api.dicebear.com/7.x/initials/svg?seed="".concat(encodeURIComponent(e))}let p={",":0,rocket:0,mindBlown:0,moneyBag:0,trophy:0,clap:0,eyes:0,thinking:0,thumbsUp:0,thumbsDown:0,plus:0};structuredClone([{id:""cl_001"",title:""Advanced Flow Scanner Filters"",description:'The Flow Scanner now supports multi-leg filtering, allowing you to isolate spreads, straddles, and strangles from the live feed. Use the new ""Strategy"" dropdown to filter by specific options strategies.\n\nAdditionally, we\'ve added a premium range filter so you can focus on flows within your target price range.',category:""flowseeker"",type:""new_feature"",attachments:[{url:""https://placehold.co/800x400/1a1a2e/90bff9?text=Scanner+Filters"",name:""scanner-filters.png"",type:""image/png""}],authorId:""user_admin"",authorName"
1536-064f08115df39c50.js,flowseeker,1,39,5946,1,flowseeker,"*e).toISOString()}function d(e){return new Date(i.getTime()-36e5*e).toISOString()}function u(e){return""https://api.dicebear.com/7.x/initials/svg?seed="".concat(encodeURIComponent(e))}let p={fire:0,rocket:0,mindBlown:0,moneyBag:0,trophy:0,clap:0,eyes:0,thinking:0,thumbsUp:0,thumbsDown:0,plus:0};structuredClone([{id:""cl_001"",title:""Advanced Flow Scanner Filters"",description:'The Flow Scanner now supports multi-leg filtering, allowing you to isolate spreads, straddles, and strangles from the live feed. Use the new ""Strategy"" dropdown to filter by specific options strategies.\n\nAdditionally, we\'ve added a premium range filter so you can focus on flows within your target price range.',category:""",""",type:""new_feature"",attachments:[{url:""https://placehold.co/800x400/1a1a2e/90bff9?text=Scanner+Filters"",name:""scanner-filters.png"",type:""image/png""}],authorId:""user_admin"",authorName:""Jimin Kim"",authorAvatarUrl:u(""Jimin Kim""),reactions:{...p,fire:24,rocket:18,thumbsUp:31},userReactions:[],createdAt:d(3),updatedAt:d(3)},{id:""cl_002"",title:""Heatmap Color Scale Improvements"",description:""We've refined the Viridis and Plasma color scales for better contrast at extreme values. The dominant strike highlight now uses a subtle pulsing border instead of a solid outline, making it easier to track while scrolling."",category:""heatseeker"",type:""improvement"",attachments:[],authorId:""user_admin"",authorNam"
1536-064f08115df39c50.js,fire,2,15,6199,1,fire,"inking:0,thumbsUp:0,thumbsDown:0,plus:0};structuredClone([{id:""cl_001"",title:""Advanced Flow Scanner Filters"",description:'The Flow Scanner now supports multi-leg filtering, allowing you to isolate spreads, straddles, and strangles from the live feed. Use the new ""Strategy"" dropdown to filter by specific options strategies.\n\nAdditionally, we\'ve added a premium range filter so you can focus on flows within your target price range.',category:""flowseeker"",type:""new_feature"",attachments:[{url:""https://placehold.co/800x400/1a1a2e/90bff9?text=Scanner+Filters"",name:""scanner-filters.png"",type:""image/png""}],authorId:""user_admin"",authorName:""Jimin Kim"",authorAvatarUrl:u(""Jimin Kim""),reactions:{...p,",":24,rocket:18,thumbsUp:31},userReactions:[],createdAt:d(3),updatedAt:d(3)},{id:""cl_002"",title:""Heatmap Color Scale Improvements"",description:""We've refined the Viridis and Plasma color scales for better contrast at extreme values. The dominant strike highlight now uses a subtle pulsing border instead of a solid outline, making it easier to track while scrolling."",category:""heatseeker"",type:""improvement"",attachments:[],authorId:""user_admin"",authorName:""Jimin Kim"",authorAvatarUrl:u(""Jimin Kim""),reactions:{...p,thumbsUp:12,eyes:5,fire:3},userReactions:[],createdAt:c(3),updatedAt:c(3)},{id:""cl_003"",title:""Fixed Replay Mode 2x Speed Bug"",description:""Resolved an issue where replay mode would play"
1536-064f08115df39c50.js,heatseeker,1,39,6579,1,heatseeker,"you can focus on flows within your target price range.',category:""flowseeker"",type:""new_feature"",attachments:[{url:""https://placehold.co/800x400/1a1a2e/90bff9?text=Scanner+Filters"",name:""scanner-filters.png"",type:""image/png""}],authorId:""user_admin"",authorName:""Jimin Kim"",authorAvatarUrl:u(""Jimin Kim""),reactions:{...p,fire:24,rocket:18,thumbsUp:31},userReactions:[],createdAt:d(3),updatedAt:d(3)},{id:""cl_002"",title:""Heatmap Color Scale Improvements"",description:""We've refined the Viridis and Plasma color scales for better contrast at extreme values. The dominant strike highlight now uses a subtle pulsing border instead of a solid outline, making it easier to track while scrolling."",category:""",""",type:""improvement"",attachments:[],authorId:""user_admin"",authorName:""Jimin Kim"",authorAvatarUrl:u(""Jimin Kim""),reactions:{...p,thumbsUp:12,eyes:5,fire:3},userReactions:[],createdAt:c(3),updatedAt:c(3)},{id:""cl_003"",title:""Fixed Replay Mode 2x Speed Bug"",description:""Resolved an issue where replay mode would play at double speed when both mobile and desktop views were mounted simultaneously. The playback hook is now centralized at the dashboard level."",category:""heatseeker"",type:""bug_fix"",attachments:[],authorId:""user_admin"",authorName:""Jimin Kim"",authorAvatarUrl:u(""Jimin Kim""),reactions:{...p,thumbsUp:8,clap:4},userReactions:[],createdAt:c(5),updatedAt:c(5)},{id:""cl_004"",title:""Agent Hub: T"
1536-064f08115df39c50.js,fire,3,15,6736,1,fire,"f9?text=Scanner+Filters"",name:""scanner-filters.png"",type:""image/png""}],authorId:""user_admin"",authorName:""Jimin Kim"",authorAvatarUrl:u(""Jimin Kim""),reactions:{...p,fire:24,rocket:18,thumbsUp:31},userReactions:[],createdAt:d(3),updatedAt:d(3)},{id:""cl_002"",title:""Heatmap Color Scale Improvements"",description:""We've refined the Viridis and Plasma color scales for better contrast at extreme values. The dominant strike highlight now uses a subtle pulsing border instead of a solid outline, making it easier to track while scrolling."",category:""heatseeker"",type:""improvement"",attachments:[],authorId:""user_admin"",authorName:""Jimin Kim"",authorAvatarUrl:u(""Jimin Kim""),reactions:{...p,thumbsUp:12,eyes:5,",":3},userReactions:[],createdAt:c(3),updatedAt:c(3)},{id:""cl_003"",title:""Fixed Replay Mode 2x Speed Bug"",description:""Resolved an issue where replay mode would play at double speed when both mobile and desktop views were mounted simultaneously. The playback hook is now centralized at the dashboard level."",category:""heatseeker"",type:""bug_fix"",attachments:[],authorId:""user_admin"",authorName:""Jimin Kim"",authorAvatarUrl:u(""Jimin Kim""),reactions:{...p,thumbsUp:8,clap:4},userReactions:[],createdAt:c(5),updatedAt:c(5)},{id:""cl_004"",title:""Agent Hub: Trade Lab Beta"",description:""Trade Lab is now available in beta! Build, backtest, and deploy custom trading strategies directly from the Agent Hub. Conn"
1536-064f08115df39c50.js,heatseeker,2,39,7056,1,heatseeker,"ed the Viridis and Plasma color scales for better contrast at extreme values. The dominant strike highlight now uses a subtle pulsing border instead of a solid outline, making it easier to track while scrolling."",category:""heatseeker"",type:""improvement"",attachments:[],authorId:""user_admin"",authorName:""Jimin Kim"",authorAvatarUrl:u(""Jimin Kim""),reactions:{...p,thumbsUp:12,eyes:5,fire:3},userReactions:[],createdAt:c(3),updatedAt:c(3)},{id:""cl_003"",title:""Fixed Replay Mode 2x Speed Bug"",description:""Resolved an issue where replay mode would play at double speed when both mobile and desktop views were mounted simultaneously. The playback hook is now centralized at the dashboard level."",category:""",""",type:""bug_fix"",attachments:[],authorId:""user_admin"",authorName:""Jimin Kim"",authorAvatarUrl:u(""Jimin Kim""),reactions:{...p,thumbsUp:8,clap:4},userReactions:[],createdAt:c(5),updatedAt:c(5)},{id:""cl_004"",title:""Agent Hub: Trade Lab Beta"",description:""Trade Lab is now available in beta! Build, backtest, and deploy custom trading strategies directly from the Agent Hub. Connect your preferred data sources and let AI agents execute trades based on your rules.\n\nThis is an early access release — expect rapid iteration based on your feedback."",category:""agent_hub"",type:""new_feature"",attachments:[{url:""https://placehold.co/800x400/1a1a2e/a78bfa?text=Trade+Lab"",name:""trade-lab.png"",type:""image/png"""
1536-064f08115df39c50.js,fire,4,15,7971,1,fire,"itle:""Agent Hub: Trade Lab Beta"",description:""Trade Lab is now available in beta! Build, backtest, and deploy custom trading strategies directly from the Agent Hub. Connect your preferred data sources and let AI agents execute trades based on your rules.\n\nThis is an early access release — expect rapid iteration based on your feedback."",category:""agent_hub"",type:""new_feature"",attachments:[{url:""https://placehold.co/800x400/1a1a2e/a78bfa?text=Trade+Lab"",name:""trade-lab.png"",type:""image/png""},{url:""https://placehold.co/800x400/1a1a2e/4ade80?text=Backtest+Results"",name:""backtest.png"",type:""image/png""}],authorId:""user_admin"",authorName:""Jimin Kim"",authorAvatarUrl:u(""Jimin Kim""),reactions:{...p,",":42,rocket:35,mindBlown:19,moneyBag:8},userReactions:[],createdAt:c(8),updatedAt:c(8)},{id:""cl_005"",title:""Atlas: Multi-Timeframe Support"",description:""Charts now support viewing multiple timeframes simultaneously. Toggle between 1m, 5m, 15m, 1h, 4h, and daily views without losing your annotations or indicators."",category:""skylit_charts"",type:""new_feature"",attachments:[{url:""https://placehold.co/800x400/1a1a2e/fbbf24?text=Multi+Timeframe"",name:""multi-tf.png"",type:""image/png""}],authorId:""user_admin"",authorName:""Jimin Kim"",authorAvatarUrl:u(""Jimin Kim""),reactions:{...p,fire:15,rocket:11,thumbsUp:22},userReactions:[],createdAt:c(22),updatedAt:c(22)},{id:""cl_006"",title:""Nexus Leaderboard Ranking"
1536-064f08115df39c50.js,atlas,1,30,8082,1,Atlas,"ustom trading strategies directly from the Agent Hub. Connect your preferred data sources and let AI agents execute trades based on your rules.\n\nThis is an early access release — expect rapid iteration based on your feedback."",category:""agent_hub"",type:""new_feature"",attachments:[{url:""https://placehold.co/800x400/1a1a2e/a78bfa?text=Trade+Lab"",name:""trade-lab.png"",type:""image/png""},{url:""https://placehold.co/800x400/1a1a2e/4ade80?text=Backtest+Results"",name:""backtest.png"",type:""image/png""}],authorId:""user_admin"",authorName:""Jimin Kim"",authorAvatarUrl:u(""Jimin Kim""),reactions:{...p,fire:42,rocket:35,mindBlown:19,moneyBag:8},userReactions:[],createdAt:c(8),updatedAt:c(8)},{id:""cl_005"",title:""",": Multi-Timeframe Support"",description:""Charts now support viewing multiple timeframes simultaneously. Toggle between 1m, 5m, 15m, 1h, 4h, and daily views without losing your annotations or indicators."",category:""skylit_charts"",type:""new_feature"",attachments:[{url:""https://placehold.co/800x400/1a1a2e/fbbf24?text=Multi+Timeframe"",name:""multi-tf.png"",type:""image/png""}],authorId:""user_admin"",authorName:""Jimin Kim"",authorAvatarUrl:u(""Jimin Kim""),reactions:{...p,fire:15,rocket:11,thumbsUp:22},userReactions:[],createdAt:c(22),updatedAt:c(22)},{id:""cl_006"",title:""Nexus Leaderboard Ranking Algorithm Update"",description:""The Nexus leaderboard now uses a time-weighted scoring system that rewards consi"
1536-064f08115df39c50.js,fire,5,15,8549,1,fire,"ktest.png"",type:""image/png""}],authorId:""user_admin"",authorName:""Jimin Kim"",authorAvatarUrl:u(""Jimin Kim""),reactions:{...p,fire:42,rocket:35,mindBlown:19,moneyBag:8},userReactions:[],createdAt:c(8),updatedAt:c(8)},{id:""cl_005"",title:""Atlas: Multi-Timeframe Support"",description:""Charts now support viewing multiple timeframes simultaneously. Toggle between 1m, 5m, 15m, 1h, 4h, and daily views without losing your annotations or indicators."",category:""skylit_charts"",type:""new_feature"",attachments:[{url:""https://placehold.co/800x400/1a1a2e/fbbf24?text=Multi+Timeframe"",name:""multi-tf.png"",type:""image/png""}],authorId:""user_admin"",authorName:""Jimin Kim"",authorAvatarUrl:u(""Jimin Kim""),reactions:{...p,",":15,rocket:11,thumbsUp:22},userReactions:[],createdAt:c(22),updatedAt:c(22)},{id:""cl_006"",title:""Nexus Leaderboard Ranking Algorithm Update"",description:""The Nexus leaderboard now uses a time-weighted scoring system that rewards consistency over single big wins. Your ranking reflects performance over the last 30 days with exponential decay on older trades."",category:""nexus"",type:""improvement"",attachments:[],authorId:""user_admin"",authorName:""Jimin Kim"",authorAvatarUrl:u(""Jimin Kim""),reactions:{...p,thinking:7,thumbsUp:9,trophy:5},userReactions:[],createdAt:c(28),updatedAt:c(28)},{id:""cl_007"",title:""API Rate Limit Changes"",description:""We've updated the API rate limits for data endpoints. Free"
1536-064f08115df39c50.js,heatseeker,3,39,9910,1,Heatseeker,"he API rate limits for data endpoints. Free tier users now get 100 requests/minute (was 60). Pro users get 500 requests/minute (was 300). If you're using the API directly, please update any retry logic accordingly."",category:""general"",type:""breaking_change"",attachments:[],authorId:""user_admin"",authorName:""Jimin Kim"",authorAvatarUrl:u(""Jimin Kim""),reactions:{...p,thumbsUp:14,eyes:3},userReactions:[],createdAt:c(35),updatedAt:c(35)},{id:""cl_008"",title:""Mobile Bottom Navigation Redesign"",description:""The mobile navigation has been completely redesigned with a new glassmorphism pill style. The module picker now uses a dropdown instead of a full-screen overlay, making it faster to switch between",", Flowseeker, and other modules."",category:""general"",type:""improvement"",attachments:[{url:""https://placehold.co/400x800/1a1a2e/90bff9?text=Mobile+Nav"",name:""mobile-nav.png"",type:""image/png""}],authorId:""user_admin"",authorName:""Jimin Kim"",authorAvatarUrl:u(""Jimin Kim""),reactions:{...p,fire:9,rocket:6,clap:11},userReactions:[],createdAt:c(50),updatedAt:c(50)},{id:""cl_009"",title:""Fixed Watchlist Sync Issue"",description:""Resolved a bug where watchlist changes made on mobile were not syncing to desktop in real-time. Both platforms now share the same server-side watchlist state."",category:""heatseeker"",type:""bug_fix"",attachments:[],authorId:""user_admin"",authorName:""Jimin Kim"",authorAvatarUrl:u(""Jimi"
1536-064f08115df39c50.js,flowseeker,2,39,9922,1,Flowseeker,"limits for data endpoints. Free tier users now get 100 requests/minute (was 60). Pro users get 500 requests/minute (was 300). If you're using the API directly, please update any retry logic accordingly."",category:""general"",type:""breaking_change"",attachments:[],authorId:""user_admin"",authorName:""Jimin Kim"",authorAvatarUrl:u(""Jimin Kim""),reactions:{...p,thumbsUp:14,eyes:3},userReactions:[],createdAt:c(35),updatedAt:c(35)},{id:""cl_008"",title:""Mobile Bottom Navigation Redesign"",description:""The mobile navigation has been completely redesigned with a new glassmorphism pill style. The module picker now uses a dropdown instead of a full-screen overlay, making it faster to switch between Heatseeker,",", and other modules."",category:""general"",type:""improvement"",attachments:[{url:""https://placehold.co/400x800/1a1a2e/90bff9?text=Mobile+Nav"",name:""mobile-nav.png"",type:""image/png""}],authorId:""user_admin"",authorName:""Jimin Kim"",authorAvatarUrl:u(""Jimin Kim""),reactions:{...p,fire:9,rocket:6,clap:11},userReactions:[],createdAt:c(50),updatedAt:c(50)},{id:""cl_009"",title:""Fixed Watchlist Sync Issue"",description:""Resolved a bug where watchlist changes made on mobile were not syncing to desktop in real-time. Both platforms now share the same server-side watchlist state."",category:""heatseeker"",type:""bug_fix"",attachments:[],authorId:""user_admin"",authorName:""Jimin Kim"",authorAvatarUrl:u(""Jimin Kim""),reac"
1536-064f08115df39c50.js,fire,6,15,10204,1,fire,",authorName:""Jimin Kim"",authorAvatarUrl:u(""Jimin Kim""),reactions:{...p,thumbsUp:14,eyes:3},userReactions:[],createdAt:c(35),updatedAt:c(35)},{id:""cl_008"",title:""Mobile Bottom Navigation Redesign"",description:""The mobile navigation has been completely redesigned with a new glassmorphism pill style. The module picker now uses a dropdown instead of a full-screen overlay, making it faster to switch between Heatseeker, Flowseeker, and other modules."",category:""general"",type:""improvement"",attachments:[{url:""https://placehold.co/400x800/1a1a2e/90bff9?text=Mobile+Nav"",name:""mobile-nav.png"",type:""image/png""}],authorId:""user_admin"",authorName:""Jimin Kim"",authorAvatarUrl:u(""Jimin Kim""),reactions:{...p,",":9,rocket:6,clap:11},userReactions:[],createdAt:c(50),updatedAt:c(50)},{id:""cl_009"",title:""Fixed Watchlist Sync Issue"",description:""Resolved a bug where watchlist changes made on mobile were not syncing to desktop in real-time. Both platforms now share the same server-side watchlist state."",category:""heatseeker"",type:""bug_fix"",attachments:[],authorId:""user_admin"",authorName:""Jimin Kim"",authorAvatarUrl:u(""Jimin Kim""),reactions:{...p,thumbsUp:6,clap:3},userReactions:[],createdAt:c(55),updatedAt:c(55)}]),n(87358);class m extends Error{constructor(e,t,n=""UNKNOWN""){super(e),this.name=""ChangelogAPIError"",this.status=t,this.code=n}}async function g(e,t){let n=arguments.length>2&&void 0!==arguments["
1536-064f08115df39c50.js,heatseeker,4,39,10510,1,heatseeker,"ule picker now uses a dropdown instead of a full-screen overlay, making it faster to switch between Heatseeker, Flowseeker, and other modules."",category:""general"",type:""improvement"",attachments:[{url:""https://placehold.co/400x800/1a1a2e/90bff9?text=Mobile+Nav"",name:""mobile-nav.png"",type:""image/png""}],authorId:""user_admin"",authorName:""Jimin Kim"",authorAvatarUrl:u(""Jimin Kim""),reactions:{...p,fire:9,rocket:6,clap:11},userReactions:[],createdAt:c(50),updatedAt:c(50)},{id:""cl_009"",title:""Fixed Watchlist Sync Issue"",description:""Resolved a bug where watchlist changes made on mobile were not syncing to desktop in real-time. Both platforms now share the same server-side watchlist state."",category:""",""",type:""bug_fix"",attachments:[],authorId:""user_admin"",authorName:""Jimin Kim"",authorAvatarUrl:u(""Jimin Kim""),reactions:{...p,thumbsUp:6,clap:3},userReactions:[],createdAt:c(55),updatedAt:c(55)}]),n(87358);class m extends Error{constructor(e,t,n=""UNKNOWN""){super(e),this.name=""ChangelogAPIError"",this.status=t,this.code=n}}async function g(e,t){let n=arguments.length>2&&void 0!==arguments[2]?arguments[2]:{},r=await e(),a="""".concat(window.location.origin,""/api/changelog"").concat(t),l=await fetch(a,{...n,headers:{""Content-Type"":""application/json"",...r?{Authorization:""Bearer "".concat(r)}:{},...n.headers}});if(!l.ok){let e=await l.json().catch(()=>({}));throw new m(e.message||""Request failed: "".conc"
1536-064f08115df39c50.js,atlas,2,30,21003,1,atlas,"(n||void 0),t()},[e]),n=(0,r.useCallback)(()=>t(()=>l.g.getState().fetchNotifications()),[t]),o=(0,r.useCallback)(()=>t(()=>l.g.getState().loadMore()),[t]),s=(0,r.useCallback)(()=>t(()=>l.g.getState().markAllRead()),[t]),i=(0,r.useCallback)(e=>t(()=>l.g.getState().markOne(e)),[t]);return{refresh:n,loadMore:o,markAllRead:s,markOne:i,dismissOne:(0,r.useCallback)(e=>t(()=>l.g.getState().dismissOne(e)),[t]),dismissAll:(0,r.useCallback)(()=>t(()=>l.g.getState().dismissAll()),[t])}}},33028:(e,t,n)=>{n.d(t,{D:()=>a,I:()=>r});let r=""469a0116-d226-48fc-8419-bd55351e26ea"",a=r.length>0},33531:(e,t,n)=>{function r(e){return!e.isLoading&&!!e.canAccessCharts}n.d(t,{MA:()=>r,gq:()=>l});let a=""http://alert-","-link.invalid"";function l(e,t){if(!e||""heatseeker""!==t||!e.startsWith(""/""))return null;try{let t=new URL(e,a);if(t.origin!==a||""/""!==t.pathname||!t.searchParams.get(""symbol""))return null;return"""".concat(""/atlas"").concat(t.search).concat(t.hash)}catch(e){return null}}},34045:(e,t,n)=>{n.d(t,{M:()=>lc});var r=n(95155),a=n(12115),l=n(47650),o=n(65229),s=n(79451),i=n(37494),c=n(59427),d=n(20508),u=n(56154),p=n(80598),m=n(14005),g=n(27937),h=n(26145),x=n(17666),f=n(75091),b=n(84926),y=n(46359),v=n(47471),k=n(48007),w=n(20063),j=n(65685),S=n(25959);let N=""skylit:reduce-gpu"";function T(e){""undefined""!=typeof document&&document.documentElement.classList.toggle(""reduce-gpu"",e)}let A=(0,S.v)(e=>({enab"
1536-064f08115df39c50.js,heatseeker,5,39,21047,1,heatseeker,"=>t(()=>l.g.getState().fetchNotifications()),[t]),o=(0,r.useCallback)(()=>t(()=>l.g.getState().loadMore()),[t]),s=(0,r.useCallback)(()=>t(()=>l.g.getState().markAllRead()),[t]),i=(0,r.useCallback)(e=>t(()=>l.g.getState().markOne(e)),[t]);return{refresh:n,loadMore:o,markAllRead:s,markOne:i,dismissOne:(0,r.useCallback)(e=>t(()=>l.g.getState().dismissOne(e)),[t]),dismissAll:(0,r.useCallback)(()=>t(()=>l.g.getState().dismissAll()),[t])}}},33028:(e,t,n)=>{n.d(t,{D:()=>a,I:()=>r});let r=""469a0116-d226-48fc-8419-bd55351e26ea"",a=r.length>0},33531:(e,t,n)=>{function r(e){return!e.isLoading&&!!e.canAccessCharts}n.d(t,{MA:()=>r,gq:()=>l});let a=""http://alert-atlas-link.invalid"";function l(e,t){if(!e||""","""!==t||!e.startsWith(""/""))return null;try{let t=new URL(e,a);if(t.origin!==a||""/""!==t.pathname||!t.searchParams.get(""symbol""))return null;return"""".concat(""/atlas"").concat(t.search).concat(t.hash)}catch(e){return null}}},34045:(e,t,n)=>{n.d(t,{M:()=>lc});var r=n(95155),a=n(12115),l=n(47650),o=n(65229),s=n(79451),i=n(37494),c=n(59427),d=n(20508),u=n(56154),p=n(80598),m=n(14005),g=n(27937),h=n(26145),x=n(17666),f=n(75091),b=n(84926),y=n(46359),v=n(47471),k=n(48007),w=n(20063),j=n(65685),S=n(25959);let N=""skylit:reduce-gpu"";function T(e){""undefined""!=typeof document&&document.documentElement.classList.toggle(""reduce-gpu"",e)}let A=(0,S.v)(e=>({enabled:!1,setEnabled:t=>{try{localStorage.setItem(N,"
1536-064f08115df39c50.js,atlas,3,30,21213,1,atlas,"ad()),[t]),i=(0,r.useCallback)(e=>t(()=>l.g.getState().markOne(e)),[t]);return{refresh:n,loadMore:o,markAllRead:s,markOne:i,dismissOne:(0,r.useCallback)(e=>t(()=>l.g.getState().dismissOne(e)),[t]),dismissAll:(0,r.useCallback)(()=>t(()=>l.g.getState().dismissAll()),[t])}}},33028:(e,t,n)=>{n.d(t,{D:()=>a,I:()=>r});let r=""469a0116-d226-48fc-8419-bd55351e26ea"",a=r.length>0},33531:(e,t,n)=>{function r(e){return!e.isLoading&&!!e.canAccessCharts}n.d(t,{MA:()=>r,gq:()=>l});let a=""http://alert-atlas-link.invalid"";function l(e,t){if(!e||""heatseeker""!==t||!e.startsWith(""/""))return null;try{let t=new URL(e,a);if(t.origin!==a||""/""!==t.pathname||!t.searchParams.get(""symbol""))return null;return"""".concat(""/",""").concat(t.search).concat(t.hash)}catch(e){return null}}},34045:(e,t,n)=>{n.d(t,{M:()=>lc});var r=n(95155),a=n(12115),l=n(47650),o=n(65229),s=n(79451),i=n(37494),c=n(59427),d=n(20508),u=n(56154),p=n(80598),m=n(14005),g=n(27937),h=n(26145),x=n(17666),f=n(75091),b=n(84926),y=n(46359),v=n(47471),k=n(48007),w=n(20063),j=n(65685),S=n(25959);let N=""skylit:reduce-gpu"";function T(e){""undefined""!=typeof document&&document.documentElement.classList.toggle(""reduce-gpu"",e)}let A=(0,S.v)(e=>({enabled:!1,setEnabled:t=>{try{localStorage.setItem(N,t?""1"":""0"")}catch(e){}T(t),e({enabled:t})},hydrate:()=>{let t=!1;try{t=""1""===localStorage.getItem(N)}catch(e){}T(t),e({enabled:t})}}));function C(e){let{periodMs:"
1536-064f08115df39c50.js,flowseeker,3,39,23849,1,flowseeker,")"",bgLight:""rgba(59, 130, 246, 0.08)"",borderDark:""#3b82f6"",borderLight:""#2563eb"",textDark:""#93c5fd"",textLight:""#1e40af"",badgeBgDark:""rgba(59, 130, 246, 0.25)"",badgeBgLight:""rgba(59, 130, 246, 0.15)""}},q={maintenance:""MAINTENANCE"",outage:""OUTAGE"",degraded:""DEGRADED"",feature:""NEW FEATURE""};function O(e){let{isMobile:t,onHeightChange:n}=e,{data:l}=(0,F._7)(),{dismissedIds:o,dismiss:s,setBannerHeight:i}=(0,W.S)(),{isDark:c}=(0,j.D)(),d=(0,w.usePathname)(),u=(0,a.useRef)(null),p=(0,a.useRef)(null),m=null==d?void 0:d.startsWith(""/flow""),g=a.useMemo(()=>(null==l?void 0:l.notifications)?l.notifications.filter(e=>{var t;if(o.includes(e.id))return!1;let n=null!=(t=e.module)?t:""all"";return""all""===n||(""","""===n?m:""heatseeker""!==n||!m)}).sort((e,t)=>D[e.severity]-D[t.severity]):[],[null==l?void 0:l.notifications,o,m]);return((0,a.useEffect)(()=>{let e=e=>{let t=Math.round(e);p.current!==t&&(p.current=t,n(t),i(t))};if(!u.current)return void e(0);e(u.current.getBoundingClientRect().height);let t=new ResizeObserver(t=>{for(let n of t)e(n.contentRect.height)});return t.observe(u.current),()=>t.disconnect()},[n,i,g.length]),(0,a.useEffect)(()=>{0===g.length&&0!==p.current&&(p.current=0,n(0),i(0))},[g.length,n,i]),0===g.length)?null:(0,r.jsx)(""div"",{ref:u,style:{position:""fixed"",top:0,left:0,right:0,zIndex:9999,display:""flex"",flexDirection:""column""},children:g.map(e=>(0,r.jsx)(B,{notification:e,isDa"
1536-064f08115df39c50.js,heatseeker,6,39,23868,1,heatseeker,", 130, 246, 0.08)"",borderDark:""#3b82f6"",borderLight:""#2563eb"",textDark:""#93c5fd"",textLight:""#1e40af"",badgeBgDark:""rgba(59, 130, 246, 0.25)"",badgeBgLight:""rgba(59, 130, 246, 0.15)""}},q={maintenance:""MAINTENANCE"",outage:""OUTAGE"",degraded:""DEGRADED"",feature:""NEW FEATURE""};function O(e){let{isMobile:t,onHeightChange:n}=e,{data:l}=(0,F._7)(),{dismissedIds:o,dismiss:s,setBannerHeight:i}=(0,W.S)(),{isDark:c}=(0,j.D)(),d=(0,w.usePathname)(),u=(0,a.useRef)(null),p=(0,a.useRef)(null),m=null==d?void 0:d.startsWith(""/flow""),g=a.useMemo(()=>(null==l?void 0:l.notifications)?l.notifications.filter(e=>{var t;if(o.includes(e.id))return!1;let n=null!=(t=e.module)?t:""all"";return""all""===n||(""flowseeker""===n?m:""","""!==n||!m)}).sort((e,t)=>D[e.severity]-D[t.severity]):[],[null==l?void 0:l.notifications,o,m]);return((0,a.useEffect)(()=>{let e=e=>{let t=Math.round(e);p.current!==t&&(p.current=t,n(t),i(t))};if(!u.current)return void e(0);e(u.current.getBoundingClientRect().height);let t=new ResizeObserver(t=>{for(let n of t)e(n.contentRect.height)});return t.observe(u.current),()=>t.disconnect()},[n,i,g.length]),(0,a.useEffect)(()=>{0===g.length&&0!==p.current&&(p.current=0,n(0),i(0))},[g.length,n,i]),0===g.length)?null:(0,r.jsx)(""div"",{ref:u,style:{position:""fixed"",top:0,left:0,right:0,zIndex:9999,display:""flex"",flexDirection:""column""},children:g.map(e=>(0,r.jsx)(B,{notification:e,isDark:c,isMobile:t,onD"
1536-064f08115df39c50.js,heatseeker,7,39,32156,1,Heatseeker,"g=n(52928),eh=n(46767),ex=n(76622),ef=n(94613),eb=n(58752);function ey(e){let{accent:t,accentGlow:n}=e,l=(0,a.useRef)(null);return C(l),(0,r.jsx)(""span"",{ref:l,className:""ml-1.5 inline-block"",style:{width:""8px"",height:""14px"",backgroundColor:t,borderRadius:""1px"",boxShadow:""0 0 8px "".concat(n)},""aria-hidden"":""true""})}function ev(e){let{isCollapsed:t,onToggleCollapse:n,width:l=210,onResize:o,onResizeCommit:s,activeNav:i,onNavChange:c,theme:d,isDark:u,onShowSkylitAI:p,onToggleAgentTerminal:m,accentColor:g=""blue"",footerIcons:h,footerAccount:x}=e,f=(0,W.S)(e=>e.bannerHeight),{isAdmin:b,roles:y,user:v,isLoading:k}=(0,ec.$)(),{hasDeveloperAccess:w,isLoading:j}=(0,eg.G)(),{canAccessCharts:S,canAccess",":N,isLoading:T}=(0,em.W)(),{canAccessSettings:A,isLoading:C}=(0,ep.P)(),E=!k&&!j&&!C&&!T,M=(0,X.P)(),I=M&&E?(0,ex.O)(y,{isNjordManaged:(0,eb.K_)(null==v?void 0:v.publicMetadata)}):null,z=(0,a.useMemo)(()=>_.Ej.map(e=>{let t=e.items.filter(e=>!1!==e.showInNav&&(!I||!!(0,ex.jk)(I,e.id))&&(!e.requiredRole||!!E&&(""admin""===e.requiredRole?b:""stages-access""===e.requiredRole?(0,ef.rp)(M,y):""developer-access""===e.requiredRole?w:""heatseeker""===e.requiredRole?N:""charts""===e.requiredRole?S:""flowseeker-settings""===e.requiredRole&&A)));return 0===t.length?null:{...e,items:t}}).filter(e=>null!==e),[S,A,N,w,b,I,M,E,y]),R=e=>{""skylitai""===e&&p?p():c(e)},[F,P]=(0,a.useState)(!1),[D,L]=(0,a.useState)(!1),q=(0"
1536-064f08115df39c50.js,heatseeker,8,39,32591,1,heatseeker,"theme:d,isDark:u,onShowSkylitAI:p,onToggleAgentTerminal:m,accentColor:g=""blue"",footerIcons:h,footerAccount:x}=e,f=(0,W.S)(e=>e.bannerHeight),{isAdmin:b,roles:y,user:v,isLoading:k}=(0,ec.$)(),{hasDeveloperAccess:w,isLoading:j}=(0,eg.G)(),{canAccessCharts:S,canAccessHeatseeker:N,isLoading:T}=(0,em.W)(),{canAccessSettings:A,isLoading:C}=(0,ep.P)(),E=!k&&!j&&!C&&!T,M=(0,X.P)(),I=M&&E?(0,ex.O)(y,{isNjordManaged:(0,eb.K_)(null==v?void 0:v.publicMetadata)}):null,z=(0,a.useMemo)(()=>_.Ej.map(e=>{let t=e.items.filter(e=>!1!==e.showInNav&&(!I||!!(0,ex.jk)(I,e.id))&&(!e.requiredRole||!!E&&(""admin""===e.requiredRole?b:""stages-access""===e.requiredRole?(0,ef.rp)(M,y):""developer-access""===e.requiredRole?w:""","""===e.requiredRole?N:""charts""===e.requiredRole?S:""flowseeker-settings""===e.requiredRole&&A)));return 0===t.length?null:{...e,items:t}}).filter(e=>null!==e),[S,A,N,w,b,I,M,E,y]),R=e=>{""skylitai""===e&&p?p():c(e)},[F,P]=(0,a.useState)(!1),[D,L]=(0,a.useState)(!1),q=(0,a.useRef)(null),O=(0,a.useRef)(l),B=e=>{q.current&&(q.current=null,P(!1),e.currentTarget.hasPointerCapture(e.pointerId)&&e.currentTarget.releasePointerCapture(e.pointerId),null==s||s(O.current))};return(0,r.jsxs)(""aside"",{className:""fixed left-0 flex flex-col z-50"",""data-component"":""sidebar"",style:{top:"""".concat(f,""px""),height:""calc(100vh - "".concat(f,""px)""),width:t?""56px"":"""".concat(l,""px""),backgroundColor:d.sidebar,borderRight:""1"
1536-064f08115df39c50.js,flowseeker,4,39,32651,1,flowseeker,"centColor:g=""blue"",footerIcons:h,footerAccount:x}=e,f=(0,W.S)(e=>e.bannerHeight),{isAdmin:b,roles:y,user:v,isLoading:k}=(0,ec.$)(),{hasDeveloperAccess:w,isLoading:j}=(0,eg.G)(),{canAccessCharts:S,canAccessHeatseeker:N,isLoading:T}=(0,em.W)(),{canAccessSettings:A,isLoading:C}=(0,ep.P)(),E=!k&&!j&&!C&&!T,M=(0,X.P)(),I=M&&E?(0,ex.O)(y,{isNjordManaged:(0,eb.K_)(null==v?void 0:v.publicMetadata)}):null,z=(0,a.useMemo)(()=>_.Ej.map(e=>{let t=e.items.filter(e=>!1!==e.showInNav&&(!I||!!(0,ex.jk)(I,e.id))&&(!e.requiredRole||!!E&&(""admin""===e.requiredRole?b:""stages-access""===e.requiredRole?(0,ef.rp)(M,y):""developer-access""===e.requiredRole?w:""heatseeker""===e.requiredRole?N:""charts""===e.requiredRole?S:""","-settings""===e.requiredRole&&A)));return 0===t.length?null:{...e,items:t}}).filter(e=>null!==e),[S,A,N,w,b,I,M,E,y]),R=e=>{""skylitai""===e&&p?p():c(e)},[F,P]=(0,a.useState)(!1),[D,L]=(0,a.useState)(!1),q=(0,a.useRef)(null),O=(0,a.useRef)(l),B=e=>{q.current&&(q.current=null,P(!1),e.currentTarget.hasPointerCapture(e.pointerId)&&e.currentTarget.releasePointerCapture(e.pointerId),null==s||s(O.current))};return(0,r.jsxs)(""aside"",{className:""fixed left-0 flex flex-col z-50"",""data-component"":""sidebar"",style:{top:"""".concat(f,""px""),height:""calc(100vh - "".concat(f,""px)""),width:t?""56px"":"""".concat(l,""px""),backgroundColor:d.sidebar,borderRight:""1px solid "".concat(d.border),transition:F?""none"":""width 0.2s"
1536-064f08115df39c50.js,talon,2,125,42486,1,talon,"93),eE=n(8198),eM=n(91169),eI=n(78192),ez=n(47821),eR=n(17708);let eF=""cubic-bezier(0.34, 1.56, 0.64, 1)"",eW=""cubic-bezier(0.25, 0.46, 0.45, 0.94)"";function eP(e){var t;let{activeModule:n,onModuleChange:l,activeNav:o,onNavChange:s,isDark:i,accentColor:c=""purple"",onShowSkylitAI:d}=e,[u,p]=(0,a.useState)(!1),[m,g]=(0,a.useState)(!1),[h,x]=(0,a.useState)(!1),f=(0,E.q8)(c,i),b=(0,a.useRef)(null),y=(0,a.useRef)(null),k=(0,a.useRef)([]),w=(0,a.useRef)(null),j=(0,a.useRef)(0),S=(0,a.useRef)({x:0,y:0,moved:!1,time:0}),N=(0,a.useRef)(0),T=(0,a.useRef)(null),A=(0,a.useRef)(66),C=(0,a.useRef)(!1),M=(0,a.useRef)(!1),I=(0,a.useCallback)(()=>{let e=ez.O.getState();e.isOpen?e.closePanel():(e.setActiveTab(""","""),e.openPanel())},[]),{isAdmin:z,roles:R,user:F,isLoading:W}=(0,ec.$)(),{hasDeveloperAccess:P,isLoading:D}=(0,eg.G)(),{canAccessCharts:L,canAccessHeatseeker:q,isLoading:O}=(0,em.W)(),{canAccessSettings:B,isLoading:G}=(0,ep.P)(),{isSignedIn:V}=(0,v.d)(),{data:H}=(0,eR.Ol)(!!V),K=null!=(t=null==H?void 0:H.hasUnseen)&&t,U=!W&&!D&&!G&&!O,Y=(0,X.P)(),Q=Y&&U?(0,ex.O)(R,{isNjordManaged:(0,eb.K_)(null==F?void 0:F.publicMetadata)}):null,$=(_.tl[n]||_.tl.heatseeker).filter(e=>!1!==e.showInNav&&!e.hideOnMobile&&(!Q||!!(0,ex.jk)(Q,e.id))&&(!e.requiredRole||!!U)&&(""admin""===e.requiredRole?z:""stages-access""===e.requiredRole?(0,ef.rp)(Y,R):""developer-access""===e.requiredRole?P:""heatseeker""===e.requiredRol"
1536-064f08115df39c50.js,heatseeker,9,39,42638,1,Heatseeker,"tion eP(e){var t;let{activeModule:n,onModuleChange:l,activeNav:o,onNavChange:s,isDark:i,accentColor:c=""purple"",onShowSkylitAI:d}=e,[u,p]=(0,a.useState)(!1),[m,g]=(0,a.useState)(!1),[h,x]=(0,a.useState)(!1),f=(0,E.q8)(c,i),b=(0,a.useRef)(null),y=(0,a.useRef)(null),k=(0,a.useRef)([]),w=(0,a.useRef)(null),j=(0,a.useRef)(0),S=(0,a.useRef)({x:0,y:0,moved:!1,time:0}),N=(0,a.useRef)(0),T=(0,a.useRef)(null),A=(0,a.useRef)(66),C=(0,a.useRef)(!1),M=(0,a.useRef)(!1),I=(0,a.useCallback)(()=>{let e=ez.O.getState();e.isOpen?e.closePanel():(e.setActiveTab(""talon""),e.openPanel())},[]),{isAdmin:z,roles:R,user:F,isLoading:W}=(0,ec.$)(),{hasDeveloperAccess:P,isLoading:D}=(0,eg.G)(),{canAccessCharts:L,canAccess",":q,isLoading:O}=(0,em.W)(),{canAccessSettings:B,isLoading:G}=(0,ep.P)(),{isSignedIn:V}=(0,v.d)(),{data:H}=(0,eR.Ol)(!!V),K=null!=(t=null==H?void 0:H.hasUnseen)&&t,U=!W&&!D&&!G&&!O,Y=(0,X.P)(),Q=Y&&U?(0,ex.O)(R,{isNjordManaged:(0,eb.K_)(null==F?void 0:F.publicMetadata)}):null,$=(_.tl[n]||_.tl.heatseeker).filter(e=>!1!==e.showInNav&&!e.hideOnMobile&&(!Q||!!(0,ex.jk)(Q,e.id))&&(!e.requiredRole||!!U)&&(""admin""===e.requiredRole?z:""stages-access""===e.requiredRole?(0,ef.rp)(Y,R):""developer-access""===e.requiredRole?P:""heatseeker""===e.requiredRole?q:""charts""===e.requiredRole?L:""flowseeker-settings""!==e.requiredRole||B)),J=Object.keys(_.tl).filter(e=>_.tl[e].some(e=>!1!==e.showInNav&&(!Q||!!(0,ex.jk)("
1536-064f08115df39c50.js,heatseeker,10,39,42941,1,heatseeker,",j=(0,a.useRef)(0),S=(0,a.useRef)({x:0,y:0,moved:!1,time:0}),N=(0,a.useRef)(0),T=(0,a.useRef)(null),A=(0,a.useRef)(66),C=(0,a.useRef)(!1),M=(0,a.useRef)(!1),I=(0,a.useCallback)(()=>{let e=ez.O.getState();e.isOpen?e.closePanel():(e.setActiveTab(""talon""),e.openPanel())},[]),{isAdmin:z,roles:R,user:F,isLoading:W}=(0,ec.$)(),{hasDeveloperAccess:P,isLoading:D}=(0,eg.G)(),{canAccessCharts:L,canAccessHeatseeker:q,isLoading:O}=(0,em.W)(),{canAccessSettings:B,isLoading:G}=(0,ep.P)(),{isSignedIn:V}=(0,v.d)(),{data:H}=(0,eR.Ol)(!!V),K=null!=(t=null==H?void 0:H.hasUnseen)&&t,U=!W&&!D&&!G&&!O,Y=(0,X.P)(),Q=Y&&U?(0,ex.O)(R,{isNjordManaged:(0,eb.K_)(null==F?void 0:F.publicMetadata)}):null,$=(_.tl[n]||_.tl.",").filter(e=>!1!==e.showInNav&&!e.hideOnMobile&&(!Q||!!(0,ex.jk)(Q,e.id))&&(!e.requiredRole||!!U)&&(""admin""===e.requiredRole?z:""stages-access""===e.requiredRole?(0,ef.rp)(Y,R):""developer-access""===e.requiredRole?P:""heatseeker""===e.requiredRole?q:""charts""===e.requiredRole?L:""flowseeker-settings""!==e.requiredRole||B)),J=Object.keys(_.tl).filter(e=>_.tl[e].some(e=>!1!==e.showInNav&&(!Q||!!(0,ex.jk)(Q,e.id))&&(!e.requiredRole||!!U)&&(""admin""===e.requiredRole?z:""stages-access""===e.requiredRole?(0,ef.rp)(Y,R):""developer-access""===e.requiredRole?P:""heatseeker""===e.requiredRole?q:""charts""===e.requiredRole?L:""flowseeker-settings""!==e.requiredRole||B))),Z=(0,a.useCallback)(()=>{if(!b.current)return;let"
1536-064f08115df39c50.js,heatseeker,11,39,43164,1,heatseeker,"el():(e.setActiveTab(""talon""),e.openPanel())},[]),{isAdmin:z,roles:R,user:F,isLoading:W}=(0,ec.$)(),{hasDeveloperAccess:P,isLoading:D}=(0,eg.G)(),{canAccessCharts:L,canAccessHeatseeker:q,isLoading:O}=(0,em.W)(),{canAccessSettings:B,isLoading:G}=(0,ep.P)(),{isSignedIn:V}=(0,v.d)(),{data:H}=(0,eR.Ol)(!!V),K=null!=(t=null==H?void 0:H.hasUnseen)&&t,U=!W&&!D&&!G&&!O,Y=(0,X.P)(),Q=Y&&U?(0,ex.O)(R,{isNjordManaged:(0,eb.K_)(null==F?void 0:F.publicMetadata)}):null,$=(_.tl[n]||_.tl.heatseeker).filter(e=>!1!==e.showInNav&&!e.hideOnMobile&&(!Q||!!(0,ex.jk)(Q,e.id))&&(!e.requiredRole||!!U)&&(""admin""===e.requiredRole?z:""stages-access""===e.requiredRole?(0,ef.rp)(Y,R):""developer-access""===e.requiredRole?P:""","""===e.requiredRole?q:""charts""===e.requiredRole?L:""flowseeker-settings""!==e.requiredRole||B)),J=Object.keys(_.tl).filter(e=>_.tl[e].some(e=>!1!==e.showInNav&&(!Q||!!(0,ex.jk)(Q,e.id))&&(!e.requiredRole||!!U)&&(""admin""===e.requiredRole?z:""stages-access""===e.requiredRole?(0,ef.rp)(Y,R):""developer-access""===e.requiredRole?P:""heatseeker""===e.requiredRole?q:""charts""===e.requiredRole?L:""flowseeker-settings""!==e.requiredRole||B))),Z=(0,a.useCallback)(()=>{if(!b.current)return;let e=b.current.getBoundingClientRect();w.current=e;let t=Array.from(b.current.querySelectorAll(""[data-nav-id]"")).map(t=>{let n=t.getBoundingClientRect();return{id:t.getAttribute(""data-nav-id"")||"""",left:n.left-e.left,right:n.ri"
1536-064f08115df39c50.js,flowseeker,5,39,43224,1,flowseeker,",roles:R,user:F,isLoading:W}=(0,ec.$)(),{hasDeveloperAccess:P,isLoading:D}=(0,eg.G)(),{canAccessCharts:L,canAccessHeatseeker:q,isLoading:O}=(0,em.W)(),{canAccessSettings:B,isLoading:G}=(0,ep.P)(),{isSignedIn:V}=(0,v.d)(),{data:H}=(0,eR.Ol)(!!V),K=null!=(t=null==H?void 0:H.hasUnseen)&&t,U=!W&&!D&&!G&&!O,Y=(0,X.P)(),Q=Y&&U?(0,ex.O)(R,{isNjordManaged:(0,eb.K_)(null==F?void 0:F.publicMetadata)}):null,$=(_.tl[n]||_.tl.heatseeker).filter(e=>!1!==e.showInNav&&!e.hideOnMobile&&(!Q||!!(0,ex.jk)(Q,e.id))&&(!e.requiredRole||!!U)&&(""admin""===e.requiredRole?z:""stages-access""===e.requiredRole?(0,ef.rp)(Y,R):""developer-access""===e.requiredRole?P:""heatseeker""===e.requiredRole?q:""charts""===e.requiredRole?L:""","-settings""!==e.requiredRole||B)),J=Object.keys(_.tl).filter(e=>_.tl[e].some(e=>!1!==e.showInNav&&(!Q||!!(0,ex.jk)(Q,e.id))&&(!e.requiredRole||!!U)&&(""admin""===e.requiredRole?z:""stages-access""===e.requiredRole?(0,ef.rp)(Y,R):""developer-access""===e.requiredRole?P:""heatseeker""===e.requiredRole?q:""charts""===e.requiredRole?L:""flowseeker-settings""!==e.requiredRole||B))),Z=(0,a.useCallback)(()=>{if(!b.current)return;let e=b.current.getBoundingClientRect();w.current=e;let t=Array.from(b.current.querySelectorAll(""[data-nav-id]"")).map(t=>{let n=t.getBoundingClientRect();return{id:t.getAttribute(""data-nav-id"")||"""",left:n.left-e.left,right:n.right-e.left,centerX:(n.left+n.right)/2-e.left,width:n.width}}"
1536-064f08115df39c50.js,heatseeker,12,39,43497,1,heatseeker,"hasUnseen)&&t,U=!W&&!D&&!G&&!O,Y=(0,X.P)(),Q=Y&&U?(0,ex.O)(R,{isNjordManaged:(0,eb.K_)(null==F?void 0:F.publicMetadata)}):null,$=(_.tl[n]||_.tl.heatseeker).filter(e=>!1!==e.showInNav&&!e.hideOnMobile&&(!Q||!!(0,ex.jk)(Q,e.id))&&(!e.requiredRole||!!U)&&(""admin""===e.requiredRole?z:""stages-access""===e.requiredRole?(0,ef.rp)(Y,R):""developer-access""===e.requiredRole?P:""heatseeker""===e.requiredRole?q:""charts""===e.requiredRole?L:""flowseeker-settings""!==e.requiredRole||B)),J=Object.keys(_.tl).filter(e=>_.tl[e].some(e=>!1!==e.showInNav&&(!Q||!!(0,ex.jk)(Q,e.id))&&(!e.requiredRole||!!U)&&(""admin""===e.requiredRole?z:""stages-access""===e.requiredRole?(0,ef.rp)(Y,R):""developer-access""===e.requiredRole?P:""","""===e.requiredRole?q:""charts""===e.requiredRole?L:""flowseeker-settings""!==e.requiredRole||B))),Z=(0,a.useCallback)(()=>{if(!b.current)return;let e=b.current.getBoundingClientRect();w.current=e;let t=Array.from(b.current.querySelectorAll(""[data-nav-id]"")).map(t=>{let n=t.getBoundingClientRect();return{id:t.getAttribute(""data-nav-id"")||"""",left:n.left-e.left,right:n.right-e.left,centerX:(n.left+n.right)/2-e.left,width:n.width}});k.current=t,t.length>0&&(A.current=t.reduce((e,t)=>e+t.width,0)/t.length)},[]),ee=(0,a.useCallback)(e=>{var t;if(!y.current||!b.current||M.current)return;Z();let n=k.current.find(e=>e.id===o);if(!n)return;e?y.current.style.transition=""left 0.55s "".concat(eW,"", width 0.55"
1536-064f08115df39c50.js,flowseeker,6,39,43557,1,flowseeker,",{isNjordManaged:(0,eb.K_)(null==F?void 0:F.publicMetadata)}):null,$=(_.tl[n]||_.tl.heatseeker).filter(e=>!1!==e.showInNav&&!e.hideOnMobile&&(!Q||!!(0,ex.jk)(Q,e.id))&&(!e.requiredRole||!!U)&&(""admin""===e.requiredRole?z:""stages-access""===e.requiredRole?(0,ef.rp)(Y,R):""developer-access""===e.requiredRole?P:""heatseeker""===e.requiredRole?q:""charts""===e.requiredRole?L:""flowseeker-settings""!==e.requiredRole||B)),J=Object.keys(_.tl).filter(e=>_.tl[e].some(e=>!1!==e.showInNav&&(!Q||!!(0,ex.jk)(Q,e.id))&&(!e.requiredRole||!!U)&&(""admin""===e.requiredRole?z:""stages-access""===e.requiredRole?(0,ef.rp)(Y,R):""developer-access""===e.requiredRole?P:""heatseeker""===e.requiredRole?q:""charts""===e.requiredRole?L:""","-settings""!==e.requiredRole||B))),Z=(0,a.useCallback)(()=>{if(!b.current)return;let e=b.current.getBoundingClientRect();w.current=e;let t=Array.from(b.current.querySelectorAll(""[data-nav-id]"")).map(t=>{let n=t.getBoundingClientRect();return{id:t.getAttribute(""data-nav-id"")||"""",left:n.left-e.left,right:n.right-e.left,centerX:(n.left+n.right)/2-e.left,width:n.width}});k.current=t,t.length>0&&(A.current=t.reduce((e,t)=>e+t.width,0)/t.length)},[]),ee=(0,a.useCallback)(e=>{var t;if(!y.current||!b.current||M.current)return;Z();let n=k.current.find(e=>e.id===o);if(!n)return;e?y.current.style.transition=""left 0.55s "".concat(eW,"", width 0.55s "").concat(eW,"", transform 0.35s "").concat(eF):y.current.st"
1536-064f08115df39c50.js,heatseeker,13,39,56747,1,heatseeker,":{color:c?l?""#fff"":""#18181b"":l?""rgba(255,255,255,0.55)"":""rgba(0,0,0,0.5)"",fontSize:""13px"",fontWeight:c?600:500,fontFamily:P.Il.font.mono,letterSpacing:""0.01em""},children:i}),c&&(0,r.jsx)(""div"",{className:""module-active-dot"",style:{marginLeft:""auto"",width:""6px"",height:""6px"",borderRadius:""50%"",backgroundColor:o,boxShadow:""0 0 8px "".concat(o),animation:""pulseGlow 2s ease-in-out infinite""}})]},a)})]})})})}function eq(e){let{module:t,size:n,isActive:a=!0,isDark:l=!0}=e,o={size:n,fill:a?""currentColor"":""none"",style:{color:a?l?""#fff"":""#18181b"":l?""rgba(255,255,255,0.5)"":""rgba(0,0,0,0.4)"",strokeWidth:a?1.5:1.8,transition:""all 0.25s "".concat(eW)}};switch(t){case""home"":return(0,r.jsx)(e_.A,{...o});case""",""":default:return(0,r.jsx)(eE.A,{...o});case""flowseeker"":return(0,r.jsx)(H.A,{...o});case""nexus"":return(0,r.jsx)(eM.A,{...o});case""agents"":return(0,r.jsx)(eI.A,{...o})}}var eO=n(67364),eB=n(99776);let eG={name:""Glitch"",avatarUrl:""/avatars/glitch.png""},eV=Date.now(),eH=e=>new Date(eV-6e4*e).toISOString(),eK=[{id:""g-001"",source:""discord"",text:""$SPY rejecting 540 again. Dealers pinned — watching for a sweep below 538 before any real move."",images:[],cashtags:[""SPY""],postedAt:eH(4),sourceUrl:""https://discord.com/channels/000/111/001"",author:eG,signalScore:.92,sentiment:""bearish""},{id:""g-002"",source:""x"",text:""Gamma map says it all. $QQQ \uD83E\uDDF2"",images:[""https://placehold.co/600x300/0d1119/22"
1536-064f08115df39c50.js,flowseeker,7,39,56801,1,flowseeker,""":""rgba(0,0,0,0.5)"",fontSize:""13px"",fontWeight:c?600:500,fontFamily:P.Il.font.mono,letterSpacing:""0.01em""},children:i}),c&&(0,r.jsx)(""div"",{className:""module-active-dot"",style:{marginLeft:""auto"",width:""6px"",height:""6px"",borderRadius:""50%"",backgroundColor:o,boxShadow:""0 0 8px "".concat(o),animation:""pulseGlow 2s ease-in-out infinite""}})]},a)})]})})})}function eq(e){let{module:t,size:n,isActive:a=!0,isDark:l=!0}=e,o={size:n,fill:a?""currentColor"":""none"",style:{color:a?l?""#fff"":""#18181b"":l?""rgba(255,255,255,0.5)"":""rgba(0,0,0,0.4)"",strokeWidth:a?1.5:1.8,transition:""all 0.25s "".concat(eW)}};switch(t){case""home"":return(0,r.jsx)(e_.A,{...o});case""heatseeker"":default:return(0,r.jsx)(eE.A,{...o});case""",""":return(0,r.jsx)(H.A,{...o});case""nexus"":return(0,r.jsx)(eM.A,{...o});case""agents"":return(0,r.jsx)(eI.A,{...o})}}var eO=n(67364),eB=n(99776);let eG={name:""Glitch"",avatarUrl:""/avatars/glitch.png""},eV=Date.now(),eH=e=>new Date(eV-6e4*e).toISOString(),eK=[{id:""g-001"",source:""discord"",text:""$SPY rejecting 540 again. Dealers pinned — watching for a sweep below 538 before any real move."",images:[],cashtags:[""SPY""],postedAt:eH(4),sourceUrl:""https://discord.com/channels/000/111/001"",author:eG,signalScore:.92,sentiment:""bearish""},{id:""g-002"",source:""x"",text:""Gamma map says it all. $QQQ \uD83E\uDDF2"",images:[""https://placehold.co/600x300/0d1119/22d3ee?text=QQQ+gamma""],cashtags:[""QQQ""],postedAt:eH(38)"
1536-064f08115df39c50.js,gamma,3,12,57368,1,Gamma,"ll 0.25s "".concat(eW)}};switch(t){case""home"":return(0,r.jsx)(e_.A,{...o});case""heatseeker"":default:return(0,r.jsx)(eE.A,{...o});case""flowseeker"":return(0,r.jsx)(H.A,{...o});case""nexus"":return(0,r.jsx)(eM.A,{...o});case""agents"":return(0,r.jsx)(eI.A,{...o})}}var eO=n(67364),eB=n(99776);let eG={name:""Glitch"",avatarUrl:""/avatars/glitch.png""},eV=Date.now(),eH=e=>new Date(eV-6e4*e).toISOString(),eK=[{id:""g-001"",source:""discord"",text:""$SPY rejecting 540 again. Dealers pinned — watching for a sweep below 538 before any real move."",images:[],cashtags:[""SPY""],postedAt:eH(4),sourceUrl:""https://discord.com/channels/000/111/001"",author:eG,signalScore:.92,sentiment:""bearish""},{id:""g-002"",source:""x"",text:""","map says it all. $QQQ \uD83E\uDDF2"",images:[""https://placehold.co/600x300/0d1119/22d3ee?text=QQQ+gamma""],cashtags:[""QQQ""],postedAt:eH(38),sourceUrl:""https://x.com/glitch/status/002"",author:eG,signalScore:.41,sentiment:""neutral""},{id:""g-003"",source:""discord"",text:""Vanna flip incoming on $QQQ. Keep size honest into the close."",images:[],cashtags:[""QQQ""],postedAt:eH(95),sourceUrl:""https://discord.com/channels/000/111/003"",author:eG,signalScore:.78,sentiment:""neutral""},{id:""g-004"",source:""x"",text:""Reminder: charm decay accelerates after 2pm. Plan the fade, don’t chase it."",images:[],cashtags:[],postedAt:eH(300),sourceUrl:""https://x.com/glitch/status/004"",author:eG,signalScore:.18,sentiment:""neu"
1536-064f08115df39c50.js,gamma,4,12,57471,1,gamma,"rn(0,r.jsx)(eE.A,{...o});case""flowseeker"":return(0,r.jsx)(H.A,{...o});case""nexus"":return(0,r.jsx)(eM.A,{...o});case""agents"":return(0,r.jsx)(eI.A,{...o})}}var eO=n(67364),eB=n(99776);let eG={name:""Glitch"",avatarUrl:""/avatars/glitch.png""},eV=Date.now(),eH=e=>new Date(eV-6e4*e).toISOString(),eK=[{id:""g-001"",source:""discord"",text:""$SPY rejecting 540 again. Dealers pinned — watching for a sweep below 538 before any real move."",images:[],cashtags:[""SPY""],postedAt:eH(4),sourceUrl:""https://discord.com/channels/000/111/001"",author:eG,signalScore:.92,sentiment:""bearish""},{id:""g-002"",source:""x"",text:""Gamma map says it all. $QQQ \uD83E\uDDF2"",images:[""https://placehold.co/600x300/0d1119/22d3ee?text=QQQ+","""],cashtags:[""QQQ""],postedAt:eH(38),sourceUrl:""https://x.com/glitch/status/002"",author:eG,signalScore:.41,sentiment:""neutral""},{id:""g-003"",source:""discord"",text:""Vanna flip incoming on $QQQ. Keep size honest into the close."",images:[],cashtags:[""QQQ""],postedAt:eH(95),sourceUrl:""https://discord.com/channels/000/111/003"",author:eG,signalScore:.78,sentiment:""neutral""},{id:""g-004"",source:""x"",text:""Reminder: charm decay accelerates after 2pm. Plan the fade, don’t chase it."",images:[],cashtags:[],postedAt:eH(300),sourceUrl:""https://x.com/glitch/status/004"",author:eG,signalScore:.18,sentiment:""neutral""},{id:""g-005"",source:""discord"",text:""$VIX bid under the surface all morning. Hedge flows are real"
1536-064f08115df39c50.js,gamma,5,12,59283,1,gamma,"006"",author:eG,signalScore:.55,sentiment:""neutral""},{id:""g-007"",source:""discord"",text:""Morning plan: $SPY 538/542 range until proven otherwise. $IWM laggy — avoid."",images:[],cashtags:[""SPY"",""IWM""],postedAt:eH(1680),sourceUrl:""https://discord.com/channels/000/111/007"",author:eG,signalScore:.85,sentiment:""neutral""},{id:""g-008"",source:""x"",text:""Big picture thread: positioning into CPI week. Charts inside."",images:[""https://placehold.co/600x300/0d1119/f59e0b?text=CPI+positioning"",""https://placehold.co/600x300/0d1119/22c55e?text=Flows""],cashtags:[],postedAt:eH(3e3),sourceUrl:""https://x.com/glitch/status/008"",author:eG,signalScore:.33,sentiment:""neutral""},{id:""g-009"",source:""discord"",text:""$TSLA","squeeze chatter is overdone. Walls are thin above 260."",images:[],cashtags:[""TSLA""],postedAt:eH(3120),sourceUrl:""https://discord.com/channels/000/111/009"",author:eG,signalScore:.71,sentiment:""bearish""},{id:""g-010"",source:""discord"",text:""Closing thoughts: respected every level today. Review your fills, not your feelings."",images:[],cashtags:[],postedAt:eH(4500),sourceUrl:""https://discord.com/channels/000/111/010"",author:eG,signalScore:.1,sentiment:""neutral""}].sort((e,t)=>t.postedAt.localeCompare(e.postedAt));var eU=n(87358);let eY=()=>"""".concat(window.location.protocol,""//"").concat(window.location.host);class eX extends Error{constructor(e,t){super(e),this.name=""GlitchAPIError"",this.status=t"
1536-064f08115df39c50.js,aegis,1,4,65005,1,Aegis,"14-eZ(""right""),a.y,g))},[i,u,g]),{newestPostedAt:C}=function(e){var t,n,r;let{getToken:a}=(0,v.d)(),l=null==(n=(0,$.I)({queryKey:[""glitch-unread-probe""],queryFn:e=>{let{signal:t}=e;return eQ(a,{limit:1},t)},refetchInterval:6e4,enabled:e}).data)||null==(t=n.messages)?void 0:t[0];return{newestPostedAt:null==l?void 0:l.postedAt,avatarUrl:null==l||null==(r=l.author)?void 0:r.avatarUrl}}(n&&!l);if(!h||l||o||t&&p||p&&(null==m?void 0:m.startsWith(""/dojo"")))return null;let _=null!=f?f:d,E=_?{left:"""".concat(_.x,""px""),top:"""".concat(_.y,""px"")}:t?{top:""60vh"",right:""16px""}:{bottom:"""".concat(84,""px""),right:""24px""};return(0,r.jsxs)(""button"",{onPointerDown:N,onPointerMove:T,onPointerUp:A,""aria-label"":""Open",""",""data-testid"":""glitch-bubble"",className:""glitch-bubble fixed flex items-center justify-center hover:scale-[1.04] active:scale-[0.98]"",style:{zIndex:9989,width:"""".concat(g,""px""),height:"""".concat(g,""px""),borderRadius:""9999px"",background:""linear-gradient(135deg, rgba(15, 23, 42, 0.96), rgba(5, 10, 18, 0.96))"",border:""1px solid rgba(147, 197, 253, 0.46)"",boxShadow:""0 18px 50px rgba(0, 0, 0, 0.42), 0 0 34px rgba(147, 197, 253, 0.16), inset 0 1px 0 rgba(255, 255, 255, 0.06)"",backdropFilter:""blur(18px) saturate(150%)"",WebkitBackdropFilter:""blur(18px) saturate(150%)"",...E,opacity:c,padding:0,cursor:j?""grabbing"":""pointer"",overflow:""visible"",touchAction:""none"",transition:j?""transform 0.18s ease, opa"
1536-064f08115df39c50.js,talon,3,125,67007,1,talon,"-testid"":""glitch-unread-dot"",className:""absolute"",style:{top:""-2px"",right:""-2px"",width:""12px"",height:""12px"",borderRadius:""9999px"",background:""#ef4444"",border:""2px solid rgba(5, 10, 18, 0.9)"",boxShadow:""0 0 8px rgba(239, 68, 68, 0.6)"",opacity:1}})]})}var e2=n(49476),e5=n(65506),e4=n(57828),e3=n(89715),e6=n(37772),e8=n(8533),e9=n(95740),e7=n(3538),te=n(55412),tt=n(58985),tn=n(37354),tr=n(24033),ta=n(18085);let tl=""#93c5fd"",to=""rgba(147, 197, 253, 0.24)"",ts=""rgba(147, 197, 253, 0.46)"";var ti=n(53465);function tc(e){let{size:t=16}=e;return(0,r.jsxs)(""svg"",{width:t,height:t,viewBox:""0 0 16 16"",fill:""none"",stroke:""currentColor"",strokeWidth:1.5,strokeLinecap:""round"",""aria-hidden"":!0,""data-testid"":""","-mark"",children:[(0,r.jsx)(""circle"",{cx:""8"",cy:""8"",r:""3.75""}),(0,r.jsx)(""path"",{d:""M8 1.5V14.5M1.5 8H14.5""})]})}var td=n(85567),tu=n(50753),tp=n(33028),tm=n(4125),tg=n(66630),th=n(89863);let tx=""agent-terminal-settings"",tf=[""levels"",""flow"",""talon"",""trinity""],tb=e=>{let t=Number(null!=e?e:0);return Number.isFinite(t)?Math.round(Math.min(4,Math.max(-4,t))):0},ty=(e,t)=>n=>e.includes(n)?n:t,tv=ty([""inline"",""divider"",""right""],""divider""),tk=ty([""off"",""recede"",""bold"",""chip""],""recede""),tw=ty([""off"",""menu""],""menu""),tj={opacity:.85,outputsPanelWidth:320,dockPosition:""right"",dockWidth:460,bottomDockHeight:560,soundEnabled:!0,notificationsEnabled:!0,vimModeEnabled:!1,conciseMode:!1,suggestFollowups:!0,"
1536-064f08115df39c50.js,talon,4,125,67253,1,talon,"]})}var e2=n(49476),e5=n(65506),e4=n(57828),e3=n(89715),e6=n(37772),e8=n(8533),e9=n(95740),e7=n(3538),te=n(55412),tt=n(58985),tn=n(37354),tr=n(24033),ta=n(18085);let tl=""#93c5fd"",to=""rgba(147, 197, 253, 0.24)"",ts=""rgba(147, 197, 253, 0.46)"";var ti=n(53465);function tc(e){let{size:t=16}=e;return(0,r.jsxs)(""svg"",{width:t,height:t,viewBox:""0 0 16 16"",fill:""none"",stroke:""currentColor"",strokeWidth:1.5,strokeLinecap:""round"",""aria-hidden"":!0,""data-testid"":""talon-mark"",children:[(0,r.jsx)(""circle"",{cx:""8"",cy:""8"",r:""3.75""}),(0,r.jsx)(""path"",{d:""M8 1.5V14.5M1.5 8H14.5""})]})}var td=n(85567),tu=n(50753),tp=n(33028),tm=n(4125),tg=n(66630),th=n(89863);let tx=""agent-terminal-settings"",tf=[""levels"",""flow"",""",""",""trinity""],tb=e=>{let t=Number(null!=e?e:0);return Number.isFinite(t)?Math.round(Math.min(4,Math.max(-4,t))):0},ty=(e,t)=>n=>e.includes(n)?n:t,tv=ty([""inline"",""divider"",""right""],""divider""),tk=ty([""off"",""recede"",""bold"",""chip""],""recede""),tw=ty([""off"",""menu""],""menu""),tj={opacity:.85,outputsPanelWidth:320,dockPosition:""right"",dockWidth:460,bottomDockHeight:560,soundEnabled:!0,notificationsEnabled:!0,vimModeEnabled:!1,conciseMode:!1,suggestFollowups:!0,talonFontDelta:0,talonFontFamily:""mono"",talonLineHeight:""compact"",quickCommands:tf,talonPromptStyle:""divider"",talonDataEmphasis:""recede"",talonTickerMenu:""menu"",recentSymbols:[],pinnedContext:[]};function tS(e,t){return e.length===t.length&&e.ever"
1536-064f08115df39c50.js,talon,5,125,73577,1,Talon,":""10px"",fontWeight:600,letterSpacing:""0.09em"",textTransform:""uppercase"",color:p.textMuted,opacity:.75},children:e}),F={""--appearance-track"":u?""rgba(255,255,255,0.14)"":""rgba(0,0,0,0.14)"",""--appearance-thumb"":u?""rgba(255,255,255,0.92)"":""rgba(0,0,0,0.78)"",""--appearance-focus"":u?""rgba(255,255,255,0.20)"":""rgba(0,0,0,0.16)""},W=d&&(0!==w.talonFontDelta||""mono""!==w.talonFontFamily||""compact""!==w.talonLineHeight||""divider""!==w.talonPromptStyle||""recede""!==w.talonDataEmphasis||""menu""!==w.talonTickerMenu)||""aurora""!==x||1!==f||14!==b;return(0,r.jsxs)(""div"",{className:""relative"",ref:h,children:[(0,r.jsx)(""button"",{type:""button"",onClick:()=>g(e=>!e),title:""Appearance — panel skin, opacity, blur, and (on",") reading settings"",""aria-label"":""Appearance"",""aria-expanded"":m,""aria-haspopup"":""dialog"",""data-testid"":""appearance-button"",""data-modified"":String(W),className:""flex items-center rounded px-1.5 py-0.5 transition-colors hover:bg-white/10"",style:{color:W?tl:p.textMuted,border:""1px solid "".concat(m?ts:""transparent""),backgroundColor:m?""rgba(147, 197, 253, 0.10)"":""transparent""},children:(0,r.jsx)(tg.A,{size:11})}),m&&(0,r.jsxs)(""div"",{role:""dialog"",""aria-label"":""Appearance"",""data-testid"":""appearance-popover"",className:""font-ui absolute z-50 flex flex-col gap-2 rounded-lg p-2.5"",style:{bottom:""100%"",marginBottom:""6px"",left:"""".concat(null!=(i=null==E?void 0:E.left)?i:0,""px""),width:"""".concat(null!=(c"
1536-064f08115df39c50.js,gex,1,20,77779,1,GEX,"ildren:""off""===e?""Off"":""recede""===e?""Fade"":""bold""===e?""Bold"":""Chip""},e))})),z(""Tickers"",(0,r.jsx)(r.Fragment,{children:[""off"",""menu""].map(e=>(0,r.jsx)(""button"",{type:""button"",""data-testid"":""reading-tickers-"".concat(e),style:I(_===e),onClick:()=>j({talonTickerMenu:e}),children:""off""===e?""Off"":""Menu""},e))}))]})]})]})},tC={cost_cap_exceeded:""This request hit its cost limit."",internal:""Something went wrong on our side.""},t_=""Something went wrong on our side."",tE=new Set([""cost_cap_exceeded"",""unauthorized"",""forbidden""]);function tM(e){return tp.D?[{id:""support-"".concat(e),type:""contact_support"",label:""Talk to support""}]:[]}let tI=/tool|researcher|scan|fetch/i,tz={get_full_gex_vex_levels:""Reading","/VEX levels"",get_gex_levels_detail:""Reading GEX levels"",get_node_enrichment:""Checking node freshness"",summarize_current_flow:""Reading options flow"",get_raw_flow_trades:""Reading the options tape"",get_dark_pool_prints:""Reading dark pool prints"",get_options_metrics:""Reading options metrics"",get_market_overview:""Reading the market tape"",search_market_news:""Searching the news"",get_earnings_context:""Checking earnings"",get_sector_peers:""Comparing sector peers"",search_knowledge_base:""Searching the knowledge base"",talon_scan:""Scanning for setups"",get_page_blocks:""Reading the page"",get_block_data:""Reading the page"",get_ticker_context:""Reading the page""};function tR(e,t){var n;let r=null!=(n=tz[t])?n:"""
1536-064f08115df39c50.js,vex,1,21,77783,1,VEX,"en:""off""===e?""Off"":""recede""===e?""Fade"":""bold""===e?""Bold"":""Chip""},e))})),z(""Tickers"",(0,r.jsx)(r.Fragment,{children:[""off"",""menu""].map(e=>(0,r.jsx)(""button"",{type:""button"",""data-testid"":""reading-tickers-"".concat(e),style:I(_===e),onClick:()=>j({talonTickerMenu:e}),children:""off""===e?""Off"":""Menu""},e))}))]})]})]})},tC={cost_cap_exceeded:""This request hit its cost limit."",internal:""Something went wrong on our side.""},t_=""Something went wrong on our side."",tE=new Set([""cost_cap_exceeded"",""unauthorized"",""forbidden""]);function tM(e){return tp.D?[{id:""support-"".concat(e),type:""contact_support"",label:""Talk to support""}]:[]}let tI=/tool|researcher|scan|fetch/i,tz={get_full_gex_vex_levels:""Reading GEX/","levels"",get_gex_levels_detail:""Reading GEX levels"",get_node_enrichment:""Checking node freshness"",summarize_current_flow:""Reading options flow"",get_raw_flow_trades:""Reading the options tape"",get_dark_pool_prints:""Reading dark pool prints"",get_options_metrics:""Reading options metrics"",get_market_overview:""Reading the market tape"",search_market_news:""Searching the news"",get_earnings_context:""Checking earnings"",get_sector_peers:""Comparing sector peers"",search_knowledge_base:""Searching the knowledge base"",talon_scan:""Scanning for setups"",get_page_blocks:""Reading the page"",get_block_data:""Reading the page"",get_ticker_context:""Reading the page""};function tR(e,t){var n;let r=null!=(n=tz[t])?n:""Pull"
1536-064f08115df39c50.js,gex,2,20,77826,1,GEX,"d""===e?""Bold"":""Chip""},e))})),z(""Tickers"",(0,r.jsx)(r.Fragment,{children:[""off"",""menu""].map(e=>(0,r.jsx)(""button"",{type:""button"",""data-testid"":""reading-tickers-"".concat(e),style:I(_===e),onClick:()=>j({talonTickerMenu:e}),children:""off""===e?""Off"":""Menu""},e))}))]})]})]})},tC={cost_cap_exceeded:""This request hit its cost limit."",internal:""Something went wrong on our side.""},t_=""Something went wrong on our side."",tE=new Set([""cost_cap_exceeded"",""unauthorized"",""forbidden""]);function tM(e){return tp.D?[{id:""support-"".concat(e),type:""contact_support"",label:""Talk to support""}]:[]}let tI=/tool|researcher|scan|fetch/i,tz={get_full_gex_vex_levels:""Reading GEX/VEX levels"",get_gex_levels_detail:""Reading","levels"",get_node_enrichment:""Checking node freshness"",summarize_current_flow:""Reading options flow"",get_raw_flow_trades:""Reading the options tape"",get_dark_pool_prints:""Reading dark pool prints"",get_options_metrics:""Reading options metrics"",get_market_overview:""Reading the market tape"",search_market_news:""Searching the news"",get_earnings_context:""Checking earnings"",get_sector_peers:""Comparing sector peers"",search_knowledge_base:""Searching the knowledge base"",talon_scan:""Scanning for setups"",get_page_blocks:""Reading the page"",get_block_data:""Reading the page"",get_ticker_context:""Reading the page""};function tR(e,t){var n;let r=null!=(n=tz[t])?n:""Pulling data"";return""started""===e?"""".concat(r,"""
1536-064f08115df39c50.js,kingNode,1,5,77863,1,king node,"rs"",(0,r.jsx)(r.Fragment,{children:[""off"",""menu""].map(e=>(0,r.jsx)(""button"",{type:""button"",""data-testid"":""reading-tickers-"".concat(e),style:I(_===e),onClick:()=>j({talonTickerMenu:e}),children:""off""===e?""Off"":""Menu""},e))}))]})]})]})},tC={cost_cap_exceeded:""This request hit its cost limit."",internal:""Something went wrong on our side.""},t_=""Something went wrong on our side."",tE=new Set([""cost_cap_exceeded"",""unauthorized"",""forbidden""]);function tM(e){return tp.D?[{id:""support-"".concat(e),type:""contact_support"",label:""Talk to support""}]:[]}let tI=/tool|researcher|scan|fetch/i,tz={get_full_gex_vex_levels:""Reading GEX/VEX levels"",get_gex_levels_detail:""Reading GEX levels"",get_node_enrichment:""Chec","freshness"",summarize_current_flow:""Reading options flow"",get_raw_flow_trades:""Reading the options tape"",get_dark_pool_prints:""Reading dark pool prints"",get_options_metrics:""Reading options metrics"",get_market_overview:""Reading the market tape"",search_market_news:""Searching the news"",get_earnings_context:""Checking earnings"",get_sector_peers:""Comparing sector peers"",search_knowledge_base:""Searching the knowledge base"",talon_scan:""Scanning for setups"",get_page_blocks:""Reading the page"",get_block_data:""Reading the page"",get_ticker_context:""Reading the page""};function tR(e,t){var n;let r=null!=(n=tz[t])?n:""Pulling data"";return""started""===e?"""".concat(r,""…""):"""".concat(r,"" — done"")}function tF(e,t)"
1536-064f08115df39c50.js,node,1,20,77868,1,node,"0,r.jsx)(r.Fragment,{children:[""off"",""menu""].map(e=>(0,r.jsx)(""button"",{type:""button"",""data-testid"":""reading-tickers-"".concat(e),style:I(_===e),onClick:()=>j({talonTickerMenu:e}),children:""off""===e?""Off"":""Menu""},e))}))]})]})]})},tC={cost_cap_exceeded:""This request hit its cost limit."",internal:""Something went wrong on our side.""},t_=""Something went wrong on our side."",tE=new Set([""cost_cap_exceeded"",""unauthorized"",""forbidden""]);function tM(e){return tp.D?[{id:""support-"".concat(e),type:""contact_support"",label:""Talk to support""}]:[]}let tI=/tool|researcher|scan|fetch/i,tz={get_full_gex_vex_levels:""Reading GEX/VEX levels"",get_gex_levels_detail:""Reading GEX levels"",get_node_enrichment:""Checking","freshness"",summarize_current_flow:""Reading options flow"",get_raw_flow_trades:""Reading the options tape"",get_dark_pool_prints:""Reading dark pool prints"",get_options_metrics:""Reading options metrics"",get_market_overview:""Reading the market tape"",search_market_news:""Searching the news"",get_earnings_context:""Checking earnings"",get_sector_peers:""Comparing sector peers"",search_knowledge_base:""Searching the knowledge base"",talon_scan:""Scanning for setups"",get_page_blocks:""Reading the page"",get_block_data:""Reading the page"",get_ticker_context:""Reading the page""};function tR(e,t){var n;let r=null!=(n=tz[t])?n:""Pulling data"";return""started""===e?"""".concat(r,""…""):"""".concat(r,"" — done"")}function tF(e,t)"
1536-064f08115df39c50.js,kingNode,2,5,79929,1,king node,"1,2}\/\d{1,2}(?:\/\d{2,4})?$/,tB=new RegExp(""^(?:"".concat(tD,"")"")),tG=(e,t)=>{if(""$""===e[0]||""@""===e[0]){let n=e.slice(1);return/^\^?[A-Z]/.test(n)?t.has(n)?{kind:""ticker"",text:e,ticker:n}:{kind:""plain"",text:e}:{kind:""price"",text:e}}return e.endsWith(""%"")?{kind:""percent"",text:e}:tq.test(e)||tO.test(e)||tB.test(e)?{kind:""date"",text:e}:(e=>""0""===e||""1""===e)(e)?{kind:""plain"",text:e}:{kind:""number"",text:e}};var tV=n(17699),tH=n(58900),tK=n(72539);function tU(e){return e.replace(/[^A-Za-z0-9.\-^_ ]/g,"""").trim().slice(0,24)}let tY={line:""Ask me about options structure on any ticker, or how anything in Skylit works — the Academy covers the same ground if you would rather read."",prompts:[""What is a","?"",""How do chart layouts work?"",""Read SPX structure""]},tX=(e,t)=>e.includes(t);function tQ(e,t,n){if(tX(t,""contract_modal""))return{line:""Reading the contract on screen — the session, its flow split, and where size printed."",prompts:[""What am I looking at?"",""Bought or sold?"",""Is open interest building?""]};if(!e)return tY;let r=(null==n?void 0:n.trim())||void 0;if(""heatseeker""===e&&tX(t,""page_context""))return{line:""Reading "".concat(null!=r?r:""this map"","" — GEX/VEX map, structured read, velocity.""),prompts:[""What's the read?"",""Where is the king node?"",""What changed in 5m?""]};if(""atlas""===e&&tX(t,""page_context""))return{line:""Reading the "".concat(null!=r?r:""Atlas"","" chart — structure, levels, vel"
1536-064f08115df39c50.js,node,2,20,79934,1,node,"/\d{1,2}(?:\/\d{2,4})?$/,tB=new RegExp(""^(?:"".concat(tD,"")"")),tG=(e,t)=>{if(""$""===e[0]||""@""===e[0]){let n=e.slice(1);return/^\^?[A-Z]/.test(n)?t.has(n)?{kind:""ticker"",text:e,ticker:n}:{kind:""plain"",text:e}:{kind:""price"",text:e}}return e.endsWith(""%"")?{kind:""percent"",text:e}:tq.test(e)||tO.test(e)||tB.test(e)?{kind:""date"",text:e}:(e=>""0""===e||""1""===e)(e)?{kind:""plain"",text:e}:{kind:""number"",text:e}};var tV=n(17699),tH=n(58900),tK=n(72539);function tU(e){return e.replace(/[^A-Za-z0-9.\-^_ ]/g,"""").trim().slice(0,24)}let tY={line:""Ask me about options structure on any ticker, or how anything in Skylit works — the Academy covers the same ground if you would rather read."",prompts:[""What is a king","?"",""How do chart layouts work?"",""Read SPX structure""]},tX=(e,t)=>e.includes(t);function tQ(e,t,n){if(tX(t,""contract_modal""))return{line:""Reading the contract on screen — the session, its flow split, and where size printed."",prompts:[""What am I looking at?"",""Bought or sold?"",""Is open interest building?""]};if(!e)return tY;let r=(null==n?void 0:n.trim())||void 0;if(""heatseeker""===e&&tX(t,""page_context""))return{line:""Reading "".concat(null!=r?r:""this map"","" — GEX/VEX map, structured read, velocity.""),prompts:[""What's the read?"",""Where is the king node?"",""What changed in 5m?""]};if(""atlas""===e&&tX(t,""page_context""))return{line:""Reading the "".concat(null!=r?r:""Atlas"","" chart — structure, levels, vel"
1536-064f08115df39c50.js,heatseeker,14,39,80304,1,heatseeker,"text:e}:{kind:""number"",text:e}};var tV=n(17699),tH=n(58900),tK=n(72539);function tU(e){return e.replace(/[^A-Za-z0-9.\-^_ ]/g,"""").trim().slice(0,24)}let tY={line:""Ask me about options structure on any ticker, or how anything in Skylit works — the Academy covers the same ground if you would rather read."",prompts:[""What is a king node?"",""How do chart layouts work?"",""Read SPX structure""]},tX=(e,t)=>e.includes(t);function tQ(e,t,n){if(tX(t,""contract_modal""))return{line:""Reading the contract on screen — the session, its flow split, and where size printed."",prompts:[""What am I looking at?"",""Bought or sold?"",""Is open interest building?""]};if(!e)return tY;let r=(null==n?void 0:n.trim())||void 0;if(""","""===e&&tX(t,""page_context""))return{line:""Reading "".concat(null!=r?r:""this map"","" — GEX/VEX map, structured read, velocity.""),prompts:[""What's the read?"",""Where is the king node?"",""What changed in 5m?""]};if(""atlas""===e&&tX(t,""page_context""))return{line:""Reading the "".concat(null!=r?r:""Atlas"","" chart — structure, levels, velocity.""),prompts:[""What's the read?"",""Where is the king node?"",""What is on my chart?""]};if(""compass""===e){let e=t.filter(e=>e.startsWith(""compass_"")).length;if(e>0)return{line:""Reading the Compass board — "".concat(e,"" pane"").concat(1===e?"""":""s"","".""),prompts:[""What stands out?"",""Which industries are bid?"",""Any repeat accumulation?""]}}return""livefeed""===e&&tX(t,""page_context"""
1536-064f08115df39c50.js,gex,3,20,80397,1,GEX,"e.replace(/[^A-Za-z0-9.\-^_ ]/g,"""").trim().slice(0,24)}let tY={line:""Ask me about options structure on any ticker, or how anything in Skylit works — the Academy covers the same ground if you would rather read."",prompts:[""What is a king node?"",""How do chart layouts work?"",""Read SPX structure""]},tX=(e,t)=>e.includes(t);function tQ(e,t,n){if(tX(t,""contract_modal""))return{line:""Reading the contract on screen — the session, its flow split, and where size printed."",prompts:[""What am I looking at?"",""Bought or sold?"",""Is open interest building?""]};if(!e)return tY;let r=(null==n?void 0:n.trim())||void 0;if(""heatseeker""===e&&tX(t,""page_context""))return{line:""Reading "".concat(null!=r?r:""this map"","" —","/VEX map, structured read, velocity.""),prompts:[""What's the read?"",""Where is the king node?"",""What changed in 5m?""]};if(""atlas""===e&&tX(t,""page_context""))return{line:""Reading the "".concat(null!=r?r:""Atlas"","" chart — structure, levels, velocity.""),prompts:[""What's the read?"",""Where is the king node?"",""What is on my chart?""]};if(""compass""===e){let e=t.filter(e=>e.startsWith(""compass_"")).length;if(e>0)return{line:""Reading the Compass board — "".concat(e,"" pane"").concat(1===e?"""":""s"","".""),prompts:[""What stands out?"",""Which industries are bid?"",""Any repeat accumulation?""]}}return""livefeed""===e&&tX(t,""page_context"")?{line:""Reading your live feed — active filters, and what is printing through them."","
1536-064f08115df39c50.js,vex,2,21,80401,1,VEX,"eplace(/[^A-Za-z0-9.\-^_ ]/g,"""").trim().slice(0,24)}let tY={line:""Ask me about options structure on any ticker, or how anything in Skylit works — the Academy covers the same ground if you would rather read."",prompts:[""What is a king node?"",""How do chart layouts work?"",""Read SPX structure""]},tX=(e,t)=>e.includes(t);function tQ(e,t,n){if(tX(t,""contract_modal""))return{line:""Reading the contract on screen — the session, its flow split, and where size printed."",prompts:[""What am I looking at?"",""Bought or sold?"",""Is open interest building?""]};if(!e)return tY;let r=(null==n?void 0:n.trim())||void 0;if(""heatseeker""===e&&tX(t,""page_context""))return{line:""Reading "".concat(null!=r?r:""this map"","" — GEX/","map, structured read, velocity.""),prompts:[""What's the read?"",""Where is the king node?"",""What changed in 5m?""]};if(""atlas""===e&&tX(t,""page_context""))return{line:""Reading the "".concat(null!=r?r:""Atlas"","" chart — structure, levels, velocity.""),prompts:[""What's the read?"",""Where is the king node?"",""What is on my chart?""]};if(""compass""===e){let e=t.filter(e=>e.startsWith(""compass_"")).length;if(e>0)return{line:""Reading the Compass board — "".concat(e,"" pane"").concat(1===e?"""":""s"","".""),prompts:[""What stands out?"",""Which industries are bid?"",""Any repeat accumulation?""]}}return""livefeed""===e&&tX(t,""page_context"")?{line:""Reading your live feed — active filters, and what is printing through them."",prom"
1536-064f08115df39c50.js,kingNode,3,5,80481,1,king node,"ptions structure on any ticker, or how anything in Skylit works — the Academy covers the same ground if you would rather read."",prompts:[""What is a king node?"",""How do chart layouts work?"",""Read SPX structure""]},tX=(e,t)=>e.includes(t);function tQ(e,t,n){if(tX(t,""contract_modal""))return{line:""Reading the contract on screen — the session, its flow split, and where size printed."",prompts:[""What am I looking at?"",""Bought or sold?"",""Is open interest building?""]};if(!e)return tY;let r=(null==n?void 0:n.trim())||void 0;if(""heatseeker""===e&&tX(t,""page_context""))return{line:""Reading "".concat(null!=r?r:""this map"","" — GEX/VEX map, structured read, velocity.""),prompts:[""What's the read?"",""Where is the","?"",""What changed in 5m?""]};if(""atlas""===e&&tX(t,""page_context""))return{line:""Reading the "".concat(null!=r?r:""Atlas"","" chart — structure, levels, velocity.""),prompts:[""What's the read?"",""Where is the king node?"",""What is on my chart?""]};if(""compass""===e){let e=t.filter(e=>e.startsWith(""compass_"")).length;if(e>0)return{line:""Reading the Compass board — "".concat(e,"" pane"").concat(1===e?"""":""s"","".""),prompts:[""What stands out?"",""Which industries are bid?"",""Any repeat accumulation?""]}}return""livefeed""===e&&tX(t,""page_context"")?{line:""Reading your live feed — active filters, and what is printing through them."",prompts:[""What stands out?"",""What am I filtering for?"",""Any repeat names?""]}:""scanner""===e"
1536-064f08115df39c50.js,node,3,20,80486,1,node,"s structure on any ticker, or how anything in Skylit works — the Academy covers the same ground if you would rather read."",prompts:[""What is a king node?"",""How do chart layouts work?"",""Read SPX structure""]},tX=(e,t)=>e.includes(t);function tQ(e,t,n){if(tX(t,""contract_modal""))return{line:""Reading the contract on screen — the session, its flow split, and where size printed."",prompts:[""What am I looking at?"",""Bought or sold?"",""Is open interest building?""]};if(!e)return tY;let r=(null==n?void 0:n.trim())||void 0;if(""heatseeker""===e&&tX(t,""page_context""))return{line:""Reading "".concat(null!=r?r:""this map"","" — GEX/VEX map, structured read, velocity.""),prompts:[""What's the read?"",""Where is the king","?"",""What changed in 5m?""]};if(""atlas""===e&&tX(t,""page_context""))return{line:""Reading the "".concat(null!=r?r:""Atlas"","" chart — structure, levels, velocity.""),prompts:[""What's the read?"",""Where is the king node?"",""What is on my chart?""]};if(""compass""===e){let e=t.filter(e=>e.startsWith(""compass_"")).length;if(e>0)return{line:""Reading the Compass board — "".concat(e,"" pane"").concat(1===e?"""":""s"","".""),prompts:[""What stands out?"",""Which industries are bid?"",""Any repeat accumulation?""]}}return""livefeed""===e&&tX(t,""page_context"")?{line:""Reading your live feed — active filters, and what is printing through them."",prompts:[""What stands out?"",""What am I filtering for?"",""Any repeat names?""]}:""scanner""===e"
1536-064f08115df39c50.js,atlas,4,30,80521,1,atlas,"nything in Skylit works — the Academy covers the same ground if you would rather read."",prompts:[""What is a king node?"",""How do chart layouts work?"",""Read SPX structure""]},tX=(e,t)=>e.includes(t);function tQ(e,t,n){if(tX(t,""contract_modal""))return{line:""Reading the contract on screen — the session, its flow split, and where size printed."",prompts:[""What am I looking at?"",""Bought or sold?"",""Is open interest building?""]};if(!e)return tY;let r=(null==n?void 0:n.trim())||void 0;if(""heatseeker""===e&&tX(t,""page_context""))return{line:""Reading "".concat(null!=r?r:""this map"","" — GEX/VEX map, structured read, velocity.""),prompts:[""What's the read?"",""Where is the king node?"",""What changed in 5m?""]};if(""","""===e&&tX(t,""page_context""))return{line:""Reading the "".concat(null!=r?r:""Atlas"","" chart — structure, levels, velocity.""),prompts:[""What's the read?"",""Where is the king node?"",""What is on my chart?""]};if(""compass""===e){let e=t.filter(e=>e.startsWith(""compass_"")).length;if(e>0)return{line:""Reading the Compass board — "".concat(e,"" pane"").concat(1===e?"""":""s"","".""),prompts:[""What stands out?"",""Which industries are bid?"",""Any repeat accumulation?""]}}return""livefeed""===e&&tX(t,""page_context"")?{line:""Reading your live feed — active filters, and what is printing through them."",prompts:[""What stands out?"",""What am I filtering for?"",""Any repeat names?""]}:""scanner""===e&&tX(t,""page_context"")?{line:""Readin"
1536-064f08115df39c50.js,atlas,5,30,80599,1,Atlas,"er read."",prompts:[""What is a king node?"",""How do chart layouts work?"",""Read SPX structure""]},tX=(e,t)=>e.includes(t);function tQ(e,t,n){if(tX(t,""contract_modal""))return{line:""Reading the contract on screen — the session, its flow split, and where size printed."",prompts:[""What am I looking at?"",""Bought or sold?"",""Is open interest building?""]};if(!e)return tY;let r=(null==n?void 0:n.trim())||void 0;if(""heatseeker""===e&&tX(t,""page_context""))return{line:""Reading "".concat(null!=r?r:""this map"","" — GEX/VEX map, structured read, velocity.""),prompts:[""What's the read?"",""Where is the king node?"",""What changed in 5m?""]};if(""atlas""===e&&tX(t,""page_context""))return{line:""Reading the "".concat(null!=r?r:""",""","" chart — structure, levels, velocity.""),prompts:[""What's the read?"",""Where is the king node?"",""What is on my chart?""]};if(""compass""===e){let e=t.filter(e=>e.startsWith(""compass_"")).length;if(e>0)return{line:""Reading the Compass board — "".concat(e,"" pane"").concat(1===e?"""":""s"","".""),prompts:[""What stands out?"",""Which industries are bid?"",""Any repeat accumulation?""]}}return""livefeed""===e&&tX(t,""page_context"")?{line:""Reading your live feed — active filters, and what is printing through them."",prompts:[""What stands out?"",""What am I filtering for?"",""Any repeat names?""]}:""scanner""===e&&tX(t,""page_context"")?{line:""Reading your scanner — the criteria you set, and what cleared them."",prompts:[""What"
1536-064f08115df39c50.js,kingNode,4,5,80689,1,king node,"""]},tX=(e,t)=>e.includes(t);function tQ(e,t,n){if(tX(t,""contract_modal""))return{line:""Reading the contract on screen — the session, its flow split, and where size printed."",prompts:[""What am I looking at?"",""Bought or sold?"",""Is open interest building?""]};if(!e)return tY;let r=(null==n?void 0:n.trim())||void 0;if(""heatseeker""===e&&tX(t,""page_context""))return{line:""Reading "".concat(null!=r?r:""this map"","" — GEX/VEX map, structured read, velocity.""),prompts:[""What's the read?"",""Where is the king node?"",""What changed in 5m?""]};if(""atlas""===e&&tX(t,""page_context""))return{line:""Reading the "".concat(null!=r?r:""Atlas"","" chart — structure, levels, velocity.""),prompts:[""What's the read?"",""Where is the","?"",""What is on my chart?""]};if(""compass""===e){let e=t.filter(e=>e.startsWith(""compass_"")).length;if(e>0)return{line:""Reading the Compass board — "".concat(e,"" pane"").concat(1===e?"""":""s"","".""),prompts:[""What stands out?"",""Which industries are bid?"",""Any repeat accumulation?""]}}return""livefeed""===e&&tX(t,""page_context"")?{line:""Reading your live feed — active filters, and what is printing through them."",prompts:[""What stands out?"",""What am I filtering for?"",""Any repeat names?""]}:""scanner""===e&&tX(t,""page_context"")?{line:""Reading your scanner — the criteria you set, and what cleared them."",prompts:[""What am I screening for?"",""What stands out?"",""Any repeat names?""]}:""contract_lookup""===e&&tX(t,""pag"
1536-064f08115df39c50.js,node,4,20,80694,1,node,"X=(e,t)=>e.includes(t);function tQ(e,t,n){if(tX(t,""contract_modal""))return{line:""Reading the contract on screen — the session, its flow split, and where size printed."",prompts:[""What am I looking at?"",""Bought or sold?"",""Is open interest building?""]};if(!e)return tY;let r=(null==n?void 0:n.trim())||void 0;if(""heatseeker""===e&&tX(t,""page_context""))return{line:""Reading "".concat(null!=r?r:""this map"","" — GEX/VEX map, structured read, velocity.""),prompts:[""What's the read?"",""Where is the king node?"",""What changed in 5m?""]};if(""atlas""===e&&tX(t,""page_context""))return{line:""Reading the "".concat(null!=r?r:""Atlas"","" chart — structure, levels, velocity.""),prompts:[""What's the read?"",""Where is the king","?"",""What is on my chart?""]};if(""compass""===e){let e=t.filter(e=>e.startsWith(""compass_"")).length;if(e>0)return{line:""Reading the Compass board — "".concat(e,"" pane"").concat(1===e?"""":""s"","".""),prompts:[""What stands out?"",""Which industries are bid?"",""Any repeat accumulation?""]}}return""livefeed""===e&&tX(t,""page_context"")?{line:""Reading your live feed — active filters, and what is printing through them."",prompts:[""What stands out?"",""What am I filtering for?"",""Any repeat names?""]}:""scanner""===e&&tX(t,""page_context"")?{line:""Reading your scanner — the criteria you set, and what cleared them."",prompts:[""What am I screening for?"",""What stands out?"",""Any repeat names?""]}:""contract_lookup""===e&&tX(t,""pag"
1536-064f08115df39c50.js,armed,1,43,82296,1,armed,"ontext"")?{line:""Reading your tracker — saved positions, marks, and what the whales did next."",prompts:[""How are my positions doing?"",""Which are still open?"",""Any whale exits?""]}:""trade""===e&&tX(t,""page_context"")?{line:""Reading the "".concat(null!=r?r:""this"","" cockpit — structure, flow, macro, event risk.""),prompts:[""Do the sources agree?"",""Where is my invalidation?"",""What's the plan?""]}:""research""===e&&tX(t,""page_context"")?{line:""Reading the "".concat(null!=r?r:""this"","" dossier — cards, freshness, what is still missing.""),prompts:[""What's the case?"",""What's still missing?"",""Which cards are stale?""]}:""alerts""===e&&tX(t,""page_context"")?{line:""Reading your alerts — rules, last fires, and what is","."",prompts:[""Why did this not fire?"",""What is armed right now?"",""Which alerts are stale?""]}:""academy""===e&&tX(t,""page_context"")?{line:""Reading this course — what it covers."",prompts:[""Summarize this lesson"",""What should I read next?"",""How does this apply to my chart?""]}:""trinity""===e&&tX(t,""page_context"")?{line:""Reading Trinity — SPX, SPY and QQQ side by side."",prompts:[""Read the trinity"",""Is the system aligned?"",""Which index is the laggard?""]}:tY}function t$(e,t){return e.filter(e=>e.trim().length>0).map((e,n)=>({id:"""".concat(t,""-"").concat(n),type:""quick_reply"",label:e,prompt:e}))}!function(e){arguments.length>1&&void 0!==arguments[1]&&arguments[1],arguments.length>2&&void 0!==arguments[2]&"
1536-064f08115df39c50.js,fire,7,15,82331,1,fire,"r — saved positions, marks, and what the whales did next."",prompts:[""How are my positions doing?"",""Which are still open?"",""Any whale exits?""]}:""trade""===e&&tX(t,""page_context"")?{line:""Reading the "".concat(null!=r?r:""this"","" cockpit — structure, flow, macro, event risk.""),prompts:[""Do the sources agree?"",""Where is my invalidation?"",""What's the plan?""]}:""research""===e&&tX(t,""page_context"")?{line:""Reading the "".concat(null!=r?r:""this"","" dossier — cards, freshness, what is still missing.""),prompts:[""What's the case?"",""What's still missing?"",""Which cards are stale?""]}:""alerts""===e&&tX(t,""page_context"")?{line:""Reading your alerts — rules, last fires, and what is armed."",prompts:[""Why did this not","?"",""What is armed right now?"",""Which alerts are stale?""]}:""academy""===e&&tX(t,""page_context"")?{line:""Reading this course — what it covers."",prompts:[""Summarize this lesson"",""What should I read next?"",""How does this apply to my chart?""]}:""trinity""===e&&tX(t,""page_context"")?{line:""Reading Trinity — SPX, SPY and QQQ side by side."",prompts:[""Read the trinity"",""Is the system aligned?"",""Which index is the laggard?""]}:tY}function t$(e,t){return e.filter(e=>e.trim().length>0).map((e,n)=>({id:"""".concat(t,""-"").concat(n),type:""quick_reply"",label:e,prompt:e}))}!function(e){arguments.length>1&&void 0!==arguments[1]&&arguments[1],arguments.length>2&&void 0!==arguments[2]&&arguments[2],new Date().toISOStri"
1536-064f08115df39c50.js,armed,2,43,82347,1,armed,"ons, marks, and what the whales did next."",prompts:[""How are my positions doing?"",""Which are still open?"",""Any whale exits?""]}:""trade""===e&&tX(t,""page_context"")?{line:""Reading the "".concat(null!=r?r:""this"","" cockpit — structure, flow, macro, event risk.""),prompts:[""Do the sources agree?"",""Where is my invalidation?"",""What's the plan?""]}:""research""===e&&tX(t,""page_context"")?{line:""Reading the "".concat(null!=r?r:""this"","" dossier — cards, freshness, what is still missing.""),prompts:[""What's the case?"",""What's still missing?"",""Which cards are stale?""]}:""alerts""===e&&tX(t,""page_context"")?{line:""Reading your alerts — rules, last fires, and what is armed."",prompts:[""Why did this not fire?"",""What is","right now?"",""Which alerts are stale?""]}:""academy""===e&&tX(t,""page_context"")?{line:""Reading this course — what it covers."",prompts:[""Summarize this lesson"",""What should I read next?"",""How does this apply to my chart?""]}:""trinity""===e&&tX(t,""page_context"")?{line:""Reading Trinity — SPX, SPY and QQQ side by side."",prompts:[""Read the trinity"",""Is the system aligned?"",""Which index is the laggard?""]}:tY}function t$(e,t){return e.filter(e=>e.trim().length>0).map((e,n)=>({id:"""".concat(t,""-"").concat(n),type:""quick_reply"",label:e,prompt:e}))}!function(e){arguments.length>1&&void 0!==arguments[1]&&arguments[1],arguments.length>2&&void 0!==arguments[2]&&arguments[2],new Date().toISOString()}(""heatseeker"
1536-064f08115df39c50.js,heatseeker,15,39,83042,1,heatseeker,"t is armed right now?"",""Which alerts are stale?""]}:""academy""===e&&tX(t,""page_context"")?{line:""Reading this course — what it covers."",prompts:[""Summarize this lesson"",""What should I read next?"",""How does this apply to my chart?""]}:""trinity""===e&&tX(t,""page_context"")?{line:""Reading Trinity — SPX, SPY and QQQ side by side."",prompts:[""Read the trinity"",""Is the system aligned?"",""Which index is the laggard?""]}:tY}function t$(e,t){return e.filter(e=>e.trim().length>0).map((e,n)=>({id:"""".concat(t,""-"").concat(n),type:""quick_reply"",label:e,prompt:e}))}!function(e){arguments.length>1&&void 0!==arguments[1]&&arguments[1],arguments.length>2&&void 0!==arguments[2]&&arguments[2],new Date().toISOString()}(""","-specialist"");!function(e){arguments.length>1&&void 0!==arguments[1]&&arguments[1],arguments.length>2&&void 0!==arguments[2]&&arguments[2],new Date().toISOString()}(""flowseeker-analyst""),n(65852),n(40895);new Date().toISOString(),new Date().toISOString(),new Date().toISOString(),new Date().toISOString(),new Date().toISOString(),new Date().toISOString(),new Date().toISOString(),new Date().toISOString(),new Date().toISOString(),new Date().toISOString(),new Date().toISOString(),new Date().toISOString(),new Date().toISOString(),new Date().toISOString();var tJ=n(51531),tZ=n(94412),t0=n(30469),t1=n(3171),t2=n(4065);let t5=[{id:""levels"",label:""Levels"",command:""/levels""},{id:""flow"",label:""Flow"",comm"
1536-064f08115df39c50.js,flowseeker,8,39,83218,1,flowseeker,"ld I read next?"",""How does this apply to my chart?""]}:""trinity""===e&&tX(t,""page_context"")?{line:""Reading Trinity — SPX, SPY and QQQ side by side."",prompts:[""Read the trinity"",""Is the system aligned?"",""Which index is the laggard?""]}:tY}function t$(e,t){return e.filter(e=>e.trim().length>0).map((e,n)=>({id:"""".concat(t,""-"").concat(n),type:""quick_reply"",label:e,prompt:e}))}!function(e){arguments.length>1&&void 0!==arguments[1]&&arguments[1],arguments.length>2&&void 0!==arguments[2]&&arguments[2],new Date().toISOString()}(""heatseeker-specialist"");!function(e){arguments.length>1&&void 0!==arguments[1]&&arguments[1],arguments.length>2&&void 0!==arguments[2]&&arguments[2],new Date().toISOString()}(""","-analyst""),n(65852),n(40895);new Date().toISOString(),new Date().toISOString(),new Date().toISOString(),new Date().toISOString(),new Date().toISOString(),new Date().toISOString(),new Date().toISOString(),new Date().toISOString(),new Date().toISOString(),new Date().toISOString(),new Date().toISOString(),new Date().toISOString(),new Date().toISOString(),new Date().toISOString();var tJ=n(51531),tZ=n(94412),t0=n(30469),t1=n(3171),t2=n(4065);let t5=[{id:""levels"",label:""Levels"",command:""/levels""},{id:""flow"",label:""Flow"",command:""/flow""},{id:""darkpool"",label:""Dark pool"",command:""/darkpool""},{id:""metrics"",label:""Metrics"",command:""/metrics""},{id:""earnings"",label:""Earnings"",command:""/earnings""},{id:""s"
1536-064f08115df39c50.js,levels,1,4,83714,1,/levels,",new Date().toISOString()}(""heatseeker-specialist"");!function(e){arguments.length>1&&void 0!==arguments[1]&&arguments[1],arguments.length>2&&void 0!==arguments[2]&&arguments[2],new Date().toISOString()}(""flowseeker-analyst""),n(65852),n(40895);new Date().toISOString(),new Date().toISOString(),new Date().toISOString(),new Date().toISOString(),new Date().toISOString(),new Date().toISOString(),new Date().toISOString(),new Date().toISOString(),new Date().toISOString(),new Date().toISOString(),new Date().toISOString(),new Date().toISOString(),new Date().toISOString(),new Date().toISOString();var tJ=n(51531),tZ=n(94412),t0=n(30469),t1=n(3171),t2=n(4065);let t5=[{id:""levels"",label:""Levels"",command:""","""},{id:""flow"",label:""Flow"",command:""/flow""},{id:""darkpool"",label:""Dark pool"",command:""/darkpool""},{id:""metrics"",label:""Metrics"",command:""/metrics""},{id:""earnings"",label:""Earnings"",command:""/earnings""},{id:""scan"",label:""Scan setup"",command:""/talon""}];var t4=n(25906),t3=n(90571),t6=n(13454),t8=n(80294),t9=n(87227);let t7=e=>{var t;let{entry:n,isDark:a,theme:l,onPick:o}=e,s=!!n.disabledReason;return(0,r.jsxs)(""button"",{type:""button"",""data-testid"":""ticker-menu-"".concat(n.id),disabled:s,title:n.disabledReason,onClick:()=>{s||o(n.action)},className:""flex w-full items-center justify-between gap-3 px-3 py-1.5 text-left transition-colors"",style:{color:s?l.textMuted:l.text,opacity:s?.55:1,cursor:s?""de"
1536-064f08115df39c50.js,metrics,1,4,83858,1,/metrics,"d 0!==arguments[2]&&arguments[2],new Date().toISOString()}(""flowseeker-analyst""),n(65852),n(40895);new Date().toISOString(),new Date().toISOString(),new Date().toISOString(),new Date().toISOString(),new Date().toISOString(),new Date().toISOString(),new Date().toISOString(),new Date().toISOString(),new Date().toISOString(),new Date().toISOString(),new Date().toISOString(),new Date().toISOString(),new Date().toISOString(),new Date().toISOString();var tJ=n(51531),tZ=n(94412),t0=n(30469),t1=n(3171),t2=n(4065);let t5=[{id:""levels"",label:""Levels"",command:""/levels""},{id:""flow"",label:""Flow"",command:""/flow""},{id:""darkpool"",label:""Dark pool"",command:""/darkpool""},{id:""metrics"",label:""Metrics"",command:""","""},{id:""earnings"",label:""Earnings"",command:""/earnings""},{id:""scan"",label:""Scan setup"",command:""/talon""}];var t4=n(25906),t3=n(90571),t6=n(13454),t8=n(80294),t9=n(87227);let t7=e=>{var t;let{entry:n,isDark:a,theme:l,onPick:o}=e,s=!!n.disabledReason;return(0,r.jsxs)(""button"",{type:""button"",""data-testid"":""ticker-menu-"".concat(n.id),disabled:s,title:n.disabledReason,onClick:()=>{s||o(n.action)},className:""flex w-full items-center justify-between gap-3 px-3 py-1.5 text-left transition-colors"",style:{color:s?l.textMuted:l.text,opacity:s?.55:1,cursor:s?""default"":""pointer"",fontFamily:P.Il.font.ui,fontSize:P.Il.sizeRaw.xs,background:""transparent""},onMouseEnter:e=>{s||(e.currentTarget.style.background"
1536-064f08115df39c50.js,talon,6,125,83962,1,talon,"ate().toISOString(),new Date().toISOString(),new Date().toISOString(),new Date().toISOString(),new Date().toISOString(),new Date().toISOString(),new Date().toISOString(),new Date().toISOString(),new Date().toISOString(),new Date().toISOString(),new Date().toISOString(),new Date().toISOString(),new Date().toISOString(),new Date().toISOString();var tJ=n(51531),tZ=n(94412),t0=n(30469),t1=n(3171),t2=n(4065);let t5=[{id:""levels"",label:""Levels"",command:""/levels""},{id:""flow"",label:""Flow"",command:""/flow""},{id:""darkpool"",label:""Dark pool"",command:""/darkpool""},{id:""metrics"",label:""Metrics"",command:""/metrics""},{id:""earnings"",label:""Earnings"",command:""/earnings""},{id:""scan"",label:""Scan setup"",command:""/","""}];var t4=n(25906),t3=n(90571),t6=n(13454),t8=n(80294),t9=n(87227);let t7=e=>{var t;let{entry:n,isDark:a,theme:l,onPick:o}=e,s=!!n.disabledReason;return(0,r.jsxs)(""button"",{type:""button"",""data-testid"":""ticker-menu-"".concat(n.id),disabled:s,title:n.disabledReason,onClick:()=>{s||o(n.action)},className:""flex w-full items-center justify-between gap-3 px-3 py-1.5 text-left transition-colors"",style:{color:s?l.textMuted:l.text,opacity:s?.55:1,cursor:s?""default"":""pointer"",fontFamily:P.Il.font.ui,fontSize:P.Il.sizeRaw.xs,background:""transparent""},onMouseEnter:e=>{s||(e.currentTarget.style.backgroundColor=a?""rgba(255,255,255,0.06)"":""rgba(0,0,0,0.05)"")},onMouseLeave:e=>{e.currentTarget.style.backgrou"
1536-064f08115df39c50.js,talon,7,125,86026,1,Talon,"edReason:n.canToggle?void 0:""Select a watchlist first""}]}}({inFavorites:o.inFavorites,watchlist:{canToggle:s.canToggle,inList:s.inList,listName:s.listName}});return(0,r.jsxs)(""div"",{children:[(0,r.jsx)(""div"",{style:{borderTop:""1px solid "".concat(n?""rgba(255,255,255,0.08)"":""rgba(0,0,0,0.08)""),margin:""2px 0""}}),i.entries.map(e=>(0,r.jsx)(t7,{entry:e,isDark:n,theme:a,onPick:e=>{l(),""favorite""===e.kind?o.toggle():""watchlist""===e.kind&&s.toggle()}},e.id))]})},nt=e=>{let t=e.trim();return t.includes(""|"")&&t.includes(""---"")&&/^[\s|:-]+$/.test(t)},nn=/\s{2,}/,nr=/[.!?…]$/,na=/^[-•*]\s+/,nl=e=>e.replace(na,"""");var no=n(35299),ns=n(51834),ni=n(73457),nc=n(76444),nd=n(1910);let nu=""2026-08-02.v1"",np=[""","is provided for general educational and informational purposes only. Nothing it produces is financial, investment, trading, legal, tax, or accounting advice."",""Talon does not make recommendations. Its output is not an offer or solicitation to buy, sell, or hold any security or derivative, is not tailored to your circumstances, and does not account for your financial situation, objectives, or risk tolerance."",""Using Talon creates no advisory, brokerage, or fiduciary relationship. Skylit is a technology platform, not a registered broker-dealer or investment adviser."",""Talon is an AI system. It can be wrong, incomplete, or out of date, and it can misread the page data it is given. Verify anyth"
1536-064f08115df39c50.js,talon,8,125,86192,1,Talon,",r.jsxs)(""div"",{children:[(0,r.jsx)(""div"",{style:{borderTop:""1px solid "".concat(n?""rgba(255,255,255,0.08)"":""rgba(0,0,0,0.08)""),margin:""2px 0""}}),i.entries.map(e=>(0,r.jsx)(t7,{entry:e,isDark:n,theme:a,onPick:e=>{l(),""favorite""===e.kind?o.toggle():""watchlist""===e.kind&&s.toggle()}},e.id))]})},nt=e=>{let t=e.trim();return t.includes(""|"")&&t.includes(""---"")&&/^[\s|:-]+$/.test(t)},nn=/\s{2,}/,nr=/[.!?…]$/,na=/^[-•*]\s+/,nl=e=>e.replace(na,"""");var no=n(35299),ns=n(51834),ni=n(73457),nc=n(76444),nd=n(1910);let nu=""2026-08-02.v1"",np=[""Talon is provided for general educational and informational purposes only. Nothing it produces is financial, investment, trading, legal, tax, or accounting advice."",""","does not make recommendations. Its output is not an offer or solicitation to buy, sell, or hold any security or derivative, is not tailored to your circumstances, and does not account for your financial situation, objectives, or risk tolerance."",""Using Talon creates no advisory, brokerage, or fiduciary relationship. Skylit is a technology platform, not a registered broker-dealer or investment adviser."",""Talon is an AI system. It can be wrong, incomplete, or out of date, and it can misread the page data it is given. Verify anything you intend to act on."",""Options trading involves substantial risk, including the total loss of your investment. Past or hypothetical performance does not indicate"
1536-064f08115df39c50.js,talon,9,125,86451,1,Talon,"==e.kind&&s.toggle()}},e.id))]})},nt=e=>{let t=e.trim();return t.includes(""|"")&&t.includes(""---"")&&/^[\s|:-]+$/.test(t)},nn=/\s{2,}/,nr=/[.!?…]$/,na=/^[-•*]\s+/,nl=e=>e.replace(na,"""");var no=n(35299),ns=n(51834),ni=n(73457),nc=n(76444),nd=n(1910);let nu=""2026-08-02.v1"",np=[""Talon is provided for general educational and informational purposes only. Nothing it produces is financial, investment, trading, legal, tax, or accounting advice."",""Talon does not make recommendations. Its output is not an offer or solicitation to buy, sell, or hold any security or derivative, is not tailored to your circumstances, and does not account for your financial situation, objectives, or risk tolerance."",""Using","creates no advisory, brokerage, or fiduciary relationship. Skylit is a technology platform, not a registered broker-dealer or investment adviser."",""Talon is an AI system. It can be wrong, incomplete, or out of date, and it can misread the page data it is given. Verify anything you intend to act on."",""Options trading involves substantial risk, including the total loss of your investment. Past or hypothetical performance does not indicate future results."",""You are solely responsible for your own research, risk management, and every trading decision you make.""];function nm(e){let{onAccept:t,onDecline:n}=e,[l,o]=(0,a.useState)(!1),[s,i]=(0,a.useState)(!1),[c,d]=(0,a.useState)(null),u=async()=>{"
1536-064f08115df39c50.js,talon,10,125,86605,1,Talon,"*]\s+/,nl=e=>e.replace(na,"""");var no=n(35299),ns=n(51834),ni=n(73457),nc=n(76444),nd=n(1910);let nu=""2026-08-02.v1"",np=[""Talon is provided for general educational and informational purposes only. Nothing it produces is financial, investment, trading, legal, tax, or accounting advice."",""Talon does not make recommendations. Its output is not an offer or solicitation to buy, sell, or hold any security or derivative, is not tailored to your circumstances, and does not account for your financial situation, objectives, or risk tolerance."",""Using Talon creates no advisory, brokerage, or fiduciary relationship. Skylit is a technology platform, not a registered broker-dealer or investment adviser."",""","is an AI system. It can be wrong, incomplete, or out of date, and it can misread the page data it is given. Verify anything you intend to act on."",""Options trading involves substantial risk, including the total loss of your investment. Past or hypothetical performance does not indicate future results."",""You are solely responsible for your own research, risk management, and every trading decision you make.""];function nm(e){let{onAccept:t,onDecline:n}=e,[l,o]=(0,a.useState)(!1),[s,i]=(0,a.useState)(!1),[c,d]=(0,a.useState)(null),u=async()=>{if(l&&!s){i(!0),d(null);try{await t()}catch(e){d(""Could not record your acknowledgement. Please try again.""),i(!1)}}};return(0,r.jsx)(ns.lG,{open:!0,modal"
1536-064f08115df39c50.js,talon,11,125,87688,1,Talon,"very trading decision you make.""];function nm(e){let{onAccept:t,onDecline:n}=e,[l,o]=(0,a.useState)(!1),[s,i]=(0,a.useState)(!1),[c,d]=(0,a.useState)(null),u=async()=>{if(l&&!s){i(!0),d(null);try{await t()}catch(e){d(""Could not record your acknowledgement. Please try again.""),i(!1)}}};return(0,r.jsx)(ns.lG,{open:!0,modal:!0,children:(0,r.jsxs)(ns.Cf,{[nd.VZ]:""true"",showCloseButton:!1,className:""sm:max-w-lg max-h-[90vh] overflow-y-auto"",onPointerDownOutside:e=>e.preventDefault(),onEscapeKeyDown:e=>e.preventDefault(),onInteractOutside:e=>e.preventDefault(),children:[(0,r.jsxs)(ns.c7,{children:[(0,r.jsxs)(ns.L3,{className:""flex items-center gap-2"",children:[(0,r.jsx)(M.A,{className:""size-5""}),""","— Disclaimer & Acknowledgement""]}),(0,r.jsx)(ns.rr,{children:""Talon is an AI analyst. Please read this before using it.""})]}),(0,r.jsx)(""div"",{className:""border rounded-md p-4 max-h-64 overflow-y-auto text-xs leading-relaxed text-muted-foreground space-y-3 bg-muted/30"",children:np.map(e=>(0,r.jsx)(""p"",{children:e},e))}),(0,r.jsxs)(""div"",{className:""flex items-start gap-3 pt-2 border-t"",children:[(0,r.jsx)(ni.S,{id:""talon-ack-accept"",checked:l,onCheckedChange:e=>o(!0===e),className:""mt-0.5""}),(0,r.jsx)(nc.J,{htmlFor:""talon-ack-accept"",className:""text-sm leading-snug font-normal cursor-pointer"",children:""I understand that Talon is an AI analyst, that it does not provide financial advice or re"
1536-064f08115df39c50.js,talon,12,125,87756,1,Talon,"cline:n}=e,[l,o]=(0,a.useState)(!1),[s,i]=(0,a.useState)(!1),[c,d]=(0,a.useState)(null),u=async()=>{if(l&&!s){i(!0),d(null);try{await t()}catch(e){d(""Could not record your acknowledgement. Please try again.""),i(!1)}}};return(0,r.jsx)(ns.lG,{open:!0,modal:!0,children:(0,r.jsxs)(ns.Cf,{[nd.VZ]:""true"",showCloseButton:!1,className:""sm:max-w-lg max-h-[90vh] overflow-y-auto"",onPointerDownOutside:e=>e.preventDefault(),onEscapeKeyDown:e=>e.preventDefault(),onInteractOutside:e=>e.preventDefault(),children:[(0,r.jsxs)(ns.c7,{children:[(0,r.jsxs)(ns.L3,{className:""flex items-center gap-2"",children:[(0,r.jsx)(M.A,{className:""size-5""}),""Talon — Disclaimer & Acknowledgement""]}),(0,r.jsx)(ns.rr,{children:""","is an AI analyst. Please read this before using it.""})]}),(0,r.jsx)(""div"",{className:""border rounded-md p-4 max-h-64 overflow-y-auto text-xs leading-relaxed text-muted-foreground space-y-3 bg-muted/30"",children:np.map(e=>(0,r.jsx)(""p"",{children:e},e))}),(0,r.jsxs)(""div"",{className:""flex items-start gap-3 pt-2 border-t"",children:[(0,r.jsx)(ni.S,{id:""talon-ack-accept"",checked:l,onCheckedChange:e=>o(!0===e),className:""mt-0.5""}),(0,r.jsx)(nc.J,{htmlFor:""talon-ack-accept"",className:""text-sm leading-snug font-normal cursor-pointer"",children:""I understand that Talon is an AI analyst, that it does not provide financial advice or recommendations, and that I am solely responsible for my own due dilig"
1536-064f08115df39c50.js,talon,13,125,88113,1,talon,"erflow-y-auto"",onPointerDownOutside:e=>e.preventDefault(),onEscapeKeyDown:e=>e.preventDefault(),onInteractOutside:e=>e.preventDefault(),children:[(0,r.jsxs)(ns.c7,{children:[(0,r.jsxs)(ns.L3,{className:""flex items-center gap-2"",children:[(0,r.jsx)(M.A,{className:""size-5""}),""Talon — Disclaimer & Acknowledgement""]}),(0,r.jsx)(ns.rr,{children:""Talon is an AI analyst. Please read this before using it.""})]}),(0,r.jsx)(""div"",{className:""border rounded-md p-4 max-h-64 overflow-y-auto text-xs leading-relaxed text-muted-foreground space-y-3 bg-muted/30"",children:np.map(e=>(0,r.jsx)(""p"",{children:e},e))}),(0,r.jsxs)(""div"",{className:""flex items-start gap-3 pt-2 border-t"",children:[(0,r.jsx)(ni.S,{id:""","-ack-accept"",checked:l,onCheckedChange:e=>o(!0===e),className:""mt-0.5""}),(0,r.jsx)(nc.J,{htmlFor:""talon-ack-accept"",className:""text-sm leading-snug font-normal cursor-pointer"",children:""I understand that Talon is an AI analyst, that it does not provide financial advice or recommendations, and that I am solely responsible for my own due diligence and trading decisions.""})]}),c&&(0,r.jsx)(""div"",{className:""rounded-lg border border-destructive/50 bg-destructive/10 p-3 text-destructive text-xs"",children:c}),(0,r.jsxs)(ns.Es,{children:[(0,r.jsx)(""button"",{type:""button"",onClick:n,className:""inline-flex items-center justify-center gap-2 rounded-md border bg-background px-4 py-2 text-sm font-medium"
1536-064f08115df39c50.js,talon,14,125,88216,1,talon,"actOutside:e=>e.preventDefault(),children:[(0,r.jsxs)(ns.c7,{children:[(0,r.jsxs)(ns.L3,{className:""flex items-center gap-2"",children:[(0,r.jsx)(M.A,{className:""size-5""}),""Talon — Disclaimer & Acknowledgement""]}),(0,r.jsx)(ns.rr,{children:""Talon is an AI analyst. Please read this before using it.""})]}),(0,r.jsx)(""div"",{className:""border rounded-md p-4 max-h-64 overflow-y-auto text-xs leading-relaxed text-muted-foreground space-y-3 bg-muted/30"",children:np.map(e=>(0,r.jsx)(""p"",{children:e},e))}),(0,r.jsxs)(""div"",{className:""flex items-start gap-3 pt-2 border-t"",children:[(0,r.jsx)(ni.S,{id:""talon-ack-accept"",checked:l,onCheckedChange:e=>o(!0===e),className:""mt-0.5""}),(0,r.jsx)(nc.J,{htmlFor:""","-ack-accept"",className:""text-sm leading-snug font-normal cursor-pointer"",children:""I understand that Talon is an AI analyst, that it does not provide financial advice or recommendations, and that I am solely responsible for my own due diligence and trading decisions.""})]}),c&&(0,r.jsx)(""div"",{className:""rounded-lg border border-destructive/50 bg-destructive/10 p-3 text-destructive text-xs"",children:c}),(0,r.jsxs)(ns.Es,{children:[(0,r.jsx)(""button"",{type:""button"",onClick:n,className:""inline-flex items-center justify-center gap-2 rounded-md border bg-background px-4 py-2 text-sm font-medium text-foreground shadow-xs hover:bg-accent hover:text-accent-foreground transition-colors"",children:""Not"
1536-064f08115df39c50.js,talon,15,125,88322,1,Talon,"tems-center gap-2"",children:[(0,r.jsx)(M.A,{className:""size-5""}),""Talon — Disclaimer & Acknowledgement""]}),(0,r.jsx)(ns.rr,{children:""Talon is an AI analyst. Please read this before using it.""})]}),(0,r.jsx)(""div"",{className:""border rounded-md p-4 max-h-64 overflow-y-auto text-xs leading-relaxed text-muted-foreground space-y-3 bg-muted/30"",children:np.map(e=>(0,r.jsx)(""p"",{children:e},e))}),(0,r.jsxs)(""div"",{className:""flex items-start gap-3 pt-2 border-t"",children:[(0,r.jsx)(ni.S,{id:""talon-ack-accept"",checked:l,onCheckedChange:e=>o(!0===e),className:""mt-0.5""}),(0,r.jsx)(nc.J,{htmlFor:""talon-ack-accept"",className:""text-sm leading-snug font-normal cursor-pointer"",children:""I understand that","is an AI analyst, that it does not provide financial advice or recommendations, and that I am solely responsible for my own due diligence and trading decisions.""})]}),c&&(0,r.jsx)(""div"",{className:""rounded-lg border border-destructive/50 bg-destructive/10 p-3 text-destructive text-xs"",children:c}),(0,r.jsxs)(ns.Es,{children:[(0,r.jsx)(""button"",{type:""button"",onClick:n,className:""inline-flex items-center justify-center gap-2 rounded-md border bg-background px-4 py-2 text-sm font-medium text-foreground shadow-xs hover:bg-accent hover:text-accent-foreground transition-colors"",children:""Not now""}),(0,r.jsxs)(""button"",{onClick:u,disabled:!l||s,className:""inline-flex items-center justify-center g"
1536-064f08115df39c50.js,talon,16,125,89548,1,talon,"r:bg-accent hover:text-accent-foreground transition-colors"",children:""Not now""}),(0,r.jsxs)(""button"",{onClick:u,disabled:!l||s,className:""inline-flex items-center justify-center gap-2 rounded-md bg-primary px-4 py-2 text-sm font-medium text-primary-foreground shadow hover:bg-primary/90 disabled:opacity-50 disabled:pointer-events-none transition-colors"",children:[s&&(0,r.jsx)(no.A,{className:""size-4 animate-spin""}),""I understand""]})]})]})})}function ng(e){return e.startsWith(""cadence-"")?""cadence"":e.startsWith(""page-"")?""page"":e.startsWith(""followup-"")?""followup"":""unknown""}async function nh(e){if(0===e.liveCapabilityIds.length)return[];try{var t;let n=await fetch("""".concat((0,tV.FC)(),""/api/v1/","/followups""),{method:""POST"",headers:{""Content-Type"":""application/json"",Accept:""application/json""},body:JSON.stringify({answer:e.answer,page_type:e.pageType,ticker:null!=(t=e.ticker)?t:null,live_capability_ids:e.liveCapabilityIds})});if(!n.ok)return[];let r=await n.json();return(Array.isArray(null==r?void 0:r.chips)?r.chips:[]).filter(e=>""string""==typeof(null==e?void 0:e.question)&&e.question.trim().length>0).map((e,t)=>({id:""followup-"".concat(t),type:""quick_reply"",label:e.question,prompt:e.question}))}catch(e){return[]}}var nx=n(60080),nf=n(54390),nb=n(30814),ny=n(79397),nv=n(90889),nk=n(90399),nw=n(39068),nj=n(84382),nS=n(10383),nN=n(71360),nT=n(20908),nA=n(9058);let nC=[{id:""levels"",name:"""
1536-064f08115df39c50.js,levels,2,4,90271,1,/levels,"od:""POST"",headers:{""Content-Type"":""application/json"",Accept:""application/json""},body:JSON.stringify({answer:e.answer,page_type:e.pageType,ticker:null!=(t=e.ticker)?t:null,live_capability_ids:e.liveCapabilityIds})});if(!n.ok)return[];let r=await n.json();return(Array.isArray(null==r?void 0:r.chips)?r.chips:[]).filter(e=>""string""==typeof(null==e?void 0:e.question)&&e.question.trim().length>0).map((e,t)=>({id:""followup-"".concat(t),type:""quick_reply"",label:e.question,prompt:e.question}))}catch(e){return[]}}var nx=n(60080),nf=n(54390),nb=n(30814),ny=n(79397),nv=n(90889),nk=n(90399),nw=n(39068),nj=n(84382),nS=n(10383),nN=n(71360),nT=n(20908),nA=n(9058);let nC=[{id:""levels"",name:""Levels"",shortcut:""",""",description:""Key GEX/VEX levels for a symbol"",icon:nb.A,category:""skill"",completion:""symbol"",usage:""/levels SPY""},{id:""flow"",name:""Flow"",shortcut:""/flow"",description:""Single-leg options flow digest"",icon:H.A,category:""skill"",completion:""symbol"",usage:""/flow NVDA""},{id:""darkpool"",name:""Dark pool"",shortcut:""/darkpool"",description:""Recent dark-pool and block prints"",icon:ny.A,category:""skill"",completion:""symbol"",usage:""/darkpool TSLA""},{id:""metrics"",name:""Metrics"",shortcut:""/metrics"",description:""Put/call ratio and max pain"",icon:p.A,category:""skill"",completion:""symbol"",usage:""/metrics SPY""},{id:""talon"",name:""Scan"",shortcut:""/talon"",description:""Setup scan by ticker, sector or market"",icon:nv"
1536-064f08115df39c50.js,gex,4,20,90297,1,GEX,"t-Type"":""application/json"",Accept:""application/json""},body:JSON.stringify({answer:e.answer,page_type:e.pageType,ticker:null!=(t=e.ticker)?t:null,live_capability_ids:e.liveCapabilityIds})});if(!n.ok)return[];let r=await n.json();return(Array.isArray(null==r?void 0:r.chips)?r.chips:[]).filter(e=>""string""==typeof(null==e?void 0:e.question)&&e.question.trim().length>0).map((e,t)=>({id:""followup-"".concat(t),type:""quick_reply"",label:e.question,prompt:e.question}))}catch(e){return[]}}var nx=n(60080),nf=n(54390),nb=n(30814),ny=n(79397),nv=n(90889),nk=n(90399),nw=n(39068),nj=n(84382),nS=n(10383),nN=n(71360),nT=n(20908),nA=n(9058);let nC=[{id:""levels"",name:""Levels"",shortcut:""/levels"",description:""Key","/VEX levels for a symbol"",icon:nb.A,category:""skill"",completion:""symbol"",usage:""/levels SPY""},{id:""flow"",name:""Flow"",shortcut:""/flow"",description:""Single-leg options flow digest"",icon:H.A,category:""skill"",completion:""symbol"",usage:""/flow NVDA""},{id:""darkpool"",name:""Dark pool"",shortcut:""/darkpool"",description:""Recent dark-pool and block prints"",icon:ny.A,category:""skill"",completion:""symbol"",usage:""/darkpool TSLA""},{id:""metrics"",name:""Metrics"",shortcut:""/metrics"",description:""Put/call ratio and max pain"",icon:p.A,category:""skill"",completion:""symbol"",usage:""/metrics SPY""},{id:""talon"",name:""Scan"",shortcut:""/talon"",description:""Setup scan by ticker, sector or market"",icon:nv.A,category:""skill"",co"
1536-064f08115df39c50.js,vex,3,21,90301,1,VEX,"pe"":""application/json"",Accept:""application/json""},body:JSON.stringify({answer:e.answer,page_type:e.pageType,ticker:null!=(t=e.ticker)?t:null,live_capability_ids:e.liveCapabilityIds})});if(!n.ok)return[];let r=await n.json();return(Array.isArray(null==r?void 0:r.chips)?r.chips:[]).filter(e=>""string""==typeof(null==e?void 0:e.question)&&e.question.trim().length>0).map((e,t)=>({id:""followup-"".concat(t),type:""quick_reply"",label:e.question,prompt:e.question}))}catch(e){return[]}}var nx=n(60080),nf=n(54390),nb=n(30814),ny=n(79397),nv=n(90889),nk=n(90399),nw=n(39068),nj=n(84382),nS=n(10383),nN=n(71360),nT=n(20908),nA=n(9058);let nC=[{id:""levels"",name:""Levels"",shortcut:""/levels"",description:""Key GEX/","levels for a symbol"",icon:nb.A,category:""skill"",completion:""symbol"",usage:""/levels SPY""},{id:""flow"",name:""Flow"",shortcut:""/flow"",description:""Single-leg options flow digest"",icon:H.A,category:""skill"",completion:""symbol"",usage:""/flow NVDA""},{id:""darkpool"",name:""Dark pool"",shortcut:""/darkpool"",description:""Recent dark-pool and block prints"",icon:ny.A,category:""skill"",completion:""symbol"",usage:""/darkpool TSLA""},{id:""metrics"",name:""Metrics"",shortcut:""/metrics"",description:""Put/call ratio and max pain"",icon:p.A,category:""skill"",completion:""symbol"",usage:""/metrics SPY""},{id:""talon"",name:""Scan"",shortcut:""/talon"",description:""Setup scan by ticker, sector or market"",icon:nv.A,category:""skill"",comple"
1536-064f08115df39c50.js,levels,3,4,90380,1,/levels,".answer,page_type:e.pageType,ticker:null!=(t=e.ticker)?t:null,live_capability_ids:e.liveCapabilityIds})});if(!n.ok)return[];let r=await n.json();return(Array.isArray(null==r?void 0:r.chips)?r.chips:[]).filter(e=>""string""==typeof(null==e?void 0:e.question)&&e.question.trim().length>0).map((e,t)=>({id:""followup-"".concat(t),type:""quick_reply"",label:e.question,prompt:e.question}))}catch(e){return[]}}var nx=n(60080),nf=n(54390),nb=n(30814),ny=n(79397),nv=n(90889),nk=n(90399),nw=n(39068),nj=n(84382),nS=n(10383),nN=n(71360),nT=n(20908),nA=n(9058);let nC=[{id:""levels"",name:""Levels"",shortcut:""/levels"",description:""Key GEX/VEX levels for a symbol"",icon:nb.A,category:""skill"",completion:""symbol"",usage:""","SPY""},{id:""flow"",name:""Flow"",shortcut:""/flow"",description:""Single-leg options flow digest"",icon:H.A,category:""skill"",completion:""symbol"",usage:""/flow NVDA""},{id:""darkpool"",name:""Dark pool"",shortcut:""/darkpool"",description:""Recent dark-pool and block prints"",icon:ny.A,category:""skill"",completion:""symbol"",usage:""/darkpool TSLA""},{id:""metrics"",name:""Metrics"",shortcut:""/metrics"",description:""Put/call ratio and max pain"",icon:p.A,category:""skill"",completion:""symbol"",usage:""/metrics SPY""},{id:""talon"",name:""Scan"",shortcut:""/talon"",description:""Setup scan by ticker, sector or market"",icon:nv.A,category:""skill"",completion:""talon"",usage:""/talon sector semiconductors""},{id:""trinity"",name:""Trinity"",sho"
1536-064f08115df39c50.js,metrics,2,4,90756,1,/metrics,"}))}catch(e){return[]}}var nx=n(60080),nf=n(54390),nb=n(30814),ny=n(79397),nv=n(90889),nk=n(90399),nw=n(39068),nj=n(84382),nS=n(10383),nN=n(71360),nT=n(20908),nA=n(9058);let nC=[{id:""levels"",name:""Levels"",shortcut:""/levels"",description:""Key GEX/VEX levels for a symbol"",icon:nb.A,category:""skill"",completion:""symbol"",usage:""/levels SPY""},{id:""flow"",name:""Flow"",shortcut:""/flow"",description:""Single-leg options flow digest"",icon:H.A,category:""skill"",completion:""symbol"",usage:""/flow NVDA""},{id:""darkpool"",name:""Dark pool"",shortcut:""/darkpool"",description:""Recent dark-pool and block prints"",icon:ny.A,category:""skill"",completion:""symbol"",usage:""/darkpool TSLA""},{id:""metrics"",name:""Metrics"",shortcut:""",""",description:""Put/call ratio and max pain"",icon:p.A,category:""skill"",completion:""symbol"",usage:""/metrics SPY""},{id:""talon"",name:""Scan"",shortcut:""/talon"",description:""Setup scan by ticker, sector or market"",icon:nv.A,category:""skill"",completion:""talon"",usage:""/talon sector semiconductors""},{id:""trinity"",name:""Trinity"",shortcut:""/trinity"",description:""SPXW, SPY and QQQ read together"",icon:nk.A,category:""skill""},{id:""market"",name:""Market"",shortcut:""/market"",description:""Market-wide tape and top tickers"",icon:nw.A,category:""skill""},{id:""news"",name:""News"",shortcut:""/news"",description:""Recent market news on any topic"",icon:nj.A,category:""skill"",usage:""/news fed minutes""},{id:""earnings"",name:""Earn"
1536-064f08115df39c50.js,metrics,3,4,90861,1,/metrics,"9068),nj=n(84382),nS=n(10383),nN=n(71360),nT=n(20908),nA=n(9058);let nC=[{id:""levels"",name:""Levels"",shortcut:""/levels"",description:""Key GEX/VEX levels for a symbol"",icon:nb.A,category:""skill"",completion:""symbol"",usage:""/levels SPY""},{id:""flow"",name:""Flow"",shortcut:""/flow"",description:""Single-leg options flow digest"",icon:H.A,category:""skill"",completion:""symbol"",usage:""/flow NVDA""},{id:""darkpool"",name:""Dark pool"",shortcut:""/darkpool"",description:""Recent dark-pool and block prints"",icon:ny.A,category:""skill"",completion:""symbol"",usage:""/darkpool TSLA""},{id:""metrics"",name:""Metrics"",shortcut:""/metrics"",description:""Put/call ratio and max pain"",icon:p.A,category:""skill"",completion:""symbol"",usage:""","SPY""},{id:""talon"",name:""Scan"",shortcut:""/talon"",description:""Setup scan by ticker, sector or market"",icon:nv.A,category:""skill"",completion:""talon"",usage:""/talon sector semiconductors""},{id:""trinity"",name:""Trinity"",shortcut:""/trinity"",description:""SPXW, SPY and QQQ read together"",icon:nk.A,category:""skill""},{id:""market"",name:""Market"",shortcut:""/market"",description:""Market-wide tape and top tickers"",icon:nw.A,category:""skill""},{id:""news"",name:""News"",shortcut:""/news"",description:""Recent market news on any topic"",icon:nj.A,category:""skill"",usage:""/news fed minutes""},{id:""earnings"",name:""Earnings"",shortcut:""/earnings"",description:""Earnings date and context"",icon:nS.A,category:""skill"",completion:"
1536-064f08115df39c50.js,talon,17,125,90881,1,talon,"=n(10383),nN=n(71360),nT=n(20908),nA=n(9058);let nC=[{id:""levels"",name:""Levels"",shortcut:""/levels"",description:""Key GEX/VEX levels for a symbol"",icon:nb.A,category:""skill"",completion:""symbol"",usage:""/levels SPY""},{id:""flow"",name:""Flow"",shortcut:""/flow"",description:""Single-leg options flow digest"",icon:H.A,category:""skill"",completion:""symbol"",usage:""/flow NVDA""},{id:""darkpool"",name:""Dark pool"",shortcut:""/darkpool"",description:""Recent dark-pool and block prints"",icon:ny.A,category:""skill"",completion:""symbol"",usage:""/darkpool TSLA""},{id:""metrics"",name:""Metrics"",shortcut:""/metrics"",description:""Put/call ratio and max pain"",icon:p.A,category:""skill"",completion:""symbol"",usage:""/metrics SPY""},{id:""",""",name:""Scan"",shortcut:""/talon"",description:""Setup scan by ticker, sector or market"",icon:nv.A,category:""skill"",completion:""talon"",usage:""/talon sector semiconductors""},{id:""trinity"",name:""Trinity"",shortcut:""/trinity"",description:""SPXW, SPY and QQQ read together"",icon:nk.A,category:""skill""},{id:""market"",name:""Market"",shortcut:""/market"",description:""Market-wide tape and top tickers"",icon:nw.A,category:""skill""},{id:""news"",name:""News"",shortcut:""/news"",description:""Recent market news on any topic"",icon:nj.A,category:""skill"",usage:""/news fed minutes""},{id:""earnings"",name:""Earnings"",shortcut:""/earnings"",description:""Earnings date and context"",icon:nS.A,category:""skill"",completion:""symbol"",usage:""/"
1536-064f08115df39c50.js,talon,18,125,90911,1,talon,"08),nA=n(9058);let nC=[{id:""levels"",name:""Levels"",shortcut:""/levels"",description:""Key GEX/VEX levels for a symbol"",icon:nb.A,category:""skill"",completion:""symbol"",usage:""/levels SPY""},{id:""flow"",name:""Flow"",shortcut:""/flow"",description:""Single-leg options flow digest"",icon:H.A,category:""skill"",completion:""symbol"",usage:""/flow NVDA""},{id:""darkpool"",name:""Dark pool"",shortcut:""/darkpool"",description:""Recent dark-pool and block prints"",icon:ny.A,category:""skill"",completion:""symbol"",usage:""/darkpool TSLA""},{id:""metrics"",name:""Metrics"",shortcut:""/metrics"",description:""Put/call ratio and max pain"",icon:p.A,category:""skill"",completion:""symbol"",usage:""/metrics SPY""},{id:""talon"",name:""Scan"",shortcut:""/",""",description:""Setup scan by ticker, sector or market"",icon:nv.A,category:""skill"",completion:""talon"",usage:""/talon sector semiconductors""},{id:""trinity"",name:""Trinity"",shortcut:""/trinity"",description:""SPXW, SPY and QQQ read together"",icon:nk.A,category:""skill""},{id:""market"",name:""Market"",shortcut:""/market"",description:""Market-wide tape and top tickers"",icon:nw.A,category:""skill""},{id:""news"",name:""News"",shortcut:""/news"",description:""Recent market news on any topic"",icon:nj.A,category:""skill"",usage:""/news fed minutes""},{id:""earnings"",name:""Earnings"",shortcut:""/earnings"",description:""Earnings date and context"",icon:nS.A,category:""skill"",completion:""symbol"",usage:""/earnings NVDA""},{id:""clear"",na"
1536-064f08115df39c50.js,talon,19,125,91010,1,talon,"s for a symbol"",icon:nb.A,category:""skill"",completion:""symbol"",usage:""/levels SPY""},{id:""flow"",name:""Flow"",shortcut:""/flow"",description:""Single-leg options flow digest"",icon:H.A,category:""skill"",completion:""symbol"",usage:""/flow NVDA""},{id:""darkpool"",name:""Dark pool"",shortcut:""/darkpool"",description:""Recent dark-pool and block prints"",icon:ny.A,category:""skill"",completion:""symbol"",usage:""/darkpool TSLA""},{id:""metrics"",name:""Metrics"",shortcut:""/metrics"",description:""Put/call ratio and max pain"",icon:p.A,category:""skill"",completion:""symbol"",usage:""/metrics SPY""},{id:""talon"",name:""Scan"",shortcut:""/talon"",description:""Setup scan by ticker, sector or market"",icon:nv.A,category:""skill"",completion:""",""",usage:""/talon sector semiconductors""},{id:""trinity"",name:""Trinity"",shortcut:""/trinity"",description:""SPXW, SPY and QQQ read together"",icon:nk.A,category:""skill""},{id:""market"",name:""Market"",shortcut:""/market"",description:""Market-wide tape and top tickers"",icon:nw.A,category:""skill""},{id:""news"",name:""News"",shortcut:""/news"",description:""Recent market news on any topic"",icon:nj.A,category:""skill"",usage:""/news fed minutes""},{id:""earnings"",name:""Earnings"",shortcut:""/earnings"",description:""Earnings date and context"",icon:nS.A,category:""skill"",completion:""symbol"",usage:""/earnings NVDA""},{id:""clear"",name:""Clear"",shortcut:""/clear"",description:""Clear chat history"",icon:nN.A,category:""system""},{id:""hel"
1536-064f08115df39c50.js,talon,20,125,91025,1,talon,",icon:nb.A,category:""skill"",completion:""symbol"",usage:""/levels SPY""},{id:""flow"",name:""Flow"",shortcut:""/flow"",description:""Single-leg options flow digest"",icon:H.A,category:""skill"",completion:""symbol"",usage:""/flow NVDA""},{id:""darkpool"",name:""Dark pool"",shortcut:""/darkpool"",description:""Recent dark-pool and block prints"",icon:ny.A,category:""skill"",completion:""symbol"",usage:""/darkpool TSLA""},{id:""metrics"",name:""Metrics"",shortcut:""/metrics"",description:""Put/call ratio and max pain"",icon:p.A,category:""skill"",completion:""symbol"",usage:""/metrics SPY""},{id:""talon"",name:""Scan"",shortcut:""/talon"",description:""Setup scan by ticker, sector or market"",icon:nv.A,category:""skill"",completion:""talon"",usage:""/","sector semiconductors""},{id:""trinity"",name:""Trinity"",shortcut:""/trinity"",description:""SPXW, SPY and QQQ read together"",icon:nk.A,category:""skill""},{id:""market"",name:""Market"",shortcut:""/market"",description:""Market-wide tape and top tickers"",icon:nw.A,category:""skill""},{id:""news"",name:""News"",shortcut:""/news"",description:""Recent market news on any topic"",icon:nj.A,category:""skill"",usage:""/news fed minutes""},{id:""earnings"",name:""Earnings"",shortcut:""/earnings"",description:""Earnings date and context"",icon:nS.A,category:""skill"",completion:""symbol"",usage:""/earnings NVDA""},{id:""clear"",name:""Clear"",shortcut:""/clear"",description:""Clear chat history"",icon:nN.A,category:""system""},{id:""help"",name:""Help"","
1536-064f08115df39c50.js,talon,21,125,98387,1,talon,"=0;return(0,r.jsxs)(""div"",{ref:y,onMouseMove:I,className:""absolute z-50 w-full max-h-80 overflow-y-auto rounded-xl shadow-2xl"",style:_,children:[(0,r.jsxs)(""div"",{className:""py-1"",children:[R(""Skills"",C.skill,F),(F+=C.skill.length,null),R(""Actions"",C.action,F),(F+=C.action.length,null),R(""System"",C.system,F)]}),z]})},nM=[""semiconductors"",""energy"",""financials"",""healthcare"",""consumer"",""industrials""],nI=[""ai"",""crypto"",""china""],nz={semis:""semiconductors"",semi:""semiconductors"",chips:""semiconductors"",banks:""financials"",bank:""financials"",financial:""financials"",health:""healthcare"",oil:""energy"",industrial:""industrials""},nR=new Set([""levels"",""flow"",""darkpool"",""metrics"",""earnings""]),nF=new Set([...nR,""","""]),nW=(e,t)=>e.toLowerCase().startsWith(t.toLowerCase()),nP=(e,t)=>{if(!t)return 1;let n=e.toLowerCase(),r=t.toLowerCase();return n===r?0:n.startsWith(r)?1:((e,t)=>{if(!t)return!0;let n=t.toLowerCase(),r=0;for(let t of e.toLowerCase())if(t===n[r]&&(r+=1),r===n.length)return!0;return!1})(e,t)?2:-1},nD=/^[A-Z][A-Z0-9.-]*$/,nL=e=>{let t=new Set,n=[];for(let r of e){let e=String(null!=r?r:"""").trim().toUpperCase();!nD.test(e)||t.has(e)||(t.add(e),n.push(e))}return n},nq=e=>e.charAt(0).toUpperCase()+e.slice(1);function nO(e){var t;let{value:n,selectionStart:r,selectionEnd:a,focusedTicker:l,symbols:o=[]}=e,s=nL(o);if(r!==a||r!==n.length||!n.startsWith(""/""))return null;let i=/\s$/.test(n),[c,...d]="
1536-064f08115df39c50.js,talon,22,125,99327,1,talon,")if(t===n[r]&&(r+=1),r===n.length)return!0;return!1})(e,t)?2:-1},nD=/^[A-Z][A-Z0-9.-]*$/,nL=e=>{let t=new Set,n=[];for(let r of e){let e=String(null!=r?r:"""").trim().toUpperCase();!nD.test(e)||t.has(e)||(t.add(e),n.push(e))}return n},nq=e=>e.charAt(0).toUpperCase()+e.slice(1);function nO(e){var t;let{value:n,selectionStart:r,selectionEnd:a,focusedTicker:l,symbols:o=[]}=e,s=nL(o);if(r!==a||r!==n.length||!n.startsWith(""/""))return null;let i=/\s$/.test(n),[c,...d]=n.slice(1).split(/\s+/).filter(Boolean);if(!c||0===d.length&&!i&&!nF.has(c))return null;let u=i?"""":null!=(t=d[d.length-1])?t:"""",p=u.startsWith(""@"")?u.slice(1):u,m=(e,t,n,r)=>({id:e,primary:t,meta:n,replacement:r}),g=d.length,h=d[0],x=""","""===c&&(""sector""===h||""theme""===h),f=""talon""===c&&x?2:1;if(g>=f&&i||g>f)return null;if(nR.has(c)){let e=s.filter(e=>nW(e,p)).slice(0,8).map(e=>m(""sym-"".concat(e),e,""ticker"",""/"".concat(c,"" "").concat(e)));return e.length>0?e:null}if(""talon""!==c)return null;if(x)return(""sector""===h?nM:nI).map(e=>({k:e,rank:nP(e,p)})).filter(e=>{let{rank:t}=e;return -1!==t}).sort((e,t)=>e.rank-t.rank).map(e=>{let{k:t}=e;return m("""".concat(h,""-"").concat(t),nq(t),h,""/talon "".concat(h,"" "").concat(t))});let b=u.startsWith(""@""),y=[],v=0,k=(e,t,n,r,a)=>{-1!==a&&y.push({rank:a,seq:v+=1,row:m(e,t,n,r)})};if(!b){if(l){let e=nL([l])[0];e&&k(e,e,""current page"",""/talon "".concat(e),nP(e,p))}k(""market"",""Market"",""market"",""/tal"
1536-064f08115df39c50.js,talon,23,125,99370,1,talon,"return!1})(e,t)?2:-1},nD=/^[A-Z][A-Z0-9.-]*$/,nL=e=>{let t=new Set,n=[];for(let r of e){let e=String(null!=r?r:"""").trim().toUpperCase();!nD.test(e)||t.has(e)||(t.add(e),n.push(e))}return n},nq=e=>e.charAt(0).toUpperCase()+e.slice(1);function nO(e){var t;let{value:n,selectionStart:r,selectionEnd:a,focusedTicker:l,symbols:o=[]}=e,s=nL(o);if(r!==a||r!==n.length||!n.startsWith(""/""))return null;let i=/\s$/.test(n),[c,...d]=n.slice(1).split(/\s+/).filter(Boolean);if(!c||0===d.length&&!i&&!nF.has(c))return null;let u=i?"""":null!=(t=d[d.length-1])?t:"""",p=u.startsWith(""@"")?u.slice(1):u,m=(e,t,n,r)=>({id:e,primary:t,meta:n,replacement:r}),g=d.length,h=d[0],x=""talon""===c&&(""sector""===h||""theme""===h),f=""","""===c&&x?2:1;if(g>=f&&i||g>f)return null;if(nR.has(c)){let e=s.filter(e=>nW(e,p)).slice(0,8).map(e=>m(""sym-"".concat(e),e,""ticker"",""/"".concat(c,"" "").concat(e)));return e.length>0?e:null}if(""talon""!==c)return null;if(x)return(""sector""===h?nM:nI).map(e=>({k:e,rank:nP(e,p)})).filter(e=>{let{rank:t}=e;return -1!==t}).sort((e,t)=>e.rank-t.rank).map(e=>{let{k:t}=e;return m("""".concat(h,""-"").concat(t),nq(t),h,""/talon "".concat(h,"" "").concat(t))});let b=u.startsWith(""@""),y=[],v=0,k=(e,t,n,r,a)=>{-1!==a&&y.push({rank:a,seq:v+=1,row:m(e,t,n,r)})};if(!b){if(l){let e=nL([l])[0];e&&k(e,e,""current page"",""/talon "".concat(e),nP(e,p))}k(""market"",""Market"",""market"",""/talon market"",nP(""market"",p));let e=nz[p.toLow"
1536-064f08115df39c50.js,talon,24,125,99564,1,talon,"=>e.charAt(0).toUpperCase()+e.slice(1);function nO(e){var t;let{value:n,selectionStart:r,selectionEnd:a,focusedTicker:l,symbols:o=[]}=e,s=nL(o);if(r!==a||r!==n.length||!n.startsWith(""/""))return null;let i=/\s$/.test(n),[c,...d]=n.slice(1).split(/\s+/).filter(Boolean);if(!c||0===d.length&&!i&&!nF.has(c))return null;let u=i?"""":null!=(t=d[d.length-1])?t:"""",p=u.startsWith(""@"")?u.slice(1):u,m=(e,t,n,r)=>({id:e,primary:t,meta:n,replacement:r}),g=d.length,h=d[0],x=""talon""===c&&(""sector""===h||""theme""===h),f=""talon""===c&&x?2:1;if(g>=f&&i||g>f)return null;if(nR.has(c)){let e=s.filter(e=>nW(e,p)).slice(0,8).map(e=>m(""sym-"".concat(e),e,""ticker"",""/"".concat(c,"" "").concat(e)));return e.length>0?e:null}if(""","""!==c)return null;if(x)return(""sector""===h?nM:nI).map(e=>({k:e,rank:nP(e,p)})).filter(e=>{let{rank:t}=e;return -1!==t}).sort((e,t)=>e.rank-t.rank).map(e=>{let{k:t}=e;return m("""".concat(h,""-"").concat(t),nq(t),h,""/talon "".concat(h,"" "").concat(t))});let b=u.startsWith(""@""),y=[],v=0,k=(e,t,n,r,a)=>{-1!==a&&y.push({rank:a,seq:v+=1,row:m(e,t,n,r)})};if(!b){if(l){let e=nL([l])[0];e&&k(e,e,""current page"",""/talon "".concat(e),nP(e,p))}k(""market"",""Market"",""market"",""/talon market"",nP(""market"",p));let e=nz[p.toLowerCase()];for(let t of nM){let n=e===t?0:nP(t,p);k(""sector-"".concat(t),nq(t),""sector"",""/talon sector "".concat(t),n)}for(let e of nI)k(""theme-"".concat(e),e.toUpperCase(),""theme"",""/talon theme "".c"
1536-064f08115df39c50.js,talon,25,125,99781,1,talon,"),[c,...d]=n.slice(1).split(/\s+/).filter(Boolean);if(!c||0===d.length&&!i&&!nF.has(c))return null;let u=i?"""":null!=(t=d[d.length-1])?t:"""",p=u.startsWith(""@"")?u.slice(1):u,m=(e,t,n,r)=>({id:e,primary:t,meta:n,replacement:r}),g=d.length,h=d[0],x=""talon""===c&&(""sector""===h||""theme""===h),f=""talon""===c&&x?2:1;if(g>=f&&i||g>f)return null;if(nR.has(c)){let e=s.filter(e=>nW(e,p)).slice(0,8).map(e=>m(""sym-"".concat(e),e,""ticker"",""/"".concat(c,"" "").concat(e)));return e.length>0?e:null}if(""talon""!==c)return null;if(x)return(""sector""===h?nM:nI).map(e=>({k:e,rank:nP(e,p)})).filter(e=>{let{rank:t}=e;return -1!==t}).sort((e,t)=>e.rank-t.rank).map(e=>{let{k:t}=e;return m("""".concat(h,""-"").concat(t),nq(t),h,""/",""".concat(h,"" "").concat(t))});let b=u.startsWith(""@""),y=[],v=0,k=(e,t,n,r,a)=>{-1!==a&&y.push({rank:a,seq:v+=1,row:m(e,t,n,r)})};if(!b){if(l){let e=nL([l])[0];e&&k(e,e,""current page"",""/talon "".concat(e),nP(e,p))}k(""market"",""Market"",""market"",""/talon market"",nP(""market"",p));let e=nz[p.toLowerCase()];for(let t of nM){let n=e===t?0:nP(t,p);k(""sector-"".concat(t),nq(t),""sector"",""/talon sector "".concat(t),n)}for(let e of nI)k(""theme-"".concat(e),e.toUpperCase(),""theme"",""/talon theme "".concat(e),nP(e,p))}if(p)for(let e of s.filter(e=>nW(e,p)).slice(0,5))k(""sym-"".concat(e),e,""ticker"",""/talon "".concat(e),+(e.toLowerCase()!==p.toLowerCase()));y.sort((e,t)=>e.rank-t.rank||e.seq-t.seq);let w=new Set;retur"
1536-064f08115df39c50.js,talon,26,125,99971,1,talon,"e,primary:t,meta:n,replacement:r}),g=d.length,h=d[0],x=""talon""===c&&(""sector""===h||""theme""===h),f=""talon""===c&&x?2:1;if(g>=f&&i||g>f)return null;if(nR.has(c)){let e=s.filter(e=>nW(e,p)).slice(0,8).map(e=>m(""sym-"".concat(e),e,""ticker"",""/"".concat(c,"" "").concat(e)));return e.length>0?e:null}if(""talon""!==c)return null;if(x)return(""sector""===h?nM:nI).map(e=>({k:e,rank:nP(e,p)})).filter(e=>{let{rank:t}=e;return -1!==t}).sort((e,t)=>e.rank-t.rank).map(e=>{let{k:t}=e;return m("""".concat(h,""-"").concat(t),nq(t),h,""/talon "".concat(h,"" "").concat(t))});let b=u.startsWith(""@""),y=[],v=0,k=(e,t,n,r,a)=>{-1!==a&&y.push({rank:a,seq:v+=1,row:m(e,t,n,r)})};if(!b){if(l){let e=nL([l])[0];e&&k(e,e,""current page"",""/",""".concat(e),nP(e,p))}k(""market"",""Market"",""market"",""/talon market"",nP(""market"",p));let e=nz[p.toLowerCase()];for(let t of nM){let n=e===t?0:nP(t,p);k(""sector-"".concat(t),nq(t),""sector"",""/talon sector "".concat(t),n)}for(let e of nI)k(""theme-"".concat(e),e.toUpperCase(),""theme"",""/talon theme "".concat(e),nP(e,p))}if(p)for(let e of s.filter(e=>nW(e,p)).slice(0,5))k(""sym-"".concat(e),e,""ticker"",""/talon "".concat(e),+(e.toLowerCase()!==p.toLowerCase()));y.sort((e,t)=>e.rank-t.rank||e.seq-t.seq);let w=new Set;return y.map(e=>e.row).filter(e=>!w.has(e.replacement)&&(w.add(e.replacement),!0))}var nB=n(26983),nG=n(39347),nV=n(1524);let nH=[{symbol:""SPY"",name:""S&P 500 ETF"",type:""popular""},{symbol:""QQQ"",na"
1536-064f08115df39c50.js,talon,27,125,100029,1,talon,"lon""===c&&(""sector""===h||""theme""===h),f=""talon""===c&&x?2:1;if(g>=f&&i||g>f)return null;if(nR.has(c)){let e=s.filter(e=>nW(e,p)).slice(0,8).map(e=>m(""sym-"".concat(e),e,""ticker"",""/"".concat(c,"" "").concat(e)));return e.length>0?e:null}if(""talon""!==c)return null;if(x)return(""sector""===h?nM:nI).map(e=>({k:e,rank:nP(e,p)})).filter(e=>{let{rank:t}=e;return -1!==t}).sort((e,t)=>e.rank-t.rank).map(e=>{let{k:t}=e;return m("""".concat(h,""-"").concat(t),nq(t),h,""/talon "".concat(h,"" "").concat(t))});let b=u.startsWith(""@""),y=[],v=0,k=(e,t,n,r,a)=>{-1!==a&&y.push({rank:a,seq:v+=1,row:m(e,t,n,r)})};if(!b){if(l){let e=nL([l])[0];e&&k(e,e,""current page"",""/talon "".concat(e),nP(e,p))}k(""market"",""Market"",""market"",""/","market"",nP(""market"",p));let e=nz[p.toLowerCase()];for(let t of nM){let n=e===t?0:nP(t,p);k(""sector-"".concat(t),nq(t),""sector"",""/talon sector "".concat(t),n)}for(let e of nI)k(""theme-"".concat(e),e.toUpperCase(),""theme"",""/talon theme "".concat(e),nP(e,p))}if(p)for(let e of s.filter(e=>nW(e,p)).slice(0,5))k(""sym-"".concat(e),e,""ticker"",""/talon "".concat(e),+(e.toLowerCase()!==p.toLowerCase()));y.sort((e,t)=>e.rank-t.rank||e.seq-t.seq);let w=new Set;return y.map(e=>e.row).filter(e=>!w.has(e.replacement)&&(w.add(e.replacement),!0))}var nB=n(26983),nG=n(39347),nV=n(1524);let nH=[{symbol:""SPY"",name:""S&P 500 ETF"",type:""popular""},{symbol:""QQQ"",name:""Nasdaq 100 ETF"",type:""popular""},{symbol:""AAPL"",name:""A"
1536-064f08115df39c50.js,talon,28,125,100163,1,talon,"0,8).map(e=>m(""sym-"".concat(e),e,""ticker"",""/"".concat(c,"" "").concat(e)));return e.length>0?e:null}if(""talon""!==c)return null;if(x)return(""sector""===h?nM:nI).map(e=>({k:e,rank:nP(e,p)})).filter(e=>{let{rank:t}=e;return -1!==t}).sort((e,t)=>e.rank-t.rank).map(e=>{let{k:t}=e;return m("""".concat(h,""-"").concat(t),nq(t),h,""/talon "".concat(h,"" "").concat(t))});let b=u.startsWith(""@""),y=[],v=0,k=(e,t,n,r,a)=>{-1!==a&&y.push({rank:a,seq:v+=1,row:m(e,t,n,r)})};if(!b){if(l){let e=nL([l])[0];e&&k(e,e,""current page"",""/talon "".concat(e),nP(e,p))}k(""market"",""Market"",""market"",""/talon market"",nP(""market"",p));let e=nz[p.toLowerCase()];for(let t of nM){let n=e===t?0:nP(t,p);k(""sector-"".concat(t),nq(t),""sector"",""/","sector "".concat(t),n)}for(let e of nI)k(""theme-"".concat(e),e.toUpperCase(),""theme"",""/talon theme "".concat(e),nP(e,p))}if(p)for(let e of s.filter(e=>nW(e,p)).slice(0,5))k(""sym-"".concat(e),e,""ticker"",""/talon "".concat(e),+(e.toLowerCase()!==p.toLowerCase()));y.sort((e,t)=>e.rank-t.rank||e.seq-t.seq);let w=new Set;return y.map(e=>e.row).filter(e=>!w.has(e.replacement)&&(w.add(e.replacement),!0))}var nB=n(26983),nG=n(39347),nV=n(1524);let nH=[{symbol:""SPY"",name:""S&P 500 ETF"",type:""popular""},{symbol:""QQQ"",name:""Nasdaq 100 ETF"",type:""popular""},{symbol:""AAPL"",name:""Apple Inc."",type:""popular""},{symbol:""MSFT"",name:""Microsoft Corp."",type:""popular""},{symbol:""NVDA"",name:""NVIDIA Corp."",type:""popular""},{s"
1536-064f08115df39c50.js,talon,29,125,100254,1,talon,":null}if(""talon""!==c)return null;if(x)return(""sector""===h?nM:nI).map(e=>({k:e,rank:nP(e,p)})).filter(e=>{let{rank:t}=e;return -1!==t}).sort((e,t)=>e.rank-t.rank).map(e=>{let{k:t}=e;return m("""".concat(h,""-"").concat(t),nq(t),h,""/talon "".concat(h,"" "").concat(t))});let b=u.startsWith(""@""),y=[],v=0,k=(e,t,n,r,a)=>{-1!==a&&y.push({rank:a,seq:v+=1,row:m(e,t,n,r)})};if(!b){if(l){let e=nL([l])[0];e&&k(e,e,""current page"",""/talon "".concat(e),nP(e,p))}k(""market"",""Market"",""market"",""/talon market"",nP(""market"",p));let e=nz[p.toLowerCase()];for(let t of nM){let n=e===t?0:nP(t,p);k(""sector-"".concat(t),nq(t),""sector"",""/talon sector "".concat(t),n)}for(let e of nI)k(""theme-"".concat(e),e.toUpperCase(),""theme"",""/","theme "".concat(e),nP(e,p))}if(p)for(let e of s.filter(e=>nW(e,p)).slice(0,5))k(""sym-"".concat(e),e,""ticker"",""/talon "".concat(e),+(e.toLowerCase()!==p.toLowerCase()));y.sort((e,t)=>e.rank-t.rank||e.seq-t.seq);let w=new Set;return y.map(e=>e.row).filter(e=>!w.has(e.replacement)&&(w.add(e.replacement),!0))}var nB=n(26983),nG=n(39347),nV=n(1524);let nH=[{symbol:""SPY"",name:""S&P 500 ETF"",type:""popular""},{symbol:""QQQ"",name:""Nasdaq 100 ETF"",type:""popular""},{symbol:""AAPL"",name:""Apple Inc."",type:""popular""},{symbol:""MSFT"",name:""Microsoft Corp."",type:""popular""},{symbol:""NVDA"",name:""NVIDIA Corp."",type:""popular""},{symbol:""TSLA"",name:""Tesla Inc."",type:""popular""},{symbol:""AMD"",name:""AMD Inc."",type:""popular"""
1536-064f08115df39c50.js,talon,30,125,100369,1,talon,"}=e;return -1!==t}).sort((e,t)=>e.rank-t.rank).map(e=>{let{k:t}=e;return m("""".concat(h,""-"").concat(t),nq(t),h,""/talon "".concat(h,"" "").concat(t))});let b=u.startsWith(""@""),y=[],v=0,k=(e,t,n,r,a)=>{-1!==a&&y.push({rank:a,seq:v+=1,row:m(e,t,n,r)})};if(!b){if(l){let e=nL([l])[0];e&&k(e,e,""current page"",""/talon "".concat(e),nP(e,p))}k(""market"",""Market"",""market"",""/talon market"",nP(""market"",p));let e=nz[p.toLowerCase()];for(let t of nM){let n=e===t?0:nP(t,p);k(""sector-"".concat(t),nq(t),""sector"",""/talon sector "".concat(t),n)}for(let e of nI)k(""theme-"".concat(e),e.toUpperCase(),""theme"",""/talon theme "".concat(e),nP(e,p))}if(p)for(let e of s.filter(e=>nW(e,p)).slice(0,5))k(""sym-"".concat(e),e,""ticker"",""/",""".concat(e),+(e.toLowerCase()!==p.toLowerCase()));y.sort((e,t)=>e.rank-t.rank||e.seq-t.seq);let w=new Set;return y.map(e=>e.row).filter(e=>!w.has(e.replacement)&&(w.add(e.replacement),!0))}var nB=n(26983),nG=n(39347),nV=n(1524);let nH=[{symbol:""SPY"",name:""S&P 500 ETF"",type:""popular""},{symbol:""QQQ"",name:""Nasdaq 100 ETF"",type:""popular""},{symbol:""AAPL"",name:""Apple Inc."",type:""popular""},{symbol:""MSFT"",name:""Microsoft Corp."",type:""popular""},{symbol:""NVDA"",name:""NVIDIA Corp."",type:""popular""},{symbol:""TSLA"",name:""Tesla Inc."",type:""popular""},{symbol:""AMD"",name:""AMD Inc."",type:""popular""},{symbol:""META"",name:""Meta Platforms"",type:""popular""},{symbol:""GOOGL"",name:""Alphabet Inc."",type:""popular""},{symbol"
1536-064f08115df39c50.js,heatseeker,16,39,108344,1,heatseeker,"Notification permission denied. Please enable in browser settings.""),console.log(""Chrome: Settings > Privacy and Security > Site Settings > Notifications"")):(console.log(""⚠️ Permission not granted yet. Requesting...""),Notification.requestPermission().then(e=>{""granted""===e?console.log(""✅ Permission granted! Run testNotification() again.""):console.error(""❌ Permission denied"")}))},n(18617),n(14612),n(79891),n(35792),n(28047),n(64289);var nZ=n(87189);n(65904);let n0=P.Il.font.mono,n1=""0 0 0 3px rgba(147, 197, 253, 0.14)"",n2=e=>e?""#cbd5e1"":""#334155"",n5={fontSize:""11.5px"",fontWeight:400,letterSpacing:""0""},n4=new Set(nC.map(e=>e.shortcut));function n3(e){if(!e)return{};if(""/""===e)return{pageType:""",""",pageId:""heatseeker""};let t=e.match(/^\/agents\/research\/([^/?#]+)/);if(t)return{pageType:""research"",pageId:""research"",focusedTicker:n9(t[1])};let n=e.match(/^\/agents\/trade\/([^/?#]+)/);return n?{pageType:""trade"",pageId:""trade"",focusedTicker:n9(n[1])}:e.startsWith(""/agents/flow-ai"")?{pageType:""flow-ai"",pageId:""flow-ai""}:e.startsWith(""/flow/compass"")?{pageType:""compass"",pageId:""compass""}:e.startsWith(""/flow/live"")?{pageType:""livefeed"",pageId:n6(e)}:e.startsWith(""/flow/tracker"")?{pageType:""tracker"",pageId:n6(e)}:e.startsWith(""/flow/scanner"")?{pageType:""scanner"",pageId:n6(e)}:e.startsWith(""/flow/lookup"")?{pageType:""contract_lookup"",pageId:n6(e)}:""/alerts""===e?{pageType:""alerts"",pageId:""aler"
1536-064f08115df39c50.js,heatseeker,17,39,108364,1,heatseeker,"ion denied. Please enable in browser settings.""),console.log(""Chrome: Settings > Privacy and Security > Site Settings > Notifications"")):(console.log(""⚠️ Permission not granted yet. Requesting...""),Notification.requestPermission().then(e=>{""granted""===e?console.log(""✅ Permission granted! Run testNotification() again.""):console.error(""❌ Permission denied"")}))},n(18617),n(14612),n(79891),n(35792),n(28047),n(64289);var nZ=n(87189);n(65904);let n0=P.Il.font.mono,n1=""0 0 0 3px rgba(147, 197, 253, 0.14)"",n2=e=>e?""#cbd5e1"":""#334155"",n5={fontSize:""11.5px"",fontWeight:400,letterSpacing:""0""},n4=new Set(nC.map(e=>e.shortcut));function n3(e){if(!e)return{};if(""/""===e)return{pageType:""heatseeker"",pageId:""","""};let t=e.match(/^\/agents\/research\/([^/?#]+)/);if(t)return{pageType:""research"",pageId:""research"",focusedTicker:n9(t[1])};let n=e.match(/^\/agents\/trade\/([^/?#]+)/);return n?{pageType:""trade"",pageId:""trade"",focusedTicker:n9(n[1])}:e.startsWith(""/agents/flow-ai"")?{pageType:""flow-ai"",pageId:""flow-ai""}:e.startsWith(""/flow/compass"")?{pageType:""compass"",pageId:""compass""}:e.startsWith(""/flow/live"")?{pageType:""livefeed"",pageId:n6(e)}:e.startsWith(""/flow/tracker"")?{pageType:""tracker"",pageId:n6(e)}:e.startsWith(""/flow/scanner"")?{pageType:""scanner"",pageId:n6(e)}:e.startsWith(""/flow/lookup"")?{pageType:""contract_lookup"",pageId:n6(e)}:""/alerts""===e?{pageType:""alerts"",pageId:""alerts""}:""/atlas""===e||"""
1536-064f08115df39c50.js,atlas,6,30,109061,1,atlas,"d:""heatseeker""};let t=e.match(/^\/agents\/research\/([^/?#]+)/);if(t)return{pageType:""research"",pageId:""research"",focusedTicker:n9(t[1])};let n=e.match(/^\/agents\/trade\/([^/?#]+)/);return n?{pageType:""trade"",pageId:""trade"",focusedTicker:n9(n[1])}:e.startsWith(""/agents/flow-ai"")?{pageType:""flow-ai"",pageId:""flow-ai""}:e.startsWith(""/flow/compass"")?{pageType:""compass"",pageId:""compass""}:e.startsWith(""/flow/live"")?{pageType:""livefeed"",pageId:n6(e)}:e.startsWith(""/flow/tracker"")?{pageType:""tracker"",pageId:n6(e)}:e.startsWith(""/flow/scanner"")?{pageType:""scanner"",pageId:n6(e)}:e.startsWith(""/flow/lookup"")?{pageType:""contract_lookup"",pageId:n6(e)}:""/alerts""===e?{pageType:""alerts"",pageId:""alerts""}:""/","""===e||""/charts""===e?{pageType:""atlas"",pageId:n6(e)}:""/trinity""===e?{pageType:""trinity"",pageId:""trinity""}:e.match(/^\/academy\/([^/?#]+)/)?{pageType:""academy"",pageId:""academy""}:{pageId:n6(e)}}function n6(e){let t,n=e.replace(/\/+$/,"""")||""/"",r=_.zt[n];if(r)return r;let a="""";for(let[e,r]of Object.entries(_.zt))""/""!==e&&n.startsWith(e+""/"")&&e.length>a.length&&(a=e,t=r);let l=n.split(""/"").filter(Boolean);if(t){let e=a.split(""/"").filter(Boolean).length;return Object.keys(_.zt).some(e=>e!==a&&e.startsWith(a+""/""))?l[e]:t}return 0===l.length?""unknown"":l[l.length-1]}let n8=/^[A-Z0-9][A-Z0-9.\-^]{0,11}$/;function n9(e){let t;try{t=decodeURIComponent(e).trim().toUpperCase()}catch(n){t=e.trim().toUpperC"
1536-064f08115df39c50.js,atlas,7,30,109098,1,atlas,"nts\/research\/([^/?#]+)/);if(t)return{pageType:""research"",pageId:""research"",focusedTicker:n9(t[1])};let n=e.match(/^\/agents\/trade\/([^/?#]+)/);return n?{pageType:""trade"",pageId:""trade"",focusedTicker:n9(n[1])}:e.startsWith(""/agents/flow-ai"")?{pageType:""flow-ai"",pageId:""flow-ai""}:e.startsWith(""/flow/compass"")?{pageType:""compass"",pageId:""compass""}:e.startsWith(""/flow/live"")?{pageType:""livefeed"",pageId:n6(e)}:e.startsWith(""/flow/tracker"")?{pageType:""tracker"",pageId:n6(e)}:e.startsWith(""/flow/scanner"")?{pageType:""scanner"",pageId:n6(e)}:e.startsWith(""/flow/lookup"")?{pageType:""contract_lookup"",pageId:n6(e)}:""/alerts""===e?{pageType:""alerts"",pageId:""alerts""}:""/atlas""===e||""/charts""===e?{pageType:""",""",pageId:n6(e)}:""/trinity""===e?{pageType:""trinity"",pageId:""trinity""}:e.match(/^\/academy\/([^/?#]+)/)?{pageType:""academy"",pageId:""academy""}:{pageId:n6(e)}}function n6(e){let t,n=e.replace(/\/+$/,"""")||""/"",r=_.zt[n];if(r)return r;let a="""";for(let[e,r]of Object.entries(_.zt))""/""!==e&&n.startsWith(e+""/"")&&e.length>a.length&&(a=e,t=r);let l=n.split(""/"").filter(Boolean);if(t){let e=a.split(""/"").filter(Boolean).length;return Object.keys(_.zt).some(e=>e!==a&&e.startsWith(a+""/""))?l[e]:t}return 0===l.length?""unknown"":l[l.length-1]}let n8=/^[A-Z0-9][A-Z0-9.\-^]{0,11}$/;function n9(e){let t;try{t=decodeURIComponent(e).trim().toUpperCase()}catch(n){t=e.trim().toUpperCase()}return n8.test(t)?t:void 0}let"
1536-064f08115df39c50.js,talon,31,125,110616,1,talon,"0.045) 1px, transparent 1px), radial-gradient(circle at 16% 0%, rgba(147, 197, 253, 0.18), transparent 34%), radial-gradient(circle at 88% 8%, rgba(250, 204, 21, 0.08), transparent 28%)"",re=new Set,rt=(e,t,n,a)=>{if(""off""===n.emphasis&&!n.markTickers)return[(0,r.jsx)(""span"",{children:e},a)];let l=""off""===n.emphasis;return(function(e,t){let n,r=[],a=0,l=e=>{if(!e)return;let t=r[r.length-1];t&&""plain""===t.kind?t.text+=e:r.push({kind:""plain"",text:e})};for(tL.lastIndex=0;null!==(n=tL.exec(e));){l(e.slice(a,n.index));let o=tG(n[0],t);""plain""===o.kind?l(o.text):r.push(o),a=n.index+n[0].length}return l(e.slice(a)),r})(e,n.universe).map((e,o)=>{let s=a+o;if(l)return e.ticker?(0,r.jsx)(""span"",{""data-","-atom"":e.kind,""data-talon-ticker"":e.ticker,style:ra,children:e.text},s):(0,r.jsx)(""span"",{children:e.text},s);if(!tP.has(e.kind))return""recede""===n.emphasis?(0,r.jsx)(""span"",{""data-talon-prose"":!0,style:{color:P.qd.muted(n.isDark)},children:e.text},s):(0,r.jsx)(""span"",{children:e.text},s);let i=""bold""===n.emphasis?{fontWeight:600}:""chip""===n.emphasis?{padding:""0 3px"",borderRadius:""2px"",backgroundColor:t}:{color:P.qd.primary(n.isDark)},c=!!e.ticker&&n.markTickers;return(0,r.jsx)(""span"",{""data-talon-atom"":e.kind,...c?{""data-talon-ticker"":e.ticker}:{},...""chip""===n.emphasis?{""data-talon-mono"":!0}:{},style:c?{...i,...ra}:i,children:e.text},s)})},rn=(e,t,n)=>{let a=[],l=e,o=0;for(;l.length>0;){le"
1536-064f08115df39c50.js,talon,32,125,110641,1,talon,"px), radial-gradient(circle at 16% 0%, rgba(147, 197, 253, 0.18), transparent 34%), radial-gradient(circle at 88% 8%, rgba(250, 204, 21, 0.08), transparent 28%)"",re=new Set,rt=(e,t,n,a)=>{if(""off""===n.emphasis&&!n.markTickers)return[(0,r.jsx)(""span"",{children:e},a)];let l=""off""===n.emphasis;return(function(e,t){let n,r=[],a=0,l=e=>{if(!e)return;let t=r[r.length-1];t&&""plain""===t.kind?t.text+=e:r.push({kind:""plain"",text:e})};for(tL.lastIndex=0;null!==(n=tL.exec(e));){l(e.slice(a,n.index));let o=tG(n[0],t);""plain""===o.kind?l(o.text):r.push(o),a=n.index+n[0].length}return l(e.slice(a)),r})(e,n.universe).map((e,o)=>{let s=a+o;if(l)return e.ticker?(0,r.jsx)(""span"",{""data-talon-atom"":e.kind,""data-","-ticker"":e.ticker,style:ra,children:e.text},s):(0,r.jsx)(""span"",{children:e.text},s);if(!tP.has(e.kind))return""recede""===n.emphasis?(0,r.jsx)(""span"",{""data-talon-prose"":!0,style:{color:P.qd.muted(n.isDark)},children:e.text},s):(0,r.jsx)(""span"",{children:e.text},s);let i=""bold""===n.emphasis?{fontWeight:600}:""chip""===n.emphasis?{padding:""0 3px"",borderRadius:""2px"",backgroundColor:t}:{color:P.qd.primary(n.isDark)},c=!!e.ticker&&n.markTickers;return(0,r.jsx)(""span"",{""data-talon-atom"":e.kind,...c?{""data-talon-ticker"":e.ticker}:{},...""chip""===n.emphasis?{""data-talon-mono"":!0}:{},style:c?{...i,...ra}:i,children:e.text},s)})},rn=(e,t,n)=>{let a=[],l=e,o=0;for(;l.length>0;){let e=l.match(/\*\*(.+?)\*\"
1536-064f08115df39c50.js,talon,33,125,110802,1,talon,",re=new Set,rt=(e,t,n,a)=>{if(""off""===n.emphasis&&!n.markTickers)return[(0,r.jsx)(""span"",{children:e},a)];let l=""off""===n.emphasis;return(function(e,t){let n,r=[],a=0,l=e=>{if(!e)return;let t=r[r.length-1];t&&""plain""===t.kind?t.text+=e:r.push({kind:""plain"",text:e})};for(tL.lastIndex=0;null!==(n=tL.exec(e));){l(e.slice(a,n.index));let o=tG(n[0],t);""plain""===o.kind?l(o.text):r.push(o),a=n.index+n[0].length}return l(e.slice(a)),r})(e,n.universe).map((e,o)=>{let s=a+o;if(l)return e.ticker?(0,r.jsx)(""span"",{""data-talon-atom"":e.kind,""data-talon-ticker"":e.ticker,style:ra,children:e.text},s):(0,r.jsx)(""span"",{children:e.text},s);if(!tP.has(e.kind))return""recede""===n.emphasis?(0,r.jsx)(""span"",{""data-","-prose"":!0,style:{color:P.qd.muted(n.isDark)},children:e.text},s):(0,r.jsx)(""span"",{children:e.text},s);let i=""bold""===n.emphasis?{fontWeight:600}:""chip""===n.emphasis?{padding:""0 3px"",borderRadius:""2px"",backgroundColor:t}:{color:P.qd.primary(n.isDark)},c=!!e.ticker&&n.markTickers;return(0,r.jsx)(""span"",{""data-talon-atom"":e.kind,...c?{""data-talon-ticker"":e.ticker}:{},...""chip""===n.emphasis?{""data-talon-mono"":!0}:{},style:c?{...i,...ra}:i,children:e.text},s)})},rn=(e,t,n)=>{let a=[],l=e,o=0;for(;l.length>0;){let e=l.match(/\*\*(.+?)\*\*/),s=l.match(/`([^`]+)`/),i=e?l.indexOf(e[0]):1/0,c=s?l.indexOf(s[0]):1/0;if(i===1/0&&c===1/0){l&&(a.push(...rt(l,t,n,o)),o+=1e3);break}i<c&&e?(i>0&&(a.push(..."
1536-064f08115df39c50.js,talon,34,125,111118,1,talon,"ice(a,n.index));let o=tG(n[0],t);""plain""===o.kind?l(o.text):r.push(o),a=n.index+n[0].length}return l(e.slice(a)),r})(e,n.universe).map((e,o)=>{let s=a+o;if(l)return e.ticker?(0,r.jsx)(""span"",{""data-talon-atom"":e.kind,""data-talon-ticker"":e.ticker,style:ra,children:e.text},s):(0,r.jsx)(""span"",{children:e.text},s);if(!tP.has(e.kind))return""recede""===n.emphasis?(0,r.jsx)(""span"",{""data-talon-prose"":!0,style:{color:P.qd.muted(n.isDark)},children:e.text},s):(0,r.jsx)(""span"",{children:e.text},s);let i=""bold""===n.emphasis?{fontWeight:600}:""chip""===n.emphasis?{padding:""0 3px"",borderRadius:""2px"",backgroundColor:t}:{color:P.qd.primary(n.isDark)},c=!!e.ticker&&n.markTickers;return(0,r.jsx)(""span"",{""data-","-atom"":e.kind,...c?{""data-talon-ticker"":e.ticker}:{},...""chip""===n.emphasis?{""data-talon-mono"":!0}:{},style:c?{...i,...ra}:i,children:e.text},s)})},rn=(e,t,n)=>{let a=[],l=e,o=0;for(;l.length>0;){let e=l.match(/\*\*(.+?)\*\*/),s=l.match(/`([^`]+)`/),i=e?l.indexOf(e[0]):1/0,c=s?l.indexOf(s[0]):1/0;if(i===1/0&&c===1/0){l&&(a.push(...rt(l,t,n,o)),o+=1e3);break}i<c&&e?(i>0&&(a.push(...rt(l.slice(0,i),t,n,o)),o+=1e3),a.push((0,r.jsx)(""strong"",{style:{fontWeight:600},children:""off""===n.emphasis?e[1]:rt(e[1],t,n,o+1)},o++)),o+=1e3,l=l.slice(i+e[0].length)):s&&(c>0&&(a.push(...rt(l.slice(0,c),t,n,o)),o+=1e3),a.push((0,r.jsx)(""code"",{""data-talon-mono"":!0,style:{padding:""0 3px"",borderRadius:""2px"",back"
1536-064f08115df39c50.js,talon,35,125,111149,1,talon,");""plain""===o.kind?l(o.text):r.push(o),a=n.index+n[0].length}return l(e.slice(a)),r})(e,n.universe).map((e,o)=>{let s=a+o;if(l)return e.ticker?(0,r.jsx)(""span"",{""data-talon-atom"":e.kind,""data-talon-ticker"":e.ticker,style:ra,children:e.text},s):(0,r.jsx)(""span"",{children:e.text},s);if(!tP.has(e.kind))return""recede""===n.emphasis?(0,r.jsx)(""span"",{""data-talon-prose"":!0,style:{color:P.qd.muted(n.isDark)},children:e.text},s):(0,r.jsx)(""span"",{children:e.text},s);let i=""bold""===n.emphasis?{fontWeight:600}:""chip""===n.emphasis?{padding:""0 3px"",borderRadius:""2px"",backgroundColor:t}:{color:P.qd.primary(n.isDark)},c=!!e.ticker&&n.markTickers;return(0,r.jsx)(""span"",{""data-talon-atom"":e.kind,...c?{""data-","-ticker"":e.ticker}:{},...""chip""===n.emphasis?{""data-talon-mono"":!0}:{},style:c?{...i,...ra}:i,children:e.text},s)})},rn=(e,t,n)=>{let a=[],l=e,o=0;for(;l.length>0;){let e=l.match(/\*\*(.+?)\*\*/),s=l.match(/`([^`]+)`/),i=e?l.indexOf(e[0]):1/0,c=s?l.indexOf(s[0]):1/0;if(i===1/0&&c===1/0){l&&(a.push(...rt(l,t,n,o)),o+=1e3);break}i<c&&e?(i>0&&(a.push(...rt(l.slice(0,i),t,n,o)),o+=1e3),a.push((0,r.jsx)(""strong"",{style:{fontWeight:600},children:""off""===n.emphasis?e[1]:rt(e[1],t,n,o+1)},o++)),o+=1e3,l=l.slice(i+e[0].length)):s&&(c>0&&(a.push(...rt(l.slice(0,c),t,n,o)),o+=1e3),a.push((0,r.jsx)(""code"",{""data-talon-mono"":!0,style:{padding:""0 3px"",borderRadius:""2px"",backgroundColor:t},children:s[1]},o"
1536-064f08115df39c50.js,talon,36,125,111206,1,talon,"gth}return l(e.slice(a)),r})(e,n.universe).map((e,o)=>{let s=a+o;if(l)return e.ticker?(0,r.jsx)(""span"",{""data-talon-atom"":e.kind,""data-talon-ticker"":e.ticker,style:ra,children:e.text},s):(0,r.jsx)(""span"",{children:e.text},s);if(!tP.has(e.kind))return""recede""===n.emphasis?(0,r.jsx)(""span"",{""data-talon-prose"":!0,style:{color:P.qd.muted(n.isDark)},children:e.text},s):(0,r.jsx)(""span"",{children:e.text},s);let i=""bold""===n.emphasis?{fontWeight:600}:""chip""===n.emphasis?{padding:""0 3px"",borderRadius:""2px"",backgroundColor:t}:{color:P.qd.primary(n.isDark)},c=!!e.ticker&&n.markTickers;return(0,r.jsx)(""span"",{""data-talon-atom"":e.kind,...c?{""data-talon-ticker"":e.ticker}:{},...""chip""===n.emphasis?{""data-","-mono"":!0}:{},style:c?{...i,...ra}:i,children:e.text},s)})},rn=(e,t,n)=>{let a=[],l=e,o=0;for(;l.length>0;){let e=l.match(/\*\*(.+?)\*\*/),s=l.match(/`([^`]+)`/),i=e?l.indexOf(e[0]):1/0,c=s?l.indexOf(s[0]):1/0;if(i===1/0&&c===1/0){l&&(a.push(...rt(l,t,n,o)),o+=1e3);break}i<c&&e?(i>0&&(a.push(...rt(l.slice(0,i),t,n,o)),o+=1e3),a.push((0,r.jsx)(""strong"",{style:{fontWeight:600},children:""off""===n.emphasis?e[1]:rt(e[1],t,n,o+1)},o++)),o+=1e3,l=l.slice(i+e[0].length)):s&&(c>0&&(a.push(...rt(l.slice(0,c),t,n,o)),o+=1e3),a.push((0,r.jsx)(""code"",{""data-talon-mono"":!0,style:{padding:""0 3px"",borderRadius:""2px"",backgroundColor:t},children:s[1]},o++)),l=l.slice(c+s[0].length))}return a},rr=e=>{let{conte"
1536-064f08115df39c50.js,talon,37,125,111762,1,talon,"!!e.ticker&&n.markTickers;return(0,r.jsx)(""span"",{""data-talon-atom"":e.kind,...c?{""data-talon-ticker"":e.ticker}:{},...""chip""===n.emphasis?{""data-talon-mono"":!0}:{},style:c?{...i,...ra}:i,children:e.text},s)})},rn=(e,t,n)=>{let a=[],l=e,o=0;for(;l.length>0;){let e=l.match(/\*\*(.+?)\*\*/),s=l.match(/`([^`]+)`/),i=e?l.indexOf(e[0]):1/0,c=s?l.indexOf(s[0]):1/0;if(i===1/0&&c===1/0){l&&(a.push(...rt(l,t,n,o)),o+=1e3);break}i<c&&e?(i>0&&(a.push(...rt(l.slice(0,i),t,n,o)),o+=1e3),a.push((0,r.jsx)(""strong"",{style:{fontWeight:600},children:""off""===n.emphasis?e[1]:rt(e[1],t,n,o+1)},o++)),o+=1e3,l=l.slice(i+e[0].length)):s&&(c>0&&(a.push(...rt(l.slice(0,c),t,n,o)),o+=1e3),a.push((0,r.jsx)(""code"",{""data-","-mono"":!0,style:{padding:""0 3px"",borderRadius:""2px"",backgroundColor:t},children:s[1]},o++)),l=l.slice(c+s[0].length))}return a},rr=e=>{let{content:t,isDark:n,isPartial:l,emphasis:o,universe:s,markTickers:i}=e,c=(0,a.useMemo)(()=>(function(e){let t=arguments.length>1&&void 0!==arguments[1]?arguments[1]:{},n=e.replace(/\r\n/g,""\n"").split(""\n""),r=0;for(;r<n.length&&""""===n[r].trim();)r+=1;if(r>=n.length)return{header:null,headerIsVerdict:!1,groups:[]};let a=nl(n[r].trim()),l=n.slice(r+1),o=[],s=[];for(let e of l)""""===e.trim()?(s.length&&o.push(s),s=[]):s.push(e);s.length&&o.push(s);let i=o.map((e,n)=>{let r=n===o.length-1,a=e.map((n,a)=>{let l=n.trim();return{text:l,cells:l.split(nn),forcedFragm"
1536-064f08115df39c50.js,talon,38,125,113579,1,talon,"ix:c,columns:d,lines:u}});return{header:a,headerIsVerdict:i.length>0&&!nr.test(a),groups:i}})(t,{isPartial:l}),[t,l]),d=n2(n),u=P.qd.muted(n),p=P.Tj.bgOpacity.medium(n),m={emphasis:o,universe:s,isDark:n,markTickers:i};return c.header||0!==c.groups.length?(0,r.jsxs)(""div"",{""data-testid"":""concise-block"",children:[c.header&&(0,r.jsx)(""div"",{""data-testid"":""concise-header"",""data-verdict"":c.headerIsVerdict?""true"":""false"",style:{fontWeight:c.headerIsVerdict?600:400,color:d},children:rn(c.header,p,m)}),c.groups.map((e,t)=>{let n=2===e.columns;return(0,r.jsx)(""div"",{""data-testid"":""concise-group"",""data-matrix"":e.matrix?""true"":""false"",""data-columns"":e.columns,""data-label-column"":n?""true"":""false"",""data-","-mono"":!0,style:{display:""grid"",gridTemplateColumns:e.columns>1?""repeat("".concat(e.columns-1,"", max-content) minmax(0, 1fr)""):""minmax(0, 1fr)"",columnGap:""1.15em"",rowGap:""1px"",marginTop:c.header||t>0?""8px"":0},children:e.lines.map((e,t)=>""fragment""===e.kind?(0,r.jsx)(""div"",{style:{gridColumn:""1 / -1"",color:d},children:rn(e.text,p,m)},t):(0,r.jsx)(a.Fragment,{children:e.cells.map((e,t)=>(0,r.jsx)(""div"",{style:{color:n&&0===t?u:d,fontWeight:n||0!==t?400:500},children:rn(e,p,m)},t))},t))},t)})]}):null},ra={textDecoration:""underline dotted"",textUnderlineOffset:""2px"",cursor:""context-menu"",WebkitTouchCallout:""none"",userSelect:""none""},rl=a.memo(e=>{let{content:t,isDark:n,verbosity:l,emphasis:o=""reced"
1536-064f08115df39c50.js,talon,39,125,114648,1,talon,"ren:e.cells.map((e,t)=>(0,r.jsx)(""div"",{style:{color:n&&0===t?u:d,fontWeight:n||0!==t?400:500},children:rn(e,p,m)},t))},t))},t)})]}):null},ra={textDecoration:""underline dotted"",textUnderlineOffset:""2px"",cursor:""context-menu"",WebkitTouchCallout:""none"",userSelect:""none""},rl=a.memo(e=>{let{content:t,isDark:n,verbosity:l,emphasis:o=""recede"",universe:s=re,markTickers:i=!1}=e,c=/[═─│┌┐└┘├┤┬┴┼░█▓▒]/.test(t)||t.includes(""SUPER-SAIYAN""),[d,u]=(0,a.useState)(!c),p=n2(n),m=P.qd.muted(n),g=P.Tj.bgOpacity.medium(n),h=""#82AAFF"",x=""#FF453A"",f=t.split(""\n""),b=f.length>15,y=b&&!d,v=y?f.slice(0,6).join(""\n""):t;if(c){let e=((e,t,n)=>n?e.replace(/[$@](\^?[A-Z][A-Z0-9.\-^]{0,11})\b/g,(e,n)=>t.has(n)?'<span data-","-ticker=""'.concat(n,'"" style=""').concat(""text-decoration:underline dotted;text-underline-offset:2px;cursor:context-menu;-webkit-touch-callout:none;user-select:none"",'"">').concat(e,""</span>""):e):e)((0,t2.Z)(v),s,i).replace(/(█+)/g,'<span style=""color:'.concat(""rgba(130, 170, 255, 0.45)"",'"">$1</span>')).replace(/(░+)/g,'<span style=""color:'.concat(m,'"">$1</span>')).replace(/(═+)/g,'<span style=""color:'.concat(h,'"">$1</span>')).replace(/(─+)/g,'<span style=""color:'.concat(h,'"">$1</span>')).replace(/▲/g,'<span style=""color:'.concat(h,'"">▲</span>')).replace(/▼/g,'<span style=""color:'.concat(x,'"">▼</span>')).replace(/✅/g,'<span style=""color:'.concat(h,'"">✅</span>')).replace(/⚠️/g,'<span style=""col"
1536-064f08115df39c50.js,talon,40,125,115737,1,talon,"span style=""color:'.concat(h,'"">$1</span>')).replace(/(─+)/g,'<span style=""color:'.concat(h,'"">$1</span>')).replace(/▲/g,'<span style=""color:'.concat(h,'"">▲</span>')).replace(/▼/g,'<span style=""color:'.concat(x,'"">▼</span>')).replace(/✅/g,'<span style=""color:'.concat(h,'"">✅</span>')).replace(/⚠️/g,'<span style=""color:#FF9F0A"">⚠️</span>').replace(/\[CLEAN\]/g,'<span style=""color:'.concat(h,'"">[CLEAN]</span>')).replace(/\[CONFLICTED\]/g,'<span style=""color:'.concat(x,'"">[CONFLICTED]</span>')).replace(/\+(\d+\.?\d*%)/g,'<span style=""color:'.concat(h,'"">+$1</span>')).replace(/-(\d+\.?\d*%)/g,'<span style=""color:'.concat(x,'"">-$1</span>'));return(0,r.jsxs)(""div"",{children:[(0,r.jsx)(""pre"",{""data-","-mono"":!0,style:{color:p,lineHeight:1.3,whiteSpace:""pre-wrap"",wordBreak:""break-word"",margin:0,fontFamily:n0},dangerouslySetInnerHTML:{__html:e}}),b&&(0,r.jsx)(""button"",{onClick:()=>u(!d),className:""mt-1 px-2 py-0.5 rounded text-[10px] font-mono transition-colors hover:bg-white/10"",style:{color:h,border:""1px solid "".concat(h,""40""),background:"""".concat(h,""10"")},children:d?""▲ Collapse"":""▼ Expand ("".concat(f.length-6,"" more lines)"")})]})}let k=e=>rn(e,g,{emphasis:o,universe:s,isDark:n,markTickers:i}),w=y?f.slice(0,6):f;return(0,r.jsxs)(""div"",{style:{color:p,lineHeight:1.4},children:[""concise""===l?(0,r.jsx)(rr,{content:v,isDark:n,emphasis:o,universe:s,markTickers:i}):w.map((e,t)=>((e,t)=>{let a=e"
1536-064f08115df39c50.js,talon,41,125,118630,1,Talon,"]})});rl.displayName=""SimpleMarkdown"";let ro=e=>{let{enabled:t,onToggle:n,title:a,ariaLabel:l,testId:o,icon:s,label:i,theme:c}=e;return(0,r.jsxs)(""button"",{type:""button"",onClick:n,title:a,""aria-label"":l,""aria-pressed"":t,""data-testid"":o,className:""flex items-center gap-1 rounded px-1.5 py-0.5 transition-colors hover:bg-white/10"",style:{color:t?tl:c.textMuted,border:""1px solid "".concat(t?ts:""transparent""),backgroundColor:t?""rgba(147, 197, 253, 0.10)"":""transparent""},children:[s,(0,r.jsx)(""span"",{className:""font-ui"",style:{fontSize:""9px"",letterSpacing:""0.04em""},children:i})]})},rs=e=>{let{enabled:t,onToggle:n,theme:a}=e;return(0,r.jsx)(ro,{enabled:t,onToggle:n,title:t?""Suggested follow-ups on —","offers next questions after an answer. Click to stop."":""Suggested follow-ups off — Talon answers without offering next questions. Click to enable."",ariaLabel:""Toggle suggested follow-ups"",testId:""suggest-toggle-chip"",icon:(0,r.jsx)(e9.A,{size:10,strokeWidth:2.25,""aria-hidden"":!0}),label:""Suggest"",theme:a})},ri=e=>{let{content:t,promptStyle:n,isDark:a,isMobile:l}=e,o=""right""===n,s=""inline""!==n;return(0,r.jsxs)(""div"",{""data-testid"":""talon-user-turn"",""data-talon-prompt"":n,style:{...o?{textAlign:""right""}:{},...s?{marginTop:""18px""}:{}},children:[s&&(0,r.jsx)(""div"",{""data-talon-turn-rule"":!0,style:{borderTop:""1px solid "".concat(P.Tj.borderOpacity.subtle(a)),marginBottom:""6px""}}),!o&&(0,r.jsx)(""sp"
1536-064f08115df39c50.js,talon,42,125,118719,1,Talon,"el:l,testId:o,icon:s,label:i,theme:c}=e;return(0,r.jsxs)(""button"",{type:""button"",onClick:n,title:a,""aria-label"":l,""aria-pressed"":t,""data-testid"":o,className:""flex items-center gap-1 rounded px-1.5 py-0.5 transition-colors hover:bg-white/10"",style:{color:t?tl:c.textMuted,border:""1px solid "".concat(t?ts:""transparent""),backgroundColor:t?""rgba(147, 197, 253, 0.10)"":""transparent""},children:[s,(0,r.jsx)(""span"",{className:""font-ui"",style:{fontSize:""9px"",letterSpacing:""0.04em""},children:i})]})},rs=e=>{let{enabled:t,onToggle:n,theme:a}=e;return(0,r.jsx)(ro,{enabled:t,onToggle:n,title:t?""Suggested follow-ups on — Talon offers next questions after an answer. Click to stop."":""Suggested follow-ups off —","answers without offering next questions. Click to enable."",ariaLabel:""Toggle suggested follow-ups"",testId:""suggest-toggle-chip"",icon:(0,r.jsx)(e9.A,{size:10,strokeWidth:2.25,""aria-hidden"":!0}),label:""Suggest"",theme:a})},ri=e=>{let{content:t,promptStyle:n,isDark:a,isMobile:l}=e,o=""right""===n,s=""inline""!==n;return(0,r.jsxs)(""div"",{""data-testid"":""talon-user-turn"",""data-talon-prompt"":n,style:{...o?{textAlign:""right""}:{},...s?{marginTop:""18px""}:{}},children:[s&&(0,r.jsx)(""div"",{""data-talon-turn-rule"":!0,style:{borderTop:""1px solid "".concat(P.Tj.borderOpacity.subtle(a)),marginBottom:""6px""}}),!o&&(0,r.jsx)(""span"",{style:{color:a?""#fff"":""#1a1a1a"",marginRight:l?""4px"":""8px""},children:""❯""}),(0,r.jsx)("
1536-064f08115df39c50.js,talon,43,125,119071,1,talon,"253, 0.10)"":""transparent""},children:[s,(0,r.jsx)(""span"",{className:""font-ui"",style:{fontSize:""9px"",letterSpacing:""0.04em""},children:i})]})},rs=e=>{let{enabled:t,onToggle:n,theme:a}=e;return(0,r.jsx)(ro,{enabled:t,onToggle:n,title:t?""Suggested follow-ups on — Talon offers next questions after an answer. Click to stop."":""Suggested follow-ups off — Talon answers without offering next questions. Click to enable."",ariaLabel:""Toggle suggested follow-ups"",testId:""suggest-toggle-chip"",icon:(0,r.jsx)(e9.A,{size:10,strokeWidth:2.25,""aria-hidden"":!0}),label:""Suggest"",theme:a})},ri=e=>{let{content:t,promptStyle:n,isDark:a,isMobile:l}=e,o=""right""===n,s=""inline""!==n;return(0,r.jsxs)(""div"",{""data-testid"":""","-user-turn"",""data-talon-prompt"":n,style:{...o?{textAlign:""right""}:{},...s?{marginTop:""18px""}:{}},children:[s&&(0,r.jsx)(""div"",{""data-talon-turn-rule"":!0,style:{borderTop:""1px solid "".concat(P.Tj.borderOpacity.subtle(a)),marginBottom:""6px""}}),!o&&(0,r.jsx)(""span"",{style:{color:a?""#fff"":""#1a1a1a"",marginRight:l?""4px"":""8px""},children:""❯""}),(0,r.jsx)(""span"",{style:{color:a?""#fff"":""#1a1a1a"",fontWeight:s?500:400},children:t})]})},rc=e=>{let{enabled:t,onToggle:n,variant:a,isDark:l,theme:o,compact:s}=e,i=t?""Concise mode on — Talon answers in field blocks. Click for prose."":""Concise mode off — Talon answers in prose. Click for scannable field blocks."";return""chip""===a?(0,r.jsx)(ro,{enabled:t,onToggle:"
1536-064f08115df39c50.js,talon,44,125,119094,1,talon,"t""},children:[s,(0,r.jsx)(""span"",{className:""font-ui"",style:{fontSize:""9px"",letterSpacing:""0.04em""},children:i})]})},rs=e=>{let{enabled:t,onToggle:n,theme:a}=e;return(0,r.jsx)(ro,{enabled:t,onToggle:n,title:t?""Suggested follow-ups on — Talon offers next questions after an answer. Click to stop."":""Suggested follow-ups off — Talon answers without offering next questions. Click to enable."",ariaLabel:""Toggle suggested follow-ups"",testId:""suggest-toggle-chip"",icon:(0,r.jsx)(e9.A,{size:10,strokeWidth:2.25,""aria-hidden"":!0}),label:""Suggest"",theme:a})},ri=e=>{let{content:t,promptStyle:n,isDark:a,isMobile:l}=e,o=""right""===n,s=""inline""!==n;return(0,r.jsxs)(""div"",{""data-testid"":""talon-user-turn"",""data-","-prompt"":n,style:{...o?{textAlign:""right""}:{},...s?{marginTop:""18px""}:{}},children:[s&&(0,r.jsx)(""div"",{""data-talon-turn-rule"":!0,style:{borderTop:""1px solid "".concat(P.Tj.borderOpacity.subtle(a)),marginBottom:""6px""}}),!o&&(0,r.jsx)(""span"",{style:{color:a?""#fff"":""#1a1a1a"",marginRight:l?""4px"":""8px""},children:""❯""}),(0,r.jsx)(""span"",{style:{color:a?""#fff"":""#1a1a1a"",fontWeight:s?500:400},children:t})]})},rc=e=>{let{enabled:t,onToggle:n,variant:a,isDark:l,theme:o,compact:s}=e,i=t?""Concise mode on — Talon answers in field blocks. Click for prose."":""Concise mode off — Talon answers in prose. Click for scannable field blocks."";return""chip""===a?(0,r.jsx)(ro,{enabled:t,onToggle:n,title:i,ariaLabel:""To"
1536-064f08115df39c50.js,talon,45,125,119209,1,talon,"},rs=e=>{let{enabled:t,onToggle:n,theme:a}=e;return(0,r.jsx)(ro,{enabled:t,onToggle:n,title:t?""Suggested follow-ups on — Talon offers next questions after an answer. Click to stop."":""Suggested follow-ups off — Talon answers without offering next questions. Click to enable."",ariaLabel:""Toggle suggested follow-ups"",testId:""suggest-toggle-chip"",icon:(0,r.jsx)(e9.A,{size:10,strokeWidth:2.25,""aria-hidden"":!0}),label:""Suggest"",theme:a})},ri=e=>{let{content:t,promptStyle:n,isDark:a,isMobile:l}=e,o=""right""===n,s=""inline""!==n;return(0,r.jsxs)(""div"",{""data-testid"":""talon-user-turn"",""data-talon-prompt"":n,style:{...o?{textAlign:""right""}:{},...s?{marginTop:""18px""}:{}},children:[s&&(0,r.jsx)(""div"",{""data-","-turn-rule"":!0,style:{borderTop:""1px solid "".concat(P.Tj.borderOpacity.subtle(a)),marginBottom:""6px""}}),!o&&(0,r.jsx)(""span"",{style:{color:a?""#fff"":""#1a1a1a"",marginRight:l?""4px"":""8px""},children:""❯""}),(0,r.jsx)(""span"",{style:{color:a?""#fff"":""#1a1a1a"",fontWeight:s?500:400},children:t})]})},rc=e=>{let{enabled:t,onToggle:n,variant:a,isDark:l,theme:o,compact:s}=e,i=t?""Concise mode on — Talon answers in field blocks. Click for prose."":""Concise mode off — Talon answers in prose. Click for scannable field blocks."";return""chip""===a?(0,r.jsx)(ro,{enabled:t,onToggle:n,title:i,ariaLabel:""Toggle concise mode"",testId:""concise-toggle-chip"",icon:(0,r.jsx)(e7.A,{size:10,strokeWidth:2.25,""aria-hidden"":!0}),la"
1536-064f08115df39c50.js,talon,46,125,119598,1,Talon,",""aria-hidden"":!0}),label:""Suggest"",theme:a})},ri=e=>{let{content:t,promptStyle:n,isDark:a,isMobile:l}=e,o=""right""===n,s=""inline""!==n;return(0,r.jsxs)(""div"",{""data-testid"":""talon-user-turn"",""data-talon-prompt"":n,style:{...o?{textAlign:""right""}:{},...s?{marginTop:""18px""}:{}},children:[s&&(0,r.jsx)(""div"",{""data-talon-turn-rule"":!0,style:{borderTop:""1px solid "".concat(P.Tj.borderOpacity.subtle(a)),marginBottom:""6px""}}),!o&&(0,r.jsx)(""span"",{style:{color:a?""#fff"":""#1a1a1a"",marginRight:l?""4px"":""8px""},children:""❯""}),(0,r.jsx)(""span"",{style:{color:a?""#fff"":""#1a1a1a"",fontWeight:s?500:400},children:t})]})},rc=e=>{let{enabled:t,onToggle:n,variant:a,isDark:l,theme:o,compact:s}=e,i=t?""Concise mode on —","answers in field blocks. Click for prose."":""Concise mode off — Talon answers in prose. Click for scannable field blocks."";return""chip""===a?(0,r.jsx)(ro,{enabled:t,onToggle:n,title:i,ariaLabel:""Toggle concise mode"",testId:""concise-toggle-chip"",icon:(0,r.jsx)(e7.A,{size:10,strokeWidth:2.25,""aria-hidden"":!0}),label:""Concise"",theme:o}):(0,r.jsxs)(""button"",{type:""button"",onClick:n,title:i,""aria-label"":""Toggle concise mode"",""aria-pressed"":t,""data-testid"":""concise-toggle-header"",className:""flex h-8 items-center gap-1.5 rounded-lg px-2.5 transition-colors hover:bg-white/10 active:bg-white/20"",style:{color:t?tl:o.textMuted,border:""1px solid "".concat(t?ts:l?to:P.Tj.borderOpacity.subtle(l)),background"
1536-064f08115df39c50.js,talon,47,125,119667,1,Talon,"romptStyle:n,isDark:a,isMobile:l}=e,o=""right""===n,s=""inline""!==n;return(0,r.jsxs)(""div"",{""data-testid"":""talon-user-turn"",""data-talon-prompt"":n,style:{...o?{textAlign:""right""}:{},...s?{marginTop:""18px""}:{}},children:[s&&(0,r.jsx)(""div"",{""data-talon-turn-rule"":!0,style:{borderTop:""1px solid "".concat(P.Tj.borderOpacity.subtle(a)),marginBottom:""6px""}}),!o&&(0,r.jsx)(""span"",{style:{color:a?""#fff"":""#1a1a1a"",marginRight:l?""4px"":""8px""},children:""❯""}),(0,r.jsx)(""span"",{style:{color:a?""#fff"":""#1a1a1a"",fontWeight:s?500:400},children:t})]})},rc=e=>{let{enabled:t,onToggle:n,variant:a,isDark:l,theme:o,compact:s}=e,i=t?""Concise mode on — Talon answers in field blocks. Click for prose."":""Concise mode off —","answers in prose. Click for scannable field blocks."";return""chip""===a?(0,r.jsx)(ro,{enabled:t,onToggle:n,title:i,ariaLabel:""Toggle concise mode"",testId:""concise-toggle-chip"",icon:(0,r.jsx)(e7.A,{size:10,strokeWidth:2.25,""aria-hidden"":!0}),label:""Concise"",theme:o}):(0,r.jsxs)(""button"",{type:""button"",onClick:n,title:i,""aria-label"":""Toggle concise mode"",""aria-pressed"":t,""data-testid"":""concise-toggle-header"",className:""flex h-8 items-center gap-1.5 rounded-lg px-2.5 transition-colors hover:bg-white/10 active:bg-white/20"",style:{color:t?tl:o.textMuted,border:""1px solid "".concat(t?ts:l?to:P.Tj.borderOpacity.subtle(l)),backgroundColor:t?""rgba(147, 197, 253, 0.10)"":""transparent""},children:[(0,r.jsx"
1536-064f08115df39c50.js,talon,48,125,120800,1,Talon,"items-center gap-1.5 rounded-lg px-2.5 transition-colors hover:bg-white/10 active:bg-white/20"",style:{color:t?tl:o.textMuted,border:""1px solid "".concat(t?ts:l?to:P.Tj.borderOpacity.subtle(l)),backgroundColor:t?""rgba(147, 197, 253, 0.10)"":""transparent""},children:[(0,r.jsx)(e7.A,{size:14,""aria-hidden"":!0}),!s&&(0,r.jsx)(""span"",{className:""text-xs"",style:{fontFamily:P.Il.font.ui},children:""Concise""})]})},rd=e=>{let{theme:t,leading:n}=e;return(0,r.jsxs)(""div"",{className:""flex items-center pt-1.5"",children:[n&&(0,r.jsx)(""div"",{className:""flex flex-shrink-0 items-center gap-1"",children:n}),(0,r.jsx)(""span"",{className:""font-ui flex-1 text-center"",style:{color:t.textMuted,fontSize:""9px""},children:""","'s analysis — not financial advice.""})]})},ru=[""levels"",""flow"",""darkpool"",""metrics"",""talon"",""trinity"",""market"",""news"",""earnings"",""clear"",""help""],rp=e=>e.map(e=>nC.find(t=>t.id===e)).filter(e=>!!e);rp(ru);let rm=e=>{var t,n,s,i,c,d,u,p,m,g,h,x,f;let{isDark:b,theme:k,isMobile:j=!1,accentColor:S=""blue"",embedded:N=!1,embeddedBackgroundOpacity:T,isActiveTab:A=!0,onTalonAckDecline:C}=e,{isOpen:M,close:I,terminalContext:z,briefNonce:R}=(0,td.n)(),F=N||M,W=""mono""!==S,D=(0,E.q8)(S,!!W||b),L=(0,E.Ez)(S,!!W||b),{settings:q,updateSettings:O,addRecentSymbol:B,togglePinnedContext:G,toggleQuickCommand:V}=function(){let e=tT(e=>e.settings),t=tT(e=>e.updateSettings),n=tT(e=>e.resetSettings),r=tT(e=>e.addRece"
1536-064f08115df39c50.js,talon,49,125,120890,1,talon,"e/20"",style:{color:t?tl:o.textMuted,border:""1px solid "".concat(t?ts:l?to:P.Tj.borderOpacity.subtle(l)),backgroundColor:t?""rgba(147, 197, 253, 0.10)"":""transparent""},children:[(0,r.jsx)(e7.A,{size:14,""aria-hidden"":!0}),!s&&(0,r.jsx)(""span"",{className:""text-xs"",style:{fontFamily:P.Il.font.ui},children:""Concise""})]})},rd=e=>{let{theme:t,leading:n}=e;return(0,r.jsxs)(""div"",{className:""flex items-center pt-1.5"",children:[n&&(0,r.jsx)(""div"",{className:""flex flex-shrink-0 items-center gap-1"",children:n}),(0,r.jsx)(""span"",{className:""font-ui flex-1 text-center"",style:{color:t.textMuted,fontSize:""9px""},children:""Talon's analysis — not financial advice.""})]})},ru=[""levels"",""flow"",""darkpool"",""metrics"",""",""",""trinity"",""market"",""news"",""earnings"",""clear"",""help""],rp=e=>e.map(e=>nC.find(t=>t.id===e)).filter(e=>!!e);rp(ru);let rm=e=>{var t,n,s,i,c,d,u,p,m,g,h,x,f;let{isDark:b,theme:k,isMobile:j=!1,accentColor:S=""blue"",embedded:N=!1,embeddedBackgroundOpacity:T,isActiveTab:A=!0,onTalonAckDecline:C}=e,{isOpen:M,close:I,terminalContext:z,briefNonce:R}=(0,td.n)(),F=N||M,W=""mono""!==S,D=(0,E.q8)(S,!!W||b),L=(0,E.Ez)(S,!!W||b),{settings:q,updateSettings:O,addRecentSymbol:B,togglePinnedContext:G,toggleQuickCommand:V}=function(){let e=tT(e=>e.settings),t=tT(e=>e.updateSettings),n=tT(e=>e.resetSettings),r=tT(e=>e.addRecentSymbol);return{settings:e,updateSettings:t,resetSettings:n,addRecentSymbol:r,togglePinne"
1536-064f08115df39c50.js,levels,4,4,132873,1,/levels,"llback)(e=>{let t=e.trim().toLowerCase();switch(t.startsWith(""/"")?t.slice(1):t){case""clear"":case""cls"":return eM(),nR.current=null,!0;case""exit"":case""quit"":case""q"":if(N){let e={id:""exit-"".concat(Date.now()),agentId:""system"",conversationId:""main"",role:""agent"",content:""Use the panel header to close this view."",status:""delivered"",timestamp:new Date().toISOString()};return eC(t=>[...t,e]),!0}return I(),!0;case""help"":case""?"":{let e={id:""help-"".concat(Date.now()),agentId:""system"",conversationId:""main"",role:""agent"",content:""**Terminal Commands**\n\n`clear` — Clear chat history\n`concise` — Toggle scannable field-block answers\n`exit` — Close terminal\n`help` — Show this help\n\n**Slash Commands**\n`","[symbol]` — Key GEX/VEX levels\n`/flow [symbol]` — Single-leg options flow digest\n`/darkpool [symbol]` — Dark-pool and block prints\n`/metrics [symbol]` — Put/call ratio and max pain\n`/talon [scope]` — Setup scan (ticker, sector, theme, market)\n`/trinity` — SPXW, SPY and QQQ together\n`/market` — Market-wide tape\n`/news [topic]` — Recent market news\n`/earnings [symbol]` — Earnings date and context\n\n**Tips**\n• `/talon` alone scans this page's ticker; `/talon sector semiconductors` scans a basket\n• Type `/` then a space to see what a command accepts\n• Ask anything about markets, setups, or flow"",status:""delivered"",timestamp:new Date().toISOString()};return eC(t=>[...t,e]),!0}case""co"
1536-064f08115df39c50.js,gex,5,20,132897,1,GEX,"().toLowerCase();switch(t.startsWith(""/"")?t.slice(1):t){case""clear"":case""cls"":return eM(),nR.current=null,!0;case""exit"":case""quit"":case""q"":if(N){let e={id:""exit-"".concat(Date.now()),agentId:""system"",conversationId:""main"",role:""agent"",content:""Use the panel header to close this view."",status:""delivered"",timestamp:new Date().toISOString()};return eC(t=>[...t,e]),!0}return I(),!0;case""help"":case""?"":{let e={id:""help-"".concat(Date.now()),agentId:""system"",conversationId:""main"",role:""agent"",content:""**Terminal Commands**\n\n`clear` — Clear chat history\n`concise` — Toggle scannable field-block answers\n`exit` — Close terminal\n`help` — Show this help\n\n**Slash Commands**\n`/levels [symbol]` — Key","/VEX levels\n`/flow [symbol]` — Single-leg options flow digest\n`/darkpool [symbol]` — Dark-pool and block prints\n`/metrics [symbol]` — Put/call ratio and max pain\n`/talon [scope]` — Setup scan (ticker, sector, theme, market)\n`/trinity` — SPXW, SPY and QQQ together\n`/market` — Market-wide tape\n`/news [topic]` — Recent market news\n`/earnings [symbol]` — Earnings date and context\n\n**Tips**\n• `/talon` alone scans this page's ticker; `/talon sector semiconductors` scans a basket\n• Type `/` then a space to see what a command accepts\n• Ask anything about markets, setups, or flow"",status:""delivered"",timestamp:new Date().toISOString()};return eC(t=>[...t,e]),!0}case""concise"":{let e=!Y;O({"
1536-064f08115df39c50.js,vex,4,21,132901,1,VEX,"oLowerCase();switch(t.startsWith(""/"")?t.slice(1):t){case""clear"":case""cls"":return eM(),nR.current=null,!0;case""exit"":case""quit"":case""q"":if(N){let e={id:""exit-"".concat(Date.now()),agentId:""system"",conversationId:""main"",role:""agent"",content:""Use the panel header to close this view."",status:""delivered"",timestamp:new Date().toISOString()};return eC(t=>[...t,e]),!0}return I(),!0;case""help"":case""?"":{let e={id:""help-"".concat(Date.now()),agentId:""system"",conversationId:""main"",role:""agent"",content:""**Terminal Commands**\n\n`clear` — Clear chat history\n`concise` — Toggle scannable field-block answers\n`exit` — Close terminal\n`help` — Show this help\n\n**Slash Commands**\n`/levels [symbol]` — Key GEX/","levels\n`/flow [symbol]` — Single-leg options flow digest\n`/darkpool [symbol]` — Dark-pool and block prints\n`/metrics [symbol]` — Put/call ratio and max pain\n`/talon [scope]` — Setup scan (ticker, sector, theme, market)\n`/trinity` — SPXW, SPY and QQQ together\n`/market` — Market-wide tape\n`/news [topic]` — Recent market news\n`/earnings [symbol]` — Earnings date and context\n\n**Tips**\n• `/talon` alone scans this page's ticker; `/talon sector semiconductors` scans a basket\n• Type `/` then a space to see what a command accepts\n• Ask anything about markets, setups, or flow"",status:""delivered"",timestamp:new Date().toISOString()};return eC(t=>[...t,e]),!0}case""concise"":{let e=!Y;O({conc"
1536-064f08115df39c50.js,metrics,4,4,133016,1,/metrics,":case""quit"":case""q"":if(N){let e={id:""exit-"".concat(Date.now()),agentId:""system"",conversationId:""main"",role:""agent"",content:""Use the panel header to close this view."",status:""delivered"",timestamp:new Date().toISOString()};return eC(t=>[...t,e]),!0}return I(),!0;case""help"":case""?"":{let e={id:""help-"".concat(Date.now()),agentId:""system"",conversationId:""main"",role:""agent"",content:""**Terminal Commands**\n\n`clear` — Clear chat history\n`concise` — Toggle scannable field-block answers\n`exit` — Close terminal\n`help` — Show this help\n\n**Slash Commands**\n`/levels [symbol]` — Key GEX/VEX levels\n`/flow [symbol]` — Single-leg options flow digest\n`/darkpool [symbol]` — Dark-pool and block prints\n`","[symbol]` — Put/call ratio and max pain\n`/talon [scope]` — Setup scan (ticker, sector, theme, market)\n`/trinity` — SPXW, SPY and QQQ together\n`/market` — Market-wide tape\n`/news [topic]` — Recent market news\n`/earnings [symbol]` — Earnings date and context\n\n**Tips**\n• `/talon` alone scans this page's ticker; `/talon sector semiconductors` scans a basket\n• Type `/` then a space to see what a command accepts\n• Ask anything about markets, setups, or flow"",status:""delivered"",timestamp:new Date().toISOString()};return eC(t=>[...t,e]),!0}case""concise"":{let e=!Y;O({conciseMode:e});let t={id:""concise-"".concat(Date.now()),agentId:""system"",conversationId:""main"",role:""agent"",content:e?""Conci"
1536-064f08115df39c50.js,talon,50,125,133068,1,talon,"ate.now()),agentId:""system"",conversationId:""main"",role:""agent"",content:""Use the panel header to close this view."",status:""delivered"",timestamp:new Date().toISOString()};return eC(t=>[...t,e]),!0}return I(),!0;case""help"":case""?"":{let e={id:""help-"".concat(Date.now()),agentId:""system"",conversationId:""main"",role:""agent"",content:""**Terminal Commands**\n\n`clear` — Clear chat history\n`concise` — Toggle scannable field-block answers\n`exit` — Close terminal\n`help` — Show this help\n\n**Slash Commands**\n`/levels [symbol]` — Key GEX/VEX levels\n`/flow [symbol]` — Single-leg options flow digest\n`/darkpool [symbol]` — Dark-pool and block prints\n`/metrics [symbol]` — Put/call ratio and max pain\n`/","[scope]` — Setup scan (ticker, sector, theme, market)\n`/trinity` — SPXW, SPY and QQQ together\n`/market` — Market-wide tape\n`/news [topic]` — Recent market news\n`/earnings [symbol]` — Earnings date and context\n\n**Tips**\n• `/talon` alone scans this page's ticker; `/talon sector semiconductors` scans a basket\n• Type `/` then a space to see what a command accepts\n• Ask anything about markets, setups, or flow"",status:""delivered"",timestamp:new Date().toISOString()};return eC(t=>[...t,e]),!0}case""concise"":{let e=!Y;O({conciseMode:e});let t={id:""concise-"".concat(Date.now()),agentId:""system"",conversationId:""main"",role:""agent"",content:e?""Concise mode on — Talon answers in field blocks."":""Con"
1536-064f08115df39c50.js,talon,51,125,133304,1,talon,"id:""help-"".concat(Date.now()),agentId:""system"",conversationId:""main"",role:""agent"",content:""**Terminal Commands**\n\n`clear` — Clear chat history\n`concise` — Toggle scannable field-block answers\n`exit` — Close terminal\n`help` — Show this help\n\n**Slash Commands**\n`/levels [symbol]` — Key GEX/VEX levels\n`/flow [symbol]` — Single-leg options flow digest\n`/darkpool [symbol]` — Dark-pool and block prints\n`/metrics [symbol]` — Put/call ratio and max pain\n`/talon [scope]` — Setup scan (ticker, sector, theme, market)\n`/trinity` — SPXW, SPY and QQQ together\n`/market` — Market-wide tape\n`/news [topic]` — Recent market news\n`/earnings [symbol]` — Earnings date and context\n\n**Tips**\n• `/","` alone scans this page's ticker; `/talon sector semiconductors` scans a basket\n• Type `/` then a space to see what a command accepts\n• Ask anything about markets, setups, or flow"",status:""delivered"",timestamp:new Date().toISOString()};return eC(t=>[...t,e]),!0}case""concise"":{let e=!Y;O({conciseMode:e});let t={id:""concise-"".concat(Date.now()),agentId:""system"",conversationId:""main"",role:""agent"",content:e?""Concise mode on — Talon answers in field blocks."":""Concise mode off — Talon answers in prose."",status:""delivered"",timestamp:new Date().toISOString()};return eC(e=>[...e,t]),!0}case""version"":case""v"":{let e={id:""version-"".concat(Date.now()),agentId:""system"",conversationId:""main"",role:""agent"""
1536-064f08115df39c50.js,talon,52,125,133345,1,talon,"stem"",conversationId:""main"",role:""agent"",content:""**Terminal Commands**\n\n`clear` — Clear chat history\n`concise` — Toggle scannable field-block answers\n`exit` — Close terminal\n`help` — Show this help\n\n**Slash Commands**\n`/levels [symbol]` — Key GEX/VEX levels\n`/flow [symbol]` — Single-leg options flow digest\n`/darkpool [symbol]` — Dark-pool and block prints\n`/metrics [symbol]` — Put/call ratio and max pain\n`/talon [scope]` — Setup scan (ticker, sector, theme, market)\n`/trinity` — SPXW, SPY and QQQ together\n`/market` — Market-wide tape\n`/news [topic]` — Recent market news\n`/earnings [symbol]` — Earnings date and context\n\n**Tips**\n• `/talon` alone scans this page's ticker; `/","sector semiconductors` scans a basket\n• Type `/` then a space to see what a command accepts\n• Ask anything about markets, setups, or flow"",status:""delivered"",timestamp:new Date().toISOString()};return eC(t=>[...t,e]),!0}case""concise"":{let e=!Y;O({conciseMode:e});let t={id:""concise-"".concat(Date.now()),agentId:""system"",conversationId:""main"",role:""agent"",content:e?""Concise mode on — Talon answers in field blocks."":""Concise mode off — Talon answers in prose."",status:""delivered"",timestamp:new Date().toISOString()};return eC(e=>[...e,t]),!0}case""version"":case""v"":{let e={id:""version-"".concat(Date.now()),agentId:""system"",conversationId:""main"",role:""agent"",content:""Skylit Talon v0.1.0"",status:""de"
1536-064f08115df39c50.js,talon,53,125,133737,1,Talon,"Put/call ratio and max pain\n`/talon [scope]` — Setup scan (ticker, sector, theme, market)\n`/trinity` — SPXW, SPY and QQQ together\n`/market` — Market-wide tape\n`/news [topic]` — Recent market news\n`/earnings [symbol]` — Earnings date and context\n\n**Tips**\n• `/talon` alone scans this page's ticker; `/talon sector semiconductors` scans a basket\n• Type `/` then a space to see what a command accepts\n• Ask anything about markets, setups, or flow"",status:""delivered"",timestamp:new Date().toISOString()};return eC(t=>[...t,e]),!0}case""concise"":{let e=!Y;O({conciseMode:e});let t={id:""concise-"".concat(Date.now()),agentId:""system"",conversationId:""main"",role:""agent"",content:e?""Concise mode on —","answers in field blocks."":""Concise mode off — Talon answers in prose."",status:""delivered"",timestamp:new Date().toISOString()};return eC(e=>[...e,t]),!0}case""version"":case""v"":{let e={id:""version-"".concat(Date.now()),agentId:""system"",conversationId:""main"",role:""agent"",content:""Skylit Talon v0.1.0"",status:""delivered"",timestamp:new Date().toISOString()};return eC(t=>[...t,e]),!0}}if(/^\/[a-z]+$/.test(t)&&!nC.some(e=>e.shortcut===t)){let e=nC.map(e=>""`"".concat(e.shortcut,""`"")).join("", "");return eC(n=>[...n,{id:""unknown-command-"".concat(Date.now()),agentId:""system"",conversationId:""main"",role:""agent"",content:""`"".concat(t,""` isn't a command. Available: "").concat(e,"".\n\nOr just ask — plain question"
1536-064f08115df39c50.js,talon,54,125,133789,1,Talon,"p scan (ticker, sector, theme, market)\n`/trinity` — SPXW, SPY and QQQ together\n`/market` — Market-wide tape\n`/news [topic]` — Recent market news\n`/earnings [symbol]` — Earnings date and context\n\n**Tips**\n• `/talon` alone scans this page's ticker; `/talon sector semiconductors` scans a basket\n• Type `/` then a space to see what a command accepts\n• Ask anything about markets, setups, or flow"",status:""delivered"",timestamp:new Date().toISOString()};return eC(t=>[...t,e]),!0}case""concise"":{let e=!Y;O({conciseMode:e});let t={id:""concise-"".concat(Date.now()),agentId:""system"",conversationId:""main"",role:""agent"",content:e?""Concise mode on — Talon answers in field blocks."":""Concise mode off —","answers in prose."",status:""delivered"",timestamp:new Date().toISOString()};return eC(e=>[...e,t]),!0}case""version"":case""v"":{let e={id:""version-"".concat(Date.now()),agentId:""system"",conversationId:""main"",role:""agent"",content:""Skylit Talon v0.1.0"",status:""delivered"",timestamp:new Date().toISOString()};return eC(t=>[...t,e]),!0}}if(/^\/[a-z]+$/.test(t)&&!nC.some(e=>e.shortcut===t)){let e=nC.map(e=>""`"".concat(e.shortcut,""`"")).join("", "");return eC(n=>[...n,{id:""unknown-command-"".concat(Date.now()),agentId:""system"",conversationId:""main"",role:""agent"",content:""`"".concat(t,""` isn't a command. Available: "").concat(e,"".\n\nOr just ask — plain questions work anywhere.""),status:""delivered"",timestamp:new"
1536-064f08115df39c50.js,talon,55,125,134026,1,Talon,"s page's ticker; `/talon sector semiconductors` scans a basket\n• Type `/` then a space to see what a command accepts\n• Ask anything about markets, setups, or flow"",status:""delivered"",timestamp:new Date().toISOString()};return eC(t=>[...t,e]),!0}case""concise"":{let e=!Y;O({conciseMode:e});let t={id:""concise-"".concat(Date.now()),agentId:""system"",conversationId:""main"",role:""agent"",content:e?""Concise mode on — Talon answers in field blocks."":""Concise mode off — Talon answers in prose."",status:""delivered"",timestamp:new Date().toISOString()};return eC(e=>[...e,t]),!0}case""version"":case""v"":{let e={id:""version-"".concat(Date.now()),agentId:""system"",conversationId:""main"",role:""agent"",content:""Skylit","v0.1.0"",status:""delivered"",timestamp:new Date().toISOString()};return eC(t=>[...t,e]),!0}}if(/^\/[a-z]+$/.test(t)&&!nC.some(e=>e.shortcut===t)){let e=nC.map(e=>""`"".concat(e.shortcut,""`"")).join("", "");return eC(n=>[...n,{id:""unknown-command-"".concat(Date.now()),agentId:""system"",conversationId:""main"",role:""agent"",content:""`"".concat(t,""` isn't a command. Available: "").concat(e,"".\n\nOr just ask — plain questions work anywhere.""),status:""delivered"",timestamp:new Date().toISOString()}]),!0}return!1},[I,N,eC,eM,Y,O]),nM=(0,tH.Q)(),nI=(0,a.useMemo)(()=>({fetch:tV.iu?nM:(e,t)=>fetch(e,t)}),[nM]),nz=(0,a.useRef)(""""),nR=(0,a.useRef)(null),nF=(0,a.useRef)(0),nW=(0,a.useRef)(0),nP=(0,a.useCallback)(()=>"
1536-064f08115df39c50.js,node,5,20,135423,1,node,"ck)(()=>nW.current!==t1.Af.getState().epoch,[]),nD=(0,a.useCallback)(e=>{var t,n,r,a,l,o,s,i,c,d,u,p,m,g,h,x,f,b,y,v,k;if(!nP()&&(null==e?void 0:e.type))switch(e.type){case""run_started"":eG({state:""thinking"",message:""Starting research…""}),nz.current="""";break;case""llm_chunk"":{let r=null!=(n=null==(t=e.payload)?void 0:t.text)?n:"""";r&&(nz.current+=r),eG({state:""generating"",message:""Generating response…""});break}case""tool_started"":{let t=tW(""started"",null!=(a=null==(r=e.payload)?void 0:r.tool)?a:"""");t&&eG(t);break}case""tool_completed"":{let t=tW(""completed"",null!=(o=null==(l=e.payload)?void 0:l.tool)?o:"""");t&&eG(t);break}case""node_started"":{let t=tF(""started"",null!=(i=null==(s=e.payload)?void 0:s.",")?i:"""");t&&eG(t);break}case""node_completed"":{let t=tF(""completed"",null!=(d=null==(c=e.payload)?void 0:c.node)?d:"""");t&&eG(t);break}case""run_completed"":{let t=(null==(u=e.payload)?void 0:u.answer)||nz.current||"""",n=null!=(h=nR.current)?h:""agent-"".concat(Date.now());nF.current=0;let r=(null==(p=e.payload)?void 0:p.kb_unresolved)===!0;eC(e=>[...e,{id:n,agentId:""orchestrator"",conversationId:""main"",role:""agent"",content:t,status:""delivered"",timestamp:new Date().toISOString(),verbosity:es.current,...r?{suggestedActions:tM(n)}:{}}]),nx.j.trackTalonRunCompleted({latency_ms:ei.current?Date.now()-ei.current:0,answer_len_bucket:(0,nf.GH)(t.length),kb_unresolved:r,guard_fired:(null==(m=e.payload)?void 0:"
1536-064f08115df39c50.js,node,6,20,135531,1,node,",f,b,y,v,k;if(!nP()&&(null==e?void 0:e.type))switch(e.type){case""run_started"":eG({state:""thinking"",message:""Starting research…""}),nz.current="""";break;case""llm_chunk"":{let r=null!=(n=null==(t=e.payload)?void 0:t.text)?n:"""";r&&(nz.current+=r),eG({state:""generating"",message:""Generating response…""});break}case""tool_started"":{let t=tW(""started"",null!=(a=null==(r=e.payload)?void 0:r.tool)?a:"""");t&&eG(t);break}case""tool_completed"":{let t=tW(""completed"",null!=(o=null==(l=e.payload)?void 0:l.tool)?o:"""");t&&eG(t);break}case""node_started"":{let t=tF(""started"",null!=(i=null==(s=e.payload)?void 0:s.node)?i:"""");t&&eG(t);break}case""node_completed"":{let t=tF(""completed"",null!=(d=null==(c=e.payload)?void 0:c.",")?d:"""");t&&eG(t);break}case""run_completed"":{let t=(null==(u=e.payload)?void 0:u.answer)||nz.current||"""",n=null!=(h=nR.current)?h:""agent-"".concat(Date.now());nF.current=0;let r=(null==(p=e.payload)?void 0:p.kb_unresolved)===!0;eC(e=>[...e,{id:n,agentId:""orchestrator"",conversationId:""main"",role:""agent"",content:t,status:""delivered"",timestamp:new Date().toISOString(),verbosity:es.current,...r?{suggestedActions:tM(n)}:{}}]),nx.j.trackTalonRunCompleted({latency_ms:ei.current?Date.now()-ei.current:0,answer_len_bucket:(0,nf.GH)(t.length),kb_unresolved:r,guard_fired:(null==(m=e.payload)?void 0:m.guard_fired)===!0,followups_count:0,command:ed.current.command,page_id:ed.current.page_id,verbosity:es.cur"
1536-064f08115df39c50.js,talon,56,125,137715,1,Talon,"e&&null!=(t=tC[e])?t:t_}(n);eG({state:""error"",message:r}),nx.j.trackTalonRunFailed({source:""backend"",error_code:null!=n?n:""unknown"",latency_ms:ei.current?Date.now()-ei.current:0,command:ed.current.command,page_id:ed.current.page_id}),ei.current=null;let a=""error-"".concat(Date.now());eC(e=>[...e,{id:a,agentId:""orchestrator"",conversationId:""main"",role:""agent"",content:r,status:""error"",timestamp:new Date().toISOString(),...!function(e){return!e||!tE.has(e)}(n)?{}:{suggestedActions:tM(a)}}]),tB(e=>Math.max(0,e-1)),nR.current=null;break}case""node_paused"":eG({state:""complete"",message:""Paused for review""})}},[tB,tO,tq,q.notificationsEnabled,eC,nP,ew,eN]),nL=(0,a.useCallback)(e=>{if(console.error(""[","] stream error"",e),nP()||null==nR.current)return;let t=""Connection issue — check your network and try again."";eG({state:""error"",message:t}),nx.j.trackTalonRunFailed({source:""transport"",error_code:""transport"",latency_ms:ei.current?Date.now()-ei.current:0,command:ed.current.command,page_id:ed.current.page_id}),ei.current=null,nF.current+=1;let n=nF.current>=2,r=""error-"".concat(Date.now());eC(e=>[...e,{id:r,agentId:""orchestrator"",conversationId:""main"",role:""agent"",content:t,status:""error"",timestamp:new Date().toISOString(),...n?{suggestedActions:tM(r)}:{}}]),tB(e=>Math.max(0,e-1)),nR.current=null},[tB,eC,nP]),nq=(0,a.useMemo)(()=>(0,tV.Kf)(),[]),nB=(0,e8.EX)({apiUrl:nq,assistantId:""talon"",threa"
1536-064f08115df39c50.js,talon,57,125,138408,1,talon,"rror(""[Talon] stream error"",e),nP()||null==nR.current)return;let t=""Connection issue — check your network and try again."";eG({state:""error"",message:t}),nx.j.trackTalonRunFailed({source:""transport"",error_code:""transport"",latency_ms:ei.current?Date.now()-ei.current:0,command:ed.current.command,page_id:ed.current.page_id}),ei.current=null,nF.current+=1;let n=nF.current>=2,r=""error-"".concat(Date.now());eC(e=>[...e,{id:r,agentId:""orchestrator"",conversationId:""main"",role:""agent"",content:t,status:""error"",timestamp:new Date().toISOString(),...n?{suggestedActions:tM(r)}:{}}]),tB(e=>Math.max(0,e-1)),nR.current=null},[tB,eC,nP]),nq=(0,a.useMemo)(()=>(0,tV.Kf)(),[]),nB=(0,e8.EX)({apiUrl:nq,assistantId:""",""",threadId:e_,callerOptions:nI,onThreadId:e=>{nP()||eE(e)},onCustomEvent:nD,onError:nL}),nG=nB.isLoading,nV=(0,a.useCallback)(()=>{var e,t,n,r;let a=ej(),{pageId:l,focusedTicker:o}=ew,s=a.page_context,i=a.contract_modal,c=a.spot_price;return{snapshot:a,pageId:l,ticker:null!=(n=null!=(t=null!=o?o:null==s?void 0:s.ticker)?t:null==i||null==(e=i.contract)?void 0:e.ticker)?n:void 0,spot:null!=(r=null==c?void 0:c.spot)?r:null}},[ej,ew]),nH=(0,a.useCallback)(function(e,t,n){let r=arguments.length>3&&void 0!==arguments[3]?arguments[3]:""typed"";nW.current=t1.Af.getState().epoch;let{snapshot:a,pageId:l,ticker:o,spot:s}=null!=n?n:nV(),i=null==eh?void 0:eh.id;ei.current=Date.now(),ep.current+=1;let c=(0,"
1536-064f08115df39c50.js,talon,58,125,143020,1,Talon,">e+1),nR.current=""agent-"".concat(Date.now()),nH(e,""brief"",t,""brief"")},[F,ew.pageType,nG,nH,tB,nV,eC]),n2=(null!=(f=q.talonTickerMenu)?f:""menu"")===""menu"",{openMenu:n6,menu:n8}=function(e){var t;let{isDark:n,theme:o,pageType:s,onRunCommand:i,onInsertMention:c}=e,d=(0,w.useRouter)(),[u,p]=(0,a.useState)(null),m=null!=(t=null==u?void 0:u.ticker)?t:"""",g=(0,eJ.h)(e=>e.setSelectedSymbol),h=(0,t4.U)(e=>e.addSymbol),x=(0,t4.U)(e=>e.symbols.length),f=(0,t3.Gt)(e=>e.setSymbol),{isInitiate:b}=(0,t9.h)(),{isAdmin:y,isLoading:v}=(0,ec.$)(),k=(0,a.useMemo)(()=>m?function(e){let{ticker:t,pageType:n,symbolRestricted:r,trinityPanelCount:a}=e,l=r?""Not available on your plan"":void 0;return[{id:""ask"",title:""Ask",""",entries:[...t5.map(e=>{let{id:n,label:r,command:a}=e;return{id:n,label:r,action:{kind:""command"",command:"""".concat(a,"" "").concat(t)},inPlace:!1}}),{id:""mention"",label:""Mention in composer"",action:{kind:""mention"",text:""@"".concat(t,"" "")},inPlace:!1}]},{id:""open"",title:""Open"",entries:[{id:""heatmap"",label:""Heatmap"",action:{kind:""heatmap""},inPlace:""heatseeker""===n,disabledReason:l,navId:""heatmaps""},{id:""atlas"",label:""Atlas"",action:{kind:""atlas""},inPlace:""atlas""===n,navId:""skylit-charts""},{id:""trinity"",label:""Trinity"",action:{kind:""trinity""},inPlace:""trinity""===n,disabledReason:null!=l?l:a>=6?""Trinity is full"":void 0,navId:""trinity""},{id:""research"",label:""Research"",action:{kind:""navigate"",href:""/"
1536-064f08115df39c50.js,heatseeker,18,39,143372,1,heatseeker,"0,eJ.h)(e=>e.setSelectedSymbol),h=(0,t4.U)(e=>e.addSymbol),x=(0,t4.U)(e=>e.symbols.length),f=(0,t3.Gt)(e=>e.setSymbol),{isInitiate:b}=(0,t9.h)(),{isAdmin:y,isLoading:v}=(0,ec.$)(),k=(0,a.useMemo)(()=>m?function(e){let{ticker:t,pageType:n,symbolRestricted:r,trinityPanelCount:a}=e,l=r?""Not available on your plan"":void 0;return[{id:""ask"",title:""Ask Talon"",entries:[...t5.map(e=>{let{id:n,label:r,command:a}=e;return{id:n,label:r,action:{kind:""command"",command:"""".concat(a,"" "").concat(t)},inPlace:!1}}),{id:""mention"",label:""Mention in composer"",action:{kind:""mention"",text:""@"".concat(t,"" "")},inPlace:!1}]},{id:""open"",title:""Open"",entries:[{id:""heatmap"",label:""Heatmap"",action:{kind:""heatmap""},inPlace:""","""===n,disabledReason:l,navId:""heatmaps""},{id:""atlas"",label:""Atlas"",action:{kind:""atlas""},inPlace:""atlas""===n,navId:""skylit-charts""},{id:""trinity"",label:""Trinity"",action:{kind:""trinity""},inPlace:""trinity""===n,disabledReason:null!=l?l:a>=6?""Trinity is full"":void 0,navId:""trinity""},{id:""research"",label:""Research"",action:{kind:""navigate"",href:""/agents/research/"".concat(t)},inPlace:!1,navId:""deep-research""},{id:""trade"",label:""Trade"",action:{kind:""navigate"",href:""/agents/trade/"".concat(t)},inPlace:!1,navId:""trade""}]}]}({ticker:m,pageType:s,symbolRestricted:b&&!(0,eb.Vz)(m,!0),trinityPanelCount:x}):[],[m,s,b,x]),j=(0,a.useMemo)(()=>(function(e,t){let n=e=>!e.navId||""admin""!==(0,_.yF)(e.navId)||!!t."
1536-064f08115df39c50.js,atlas,8,30,143428,1,atlas,"l),x=(0,t4.U)(e=>e.symbols.length),f=(0,t3.Gt)(e=>e.setSymbol),{isInitiate:b}=(0,t9.h)(),{isAdmin:y,isLoading:v}=(0,ec.$)(),k=(0,a.useMemo)(()=>m?function(e){let{ticker:t,pageType:n,symbolRestricted:r,trinityPanelCount:a}=e,l=r?""Not available on your plan"":void 0;return[{id:""ask"",title:""Ask Talon"",entries:[...t5.map(e=>{let{id:n,label:r,command:a}=e;return{id:n,label:r,action:{kind:""command"",command:"""".concat(a,"" "").concat(t)},inPlace:!1}}),{id:""mention"",label:""Mention in composer"",action:{kind:""mention"",text:""@"".concat(t,"" "")},inPlace:!1}]},{id:""open"",title:""Open"",entries:[{id:""heatmap"",label:""Heatmap"",action:{kind:""heatmap""},inPlace:""heatseeker""===n,disabledReason:l,navId:""heatmaps""},{id:""",""",label:""Atlas"",action:{kind:""atlas""},inPlace:""atlas""===n,navId:""skylit-charts""},{id:""trinity"",label:""Trinity"",action:{kind:""trinity""},inPlace:""trinity""===n,disabledReason:null!=l?l:a>=6?""Trinity is full"":void 0,navId:""trinity""},{id:""research"",label:""Research"",action:{kind:""navigate"",href:""/agents/research/"".concat(t)},inPlace:!1,navId:""deep-research""},{id:""trade"",label:""Trade"",action:{kind:""navigate"",href:""/agents/trade/"".concat(t)},inPlace:!1,navId:""trade""}]}]}({ticker:m,pageType:s,symbolRestricted:b&&!(0,eb.Vz)(m,!0),trinityPanelCount:x}):[],[m,s,b,x]),j=(0,a.useMemo)(()=>(function(e,t){let n=e=>!e.navId||""admin""!==(0,_.yF)(e.navId)||!!t.ready&&t.isAdmin;return e.map(e=>({...e,entries:e.e"
1536-064f08115df39c50.js,atlas,9,30,143442,1,Atlas,"e=>e.symbols.length),f=(0,t3.Gt)(e=>e.setSymbol),{isInitiate:b}=(0,t9.h)(),{isAdmin:y,isLoading:v}=(0,ec.$)(),k=(0,a.useMemo)(()=>m?function(e){let{ticker:t,pageType:n,symbolRestricted:r,trinityPanelCount:a}=e,l=r?""Not available on your plan"":void 0;return[{id:""ask"",title:""Ask Talon"",entries:[...t5.map(e=>{let{id:n,label:r,command:a}=e;return{id:n,label:r,action:{kind:""command"",command:"""".concat(a,"" "").concat(t)},inPlace:!1}}),{id:""mention"",label:""Mention in composer"",action:{kind:""mention"",text:""@"".concat(t,"" "")},inPlace:!1}]},{id:""open"",title:""Open"",entries:[{id:""heatmap"",label:""Heatmap"",action:{kind:""heatmap""},inPlace:""heatseeker""===n,disabledReason:l,navId:""heatmaps""},{id:""atlas"",label:""",""",action:{kind:""atlas""},inPlace:""atlas""===n,navId:""skylit-charts""},{id:""trinity"",label:""Trinity"",action:{kind:""trinity""},inPlace:""trinity""===n,disabledReason:null!=l?l:a>=6?""Trinity is full"":void 0,navId:""trinity""},{id:""research"",label:""Research"",action:{kind:""navigate"",href:""/agents/research/"".concat(t)},inPlace:!1,navId:""deep-research""},{id:""trade"",label:""Trade"",action:{kind:""navigate"",href:""/agents/trade/"".concat(t)},inPlace:!1,navId:""trade""}]}]}({ticker:m,pageType:s,symbolRestricted:b&&!(0,eb.Vz)(m,!0),trinityPanelCount:x}):[],[m,s,b,x]),j=(0,a.useMemo)(()=>(function(e,t){let n=e=>!e.navId||""admin""!==(0,_.yF)(e.navId)||!!t.ready&&t.isAdmin;return e.map(e=>({...e,entries:e.entries.filter("
1536-064f08115df39c50.js,atlas,10,30,143463,1,atlas,"f=(0,t3.Gt)(e=>e.setSymbol),{isInitiate:b}=(0,t9.h)(),{isAdmin:y,isLoading:v}=(0,ec.$)(),k=(0,a.useMemo)(()=>m?function(e){let{ticker:t,pageType:n,symbolRestricted:r,trinityPanelCount:a}=e,l=r?""Not available on your plan"":void 0;return[{id:""ask"",title:""Ask Talon"",entries:[...t5.map(e=>{let{id:n,label:r,command:a}=e;return{id:n,label:r,action:{kind:""command"",command:"""".concat(a,"" "").concat(t)},inPlace:!1}}),{id:""mention"",label:""Mention in composer"",action:{kind:""mention"",text:""@"".concat(t,"" "")},inPlace:!1}]},{id:""open"",title:""Open"",entries:[{id:""heatmap"",label:""Heatmap"",action:{kind:""heatmap""},inPlace:""heatseeker""===n,disabledReason:l,navId:""heatmaps""},{id:""atlas"",label:""Atlas"",action:{kind:""","""},inPlace:""atlas""===n,navId:""skylit-charts""},{id:""trinity"",label:""Trinity"",action:{kind:""trinity""},inPlace:""trinity""===n,disabledReason:null!=l?l:a>=6?""Trinity is full"":void 0,navId:""trinity""},{id:""research"",label:""Research"",action:{kind:""navigate"",href:""/agents/research/"".concat(t)},inPlace:!1,navId:""deep-research""},{id:""trade"",label:""Trade"",action:{kind:""navigate"",href:""/agents/trade/"".concat(t)},inPlace:!1,navId:""trade""}]}]}({ticker:m,pageType:s,symbolRestricted:b&&!(0,eb.Vz)(m,!0),trinityPanelCount:x}):[],[m,s,b,x]),j=(0,a.useMemo)(()=>(function(e,t){let n=e=>!e.navId||""admin""!==(0,_.yF)(e.navId)||!!t.ready&&t.isAdmin;return e.map(e=>({...e,entries:e.entries.filter(n)})).filter(e=>e.ent"
1536-064f08115df39c50.js,atlas,11,30,143480,1,atlas,"setSymbol),{isInitiate:b}=(0,t9.h)(),{isAdmin:y,isLoading:v}=(0,ec.$)(),k=(0,a.useMemo)(()=>m?function(e){let{ticker:t,pageType:n,symbolRestricted:r,trinityPanelCount:a}=e,l=r?""Not available on your plan"":void 0;return[{id:""ask"",title:""Ask Talon"",entries:[...t5.map(e=>{let{id:n,label:r,command:a}=e;return{id:n,label:r,action:{kind:""command"",command:"""".concat(a,"" "").concat(t)},inPlace:!1}}),{id:""mention"",label:""Mention in composer"",action:{kind:""mention"",text:""@"".concat(t,"" "")},inPlace:!1}]},{id:""open"",title:""Open"",entries:[{id:""heatmap"",label:""Heatmap"",action:{kind:""heatmap""},inPlace:""heatseeker""===n,disabledReason:l,navId:""heatmaps""},{id:""atlas"",label:""Atlas"",action:{kind:""atlas""},inPlace:""","""===n,navId:""skylit-charts""},{id:""trinity"",label:""Trinity"",action:{kind:""trinity""},inPlace:""trinity""===n,disabledReason:null!=l?l:a>=6?""Trinity is full"":void 0,navId:""trinity""},{id:""research"",label:""Research"",action:{kind:""navigate"",href:""/agents/research/"".concat(t)},inPlace:!1,navId:""deep-research""},{id:""trade"",label:""Trade"",action:{kind:""navigate"",href:""/agents/trade/"".concat(t)},inPlace:!1,navId:""trade""}]}]}({ticker:m,pageType:s,symbolRestricted:b&&!(0,eb.Vz)(m,!0),trinityPanelCount:x}):[],[m,s,b,x]),j=(0,a.useMemo)(()=>(function(e,t){let n=e=>!e.navId||""admin""!==(0,_.yF)(e.navId)||!!t.ready&&t.isAdmin;return e.map(e=>({...e,entries:e.entries.filter(n)})).filter(e=>e.entries.length>0)})("
1536-064f08115df39c50.js,heatseeker,19,39,144585,1,heatseeker,"Id:""trade""}]}]}({ticker:m,pageType:s,symbolRestricted:b&&!(0,eb.Vz)(m,!0),trinityPanelCount:x}):[],[m,s,b,x]),j=(0,a.useMemo)(()=>(function(e,t){let n=e=>!e.navId||""admin""!==(0,_.yF)(e.navId)||!!t.ready&&t.isAdmin;return e.map(e=>({...e,entries:e.entries.filter(n)})).filter(e=>e.entries.length>0)})(k,{ready:!v,isAdmin:y}),[k,v,y]),S=(0,a.useCallback)(()=>p(null),[]),N=(0,a.useCallback)((e,t)=>{e.preventDefault(),e.stopPropagation(),p({x:Math.max(8,Math.min(e.clientX,window.innerWidth-232-8)),y:Math.max(8,Math.min(e.clientY,window.innerHeight-430-8)),ticker:t})},[]),T=(0,a.useCallback)((e,t)=>{switch(e.kind){case""command"":i(e.command);return;case""mention"":c(e.text);return;case""heatmap"":g(t),""","""!==s&&d.push(""/"");return;case""atlas"":f(t),""atlas""!==s&&d.push(""/atlas?symbol="".concat(encodeURIComponent(t)));return;case""trinity"":h({name:t,displayName:t}),""trinity""!==s&&d.push(""/trinity"");return;case""navigate"":d.push(e.href);return;default:return}},[i,c,g,f,h,d,s]);(0,a.useEffect)(()=>{if(!u)return;let e=e=>{""Escape""===e.key&&S()};return window.addEventListener(""keydown"",e),window.addEventListener(""scroll"",S,!0),window.addEventListener(""resize"",S),()=>{window.removeEventListener(""keydown"",e),window.removeEventListener(""scroll"",S,!0),window.removeEventListener(""resize"",S)}},[u,S]);let A=e=>(0,r.jsx)(t7,{entry:e,isDark:n,theme:o,onPick:e=>{S(),T(e,m)}},e.id);return{openMenu:N,menu:u?(0,l.c"
1536-064f08115df39c50.js,atlas,12,30,144626,1,atlas,"olRestricted:b&&!(0,eb.Vz)(m,!0),trinityPanelCount:x}):[],[m,s,b,x]),j=(0,a.useMemo)(()=>(function(e,t){let n=e=>!e.navId||""admin""!==(0,_.yF)(e.navId)||!!t.ready&&t.isAdmin;return e.map(e=>({...e,entries:e.entries.filter(n)})).filter(e=>e.entries.length>0)})(k,{ready:!v,isAdmin:y}),[k,v,y]),S=(0,a.useCallback)(()=>p(null),[]),N=(0,a.useCallback)((e,t)=>{e.preventDefault(),e.stopPropagation(),p({x:Math.max(8,Math.min(e.clientX,window.innerWidth-232-8)),y:Math.max(8,Math.min(e.clientY,window.innerHeight-430-8)),ticker:t})},[]),T=(0,a.useCallback)((e,t)=>{switch(e.kind){case""command"":i(e.command);return;case""mention"":c(e.text);return;case""heatmap"":g(t),""heatseeker""!==s&&d.push(""/"");return;case""",""":f(t),""atlas""!==s&&d.push(""/atlas?symbol="".concat(encodeURIComponent(t)));return;case""trinity"":h({name:t,displayName:t}),""trinity""!==s&&d.push(""/trinity"");return;case""navigate"":d.push(e.href);return;default:return}},[i,c,g,f,h,d,s]);(0,a.useEffect)(()=>{if(!u)return;let e=e=>{""Escape""===e.key&&S()};return window.addEventListener(""keydown"",e),window.addEventListener(""scroll"",S,!0),window.addEventListener(""resize"",S),()=>{window.removeEventListener(""keydown"",e),window.removeEventListener(""scroll"",S,!0),window.removeEventListener(""resize"",S)}},[u,S]);let A=e=>(0,r.jsx)(t7,{entry:e,isDark:n,theme:o,onPick:e=>{S(),T(e,m)}},e.id);return{openMenu:N,menu:u?(0,l.createPortal)((0,r.jsxs)(r.Fragment,{"
1536-064f08115df39c50.js,atlas,13,30,144639,1,atlas,"b&&!(0,eb.Vz)(m,!0),trinityPanelCount:x}):[],[m,s,b,x]),j=(0,a.useMemo)(()=>(function(e,t){let n=e=>!e.navId||""admin""!==(0,_.yF)(e.navId)||!!t.ready&&t.isAdmin;return e.map(e=>({...e,entries:e.entries.filter(n)})).filter(e=>e.entries.length>0)})(k,{ready:!v,isAdmin:y}),[k,v,y]),S=(0,a.useCallback)(()=>p(null),[]),N=(0,a.useCallback)((e,t)=>{e.preventDefault(),e.stopPropagation(),p({x:Math.max(8,Math.min(e.clientX,window.innerWidth-232-8)),y:Math.max(8,Math.min(e.clientY,window.innerHeight-430-8)),ticker:t})},[]),T=(0,a.useCallback)((e,t)=>{switch(e.kind){case""command"":i(e.command);return;case""mention"":c(e.text);return;case""heatmap"":g(t),""heatseeker""!==s&&d.push(""/"");return;case""atlas"":f(t),""","""!==s&&d.push(""/atlas?symbol="".concat(encodeURIComponent(t)));return;case""trinity"":h({name:t,displayName:t}),""trinity""!==s&&d.push(""/trinity"");return;case""navigate"":d.push(e.href);return;default:return}},[i,c,g,f,h,d,s]);(0,a.useEffect)(()=>{if(!u)return;let e=e=>{""Escape""===e.key&&S()};return window.addEventListener(""keydown"",e),window.addEventListener(""scroll"",S,!0),window.addEventListener(""resize"",S),()=>{window.removeEventListener(""keydown"",e),window.removeEventListener(""scroll"",S,!0),window.removeEventListener(""resize"",S)}},[u,S]);let A=e=>(0,r.jsx)(t7,{entry:e,isDark:n,theme:o,onPick:e=>{S(),T(e,m)}},e.id);return{openMenu:N,menu:u?(0,l.createPortal)((0,r.jsxs)(r.Fragment,{children:[(0,"
1536-064f08115df39c50.js,atlas,14,30,144660,1,atlas,"rinityPanelCount:x}):[],[m,s,b,x]),j=(0,a.useMemo)(()=>(function(e,t){let n=e=>!e.navId||""admin""!==(0,_.yF)(e.navId)||!!t.ready&&t.isAdmin;return e.map(e=>({...e,entries:e.entries.filter(n)})).filter(e=>e.entries.length>0)})(k,{ready:!v,isAdmin:y}),[k,v,y]),S=(0,a.useCallback)(()=>p(null),[]),N=(0,a.useCallback)((e,t)=>{e.preventDefault(),e.stopPropagation(),p({x:Math.max(8,Math.min(e.clientX,window.innerWidth-232-8)),y:Math.max(8,Math.min(e.clientY,window.innerHeight-430-8)),ticker:t})},[]),T=(0,a.useCallback)((e,t)=>{switch(e.kind){case""command"":i(e.command);return;case""mention"":c(e.text);return;case""heatmap"":g(t),""heatseeker""!==s&&d.push(""/"");return;case""atlas"":f(t),""atlas""!==s&&d.push(""/","?symbol="".concat(encodeURIComponent(t)));return;case""trinity"":h({name:t,displayName:t}),""trinity""!==s&&d.push(""/trinity"");return;case""navigate"":d.push(e.href);return;default:return}},[i,c,g,f,h,d,s]);(0,a.useEffect)(()=>{if(!u)return;let e=e=>{""Escape""===e.key&&S()};return window.addEventListener(""keydown"",e),window.addEventListener(""scroll"",S,!0),window.addEventListener(""resize"",S),()=>{window.removeEventListener(""keydown"",e),window.removeEventListener(""scroll"",S,!0),window.removeEventListener(""resize"",S)}},[u,S]);let A=e=>(0,r.jsx)(t7,{entry:e,isDark:n,theme:o,onPick:e=>{S(),T(e,m)}},e.id);return{openMenu:N,menu:u?(0,l.createPortal)((0,r.jsxs)(r.Fragment,{children:[(0,r.jsx)(""div"",{""data-t"
1536-064f08115df39c50.js,talon,59,125,146605,1,talon,"hildren:[(0,r.jsx)(""div"",{style:{borderTop:""1px solid "".concat(n?""rgba(255,255,255,0.08)"":""rgba(0,0,0,0.08)""),margin:""2px 0""}}),e.title&&(0,r.jsx)(""div"",{className:""px-3 pb-0.5 pt-1"",style:{color:o.textMuted,fontFamily:P.Il.font.ui,fontSize:""8.5px"",letterSpacing:""0.06em"",textTransform:""uppercase""},children:e.title}),e.entries.map(A)]},e.id)),(0,r.jsx)(ne,{ticker:u.ticker,isDark:n,theme:o,onDone:S})]})]}),document.body):null}}({isDark:b,theme:k,pageType:ew.pageType,onRunCommand:nQ,onInsertMention:(0,a.useCallback)(e=>{var t;eF(t=>t?"""".concat(t.replace(/\s*$/,""""),"" "").concat(e):e),null==(t=t6.current)||t.focus()},[])}),n9=(0,a.useCallback)(e=>{var t;let n=e instanceof Element?e.closest(""[data-","-ticker]""):null;return null!=(t=null==n?void 0:n.getAttribute(""data-talon-ticker""))?t:null},[]),re=(0,a.useCallback)(e=>{if(!n2)return;let t=n9(e.target);t&&n6(e,t)},[n2,n6,n9]),rt=(0,a.useRef)(null),rn=(0,a.useRef)(null),rr=(0,a.useCallback)(()=>{null!==rn.current&&clearTimeout(rn.current),rn.current=null,rt.current=null},[]);(0,a.useEffect)(()=>rr,[rr]);let ra=(0,a.useCallback)(e=>{if(rr(),!n2)return;let t=n9(e.target),n=e.touches[0];t&&n&&(rt.current={ticker:t,startedAt:Date.now(),x:n.clientX,y:n.clientY},rn.current=setTimeout(()=>{let e=rt.current;if(!e)return;let t=function(e){let{ticker:t,startedAt:n,now:r,moved:a}=e;return!t||a?null:r-n>=500?t:null}({ticker:e.ticker,startedAt:e.starte"
1536-064f08115df39c50.js,talon,60,125,146678,1,talon,"5,255,255,0.08)"":""rgba(0,0,0,0.08)""),margin:""2px 0""}}),e.title&&(0,r.jsx)(""div"",{className:""px-3 pb-0.5 pt-1"",style:{color:o.textMuted,fontFamily:P.Il.font.ui,fontSize:""8.5px"",letterSpacing:""0.06em"",textTransform:""uppercase""},children:e.title}),e.entries.map(A)]},e.id)),(0,r.jsx)(ne,{ticker:u.ticker,isDark:n,theme:o,onDone:S})]})]}),document.body):null}}({isDark:b,theme:k,pageType:ew.pageType,onRunCommand:nQ,onInsertMention:(0,a.useCallback)(e=>{var t;eF(t=>t?"""".concat(t.replace(/\s*$/,""""),"" "").concat(e):e),null==(t=t6.current)||t.focus()},[])}),n9=(0,a.useCallback)(e=>{var t;let n=e instanceof Element?e.closest(""[data-talon-ticker]""):null;return null!=(t=null==n?void 0:n.getAttribute(""data-","-ticker""))?t:null},[]),re=(0,a.useCallback)(e=>{if(!n2)return;let t=n9(e.target);t&&n6(e,t)},[n2,n6,n9]),rt=(0,a.useRef)(null),rn=(0,a.useRef)(null),rr=(0,a.useCallback)(()=>{null!==rn.current&&clearTimeout(rn.current),rn.current=null,rt.current=null},[]);(0,a.useEffect)(()=>rr,[rr]);let ra=(0,a.useCallback)(e=>{if(rr(),!n2)return;let t=n9(e.target),n=e.touches[0];t&&n&&(rt.current={ticker:t,startedAt:Date.now(),x:n.clientX,y:n.clientY},rn.current=setTimeout(()=>{let e=rt.current;if(!e)return;let t=function(e){let{ticker:t,startedAt:n,now:r,moved:a}=e;return!t||a?null:r-n>=500?t:null}({ticker:e.ticker,startedAt:e.startedAt,now:Date.now(),moved:!1});rr(),t&&n6({preventDefault:()=>{},stopPropa"
1536-064f08115df39c50.js,talon,61,125,149723,1,talon,"14px""};return(0,r.jsxs)(""div"",{className:N?""relative flex h-full w-full flex-col"":""fixed inset-0 z-[9999] flex flex-col animate-modal-in"",""data-component"":""agent-terminal"",style:N?{fontFamily:n0}:{backgroundColor:rb?b?""rgba(2, 6, 11, "".concat(eQ,"")""):""rgba(248, 250, 252, "".concat(eQ,"")""):""transparent"",backgroundImage:rb&&b?n7:void 0,backgroundSize:b?""56px 56px, 56px 56px, 100% 100%, 100% 100%"":void 0,backdropFilter:rb?""blur(20px) saturate(180%)"":void 0,WebkitBackdropFilter:rb?""blur(20px) saturate(180%)"":void 0,pointerEvents:""none"",fontFamily:n0,paddingTop:j?""env(safe-area-inset-top, 0px)"":void 0},children:[ef&&(0,r.jsx)(nm,{onAccept:ey,onDecline:ev}),(0,r.jsxs)(""div"",{ref:t8,""data-tour-id"":""","-dock"",className:""relative w-full flex flex-col overflow-hidden"",style:{...rw,boxSizing:""border-box"",pointerEvents:""auto"",border:N||j?""none"":""1px solid "".concat(to),backgroundColor:N?""transparent"":rb?b?""rgba(5, 9, 16, "".concat(rv,"")""):""rgba(255, 255, 255, "".concat(rv,"")""):rk,backgroundImage:ry&&b&&!N?n7:void 0,backgroundSize:ry&&b&&!N?""56px 56px, 56px 56px, 100% 100%, 100% 100%"":void 0,backdropFilter:N?void 0:""blur(22px) saturate(180%)"",WebkitBackdropFilter:N?void 0:""blur(22px) saturate(180%)"",boxShadow:N||j?void 0:""0 28px 90px rgba(0, 0, 0, 0.54), 0 0 70px rgba(147, 197, 253, 0.12), inset 0 1px 0 rgba(255, 255, 255, 0.055)""},children:[rx&&!j&&!N&&(0,r.jsx)(""div"",{""aria-hidden"":""true"",onMous"
1536-064f08115df39c50.js,talon,62,125,151984,1,Talon,"Name:""flex min-w-0 items-center gap-3"",children:[(0,r.jsxs)(""div"",{className:""flex items-center gap-2"",children:[!j&&!rx&&(0,r.jsx)(""div"",{className:""w-8 h-8 rounded-lg flex items-center justify-center"",style:{backgroundColor:b?""rgba(147, 197, 253, 0.13)"":P.Tj.borderOpacity.light(b),border:""1px solid "".concat(b?to:P.Tj.borderOpacity.subtle(b)),boxShadow:b?""0 0 22px rgba(147, 197, 253, 0.16)"":void 0},children:(0,r.jsx)(eI.A,{size:18,style:{color:b?tl:k.text}})}),(0,r.jsxs)(""div"",{className:""min-w-0"",children:[(0,r.jsx)(""h2"",{className:""font-semibold "".concat(j||rx?""text-xs"":""text-sm""),style:{color:k.text,fontFamily:n0,letterSpacing:j||rx?""0.12em"":""0.16em"",textTransform:""uppercase""},children:""","""}),!j&&(0,r.jsxs)(""div"",{className:""flex items-center gap-2 text-xs"",style:{color:k.textMuted,marginTop:""2px""},children:[(0,r.jsx)(""span"",{className:""w-1.5 h-1.5 rounded-full"",style:{backgroundColor:tl,boxShadow:""0 0 10px rgba(147, 197, 253, 0.7)""}}),(0,r.jsx)(""span"",{style:{color:tl,fontWeight:700,letterSpacing:""0.08em""},children:""ENGAGED""})]}),j&&(0,r.jsxs)(""div"",{className:""flex items-center gap-1 text-[10px]"",style:{color:k.textMuted},children:[(0,r.jsx)(""span"",{className:""w-1.5 h-1.5 rounded-full"",style:{backgroundColor:tl}}),(0,r.jsx)(""span"",{children:""Engaged""})]})]})]}),!rx&&(0,r.jsx)(""div"",{className:""hidden lg:block"",children:(0,r.jsx)(nY,{currentPage:null==z?void 0:z.currentPage,"
1536-064f08115df39c50.js,talon,63,125,159621,1,talon,"ems-center gap-1.5"",children:nd.map(e=>(0,r.jsxs)(""button"",{onClick:()=>nS(e),title:e.description,className:""flex items-center gap-1.5 rounded-md border px-2 py-1 transition-colors hover:bg-white/10 active:bg-white/20"",style:{borderColor:b?to:P.Tj.borderOpacity.subtle(b),color:k.textMuted,fontFamily:n0,fontSize:""10.5px"",letterSpacing:""-0.01em""},children:[(0,r.jsx)(""span"",{className:""inline-block rounded-full"",style:{width:4,height:4,backgroundColor:k.textMuted}}),e.shortcut]},e.id))})}),(0,r.jsxs)(""div"",{className:""relative flex-1 min-h-0 flex flex-col"",children:[(0,r.jsx)(""div"",{ref:tG,onScroll:nn,onContextMenu:re,onTouchStart:ra,onTouchMove:ro,onTouchEnd:rr,onTouchCancel:rr,""data-testid"":""","-transcript"",className:""flex-1 overflow-y-auto "".concat(j?""p-3"":""p-4""),style:{fontFamily:n0,overscrollBehavior:""contain"",...N?n5:void 0,paddingBottom:j&&!N?""120px"":void 0},children:(0,r.jsxs)(""div"",{style:{maxWidth:""900px""},children:[eA.map((e,t)=>{var n,a;let l=null!=(n=q.talonPromptStyle)?n:""divider"",o=""user""===e.role,s=o&&""right""===l;return(0,r.jsxs)(""div"",{className:""flex "".concat(j?""mb-1.5"":""mb-2""),children:[!j&&!N&&!s&&(0,r.jsx)(""span"",{className:""w-10 text-right pr-4 flex-shrink-0 select-none text-[13px]"",style:{color:b?""#555"":""#999""},children:t+1}),(0,r.jsx)(""div"",{""data-testid"":""talon-message-body"",className:""flex-1 "".concat(j?""text-xs"":N?""text-[11.5px]"":""text-[13px]"").concat(""sans"""
1536-064f08115df39c50.js,talon,64,125,160221,1,talon,"ll:nn,onContextMenu:re,onTouchStart:ra,onTouchMove:ro,onTouchEnd:rr,onTouchCancel:rr,""data-testid"":""talon-transcript"",className:""flex-1 overflow-y-auto "".concat(j?""p-3"":""p-4""),style:{fontFamily:n0,overscrollBehavior:""contain"",...N?n5:void 0,paddingBottom:j&&!N?""120px"":void 0},children:(0,r.jsxs)(""div"",{style:{maxWidth:""900px""},children:[eA.map((e,t)=>{var n,a;let l=null!=(n=q.talonPromptStyle)?n:""divider"",o=""user""===e.role,s=o&&""right""===l;return(0,r.jsxs)(""div"",{className:""flex "".concat(j?""mb-1.5"":""mb-2""),children:[!j&&!N&&!s&&(0,r.jsx)(""span"",{className:""w-10 text-right pr-4 flex-shrink-0 select-none text-[13px]"",style:{color:b?""#555"":""#999""},children:t+1}),(0,r.jsx)(""div"",{""data-testid"":""","-message-body"",className:""flex-1 "".concat(j?""text-xs"":N?""text-[11.5px]"":""text-[13px]"").concat(""sans""===Z?"" font-ui"":""""),style:{...void 0!==en?{fontSize:en}:{},lineHeight:ee},children:o?(0,r.jsx)(ri,{content:e.content,promptStyle:l,isDark:b,isMobile:j}):(0,r.jsxs)(""div"",{children:[(0,r.jsx)(rl,{content:e.content,isDark:b,verbosity:e.verbosity,emphasis:null!=(a=q.talonDataEmphasis)?a:""recede"",universe:eO,markTickers:n2}),eo(e.suggestedActions).length>0&&(0,r.jsx)(""div"",{className:""mt-2 flex flex-wrap "".concat(j?""gap-1.5"":""gap-2""),children:eo(e.suggestedActions).map(t=>(0,r.jsx)(""button"",{""data-chip-source"":ng(t.id),disabled:nG,onClick:()=>{var n,r;switch(function(e,t){return t?""ignore"":""quick_"
1536-064f08115df39c50.js,talon,65,125,162971,1,talon,"om-3 flex items-center gap-1.5 rounded-full px-3 py-1.5"",style:{fontFamily:P.Il.font.ui,fontSize:""10.5px"",color:b?tl:k.text,backgroundColor:b?""rgba(20, 28, 40, 0.96)"":""rgba(250, 250, 250, 0.98)"",border:""1px solid "".concat(b?to:P.Tj.borderOpacity.subtle(b))},children:[(0,r.jsx)(tr.A,{size:12,strokeWidth:2.25,""aria-hidden"":!0}),""Jump to latest""]})]}),(!j||N)&&(0,r.jsx)(""div"",{className:""flex-shrink-0 border-t p-4"",style:{borderColor:b?to:P.Tj.borderOpacity.subtle(b),backgroundColor:N?""transparent"":b?""rgba(4, 8, 14, 0.88)"":P.s6.background.card(b),boxShadow:b&&!N?""inset 0 1px 0 rgba(147, 197, 253, 0.06)"":void 0,fontFamily:n0},children:(0,r.jsxs)(""div"",{children:[(0,r.jsxs)(""div"",{""data-testid"":""","-composer-field"",className:""flex items-center relative"",style:{border:""1px solid "".concat(eK?b?ts:P.Tj.borderOpacity.light(b):""rgba(148, 163, 184, 0.16)""),borderRadius:""10px"",backgroundColor:N?b?""rgba(147, 197, 253, 0.06)"":""rgba(15, 23, 42, 0.04)"":b?""rgba(7, 12, 20, 0.82)"":P.Tj.bgOpacity.light(b),boxShadow:(()=>{let e=b&&!N?""0 0 28px rgba(147, 197, 253, 0.08)"":void 0;return eK?e?"""".concat(n1,"", "").concat(e):n1:e})(),minHeight:""52px""},children:[(0,r.jsx)(""button"",{type:""button"",onClick:nj,""aria-label"":""Show commands"",""aria-expanded"":np,title:""Commands"",className:"""".concat(j?""w-11 h-11"":""w-10 h-10"","" flex-shrink-0 flex items-center justify-center select-none rounded-lg transition-colors""),styl"
1536-064f08115df39c50.js,talon,66,125,164652,1,Talon,":nS,onSubmit:nU,pinnedIds:q.quickCommands,onTogglePin:V,onClose:nw,isDark:b,theme:k}),tj&&(0,r.jsx)(nK,{isOpen:tj,filter:tz,recentSymbols:q.recentSymbols,onSelect:nT,onClose:()=>tS(!1),isDark:b,theme:k}),(0,r.jsx)(""span"",{ref:nt,className:""absolute invisible whitespace-pre text-[13px]"",style:{fontFamily:n0,...N?n5:{letterSpacing:""0""}},""aria-hidden"":""true""}),(0,r.jsx)(""input"",{ref:t6,type:""text"",value:eR,onChange:e=>nk(e.target.value),onKeyDown:rg,onSelect:ns,onFocus:()=>{eU(!0),ns()},onBlur:()=>{eU(!1),ns()},onScroll:ns,className:""w-full bg-transparent outline-none text-[13px]"",style:{color:k.text,caretColor:eY?b?tl:D:""transparent"",fontFamily:n0,...N?n5:{letterSpacing:""0""}},placeholder:""Ask","or type / for commands"",enterKeyHint:""send"",autoComplete:""off"",autoCorrect:""off"",autoCapitalize:""off"",spellCheck:!1}),(0,r.jsx)(""div"",{""data-testid"":""talon-block-caret"",className:""absolute top-1/2 -translate-y-1/2 w-2 animate-cursor-blink pointer-events-none"",style:{display:eK&&eV.visible&&!eY?void 0:""none"",left:"""".concat(eV.x,""px""),height:""16px"",backgroundColor:b?tl:D,borderRadius:""1px"",boxShadow:b?""0 0 10px rgba(147, 197, 253, 0.8)"":""0 0 8px "".concat(L)}})]}),(0,r.jsx)(""button"",{type:""button"",onClick:nU,disabled:!eR.trim()||nG||!1===em,className:""mr-2 flex h-8 w-8 flex-shrink-0 items-center justify-center rounded-lg transition-all active:scale-95 disabled:cursor-not-allowed"",style:{backgr"
1536-064f08115df39c50.js,talon,67,125,164808,1,talon,"Select:nT,onClose:()=>tS(!1),isDark:b,theme:k}),(0,r.jsx)(""span"",{ref:nt,className:""absolute invisible whitespace-pre text-[13px]"",style:{fontFamily:n0,...N?n5:{letterSpacing:""0""}},""aria-hidden"":""true""}),(0,r.jsx)(""input"",{ref:t6,type:""text"",value:eR,onChange:e=>nk(e.target.value),onKeyDown:rg,onSelect:ns,onFocus:()=>{eU(!0),ns()},onBlur:()=>{eU(!1),ns()},onScroll:ns,className:""w-full bg-transparent outline-none text-[13px]"",style:{color:k.text,caretColor:eY?b?tl:D:""transparent"",fontFamily:n0,...N?n5:{letterSpacing:""0""}},placeholder:""Ask Talon or type / for commands"",enterKeyHint:""send"",autoComplete:""off"",autoCorrect:""off"",autoCapitalize:""off"",spellCheck:!1}),(0,r.jsx)(""div"",{""data-testid"":""","-block-caret"",className:""absolute top-1/2 -translate-y-1/2 w-2 animate-cursor-blink pointer-events-none"",style:{display:eK&&eV.visible&&!eY?void 0:""none"",left:"""".concat(eV.x,""px""),height:""16px"",backgroundColor:b?tl:D,borderRadius:""1px"",boxShadow:b?""0 0 10px rgba(147, 197, 253, 0.8)"":""0 0 8px "".concat(L)}})]}),(0,r.jsx)(""button"",{type:""button"",onClick:nU,disabled:!eR.trim()||nG||!1===em,className:""mr-2 flex h-8 w-8 flex-shrink-0 items-center justify-center rounded-lg transition-all active:scale-95 disabled:cursor-not-allowed"",style:{backgroundColor:eR.trim()?""rgba(147, 197, 253, 0.16)"":""rgba(147, 197, 253, 0.06)"",border:""1px solid "".concat(eR.trim()?ts:""rgba(147, 197, 253, 0.14)""),color:eR.tr"
1536-064f08115df39c50.js,ratchet,1,4,177379,1,ratchet,"div"",{className:""mt-1 flex flex-wrap items-baseline gap-x-3 gap-y-0.5"",style:{fontSize:9.5,color:f.textMuted,fontVariantNumeric:""tabular-nums""},children:[(0,r.jsxs)(""span"",{children:[""final "",(0,r.jsxs)(""b"",{style:{color:f.textSecondary},children:[""$"",z.final.toLocaleString()]})]}),(0,r.jsxs)(""span"",{children:[""peak $"",P.toLocaleString()]}),(0,r.jsxs)(""span"",{children:[null==(o=z.curve[0])?void 0:o.t.slice(0,10),"" → "",null!=(c=z.as_of)?c:null==(s=z.curve[z.curve.length-1])?void 0:s.t.slice(0,10)]}),(0,r.jsx)(""span"",{style:{opacity:.75},children:""options""===p&&""realistic""===w?"""".concat(S,""% of equity per trade \xb7 "").concat(T?""compounded"":""non-compounded"","" \xb7 simulated, book tier \xb7 v7","playbook \xb7 CONSERVATIVE fills (ask-in / bid-out, quote-true NBBO"").concat((null==M?void 0:M.length)?""; −4% haircut when unscored"":"" — rescaled cons curve"","")""):""$10K fixed/trade \xb7 non-compounded \xb7 simulated, book tier \xb7 v7 ratchet playbook \xb7 "".concat(""options""===p?""CONSERVATIVE fills (ask-in / bid-out, quote-true NBBO) \xb7 per-trade % (not portfolio dollars)"":""bp-spread fills"")})]})]})]})}var rv=n(17819),rk=n(27048);let rw=["""",""Jan"",""Feb"",""Mar"",""Apr"",""May"",""Jun"",""Jul"",""Aug"",""Sep"",""Oct"",""Nov"",""Dec""];function rj(e){let{src:t,mode:n,accent:l,ink:o,bull:s,bear:i,t:c}=e,[d,u]=(0,a.useState)(!1),[p,m]=(0,a.useState)(null);(0,a.useEffect)(()=>{let e=!1;return(async()=>{try{let n=aw"
1536-064f08115df39c50.js,playbook,1,77,177387,1,playbook,"assName:""mt-1 flex flex-wrap items-baseline gap-x-3 gap-y-0.5"",style:{fontSize:9.5,color:f.textMuted,fontVariantNumeric:""tabular-nums""},children:[(0,r.jsxs)(""span"",{children:[""final "",(0,r.jsxs)(""b"",{style:{color:f.textSecondary},children:[""$"",z.final.toLocaleString()]})]}),(0,r.jsxs)(""span"",{children:[""peak $"",P.toLocaleString()]}),(0,r.jsxs)(""span"",{children:[null==(o=z.curve[0])?void 0:o.t.slice(0,10),"" → "",null!=(c=z.as_of)?c:null==(s=z.curve[z.curve.length-1])?void 0:s.t.slice(0,10)]}),(0,r.jsx)(""span"",{style:{opacity:.75},children:""options""===p&&""realistic""===w?"""".concat(S,""% of equity per trade \xb7 "").concat(T?""compounded"":""non-compounded"","" \xb7 simulated, book tier \xb7 v7 ratchet","\xb7 CONSERVATIVE fills (ask-in / bid-out, quote-true NBBO"").concat((null==M?void 0:M.length)?""; −4% haircut when unscored"":"" — rescaled cons curve"","")""):""$10K fixed/trade \xb7 non-compounded \xb7 simulated, book tier \xb7 v7 ratchet playbook \xb7 "".concat(""options""===p?""CONSERVATIVE fills (ask-in / bid-out, quote-true NBBO) \xb7 per-trade % (not portfolio dollars)"":""bp-spread fills"")})]})]})]})}var rv=n(17819),rk=n(27048);let rw=["""",""Jan"",""Feb"",""Mar"",""Apr"",""May"",""Jun"",""Jul"",""Aug"",""Sep"",""Oct"",""Nov"",""Dec""];function rj(e){let{src:t,mode:n,accent:l,ink:o,bull:s,bear:i,t:c}=e,[d,u]=(0,a.useState)(!1),[p,m]=(0,a.useState)(null);(0,a.useEffect)(()=>{let e=!1;return(async()=>{try{let n=await fetch"
1536-064f08115df39c50.js,ratchet,2,4,177622,1,ratchet,"ren:[""$"",z.final.toLocaleString()]})]}),(0,r.jsxs)(""span"",{children:[""peak $"",P.toLocaleString()]}),(0,r.jsxs)(""span"",{children:[null==(o=z.curve[0])?void 0:o.t.slice(0,10),"" → "",null!=(c=z.as_of)?c:null==(s=z.curve[z.curve.length-1])?void 0:s.t.slice(0,10)]}),(0,r.jsx)(""span"",{style:{opacity:.75},children:""options""===p&&""realistic""===w?"""".concat(S,""% of equity per trade \xb7 "").concat(T?""compounded"":""non-compounded"","" \xb7 simulated, book tier \xb7 v7 ratchet playbook \xb7 CONSERVATIVE fills (ask-in / bid-out, quote-true NBBO"").concat((null==M?void 0:M.length)?""; −4% haircut when unscored"":"" — rescaled cons curve"","")""):""$10K fixed/trade \xb7 non-compounded \xb7 simulated, book tier \xb7 v7","playbook \xb7 "".concat(""options""===p?""CONSERVATIVE fills (ask-in / bid-out, quote-true NBBO) \xb7 per-trade % (not portfolio dollars)"":""bp-spread fills"")})]})]})]})}var rv=n(17819),rk=n(27048);let rw=["""",""Jan"",""Feb"",""Mar"",""Apr"",""May"",""Jun"",""Jul"",""Aug"",""Sep"",""Oct"",""Nov"",""Dec""];function rj(e){let{src:t,mode:n,accent:l,ink:o,bull:s,bear:i,t:c}=e,[d,u]=(0,a.useState)(!1),[p,m]=(0,a.useState)(null);(0,a.useEffect)(()=>{let e=!1;return(async()=>{try{let n=await fetch(t,{cache:""no-store""}),r=await n.json();e||!r||r.error||m(r)}catch(e){}})(),()=>{e=!0}},[t]);let g=null==p?void 0:p[n],h=null==g?void 0:g.total;if(!h||!h.n)return null;let x=function(e){let t=arguments.length>1&&void 0!==arguments[1]?"
1536-064f08115df39c50.js,playbook,2,77,177630,1,playbook,",z.final.toLocaleString()]})]}),(0,r.jsxs)(""span"",{children:[""peak $"",P.toLocaleString()]}),(0,r.jsxs)(""span"",{children:[null==(o=z.curve[0])?void 0:o.t.slice(0,10),"" → "",null!=(c=z.as_of)?c:null==(s=z.curve[z.curve.length-1])?void 0:s.t.slice(0,10)]}),(0,r.jsx)(""span"",{style:{opacity:.75},children:""options""===p&&""realistic""===w?"""".concat(S,""% of equity per trade \xb7 "").concat(T?""compounded"":""non-compounded"","" \xb7 simulated, book tier \xb7 v7 ratchet playbook \xb7 CONSERVATIVE fills (ask-in / bid-out, quote-true NBBO"").concat((null==M?void 0:M.length)?""; −4% haircut when unscored"":"" — rescaled cons curve"","")""):""$10K fixed/trade \xb7 non-compounded \xb7 simulated, book tier \xb7 v7 ratchet","\xb7 "".concat(""options""===p?""CONSERVATIVE fills (ask-in / bid-out, quote-true NBBO) \xb7 per-trade % (not portfolio dollars)"":""bp-spread fills"")})]})]})]})}var rv=n(17819),rk=n(27048);let rw=["""",""Jan"",""Feb"",""Mar"",""Apr"",""May"",""Jun"",""Jul"",""Aug"",""Sep"",""Oct"",""Nov"",""Dec""];function rj(e){let{src:t,mode:n,accent:l,ink:o,bull:s,bear:i,t:c}=e,[d,u]=(0,a.useState)(!1),[p,m]=(0,a.useState)(null);(0,a.useEffect)(()=>{let e=!1;return(async()=>{try{let n=await fetch(t,{cache:""no-store""}),r=await n.json();e||!r||r.error||m(r)}catch(e){}})(),()=>{e=!0}},[t]);let g=null==p?void 0:p[n],h=null==g?void 0:g.total;if(!h||!h.n)return null;let x=function(e){let t=arguments.length>1&&void 0!==arguments[1]?arguments"
1536-064f08115df39c50.js,setupName,1,4,184169,1,setupName,"/g,""flow""):null!=e?e:""""}function r_(e,t){var n,a,l,o,s,i,c;let d=e.trade||{},u=""bull""===e.direction,p=d.entry?Math.round(d.entry):0,m=(e,t)=>null!=e&&null!=t?"""".concat(Math.abs(e-t).toFixed(2),"" pt""):"""",g=e.contract?e.contract.split("" "").slice(1).join("" ""):"""".concat(p).concat(u?""C"":""P""),h=e.expiry?"""".concat(e.expiry.slice(5,7),""/"").concat(e.expiry.slice(8,10),""/"").concat(e.expiry.slice(2,4)):"""";return{id:"""".concat(d.symbol||""SPY"",""-"").concat(e.time,""-"").concat(t),symbol:d.symbol||""SPY"",side:u?""LONG"":""SHORT"",score:e.confidence,contract:g,contractFull:e.contract||"""".concat(d.symbol||""SPY"","" "").concat(p).concat(u?""C"":""P""),mark:null!=e.entry_prem?""$"".concat(e.entry_prem.toFixed(2)):""—"",delta:"""",",":rC(e.name),episodeId:e.episode_id,tranche:e.tranche,tranches:e.tranches,trancheSize:e.tranche_size,avgEntryPrem:e.avg_entry_prem,limitPlan:e.limit_plan,offBook:e.off_book,adds:e.adds,avgPrem:e.avg_prem,avgMaxReturn:e.avg_max_return,playbook:e.playbook,gradeSrc:e.grade_src,ago:e.time,stop:null!=(n=d.stop)?n:0,entry:null!=(a=d.entry)?a:0,target:null!=(l=d.target)?l:0,partial:null!=(o=d.target1)?o:void 0,rr:null!=d.rr?""1 : "".concat(d.rr):""—"",riskPt:m(d.entry,d.stop),rewardPt:m(d.target,d.entry),rationale:(0,r.jsx)(r.Fragment,{children:rC(e.rationale)||(e.reasons||[]).map(rC).join("" \xb7 "")}),rationaleLines:e.rationale_lines,expiry:h,expiryIso:e.expiry,currentReturn:e.current_return,maxReturn:e"
1536-064f08115df39c50.js,limitPlan,1,21,184308,1,limitPlan,"=>null!=e&&null!=t?"""".concat(Math.abs(e-t).toFixed(2),"" pt""):"""",g=e.contract?e.contract.split("" "").slice(1).join("" ""):"""".concat(p).concat(u?""C"":""P""),h=e.expiry?"""".concat(e.expiry.slice(5,7),""/"").concat(e.expiry.slice(8,10),""/"").concat(e.expiry.slice(2,4)):"""";return{id:"""".concat(d.symbol||""SPY"",""-"").concat(e.time,""-"").concat(t),symbol:d.symbol||""SPY"",side:u?""LONG"":""SHORT"",score:e.confidence,contract:g,contractFull:e.contract||"""".concat(d.symbol||""SPY"","" "").concat(p).concat(u?""C"":""P""),mark:null!=e.entry_prem?""$"".concat(e.entry_prem.toFixed(2)):""—"",delta:"""",setupName:rC(e.name),episodeId:e.episode_id,tranche:e.tranche,tranches:e.tranches,trancheSize:e.tranche_size,avgEntryPrem:e.avg_entry_prem,",":e.limit_plan,offBook:e.off_book,adds:e.adds,avgPrem:e.avg_prem,avgMaxReturn:e.avg_max_return,playbook:e.playbook,gradeSrc:e.grade_src,ago:e.time,stop:null!=(n=d.stop)?n:0,entry:null!=(a=d.entry)?a:0,target:null!=(l=d.target)?l:0,partial:null!=(o=d.target1)?o:void 0,rr:null!=d.rr?""1 : "".concat(d.rr):""—"",riskPt:m(d.entry,d.stop),rewardPt:m(d.target,d.entry),rationale:(0,r.jsx)(r.Fragment,{children:rC(e.rationale)||(e.reasons||[]).map(rC).join("" \xb7 "")}),rationaleLines:e.rationale_lines,expiry:h,expiryIso:e.expiry,currentReturn:e.current_return,maxReturn:e.max_return,maxAvg:e.max_avg,managedReturn:e.managed_return,peakTime:e.peak_time,lifecycle:e.lifecycle,premSeries:e.prem_series,progress:e."
1536-064f08115df39c50.js,limitPlan,2,21,184320,1,limit_plan,"ull!=t?"""".concat(Math.abs(e-t).toFixed(2),"" pt""):"""",g=e.contract?e.contract.split("" "").slice(1).join("" ""):"""".concat(p).concat(u?""C"":""P""),h=e.expiry?"""".concat(e.expiry.slice(5,7),""/"").concat(e.expiry.slice(8,10),""/"").concat(e.expiry.slice(2,4)):"""";return{id:"""".concat(d.symbol||""SPY"",""-"").concat(e.time,""-"").concat(t),symbol:d.symbol||""SPY"",side:u?""LONG"":""SHORT"",score:e.confidence,contract:g,contractFull:e.contract||"""".concat(d.symbol||""SPY"","" "").concat(p).concat(u?""C"":""P""),mark:null!=e.entry_prem?""$"".concat(e.entry_prem.toFixed(2)):""—"",delta:"""",setupName:rC(e.name),episodeId:e.episode_id,tranche:e.tranche,tranches:e.tranches,trancheSize:e.tranche_size,avgEntryPrem:e.avg_entry_prem,limitPlan:e.",",offBook:e.off_book,adds:e.adds,avgPrem:e.avg_prem,avgMaxReturn:e.avg_max_return,playbook:e.playbook,gradeSrc:e.grade_src,ago:e.time,stop:null!=(n=d.stop)?n:0,entry:null!=(a=d.entry)?a:0,target:null!=(l=d.target)?l:0,partial:null!=(o=d.target1)?o:void 0,rr:null!=d.rr?""1 : "".concat(d.rr):""—"",riskPt:m(d.entry,d.stop),rewardPt:m(d.target,d.entry),rationale:(0,r.jsx)(r.Fragment,{children:rC(e.rationale)||(e.reasons||[]).map(rC).join("" \xb7 "")}),rationaleLines:e.rationale_lines,expiry:h,expiryIso:e.expiry,currentReturn:e.current_return,maxReturn:e.max_return,maxAvg:e.max_avg,managedReturn:e.managed_return,peakTime:e.peak_time,lifecycle:e.lifecycle,premSeries:e.prem_series,progress:e.progress,risk"
1536-064f08115df39c50.js,playbook,3,77,184411,1,playbook,"e(1).join("" ""):"""".concat(p).concat(u?""C"":""P""),h=e.expiry?"""".concat(e.expiry.slice(5,7),""/"").concat(e.expiry.slice(8,10),""/"").concat(e.expiry.slice(2,4)):"""";return{id:"""".concat(d.symbol||""SPY"",""-"").concat(e.time,""-"").concat(t),symbol:d.symbol||""SPY"",side:u?""LONG"":""SHORT"",score:e.confidence,contract:g,contractFull:e.contract||"""".concat(d.symbol||""SPY"","" "").concat(p).concat(u?""C"":""P""),mark:null!=e.entry_prem?""$"".concat(e.entry_prem.toFixed(2)):""—"",delta:"""",setupName:rC(e.name),episodeId:e.episode_id,tranche:e.tranche,tranches:e.tranches,trancheSize:e.tranche_size,avgEntryPrem:e.avg_entry_prem,limitPlan:e.limit_plan,offBook:e.off_book,adds:e.adds,avgPrem:e.avg_prem,avgMaxReturn:e.avg_max_return,",":e.playbook,gradeSrc:e.grade_src,ago:e.time,stop:null!=(n=d.stop)?n:0,entry:null!=(a=d.entry)?a:0,target:null!=(l=d.target)?l:0,partial:null!=(o=d.target1)?o:void 0,rr:null!=d.rr?""1 : "".concat(d.rr):""—"",riskPt:m(d.entry,d.stop),rewardPt:m(d.target,d.entry),rationale:(0,r.jsx)(r.Fragment,{children:rC(e.rationale)||(e.reasons||[]).map(rC).join("" \xb7 "")}),rationaleLines:e.rationale_lines,expiry:h,expiryIso:e.expiry,currentReturn:e.current_return,maxReturn:e.max_return,maxAvg:e.max_avg,managedReturn:e.managed_return,peakTime:e.peak_time,lifecycle:e.lifecycle,premSeries:e.prem_series,progress:e.progress,risks:e.risks,liveAt:e.live_at,backfilled:e.backfilled,provisional:e.provisional,structures:("
1536-064f08115df39c50.js,playbook,4,77,184422,1,playbook,"""):"""".concat(p).concat(u?""C"":""P""),h=e.expiry?"""".concat(e.expiry.slice(5,7),""/"").concat(e.expiry.slice(8,10),""/"").concat(e.expiry.slice(2,4)):"""";return{id:"""".concat(d.symbol||""SPY"",""-"").concat(e.time,""-"").concat(t),symbol:d.symbol||""SPY"",side:u?""LONG"":""SHORT"",score:e.confidence,contract:g,contractFull:e.contract||"""".concat(d.symbol||""SPY"","" "").concat(p).concat(u?""C"":""P""),mark:null!=e.entry_prem?""$"".concat(e.entry_prem.toFixed(2)):""—"",delta:"""",setupName:rC(e.name),episodeId:e.episode_id,tranche:e.tranche,tranches:e.tranches,trancheSize:e.tranche_size,avgEntryPrem:e.avg_entry_prem,limitPlan:e.limit_plan,offBook:e.off_book,adds:e.adds,avgPrem:e.avg_prem,avgMaxReturn:e.avg_max_return,playbook:e.",",gradeSrc:e.grade_src,ago:e.time,stop:null!=(n=d.stop)?n:0,entry:null!=(a=d.entry)?a:0,target:null!=(l=d.target)?l:0,partial:null!=(o=d.target1)?o:void 0,rr:null!=d.rr?""1 : "".concat(d.rr):""—"",riskPt:m(d.entry,d.stop),rewardPt:m(d.target,d.entry),rationale:(0,r.jsx)(r.Fragment,{children:rC(e.rationale)||(e.reasons||[]).map(rC).join("" \xb7 "")}),rationaleLines:e.rationale_lines,expiry:h,expiryIso:e.expiry,currentReturn:e.current_return,maxReturn:e.max_return,maxAvg:e.max_avg,managedReturn:e.managed_return,peakTime:e.peak_time,lifecycle:e.lifecycle,premSeries:e.prem_series,progress:e.progress,risks:e.risks,liveAt:e.live_at,backfilled:e.backfilled,provisional:e.provisional,structures:(null!=(s=e."
1536-064f08115df39c50.js,limitPlan,3,21,186103,1,limitPlan,"entry:d.spx_entry,target:d.spx_target,stop:d.spx_stop,partial:null!=(i=d.spx_t1)?i:void 0}:void 0,QQQ:d.qqq_own&&null!=d.qqq_entry&&null!=d.qqq_target&&null!=d.qqq_stop?{entry:d.qqq_entry,target:d.qqq_target,stop:d.qqq_stop,partial:null!=(c=d.qqq_t1)?c:void 0}:void 0},alts:{SPX:e.spx_option&&{contract:e.spx_option.contract,mark:null!=e.spx_option.entry_prem?""$"".concat(e.spx_option.entry_prem.toFixed(2)):void 0,maxReturn:e.spx_option.max_return,maxAvg:e.spx_option.max_avg,managedReturn:e.spx_option.managed_return,peakTime:e.spx_option.peak_time,lifecycle:e.spx_option.lifecycle,premSeries:e.spx_option.prem_series,premLevels:e.spx_option.prem_levels?{...e.spx_option.prem_levels,prem:!0}:void 0,",":e.spx_option.limit_plan,armed:e.spx_option.playbook?{spread_pct:e.spx_option.playbook.spread_pct,skipped_entry:e.spx_option.playbook.skipped_entry}:void 0,playbook:e.spx_option.playbook,gradeSrc:e.spx_option.grade_src},QQQ:e.qqq_option&&{contract:e.qqq_option.contract,mark:null!=e.qqq_option.entry_prem?""$"".concat(e.qqq_option.entry_prem.toFixed(2)):void 0,maxReturn:e.qqq_option.max_return,maxAvg:e.qqq_option.max_avg,managedReturn:e.qqq_option.managed_return,peakTime:e.qqq_option.peak_time,lifecycle:e.qqq_option.lifecycle,premSeries:e.qqq_option.prem_series,premLevels:e.qqq_option.prem_levels?{...e.qqq_option.prem_levels,prem:!0}:void 0,limitPlan:e.qqq_option.limit_plan,armed:e.qqq_option.pl"
1536-064f08115df39c50.js,limitPlan,4,21,186126,1,limit_plan,"t:d.spx_target,stop:d.spx_stop,partial:null!=(i=d.spx_t1)?i:void 0}:void 0,QQQ:d.qqq_own&&null!=d.qqq_entry&&null!=d.qqq_target&&null!=d.qqq_stop?{entry:d.qqq_entry,target:d.qqq_target,stop:d.qqq_stop,partial:null!=(c=d.qqq_t1)?c:void 0}:void 0},alts:{SPX:e.spx_option&&{contract:e.spx_option.contract,mark:null!=e.spx_option.entry_prem?""$"".concat(e.spx_option.entry_prem.toFixed(2)):void 0,maxReturn:e.spx_option.max_return,maxAvg:e.spx_option.max_avg,managedReturn:e.spx_option.managed_return,peakTime:e.spx_option.peak_time,lifecycle:e.spx_option.lifecycle,premSeries:e.spx_option.prem_series,premLevels:e.spx_option.prem_levels?{...e.spx_option.prem_levels,prem:!0}:void 0,limitPlan:e.spx_option.",",armed:e.spx_option.playbook?{spread_pct:e.spx_option.playbook.spread_pct,skipped_entry:e.spx_option.playbook.skipped_entry}:void 0,playbook:e.spx_option.playbook,gradeSrc:e.spx_option.grade_src},QQQ:e.qqq_option&&{contract:e.qqq_option.contract,mark:null!=e.qqq_option.entry_prem?""$"".concat(e.qqq_option.entry_prem.toFixed(2)):void 0,maxReturn:e.qqq_option.max_return,maxAvg:e.qqq_option.max_avg,managedReturn:e.qqq_option.managed_return,peakTime:e.qqq_option.peak_time,lifecycle:e.qqq_option.lifecycle,premSeries:e.qqq_option.prem_series,premLevels:e.qqq_option.prem_levels?{...e.qqq_option.prem_levels,prem:!0}:void 0,limitPlan:e.qqq_option.limit_plan,armed:e.qqq_option.playbook?{spread_pct:e.qqq"
1536-064f08115df39c50.js,armed,3,43,186137,1,armed,"get,stop:d.spx_stop,partial:null!=(i=d.spx_t1)?i:void 0}:void 0,QQQ:d.qqq_own&&null!=d.qqq_entry&&null!=d.qqq_target&&null!=d.qqq_stop?{entry:d.qqq_entry,target:d.qqq_target,stop:d.qqq_stop,partial:null!=(c=d.qqq_t1)?c:void 0}:void 0},alts:{SPX:e.spx_option&&{contract:e.spx_option.contract,mark:null!=e.spx_option.entry_prem?""$"".concat(e.spx_option.entry_prem.toFixed(2)):void 0,maxReturn:e.spx_option.max_return,maxAvg:e.spx_option.max_avg,managedReturn:e.spx_option.managed_return,peakTime:e.spx_option.peak_time,lifecycle:e.spx_option.lifecycle,premSeries:e.spx_option.prem_series,premLevels:e.spx_option.prem_levels?{...e.spx_option.prem_levels,prem:!0}:void 0,limitPlan:e.spx_option.limit_plan,",":e.spx_option.playbook?{spread_pct:e.spx_option.playbook.spread_pct,skipped_entry:e.spx_option.playbook.skipped_entry}:void 0,playbook:e.spx_option.playbook,gradeSrc:e.spx_option.grade_src},QQQ:e.qqq_option&&{contract:e.qqq_option.contract,mark:null!=e.qqq_option.entry_prem?""$"".concat(e.qqq_option.entry_prem.toFixed(2)):void 0,maxReturn:e.qqq_option.max_return,maxAvg:e.qqq_option.max_avg,managedReturn:e.qqq_option.managed_return,peakTime:e.qqq_option.peak_time,lifecycle:e.qqq_option.lifecycle,premSeries:e.qqq_option.prem_series,premLevels:e.qqq_option.prem_levels?{...e.qqq_option.prem_levels,prem:!0}:void 0,limitPlan:e.qqq_option.limit_plan,armed:e.qqq_option.playbook?{spread_pct:e.qqq_optio"
1536-064f08115df39c50.js,playbook,5,77,186156,1,playbook,",partial:null!=(i=d.spx_t1)?i:void 0}:void 0,QQQ:d.qqq_own&&null!=d.qqq_entry&&null!=d.qqq_target&&null!=d.qqq_stop?{entry:d.qqq_entry,target:d.qqq_target,stop:d.qqq_stop,partial:null!=(c=d.qqq_t1)?c:void 0}:void 0},alts:{SPX:e.spx_option&&{contract:e.spx_option.contract,mark:null!=e.spx_option.entry_prem?""$"".concat(e.spx_option.entry_prem.toFixed(2)):void 0,maxReturn:e.spx_option.max_return,maxAvg:e.spx_option.max_avg,managedReturn:e.spx_option.managed_return,peakTime:e.spx_option.peak_time,lifecycle:e.spx_option.lifecycle,premSeries:e.spx_option.prem_series,premLevels:e.spx_option.prem_levels?{...e.spx_option.prem_levels,prem:!0}:void 0,limitPlan:e.spx_option.limit_plan,armed:e.spx_option.","?{spread_pct:e.spx_option.playbook.spread_pct,skipped_entry:e.spx_option.playbook.skipped_entry}:void 0,playbook:e.spx_option.playbook,gradeSrc:e.spx_option.grade_src},QQQ:e.qqq_option&&{contract:e.qqq_option.contract,mark:null!=e.qqq_option.entry_prem?""$"".concat(e.qqq_option.entry_prem.toFixed(2)):void 0,maxReturn:e.qqq_option.max_return,maxAvg:e.qqq_option.max_avg,managedReturn:e.qqq_option.managed_return,peakTime:e.qqq_option.peak_time,lifecycle:e.qqq_option.lifecycle,premSeries:e.qqq_option.prem_series,premLevels:e.qqq_option.prem_levels?{...e.qqq_option.prem_levels,prem:!0}:void 0,limitPlan:e.qqq_option.limit_plan,armed:e.qqq_option.playbook?{spread_pct:e.qqq_option.playbook.spread_pct,"
1536-064f08115df39c50.js,spread_pct,1,9,186166,1,spread_pct,"ull!=(i=d.spx_t1)?i:void 0}:void 0,QQQ:d.qqq_own&&null!=d.qqq_entry&&null!=d.qqq_target&&null!=d.qqq_stop?{entry:d.qqq_entry,target:d.qqq_target,stop:d.qqq_stop,partial:null!=(c=d.qqq_t1)?c:void 0}:void 0},alts:{SPX:e.spx_option&&{contract:e.spx_option.contract,mark:null!=e.spx_option.entry_prem?""$"".concat(e.spx_option.entry_prem.toFixed(2)):void 0,maxReturn:e.spx_option.max_return,maxAvg:e.spx_option.max_avg,managedReturn:e.spx_option.managed_return,peakTime:e.spx_option.peak_time,lifecycle:e.spx_option.lifecycle,premSeries:e.spx_option.prem_series,premLevels:e.spx_option.prem_levels?{...e.spx_option.prem_levels,prem:!0}:void 0,limitPlan:e.spx_option.limit_plan,armed:e.spx_option.playbook?{",":e.spx_option.playbook.spread_pct,skipped_entry:e.spx_option.playbook.skipped_entry}:void 0,playbook:e.spx_option.playbook,gradeSrc:e.spx_option.grade_src},QQQ:e.qqq_option&&{contract:e.qqq_option.contract,mark:null!=e.qqq_option.entry_prem?""$"".concat(e.qqq_option.entry_prem.toFixed(2)):void 0,maxReturn:e.qqq_option.max_return,maxAvg:e.qqq_option.max_avg,managedReturn:e.qqq_option.managed_return,peakTime:e.qqq_option.peak_time,lifecycle:e.qqq_option.lifecycle,premSeries:e.qqq_option.prem_series,premLevels:e.qqq_option.prem_levels?{...e.qqq_option.prem_levels,prem:!0}:void 0,limitPlan:e.qqq_option.limit_plan,armed:e.qqq_option.playbook?{spread_pct:e.qqq_option.playbook.spread_pct,skipped_entr"
1536-064f08115df39c50.js,playbook,6,77,186190,1,playbook,"0}:void 0,QQQ:d.qqq_own&&null!=d.qqq_entry&&null!=d.qqq_target&&null!=d.qqq_stop?{entry:d.qqq_entry,target:d.qqq_target,stop:d.qqq_stop,partial:null!=(c=d.qqq_t1)?c:void 0}:void 0},alts:{SPX:e.spx_option&&{contract:e.spx_option.contract,mark:null!=e.spx_option.entry_prem?""$"".concat(e.spx_option.entry_prem.toFixed(2)):void 0,maxReturn:e.spx_option.max_return,maxAvg:e.spx_option.max_avg,managedReturn:e.spx_option.managed_return,peakTime:e.spx_option.peak_time,lifecycle:e.spx_option.lifecycle,premSeries:e.spx_option.prem_series,premLevels:e.spx_option.prem_levels?{...e.spx_option.prem_levels,prem:!0}:void 0,limitPlan:e.spx_option.limit_plan,armed:e.spx_option.playbook?{spread_pct:e.spx_option.",".spread_pct,skipped_entry:e.spx_option.playbook.skipped_entry}:void 0,playbook:e.spx_option.playbook,gradeSrc:e.spx_option.grade_src},QQQ:e.qqq_option&&{contract:e.qqq_option.contract,mark:null!=e.qqq_option.entry_prem?""$"".concat(e.qqq_option.entry_prem.toFixed(2)):void 0,maxReturn:e.qqq_option.max_return,maxAvg:e.qqq_option.max_avg,managedReturn:e.qqq_option.managed_return,peakTime:e.qqq_option.peak_time,lifecycle:e.qqq_option.lifecycle,premSeries:e.qqq_option.prem_series,premLevels:e.qqq_option.prem_levels?{...e.qqq_option.prem_levels,prem:!0}:void 0,limitPlan:e.qqq_option.limit_plan,armed:e.qqq_option.playbook?{spread_pct:e.qqq_option.playbook.spread_pct,skipped_entry:e.qqq_option.playboo"
1536-064f08115df39c50.js,spread_pct,2,9,186199,1,spread_pct,"0,QQQ:d.qqq_own&&null!=d.qqq_entry&&null!=d.qqq_target&&null!=d.qqq_stop?{entry:d.qqq_entry,target:d.qqq_target,stop:d.qqq_stop,partial:null!=(c=d.qqq_t1)?c:void 0}:void 0},alts:{SPX:e.spx_option&&{contract:e.spx_option.contract,mark:null!=e.spx_option.entry_prem?""$"".concat(e.spx_option.entry_prem.toFixed(2)):void 0,maxReturn:e.spx_option.max_return,maxAvg:e.spx_option.max_avg,managedReturn:e.spx_option.managed_return,peakTime:e.spx_option.peak_time,lifecycle:e.spx_option.lifecycle,premSeries:e.spx_option.prem_series,premLevels:e.spx_option.prem_levels?{...e.spx_option.prem_levels,prem:!0}:void 0,limitPlan:e.spx_option.limit_plan,armed:e.spx_option.playbook?{spread_pct:e.spx_option.playbook.",",skipped_entry:e.spx_option.playbook.skipped_entry}:void 0,playbook:e.spx_option.playbook,gradeSrc:e.spx_option.grade_src},QQQ:e.qqq_option&&{contract:e.qqq_option.contract,mark:null!=e.qqq_option.entry_prem?""$"".concat(e.qqq_option.entry_prem.toFixed(2)):void 0,maxReturn:e.qqq_option.max_return,maxAvg:e.qqq_option.max_avg,managedReturn:e.qqq_option.managed_return,peakTime:e.qqq_option.peak_time,lifecycle:e.qqq_option.lifecycle,premSeries:e.qqq_option.prem_series,premLevels:e.qqq_option.prem_levels?{...e.qqq_option.prem_levels,prem:!0}:void 0,limitPlan:e.qqq_option.limit_plan,armed:e.qqq_option.playbook?{spread_pct:e.qqq_option.playbook.spread_pct,skipped_entry:e.qqq_option.playbook.skipped_e"
1536-064f08115df39c50.js,skipped_entry,1,12,186210,1,skipped_entry,"_own&&null!=d.qqq_entry&&null!=d.qqq_target&&null!=d.qqq_stop?{entry:d.qqq_entry,target:d.qqq_target,stop:d.qqq_stop,partial:null!=(c=d.qqq_t1)?c:void 0}:void 0},alts:{SPX:e.spx_option&&{contract:e.spx_option.contract,mark:null!=e.spx_option.entry_prem?""$"".concat(e.spx_option.entry_prem.toFixed(2)):void 0,maxReturn:e.spx_option.max_return,maxAvg:e.spx_option.max_avg,managedReturn:e.spx_option.managed_return,peakTime:e.spx_option.peak_time,lifecycle:e.spx_option.lifecycle,premSeries:e.spx_option.prem_series,premLevels:e.spx_option.prem_levels?{...e.spx_option.prem_levels,prem:!0}:void 0,limitPlan:e.spx_option.limit_plan,armed:e.spx_option.playbook?{spread_pct:e.spx_option.playbook.spread_pct,",":e.spx_option.playbook.skipped_entry}:void 0,playbook:e.spx_option.playbook,gradeSrc:e.spx_option.grade_src},QQQ:e.qqq_option&&{contract:e.qqq_option.contract,mark:null!=e.qqq_option.entry_prem?""$"".concat(e.qqq_option.entry_prem.toFixed(2)):void 0,maxReturn:e.qqq_option.max_return,maxAvg:e.qqq_option.max_avg,managedReturn:e.qqq_option.managed_return,peakTime:e.qqq_option.peak_time,lifecycle:e.qqq_option.lifecycle,premSeries:e.qqq_option.prem_series,premLevels:e.qqq_option.prem_levels?{...e.qqq_option.prem_levels,prem:!0}:void 0,limitPlan:e.qqq_option.limit_plan,armed:e.qqq_option.playbook?{spread_pct:e.qqq_option.playbook.spread_pct,skipped_entry:e.qqq_option.playbook.skipped_entry}:void 0,p"
1536-064f08115df39c50.js,playbook,7,77,186237,1,playbook,"ll!=d.qqq_target&&null!=d.qqq_stop?{entry:d.qqq_entry,target:d.qqq_target,stop:d.qqq_stop,partial:null!=(c=d.qqq_t1)?c:void 0}:void 0},alts:{SPX:e.spx_option&&{contract:e.spx_option.contract,mark:null!=e.spx_option.entry_prem?""$"".concat(e.spx_option.entry_prem.toFixed(2)):void 0,maxReturn:e.spx_option.max_return,maxAvg:e.spx_option.max_avg,managedReturn:e.spx_option.managed_return,peakTime:e.spx_option.peak_time,lifecycle:e.spx_option.lifecycle,premSeries:e.spx_option.prem_series,premLevels:e.spx_option.prem_levels?{...e.spx_option.prem_levels,prem:!0}:void 0,limitPlan:e.spx_option.limit_plan,armed:e.spx_option.playbook?{spread_pct:e.spx_option.playbook.spread_pct,skipped_entry:e.spx_option.",".skipped_entry}:void 0,playbook:e.spx_option.playbook,gradeSrc:e.spx_option.grade_src},QQQ:e.qqq_option&&{contract:e.qqq_option.contract,mark:null!=e.qqq_option.entry_prem?""$"".concat(e.qqq_option.entry_prem.toFixed(2)):void 0,maxReturn:e.qqq_option.max_return,maxAvg:e.qqq_option.max_avg,managedReturn:e.qqq_option.managed_return,peakTime:e.qqq_option.peak_time,lifecycle:e.qqq_option.lifecycle,premSeries:e.qqq_option.prem_series,premLevels:e.qqq_option.prem_levels?{...e.qqq_option.prem_levels,prem:!0}:void 0,limitPlan:e.qqq_option.limit_plan,armed:e.qqq_option.playbook?{spread_pct:e.qqq_option.playbook.spread_pct,skipped_entry:e.qqq_option.playbook.skipped_entry}:void 0,playbook:e.qqq_option.p"
1536-064f08115df39c50.js,skipped_entry,2,12,186246,1,skipped_entry,"_target&&null!=d.qqq_stop?{entry:d.qqq_entry,target:d.qqq_target,stop:d.qqq_stop,partial:null!=(c=d.qqq_t1)?c:void 0}:void 0},alts:{SPX:e.spx_option&&{contract:e.spx_option.contract,mark:null!=e.spx_option.entry_prem?""$"".concat(e.spx_option.entry_prem.toFixed(2)):void 0,maxReturn:e.spx_option.max_return,maxAvg:e.spx_option.max_avg,managedReturn:e.spx_option.managed_return,peakTime:e.spx_option.peak_time,lifecycle:e.spx_option.lifecycle,premSeries:e.spx_option.prem_series,premLevels:e.spx_option.prem_levels?{...e.spx_option.prem_levels,prem:!0}:void 0,limitPlan:e.spx_option.limit_plan,armed:e.spx_option.playbook?{spread_pct:e.spx_option.playbook.spread_pct,skipped_entry:e.spx_option.playbook.","}:void 0,playbook:e.spx_option.playbook,gradeSrc:e.spx_option.grade_src},QQQ:e.qqq_option&&{contract:e.qqq_option.contract,mark:null!=e.qqq_option.entry_prem?""$"".concat(e.qqq_option.entry_prem.toFixed(2)):void 0,maxReturn:e.qqq_option.max_return,maxAvg:e.qqq_option.max_avg,managedReturn:e.qqq_option.managed_return,peakTime:e.qqq_option.peak_time,lifecycle:e.qqq_option.lifecycle,premSeries:e.qqq_option.prem_series,premLevels:e.qqq_option.prem_levels?{...e.qqq_option.prem_levels,prem:!0}:void 0,limitPlan:e.qqq_option.limit_plan,armed:e.qqq_option.playbook?{spread_pct:e.qqq_option.playbook.spread_pct,skipped_entry:e.qqq_option.playbook.skipped_entry}:void 0,playbook:e.qqq_option.playbook,gradeS"
1536-064f08115df39c50.js,playbook,8,77,186268,1,playbook,"top?{entry:d.qqq_entry,target:d.qqq_target,stop:d.qqq_stop,partial:null!=(c=d.qqq_t1)?c:void 0}:void 0},alts:{SPX:e.spx_option&&{contract:e.spx_option.contract,mark:null!=e.spx_option.entry_prem?""$"".concat(e.spx_option.entry_prem.toFixed(2)):void 0,maxReturn:e.spx_option.max_return,maxAvg:e.spx_option.max_avg,managedReturn:e.spx_option.managed_return,peakTime:e.spx_option.peak_time,lifecycle:e.spx_option.lifecycle,premSeries:e.spx_option.prem_series,premLevels:e.spx_option.prem_levels?{...e.spx_option.prem_levels,prem:!0}:void 0,limitPlan:e.spx_option.limit_plan,armed:e.spx_option.playbook?{spread_pct:e.spx_option.playbook.spread_pct,skipped_entry:e.spx_option.playbook.skipped_entry}:void 0,",":e.spx_option.playbook,gradeSrc:e.spx_option.grade_src},QQQ:e.qqq_option&&{contract:e.qqq_option.contract,mark:null!=e.qqq_option.entry_prem?""$"".concat(e.qqq_option.entry_prem.toFixed(2)):void 0,maxReturn:e.qqq_option.max_return,maxAvg:e.qqq_option.max_avg,managedReturn:e.qqq_option.managed_return,peakTime:e.qqq_option.peak_time,lifecycle:e.qqq_option.lifecycle,premSeries:e.qqq_option.prem_series,premLevels:e.qqq_option.prem_levels?{...e.qqq_option.prem_levels,prem:!0}:void 0,limitPlan:e.qqq_option.limit_plan,armed:e.qqq_option.playbook?{spread_pct:e.qqq_option.playbook.spread_pct,skipped_entry:e.qqq_option.playbook.skipped_entry}:void 0,playbook:e.qqq_option.playbook,gradeSrc:e.qqq_option.g"
1536-064f08115df39c50.js,playbook,9,77,186290,1,playbook,",target:d.qqq_target,stop:d.qqq_stop,partial:null!=(c=d.qqq_t1)?c:void 0}:void 0},alts:{SPX:e.spx_option&&{contract:e.spx_option.contract,mark:null!=e.spx_option.entry_prem?""$"".concat(e.spx_option.entry_prem.toFixed(2)):void 0,maxReturn:e.spx_option.max_return,maxAvg:e.spx_option.max_avg,managedReturn:e.spx_option.managed_return,peakTime:e.spx_option.peak_time,lifecycle:e.spx_option.lifecycle,premSeries:e.spx_option.prem_series,premLevels:e.spx_option.prem_levels?{...e.spx_option.prem_levels,prem:!0}:void 0,limitPlan:e.spx_option.limit_plan,armed:e.spx_option.playbook?{spread_pct:e.spx_option.playbook.spread_pct,skipped_entry:e.spx_option.playbook.skipped_entry}:void 0,playbook:e.spx_option.",",gradeSrc:e.spx_option.grade_src},QQQ:e.qqq_option&&{contract:e.qqq_option.contract,mark:null!=e.qqq_option.entry_prem?""$"".concat(e.qqq_option.entry_prem.toFixed(2)):void 0,maxReturn:e.qqq_option.max_return,maxAvg:e.qqq_option.max_avg,managedReturn:e.qqq_option.managed_return,peakTime:e.qqq_option.peak_time,lifecycle:e.qqq_option.lifecycle,premSeries:e.qqq_option.prem_series,premLevels:e.qqq_option.prem_levels?{...e.qqq_option.prem_levels,prem:!0}:void 0,limitPlan:e.qqq_option.limit_plan,armed:e.qqq_option.playbook?{spread_pct:e.qqq_option.playbook.spread_pct,skipped_entry:e.qqq_option.playbook.skipped_entry}:void 0,playbook:e.qqq_option.playbook,gradeSrc:e.qqq_option.grade_src},SPY:e.spy_op"
1536-064f08115df39c50.js,limitPlan,5,21,186757,1,limitPlan,"?{...e.spx_option.prem_levels,prem:!0}:void 0,limitPlan:e.spx_option.limit_plan,armed:e.spx_option.playbook?{spread_pct:e.spx_option.playbook.spread_pct,skipped_entry:e.spx_option.playbook.skipped_entry}:void 0,playbook:e.spx_option.playbook,gradeSrc:e.spx_option.grade_src},QQQ:e.qqq_option&&{contract:e.qqq_option.contract,mark:null!=e.qqq_option.entry_prem?""$"".concat(e.qqq_option.entry_prem.toFixed(2)):void 0,maxReturn:e.qqq_option.max_return,maxAvg:e.qqq_option.max_avg,managedReturn:e.qqq_option.managed_return,peakTime:e.qqq_option.peak_time,lifecycle:e.qqq_option.lifecycle,premSeries:e.qqq_option.prem_series,premLevels:e.qqq_option.prem_levels?{...e.qqq_option.prem_levels,prem:!0}:void 0,",":e.qqq_option.limit_plan,armed:e.qqq_option.playbook?{spread_pct:e.qqq_option.playbook.spread_pct,skipped_entry:e.qqq_option.playbook.skipped_entry}:void 0,playbook:e.qqq_option.playbook,gradeSrc:e.qqq_option.grade_src},SPY:e.spy_option&&{contract:e.spy_option.contract,mark:null!=e.spy_option.entry_prem?""$"".concat(e.spy_option.entry_prem.toFixed(2)):void 0,maxReturn:e.spy_option.max_return,maxAvg:e.spy_option.max_avg,managedReturn:e.spy_option.managed_return,peakTime:e.spy_option.peak_time,lifecycle:e.spy_option.lifecycle,premSeries:e.spy_option.prem_series,premLevels:e.spy_option.prem_levels?{...e.spy_option.prem_levels,prem:!0}:void 0,limitPlan:e.spy_option.limit_plan,armed:e.spy_option.pl"
1536-064f08115df39c50.js,limitPlan,6,21,186780,1,limit_plan,"levels,prem:!0}:void 0,limitPlan:e.spx_option.limit_plan,armed:e.spx_option.playbook?{spread_pct:e.spx_option.playbook.spread_pct,skipped_entry:e.spx_option.playbook.skipped_entry}:void 0,playbook:e.spx_option.playbook,gradeSrc:e.spx_option.grade_src},QQQ:e.qqq_option&&{contract:e.qqq_option.contract,mark:null!=e.qqq_option.entry_prem?""$"".concat(e.qqq_option.entry_prem.toFixed(2)):void 0,maxReturn:e.qqq_option.max_return,maxAvg:e.qqq_option.max_avg,managedReturn:e.qqq_option.managed_return,peakTime:e.qqq_option.peak_time,lifecycle:e.qqq_option.lifecycle,premSeries:e.qqq_option.prem_series,premLevels:e.qqq_option.prem_levels?{...e.qqq_option.prem_levels,prem:!0}:void 0,limitPlan:e.qqq_option.",",armed:e.qqq_option.playbook?{spread_pct:e.qqq_option.playbook.spread_pct,skipped_entry:e.qqq_option.playbook.skipped_entry}:void 0,playbook:e.qqq_option.playbook,gradeSrc:e.qqq_option.grade_src},SPY:e.spy_option&&{contract:e.spy_option.contract,mark:null!=e.spy_option.entry_prem?""$"".concat(e.spy_option.entry_prem.toFixed(2)):void 0,maxReturn:e.spy_option.max_return,maxAvg:e.spy_option.max_avg,managedReturn:e.spy_option.managed_return,peakTime:e.spy_option.peak_time,lifecycle:e.spy_option.lifecycle,premSeries:e.spy_option.prem_series,premLevels:e.spy_option.prem_levels?{...e.spy_option.prem_levels,prem:!0}:void 0,limitPlan:e.spy_option.limit_plan,armed:e.spy_option.playbook?{spread_pct:e.spy"
1536-064f08115df39c50.js,armed,4,43,186791,1,armed,":!0}:void 0,limitPlan:e.spx_option.limit_plan,armed:e.spx_option.playbook?{spread_pct:e.spx_option.playbook.spread_pct,skipped_entry:e.spx_option.playbook.skipped_entry}:void 0,playbook:e.spx_option.playbook,gradeSrc:e.spx_option.grade_src},QQQ:e.qqq_option&&{contract:e.qqq_option.contract,mark:null!=e.qqq_option.entry_prem?""$"".concat(e.qqq_option.entry_prem.toFixed(2)):void 0,maxReturn:e.qqq_option.max_return,maxAvg:e.qqq_option.max_avg,managedReturn:e.qqq_option.managed_return,peakTime:e.qqq_option.peak_time,lifecycle:e.qqq_option.lifecycle,premSeries:e.qqq_option.prem_series,premLevels:e.qqq_option.prem_levels?{...e.qqq_option.prem_levels,prem:!0}:void 0,limitPlan:e.qqq_option.limit_plan,",":e.qqq_option.playbook?{spread_pct:e.qqq_option.playbook.spread_pct,skipped_entry:e.qqq_option.playbook.skipped_entry}:void 0,playbook:e.qqq_option.playbook,gradeSrc:e.qqq_option.grade_src},SPY:e.spy_option&&{contract:e.spy_option.contract,mark:null!=e.spy_option.entry_prem?""$"".concat(e.spy_option.entry_prem.toFixed(2)):void 0,maxReturn:e.spy_option.max_return,maxAvg:e.spy_option.max_avg,managedReturn:e.spy_option.managed_return,peakTime:e.spy_option.peak_time,lifecycle:e.spy_option.lifecycle,premSeries:e.spy_option.prem_series,premLevels:e.spy_option.prem_levels?{...e.spy_option.prem_levels,prem:!0}:void 0,limitPlan:e.spy_option.limit_plan,armed:e.spy_option.playbook?{spread_pct:e.spy_optio"
1536-064f08115df39c50.js,playbook,10,77,186810,1,playbook,"an:e.spx_option.limit_plan,armed:e.spx_option.playbook?{spread_pct:e.spx_option.playbook.spread_pct,skipped_entry:e.spx_option.playbook.skipped_entry}:void 0,playbook:e.spx_option.playbook,gradeSrc:e.spx_option.grade_src},QQQ:e.qqq_option&&{contract:e.qqq_option.contract,mark:null!=e.qqq_option.entry_prem?""$"".concat(e.qqq_option.entry_prem.toFixed(2)):void 0,maxReturn:e.qqq_option.max_return,maxAvg:e.qqq_option.max_avg,managedReturn:e.qqq_option.managed_return,peakTime:e.qqq_option.peak_time,lifecycle:e.qqq_option.lifecycle,premSeries:e.qqq_option.prem_series,premLevels:e.qqq_option.prem_levels?{...e.qqq_option.prem_levels,prem:!0}:void 0,limitPlan:e.qqq_option.limit_plan,armed:e.qqq_option.","?{spread_pct:e.qqq_option.playbook.spread_pct,skipped_entry:e.qqq_option.playbook.skipped_entry}:void 0,playbook:e.qqq_option.playbook,gradeSrc:e.qqq_option.grade_src},SPY:e.spy_option&&{contract:e.spy_option.contract,mark:null!=e.spy_option.entry_prem?""$"".concat(e.spy_option.entry_prem.toFixed(2)):void 0,maxReturn:e.spy_option.max_return,maxAvg:e.spy_option.max_avg,managedReturn:e.spy_option.managed_return,peakTime:e.spy_option.peak_time,lifecycle:e.spy_option.lifecycle,premSeries:e.spy_option.prem_series,premLevels:e.spy_option.prem_levels?{...e.spy_option.prem_levels,prem:!0}:void 0,limitPlan:e.spy_option.limit_plan,armed:e.spy_option.playbook?{spread_pct:e.spy_option.playbook.spread_pct,"
1536-064f08115df39c50.js,spread_pct,3,9,186820,1,spread_pct,"ption.limit_plan,armed:e.spx_option.playbook?{spread_pct:e.spx_option.playbook.spread_pct,skipped_entry:e.spx_option.playbook.skipped_entry}:void 0,playbook:e.spx_option.playbook,gradeSrc:e.spx_option.grade_src},QQQ:e.qqq_option&&{contract:e.qqq_option.contract,mark:null!=e.qqq_option.entry_prem?""$"".concat(e.qqq_option.entry_prem.toFixed(2)):void 0,maxReturn:e.qqq_option.max_return,maxAvg:e.qqq_option.max_avg,managedReturn:e.qqq_option.managed_return,peakTime:e.qqq_option.peak_time,lifecycle:e.qqq_option.lifecycle,premSeries:e.qqq_option.prem_series,premLevels:e.qqq_option.prem_levels?{...e.qqq_option.prem_levels,prem:!0}:void 0,limitPlan:e.qqq_option.limit_plan,armed:e.qqq_option.playbook?{",":e.qqq_option.playbook.spread_pct,skipped_entry:e.qqq_option.playbook.skipped_entry}:void 0,playbook:e.qqq_option.playbook,gradeSrc:e.qqq_option.grade_src},SPY:e.spy_option&&{contract:e.spy_option.contract,mark:null!=e.spy_option.entry_prem?""$"".concat(e.spy_option.entry_prem.toFixed(2)):void 0,maxReturn:e.spy_option.max_return,maxAvg:e.spy_option.max_avg,managedReturn:e.spy_option.managed_return,peakTime:e.spy_option.peak_time,lifecycle:e.spy_option.lifecycle,premSeries:e.spy_option.prem_series,premLevels:e.spy_option.prem_levels?{...e.spy_option.prem_levels,prem:!0}:void 0,limitPlan:e.spy_option.limit_plan,armed:e.spy_option.playbook?{spread_pct:e.spy_option.playbook.spread_pct,skipped_entr"
1536-064f08115df39c50.js,playbook,11,77,186844,1,playbook,".spx_option.playbook?{spread_pct:e.spx_option.playbook.spread_pct,skipped_entry:e.spx_option.playbook.skipped_entry}:void 0,playbook:e.spx_option.playbook,gradeSrc:e.spx_option.grade_src},QQQ:e.qqq_option&&{contract:e.qqq_option.contract,mark:null!=e.qqq_option.entry_prem?""$"".concat(e.qqq_option.entry_prem.toFixed(2)):void 0,maxReturn:e.qqq_option.max_return,maxAvg:e.qqq_option.max_avg,managedReturn:e.qqq_option.managed_return,peakTime:e.qqq_option.peak_time,lifecycle:e.qqq_option.lifecycle,premSeries:e.qqq_option.prem_series,premLevels:e.qqq_option.prem_levels?{...e.qqq_option.prem_levels,prem:!0}:void 0,limitPlan:e.qqq_option.limit_plan,armed:e.qqq_option.playbook?{spread_pct:e.qqq_option.",".spread_pct,skipped_entry:e.qqq_option.playbook.skipped_entry}:void 0,playbook:e.qqq_option.playbook,gradeSrc:e.qqq_option.grade_src},SPY:e.spy_option&&{contract:e.spy_option.contract,mark:null!=e.spy_option.entry_prem?""$"".concat(e.spy_option.entry_prem.toFixed(2)):void 0,maxReturn:e.spy_option.max_return,maxAvg:e.spy_option.max_avg,managedReturn:e.spy_option.managed_return,peakTime:e.spy_option.peak_time,lifecycle:e.spy_option.lifecycle,premSeries:e.spy_option.prem_series,premLevels:e.spy_option.prem_levels?{...e.spy_option.prem_levels,prem:!0}:void 0,limitPlan:e.spy_option.limit_plan,armed:e.spy_option.playbook?{spread_pct:e.spy_option.playbook.spread_pct,skipped_entry:e.spy_option.playboo"
1536-064f08115df39c50.js,spread_pct,4,9,186853,1,spread_pct,"on.playbook?{spread_pct:e.spx_option.playbook.spread_pct,skipped_entry:e.spx_option.playbook.skipped_entry}:void 0,playbook:e.spx_option.playbook,gradeSrc:e.spx_option.grade_src},QQQ:e.qqq_option&&{contract:e.qqq_option.contract,mark:null!=e.qqq_option.entry_prem?""$"".concat(e.qqq_option.entry_prem.toFixed(2)):void 0,maxReturn:e.qqq_option.max_return,maxAvg:e.qqq_option.max_avg,managedReturn:e.qqq_option.managed_return,peakTime:e.qqq_option.peak_time,lifecycle:e.qqq_option.lifecycle,premSeries:e.qqq_option.prem_series,premLevels:e.qqq_option.prem_levels?{...e.qqq_option.prem_levels,prem:!0}:void 0,limitPlan:e.qqq_option.limit_plan,armed:e.qqq_option.playbook?{spread_pct:e.qqq_option.playbook.",",skipped_entry:e.qqq_option.playbook.skipped_entry}:void 0,playbook:e.qqq_option.playbook,gradeSrc:e.qqq_option.grade_src},SPY:e.spy_option&&{contract:e.spy_option.contract,mark:null!=e.spy_option.entry_prem?""$"".concat(e.spy_option.entry_prem.toFixed(2)):void 0,maxReturn:e.spy_option.max_return,maxAvg:e.spy_option.max_avg,managedReturn:e.spy_option.managed_return,peakTime:e.spy_option.peak_time,lifecycle:e.spy_option.lifecycle,premSeries:e.spy_option.prem_series,premLevels:e.spy_option.prem_levels?{...e.spy_option.prem_levels,prem:!0}:void 0,limitPlan:e.spy_option.limit_plan,armed:e.spy_option.playbook?{spread_pct:e.spy_option.playbook.spread_pct,skipped_entry:e.spy_option.playbook.skipped_e"
1536-064f08115df39c50.js,skipped_entry,3,12,186864,1,skipped_entry,"?{spread_pct:e.spx_option.playbook.spread_pct,skipped_entry:e.spx_option.playbook.skipped_entry}:void 0,playbook:e.spx_option.playbook,gradeSrc:e.spx_option.grade_src},QQQ:e.qqq_option&&{contract:e.qqq_option.contract,mark:null!=e.qqq_option.entry_prem?""$"".concat(e.qqq_option.entry_prem.toFixed(2)):void 0,maxReturn:e.qqq_option.max_return,maxAvg:e.qqq_option.max_avg,managedReturn:e.qqq_option.managed_return,peakTime:e.qqq_option.peak_time,lifecycle:e.qqq_option.lifecycle,premSeries:e.qqq_option.prem_series,premLevels:e.qqq_option.prem_levels?{...e.qqq_option.prem_levels,prem:!0}:void 0,limitPlan:e.qqq_option.limit_plan,armed:e.qqq_option.playbook?{spread_pct:e.qqq_option.playbook.spread_pct,",":e.qqq_option.playbook.skipped_entry}:void 0,playbook:e.qqq_option.playbook,gradeSrc:e.qqq_option.grade_src},SPY:e.spy_option&&{contract:e.spy_option.contract,mark:null!=e.spy_option.entry_prem?""$"".concat(e.spy_option.entry_prem.toFixed(2)):void 0,maxReturn:e.spy_option.max_return,maxAvg:e.spy_option.max_avg,managedReturn:e.spy_option.managed_return,peakTime:e.spy_option.peak_time,lifecycle:e.spy_option.lifecycle,premSeries:e.spy_option.prem_series,premLevels:e.spy_option.prem_levels?{...e.spy_option.prem_levels,prem:!0}:void 0,limitPlan:e.spy_option.limit_plan,armed:e.spy_option.playbook?{spread_pct:e.spy_option.playbook.spread_pct,skipped_entry:e.spy_option.playbook.skipped_entry}:void 0,p"
1536-064f08115df39c50.js,playbook,12,77,186891,1,playbook,"laybook.spread_pct,skipped_entry:e.spx_option.playbook.skipped_entry}:void 0,playbook:e.spx_option.playbook,gradeSrc:e.spx_option.grade_src},QQQ:e.qqq_option&&{contract:e.qqq_option.contract,mark:null!=e.qqq_option.entry_prem?""$"".concat(e.qqq_option.entry_prem.toFixed(2)):void 0,maxReturn:e.qqq_option.max_return,maxAvg:e.qqq_option.max_avg,managedReturn:e.qqq_option.managed_return,peakTime:e.qqq_option.peak_time,lifecycle:e.qqq_option.lifecycle,premSeries:e.qqq_option.prem_series,premLevels:e.qqq_option.prem_levels?{...e.qqq_option.prem_levels,prem:!0}:void 0,limitPlan:e.qqq_option.limit_plan,armed:e.qqq_option.playbook?{spread_pct:e.qqq_option.playbook.spread_pct,skipped_entry:e.qqq_option.",".skipped_entry}:void 0,playbook:e.qqq_option.playbook,gradeSrc:e.qqq_option.grade_src},SPY:e.spy_option&&{contract:e.spy_option.contract,mark:null!=e.spy_option.entry_prem?""$"".concat(e.spy_option.entry_prem.toFixed(2)):void 0,maxReturn:e.spy_option.max_return,maxAvg:e.spy_option.max_avg,managedReturn:e.spy_option.managed_return,peakTime:e.spy_option.peak_time,lifecycle:e.spy_option.lifecycle,premSeries:e.spy_option.prem_series,premLevels:e.spy_option.prem_levels?{...e.spy_option.prem_levels,prem:!0}:void 0,limitPlan:e.spy_option.limit_plan,armed:e.spy_option.playbook?{spread_pct:e.spy_option.playbook.spread_pct,skipped_entry:e.spy_option.playbook.skipped_entry}:void 0,playbook:e.spy_option.p"
1536-064f08115df39c50.js,skipped_entry,4,12,186900,1,skipped_entry,"pread_pct,skipped_entry:e.spx_option.playbook.skipped_entry}:void 0,playbook:e.spx_option.playbook,gradeSrc:e.spx_option.grade_src},QQQ:e.qqq_option&&{contract:e.qqq_option.contract,mark:null!=e.qqq_option.entry_prem?""$"".concat(e.qqq_option.entry_prem.toFixed(2)):void 0,maxReturn:e.qqq_option.max_return,maxAvg:e.qqq_option.max_avg,managedReturn:e.qqq_option.managed_return,peakTime:e.qqq_option.peak_time,lifecycle:e.qqq_option.lifecycle,premSeries:e.qqq_option.prem_series,premLevels:e.qqq_option.prem_levels?{...e.qqq_option.prem_levels,prem:!0}:void 0,limitPlan:e.qqq_option.limit_plan,armed:e.qqq_option.playbook?{spread_pct:e.qqq_option.playbook.spread_pct,skipped_entry:e.qqq_option.playbook.","}:void 0,playbook:e.qqq_option.playbook,gradeSrc:e.qqq_option.grade_src},SPY:e.spy_option&&{contract:e.spy_option.contract,mark:null!=e.spy_option.entry_prem?""$"".concat(e.spy_option.entry_prem.toFixed(2)):void 0,maxReturn:e.spy_option.max_return,maxAvg:e.spy_option.max_avg,managedReturn:e.spy_option.managed_return,peakTime:e.spy_option.peak_time,lifecycle:e.spy_option.lifecycle,premSeries:e.spy_option.prem_series,premLevels:e.spy_option.prem_levels?{...e.spy_option.prem_levels,prem:!0}:void 0,limitPlan:e.spy_option.limit_plan,armed:e.spy_option.playbook?{spread_pct:e.spy_option.playbook.spread_pct,skipped_entry:e.spy_option.playbook.skipped_entry}:void 0,playbook:e.spy_option.playbook,gradeS"
1536-064f08115df39c50.js,playbook,13,77,186922,1,playbook,"y:e.spx_option.playbook.skipped_entry}:void 0,playbook:e.spx_option.playbook,gradeSrc:e.spx_option.grade_src},QQQ:e.qqq_option&&{contract:e.qqq_option.contract,mark:null!=e.qqq_option.entry_prem?""$"".concat(e.qqq_option.entry_prem.toFixed(2)):void 0,maxReturn:e.qqq_option.max_return,maxAvg:e.qqq_option.max_avg,managedReturn:e.qqq_option.managed_return,peakTime:e.qqq_option.peak_time,lifecycle:e.qqq_option.lifecycle,premSeries:e.qqq_option.prem_series,premLevels:e.qqq_option.prem_levels?{...e.qqq_option.prem_levels,prem:!0}:void 0,limitPlan:e.qqq_option.limit_plan,armed:e.qqq_option.playbook?{spread_pct:e.qqq_option.playbook.spread_pct,skipped_entry:e.qqq_option.playbook.skipped_entry}:void 0,",":e.qqq_option.playbook,gradeSrc:e.qqq_option.grade_src},SPY:e.spy_option&&{contract:e.spy_option.contract,mark:null!=e.spy_option.entry_prem?""$"".concat(e.spy_option.entry_prem.toFixed(2)):void 0,maxReturn:e.spy_option.max_return,maxAvg:e.spy_option.max_avg,managedReturn:e.spy_option.managed_return,peakTime:e.spy_option.peak_time,lifecycle:e.spy_option.lifecycle,premSeries:e.spy_option.prem_series,premLevels:e.spy_option.prem_levels?{...e.spy_option.prem_levels,prem:!0}:void 0,limitPlan:e.spy_option.limit_plan,armed:e.spy_option.playbook?{spread_pct:e.spy_option.playbook.spread_pct,skipped_entry:e.spy_option.playbook.skipped_entry}:void 0,playbook:e.spy_option.playbook,gradeSrc:e.spy_option.g"
1536-064f08115df39c50.js,playbook,14,77,186944,1,playbook,"k.skipped_entry}:void 0,playbook:e.spx_option.playbook,gradeSrc:e.spx_option.grade_src},QQQ:e.qqq_option&&{contract:e.qqq_option.contract,mark:null!=e.qqq_option.entry_prem?""$"".concat(e.qqq_option.entry_prem.toFixed(2)):void 0,maxReturn:e.qqq_option.max_return,maxAvg:e.qqq_option.max_avg,managedReturn:e.qqq_option.managed_return,peakTime:e.qqq_option.peak_time,lifecycle:e.qqq_option.lifecycle,premSeries:e.qqq_option.prem_series,premLevels:e.qqq_option.prem_levels?{...e.qqq_option.prem_levels,prem:!0}:void 0,limitPlan:e.qqq_option.limit_plan,armed:e.qqq_option.playbook?{spread_pct:e.qqq_option.playbook.spread_pct,skipped_entry:e.qqq_option.playbook.skipped_entry}:void 0,playbook:e.qqq_option.",",gradeSrc:e.qqq_option.grade_src},SPY:e.spy_option&&{contract:e.spy_option.contract,mark:null!=e.spy_option.entry_prem?""$"".concat(e.spy_option.entry_prem.toFixed(2)):void 0,maxReturn:e.spy_option.max_return,maxAvg:e.spy_option.max_avg,managedReturn:e.spy_option.managed_return,peakTime:e.spy_option.peak_time,lifecycle:e.spy_option.lifecycle,premSeries:e.spy_option.prem_series,premLevels:e.spy_option.prem_levels?{...e.spy_option.prem_levels,prem:!0}:void 0,limitPlan:e.spy_option.limit_plan,armed:e.spy_option.playbook?{spread_pct:e.spy_option.playbook.spread_pct,skipped_entry:e.spy_option.playbook.skipped_entry}:void 0,playbook:e.spy_option.playbook,gradeSrc:e.spy_option.grade_src}}}}let rE={he"
1536-064f08115df39c50.js,limitPlan,7,21,187411,1,limitPlan,"?{...e.qqq_option.prem_levels,prem:!0}:void 0,limitPlan:e.qqq_option.limit_plan,armed:e.qqq_option.playbook?{spread_pct:e.qqq_option.playbook.spread_pct,skipped_entry:e.qqq_option.playbook.skipped_entry}:void 0,playbook:e.qqq_option.playbook,gradeSrc:e.qqq_option.grade_src},SPY:e.spy_option&&{contract:e.spy_option.contract,mark:null!=e.spy_option.entry_prem?""$"".concat(e.spy_option.entry_prem.toFixed(2)):void 0,maxReturn:e.spy_option.max_return,maxAvg:e.spy_option.max_avg,managedReturn:e.spy_option.managed_return,peakTime:e.spy_option.peak_time,lifecycle:e.spy_option.lifecycle,premSeries:e.spy_option.prem_series,premLevels:e.spy_option.prem_levels?{...e.spy_option.prem_levels,prem:!0}:void 0,",":e.spy_option.limit_plan,armed:e.spy_option.playbook?{spread_pct:e.spy_option.playbook.spread_pct,skipped_entry:e.spy_option.playbook.skipped_entry}:void 0,playbook:e.spy_option.playbook,gradeSrc:e.spy_option.grade_src}}}}let rE={heatseeker:{name:""Heatseeker"",color:""#f97316""},flowseeker:{name:""Flowseeker"",color:""#90bff9""},atlas:{name:""Atlas"",color:""#22d3ee""},nexus:{name:""Nexus"",color:""#a855f7""},talon:{name:""Falcon"",color:rN}},rM=[{src:""atlas"",time:""09:41"",msg:(0,r.jsxs)(r.Fragment,{children:[""VWAP reclaim confirmed at "",(0,r.jsx)(""b"",{children:""578.21""})]})},{src:""heatseeker"",time:""09:41"",msg:(0,r.jsxs)(r.Fragment,{children:[""Gamma flip crossed up through "",(0,r.jsx)(""b"",{children:""577.40""})"
1536-064f08115df39c50.js,limitPlan,8,21,187434,1,limit_plan,"levels,prem:!0}:void 0,limitPlan:e.qqq_option.limit_plan,armed:e.qqq_option.playbook?{spread_pct:e.qqq_option.playbook.spread_pct,skipped_entry:e.qqq_option.playbook.skipped_entry}:void 0,playbook:e.qqq_option.playbook,gradeSrc:e.qqq_option.grade_src},SPY:e.spy_option&&{contract:e.spy_option.contract,mark:null!=e.spy_option.entry_prem?""$"".concat(e.spy_option.entry_prem.toFixed(2)):void 0,maxReturn:e.spy_option.max_return,maxAvg:e.spy_option.max_avg,managedReturn:e.spy_option.managed_return,peakTime:e.spy_option.peak_time,lifecycle:e.spy_option.lifecycle,premSeries:e.spy_option.prem_series,premLevels:e.spy_option.prem_levels?{...e.spy_option.prem_levels,prem:!0}:void 0,limitPlan:e.spy_option.",",armed:e.spy_option.playbook?{spread_pct:e.spy_option.playbook.spread_pct,skipped_entry:e.spy_option.playbook.skipped_entry}:void 0,playbook:e.spy_option.playbook,gradeSrc:e.spy_option.grade_src}}}}let rE={heatseeker:{name:""Heatseeker"",color:""#f97316""},flowseeker:{name:""Flowseeker"",color:""#90bff9""},atlas:{name:""Atlas"",color:""#22d3ee""},nexus:{name:""Nexus"",color:""#a855f7""},talon:{name:""Falcon"",color:rN}},rM=[{src:""atlas"",time:""09:41"",msg:(0,r.jsxs)(r.Fragment,{children:[""VWAP reclaim confirmed at "",(0,r.jsx)(""b"",{children:""578.21""})]})},{src:""heatseeker"",time:""09:41"",msg:(0,r.jsxs)(r.Fragment,{children:[""Gamma flip crossed up through "",(0,r.jsx)(""b"",{children:""577.40""})]})},{src:""flowseeker"",t"
1536-064f08115df39c50.js,armed,5,43,187445,1,armed,":!0}:void 0,limitPlan:e.qqq_option.limit_plan,armed:e.qqq_option.playbook?{spread_pct:e.qqq_option.playbook.spread_pct,skipped_entry:e.qqq_option.playbook.skipped_entry}:void 0,playbook:e.qqq_option.playbook,gradeSrc:e.qqq_option.grade_src},SPY:e.spy_option&&{contract:e.spy_option.contract,mark:null!=e.spy_option.entry_prem?""$"".concat(e.spy_option.entry_prem.toFixed(2)):void 0,maxReturn:e.spy_option.max_return,maxAvg:e.spy_option.max_avg,managedReturn:e.spy_option.managed_return,peakTime:e.spy_option.peak_time,lifecycle:e.spy_option.lifecycle,premSeries:e.spy_option.prem_series,premLevels:e.spy_option.prem_levels?{...e.spy_option.prem_levels,prem:!0}:void 0,limitPlan:e.spy_option.limit_plan,",":e.spy_option.playbook?{spread_pct:e.spy_option.playbook.spread_pct,skipped_entry:e.spy_option.playbook.skipped_entry}:void 0,playbook:e.spy_option.playbook,gradeSrc:e.spy_option.grade_src}}}}let rE={heatseeker:{name:""Heatseeker"",color:""#f97316""},flowseeker:{name:""Flowseeker"",color:""#90bff9""},atlas:{name:""Atlas"",color:""#22d3ee""},nexus:{name:""Nexus"",color:""#a855f7""},talon:{name:""Falcon"",color:rN}},rM=[{src:""atlas"",time:""09:41"",msg:(0,r.jsxs)(r.Fragment,{children:[""VWAP reclaim confirmed at "",(0,r.jsx)(""b"",{children:""578.21""})]})},{src:""heatseeker"",time:""09:41"",msg:(0,r.jsxs)(r.Fragment,{children:[""Gamma flip crossed up through "",(0,r.jsx)(""b"",{children:""577.40""})]})},{src:""flowseeker"",time:""0"
1536-064f08115df39c50.js,playbook,15,77,187464,1,playbook,"an:e.qqq_option.limit_plan,armed:e.qqq_option.playbook?{spread_pct:e.qqq_option.playbook.spread_pct,skipped_entry:e.qqq_option.playbook.skipped_entry}:void 0,playbook:e.qqq_option.playbook,gradeSrc:e.qqq_option.grade_src},SPY:e.spy_option&&{contract:e.spy_option.contract,mark:null!=e.spy_option.entry_prem?""$"".concat(e.spy_option.entry_prem.toFixed(2)):void 0,maxReturn:e.spy_option.max_return,maxAvg:e.spy_option.max_avg,managedReturn:e.spy_option.managed_return,peakTime:e.spy_option.peak_time,lifecycle:e.spy_option.lifecycle,premSeries:e.spy_option.prem_series,premLevels:e.spy_option.prem_levels?{...e.spy_option.prem_levels,prem:!0}:void 0,limitPlan:e.spy_option.limit_plan,armed:e.spy_option.","?{spread_pct:e.spy_option.playbook.spread_pct,skipped_entry:e.spy_option.playbook.skipped_entry}:void 0,playbook:e.spy_option.playbook,gradeSrc:e.spy_option.grade_src}}}}let rE={heatseeker:{name:""Heatseeker"",color:""#f97316""},flowseeker:{name:""Flowseeker"",color:""#90bff9""},atlas:{name:""Atlas"",color:""#22d3ee""},nexus:{name:""Nexus"",color:""#a855f7""},talon:{name:""Falcon"",color:rN}},rM=[{src:""atlas"",time:""09:41"",msg:(0,r.jsxs)(r.Fragment,{children:[""VWAP reclaim confirmed at "",(0,r.jsx)(""b"",{children:""578.21""})]})},{src:""heatseeker"",time:""09:41"",msg:(0,r.jsxs)(r.Fragment,{children:[""Gamma flip crossed up through "",(0,r.jsx)(""b"",{children:""577.40""})]})},{src:""flowseeker"",time:""09:42"",msg:(0,r.jsxs)(r"
1536-064f08115df39c50.js,spread_pct,5,9,187474,1,spread_pct,"ption.limit_plan,armed:e.qqq_option.playbook?{spread_pct:e.qqq_option.playbook.spread_pct,skipped_entry:e.qqq_option.playbook.skipped_entry}:void 0,playbook:e.qqq_option.playbook,gradeSrc:e.qqq_option.grade_src},SPY:e.spy_option&&{contract:e.spy_option.contract,mark:null!=e.spy_option.entry_prem?""$"".concat(e.spy_option.entry_prem.toFixed(2)):void 0,maxReturn:e.spy_option.max_return,maxAvg:e.spy_option.max_avg,managedReturn:e.spy_option.managed_return,peakTime:e.spy_option.peak_time,lifecycle:e.spy_option.lifecycle,premSeries:e.spy_option.prem_series,premLevels:e.spy_option.prem_levels?{...e.spy_option.prem_levels,prem:!0}:void 0,limitPlan:e.spy_option.limit_plan,armed:e.spy_option.playbook?{",":e.spy_option.playbook.spread_pct,skipped_entry:e.spy_option.playbook.skipped_entry}:void 0,playbook:e.spy_option.playbook,gradeSrc:e.spy_option.grade_src}}}}let rE={heatseeker:{name:""Heatseeker"",color:""#f97316""},flowseeker:{name:""Flowseeker"",color:""#90bff9""},atlas:{name:""Atlas"",color:""#22d3ee""},nexus:{name:""Nexus"",color:""#a855f7""},talon:{name:""Falcon"",color:rN}},rM=[{src:""atlas"",time:""09:41"",msg:(0,r.jsxs)(r.Fragment,{children:[""VWAP reclaim confirmed at "",(0,r.jsx)(""b"",{children:""578.21""})]})},{src:""heatseeker"",time:""09:41"",msg:(0,r.jsxs)(r.Fragment,{children:[""Gamma flip crossed up through "",(0,r.jsx)(""b"",{children:""577.40""})]})},{src:""flowseeker"",time:""09:42"",msg:(0,r.jsxs)(r.Fragment,{c"
1536-064f08115df39c50.js,playbook,16,77,187498,1,playbook,".qqq_option.playbook?{spread_pct:e.qqq_option.playbook.spread_pct,skipped_entry:e.qqq_option.playbook.skipped_entry}:void 0,playbook:e.qqq_option.playbook,gradeSrc:e.qqq_option.grade_src},SPY:e.spy_option&&{contract:e.spy_option.contract,mark:null!=e.spy_option.entry_prem?""$"".concat(e.spy_option.entry_prem.toFixed(2)):void 0,maxReturn:e.spy_option.max_return,maxAvg:e.spy_option.max_avg,managedReturn:e.spy_option.managed_return,peakTime:e.spy_option.peak_time,lifecycle:e.spy_option.lifecycle,premSeries:e.spy_option.prem_series,premLevels:e.spy_option.prem_levels?{...e.spy_option.prem_levels,prem:!0}:void 0,limitPlan:e.spy_option.limit_plan,armed:e.spy_option.playbook?{spread_pct:e.spy_option.",".spread_pct,skipped_entry:e.spy_option.playbook.skipped_entry}:void 0,playbook:e.spy_option.playbook,gradeSrc:e.spy_option.grade_src}}}}let rE={heatseeker:{name:""Heatseeker"",color:""#f97316""},flowseeker:{name:""Flowseeker"",color:""#90bff9""},atlas:{name:""Atlas"",color:""#22d3ee""},nexus:{name:""Nexus"",color:""#a855f7""},talon:{name:""Falcon"",color:rN}},rM=[{src:""atlas"",time:""09:41"",msg:(0,r.jsxs)(r.Fragment,{children:[""VWAP reclaim confirmed at "",(0,r.jsx)(""b"",{children:""578.21""})]})},{src:""heatseeker"",time:""09:41"",msg:(0,r.jsxs)(r.Fragment,{children:[""Gamma flip crossed up through "",(0,r.jsx)(""b"",{children:""577.40""})]})},{src:""flowseeker"",time:""09:42"",msg:(0,r.jsxs)(r.Fragment,{children:[(0,r.jsx)(""b"""
1536-064f08115df39c50.js,spread_pct,6,9,187507,1,spread_pct,"on.playbook?{spread_pct:e.qqq_option.playbook.spread_pct,skipped_entry:e.qqq_option.playbook.skipped_entry}:void 0,playbook:e.qqq_option.playbook,gradeSrc:e.qqq_option.grade_src},SPY:e.spy_option&&{contract:e.spy_option.contract,mark:null!=e.spy_option.entry_prem?""$"".concat(e.spy_option.entry_prem.toFixed(2)):void 0,maxReturn:e.spy_option.max_return,maxAvg:e.spy_option.max_avg,managedReturn:e.spy_option.managed_return,peakTime:e.spy_option.peak_time,lifecycle:e.spy_option.lifecycle,premSeries:e.spy_option.prem_series,premLevels:e.spy_option.prem_levels?{...e.spy_option.prem_levels,prem:!0}:void 0,limitPlan:e.spy_option.limit_plan,armed:e.spy_option.playbook?{spread_pct:e.spy_option.playbook.",",skipped_entry:e.spy_option.playbook.skipped_entry}:void 0,playbook:e.spy_option.playbook,gradeSrc:e.spy_option.grade_src}}}}let rE={heatseeker:{name:""Heatseeker"",color:""#f97316""},flowseeker:{name:""Flowseeker"",color:""#90bff9""},atlas:{name:""Atlas"",color:""#22d3ee""},nexus:{name:""Nexus"",color:""#a855f7""},talon:{name:""Falcon"",color:rN}},rM=[{src:""atlas"",time:""09:41"",msg:(0,r.jsxs)(r.Fragment,{children:[""VWAP reclaim confirmed at "",(0,r.jsx)(""b"",{children:""578.21""})]})},{src:""heatseeker"",time:""09:41"",msg:(0,r.jsxs)(r.Fragment,{children:[""Gamma flip crossed up through "",(0,r.jsx)(""b"",{children:""577.40""})]})},{src:""flowseeker"",time:""09:42"",msg:(0,r.jsxs)(r.Fragment,{children:[(0,r.jsx)(""b"",{children:"
1536-064f08115df39c50.js,skipped_entry,5,12,187518,1,skipped_entry,"?{spread_pct:e.qqq_option.playbook.spread_pct,skipped_entry:e.qqq_option.playbook.skipped_entry}:void 0,playbook:e.qqq_option.playbook,gradeSrc:e.qqq_option.grade_src},SPY:e.spy_option&&{contract:e.spy_option.contract,mark:null!=e.spy_option.entry_prem?""$"".concat(e.spy_option.entry_prem.toFixed(2)):void 0,maxReturn:e.spy_option.max_return,maxAvg:e.spy_option.max_avg,managedReturn:e.spy_option.managed_return,peakTime:e.spy_option.peak_time,lifecycle:e.spy_option.lifecycle,premSeries:e.spy_option.prem_series,premLevels:e.spy_option.prem_levels?{...e.spy_option.prem_levels,prem:!0}:void 0,limitPlan:e.spy_option.limit_plan,armed:e.spy_option.playbook?{spread_pct:e.spy_option.playbook.spread_pct,",":e.spy_option.playbook.skipped_entry}:void 0,playbook:e.spy_option.playbook,gradeSrc:e.spy_option.grade_src}}}}let rE={heatseeker:{name:""Heatseeker"",color:""#f97316""},flowseeker:{name:""Flowseeker"",color:""#90bff9""},atlas:{name:""Atlas"",color:""#22d3ee""},nexus:{name:""Nexus"",color:""#a855f7""},talon:{name:""Falcon"",color:rN}},rM=[{src:""atlas"",time:""09:41"",msg:(0,r.jsxs)(r.Fragment,{children:[""VWAP reclaim confirmed at "",(0,r.jsx)(""b"",{children:""578.21""})]})},{src:""heatseeker"",time:""09:41"",msg:(0,r.jsxs)(r.Fragment,{children:[""Gamma flip crossed up through "",(0,r.jsx)(""b"",{children:""577.40""})]})},{src:""flowseeker"",time:""09:42"",msg:(0,r.jsxs)(r.Fragment,{children:[(0,r.jsx)(""b"",{children:""+$2.1M""}),"" c"
1536-064f08115df39c50.js,playbook,17,77,187545,1,playbook,"laybook.spread_pct,skipped_entry:e.qqq_option.playbook.skipped_entry}:void 0,playbook:e.qqq_option.playbook,gradeSrc:e.qqq_option.grade_src},SPY:e.spy_option&&{contract:e.spy_option.contract,mark:null!=e.spy_option.entry_prem?""$"".concat(e.spy_option.entry_prem.toFixed(2)):void 0,maxReturn:e.spy_option.max_return,maxAvg:e.spy_option.max_avg,managedReturn:e.spy_option.managed_return,peakTime:e.spy_option.peak_time,lifecycle:e.spy_option.lifecycle,premSeries:e.spy_option.prem_series,premLevels:e.spy_option.prem_levels?{...e.spy_option.prem_levels,prem:!0}:void 0,limitPlan:e.spy_option.limit_plan,armed:e.spy_option.playbook?{spread_pct:e.spy_option.playbook.spread_pct,skipped_entry:e.spy_option.",".skipped_entry}:void 0,playbook:e.spy_option.playbook,gradeSrc:e.spy_option.grade_src}}}}let rE={heatseeker:{name:""Heatseeker"",color:""#f97316""},flowseeker:{name:""Flowseeker"",color:""#90bff9""},atlas:{name:""Atlas"",color:""#22d3ee""},nexus:{name:""Nexus"",color:""#a855f7""},talon:{name:""Falcon"",color:rN}},rM=[{src:""atlas"",time:""09:41"",msg:(0,r.jsxs)(r.Fragment,{children:[""VWAP reclaim confirmed at "",(0,r.jsx)(""b"",{children:""578.21""})]})},{src:""heatseeker"",time:""09:41"",msg:(0,r.jsxs)(r.Fragment,{children:[""Gamma flip crossed up through "",(0,r.jsx)(""b"",{children:""577.40""})]})},{src:""flowseeker"",time:""09:42"",msg:(0,r.jsxs)(r.Fragment,{children:[(0,r.jsx)(""b"",{children:""+$2.1M""}),"" call sweep \xb7 "",(0,r."
1536-064f08115df39c50.js,skipped_entry,6,12,187554,1,skipped_entry,"pread_pct,skipped_entry:e.qqq_option.playbook.skipped_entry}:void 0,playbook:e.qqq_option.playbook,gradeSrc:e.qqq_option.grade_src},SPY:e.spy_option&&{contract:e.spy_option.contract,mark:null!=e.spy_option.entry_prem?""$"".concat(e.spy_option.entry_prem.toFixed(2)):void 0,maxReturn:e.spy_option.max_return,maxAvg:e.spy_option.max_avg,managedReturn:e.spy_option.managed_return,peakTime:e.spy_option.peak_time,lifecycle:e.spy_option.lifecycle,premSeries:e.spy_option.prem_series,premLevels:e.spy_option.prem_levels?{...e.spy_option.prem_levels,prem:!0}:void 0,limitPlan:e.spy_option.limit_plan,armed:e.spy_option.playbook?{spread_pct:e.spy_option.playbook.spread_pct,skipped_entry:e.spy_option.playbook.","}:void 0,playbook:e.spy_option.playbook,gradeSrc:e.spy_option.grade_src}}}}let rE={heatseeker:{name:""Heatseeker"",color:""#f97316""},flowseeker:{name:""Flowseeker"",color:""#90bff9""},atlas:{name:""Atlas"",color:""#22d3ee""},nexus:{name:""Nexus"",color:""#a855f7""},talon:{name:""Falcon"",color:rN}},rM=[{src:""atlas"",time:""09:41"",msg:(0,r.jsxs)(r.Fragment,{children:[""VWAP reclaim confirmed at "",(0,r.jsx)(""b"",{children:""578.21""})]})},{src:""heatseeker"",time:""09:41"",msg:(0,r.jsxs)(r.Fragment,{children:[""Gamma flip crossed up through "",(0,r.jsx)(""b"",{children:""577.40""})]})},{src:""flowseeker"",time:""09:42"",msg:(0,r.jsxs)(r.Fragment,{children:[(0,r.jsx)(""b"",{children:""+$2.1M""}),"" call sweep \xb7 "",(0,r.jsx)(rz,{child"
1536-064f08115df39c50.js,playbook,18,77,187576,1,playbook,"y:e.qqq_option.playbook.skipped_entry}:void 0,playbook:e.qqq_option.playbook,gradeSrc:e.qqq_option.grade_src},SPY:e.spy_option&&{contract:e.spy_option.contract,mark:null!=e.spy_option.entry_prem?""$"".concat(e.spy_option.entry_prem.toFixed(2)):void 0,maxReturn:e.spy_option.max_return,maxAvg:e.spy_option.max_avg,managedReturn:e.spy_option.managed_return,peakTime:e.spy_option.peak_time,lifecycle:e.spy_option.lifecycle,premSeries:e.spy_option.prem_series,premLevels:e.spy_option.prem_levels?{...e.spy_option.prem_levels,prem:!0}:void 0,limitPlan:e.spy_option.limit_plan,armed:e.spy_option.playbook?{spread_pct:e.spy_option.playbook.spread_pct,skipped_entry:e.spy_option.playbook.skipped_entry}:void 0,",":e.spy_option.playbook,gradeSrc:e.spy_option.grade_src}}}}let rE={heatseeker:{name:""Heatseeker"",color:""#f97316""},flowseeker:{name:""Flowseeker"",color:""#90bff9""},atlas:{name:""Atlas"",color:""#22d3ee""},nexus:{name:""Nexus"",color:""#a855f7""},talon:{name:""Falcon"",color:rN}},rM=[{src:""atlas"",time:""09:41"",msg:(0,r.jsxs)(r.Fragment,{children:[""VWAP reclaim confirmed at "",(0,r.jsx)(""b"",{children:""578.21""})]})},{src:""heatseeker"",time:""09:41"",msg:(0,r.jsxs)(r.Fragment,{children:[""Gamma flip crossed up through "",(0,r.jsx)(""b"",{children:""577.40""})]})},{src:""flowseeker"",time:""09:42"",msg:(0,r.jsxs)(r.Fragment,{children:[(0,r.jsx)(""b"",{children:""+$2.1M""}),"" call sweep \xb7 "",(0,r.jsx)(rz,{children:""$SPY""}),"" 58"
1536-064f08115df39c50.js,playbook,19,77,187598,1,playbook,"k.skipped_entry}:void 0,playbook:e.qqq_option.playbook,gradeSrc:e.qqq_option.grade_src},SPY:e.spy_option&&{contract:e.spy_option.contract,mark:null!=e.spy_option.entry_prem?""$"".concat(e.spy_option.entry_prem.toFixed(2)):void 0,maxReturn:e.spy_option.max_return,maxAvg:e.spy_option.max_avg,managedReturn:e.spy_option.managed_return,peakTime:e.spy_option.peak_time,lifecycle:e.spy_option.lifecycle,premSeries:e.spy_option.prem_series,premLevels:e.spy_option.prem_levels?{...e.spy_option.prem_levels,prem:!0}:void 0,limitPlan:e.spy_option.limit_plan,armed:e.spy_option.playbook?{spread_pct:e.spy_option.playbook.spread_pct,skipped_entry:e.spy_option.playbook.skipped_entry}:void 0,playbook:e.spy_option.",",gradeSrc:e.spy_option.grade_src}}}}let rE={heatseeker:{name:""Heatseeker"",color:""#f97316""},flowseeker:{name:""Flowseeker"",color:""#90bff9""},atlas:{name:""Atlas"",color:""#22d3ee""},nexus:{name:""Nexus"",color:""#a855f7""},talon:{name:""Falcon"",color:rN}},rM=[{src:""atlas"",time:""09:41"",msg:(0,r.jsxs)(r.Fragment,{children:[""VWAP reclaim confirmed at "",(0,r.jsx)(""b"",{children:""578.21""})]})},{src:""heatseeker"",time:""09:41"",msg:(0,r.jsxs)(r.Fragment,{children:[""Gamma flip crossed up through "",(0,r.jsx)(""b"",{children:""577.40""})]})},{src:""flowseeker"",time:""09:42"",msg:(0,r.jsxs)(r.Fragment,{children:[(0,r.jsx)(""b"",{children:""+$2.1M""}),"" call sweep \xb7 "",(0,r.jsx)(rz,{children:""$SPY""}),"" 580C""]})},{src:""heatseek"
1536-064f08115df39c50.js,heatseeker,20,39,187650,1,heatseeker,"ok,gradeSrc:e.qqq_option.grade_src},SPY:e.spy_option&&{contract:e.spy_option.contract,mark:null!=e.spy_option.entry_prem?""$"".concat(e.spy_option.entry_prem.toFixed(2)):void 0,maxReturn:e.spy_option.max_return,maxAvg:e.spy_option.max_avg,managedReturn:e.spy_option.managed_return,peakTime:e.spy_option.peak_time,lifecycle:e.spy_option.lifecycle,premSeries:e.spy_option.prem_series,premLevels:e.spy_option.prem_levels?{...e.spy_option.prem_levels,prem:!0}:void 0,limitPlan:e.spy_option.limit_plan,armed:e.spy_option.playbook?{spread_pct:e.spy_option.playbook.spread_pct,skipped_entry:e.spy_option.playbook.skipped_entry}:void 0,playbook:e.spy_option.playbook,gradeSrc:e.spy_option.grade_src}}}}let rE={",":{name:""Heatseeker"",color:""#f97316""},flowseeker:{name:""Flowseeker"",color:""#90bff9""},atlas:{name:""Atlas"",color:""#22d3ee""},nexus:{name:""Nexus"",color:""#a855f7""},talon:{name:""Falcon"",color:rN}},rM=[{src:""atlas"",time:""09:41"",msg:(0,r.jsxs)(r.Fragment,{children:[""VWAP reclaim confirmed at "",(0,r.jsx)(""b"",{children:""578.21""})]})},{src:""heatseeker"",time:""09:41"",msg:(0,r.jsxs)(r.Fragment,{children:[""Gamma flip crossed up through "",(0,r.jsx)(""b"",{children:""577.40""})]})},{src:""flowseeker"",time:""09:42"",msg:(0,r.jsxs)(r.Fragment,{children:[(0,r.jsx)(""b"",{children:""+$2.1M""}),"" call sweep \xb7 "",(0,r.jsx)(rz,{children:""$SPY""}),"" 580C""]})},{src:""heatseeker"",time:""09:42"",msg:(0,r.jsxs)(r.Fragment,{children:["
1536-064f08115df39c50.js,heatseeker,21,39,187668,1,Heatseeker,"option.grade_src},SPY:e.spy_option&&{contract:e.spy_option.contract,mark:null!=e.spy_option.entry_prem?""$"".concat(e.spy_option.entry_prem.toFixed(2)):void 0,maxReturn:e.spy_option.max_return,maxAvg:e.spy_option.max_avg,managedReturn:e.spy_option.managed_return,peakTime:e.spy_option.peak_time,lifecycle:e.spy_option.lifecycle,premSeries:e.spy_option.prem_series,premLevels:e.spy_option.prem_levels?{...e.spy_option.prem_levels,prem:!0}:void 0,limitPlan:e.spy_option.limit_plan,armed:e.spy_option.playbook?{spread_pct:e.spy_option.playbook.spread_pct,skipped_entry:e.spy_option.playbook.skipped_entry}:void 0,playbook:e.spy_option.playbook,gradeSrc:e.spy_option.grade_src}}}}let rE={heatseeker:{name:""",""",color:""#f97316""},flowseeker:{name:""Flowseeker"",color:""#90bff9""},atlas:{name:""Atlas"",color:""#22d3ee""},nexus:{name:""Nexus"",color:""#a855f7""},talon:{name:""Falcon"",color:rN}},rM=[{src:""atlas"",time:""09:41"",msg:(0,r.jsxs)(r.Fragment,{children:[""VWAP reclaim confirmed at "",(0,r.jsx)(""b"",{children:""578.21""})]})},{src:""heatseeker"",time:""09:41"",msg:(0,r.jsxs)(r.Fragment,{children:[""Gamma flip crossed up through "",(0,r.jsx)(""b"",{children:""577.40""})]})},{src:""flowseeker"",time:""09:42"",msg:(0,r.jsxs)(r.Fragment,{children:[(0,r.jsx)(""b"",{children:""+$2.1M""}),"" call sweep \xb7 "",(0,r.jsx)(rz,{children:""$SPY""}),"" 580C""]})},{src:""heatseeker"",time:""09:42"",msg:(0,r.jsxs)(r.Fragment,{children:[""King-node pin str"
1536-064f08115df39c50.js,flowseeker,9,39,187697,1,flowseeker,"ption&&{contract:e.spy_option.contract,mark:null!=e.spy_option.entry_prem?""$"".concat(e.spy_option.entry_prem.toFixed(2)):void 0,maxReturn:e.spy_option.max_return,maxAvg:e.spy_option.max_avg,managedReturn:e.spy_option.managed_return,peakTime:e.spy_option.peak_time,lifecycle:e.spy_option.lifecycle,premSeries:e.spy_option.prem_series,premLevels:e.spy_option.prem_levels?{...e.spy_option.prem_levels,prem:!0}:void 0,limitPlan:e.spy_option.limit_plan,armed:e.spy_option.playbook?{spread_pct:e.spy_option.playbook.spread_pct,skipped_entry:e.spy_option.playbook.skipped_entry}:void 0,playbook:e.spy_option.playbook,gradeSrc:e.spy_option.grade_src}}}}let rE={heatseeker:{name:""Heatseeker"",color:""#f97316""},",":{name:""Flowseeker"",color:""#90bff9""},atlas:{name:""Atlas"",color:""#22d3ee""},nexus:{name:""Nexus"",color:""#a855f7""},talon:{name:""Falcon"",color:rN}},rM=[{src:""atlas"",time:""09:41"",msg:(0,r.jsxs)(r.Fragment,{children:[""VWAP reclaim confirmed at "",(0,r.jsx)(""b"",{children:""578.21""})]})},{src:""heatseeker"",time:""09:41"",msg:(0,r.jsxs)(r.Fragment,{children:[""Gamma flip crossed up through "",(0,r.jsx)(""b"",{children:""577.40""})]})},{src:""flowseeker"",time:""09:42"",msg:(0,r.jsxs)(r.Fragment,{children:[(0,r.jsx)(""b"",{children:""+$2.1M""}),"" call sweep \xb7 "",(0,r.jsx)(rz,{children:""$SPY""}),"" 580C""]})},{src:""heatseeker"",time:""09:42"",msg:(0,r.jsxs)(r.Fragment,{children:[""King-node pin strengthening at "",(0,r.jsx)(""b"""
1536-064f08115df39c50.js,flowseeker,10,39,187715,1,Flowseeker,".spy_option.contract,mark:null!=e.spy_option.entry_prem?""$"".concat(e.spy_option.entry_prem.toFixed(2)):void 0,maxReturn:e.spy_option.max_return,maxAvg:e.spy_option.max_avg,managedReturn:e.spy_option.managed_return,peakTime:e.spy_option.peak_time,lifecycle:e.spy_option.lifecycle,premSeries:e.spy_option.prem_series,premLevels:e.spy_option.prem_levels?{...e.spy_option.prem_levels,prem:!0}:void 0,limitPlan:e.spy_option.limit_plan,armed:e.spy_option.playbook?{spread_pct:e.spy_option.playbook.spread_pct,skipped_entry:e.spy_option.playbook.skipped_entry}:void 0,playbook:e.spy_option.playbook,gradeSrc:e.spy_option.grade_src}}}}let rE={heatseeker:{name:""Heatseeker"",color:""#f97316""},flowseeker:{name:""",""",color:""#90bff9""},atlas:{name:""Atlas"",color:""#22d3ee""},nexus:{name:""Nexus"",color:""#a855f7""},talon:{name:""Falcon"",color:rN}},rM=[{src:""atlas"",time:""09:41"",msg:(0,r.jsxs)(r.Fragment,{children:[""VWAP reclaim confirmed at "",(0,r.jsx)(""b"",{children:""578.21""})]})},{src:""heatseeker"",time:""09:41"",msg:(0,r.jsxs)(r.Fragment,{children:[""Gamma flip crossed up through "",(0,r.jsx)(""b"",{children:""577.40""})]})},{src:""flowseeker"",time:""09:42"",msg:(0,r.jsxs)(r.Fragment,{children:[(0,r.jsx)(""b"",{children:""+$2.1M""}),"" call sweep \xb7 "",(0,r.jsx)(rz,{children:""$SPY""}),"" 580C""]})},{src:""heatseeker"",time:""09:42"",msg:(0,r.jsxs)(r.Fragment,{children:[""King-node pin strengthening at "",(0,r.jsx)(""b"",{children:""580.00"
1536-064f08115df39c50.js,atlas,15,30,187744,1,atlas,"l!=e.spy_option.entry_prem?""$"".concat(e.spy_option.entry_prem.toFixed(2)):void 0,maxReturn:e.spy_option.max_return,maxAvg:e.spy_option.max_avg,managedReturn:e.spy_option.managed_return,peakTime:e.spy_option.peak_time,lifecycle:e.spy_option.lifecycle,premSeries:e.spy_option.prem_series,premLevels:e.spy_option.prem_levels?{...e.spy_option.prem_levels,prem:!0}:void 0,limitPlan:e.spy_option.limit_plan,armed:e.spy_option.playbook?{spread_pct:e.spy_option.playbook.spread_pct,skipped_entry:e.spy_option.playbook.skipped_entry}:void 0,playbook:e.spy_option.playbook,gradeSrc:e.spy_option.grade_src}}}}let rE={heatseeker:{name:""Heatseeker"",color:""#f97316""},flowseeker:{name:""Flowseeker"",color:""#90bff9""},",":{name:""Atlas"",color:""#22d3ee""},nexus:{name:""Nexus"",color:""#a855f7""},talon:{name:""Falcon"",color:rN}},rM=[{src:""atlas"",time:""09:41"",msg:(0,r.jsxs)(r.Fragment,{children:[""VWAP reclaim confirmed at "",(0,r.jsx)(""b"",{children:""578.21""})]})},{src:""heatseeker"",time:""09:41"",msg:(0,r.jsxs)(r.Fragment,{children:[""Gamma flip crossed up through "",(0,r.jsx)(""b"",{children:""577.40""})]})},{src:""flowseeker"",time:""09:42"",msg:(0,r.jsxs)(r.Fragment,{children:[(0,r.jsx)(""b"",{children:""+$2.1M""}),"" call sweep \xb7 "",(0,r.jsx)(rz,{children:""$SPY""}),"" 580C""]})},{src:""heatseeker"",time:""09:42"",msg:(0,r.jsxs)(r.Fragment,{children:[""King-node pin strengthening at "",(0,r.jsx)(""b"",{children:""580.00""})]})},{src:""talon"",tim"
1536-064f08115df39c50.js,atlas,16,30,187757,1,Atlas,"on.entry_prem?""$"".concat(e.spy_option.entry_prem.toFixed(2)):void 0,maxReturn:e.spy_option.max_return,maxAvg:e.spy_option.max_avg,managedReturn:e.spy_option.managed_return,peakTime:e.spy_option.peak_time,lifecycle:e.spy_option.lifecycle,premSeries:e.spy_option.prem_series,premLevels:e.spy_option.prem_levels?{...e.spy_option.prem_levels,prem:!0}:void 0,limitPlan:e.spy_option.limit_plan,armed:e.spy_option.playbook?{spread_pct:e.spy_option.playbook.spread_pct,skipped_entry:e.spy_option.playbook.skipped_entry}:void 0,playbook:e.spy_option.playbook,gradeSrc:e.spy_option.grade_src}}}}let rE={heatseeker:{name:""Heatseeker"",color:""#f97316""},flowseeker:{name:""Flowseeker"",color:""#90bff9""},atlas:{name:""",""",color:""#22d3ee""},nexus:{name:""Nexus"",color:""#a855f7""},talon:{name:""Falcon"",color:rN}},rM=[{src:""atlas"",time:""09:41"",msg:(0,r.jsxs)(r.Fragment,{children:[""VWAP reclaim confirmed at "",(0,r.jsx)(""b"",{children:""578.21""})]})},{src:""heatseeker"",time:""09:41"",msg:(0,r.jsxs)(r.Fragment,{children:[""Gamma flip crossed up through "",(0,r.jsx)(""b"",{children:""577.40""})]})},{src:""flowseeker"",time:""09:42"",msg:(0,r.jsxs)(r.Fragment,{children:[(0,r.jsx)(""b"",{children:""+$2.1M""}),"" call sweep \xb7 "",(0,r.jsx)(rz,{children:""$SPY""}),"" 580C""]})},{src:""heatseeker"",time:""09:42"",msg:(0,r.jsxs)(r.Fragment,{children:[""King-node pin strengthening at "",(0,r.jsx)(""b"",{children:""580.00""})]})},{src:""talon"",time:""09:42"",msg"
1536-064f08115df39c50.js,talon,68,125,187818,1,talon,"void 0,maxReturn:e.spy_option.max_return,maxAvg:e.spy_option.max_avg,managedReturn:e.spy_option.managed_return,peakTime:e.spy_option.peak_time,lifecycle:e.spy_option.lifecycle,premSeries:e.spy_option.prem_series,premLevels:e.spy_option.prem_levels?{...e.spy_option.prem_levels,prem:!0}:void 0,limitPlan:e.spy_option.limit_plan,armed:e.spy_option.playbook?{spread_pct:e.spy_option.playbook.spread_pct,skipped_entry:e.spy_option.playbook.skipped_entry}:void 0,playbook:e.spy_option.playbook,gradeSrc:e.spy_option.grade_src}}}}let rE={heatseeker:{name:""Heatseeker"",color:""#f97316""},flowseeker:{name:""Flowseeker"",color:""#90bff9""},atlas:{name:""Atlas"",color:""#22d3ee""},nexus:{name:""Nexus"",color:""#a855f7""},",":{name:""Falcon"",color:rN}},rM=[{src:""atlas"",time:""09:41"",msg:(0,r.jsxs)(r.Fragment,{children:[""VWAP reclaim confirmed at "",(0,r.jsx)(""b"",{children:""578.21""})]})},{src:""heatseeker"",time:""09:41"",msg:(0,r.jsxs)(r.Fragment,{children:[""Gamma flip crossed up through "",(0,r.jsx)(""b"",{children:""577.40""})]})},{src:""flowseeker"",time:""09:42"",msg:(0,r.jsxs)(r.Fragment,{children:[(0,r.jsx)(""b"",{children:""+$2.1M""}),"" call sweep \xb7 "",(0,r.jsx)(rz,{children:""$SPY""}),"" 580C""]})},{src:""heatseeker"",time:""09:42"",msg:(0,r.jsxs)(r.Fragment,{children:[""King-node pin strengthening at "",(0,r.jsx)(""b"",{children:""580.00""})]})},{src:""talon"",time:""09:42"",msg:(0,r.jsxs)(r.Fragment,{children:[""Graded "",(0,r.jsx)(""b"",{ch"
1536-064f08115df39c50.js,falcon,1,35,187831,1,Falcon,"urn:e.spy_option.max_return,maxAvg:e.spy_option.max_avg,managedReturn:e.spy_option.managed_return,peakTime:e.spy_option.peak_time,lifecycle:e.spy_option.lifecycle,premSeries:e.spy_option.prem_series,premLevels:e.spy_option.prem_levels?{...e.spy_option.prem_levels,prem:!0}:void 0,limitPlan:e.spy_option.limit_plan,armed:e.spy_option.playbook?{spread_pct:e.spy_option.playbook.spread_pct,skipped_entry:e.spy_option.playbook.skipped_entry}:void 0,playbook:e.spy_option.playbook,gradeSrc:e.spy_option.grade_src}}}}let rE={heatseeker:{name:""Heatseeker"",color:""#f97316""},flowseeker:{name:""Flowseeker"",color:""#90bff9""},atlas:{name:""Atlas"",color:""#22d3ee""},nexus:{name:""Nexus"",color:""#a855f7""},talon:{name:""",""",color:rN}},rM=[{src:""atlas"",time:""09:41"",msg:(0,r.jsxs)(r.Fragment,{children:[""VWAP reclaim confirmed at "",(0,r.jsx)(""b"",{children:""578.21""})]})},{src:""heatseeker"",time:""09:41"",msg:(0,r.jsxs)(r.Fragment,{children:[""Gamma flip crossed up through "",(0,r.jsx)(""b"",{children:""577.40""})]})},{src:""flowseeker"",time:""09:42"",msg:(0,r.jsxs)(r.Fragment,{children:[(0,r.jsx)(""b"",{children:""+$2.1M""}),"" call sweep \xb7 "",(0,r.jsx)(rz,{children:""$SPY""}),"" 580C""]})},{src:""heatseeker"",time:""09:42"",msg:(0,r.jsxs)(r.Fragment,{children:[""King-node pin strengthening at "",(0,r.jsx)(""b"",{children:""580.00""})]})},{src:""talon"",time:""09:42"",msg:(0,r.jsxs)(r.Fragment,{children:[""Graded "",(0,r.jsx)(""b"",{children:""A+""}),"
1536-064f08115df39c50.js,atlas,17,30,187860,1,atlas,"axAvg:e.spy_option.max_avg,managedReturn:e.spy_option.managed_return,peakTime:e.spy_option.peak_time,lifecycle:e.spy_option.lifecycle,premSeries:e.spy_option.prem_series,premLevels:e.spy_option.prem_levels?{...e.spy_option.prem_levels,prem:!0}:void 0,limitPlan:e.spy_option.limit_plan,armed:e.spy_option.playbook?{spread_pct:e.spy_option.playbook.spread_pct,skipped_entry:e.spy_option.playbook.skipped_entry}:void 0,playbook:e.spy_option.playbook,gradeSrc:e.spy_option.grade_src}}}}let rE={heatseeker:{name:""Heatseeker"",color:""#f97316""},flowseeker:{name:""Flowseeker"",color:""#90bff9""},atlas:{name:""Atlas"",color:""#22d3ee""},nexus:{name:""Nexus"",color:""#a855f7""},talon:{name:""Falcon"",color:rN}},rM=[{src:""",""",time:""09:41"",msg:(0,r.jsxs)(r.Fragment,{children:[""VWAP reclaim confirmed at "",(0,r.jsx)(""b"",{children:""578.21""})]})},{src:""heatseeker"",time:""09:41"",msg:(0,r.jsxs)(r.Fragment,{children:[""Gamma flip crossed up through "",(0,r.jsx)(""b"",{children:""577.40""})]})},{src:""flowseeker"",time:""09:42"",msg:(0,r.jsxs)(r.Fragment,{children:[(0,r.jsx)(""b"",{children:""+$2.1M""}),"" call sweep \xb7 "",(0,r.jsx)(rz,{children:""$SPY""}),"" 580C""]})},{src:""heatseeker"",time:""09:42"",msg:(0,r.jsxs)(r.Fragment,{children:[""King-node pin strengthening at "",(0,r.jsx)(""b"",{children:""580.00""})]})},{src:""talon"",time:""09:42"",msg:(0,r.jsxs)(r.Fragment,{children:[""Graded "",(0,r.jsx)(""b"",{children:""A+""}),"" \xb7 score "",(0,r.jsx)(""b"""
1536-064f08115df39c50.js,heatseeker,22,39,187991,1,heatseeker,"le,premSeries:e.spy_option.prem_series,premLevels:e.spy_option.prem_levels?{...e.spy_option.prem_levels,prem:!0}:void 0,limitPlan:e.spy_option.limit_plan,armed:e.spy_option.playbook?{spread_pct:e.spy_option.playbook.spread_pct,skipped_entry:e.spy_option.playbook.skipped_entry}:void 0,playbook:e.spy_option.playbook,gradeSrc:e.spy_option.grade_src}}}}let rE={heatseeker:{name:""Heatseeker"",color:""#f97316""},flowseeker:{name:""Flowseeker"",color:""#90bff9""},atlas:{name:""Atlas"",color:""#22d3ee""},nexus:{name:""Nexus"",color:""#a855f7""},talon:{name:""Falcon"",color:rN}},rM=[{src:""atlas"",time:""09:41"",msg:(0,r.jsxs)(r.Fragment,{children:[""VWAP reclaim confirmed at "",(0,r.jsx)(""b"",{children:""578.21""})]})},{src:""",""",time:""09:41"",msg:(0,r.jsxs)(r.Fragment,{children:[""Gamma flip crossed up through "",(0,r.jsx)(""b"",{children:""577.40""})]})},{src:""flowseeker"",time:""09:42"",msg:(0,r.jsxs)(r.Fragment,{children:[(0,r.jsx)(""b"",{children:""+$2.1M""}),"" call sweep \xb7 "",(0,r.jsx)(rz,{children:""$SPY""}),"" 580C""]})},{src:""heatseeker"",time:""09:42"",msg:(0,r.jsxs)(r.Fragment,{children:[""King-node pin strengthening at "",(0,r.jsx)(""b"",{children:""580.00""})]})},{src:""talon"",time:""09:42"",msg:(0,r.jsxs)(r.Fragment,{children:[""Graded "",(0,r.jsx)(""b"",{children:""A+""}),"" \xb7 score "",(0,r.jsx)(""b"",{children:""92""}),"" \xb7 confidence "",(0,r.jsx)(""b"",{children:""0.88""})]})}],rI=[{src:""flowseeker"",msg:(0,r.jsxs)(r.Fragment,{children:["""
1536-064f08115df39c50.js,gamma,6,12,188054,1,Gamma,"prem_levels?{...e.spy_option.prem_levels,prem:!0}:void 0,limitPlan:e.spy_option.limit_plan,armed:e.spy_option.playbook?{spread_pct:e.spy_option.playbook.spread_pct,skipped_entry:e.spy_option.playbook.skipped_entry}:void 0,playbook:e.spy_option.playbook,gradeSrc:e.spy_option.grade_src}}}}let rE={heatseeker:{name:""Heatseeker"",color:""#f97316""},flowseeker:{name:""Flowseeker"",color:""#90bff9""},atlas:{name:""Atlas"",color:""#22d3ee""},nexus:{name:""Nexus"",color:""#a855f7""},talon:{name:""Falcon"",color:rN}},rM=[{src:""atlas"",time:""09:41"",msg:(0,r.jsxs)(r.Fragment,{children:[""VWAP reclaim confirmed at "",(0,r.jsx)(""b"",{children:""578.21""})]})},{src:""heatseeker"",time:""09:41"",msg:(0,r.jsxs)(r.Fragment,{children:[""","flip crossed up through "",(0,r.jsx)(""b"",{children:""577.40""})]})},{src:""flowseeker"",time:""09:42"",msg:(0,r.jsxs)(r.Fragment,{children:[(0,r.jsx)(""b"",{children:""+$2.1M""}),"" call sweep \xb7 "",(0,r.jsx)(rz,{children:""$SPY""}),"" 580C""]})},{src:""heatseeker"",time:""09:42"",msg:(0,r.jsxs)(r.Fragment,{children:[""King-node pin strengthening at "",(0,r.jsx)(""b"",{children:""580.00""})]})},{src:""talon"",time:""09:42"",msg:(0,r.jsxs)(r.Fragment,{children:[""Graded "",(0,r.jsx)(""b"",{children:""A+""}),"" \xb7 score "",(0,r.jsx)(""b"",{children:""92""}),"" \xb7 confidence "",(0,r.jsx)(""b"",{children:""0.88""})]})}],rI=[{src:""flowseeker"",msg:(0,r.jsxs)(r.Fragment,{children:[""Block bid \xb7 "",(0,r.jsx)(rz,{children:""$QQQ""}),"" 502C""]}"
1536-064f08115df39c50.js,flowseeker,11,39,188131,1,flowseeker,"on.limit_plan,armed:e.spy_option.playbook?{spread_pct:e.spy_option.playbook.spread_pct,skipped_entry:e.spy_option.playbook.skipped_entry}:void 0,playbook:e.spy_option.playbook,gradeSrc:e.spy_option.grade_src}}}}let rE={heatseeker:{name:""Heatseeker"",color:""#f97316""},flowseeker:{name:""Flowseeker"",color:""#90bff9""},atlas:{name:""Atlas"",color:""#22d3ee""},nexus:{name:""Nexus"",color:""#a855f7""},talon:{name:""Falcon"",color:rN}},rM=[{src:""atlas"",time:""09:41"",msg:(0,r.jsxs)(r.Fragment,{children:[""VWAP reclaim confirmed at "",(0,r.jsx)(""b"",{children:""578.21""})]})},{src:""heatseeker"",time:""09:41"",msg:(0,r.jsxs)(r.Fragment,{children:[""Gamma flip crossed up through "",(0,r.jsx)(""b"",{children:""577.40""})]})},{src:""",""",time:""09:42"",msg:(0,r.jsxs)(r.Fragment,{children:[(0,r.jsx)(""b"",{children:""+$2.1M""}),"" call sweep \xb7 "",(0,r.jsx)(rz,{children:""$SPY""}),"" 580C""]})},{src:""heatseeker"",time:""09:42"",msg:(0,r.jsxs)(r.Fragment,{children:[""King-node pin strengthening at "",(0,r.jsx)(""b"",{children:""580.00""})]})},{src:""talon"",time:""09:42"",msg:(0,r.jsxs)(r.Fragment,{children:[""Graded "",(0,r.jsx)(""b"",{children:""A+""}),"" \xb7 score "",(0,r.jsx)(""b"",{children:""92""}),"" \xb7 confidence "",(0,r.jsx)(""b"",{children:""0.88""})]})}],rI=[{src:""flowseeker"",msg:(0,r.jsxs)(r.Fragment,{children:[""Block bid \xb7 "",(0,r.jsx)(rz,{children:""$QQQ""}),"" 502C""]})},{src:""nexus"",msg:(0,r.jsxs)(r.Fragment,{children:[""Match: "",(0,r.jsx)(""b"",{chil"
1536-064f08115df39c50.js,heatseeker,23,39,188298,1,heatseeker,"playbook,gradeSrc:e.spy_option.grade_src}}}}let rE={heatseeker:{name:""Heatseeker"",color:""#f97316""},flowseeker:{name:""Flowseeker"",color:""#90bff9""},atlas:{name:""Atlas"",color:""#22d3ee""},nexus:{name:""Nexus"",color:""#a855f7""},talon:{name:""Falcon"",color:rN}},rM=[{src:""atlas"",time:""09:41"",msg:(0,r.jsxs)(r.Fragment,{children:[""VWAP reclaim confirmed at "",(0,r.jsx)(""b"",{children:""578.21""})]})},{src:""heatseeker"",time:""09:41"",msg:(0,r.jsxs)(r.Fragment,{children:[""Gamma flip crossed up through "",(0,r.jsx)(""b"",{children:""577.40""})]})},{src:""flowseeker"",time:""09:42"",msg:(0,r.jsxs)(r.Fragment,{children:[(0,r.jsx)(""b"",{children:""+$2.1M""}),"" call sweep \xb7 "",(0,r.jsx)(rz,{children:""$SPY""}),"" 580C""]})},{src:""",""",time:""09:42"",msg:(0,r.jsxs)(r.Fragment,{children:[""King-node pin strengthening at "",(0,r.jsx)(""b"",{children:""580.00""})]})},{src:""talon"",time:""09:42"",msg:(0,r.jsxs)(r.Fragment,{children:[""Graded "",(0,r.jsx)(""b"",{children:""A+""}),"" \xb7 score "",(0,r.jsx)(""b"",{children:""92""}),"" \xb7 confidence "",(0,r.jsx)(""b"",{children:""0.88""})]})}],rI=[{src:""flowseeker"",msg:(0,r.jsxs)(r.Fragment,{children:[""Block bid \xb7 "",(0,r.jsx)(rz,{children:""$QQQ""}),"" 502C""]})},{src:""nexus"",msg:(0,r.jsxs)(r.Fragment,{children:[""Match: "",(0,r.jsx)(""b"",{children:""+71%""}),"" hit-rate, 0DTE reclaim""]})},{src:""atlas"",msg:(0,r.jsx)(r.Fragment,{children:""Momentum cooling \xb7 5m""})},{src:""heatseeker"",msg:(0,r.jsx)(r.Fragment,{c"
1536-064f08115df39c50.js,kingNode,5,5,188361,1,King-node,"{name:""Heatseeker"",color:""#f97316""},flowseeker:{name:""Flowseeker"",color:""#90bff9""},atlas:{name:""Atlas"",color:""#22d3ee""},nexus:{name:""Nexus"",color:""#a855f7""},talon:{name:""Falcon"",color:rN}},rM=[{src:""atlas"",time:""09:41"",msg:(0,r.jsxs)(r.Fragment,{children:[""VWAP reclaim confirmed at "",(0,r.jsx)(""b"",{children:""578.21""})]})},{src:""heatseeker"",time:""09:41"",msg:(0,r.jsxs)(r.Fragment,{children:[""Gamma flip crossed up through "",(0,r.jsx)(""b"",{children:""577.40""})]})},{src:""flowseeker"",time:""09:42"",msg:(0,r.jsxs)(r.Fragment,{children:[(0,r.jsx)(""b"",{children:""+$2.1M""}),"" call sweep \xb7 "",(0,r.jsx)(rz,{children:""$SPY""}),"" 580C""]})},{src:""heatseeker"",time:""09:42"",msg:(0,r.jsxs)(r.Fragment,{children:[""","pin strengthening at "",(0,r.jsx)(""b"",{children:""580.00""})]})},{src:""talon"",time:""09:42"",msg:(0,r.jsxs)(r.Fragment,{children:[""Graded "",(0,r.jsx)(""b"",{children:""A+""}),"" \xb7 score "",(0,r.jsx)(""b"",{children:""92""}),"" \xb7 confidence "",(0,r.jsx)(""b"",{children:""0.88""})]})}],rI=[{src:""flowseeker"",msg:(0,r.jsxs)(r.Fragment,{children:[""Block bid \xb7 "",(0,r.jsx)(rz,{children:""$QQQ""}),"" 502C""]})},{src:""nexus"",msg:(0,r.jsxs)(r.Fragment,{children:[""Match: "",(0,r.jsx)(""b"",{children:""+71%""}),"" hit-rate, 0DTE reclaim""]})},{src:""atlas"",msg:(0,r.jsx)(r.Fragment,{children:""Momentum cooling \xb7 5m""})},{src:""heatseeker"",msg:(0,r.jsx)(r.Fragment,{children:""Net GEX flipping positive""})},{src:""flowseeker"",msg:("
1536-064f08115df39c50.js,node,7,20,188366,1,node,":""Heatseeker"",color:""#f97316""},flowseeker:{name:""Flowseeker"",color:""#90bff9""},atlas:{name:""Atlas"",color:""#22d3ee""},nexus:{name:""Nexus"",color:""#a855f7""},talon:{name:""Falcon"",color:rN}},rM=[{src:""atlas"",time:""09:41"",msg:(0,r.jsxs)(r.Fragment,{children:[""VWAP reclaim confirmed at "",(0,r.jsx)(""b"",{children:""578.21""})]})},{src:""heatseeker"",time:""09:41"",msg:(0,r.jsxs)(r.Fragment,{children:[""Gamma flip crossed up through "",(0,r.jsx)(""b"",{children:""577.40""})]})},{src:""flowseeker"",time:""09:42"",msg:(0,r.jsxs)(r.Fragment,{children:[(0,r.jsx)(""b"",{children:""+$2.1M""}),"" call sweep \xb7 "",(0,r.jsx)(rz,{children:""$SPY""}),"" 580C""]})},{src:""heatseeker"",time:""09:42"",msg:(0,r.jsxs)(r.Fragment,{children:[""King-","pin strengthening at "",(0,r.jsx)(""b"",{children:""580.00""})]})},{src:""talon"",time:""09:42"",msg:(0,r.jsxs)(r.Fragment,{children:[""Graded "",(0,r.jsx)(""b"",{children:""A+""}),"" \xb7 score "",(0,r.jsx)(""b"",{children:""92""}),"" \xb7 confidence "",(0,r.jsx)(""b"",{children:""0.88""})]})}],rI=[{src:""flowseeker"",msg:(0,r.jsxs)(r.Fragment,{children:[""Block bid \xb7 "",(0,r.jsx)(rz,{children:""$QQQ""}),"" 502C""]})},{src:""nexus"",msg:(0,r.jsxs)(r.Fragment,{children:[""Match: "",(0,r.jsx)(""b"",{children:""+71%""}),"" hit-rate, 0DTE reclaim""]})},{src:""atlas"",msg:(0,r.jsx)(r.Fragment,{children:""Momentum cooling \xb7 5m""})},{src:""heatseeker"",msg:(0,r.jsx)(r.Fragment,{children:""Net GEX flipping positive""})},{src:""flowseeker"",msg:("
1536-064f08115df39c50.js,talon,69,125,188439,1,talon,"f9""},atlas:{name:""Atlas"",color:""#22d3ee""},nexus:{name:""Nexus"",color:""#a855f7""},talon:{name:""Falcon"",color:rN}},rM=[{src:""atlas"",time:""09:41"",msg:(0,r.jsxs)(r.Fragment,{children:[""VWAP reclaim confirmed at "",(0,r.jsx)(""b"",{children:""578.21""})]})},{src:""heatseeker"",time:""09:41"",msg:(0,r.jsxs)(r.Fragment,{children:[""Gamma flip crossed up through "",(0,r.jsx)(""b"",{children:""577.40""})]})},{src:""flowseeker"",time:""09:42"",msg:(0,r.jsxs)(r.Fragment,{children:[(0,r.jsx)(""b"",{children:""+$2.1M""}),"" call sweep \xb7 "",(0,r.jsx)(rz,{children:""$SPY""}),"" 580C""]})},{src:""heatseeker"",time:""09:42"",msg:(0,r.jsxs)(r.Fragment,{children:[""King-node pin strengthening at "",(0,r.jsx)(""b"",{children:""580.00""})]})},{src:""",""",time:""09:42"",msg:(0,r.jsxs)(r.Fragment,{children:[""Graded "",(0,r.jsx)(""b"",{children:""A+""}),"" \xb7 score "",(0,r.jsx)(""b"",{children:""92""}),"" \xb7 confidence "",(0,r.jsx)(""b"",{children:""0.88""})]})}],rI=[{src:""flowseeker"",msg:(0,r.jsxs)(r.Fragment,{children:[""Block bid \xb7 "",(0,r.jsx)(rz,{children:""$QQQ""}),"" 502C""]})},{src:""nexus"",msg:(0,r.jsxs)(r.Fragment,{children:[""Match: "",(0,r.jsx)(""b"",{children:""+71%""}),"" hit-rate, 0DTE reclaim""]})},{src:""atlas"",msg:(0,r.jsx)(r.Fragment,{children:""Momentum cooling \xb7 5m""})},{src:""heatseeker"",msg:(0,r.jsx)(r.Fragment,{children:""Net GEX flipping positive""})},{src:""flowseeker"",msg:(0,r.jsxs)(r.Fragment,{children:[""Sweep \xb7 "",(0,r.jsx)(rz,{children:""$NVD"
1536-064f08115df39c50.js,flowseeker,12,39,188651,1,flowseeker,"jsx)(""b"",{children:""578.21""})]})},{src:""heatseeker"",time:""09:41"",msg:(0,r.jsxs)(r.Fragment,{children:[""Gamma flip crossed up through "",(0,r.jsx)(""b"",{children:""577.40""})]})},{src:""flowseeker"",time:""09:42"",msg:(0,r.jsxs)(r.Fragment,{children:[(0,r.jsx)(""b"",{children:""+$2.1M""}),"" call sweep \xb7 "",(0,r.jsx)(rz,{children:""$SPY""}),"" 580C""]})},{src:""heatseeker"",time:""09:42"",msg:(0,r.jsxs)(r.Fragment,{children:[""King-node pin strengthening at "",(0,r.jsx)(""b"",{children:""580.00""})]})},{src:""talon"",time:""09:42"",msg:(0,r.jsxs)(r.Fragment,{children:[""Graded "",(0,r.jsx)(""b"",{children:""A+""}),"" \xb7 score "",(0,r.jsx)(""b"",{children:""92""}),"" \xb7 confidence "",(0,r.jsx)(""b"",{children:""0.88""})]})}],rI=[{src:""",""",msg:(0,r.jsxs)(r.Fragment,{children:[""Block bid \xb7 "",(0,r.jsx)(rz,{children:""$QQQ""}),"" 502C""]})},{src:""nexus"",msg:(0,r.jsxs)(r.Fragment,{children:[""Match: "",(0,r.jsx)(""b"",{children:""+71%""}),"" hit-rate, 0DTE reclaim""]})},{src:""atlas"",msg:(0,r.jsx)(r.Fragment,{children:""Momentum cooling \xb7 5m""})},{src:""heatseeker"",msg:(0,r.jsx)(r.Fragment,{children:""Net GEX flipping positive""})},{src:""flowseeker"",msg:(0,r.jsxs)(r.Fragment,{children:[""Sweep \xb7 "",(0,r.jsx)(rz,{children:""$NVDA""}),"" 132C ask""]})},{src:""talon"",msg:(0,r.jsx)(r.Fragment,{children:""Re-grading watchlist \xb7 14 tickers""})}];function rz(e){let{children:t}=e;return(0,r.jsx)(""span"",{style:{color:""var(--talon-cashtag)"",fontWeight:5"
1536-064f08115df39c50.js,atlas,18,30,188891,1,atlas,":[(0,r.jsx)(""b"",{children:""+$2.1M""}),"" call sweep \xb7 "",(0,r.jsx)(rz,{children:""$SPY""}),"" 580C""]})},{src:""heatseeker"",time:""09:42"",msg:(0,r.jsxs)(r.Fragment,{children:[""King-node pin strengthening at "",(0,r.jsx)(""b"",{children:""580.00""})]})},{src:""talon"",time:""09:42"",msg:(0,r.jsxs)(r.Fragment,{children:[""Graded "",(0,r.jsx)(""b"",{children:""A+""}),"" \xb7 score "",(0,r.jsx)(""b"",{children:""92""}),"" \xb7 confidence "",(0,r.jsx)(""b"",{children:""0.88""})]})}],rI=[{src:""flowseeker"",msg:(0,r.jsxs)(r.Fragment,{children:[""Block bid \xb7 "",(0,r.jsx)(rz,{children:""$QQQ""}),"" 502C""]})},{src:""nexus"",msg:(0,r.jsxs)(r.Fragment,{children:[""Match: "",(0,r.jsx)(""b"",{children:""+71%""}),"" hit-rate, 0DTE reclaim""]})},{src:""",""",msg:(0,r.jsx)(r.Fragment,{children:""Momentum cooling \xb7 5m""})},{src:""heatseeker"",msg:(0,r.jsx)(r.Fragment,{children:""Net GEX flipping positive""})},{src:""flowseeker"",msg:(0,r.jsxs)(r.Fragment,{children:[""Sweep \xb7 "",(0,r.jsx)(rz,{children:""$NVDA""}),"" 132C ask""]})},{src:""talon"",msg:(0,r.jsx)(r.Fragment,{children:""Re-grading watchlist \xb7 14 tickers""})}];function rz(e){let{children:t}=e;return(0,r.jsx)(""span"",{style:{color:""var(--talon-cashtag)"",fontWeight:500},children:t})}function rR(e){let{src:t,size:n=24}=e;return(0,r.jsx)(""span"",{className:""grid flex-none place-items-center overflow-hidden rounded-[7px]"",style:{width:n,height:n,background:""rgba(var(--tv2-ink),0.04)"",border:""1px solid"
1536-064f08115df39c50.js,heatseeker,24,39,188969,1,heatseeker,"n:""$SPY""}),"" 580C""]})},{src:""heatseeker"",time:""09:42"",msg:(0,r.jsxs)(r.Fragment,{children:[""King-node pin strengthening at "",(0,r.jsx)(""b"",{children:""580.00""})]})},{src:""talon"",time:""09:42"",msg:(0,r.jsxs)(r.Fragment,{children:[""Graded "",(0,r.jsx)(""b"",{children:""A+""}),"" \xb7 score "",(0,r.jsx)(""b"",{children:""92""}),"" \xb7 confidence "",(0,r.jsx)(""b"",{children:""0.88""})]})}],rI=[{src:""flowseeker"",msg:(0,r.jsxs)(r.Fragment,{children:[""Block bid \xb7 "",(0,r.jsx)(rz,{children:""$QQQ""}),"" 502C""]})},{src:""nexus"",msg:(0,r.jsxs)(r.Fragment,{children:[""Match: "",(0,r.jsx)(""b"",{children:""+71%""}),"" hit-rate, 0DTE reclaim""]})},{src:""atlas"",msg:(0,r.jsx)(r.Fragment,{children:""Momentum cooling \xb7 5m""})},{src:""",""",msg:(0,r.jsx)(r.Fragment,{children:""Net GEX flipping positive""})},{src:""flowseeker"",msg:(0,r.jsxs)(r.Fragment,{children:[""Sweep \xb7 "",(0,r.jsx)(rz,{children:""$NVDA""}),"" 132C ask""]})},{src:""talon"",msg:(0,r.jsx)(r.Fragment,{children:""Re-grading watchlist \xb7 14 tickers""})}];function rz(e){let{children:t}=e;return(0,r.jsx)(""span"",{style:{color:""var(--talon-cashtag)"",fontWeight:500},children:t})}function rR(e){let{src:t,size:n=24}=e;return(0,r.jsx)(""span"",{className:""grid flex-none place-items-center overflow-hidden rounded-[7px]"",style:{width:n,height:n,background:""rgba(var(--tv2-ink),0.04)"",border:""1px solid rgba(var(--tv2-ink),0.05)""},children:(0,r.jsx)(""img"",{src:""/agent-logos/"".concat(t"
1536-064f08115df39c50.js,gex,6,20,189021,1,GEX,""",msg:(0,r.jsxs)(r.Fragment,{children:[""King-node pin strengthening at "",(0,r.jsx)(""b"",{children:""580.00""})]})},{src:""talon"",time:""09:42"",msg:(0,r.jsxs)(r.Fragment,{children:[""Graded "",(0,r.jsx)(""b"",{children:""A+""}),"" \xb7 score "",(0,r.jsx)(""b"",{children:""92""}),"" \xb7 confidence "",(0,r.jsx)(""b"",{children:""0.88""})]})}],rI=[{src:""flowseeker"",msg:(0,r.jsxs)(r.Fragment,{children:[""Block bid \xb7 "",(0,r.jsx)(rz,{children:""$QQQ""}),"" 502C""]})},{src:""nexus"",msg:(0,r.jsxs)(r.Fragment,{children:[""Match: "",(0,r.jsx)(""b"",{children:""+71%""}),"" hit-rate, 0DTE reclaim""]})},{src:""atlas"",msg:(0,r.jsx)(r.Fragment,{children:""Momentum cooling \xb7 5m""})},{src:""heatseeker"",msg:(0,r.jsx)(r.Fragment,{children:""Net","flipping positive""})},{src:""flowseeker"",msg:(0,r.jsxs)(r.Fragment,{children:[""Sweep \xb7 "",(0,r.jsx)(rz,{children:""$NVDA""}),"" 132C ask""]})},{src:""talon"",msg:(0,r.jsx)(r.Fragment,{children:""Re-grading watchlist \xb7 14 tickers""})}];function rz(e){let{children:t}=e;return(0,r.jsx)(""span"",{style:{color:""var(--talon-cashtag)"",fontWeight:500},children:t})}function rR(e){let{src:t,size:n=24}=e;return(0,r.jsx)(""span"",{className:""grid flex-none place-items-center overflow-hidden rounded-[7px]"",style:{width:n,height:n,background:""rgba(var(--tv2-ink),0.04)"",border:""1px solid rgba(var(--tv2-ink),0.05)""},children:(0,r.jsx)(""img"",{src:""/agent-logos/"".concat(t,"".png""),alt:"""",style:{width:n-6,height:n-6,o"
1536-064f08115df39c50.js,flowseeker,13,39,189053,1,flowseeker,"ldren:[""King-node pin strengthening at "",(0,r.jsx)(""b"",{children:""580.00""})]})},{src:""talon"",time:""09:42"",msg:(0,r.jsxs)(r.Fragment,{children:[""Graded "",(0,r.jsx)(""b"",{children:""A+""}),"" \xb7 score "",(0,r.jsx)(""b"",{children:""92""}),"" \xb7 confidence "",(0,r.jsx)(""b"",{children:""0.88""})]})}],rI=[{src:""flowseeker"",msg:(0,r.jsxs)(r.Fragment,{children:[""Block bid \xb7 "",(0,r.jsx)(rz,{children:""$QQQ""}),"" 502C""]})},{src:""nexus"",msg:(0,r.jsxs)(r.Fragment,{children:[""Match: "",(0,r.jsx)(""b"",{children:""+71%""}),"" hit-rate, 0DTE reclaim""]})},{src:""atlas"",msg:(0,r.jsx)(r.Fragment,{children:""Momentum cooling \xb7 5m""})},{src:""heatseeker"",msg:(0,r.jsx)(r.Fragment,{children:""Net GEX flipping positive""})},{src:""",""",msg:(0,r.jsxs)(r.Fragment,{children:[""Sweep \xb7 "",(0,r.jsx)(rz,{children:""$NVDA""}),"" 132C ask""]})},{src:""talon"",msg:(0,r.jsx)(r.Fragment,{children:""Re-grading watchlist \xb7 14 tickers""})}];function rz(e){let{children:t}=e;return(0,r.jsx)(""span"",{style:{color:""var(--talon-cashtag)"",fontWeight:500},children:t})}function rR(e){let{src:t,size:n=24}=e;return(0,r.jsx)(""span"",{className:""grid flex-none place-items-center overflow-hidden rounded-[7px]"",style:{width:n,height:n,background:""rgba(var(--tv2-ink),0.04)"",border:""1px solid rgba(var(--tv2-ink),0.05)""},children:(0,r.jsx)(""img"",{src:""/agent-logos/"".concat(t,"".png""),alt:"""",style:{width:n-6,height:n-6,objectFit:""contain""},onError:e=>{e.curre"
1536-064f08115df39c50.js,talon,70,125,189171,1,talon,"s)(r.Fragment,{children:[""Graded "",(0,r.jsx)(""b"",{children:""A+""}),"" \xb7 score "",(0,r.jsx)(""b"",{children:""92""}),"" \xb7 confidence "",(0,r.jsx)(""b"",{children:""0.88""})]})}],rI=[{src:""flowseeker"",msg:(0,r.jsxs)(r.Fragment,{children:[""Block bid \xb7 "",(0,r.jsx)(rz,{children:""$QQQ""}),"" 502C""]})},{src:""nexus"",msg:(0,r.jsxs)(r.Fragment,{children:[""Match: "",(0,r.jsx)(""b"",{children:""+71%""}),"" hit-rate, 0DTE reclaim""]})},{src:""atlas"",msg:(0,r.jsx)(r.Fragment,{children:""Momentum cooling \xb7 5m""})},{src:""heatseeker"",msg:(0,r.jsx)(r.Fragment,{children:""Net GEX flipping positive""})},{src:""flowseeker"",msg:(0,r.jsxs)(r.Fragment,{children:[""Sweep \xb7 "",(0,r.jsx)(rz,{children:""$NVDA""}),"" 132C ask""]})},{src:""",""",msg:(0,r.jsx)(r.Fragment,{children:""Re-grading watchlist \xb7 14 tickers""})}];function rz(e){let{children:t}=e;return(0,r.jsx)(""span"",{style:{color:""var(--talon-cashtag)"",fontWeight:500},children:t})}function rR(e){let{src:t,size:n=24}=e;return(0,r.jsx)(""span"",{className:""grid flex-none place-items-center overflow-hidden rounded-[7px]"",style:{width:n,height:n,background:""rgba(var(--tv2-ink),0.04)"",border:""1px solid rgba(var(--tv2-ink),0.05)""},children:(0,r.jsx)(""img"",{src:""/agent-logos/"".concat(t,"".png""),alt:"""",style:{width:n-6,height:n-6,objectFit:""contain""},onError:e=>{e.currentTarget.style.display=""none""}})})}let rF=e=>(e||"""").replace(/^(talon|falcon|falco)\s+/i,""""),rW=(e,t,n)=>t&&!n&&t"
1536-064f08115df39c50.js,talon,71,125,189333,1,talon,"})]})}],rI=[{src:""flowseeker"",msg:(0,r.jsxs)(r.Fragment,{children:[""Block bid \xb7 "",(0,r.jsx)(rz,{children:""$QQQ""}),"" 502C""]})},{src:""nexus"",msg:(0,r.jsxs)(r.Fragment,{children:[""Match: "",(0,r.jsx)(""b"",{children:""+71%""}),"" hit-rate, 0DTE reclaim""]})},{src:""atlas"",msg:(0,r.jsx)(r.Fragment,{children:""Momentum cooling \xb7 5m""})},{src:""heatseeker"",msg:(0,r.jsx)(r.Fragment,{children:""Net GEX flipping positive""})},{src:""flowseeker"",msg:(0,r.jsxs)(r.Fragment,{children:[""Sweep \xb7 "",(0,r.jsx)(rz,{children:""$NVDA""}),"" 132C ask""]})},{src:""talon"",msg:(0,r.jsx)(r.Fragment,{children:""Re-grading watchlist \xb7 14 tickers""})}];function rz(e){let{children:t}=e;return(0,r.jsx)(""span"",{style:{color:""var(--","-cashtag)"",fontWeight:500},children:t})}function rR(e){let{src:t,size:n=24}=e;return(0,r.jsx)(""span"",{className:""grid flex-none place-items-center overflow-hidden rounded-[7px]"",style:{width:n,height:n,background:""rgba(var(--tv2-ink),0.04)"",border:""1px solid rgba(var(--tv2-ink),0.05)""},children:(0,r.jsx)(""img"",{src:""/agent-logos/"".concat(t,"".png""),alt:"""",style:{width:n-6,height:n-6,objectFit:""contain""},onError:e=>{e.currentTarget.style.display=""none""}})})}let rF=e=>(e||"""").replace(/^(talon|falcon|falco)\s+/i,""""),rW=(e,t,n)=>t&&!n&&t.slice(0,5)!==e?t:null;function rP(e,t){var n,r;let a=""QQQ""===e.symbol?""QQQ"":""SPXW""===e.symbol||""SPX""===e.symbol?""SPX"":""SPY"",l=e=>null!=e&&(null!=e.maxReturn||nul"
1536-064f08115df39c50.js,talon,72,125,189827,1,talon,"z,{children:""$NVDA""}),"" 132C ask""]})},{src:""talon"",msg:(0,r.jsx)(r.Fragment,{children:""Re-grading watchlist \xb7 14 tickers""})}];function rz(e){let{children:t}=e;return(0,r.jsx)(""span"",{style:{color:""var(--talon-cashtag)"",fontWeight:500},children:t})}function rR(e){let{src:t,size:n=24}=e;return(0,r.jsx)(""span"",{className:""grid flex-none place-items-center overflow-hidden rounded-[7px]"",style:{width:n,height:n,background:""rgba(var(--tv2-ink),0.04)"",border:""1px solid rgba(var(--tv2-ink),0.05)""},children:(0,r.jsx)(""img"",{src:""/agent-logos/"".concat(t,"".png""),alt:"""",style:{width:n-6,height:n-6,objectFit:""contain""},onError:e=>{e.currentTarget.style.display=""none""}})})}let rF=e=>(e||"""").replace(/^(","|falcon|falco)\s+/i,""""),rW=(e,t,n)=>t&&!n&&t.slice(0,5)!==e?t:null;function rP(e,t){var n,r;let a=""QQQ""===e.symbol?""QQQ"":""SPXW""===e.symbol||""SPX""===e.symbol?""SPX"":""SPY"",l=e=>null!=e&&(null!=e.maxReturn||null!=e.managedReturn),o=t=>{var n,r,a,l,o,s,i,c,d;let u=null==(n=e.alts)?void 0:n[t];return(null==u?void 0:u.contract)?{contract:u.contract,mark:null!=(i=u.mark)?i:""—"",maxReturn:u.maxReturn,maxAvg:u.maxAvg,managedReturn:u.managedReturn,native:!1,scale:null!=(c=null==(r=e.altScale)?void 0:r[t])?c:1,levels:null!=(d=null==(a=e.altLevels)?void 0:a[t])?d:u.premLevels,peakTime:u.peakTime,lifecycle:u.lifecycle,premSeries:u.premSeries,prog:(null==(l=e.altLevels)?void 0:l[t])?null==(o=e.progress)?voi"
1536-064f08115df39c50.js,falcon,2,35,189833,1,falcon,"ldren:""$NVDA""}),"" 132C ask""]})},{src:""talon"",msg:(0,r.jsx)(r.Fragment,{children:""Re-grading watchlist \xb7 14 tickers""})}];function rz(e){let{children:t}=e;return(0,r.jsx)(""span"",{style:{color:""var(--talon-cashtag)"",fontWeight:500},children:t})}function rR(e){let{src:t,size:n=24}=e;return(0,r.jsx)(""span"",{className:""grid flex-none place-items-center overflow-hidden rounded-[7px]"",style:{width:n,height:n,background:""rgba(var(--tv2-ink),0.04)"",border:""1px solid rgba(var(--tv2-ink),0.05)""},children:(0,r.jsx)(""img"",{src:""/agent-logos/"".concat(t,"".png""),alt:"""",style:{width:n-6,height:n-6,objectFit:""contain""},onError:e=>{e.currentTarget.style.display=""none""}})})}let rF=e=>(e||"""").replace(/^(talon|","|falco)\s+/i,""""),rW=(e,t,n)=>t&&!n&&t.slice(0,5)!==e?t:null;function rP(e,t){var n,r;let a=""QQQ""===e.symbol?""QQQ"":""SPXW""===e.symbol||""SPX""===e.symbol?""SPX"":""SPY"",l=e=>null!=e&&(null!=e.maxReturn||null!=e.managedReturn),o=t=>{var n,r,a,l,o,s,i,c,d;let u=null==(n=e.alts)?void 0:n[t];return(null==u?void 0:u.contract)?{contract:u.contract,mark:null!=(i=u.mark)?i:""—"",maxReturn:u.maxReturn,maxAvg:u.maxAvg,managedReturn:u.managedReturn,native:!1,scale:null!=(c=null==(r=e.altScale)?void 0:r[t])?c:1,levels:null!=(d=null==(a=e.altLevels)?void 0:a[t])?d:u.premLevels,peakTime:u.peakTime,lifecycle:u.lifecycle,premSeries:u.premSeries,prog:(null==(l=e.altLevels)?void 0:l[t])?null==(o=e.progress)?void 0:o[t"
1536-064f08115df39c50.js,limitPlan,9,21,190589,1,limitPlan,"=e?t:null;function rP(e,t){var n,r;let a=""QQQ""===e.symbol?""QQQ"":""SPXW""===e.symbol||""SPX""===e.symbol?""SPX"":""SPY"",l=e=>null!=e&&(null!=e.maxReturn||null!=e.managedReturn),o=t=>{var n,r,a,l,o,s,i,c,d;let u=null==(n=e.alts)?void 0:n[t];return(null==u?void 0:u.contract)?{contract:u.contract,mark:null!=(i=u.mark)?i:""—"",maxReturn:u.maxReturn,maxAvg:u.maxAvg,managedReturn:u.managedReturn,native:!1,scale:null!=(c=null==(r=e.altScale)?void 0:r[t])?c:1,levels:null!=(d=null==(a=e.altLevels)?void 0:a[t])?d:u.premLevels,peakTime:u.peakTime,lifecycle:u.lifecycle,premSeries:u.premSeries,prog:(null==(l=e.altLevels)?void 0:l[t])?null==(o=e.progress)?void 0:o[t]:u.premLevels||null==(s=e.progress)?void 0:s.SPY,",":u.limitPlan,armed:u.armed,playbook:u.playbook,gradeSrc:u.gradeSrc}:null};if(t!==a){let e=o(t);if(l(e))return e}let s={contract:e.contract,mark:e.mark,maxReturn:e.maxReturn,maxAvg:e.maxAvg,managedReturn:e.managedReturn,native:!0,scale:1,peakTime:e.peakTime,lifecycle:e.lifecycle,premSeries:e.premSeries,prog:null==(r=e.progress)?void 0:r.SPY,limitPlan:e.limitPlan,armed:e.playbook?{spread_pct:e.playbook.spread_pct,skipped_entry:e.playbook.skipped_entry}:void 0,playbook:e.playbook,gradeSrc:e.gradeSrc};if(l(s))return s;for(let e of[""SPY"",""SPX"",""QQQ""]){if(e===a)continue;let t=o(e);if(l(t))return t}return null!=(n=t!==a?o(t):null)?n:s}function rD(e,t){var n;let r=rL(e,t.native,t.contract),a=r.adds."
1536-064f08115df39c50.js,limitPlan,10,21,190601,1,limitPlan,"nction rP(e,t){var n,r;let a=""QQQ""===e.symbol?""QQQ"":""SPXW""===e.symbol||""SPX""===e.symbol?""SPX"":""SPY"",l=e=>null!=e&&(null!=e.maxReturn||null!=e.managedReturn),o=t=>{var n,r,a,l,o,s,i,c,d;let u=null==(n=e.alts)?void 0:n[t];return(null==u?void 0:u.contract)?{contract:u.contract,mark:null!=(i=u.mark)?i:""—"",maxReturn:u.maxReturn,maxAvg:u.maxAvg,managedReturn:u.managedReturn,native:!1,scale:null!=(c=null==(r=e.altScale)?void 0:r[t])?c:1,levels:null!=(d=null==(a=e.altLevels)?void 0:a[t])?d:u.premLevels,peakTime:u.peakTime,lifecycle:u.lifecycle,premSeries:u.premSeries,prog:(null==(l=e.altLevels)?void 0:l[t])?null==(o=e.progress)?void 0:o[t]:u.premLevels||null==(s=e.progress)?void 0:s.SPY,limitPlan:u.",",armed:u.armed,playbook:u.playbook,gradeSrc:u.gradeSrc}:null};if(t!==a){let e=o(t);if(l(e))return e}let s={contract:e.contract,mark:e.mark,maxReturn:e.maxReturn,maxAvg:e.maxAvg,managedReturn:e.managedReturn,native:!0,scale:1,peakTime:e.peakTime,lifecycle:e.lifecycle,premSeries:e.premSeries,prog:null==(r=e.progress)?void 0:r.SPY,limitPlan:e.limitPlan,armed:e.playbook?{spread_pct:e.playbook.spread_pct,skipped_entry:e.playbook.skipped_entry}:void 0,playbook:e.playbook,gradeSrc:e.gradeSrc};if(l(s))return s;for(let e of[""SPY"",""SPX"",""QQQ""]){if(e===a)continue;let t=o(e);if(l(t))return t}return null!=(n=t!==a?o(t):null)?n:s}function rD(e,t){var n;let r=rL(e,t.native,t.contract),a=r.adds.length&&null"
1536-064f08115df39c50.js,armed,6,43,190611,1,armed,"e,t){var n,r;let a=""QQQ""===e.symbol?""QQQ"":""SPXW""===e.symbol||""SPX""===e.symbol?""SPX"":""SPY"",l=e=>null!=e&&(null!=e.maxReturn||null!=e.managedReturn),o=t=>{var n,r,a,l,o,s,i,c,d;let u=null==(n=e.alts)?void 0:n[t];return(null==u?void 0:u.contract)?{contract:u.contract,mark:null!=(i=u.mark)?i:""—"",maxReturn:u.maxReturn,maxAvg:u.maxAvg,managedReturn:u.managedReturn,native:!1,scale:null!=(c=null==(r=e.altScale)?void 0:r[t])?c:1,levels:null!=(d=null==(a=e.altLevels)?void 0:a[t])?d:u.premLevels,peakTime:u.peakTime,lifecycle:u.lifecycle,premSeries:u.premSeries,prog:(null==(l=e.altLevels)?void 0:l[t])?null==(o=e.progress)?void 0:o[t]:u.premLevels||null==(s=e.progress)?void 0:s.SPY,limitPlan:u.limitPlan,",":u.armed,playbook:u.playbook,gradeSrc:u.gradeSrc}:null};if(t!==a){let e=o(t);if(l(e))return e}let s={contract:e.contract,mark:e.mark,maxReturn:e.maxReturn,maxAvg:e.maxAvg,managedReturn:e.managedReturn,native:!0,scale:1,peakTime:e.peakTime,lifecycle:e.lifecycle,premSeries:e.premSeries,prog:null==(r=e.progress)?void 0:r.SPY,limitPlan:e.limitPlan,armed:e.playbook?{spread_pct:e.playbook.spread_pct,skipped_entry:e.playbook.skipped_entry}:void 0,playbook:e.playbook,gradeSrc:e.gradeSrc};if(l(s))return s;for(let e of[""SPY"",""SPX"",""QQQ""]){if(e===a)continue;let t=o(e);if(l(t))return t}return null!=(n=t!==a?o(t):null)?n:s}function rD(e,t){var n;let r=rL(e,t.native,t.contract),a=r.adds.length&&null!=r.av"
1536-064f08115df39c50.js,armed,7,43,190619,1,armed,"n,r;let a=""QQQ""===e.symbol?""QQQ"":""SPXW""===e.symbol||""SPX""===e.symbol?""SPX"":""SPY"",l=e=>null!=e&&(null!=e.maxReturn||null!=e.managedReturn),o=t=>{var n,r,a,l,o,s,i,c,d;let u=null==(n=e.alts)?void 0:n[t];return(null==u?void 0:u.contract)?{contract:u.contract,mark:null!=(i=u.mark)?i:""—"",maxReturn:u.maxReturn,maxAvg:u.maxAvg,managedReturn:u.managedReturn,native:!1,scale:null!=(c=null==(r=e.altScale)?void 0:r[t])?c:1,levels:null!=(d=null==(a=e.altLevels)?void 0:a[t])?d:u.premLevels,peakTime:u.peakTime,lifecycle:u.lifecycle,premSeries:u.premSeries,prog:(null==(l=e.altLevels)?void 0:l[t])?null==(o=e.progress)?void 0:o[t]:u.premLevels||null==(s=e.progress)?void 0:s.SPY,limitPlan:u.limitPlan,armed:u.",",playbook:u.playbook,gradeSrc:u.gradeSrc}:null};if(t!==a){let e=o(t);if(l(e))return e}let s={contract:e.contract,mark:e.mark,maxReturn:e.maxReturn,maxAvg:e.maxAvg,managedReturn:e.managedReturn,native:!0,scale:1,peakTime:e.peakTime,lifecycle:e.lifecycle,premSeries:e.premSeries,prog:null==(r=e.progress)?void 0:r.SPY,limitPlan:e.limitPlan,armed:e.playbook?{spread_pct:e.playbook.spread_pct,skipped_entry:e.playbook.skipped_entry}:void 0,playbook:e.playbook,gradeSrc:e.gradeSrc};if(l(s))return s;for(let e of[""SPY"",""SPX"",""QQQ""]){if(e===a)continue;let t=o(e);if(l(t))return t}return null!=(n=t!==a?o(t):null)?n:s}function rD(e,t){var n;let r=rL(e,t.native,t.contract),a=r.adds.length&&null!=r.avgMax?r.a"
1536-064f08115df39c50.js,playbook,20,77,190625,1,playbook,"et a=""QQQ""===e.symbol?""QQQ"":""SPXW""===e.symbol||""SPX""===e.symbol?""SPX"":""SPY"",l=e=>null!=e&&(null!=e.maxReturn||null!=e.managedReturn),o=t=>{var n,r,a,l,o,s,i,c,d;let u=null==(n=e.alts)?void 0:n[t];return(null==u?void 0:u.contract)?{contract:u.contract,mark:null!=(i=u.mark)?i:""—"",maxReturn:u.maxReturn,maxAvg:u.maxAvg,managedReturn:u.managedReturn,native:!1,scale:null!=(c=null==(r=e.altScale)?void 0:r[t])?c:1,levels:null!=(d=null==(a=e.altLevels)?void 0:a[t])?d:u.premLevels,peakTime:u.peakTime,lifecycle:u.lifecycle,premSeries:u.premSeries,prog:(null==(l=e.altLevels)?void 0:l[t])?null==(o=e.progress)?void 0:o[t]:u.premLevels||null==(s=e.progress)?void 0:s.SPY,limitPlan:u.limitPlan,armed:u.armed,",":u.playbook,gradeSrc:u.gradeSrc}:null};if(t!==a){let e=o(t);if(l(e))return e}let s={contract:e.contract,mark:e.mark,maxReturn:e.maxReturn,maxAvg:e.maxAvg,managedReturn:e.managedReturn,native:!0,scale:1,peakTime:e.peakTime,lifecycle:e.lifecycle,premSeries:e.premSeries,prog:null==(r=e.progress)?void 0:r.SPY,limitPlan:e.limitPlan,armed:e.playbook?{spread_pct:e.playbook.spread_pct,skipped_entry:e.playbook.skipped_entry}:void 0,playbook:e.playbook,gradeSrc:e.gradeSrc};if(l(s))return s;for(let e of[""SPY"",""SPX"",""QQQ""]){if(e===a)continue;let t=o(e);if(l(t))return t}return null!=(n=t!==a?o(t):null)?n:s}function rD(e,t){var n;let r=rL(e,t.native,t.contract),a=r.adds.length&&null!=r.avgMax?r.avgMax:nul"
1536-064f08115df39c50.js,playbook,21,77,190636,1,playbook,"==e.symbol?""QQQ"":""SPXW""===e.symbol||""SPX""===e.symbol?""SPX"":""SPY"",l=e=>null!=e&&(null!=e.maxReturn||null!=e.managedReturn),o=t=>{var n,r,a,l,o,s,i,c,d;let u=null==(n=e.alts)?void 0:n[t];return(null==u?void 0:u.contract)?{contract:u.contract,mark:null!=(i=u.mark)?i:""—"",maxReturn:u.maxReturn,maxAvg:u.maxAvg,managedReturn:u.managedReturn,native:!1,scale:null!=(c=null==(r=e.altScale)?void 0:r[t])?c:1,levels:null!=(d=null==(a=e.altLevels)?void 0:a[t])?d:u.premLevels,peakTime:u.peakTime,lifecycle:u.lifecycle,premSeries:u.premSeries,prog:(null==(l=e.altLevels)?void 0:l[t])?null==(o=e.progress)?void 0:o[t]:u.premLevels||null==(s=e.progress)?void 0:s.SPY,limitPlan:u.limitPlan,armed:u.armed,playbook:u.",",gradeSrc:u.gradeSrc}:null};if(t!==a){let e=o(t);if(l(e))return e}let s={contract:e.contract,mark:e.mark,maxReturn:e.maxReturn,maxAvg:e.maxAvg,managedReturn:e.managedReturn,native:!0,scale:1,peakTime:e.peakTime,lifecycle:e.lifecycle,premSeries:e.premSeries,prog:null==(r=e.progress)?void 0:r.SPY,limitPlan:e.limitPlan,armed:e.playbook?{spread_pct:e.playbook.spread_pct,skipped_entry:e.playbook.skipped_entry}:void 0,playbook:e.playbook,gradeSrc:e.gradeSrc};if(l(s))return s;for(let e of[""SPY"",""SPX"",""QQQ""]){if(e===a)continue;let t=o(e);if(l(t))return t}return null!=(n=t!==a?o(t):null)?n:s}function rD(e,t){var n;let r=rL(e,t.native,t.contract),a=r.adds.length&&null!=r.avgMax?r.avgMax:null!=(n=t.max"
1536-064f08115df39c50.js,limitPlan,11,21,190940,1,limitPlan,"g,managedReturn:u.managedReturn,native:!1,scale:null!=(c=null==(r=e.altScale)?void 0:r[t])?c:1,levels:null!=(d=null==(a=e.altLevels)?void 0:a[t])?d:u.premLevels,peakTime:u.peakTime,lifecycle:u.lifecycle,premSeries:u.premSeries,prog:(null==(l=e.altLevels)?void 0:l[t])?null==(o=e.progress)?void 0:o[t]:u.premLevels||null==(s=e.progress)?void 0:s.SPY,limitPlan:u.limitPlan,armed:u.armed,playbook:u.playbook,gradeSrc:u.gradeSrc}:null};if(t!==a){let e=o(t);if(l(e))return e}let s={contract:e.contract,mark:e.mark,maxReturn:e.maxReturn,maxAvg:e.maxAvg,managedReturn:e.managedReturn,native:!0,scale:1,peakTime:e.peakTime,lifecycle:e.lifecycle,premSeries:e.premSeries,prog:null==(r=e.progress)?void 0:r.SPY,",":e.limitPlan,armed:e.playbook?{spread_pct:e.playbook.spread_pct,skipped_entry:e.playbook.skipped_entry}:void 0,playbook:e.playbook,gradeSrc:e.gradeSrc};if(l(s))return s;for(let e of[""SPY"",""SPX"",""QQQ""]){if(e===a)continue;let t=o(e);if(l(t))return t}return null!=(n=t!==a?o(t):null)?n:s}function rD(e,t){var n;let r=rL(e,t.native,t.contract),a=r.adds.length&&null!=r.avgMax?r.avgMax:null!=(n=t.maxAvg)?n:t.maxReturn;return null!=a?a:null}function rL(e,t,n){var r,a,l;let o=t?""spy"":n.startsWith(""SPXW"")||n.startsWith(""SPX"")?""spx"":n.startsWith(""QQQ"")?""qqq"":""spy"",s=(null!=(l=e.adds)?l:[]).map(e=>{let t=e[o];return{time:e.time,prem:null==t?void 0:t.prem,contract:null==t?void 0:t.contract,same:null==t?vo"
1536-064f08115df39c50.js,limitPlan,12,21,190952,1,limitPlan,"urn:u.managedReturn,native:!1,scale:null!=(c=null==(r=e.altScale)?void 0:r[t])?c:1,levels:null!=(d=null==(a=e.altLevels)?void 0:a[t])?d:u.premLevels,peakTime:u.peakTime,lifecycle:u.lifecycle,premSeries:u.premSeries,prog:(null==(l=e.altLevels)?void 0:l[t])?null==(o=e.progress)?void 0:o[t]:u.premLevels||null==(s=e.progress)?void 0:s.SPY,limitPlan:u.limitPlan,armed:u.armed,playbook:u.playbook,gradeSrc:u.gradeSrc}:null};if(t!==a){let e=o(t);if(l(e))return e}let s={contract:e.contract,mark:e.mark,maxReturn:e.maxReturn,maxAvg:e.maxAvg,managedReturn:e.managedReturn,native:!0,scale:1,peakTime:e.peakTime,lifecycle:e.lifecycle,premSeries:e.premSeries,prog:null==(r=e.progress)?void 0:r.SPY,limitPlan:e.",",armed:e.playbook?{spread_pct:e.playbook.spread_pct,skipped_entry:e.playbook.skipped_entry}:void 0,playbook:e.playbook,gradeSrc:e.gradeSrc};if(l(s))return s;for(let e of[""SPY"",""SPX"",""QQQ""]){if(e===a)continue;let t=o(e);if(l(t))return t}return null!=(n=t!==a?o(t):null)?n:s}function rD(e,t){var n;let r=rL(e,t.native,t.contract),a=r.adds.length&&null!=r.avgMax?r.avgMax:null!=(n=t.maxAvg)?n:t.maxReturn;return null!=a?a:null}function rL(e,t,n){var r,a,l;let o=t?""spy"":n.startsWith(""SPXW"")||n.startsWith(""SPX"")?""spx"":n.startsWith(""QQQ"")?""qqq"":""spy"",s=(null!=(l=e.adds)?l:[]).map(e=>{let t=e[o];return{time:e.time,prem:null==t?void 0:t.prem,contract:null==t?void 0:t.contract,same:null==t?void 0:t.same}"
1536-064f08115df39c50.js,armed,8,43,190962,1,armed,"gedReturn,native:!1,scale:null!=(c=null==(r=e.altScale)?void 0:r[t])?c:1,levels:null!=(d=null==(a=e.altLevels)?void 0:a[t])?d:u.premLevels,peakTime:u.peakTime,lifecycle:u.lifecycle,premSeries:u.premSeries,prog:(null==(l=e.altLevels)?void 0:l[t])?null==(o=e.progress)?void 0:o[t]:u.premLevels||null==(s=e.progress)?void 0:s.SPY,limitPlan:u.limitPlan,armed:u.armed,playbook:u.playbook,gradeSrc:u.gradeSrc}:null};if(t!==a){let e=o(t);if(l(e))return e}let s={contract:e.contract,mark:e.mark,maxReturn:e.maxReturn,maxAvg:e.maxAvg,managedReturn:e.managedReturn,native:!0,scale:1,peakTime:e.peakTime,lifecycle:e.lifecycle,premSeries:e.premSeries,prog:null==(r=e.progress)?void 0:r.SPY,limitPlan:e.limitPlan,",":e.playbook?{spread_pct:e.playbook.spread_pct,skipped_entry:e.playbook.skipped_entry}:void 0,playbook:e.playbook,gradeSrc:e.gradeSrc};if(l(s))return s;for(let e of[""SPY"",""SPX"",""QQQ""]){if(e===a)continue;let t=o(e);if(l(t))return t}return null!=(n=t!==a?o(t):null)?n:s}function rD(e,t){var n;let r=rL(e,t.native,t.contract),a=r.adds.length&&null!=r.avgMax?r.avgMax:null!=(n=t.maxAvg)?n:t.maxReturn;return null!=a?a:null}function rL(e,t,n){var r,a,l;let o=t?""spy"":n.startsWith(""SPXW"")||n.startsWith(""SPX"")?""spx"":n.startsWith(""QQQ"")?""qqq"":""spy"",s=(null!=(l=e.adds)?l:[]).map(e=>{let t=e[o];return{time:e.time,prem:null==t?void 0:t.prem,contract:null==t?void 0:t.contract,same:null==t?void 0:t.same}}).fil"
1536-064f08115df39c50.js,playbook,22,77,190970,1,playbook,"n,native:!1,scale:null!=(c=null==(r=e.altScale)?void 0:r[t])?c:1,levels:null!=(d=null==(a=e.altLevels)?void 0:a[t])?d:u.premLevels,peakTime:u.peakTime,lifecycle:u.lifecycle,premSeries:u.premSeries,prog:(null==(l=e.altLevels)?void 0:l[t])?null==(o=e.progress)?void 0:o[t]:u.premLevels||null==(s=e.progress)?void 0:s.SPY,limitPlan:u.limitPlan,armed:u.armed,playbook:u.playbook,gradeSrc:u.gradeSrc}:null};if(t!==a){let e=o(t);if(l(e))return e}let s={contract:e.contract,mark:e.mark,maxReturn:e.maxReturn,maxAvg:e.maxAvg,managedReturn:e.managedReturn,native:!0,scale:1,peakTime:e.peakTime,lifecycle:e.lifecycle,premSeries:e.premSeries,prog:null==(r=e.progress)?void 0:r.SPY,limitPlan:e.limitPlan,armed:e.","?{spread_pct:e.playbook.spread_pct,skipped_entry:e.playbook.skipped_entry}:void 0,playbook:e.playbook,gradeSrc:e.gradeSrc};if(l(s))return s;for(let e of[""SPY"",""SPX"",""QQQ""]){if(e===a)continue;let t=o(e);if(l(t))return t}return null!=(n=t!==a?o(t):null)?n:s}function rD(e,t){var n;let r=rL(e,t.native,t.contract),a=r.adds.length&&null!=r.avgMax?r.avgMax:null!=(n=t.maxAvg)?n:t.maxReturn;return null!=a?a:null}function rL(e,t,n){var r,a,l;let o=t?""spy"":n.startsWith(""SPXW"")||n.startsWith(""SPX"")?""spx"":n.startsWith(""QQQ"")?""qqq"":""spy"",s=(null!=(l=e.adds)?l:[]).map(e=>{let t=e[o];return{time:e.time,prem:null==t?void 0:t.prem,contract:null==t?void 0:t.contract,same:null==t?void 0:t.same}}).filter(e=>!1!="
1536-064f08115df39c50.js,spread_pct,7,9,190980,1,spread_pct,"1,scale:null!=(c=null==(r=e.altScale)?void 0:r[t])?c:1,levels:null!=(d=null==(a=e.altLevels)?void 0:a[t])?d:u.premLevels,peakTime:u.peakTime,lifecycle:u.lifecycle,premSeries:u.premSeries,prog:(null==(l=e.altLevels)?void 0:l[t])?null==(o=e.progress)?void 0:o[t]:u.premLevels||null==(s=e.progress)?void 0:s.SPY,limitPlan:u.limitPlan,armed:u.armed,playbook:u.playbook,gradeSrc:u.gradeSrc}:null};if(t!==a){let e=o(t);if(l(e))return e}let s={contract:e.contract,mark:e.mark,maxReturn:e.maxReturn,maxAvg:e.maxAvg,managedReturn:e.managedReturn,native:!0,scale:1,peakTime:e.peakTime,lifecycle:e.lifecycle,premSeries:e.premSeries,prog:null==(r=e.progress)?void 0:r.SPY,limitPlan:e.limitPlan,armed:e.playbook?{",":e.playbook.spread_pct,skipped_entry:e.playbook.skipped_entry}:void 0,playbook:e.playbook,gradeSrc:e.gradeSrc};if(l(s))return s;for(let e of[""SPY"",""SPX"",""QQQ""]){if(e===a)continue;let t=o(e);if(l(t))return t}return null!=(n=t!==a?o(t):null)?n:s}function rD(e,t){var n;let r=rL(e,t.native,t.contract),a=r.adds.length&&null!=r.avgMax?r.avgMax:null!=(n=t.maxAvg)?n:t.maxReturn;return null!=a?a:null}function rL(e,t,n){var r,a,l;let o=t?""spy"":n.startsWith(""SPXW"")||n.startsWith(""SPX"")?""spx"":n.startsWith(""QQQ"")?""qqq"":""spy"",s=(null!=(l=e.adds)?l:[]).map(e=>{let t=e[o];return{time:e.time,prem:null==t?void 0:t.prem,contract:null==t?void 0:t.contract,same:null==t?void 0:t.same}}).filter(e=>!1!==e.same);ret"
1536-064f08115df39c50.js,playbook,23,77,190993,1,playbook,"=(c=null==(r=e.altScale)?void 0:r[t])?c:1,levels:null!=(d=null==(a=e.altLevels)?void 0:a[t])?d:u.premLevels,peakTime:u.peakTime,lifecycle:u.lifecycle,premSeries:u.premSeries,prog:(null==(l=e.altLevels)?void 0:l[t])?null==(o=e.progress)?void 0:o[t]:u.premLevels||null==(s=e.progress)?void 0:s.SPY,limitPlan:u.limitPlan,armed:u.armed,playbook:u.playbook,gradeSrc:u.gradeSrc}:null};if(t!==a){let e=o(t);if(l(e))return e}let s={contract:e.contract,mark:e.mark,maxReturn:e.maxReturn,maxAvg:e.maxAvg,managedReturn:e.managedReturn,native:!0,scale:1,peakTime:e.peakTime,lifecycle:e.lifecycle,premSeries:e.premSeries,prog:null==(r=e.progress)?void 0:r.SPY,limitPlan:e.limitPlan,armed:e.playbook?{spread_pct:e.",".spread_pct,skipped_entry:e.playbook.skipped_entry}:void 0,playbook:e.playbook,gradeSrc:e.gradeSrc};if(l(s))return s;for(let e of[""SPY"",""SPX"",""QQQ""]){if(e===a)continue;let t=o(e);if(l(t))return t}return null!=(n=t!==a?o(t):null)?n:s}function rD(e,t){var n;let r=rL(e,t.native,t.contract),a=r.adds.length&&null!=r.avgMax?r.avgMax:null!=(n=t.maxAvg)?n:t.maxReturn;return null!=a?a:null}function rL(e,t,n){var r,a,l;let o=t?""spy"":n.startsWith(""SPXW"")||n.startsWith(""SPX"")?""spx"":n.startsWith(""QQQ"")?""qqq"":""spy"",s=(null!=(l=e.adds)?l:[]).map(e=>{let t=e[o];return{time:e.time,prem:null==t?void 0:t.prem,contract:null==t?void 0:t.contract,same:null==t?void 0:t.same}}).filter(e=>!1!==e.same);return{leg:o,a"
1536-064f08115df39c50.js,spread_pct,8,9,191002,1,spread_pct,"=(r=e.altScale)?void 0:r[t])?c:1,levels:null!=(d=null==(a=e.altLevels)?void 0:a[t])?d:u.premLevels,peakTime:u.peakTime,lifecycle:u.lifecycle,premSeries:u.premSeries,prog:(null==(l=e.altLevels)?void 0:l[t])?null==(o=e.progress)?void 0:o[t]:u.premLevels||null==(s=e.progress)?void 0:s.SPY,limitPlan:u.limitPlan,armed:u.armed,playbook:u.playbook,gradeSrc:u.gradeSrc}:null};if(t!==a){let e=o(t);if(l(e))return e}let s={contract:e.contract,mark:e.mark,maxReturn:e.maxReturn,maxAvg:e.maxAvg,managedReturn:e.managedReturn,native:!0,scale:1,peakTime:e.peakTime,lifecycle:e.lifecycle,premSeries:e.premSeries,prog:null==(r=e.progress)?void 0:r.SPY,limitPlan:e.limitPlan,armed:e.playbook?{spread_pct:e.playbook.",",skipped_entry:e.playbook.skipped_entry}:void 0,playbook:e.playbook,gradeSrc:e.gradeSrc};if(l(s))return s;for(let e of[""SPY"",""SPX"",""QQQ""]){if(e===a)continue;let t=o(e);if(l(t))return t}return null!=(n=t!==a?o(t):null)?n:s}function rD(e,t){var n;let r=rL(e,t.native,t.contract),a=r.adds.length&&null!=r.avgMax?r.avgMax:null!=(n=t.maxAvg)?n:t.maxReturn;return null!=a?a:null}function rL(e,t,n){var r,a,l;let o=t?""spy"":n.startsWith(""SPXW"")||n.startsWith(""SPX"")?""spx"":n.startsWith(""QQQ"")?""qqq"":""spy"",s=(null!=(l=e.adds)?l:[]).map(e=>{let t=e[o];return{time:e.time,prem:null==t?void 0:t.prem,contract:null==t?void 0:t.contract,same:null==t?void 0:t.same}}).filter(e=>!1!==e.same);return{leg:o,adds:s,avg:n"
1536-064f08115df39c50.js,skipped_entry,7,12,191013,1,skipped_entry,"ale)?void 0:r[t])?c:1,levels:null!=(d=null==(a=e.altLevels)?void 0:a[t])?d:u.premLevels,peakTime:u.peakTime,lifecycle:u.lifecycle,premSeries:u.premSeries,prog:(null==(l=e.altLevels)?void 0:l[t])?null==(o=e.progress)?void 0:o[t]:u.premLevels||null==(s=e.progress)?void 0:s.SPY,limitPlan:u.limitPlan,armed:u.armed,playbook:u.playbook,gradeSrc:u.gradeSrc}:null};if(t!==a){let e=o(t);if(l(e))return e}let s={contract:e.contract,mark:e.mark,maxReturn:e.maxReturn,maxAvg:e.maxAvg,managedReturn:e.managedReturn,native:!0,scale:1,peakTime:e.peakTime,lifecycle:e.lifecycle,premSeries:e.premSeries,prog:null==(r=e.progress)?void 0:r.SPY,limitPlan:e.limitPlan,armed:e.playbook?{spread_pct:e.playbook.spread_pct,",":e.playbook.skipped_entry}:void 0,playbook:e.playbook,gradeSrc:e.gradeSrc};if(l(s))return s;for(let e of[""SPY"",""SPX"",""QQQ""]){if(e===a)continue;let t=o(e);if(l(t))return t}return null!=(n=t!==a?o(t):null)?n:s}function rD(e,t){var n;let r=rL(e,t.native,t.contract),a=r.adds.length&&null!=r.avgMax?r.avgMax:null!=(n=t.maxAvg)?n:t.maxReturn;return null!=a?a:null}function rL(e,t,n){var r,a,l;let o=t?""spy"":n.startsWith(""SPXW"")||n.startsWith(""SPX"")?""spx"":n.startsWith(""QQQ"")?""qqq"":""spy"",s=(null!=(l=e.adds)?l:[]).map(e=>{let t=e[o];return{time:e.time,prem:null==t?void 0:t.prem,contract:null==t?void 0:t.contract,same:null==t?void 0:t.same}}).filter(e=>!1!==e.same);return{leg:o,adds:s,avg:null==(r=e.avgP"
1536-064f08115df39c50.js,playbook,24,77,191029,1,playbook,")?c:1,levels:null!=(d=null==(a=e.altLevels)?void 0:a[t])?d:u.premLevels,peakTime:u.peakTime,lifecycle:u.lifecycle,premSeries:u.premSeries,prog:(null==(l=e.altLevels)?void 0:l[t])?null==(o=e.progress)?void 0:o[t]:u.premLevels||null==(s=e.progress)?void 0:s.SPY,limitPlan:u.limitPlan,armed:u.armed,playbook:u.playbook,gradeSrc:u.gradeSrc}:null};if(t!==a){let e=o(t);if(l(e))return e}let s={contract:e.contract,mark:e.mark,maxReturn:e.maxReturn,maxAvg:e.maxAvg,managedReturn:e.managedReturn,native:!0,scale:1,peakTime:e.peakTime,lifecycle:e.lifecycle,premSeries:e.premSeries,prog:null==(r=e.progress)?void 0:r.SPY,limitPlan:e.limitPlan,armed:e.playbook?{spread_pct:e.playbook.spread_pct,skipped_entry:e.",".skipped_entry}:void 0,playbook:e.playbook,gradeSrc:e.gradeSrc};if(l(s))return s;for(let e of[""SPY"",""SPX"",""QQQ""]){if(e===a)continue;let t=o(e);if(l(t))return t}return null!=(n=t!==a?o(t):null)?n:s}function rD(e,t){var n;let r=rL(e,t.native,t.contract),a=r.adds.length&&null!=r.avgMax?r.avgMax:null!=(n=t.maxAvg)?n:t.maxReturn;return null!=a?a:null}function rL(e,t,n){var r,a,l;let o=t?""spy"":n.startsWith(""SPXW"")||n.startsWith(""SPX"")?""spx"":n.startsWith(""QQQ"")?""qqq"":""spy"",s=(null!=(l=e.adds)?l:[]).map(e=>{let t=e[o];return{time:e.time,prem:null==t?void 0:t.prem,contract:null==t?void 0:t.contract,same:null==t?void 0:t.same}}).filter(e=>!1!==e.same);return{leg:o,adds:s,avg:null==(r=e.avgPrem)?void 0"
1536-064f08115df39c50.js,skipped_entry,8,12,191038,1,skipped_entry,"els:null!=(d=null==(a=e.altLevels)?void 0:a[t])?d:u.premLevels,peakTime:u.peakTime,lifecycle:u.lifecycle,premSeries:u.premSeries,prog:(null==(l=e.altLevels)?void 0:l[t])?null==(o=e.progress)?void 0:o[t]:u.premLevels||null==(s=e.progress)?void 0:s.SPY,limitPlan:u.limitPlan,armed:u.armed,playbook:u.playbook,gradeSrc:u.gradeSrc}:null};if(t!==a){let e=o(t);if(l(e))return e}let s={contract:e.contract,mark:e.mark,maxReturn:e.maxReturn,maxAvg:e.maxAvg,managedReturn:e.managedReturn,native:!0,scale:1,peakTime:e.peakTime,lifecycle:e.lifecycle,premSeries:e.premSeries,prog:null==(r=e.progress)?void 0:r.SPY,limitPlan:e.limitPlan,armed:e.playbook?{spread_pct:e.playbook.spread_pct,skipped_entry:e.playbook.","}:void 0,playbook:e.playbook,gradeSrc:e.gradeSrc};if(l(s))return s;for(let e of[""SPY"",""SPX"",""QQQ""]){if(e===a)continue;let t=o(e);if(l(t))return t}return null!=(n=t!==a?o(t):null)?n:s}function rD(e,t){var n;let r=rL(e,t.native,t.contract),a=r.adds.length&&null!=r.avgMax?r.avgMax:null!=(n=t.maxAvg)?n:t.maxReturn;return null!=a?a:null}function rL(e,t,n){var r,a,l;let o=t?""spy"":n.startsWith(""SPXW"")||n.startsWith(""SPX"")?""spx"":n.startsWith(""QQQ"")?""qqq"":""spy"",s=(null!=(l=e.adds)?l:[]).map(e=>{let t=e[o];return{time:e.time,prem:null==t?void 0:t.prem,contract:null==t?void 0:t.contract,same:null==t?void 0:t.same}}).filter(e=>!1!==e.same);return{leg:o,adds:s,avg:null==(r=e.avgPrem)?void 0:r[o],avgMax:n"
1536-064f08115df39c50.js,playbook,25,77,191060,1,playbook,"e.altLevels)?void 0:a[t])?d:u.premLevels,peakTime:u.peakTime,lifecycle:u.lifecycle,premSeries:u.premSeries,prog:(null==(l=e.altLevels)?void 0:l[t])?null==(o=e.progress)?void 0:o[t]:u.premLevels||null==(s=e.progress)?void 0:s.SPY,limitPlan:u.limitPlan,armed:u.armed,playbook:u.playbook,gradeSrc:u.gradeSrc}:null};if(t!==a){let e=o(t);if(l(e))return e}let s={contract:e.contract,mark:e.mark,maxReturn:e.maxReturn,maxAvg:e.maxAvg,managedReturn:e.managedReturn,native:!0,scale:1,peakTime:e.peakTime,lifecycle:e.lifecycle,premSeries:e.premSeries,prog:null==(r=e.progress)?void 0:r.SPY,limitPlan:e.limitPlan,armed:e.playbook?{spread_pct:e.playbook.spread_pct,skipped_entry:e.playbook.skipped_entry}:void 0,",":e.playbook,gradeSrc:e.gradeSrc};if(l(s))return s;for(let e of[""SPY"",""SPX"",""QQQ""]){if(e===a)continue;let t=o(e);if(l(t))return t}return null!=(n=t!==a?o(t):null)?n:s}function rD(e,t){var n;let r=rL(e,t.native,t.contract),a=r.adds.length&&null!=r.avgMax?r.avgMax:null!=(n=t.maxAvg)?n:t.maxReturn;return null!=a?a:null}function rL(e,t,n){var r,a,l;let o=t?""spy"":n.startsWith(""SPXW"")||n.startsWith(""SPX"")?""spx"":n.startsWith(""QQQ"")?""qqq"":""spy"",s=(null!=(l=e.adds)?l:[]).map(e=>{let t=e[o];return{time:e.time,prem:null==t?void 0:t.prem,contract:null==t?void 0:t.contract,same:null==t?void 0:t.same}}).filter(e=>!1!==e.same);return{leg:o,adds:s,avg:null==(r=e.avgPrem)?void 0:r[o],avgMax:null==(a=e.avgMaxR"
1536-064f08115df39c50.js,playbook,26,77,191071,1,playbook,")?void 0:a[t])?d:u.premLevels,peakTime:u.peakTime,lifecycle:u.lifecycle,premSeries:u.premSeries,prog:(null==(l=e.altLevels)?void 0:l[t])?null==(o=e.progress)?void 0:o[t]:u.premLevels||null==(s=e.progress)?void 0:s.SPY,limitPlan:u.limitPlan,armed:u.armed,playbook:u.playbook,gradeSrc:u.gradeSrc}:null};if(t!==a){let e=o(t);if(l(e))return e}let s={contract:e.contract,mark:e.mark,maxReturn:e.maxReturn,maxAvg:e.maxAvg,managedReturn:e.managedReturn,native:!0,scale:1,peakTime:e.peakTime,lifecycle:e.lifecycle,premSeries:e.premSeries,prog:null==(r=e.progress)?void 0:r.SPY,limitPlan:e.limitPlan,armed:e.playbook?{spread_pct:e.playbook.spread_pct,skipped_entry:e.playbook.skipped_entry}:void 0,playbook:e.",",gradeSrc:e.gradeSrc};if(l(s))return s;for(let e of[""SPY"",""SPX"",""QQQ""]){if(e===a)continue;let t=o(e);if(l(t))return t}return null!=(n=t!==a?o(t):null)?n:s}function rD(e,t){var n;let r=rL(e,t.native,t.contract),a=r.adds.length&&null!=r.avgMax?r.avgMax:null!=(n=t.maxAvg)?n:t.maxReturn;return null!=a?a:null}function rL(e,t,n){var r,a,l;let o=t?""spy"":n.startsWith(""SPXW"")||n.startsWith(""SPX"")?""spx"":n.startsWith(""QQQ"")?""qqq"":""spy"",s=(null!=(l=e.adds)?l:[]).map(e=>{let t=e[o];return{time:e.time,prem:null==t?void 0:t.prem,contract:null==t?void 0:t.contract,same:null==t?void 0:t.same}}).filter(e=>!1!==e.same);return{leg:o,adds:s,avg:null==(r=e.avgPrem)?void 0:r[o],avgMax:null==(a=e.avgMaxReturn)?void"
1536-064f08115df39c50.js,limitPlan,13,21,195072,1,limitPlan,"tle:x.risks.join(""\n""),style:{fontSize:11,lineHeight:1,color:""var(--tv2-warn)"",textShadow:""0 0 6px rgba(var(--tv2-warn-rgb),0.5)""},children:""⚠""}),(0,r.jsx)(""span"",{className:""ml-auto"",children:(0,r.jsx)(rf._I,{score:x.score,size:34,skin:rS})})]}),(0,r.jsxs)(""div"",{className:""mt-2.5 flex items-baseline justify-between gap-2"",style:{fontSize:12.5,fontWeight:500,color:y.textSecondary,fontVariantNumeric:""tabular-nums""},children:[(0,r.jsxs)(""span"",{className:""truncate"",children:[f.native?(0,r.jsxs)(r.Fragment,{children:[x.symbol,"" "",(0,r.jsx)(""b"",{style:{color:rN,fontWeight:700},children:x.contract})]}):(0,r.jsx)(""b"",{style:{color:rN,fontWeight:700},children:f.contract}),"" \xb7 0DTE"",(null==(l=f.",")?void 0:l.entry_style)===""dip""&&null!=f.limitPlan.px&&(0,r.jsx)(""b"",{title:""agent decision: DIP-OR-SKIP — market-buy only if premium prints ≤ $"".concat(f.limitPlan.px.toFixed(2),"" ("").concat(null!=(g=f.limitPlan.k)?g:1.5,""σ dip) shortly after fire \xb7 no dip = no trade"").concat(x.offBook?"" \xb7 pre-noon fire: tracked signal, outside the armed midday book"":"""").concat((null==(o=f.armed)?void 0:o.skipped_entry)?"" \xb7 SKIPPED: no dip printed, no trade taken"":""""),style:{marginLeft:6,fontSize:8.5,fontWeight:700,letterSpacing:""0.05em"",color:x.offBook||(null==(s=f.armed)?void 0:s.skipped_entry)?""var(--tv2-dim, #8a8f98)"":rN},children:x.offBook?""OFF-BOOK"":(null==(i=f.armed)?void 0:i.skipped_entry)?"
1536-064f08115df39c50.js,entry_style,1,9,195092,1,entry_style,"""),style:{fontSize:11,lineHeight:1,color:""var(--tv2-warn)"",textShadow:""0 0 6px rgba(var(--tv2-warn-rgb),0.5)""},children:""⚠""}),(0,r.jsx)(""span"",{className:""ml-auto"",children:(0,r.jsx)(rf._I,{score:x.score,size:34,skin:rS})})]}),(0,r.jsxs)(""div"",{className:""mt-2.5 flex items-baseline justify-between gap-2"",style:{fontSize:12.5,fontWeight:500,color:y.textSecondary,fontVariantNumeric:""tabular-nums""},children:[(0,r.jsxs)(""span"",{className:""truncate"",children:[f.native?(0,r.jsxs)(r.Fragment,{children:[x.symbol,"" "",(0,r.jsx)(""b"",{style:{color:rN,fontWeight:700},children:x.contract})]}):(0,r.jsx)(""b"",{style:{color:rN,fontWeight:700},children:f.contract}),"" \xb7 0DTE"",(null==(l=f.limitPlan)?void 0:l.",")===""dip""&&null!=f.limitPlan.px&&(0,r.jsx)(""b"",{title:""agent decision: DIP-OR-SKIP — market-buy only if premium prints ≤ $"".concat(f.limitPlan.px.toFixed(2),"" ("").concat(null!=(g=f.limitPlan.k)?g:1.5,""σ dip) shortly after fire \xb7 no dip = no trade"").concat(x.offBook?"" \xb7 pre-noon fire: tracked signal, outside the armed midday book"":"""").concat((null==(o=f.armed)?void 0:o.skipped_entry)?"" \xb7 SKIPPED: no dip printed, no trade taken"":""""),style:{marginLeft:6,fontSize:8.5,fontWeight:700,letterSpacing:""0.05em"",color:x.offBook||(null==(s=f.armed)?void 0:s.skipped_entry)?""var(--tv2-dim, #8a8f98)"":rN},children:x.offBook?""OFF-BOOK"":(null==(i=f.armed)?void 0:i.skipped_entry)?""SKIPPED"":""DIP ≤$"".con"
1536-064f08115df39c50.js,limitPlan,14,21,195122,1,limitPlan,"ht:1,color:""var(--tv2-warn)"",textShadow:""0 0 6px rgba(var(--tv2-warn-rgb),0.5)""},children:""⚠""}),(0,r.jsx)(""span"",{className:""ml-auto"",children:(0,r.jsx)(rf._I,{score:x.score,size:34,skin:rS})})]}),(0,r.jsxs)(""div"",{className:""mt-2.5 flex items-baseline justify-between gap-2"",style:{fontSize:12.5,fontWeight:500,color:y.textSecondary,fontVariantNumeric:""tabular-nums""},children:[(0,r.jsxs)(""span"",{className:""truncate"",children:[f.native?(0,r.jsxs)(r.Fragment,{children:[x.symbol,"" "",(0,r.jsx)(""b"",{style:{color:rN,fontWeight:700},children:x.contract})]}):(0,r.jsx)(""b"",{style:{color:rN,fontWeight:700},children:f.contract}),"" \xb7 0DTE"",(null==(l=f.limitPlan)?void 0:l.entry_style)===""dip""&&null!=f.",".px&&(0,r.jsx)(""b"",{title:""agent decision: DIP-OR-SKIP — market-buy only if premium prints ≤ $"".concat(f.limitPlan.px.toFixed(2),"" ("").concat(null!=(g=f.limitPlan.k)?g:1.5,""σ dip) shortly after fire \xb7 no dip = no trade"").concat(x.offBook?"" \xb7 pre-noon fire: tracked signal, outside the armed midday book"":"""").concat((null==(o=f.armed)?void 0:o.skipped_entry)?"" \xb7 SKIPPED: no dip printed, no trade taken"":""""),style:{marginLeft:6,fontSize:8.5,fontWeight:700,letterSpacing:""0.05em"",color:x.offBook||(null==(s=f.armed)?void 0:s.skipped_entry)?""var(--tv2-dim, #8a8f98)"":rN},children:x.offBook?""OFF-BOOK"":(null==(i=f.armed)?void 0:i.skipped_entry)?""SKIPPED"":""DIP ≤$"".concat(f.limitPlan.px.toFixed(2"
1536-064f08115df39c50.js,DIP-OR-SKIP,1,4,195174,1,DIP-OR-SKIP,"a(var(--tv2-warn-rgb),0.5)""},children:""⚠""}),(0,r.jsx)(""span"",{className:""ml-auto"",children:(0,r.jsx)(rf._I,{score:x.score,size:34,skin:rS})})]}),(0,r.jsxs)(""div"",{className:""mt-2.5 flex items-baseline justify-between gap-2"",style:{fontSize:12.5,fontWeight:500,color:y.textSecondary,fontVariantNumeric:""tabular-nums""},children:[(0,r.jsxs)(""span"",{className:""truncate"",children:[f.native?(0,r.jsxs)(r.Fragment,{children:[x.symbol,"" "",(0,r.jsx)(""b"",{style:{color:rN,fontWeight:700},children:x.contract})]}):(0,r.jsx)(""b"",{style:{color:rN,fontWeight:700},children:f.contract}),"" \xb7 0DTE"",(null==(l=f.limitPlan)?void 0:l.entry_style)===""dip""&&null!=f.limitPlan.px&&(0,r.jsx)(""b"",{title:""agent decision:","— market-buy only if premium prints ≤ $"".concat(f.limitPlan.px.toFixed(2),"" ("").concat(null!=(g=f.limitPlan.k)?g:1.5,""σ dip) shortly after fire \xb7 no dip = no trade"").concat(x.offBook?"" \xb7 pre-noon fire: tracked signal, outside the armed midday book"":"""").concat((null==(o=f.armed)?void 0:o.skipped_entry)?"" \xb7 SKIPPED: no dip printed, no trade taken"":""""),style:{marginLeft:6,fontSize:8.5,fontWeight:700,letterSpacing:""0.05em"",color:x.offBook||(null==(s=f.armed)?void 0:s.skipped_entry)?""var(--tv2-dim, #8a8f98)"":rN},children:x.offBook?""OFF-BOOK"":(null==(i=f.armed)?void 0:i.skipped_entry)?""SKIPPED"":""DIP ≤$"".concat(f.limitPlan.px.toFixed(2))}),(null!=(h=null==(c=x.adds)?void 0:c.length)?h:0)>"
1536-064f08115df39c50.js,limitPlan,15,21,195236,1,limitPlan,"className:""ml-auto"",children:(0,r.jsx)(rf._I,{score:x.score,size:34,skin:rS})})]}),(0,r.jsxs)(""div"",{className:""mt-2.5 flex items-baseline justify-between gap-2"",style:{fontSize:12.5,fontWeight:500,color:y.textSecondary,fontVariantNumeric:""tabular-nums""},children:[(0,r.jsxs)(""span"",{className:""truncate"",children:[f.native?(0,r.jsxs)(r.Fragment,{children:[x.symbol,"" "",(0,r.jsx)(""b"",{style:{color:rN,fontWeight:700},children:x.contract})]}):(0,r.jsx)(""b"",{style:{color:rN,fontWeight:700},children:f.contract}),"" \xb7 0DTE"",(null==(l=f.limitPlan)?void 0:l.entry_style)===""dip""&&null!=f.limitPlan.px&&(0,r.jsx)(""b"",{title:""agent decision: DIP-OR-SKIP — market-buy only if premium prints ≤ $"".concat(f.",".px.toFixed(2),"" ("").concat(null!=(g=f.limitPlan.k)?g:1.5,""σ dip) shortly after fire \xb7 no dip = no trade"").concat(x.offBook?"" \xb7 pre-noon fire: tracked signal, outside the armed midday book"":"""").concat((null==(o=f.armed)?void 0:o.skipped_entry)?"" \xb7 SKIPPED: no dip printed, no trade taken"":""""),style:{marginLeft:6,fontSize:8.5,fontWeight:700,letterSpacing:""0.05em"",color:x.offBook||(null==(s=f.armed)?void 0:s.skipped_entry)?""var(--tv2-dim, #8a8f98)"":rN},children:x.offBook?""OFF-BOOK"":(null==(i=f.armed)?void 0:i.skipped_entry)?""SKIPPED"":""DIP ≤$"".concat(f.limitPlan.px.toFixed(2))}),(null!=(h=null==(c=x.adds)?void 0:c.length)?h:0)>0&&(()=>{var e;let t=rL(x,f.native,f.contract);return(0,r.js"
1536-064f08115df39c50.js,limitPlan,16,21,195284,1,limitPlan,"ore:x.score,size:34,skin:rS})})]}),(0,r.jsxs)(""div"",{className:""mt-2.5 flex items-baseline justify-between gap-2"",style:{fontSize:12.5,fontWeight:500,color:y.textSecondary,fontVariantNumeric:""tabular-nums""},children:[(0,r.jsxs)(""span"",{className:""truncate"",children:[f.native?(0,r.jsxs)(r.Fragment,{children:[x.symbol,"" "",(0,r.jsx)(""b"",{style:{color:rN,fontWeight:700},children:x.contract})]}):(0,r.jsx)(""b"",{style:{color:rN,fontWeight:700},children:f.contract}),"" \xb7 0DTE"",(null==(l=f.limitPlan)?void 0:l.entry_style)===""dip""&&null!=f.limitPlan.px&&(0,r.jsx)(""b"",{title:""agent decision: DIP-OR-SKIP — market-buy only if premium prints ≤ $"".concat(f.limitPlan.px.toFixed(2),"" ("").concat(null!=(g=f.",".k)?g:1.5,""σ dip) shortly after fire \xb7 no dip = no trade"").concat(x.offBook?"" \xb7 pre-noon fire: tracked signal, outside the armed midday book"":"""").concat((null==(o=f.armed)?void 0:o.skipped_entry)?"" \xb7 SKIPPED: no dip printed, no trade taken"":""""),style:{marginLeft:6,fontSize:8.5,fontWeight:700,letterSpacing:""0.05em"",color:x.offBook||(null==(s=f.armed)?void 0:s.skipped_entry)?""var(--tv2-dim, #8a8f98)"":rN},children:x.offBook?""OFF-BOOK"":(null==(i=f.armed)?void 0:i.skipped_entry)?""SKIPPED"":""DIP ≤$"".concat(f.limitPlan.px.toFixed(2))}),(null!=(h=null==(c=x.adds)?void 0:c.length)?h:0)>0&&(()=>{var e;let t=rL(x,f.native,f.contract);return(0,r.jsxs)(""span"",{title:""Scaled in "".concat(1+t.adds.l"
1536-064f08115df39c50.js,shortly after fire,1,3,195311,1,shortly after fire,"})})]}),(0,r.jsxs)(""div"",{className:""mt-2.5 flex items-baseline justify-between gap-2"",style:{fontSize:12.5,fontWeight:500,color:y.textSecondary,fontVariantNumeric:""tabular-nums""},children:[(0,r.jsxs)(""span"",{className:""truncate"",children:[f.native?(0,r.jsxs)(r.Fragment,{children:[x.symbol,"" "",(0,r.jsx)(""b"",{style:{color:rN,fontWeight:700},children:x.contract})]}):(0,r.jsx)(""b"",{style:{color:rN,fontWeight:700},children:f.contract}),"" \xb7 0DTE"",(null==(l=f.limitPlan)?void 0:l.entry_style)===""dip""&&null!=f.limitPlan.px&&(0,r.jsx)(""b"",{title:""agent decision: DIP-OR-SKIP — market-buy only if premium prints ≤ $"".concat(f.limitPlan.px.toFixed(2),"" ("").concat(null!=(g=f.limitPlan.k)?g:1.5,""σ dip)","\xb7 no dip = no trade"").concat(x.offBook?"" \xb7 pre-noon fire: tracked signal, outside the armed midday book"":"""").concat((null==(o=f.armed)?void 0:o.skipped_entry)?"" \xb7 SKIPPED: no dip printed, no trade taken"":""""),style:{marginLeft:6,fontSize:8.5,fontWeight:700,letterSpacing:""0.05em"",color:x.offBook||(null==(s=f.armed)?void 0:s.skipped_entry)?""var(--tv2-dim, #8a8f98)"":rN},children:x.offBook?""OFF-BOOK"":(null==(i=f.armed)?void 0:i.skipped_entry)?""SKIPPED"":""DIP ≤$"".concat(f.limitPlan.px.toFixed(2))}),(null!=(h=null==(c=x.adds)?void 0:c.length)?h:0)>0&&(()=>{var e;let t=rL(x,f.native,f.contract);return(0,r.jsxs)(""span"",{title:""Scaled in "".concat(1+t.adds.length,""\xd7 (1/"").concat(null!=(e=x."
1536-064f08115df39c50.js,fire,8,15,195325,1,fire,"sxs)(""div"",{className:""mt-2.5 flex items-baseline justify-between gap-2"",style:{fontSize:12.5,fontWeight:500,color:y.textSecondary,fontVariantNumeric:""tabular-nums""},children:[(0,r.jsxs)(""span"",{className:""truncate"",children:[f.native?(0,r.jsxs)(r.Fragment,{children:[x.symbol,"" "",(0,r.jsx)(""b"",{style:{color:rN,fontWeight:700},children:x.contract})]}):(0,r.jsx)(""b"",{style:{color:rN,fontWeight:700},children:f.contract}),"" \xb7 0DTE"",(null==(l=f.limitPlan)?void 0:l.entry_style)===""dip""&&null!=f.limitPlan.px&&(0,r.jsx)(""b"",{title:""agent decision: DIP-OR-SKIP — market-buy only if premium prints ≤ $"".concat(f.limitPlan.px.toFixed(2),"" ("").concat(null!=(g=f.limitPlan.k)?g:1.5,""σ dip) shortly after","\xb7 no dip = no trade"").concat(x.offBook?"" \xb7 pre-noon fire: tracked signal, outside the armed midday book"":"""").concat((null==(o=f.armed)?void 0:o.skipped_entry)?"" \xb7 SKIPPED: no dip printed, no trade taken"":""""),style:{marginLeft:6,fontSize:8.5,fontWeight:700,letterSpacing:""0.05em"",color:x.offBook||(null==(s=f.armed)?void 0:s.skipped_entry)?""var(--tv2-dim, #8a8f98)"":rN},children:x.offBook?""OFF-BOOK"":(null==(i=f.armed)?void 0:i.skipped_entry)?""SKIPPED"":""DIP ≤$"".concat(f.limitPlan.px.toFixed(2))}),(null!=(h=null==(c=x.adds)?void 0:c.length)?h:0)>0&&(()=>{var e;let t=rL(x,f.native,f.contract);return(0,r.jsxs)(""span"",{title:""Scaled in "".concat(1+t.adds.length,""\xd7 (1/"").concat(null!=(e=x."
1536-064f08115df39c50.js,fire,9,15,195388,1,fire,"en gap-2"",style:{fontSize:12.5,fontWeight:500,color:y.textSecondary,fontVariantNumeric:""tabular-nums""},children:[(0,r.jsxs)(""span"",{className:""truncate"",children:[f.native?(0,r.jsxs)(r.Fragment,{children:[x.symbol,"" "",(0,r.jsx)(""b"",{style:{color:rN,fontWeight:700},children:x.contract})]}):(0,r.jsx)(""b"",{style:{color:rN,fontWeight:700},children:f.contract}),"" \xb7 0DTE"",(null==(l=f.limitPlan)?void 0:l.entry_style)===""dip""&&null!=f.limitPlan.px&&(0,r.jsx)(""b"",{title:""agent decision: DIP-OR-SKIP — market-buy only if premium prints ≤ $"".concat(f.limitPlan.px.toFixed(2),"" ("").concat(null!=(g=f.limitPlan.k)?g:1.5,""σ dip) shortly after fire \xb7 no dip = no trade"").concat(x.offBook?"" \xb7 pre-noon",": tracked signal, outside the armed midday book"":"""").concat((null==(o=f.armed)?void 0:o.skipped_entry)?"" \xb7 SKIPPED: no dip printed, no trade taken"":""""),style:{marginLeft:6,fontSize:8.5,fontWeight:700,letterSpacing:""0.05em"",color:x.offBook||(null==(s=f.armed)?void 0:s.skipped_entry)?""var(--tv2-dim, #8a8f98)"":rN},children:x.offBook?""OFF-BOOK"":(null==(i=f.armed)?void 0:i.skipped_entry)?""SKIPPED"":""DIP ≤$"".concat(f.limitPlan.px.toFixed(2))}),(null!=(h=null==(c=x.adds)?void 0:c.length)?h:0)>0&&(()=>{var e;let t=rL(x,f.native,f.contract);return(0,r.jsxs)(""span"",{title:""Scaled in "".concat(1+t.adds.length,""\xd7 (1/"").concat(null!=(e=x.tranches)?e:3,"" size each)"").concat(null!=t.avg?"" — average ent"
1536-064f08115df39c50.js,armed,9,43,195422,1,armed,"tWeight:500,color:y.textSecondary,fontVariantNumeric:""tabular-nums""},children:[(0,r.jsxs)(""span"",{className:""truncate"",children:[f.native?(0,r.jsxs)(r.Fragment,{children:[x.symbol,"" "",(0,r.jsx)(""b"",{style:{color:rN,fontWeight:700},children:x.contract})]}):(0,r.jsx)(""b"",{style:{color:rN,fontWeight:700},children:f.contract}),"" \xb7 0DTE"",(null==(l=f.limitPlan)?void 0:l.entry_style)===""dip""&&null!=f.limitPlan.px&&(0,r.jsx)(""b"",{title:""agent decision: DIP-OR-SKIP — market-buy only if premium prints ≤ $"".concat(f.limitPlan.px.toFixed(2),"" ("").concat(null!=(g=f.limitPlan.k)?g:1.5,""σ dip) shortly after fire \xb7 no dip = no trade"").concat(x.offBook?"" \xb7 pre-noon fire: tracked signal, outside the","midday book"":"""").concat((null==(o=f.armed)?void 0:o.skipped_entry)?"" \xb7 SKIPPED: no dip printed, no trade taken"":""""),style:{marginLeft:6,fontSize:8.5,fontWeight:700,letterSpacing:""0.05em"",color:x.offBook||(null==(s=f.armed)?void 0:s.skipped_entry)?""var(--tv2-dim, #8a8f98)"":rN},children:x.offBook?""OFF-BOOK"":(null==(i=f.armed)?void 0:i.skipped_entry)?""SKIPPED"":""DIP ≤$"".concat(f.limitPlan.px.toFixed(2))}),(null!=(h=null==(c=x.adds)?void 0:c.length)?h:0)>0&&(()=>{var e;let t=rL(x,f.native,f.contract);return(0,r.jsxs)(""span"",{title:""Scaled in "".concat(1+t.adds.length,""\xd7 (1/"").concat(null!=(e=x.tranches)?e:3,"" size each)"").concat(null!=t.avg?"" — average entry $"".concat(t.avg.toFixed(2),"" acr"
1536-064f08115df39c50.js,midday book,1,1,195428,1,midday book,"t:500,color:y.textSecondary,fontVariantNumeric:""tabular-nums""},children:[(0,r.jsxs)(""span"",{className:""truncate"",children:[f.native?(0,r.jsxs)(r.Fragment,{children:[x.symbol,"" "",(0,r.jsx)(""b"",{style:{color:rN,fontWeight:700},children:x.contract})]}):(0,r.jsx)(""b"",{style:{color:rN,fontWeight:700},children:f.contract}),"" \xb7 0DTE"",(null==(l=f.limitPlan)?void 0:l.entry_style)===""dip""&&null!=f.limitPlan.px&&(0,r.jsx)(""b"",{title:""agent decision: DIP-OR-SKIP — market-buy only if premium prints ≤ $"".concat(f.limitPlan.px.toFixed(2),"" ("").concat(null!=(g=f.limitPlan.k)?g:1.5,""σ dip) shortly after fire \xb7 no dip = no trade"").concat(x.offBook?"" \xb7 pre-noon fire: tracked signal, outside the armed",""":"""").concat((null==(o=f.armed)?void 0:o.skipped_entry)?"" \xb7 SKIPPED: no dip printed, no trade taken"":""""),style:{marginLeft:6,fontSize:8.5,fontWeight:700,letterSpacing:""0.05em"",color:x.offBook||(null==(s=f.armed)?void 0:s.skipped_entry)?""var(--tv2-dim, #8a8f98)"":rN},children:x.offBook?""OFF-BOOK"":(null==(i=f.armed)?void 0:i.skipped_entry)?""SKIPPED"":""DIP ≤$"".concat(f.limitPlan.px.toFixed(2))}),(null!=(h=null==(c=x.adds)?void 0:c.length)?h:0)>0&&(()=>{var e;let t=rL(x,f.native,f.contract);return(0,r.jsxs)(""span"",{title:""Scaled in "".concat(1+t.adds.length,""\xd7 (1/"").concat(null!=(e=x.tranches)?e:3,"" size each)"").concat(null!=t.avg?"" — average entry $"".concat(t.avg.toFixed(2),"" across same-con"
1536-064f08115df39c50.js,armed,10,43,195464,1,armed,"antNumeric:""tabular-nums""},children:[(0,r.jsxs)(""span"",{className:""truncate"",children:[f.native?(0,r.jsxs)(r.Fragment,{children:[x.symbol,"" "",(0,r.jsx)(""b"",{style:{color:rN,fontWeight:700},children:x.contract})]}):(0,r.jsx)(""b"",{style:{color:rN,fontWeight:700},children:f.contract}),"" \xb7 0DTE"",(null==(l=f.limitPlan)?void 0:l.entry_style)===""dip""&&null!=f.limitPlan.px&&(0,r.jsx)(""b"",{title:""agent decision: DIP-OR-SKIP — market-buy only if premium prints ≤ $"".concat(f.limitPlan.px.toFixed(2),"" ("").concat(null!=(g=f.limitPlan.k)?g:1.5,""σ dip) shortly after fire \xb7 no dip = no trade"").concat(x.offBook?"" \xb7 pre-noon fire: tracked signal, outside the armed midday book"":"""").concat((null==(o=f.",")?void 0:o.skipped_entry)?"" \xb7 SKIPPED: no dip printed, no trade taken"":""""),style:{marginLeft:6,fontSize:8.5,fontWeight:700,letterSpacing:""0.05em"",color:x.offBook||(null==(s=f.armed)?void 0:s.skipped_entry)?""var(--tv2-dim, #8a8f98)"":rN},children:x.offBook?""OFF-BOOK"":(null==(i=f.armed)?void 0:i.skipped_entry)?""SKIPPED"":""DIP ≤$"".concat(f.limitPlan.px.toFixed(2))}),(null!=(h=null==(c=x.adds)?void 0:c.length)?h:0)>0&&(()=>{var e;let t=rL(x,f.native,f.contract);return(0,r.jsxs)(""span"",{title:""Scaled in "".concat(1+t.adds.length,""\xd7 (1/"").concat(null!=(e=x.tranches)?e:3,"" size each)"").concat(null!=t.avg?"" — average entry $"".concat(t.avg.toFixed(2),"" across same-contract entries""):"""","". Differen"
1536-064f08115df39c50.js,skipped_entry,9,12,195480,1,skipped_entry,"lar-nums""},children:[(0,r.jsxs)(""span"",{className:""truncate"",children:[f.native?(0,r.jsxs)(r.Fragment,{children:[x.symbol,"" "",(0,r.jsx)(""b"",{style:{color:rN,fontWeight:700},children:x.contract})]}):(0,r.jsx)(""b"",{style:{color:rN,fontWeight:700},children:f.contract}),"" \xb7 0DTE"",(null==(l=f.limitPlan)?void 0:l.entry_style)===""dip""&&null!=f.limitPlan.px&&(0,r.jsx)(""b"",{title:""agent decision: DIP-OR-SKIP — market-buy only if premium prints ≤ $"".concat(f.limitPlan.px.toFixed(2),"" ("").concat(null!=(g=f.limitPlan.k)?g:1.5,""σ dip) shortly after fire \xb7 no dip = no trade"").concat(x.offBook?"" \xb7 pre-noon fire: tracked signal, outside the armed midday book"":"""").concat((null==(o=f.armed)?void 0:o.",")?"" \xb7 SKIPPED: no dip printed, no trade taken"":""""),style:{marginLeft:6,fontSize:8.5,fontWeight:700,letterSpacing:""0.05em"",color:x.offBook||(null==(s=f.armed)?void 0:s.skipped_entry)?""var(--tv2-dim, #8a8f98)"":rN},children:x.offBook?""OFF-BOOK"":(null==(i=f.armed)?void 0:i.skipped_entry)?""SKIPPED"":""DIP ≤$"".concat(f.limitPlan.px.toFixed(2))}),(null!=(h=null==(c=x.adds)?void 0:c.length)?h:0)>0&&(()=>{var e;let t=rL(x,f.native,f.contract);return(0,r.jsxs)(""span"",{title:""Scaled in "".concat(1+t.adds.length,""\xd7 (1/"").concat(null!=(e=x.tranches)?e:3,"" size each)"").concat(null!=t.avg?"" — average entry $"".concat(t.avg.toFixed(2),"" across same-contract entries""):"""","". Different-strike picks are separ"
1536-064f08115df39c50.js,armed,11,43,195647,1,armed,":700},children:x.contract})]}):(0,r.jsx)(""b"",{style:{color:rN,fontWeight:700},children:f.contract}),"" \xb7 0DTE"",(null==(l=f.limitPlan)?void 0:l.entry_style)===""dip""&&null!=f.limitPlan.px&&(0,r.jsx)(""b"",{title:""agent decision: DIP-OR-SKIP — market-buy only if premium prints ≤ $"".concat(f.limitPlan.px.toFixed(2),"" ("").concat(null!=(g=f.limitPlan.k)?g:1.5,""σ dip) shortly after fire \xb7 no dip = no trade"").concat(x.offBook?"" \xb7 pre-noon fire: tracked signal, outside the armed midday book"":"""").concat((null==(o=f.armed)?void 0:o.skipped_entry)?"" \xb7 SKIPPED: no dip printed, no trade taken"":""""),style:{marginLeft:6,fontSize:8.5,fontWeight:700,letterSpacing:""0.05em"",color:x.offBook||(null==(s=f.",")?void 0:s.skipped_entry)?""var(--tv2-dim, #8a8f98)"":rN},children:x.offBook?""OFF-BOOK"":(null==(i=f.armed)?void 0:i.skipped_entry)?""SKIPPED"":""DIP ≤$"".concat(f.limitPlan.px.toFixed(2))}),(null!=(h=null==(c=x.adds)?void 0:c.length)?h:0)>0&&(()=>{var e;let t=rL(x,f.native,f.contract);return(0,r.jsxs)(""span"",{title:""Scaled in "".concat(1+t.adds.length,""\xd7 (1/"").concat(null!=(e=x.tranches)?e:3,"" size each)"").concat(null!=t.avg?"" — average entry $"".concat(t.avg.toFixed(2),"" across same-contract entries""):"""","". Different-strike picks are separate vehicles, never averaged.""),style:{color:y.textMuted,fontWeight:600},children:["" \xb7 ⧉"",1+t.adds.length]})})()]}),(()=>{let e=rL(x,f.native,f.contract);re"
1536-064f08115df39c50.js,skipped_entry,10,12,195663,1,skipped_entry,".contract})]}):(0,r.jsx)(""b"",{style:{color:rN,fontWeight:700},children:f.contract}),"" \xb7 0DTE"",(null==(l=f.limitPlan)?void 0:l.entry_style)===""dip""&&null!=f.limitPlan.px&&(0,r.jsx)(""b"",{title:""agent decision: DIP-OR-SKIP — market-buy only if premium prints ≤ $"".concat(f.limitPlan.px.toFixed(2),"" ("").concat(null!=(g=f.limitPlan.k)?g:1.5,""σ dip) shortly after fire \xb7 no dip = no trade"").concat(x.offBook?"" \xb7 pre-noon fire: tracked signal, outside the armed midday book"":"""").concat((null==(o=f.armed)?void 0:o.skipped_entry)?"" \xb7 SKIPPED: no dip printed, no trade taken"":""""),style:{marginLeft:6,fontSize:8.5,fontWeight:700,letterSpacing:""0.05em"",color:x.offBook||(null==(s=f.armed)?void 0:s.",")?""var(--tv2-dim, #8a8f98)"":rN},children:x.offBook?""OFF-BOOK"":(null==(i=f.armed)?void 0:i.skipped_entry)?""SKIPPED"":""DIP ≤$"".concat(f.limitPlan.px.toFixed(2))}),(null!=(h=null==(c=x.adds)?void 0:c.length)?h:0)>0&&(()=>{var e;let t=rL(x,f.native,f.contract);return(0,r.jsxs)(""span"",{title:""Scaled in "".concat(1+t.adds.length,""\xd7 (1/"").concat(null!=(e=x.tranches)?e:3,"" size each)"").concat(null!=t.avg?"" — average entry $"".concat(t.avg.toFixed(2),"" across same-contract entries""):"""","". Different-strike picks are separate vehicles, never averaged.""),style:{color:y.textMuted,fontWeight:600},children:["" \xb7 ⧉"",1+t.adds.length]})})()]}),(()=>{let e=rL(x,f.native,f.contract);return e.adds.length&&null"
1536-064f08115df39c50.js,armed,12,43,195750,1,armed,"xb7 0DTE"",(null==(l=f.limitPlan)?void 0:l.entry_style)===""dip""&&null!=f.limitPlan.px&&(0,r.jsx)(""b"",{title:""agent decision: DIP-OR-SKIP — market-buy only if premium prints ≤ $"".concat(f.limitPlan.px.toFixed(2),"" ("").concat(null!=(g=f.limitPlan.k)?g:1.5,""σ dip) shortly after fire \xb7 no dip = no trade"").concat(x.offBook?"" \xb7 pre-noon fire: tracked signal, outside the armed midday book"":"""").concat((null==(o=f.armed)?void 0:o.skipped_entry)?"" \xb7 SKIPPED: no dip printed, no trade taken"":""""),style:{marginLeft:6,fontSize:8.5,fontWeight:700,letterSpacing:""0.05em"",color:x.offBook||(null==(s=f.armed)?void 0:s.skipped_entry)?""var(--tv2-dim, #8a8f98)"":rN},children:x.offBook?""OFF-BOOK"":(null==(i=f.",")?void 0:i.skipped_entry)?""SKIPPED"":""DIP ≤$"".concat(f.limitPlan.px.toFixed(2))}),(null!=(h=null==(c=x.adds)?void 0:c.length)?h:0)>0&&(()=>{var e;let t=rL(x,f.native,f.contract);return(0,r.jsxs)(""span"",{title:""Scaled in "".concat(1+t.adds.length,""\xd7 (1/"").concat(null!=(e=x.tranches)?e:3,"" size each)"").concat(null!=t.avg?"" — average entry $"".concat(t.avg.toFixed(2),"" across same-contract entries""):"""","". Different-strike picks are separate vehicles, never averaged.""),style:{color:y.textMuted,fontWeight:600},children:["" \xb7 ⧉"",1+t.adds.length]})})()]}),(()=>{let e=rL(x,f.native,f.contract);return e.adds.length&&null!=e.avg?(0,r.jsxs)(""span"",{className:""whitespace-nowrap"",title:""Average entry a"
1536-064f08115df39c50.js,skipped_entry,11,12,195766,1,skipped_entry,"=(l=f.limitPlan)?void 0:l.entry_style)===""dip""&&null!=f.limitPlan.px&&(0,r.jsx)(""b"",{title:""agent decision: DIP-OR-SKIP — market-buy only if premium prints ≤ $"".concat(f.limitPlan.px.toFixed(2),"" ("").concat(null!=(g=f.limitPlan.k)?g:1.5,""σ dip) shortly after fire \xb7 no dip = no trade"").concat(x.offBook?"" \xb7 pre-noon fire: tracked signal, outside the armed midday book"":"""").concat((null==(o=f.armed)?void 0:o.skipped_entry)?"" \xb7 SKIPPED: no dip printed, no trade taken"":""""),style:{marginLeft:6,fontSize:8.5,fontWeight:700,letterSpacing:""0.05em"",color:x.offBook||(null==(s=f.armed)?void 0:s.skipped_entry)?""var(--tv2-dim, #8a8f98)"":rN},children:x.offBook?""OFF-BOOK"":(null==(i=f.armed)?void 0:i.",")?""SKIPPED"":""DIP ≤$"".concat(f.limitPlan.px.toFixed(2))}),(null!=(h=null==(c=x.adds)?void 0:c.length)?h:0)>0&&(()=>{var e;let t=rL(x,f.native,f.contract);return(0,r.jsxs)(""span"",{title:""Scaled in "".concat(1+t.adds.length,""\xd7 (1/"").concat(null!=(e=x.tranches)?e:3,"" size each)"").concat(null!=t.avg?"" — average entry $"".concat(t.avg.toFixed(2),"" across same-contract entries""):"""","". Different-strike picks are separate vehicles, never averaged.""),style:{color:y.textMuted,fontWeight:600},children:["" \xb7 ⧉"",1+t.adds.length]})})()]}),(()=>{let e=rL(x,f.native,f.contract);return e.adds.length&&null!=e.avg?(0,r.jsxs)(""span"",{className:""whitespace-nowrap"",title:""Average entry across "".concat(e.adds.fi"
1536-064f08115df39c50.js,limitPlan,17,21,195809,1,limitPlan,"ip""&&null!=f.limitPlan.px&&(0,r.jsx)(""b"",{title:""agent decision: DIP-OR-SKIP — market-buy only if premium prints ≤ $"".concat(f.limitPlan.px.toFixed(2),"" ("").concat(null!=(g=f.limitPlan.k)?g:1.5,""σ dip) shortly after fire \xb7 no dip = no trade"").concat(x.offBook?"" \xb7 pre-noon fire: tracked signal, outside the armed midday book"":"""").concat((null==(o=f.armed)?void 0:o.skipped_entry)?"" \xb7 SKIPPED: no dip printed, no trade taken"":""""),style:{marginLeft:6,fontSize:8.5,fontWeight:700,letterSpacing:""0.05em"",color:x.offBook||(null==(s=f.armed)?void 0:s.skipped_entry)?""var(--tv2-dim, #8a8f98)"":rN},children:x.offBook?""OFF-BOOK"":(null==(i=f.armed)?void 0:i.skipped_entry)?""SKIPPED"":""DIP ≤$"".concat(f.",".px.toFixed(2))}),(null!=(h=null==(c=x.adds)?void 0:c.length)?h:0)>0&&(()=>{var e;let t=rL(x,f.native,f.contract);return(0,r.jsxs)(""span"",{title:""Scaled in "".concat(1+t.adds.length,""\xd7 (1/"").concat(null!=(e=x.tranches)?e:3,"" size each)"").concat(null!=t.avg?"" — average entry $"".concat(t.avg.toFixed(2),"" across same-contract entries""):"""","". Different-strike picks are separate vehicles, never averaged.""),style:{color:y.textMuted,fontWeight:600},children:["" \xb7 ⧉"",1+t.adds.length]})})()]}),(()=>{let e=rL(x,f.native,f.contract);return e.adds.length&&null!=e.avg?(0,r.jsxs)(""span"",{className:""whitespace-nowrap"",title:""Average entry across "".concat(e.adds.filter(e=>e.same).length+1,"" same-contrac"
1536-064f08115df39c50.js,playbook,27,77,197714,1,playbook,".contract),t=rD(x,f);return null==t?null:(0,r.jsxs)(""span"",{title:e.adds.length&&null!=e.avgMax?""max = peak premium vs AVERAGE entry (the position basis) — the unmanaged ceiling, not a realized return"":""max = peak premium above entry (unmanaged ceiling) — the best it printed, not a realized return"",children:[""max "",(0,r.jsxs)(""b"",{style:{color:t>=0?""var(--tv2-bull)"":""var(--tv2-bear)"",fontWeight:700},children:[t>=0?""+"":"""",(0,rf.pT)(t),""%""]}),f.peakTime?(0,r.jsxs)(""span"",{style:{color:y.textMuted},children:["" @ "",f.peakTime]}):null,e.adds.length&&null!=e.avgMax?(0,r.jsx)(""span"",{style:{color:y.textMuted},children:"" vs avg""}):null]})})(),null!=f.managedReturn&&(0,r.jsxs)(""span"",{title:""Managed","— probe, then up to 2 adds at -50%/-75% to lower the basis, bank 75% at +30% on the lowered basis and run the last 25% with a 30% trailing give-back (captures the moonshot tail). The realized, tradeable return (max = the unmanaged ceiling)."",children:[(0,r.jsx)(""span"",{style:{color:y.textMuted},children:""managed ""}),(0,r.jsxs)(""b"",{style:{color:f.managedReturn>=0?""var(--tv2-bull)"":""var(--tv2-bear)"",fontWeight:700},children:[f.managedReturn>=0?""+"":"""",(0,rf.pT)(f.managedReturn),""%""]}),rk.G.TRADE_LIFECYCLE_COPY&&(0,r.jsx)(rf.zJ,{sizing:A,skin:rS})]}),(()=>{var e;let t=null!=f.managedReturn?null:null!=(e=f.playbook)?e:x.playbook;return t&&(0,r.jsxs)(""span"",{title:""SCALE playbook — probe starter"
1536-064f08115df39c50.js,playbook,28,77,198333,1,playbook,""" vs avg""}):null]})})(),null!=f.managedReturn&&(0,r.jsxs)(""span"",{title:""Managed playbook — probe, then up to 2 adds at -50%/-75% to lower the basis, bank 75% at +30% on the lowered basis and run the last 25% with a 30% trailing give-back (captures the moonshot tail). The realized, tradeable return (max = the unmanaged ceiling)."",children:[(0,r.jsx)(""span"",{style:{color:y.textMuted},children:""managed ""}),(0,r.jsxs)(""b"",{style:{color:f.managedReturn>=0?""var(--tv2-bull)"":""var(--tv2-bear)"",fontWeight:700},children:[f.managedReturn>=0?""+"":"""",(0,rf.pT)(f.managedReturn),""%""]}),rk.G.TRADE_LIFECYCLE_COPY&&(0,r.jsx)(rf.zJ,{sizing:A,skin:rS})]}),(()=>{var e;let t=null!=f.managedReturn?null:null!=(e=f.",")?e:x.playbook;return t&&(0,r.jsxs)(""span"",{title:""SCALE playbook — probe starter, adds at -30% steps, bank 80% at +50% on the average, runner trails -60%. "".concat(t.tranches,"" tranche(s)"").concat(null!=t.avg_entry?"", avg entry $"".concat(t.avg_entry.toFixed(2)):"""").concat(t.banked_at?"", banked @ "".concat(t.banked_at):"""",""."").concat(""prime""===t.tier?"" PRIME cohort: midday fire, conf >= 80 — historically 75-77% of these bank >= +30%."":""""),children:[(0,r.jsx)(""span"",{style:{color:y.textMuted},children:""playbook ""}),(0,r.jsxs)(""b"",{style:{color:t.return_pct>=0?""var(--tv2-bull)"":""var(--tv2-bear)"",fontWeight:700},children:[t.return_pct>=0?""+"":"""",(0,rf.pT)(t.return_pct),""%""]}),""prime""===t.tier&&(0"
1536-064f08115df39c50.js,playbook,29,77,198347,1,playbook,"ll]})})(),null!=f.managedReturn&&(0,r.jsxs)(""span"",{title:""Managed playbook — probe, then up to 2 adds at -50%/-75% to lower the basis, bank 75% at +30% on the lowered basis and run the last 25% with a 30% trailing give-back (captures the moonshot tail). The realized, tradeable return (max = the unmanaged ceiling)."",children:[(0,r.jsx)(""span"",{style:{color:y.textMuted},children:""managed ""}),(0,r.jsxs)(""b"",{style:{color:f.managedReturn>=0?""var(--tv2-bull)"":""var(--tv2-bear)"",fontWeight:700},children:[f.managedReturn>=0?""+"":"""",(0,rf.pT)(f.managedReturn),""%""]}),rk.G.TRADE_LIFECYCLE_COPY&&(0,r.jsx)(rf.zJ,{sizing:A,skin:rS})]}),(()=>{var e;let t=null!=f.managedReturn?null:null!=(e=f.playbook)?e:x.",";return t&&(0,r.jsxs)(""span"",{title:""SCALE playbook — probe starter, adds at -30% steps, bank 80% at +50% on the average, runner trails -60%. "".concat(t.tranches,"" tranche(s)"").concat(null!=t.avg_entry?"", avg entry $"".concat(t.avg_entry.toFixed(2)):"""").concat(t.banked_at?"", banked @ "".concat(t.banked_at):"""",""."").concat(""prime""===t.tier?"" PRIME cohort: midday fire, conf >= 80 — historically 75-77% of these bank >= +30%."":""""),children:[(0,r.jsx)(""span"",{style:{color:y.textMuted},children:""playbook ""}),(0,r.jsxs)(""b"",{style:{color:t.return_pct>=0?""var(--tv2-bull)"":""var(--tv2-bear)"",fontWeight:700},children:[t.return_pct>=0?""+"":"""",(0,rf.pT)(t.return_pct),""%""]}),""prime""===t.tier&&(0,r.jsx)(""b"",{s"
1536-064f08115df39c50.js,playbook,30,77,198398,1,playbook,"{title:""Managed playbook — probe, then up to 2 adds at -50%/-75% to lower the basis, bank 75% at +30% on the lowered basis and run the last 25% with a 30% trailing give-back (captures the moonshot tail). The realized, tradeable return (max = the unmanaged ceiling)."",children:[(0,r.jsx)(""span"",{style:{color:y.textMuted},children:""managed ""}),(0,r.jsxs)(""b"",{style:{color:f.managedReturn>=0?""var(--tv2-bull)"":""var(--tv2-bear)"",fontWeight:700},children:[f.managedReturn>=0?""+"":"""",(0,rf.pT)(f.managedReturn),""%""]}),rk.G.TRADE_LIFECYCLE_COPY&&(0,r.jsx)(rf.zJ,{sizing:A,skin:rS})]}),(()=>{var e;let t=null!=f.managedReturn?null:null!=(e=f.playbook)?e:x.playbook;return t&&(0,r.jsxs)(""span"",{title:""SCALE","— probe starter, adds at -30% steps, bank 80% at +50% on the average, runner trails -60%. "".concat(t.tranches,"" tranche(s)"").concat(null!=t.avg_entry?"", avg entry $"".concat(t.avg_entry.toFixed(2)):"""").concat(t.banked_at?"", banked @ "".concat(t.banked_at):"""",""."").concat(""prime""===t.tier?"" PRIME cohort: midday fire, conf >= 80 — historically 75-77% of these bank >= +30%."":""""),children:[(0,r.jsx)(""span"",{style:{color:y.textMuted},children:""playbook ""}),(0,r.jsxs)(""b"",{style:{color:t.return_pct>=0?""var(--tv2-bull)"":""var(--tv2-bear)"",fontWeight:700},children:[t.return_pct>=0?""+"":"""",(0,rf.pT)(t.return_pct),""%""]}),""prime""===t.tier&&(0,r.jsx)(""b"",{style:{color:""var(--tv2-accent)"",fontWeight:700,lett"
1536-064f08115df39c50.js,fire,10,15,198716,1,fire,"d},children:""managed ""}),(0,r.jsxs)(""b"",{style:{color:f.managedReturn>=0?""var(--tv2-bull)"":""var(--tv2-bear)"",fontWeight:700},children:[f.managedReturn>=0?""+"":"""",(0,rf.pT)(f.managedReturn),""%""]}),rk.G.TRADE_LIFECYCLE_COPY&&(0,r.jsx)(rf.zJ,{sizing:A,skin:rS})]}),(()=>{var e;let t=null!=f.managedReturn?null:null!=(e=f.playbook)?e:x.playbook;return t&&(0,r.jsxs)(""span"",{title:""SCALE playbook — probe starter, adds at -30% steps, bank 80% at +50% on the average, runner trails -60%. "".concat(t.tranches,"" tranche(s)"").concat(null!=t.avg_entry?"", avg entry $"".concat(t.avg_entry.toFixed(2)):"""").concat(t.banked_at?"", banked @ "".concat(t.banked_at):"""",""."").concat(""prime""===t.tier?"" PRIME cohort: midday",", conf >= 80 — historically 75-77% of these bank >= +30%."":""""),children:[(0,r.jsx)(""span"",{style:{color:y.textMuted},children:""playbook ""}),(0,r.jsxs)(""b"",{style:{color:t.return_pct>=0?""var(--tv2-bull)"":""var(--tv2-bear)"",fontWeight:700},children:[t.return_pct>=0?""+"":"""",(0,rf.pT)(t.return_pct),""%""]}),""prime""===t.tier&&(0,r.jsx)(""b"",{style:{color:""var(--tv2-accent)"",fontWeight:700,letterSpacing:""0.06em"",fontSize:9},children:"" PRIME""})]})})()]}),(0,r.jsxs)(""div"",{className:""mt-3 flex items-center gap-2.5"",children:[(0,r.jsx)(rf.ge,{stop:x.stop,entry:x.entry,target:x.target,partial:x.partial,compact:!0,prog:N,skin:rS}),(0,r.jsx)(""span"",{style:{fontSize:11,fontWeight:600,color:y.textPrimary,fontV"
1536-064f08115df39c50.js,playbook,31,77,198847,1,playbook,"en:[f.managedReturn>=0?""+"":"""",(0,rf.pT)(f.managedReturn),""%""]}),rk.G.TRADE_LIFECYCLE_COPY&&(0,r.jsx)(rf.zJ,{sizing:A,skin:rS})]}),(()=>{var e;let t=null!=f.managedReturn?null:null!=(e=f.playbook)?e:x.playbook;return t&&(0,r.jsxs)(""span"",{title:""SCALE playbook — probe starter, adds at -30% steps, bank 80% at +50% on the average, runner trails -60%. "".concat(t.tranches,"" tranche(s)"").concat(null!=t.avg_entry?"", avg entry $"".concat(t.avg_entry.toFixed(2)):"""").concat(t.banked_at?"", banked @ "".concat(t.banked_at):"""",""."").concat(""prime""===t.tier?"" PRIME cohort: midday fire, conf >= 80 — historically 75-77% of these bank >= +30%."":""""),children:[(0,r.jsx)(""span"",{style:{color:y.textMuted},children:""","""}),(0,r.jsxs)(""b"",{style:{color:t.return_pct>=0?""var(--tv2-bull)"":""var(--tv2-bear)"",fontWeight:700},children:[t.return_pct>=0?""+"":"""",(0,rf.pT)(t.return_pct),""%""]}),""prime""===t.tier&&(0,r.jsx)(""b"",{style:{color:""var(--tv2-accent)"",fontWeight:700,letterSpacing:""0.06em"",fontSize:9},children:"" PRIME""})]})})()]}),(0,r.jsxs)(""div"",{className:""mt-3 flex items-center gap-2.5"",children:[(0,r.jsx)(rf.ge,{stop:x.stop,entry:x.entry,target:x.target,partial:x.partial,compact:!0,prog:N,skin:rS}),(0,r.jsx)(""span"",{style:{fontSize:11,fontWeight:600,color:y.textPrimary,fontVariantNumeric:""tabular-nums""},children:x.rr}),void 0!==b&&(b?(0,r.jsx)(""span"",{title:""agreeing full-chain flow arrived @ "".concat(b),cl"
1536-064f08115df39c50.js,fire,11,15,199744,1,fire,"jsx)(""b"",{style:{color:""var(--tv2-accent)"",fontWeight:700,letterSpacing:""0.06em"",fontSize:9},children:"" PRIME""})]})})()]}),(0,r.jsxs)(""div"",{className:""mt-3 flex items-center gap-2.5"",children:[(0,r.jsx)(rf.ge,{stop:x.stop,entry:x.entry,target:x.target,partial:x.partial,compact:!0,prog:N,skin:rS}),(0,r.jsx)(""span"",{style:{fontSize:11,fontWeight:600,color:y.textPrimary,fontVariantNumeric:""tabular-nums""},children:x.rr}),void 0!==b&&(b?(0,r.jsx)(""span"",{title:""agreeing full-chain flow arrived @ "".concat(b),className:""rounded-full"",style:{width:7,height:7,flex:""none"",background:""var(--tv2-bull)"",boxShadow:""0 0 6px rgba(var(--tv2-bull-rgb),0.7)""}}):(0,r.jsx)(""span"",{title:""no agreeing flow since","(study: 88% of losers never see it)"",className:""rounded-full"",style:{width:7,height:7,flex:""none"",background:""transparent"",border:""1.5px solid var(--tv2-warn)"",boxShadow:""0 0 5px rgba(var(--tv2-warn-rgb),0.45)""}}))]}),rk.G.TRADE_LIFECYCLE_COPY&&A&&(0,r.jsx)(rf.LI,{sizing:A,t:y,skin:rS}),(0,r.jsxs)(""div"",{className:""mt-auto flex items-center gap-1.5 truncate pt-3"",style:{fontSize:10,color:y.textMuted},children:[(0,r.jsxs)(""span"",{className:""inline-flex items-center gap-1"",style:{color:rN,fontWeight:500},children:[(0,r.jsx)(""img"",{src:""/agent-logos/talon.png"",alt:"""",style:{width:12,height:12,objectFit:""contain""},onError:e=>{e.currentTarget.style.display=""none""}}),""Falcon""]}),(0,r.jsxs)(""span"""
1536-064f08115df39c50.js,talon,73,125,200302,1,talon,"flex:""none"",background:""var(--tv2-bull)"",boxShadow:""0 0 6px rgba(var(--tv2-bull-rgb),0.7)""}}):(0,r.jsx)(""span"",{title:""no agreeing flow since fire (study: 88% of losers never see it)"",className:""rounded-full"",style:{width:7,height:7,flex:""none"",background:""transparent"",border:""1.5px solid var(--tv2-warn)"",boxShadow:""0 0 5px rgba(var(--tv2-warn-rgb),0.45)""}}))]}),rk.G.TRADE_LIFECYCLE_COPY&&A&&(0,r.jsx)(rf.LI,{sizing:A,t:y,skin:rS}),(0,r.jsxs)(""div"",{className:""mt-auto flex items-center gap-1.5 truncate pt-3"",style:{fontSize:10,color:y.textMuted},children:[(0,r.jsxs)(""span"",{className:""inline-flex items-center gap-1"",style:{color:rN,fontWeight:500},children:[(0,r.jsx)(""img"",{src:""/agent-logos/",".png"",alt:"""",style:{width:12,height:12,objectFit:""contain""},onError:e=>{e.currentTarget.style.display=""none""}}),""Falcon""]}),(0,r.jsxs)(""span"",{className:""min-w-0 truncate"",children:[""\xb7 "",rF(x.setupName),"" \xb7 "",x.ago,rW(x.ago,x.liveAt,x.backfilled)?(0,r.jsxs)(""span"",{style:{opacity:.75},children:["" \xb7 live "",rW(x.ago,x.liveAt,x.backfilled)]}):null]})]})]})}),rO={entry:""fired"",armed:""runner armed"",trim:""banked"",ratchet:""ratchet stop — runner out"",settle:""settled at intrinsic"",final:""final print"",exit:""exit"",peak:""peak"",dd:""max drawdown"",add:""scaled in"",add_x:""scaled in \xb7 separate strike""};function rB(e){let{ev:t,t:n,series:a,adds:l}=e,o=t.filter(e=>""entry""===e.ev||""peak""===e.ev);for("
1536-064f08115df39c50.js,falcon,3,35,200420,1,Falcon,"""no agreeing flow since fire (study: 88% of losers never see it)"",className:""rounded-full"",style:{width:7,height:7,flex:""none"",background:""transparent"",border:""1.5px solid var(--tv2-warn)"",boxShadow:""0 0 5px rgba(var(--tv2-warn-rgb),0.45)""}}))]}),rk.G.TRADE_LIFECYCLE_COPY&&A&&(0,r.jsx)(rf.LI,{sizing:A,t:y,skin:rS}),(0,r.jsxs)(""div"",{className:""mt-auto flex items-center gap-1.5 truncate pt-3"",style:{fontSize:10,color:y.textMuted},children:[(0,r.jsxs)(""span"",{className:""inline-flex items-center gap-1"",style:{color:rN,fontWeight:500},children:[(0,r.jsx)(""img"",{src:""/agent-logos/talon.png"",alt:"""",style:{width:12,height:12,objectFit:""contain""},onError:e=>{e.currentTarget.style.display=""none""}}),""","""]}),(0,r.jsxs)(""span"",{className:""min-w-0 truncate"",children:[""\xb7 "",rF(x.setupName),"" \xb7 "",x.ago,rW(x.ago,x.liveAt,x.backfilled)?(0,r.jsxs)(""span"",{style:{opacity:.75},children:["" \xb7 live "",rW(x.ago,x.liveAt,x.backfilled)]}):null]})]})]})}),rO={entry:""fired"",armed:""runner armed"",trim:""banked"",ratchet:""ratchet stop — runner out"",settle:""settled at intrinsic"",final:""final print"",exit:""exit"",peak:""peak"",dd:""max drawdown"",add:""scaled in"",add_x:""scaled in \xb7 separate strike""};function rB(e){let{ev:t,t:n,series:a,adds:l}=e,o=t.filter(e=>""entry""===e.ev||""peak""===e.ev);for(let e of null!=l?l:[])e.time&&null!=e.prem&&o.push({t:e.time,ev:!1===e.same?""add_x"":""add"",px:e.prem});o.sort((e,t)=>e.t"
1536-064f08115df39c50.js,setupName,2,4,200502,1,setupName,"ed-full"",style:{width:7,height:7,flex:""none"",background:""transparent"",border:""1.5px solid var(--tv2-warn)"",boxShadow:""0 0 5px rgba(var(--tv2-warn-rgb),0.45)""}}))]}),rk.G.TRADE_LIFECYCLE_COPY&&A&&(0,r.jsx)(rf.LI,{sizing:A,t:y,skin:rS}),(0,r.jsxs)(""div"",{className:""mt-auto flex items-center gap-1.5 truncate pt-3"",style:{fontSize:10,color:y.textMuted},children:[(0,r.jsxs)(""span"",{className:""inline-flex items-center gap-1"",style:{color:rN,fontWeight:500},children:[(0,r.jsx)(""img"",{src:""/agent-logos/talon.png"",alt:"""",style:{width:12,height:12,objectFit:""contain""},onError:e=>{e.currentTarget.style.display=""none""}}),""Falcon""]}),(0,r.jsxs)(""span"",{className:""min-w-0 truncate"",children:[""\xb7 "",rF(x.","),"" \xb7 "",x.ago,rW(x.ago,x.liveAt,x.backfilled)?(0,r.jsxs)(""span"",{style:{opacity:.75},children:["" \xb7 live "",rW(x.ago,x.liveAt,x.backfilled)]}):null]})]})]})}),rO={entry:""fired"",armed:""runner armed"",trim:""banked"",ratchet:""ratchet stop — runner out"",settle:""settled at intrinsic"",final:""final print"",exit:""exit"",peak:""peak"",dd:""max drawdown"",add:""scaled in"",add_x:""scaled in \xb7 separate strike""};function rB(e){let{ev:t,t:n,series:a,adds:l}=e,o=t.filter(e=>""entry""===e.ev||""peak""===e.ev);for(let e of null!=l?l:[])e.time&&null!=e.prem&&o.push({t:e.time,ev:!1===e.same?""add_x"":""add"",px:e.prem});o.sort((e,t)=>e.t.localeCompare(t.t));let s=t.find(e=>""entry""===e.ev),i=t.find(e=>""peak""===e.ev);if(s&"
1536-064f08115df39c50.js,fired,1,13,200685,1,fired,"LE_COPY&&A&&(0,r.jsx)(rf.LI,{sizing:A,t:y,skin:rS}),(0,r.jsxs)(""div"",{className:""mt-auto flex items-center gap-1.5 truncate pt-3"",style:{fontSize:10,color:y.textMuted},children:[(0,r.jsxs)(""span"",{className:""inline-flex items-center gap-1"",style:{color:rN,fontWeight:500},children:[(0,r.jsx)(""img"",{src:""/agent-logos/talon.png"",alt:"""",style:{width:12,height:12,objectFit:""contain""},onError:e=>{e.currentTarget.style.display=""none""}}),""Falcon""]}),(0,r.jsxs)(""span"",{className:""min-w-0 truncate"",children:[""\xb7 "",rF(x.setupName),"" \xb7 "",x.ago,rW(x.ago,x.liveAt,x.backfilled)?(0,r.jsxs)(""span"",{style:{opacity:.75},children:["" \xb7 live "",rW(x.ago,x.liveAt,x.backfilled)]}):null]})]})]})}),rO={entry:""",""",armed:""runner armed"",trim:""banked"",ratchet:""ratchet stop — runner out"",settle:""settled at intrinsic"",final:""final print"",exit:""exit"",peak:""peak"",dd:""max drawdown"",add:""scaled in"",add_x:""scaled in \xb7 separate strike""};function rB(e){let{ev:t,t:n,series:a,adds:l}=e,o=t.filter(e=>""entry""===e.ev||""peak""===e.ev);for(let e of null!=l?l:[])e.time&&null!=e.prem&&o.push({t:e.time,ev:!1===e.same?""add_x"":""add"",px:e.prem});o.sort((e,t)=>e.t.localeCompare(t.t));let s=t.find(e=>""entry""===e.ev),i=t.find(e=>""peak""===e.ev);if(s&&a&&a.length>1){let e=i?a.findIndex(e=>{let[t]=e;return t===i.t}):a.length-1,t=a.slice(0,(e>0?e:a.length-1)+1),n=t.reduce((e,t)=>t[1]<e[1]?t:e,t[0]),r=Math.round((n[1]-s.px)/s.px*"
1536-064f08115df39c50.js,armed,13,43,200692,1,armed,"&&A&&(0,r.jsx)(rf.LI,{sizing:A,t:y,skin:rS}),(0,r.jsxs)(""div"",{className:""mt-auto flex items-center gap-1.5 truncate pt-3"",style:{fontSize:10,color:y.textMuted},children:[(0,r.jsxs)(""span"",{className:""inline-flex items-center gap-1"",style:{color:rN,fontWeight:500},children:[(0,r.jsx)(""img"",{src:""/agent-logos/talon.png"",alt:"""",style:{width:12,height:12,objectFit:""contain""},onError:e=>{e.currentTarget.style.display=""none""}}),""Falcon""]}),(0,r.jsxs)(""span"",{className:""min-w-0 truncate"",children:[""\xb7 "",rF(x.setupName),"" \xb7 "",x.ago,rW(x.ago,x.liveAt,x.backfilled)?(0,r.jsxs)(""span"",{style:{opacity:.75},children:["" \xb7 live "",rW(x.ago,x.liveAt,x.backfilled)]}):null]})]})]})}),rO={entry:""fired"",",":""runner armed"",trim:""banked"",ratchet:""ratchet stop — runner out"",settle:""settled at intrinsic"",final:""final print"",exit:""exit"",peak:""peak"",dd:""max drawdown"",add:""scaled in"",add_x:""scaled in \xb7 separate strike""};function rB(e){let{ev:t,t:n,series:a,adds:l}=e,o=t.filter(e=>""entry""===e.ev||""peak""===e.ev);for(let e of null!=l?l:[])e.time&&null!=e.prem&&o.push({t:e.time,ev:!1===e.same?""add_x"":""add"",px:e.prem});o.sort((e,t)=>e.t.localeCompare(t.t));let s=t.find(e=>""entry""===e.ev),i=t.find(e=>""peak""===e.ev);if(s&&a&&a.length>1){let e=i?a.findIndex(e=>{let[t]=e;return t===i.t}):a.length-1,t=a.slice(0,(e>0?e:a.length-1)+1),n=t.reduce((e,t)=>t[1]<e[1]?t:e,t[0]),r=Math.round((n[1]-s.px)/s.px*100);r<"
1536-064f08115df39c50.js,runner armed,1,1,200699,1,runner armed,",r.jsx)(rf.LI,{sizing:A,t:y,skin:rS}),(0,r.jsxs)(""div"",{className:""mt-auto flex items-center gap-1.5 truncate pt-3"",style:{fontSize:10,color:y.textMuted},children:[(0,r.jsxs)(""span"",{className:""inline-flex items-center gap-1"",style:{color:rN,fontWeight:500},children:[(0,r.jsx)(""img"",{src:""/agent-logos/talon.png"",alt:"""",style:{width:12,height:12,objectFit:""contain""},onError:e=>{e.currentTarget.style.display=""none""}}),""Falcon""]}),(0,r.jsxs)(""span"",{className:""min-w-0 truncate"",children:[""\xb7 "",rF(x.setupName),"" \xb7 "",x.ago,rW(x.ago,x.liveAt,x.backfilled)?(0,r.jsxs)(""span"",{style:{opacity:.75},children:["" \xb7 live "",rW(x.ago,x.liveAt,x.backfilled)]}):null]})]})]})}),rO={entry:""fired"",armed:""",""",trim:""banked"",ratchet:""ratchet stop — runner out"",settle:""settled at intrinsic"",final:""final print"",exit:""exit"",peak:""peak"",dd:""max drawdown"",add:""scaled in"",add_x:""scaled in \xb7 separate strike""};function rB(e){let{ev:t,t:n,series:a,adds:l}=e,o=t.filter(e=>""entry""===e.ev||""peak""===e.ev);for(let e of null!=l?l:[])e.time&&null!=e.prem&&o.push({t:e.time,ev:!1===e.same?""add_x"":""add"",px:e.prem});o.sort((e,t)=>e.t.localeCompare(t.t));let s=t.find(e=>""entry""===e.ev),i=t.find(e=>""peak""===e.ev);if(s&&a&&a.length>1){let e=i?a.findIndex(e=>{let[t]=e;return t===i.t}):a.length-1,t=a.slice(0,(e>0?e:a.length-1)+1),n=t.reduce((e,t)=>t[1]<e[1]?t:e,t[0]),r=Math.round((n[1]-s.px)/s.px*100);r<0&&(o.push({t:"
1536-064f08115df39c50.js,armed,14,43,200706,1,armed,"(rf.LI,{sizing:A,t:y,skin:rS}),(0,r.jsxs)(""div"",{className:""mt-auto flex items-center gap-1.5 truncate pt-3"",style:{fontSize:10,color:y.textMuted},children:[(0,r.jsxs)(""span"",{className:""inline-flex items-center gap-1"",style:{color:rN,fontWeight:500},children:[(0,r.jsx)(""img"",{src:""/agent-logos/talon.png"",alt:"""",style:{width:12,height:12,objectFit:""contain""},onError:e=>{e.currentTarget.style.display=""none""}}),""Falcon""]}),(0,r.jsxs)(""span"",{className:""min-w-0 truncate"",children:[""\xb7 "",rF(x.setupName),"" \xb7 "",x.ago,rW(x.ago,x.liveAt,x.backfilled)?(0,r.jsxs)(""span"",{style:{opacity:.75},children:["" \xb7 live "",rW(x.ago,x.liveAt,x.backfilled)]}):null]})]})]})}),rO={entry:""fired"",armed:""runner",""",trim:""banked"",ratchet:""ratchet stop — runner out"",settle:""settled at intrinsic"",final:""final print"",exit:""exit"",peak:""peak"",dd:""max drawdown"",add:""scaled in"",add_x:""scaled in \xb7 separate strike""};function rB(e){let{ev:t,t:n,series:a,adds:l}=e,o=t.filter(e=>""entry""===e.ev||""peak""===e.ev);for(let e of null!=l?l:[])e.time&&null!=e.prem&&o.push({t:e.time,ev:!1===e.same?""add_x"":""add"",px:e.prem});o.sort((e,t)=>e.t.localeCompare(t.t));let s=t.find(e=>""entry""===e.ev),i=t.find(e=>""peak""===e.ev);if(s&&a&&a.length>1){let e=i?a.findIndex(e=>{let[t]=e;return t===i.t}):a.length-1,t=a.slice(0,(e>0?e:a.length-1)+1),n=t.reduce((e,t)=>t[1]<e[1]?t:e,t[0]),r=Math.round((n[1]-s.px)/s.px*100);r<0&&(o.push({t:"
1536-064f08115df39c50.js,ratchet,3,4,200727,1,ratchet,"skin:rS}),(0,r.jsxs)(""div"",{className:""mt-auto flex items-center gap-1.5 truncate pt-3"",style:{fontSize:10,color:y.textMuted},children:[(0,r.jsxs)(""span"",{className:""inline-flex items-center gap-1"",style:{color:rN,fontWeight:500},children:[(0,r.jsx)(""img"",{src:""/agent-logos/talon.png"",alt:"""",style:{width:12,height:12,objectFit:""contain""},onError:e=>{e.currentTarget.style.display=""none""}}),""Falcon""]}),(0,r.jsxs)(""span"",{className:""min-w-0 truncate"",children:[""\xb7 "",rF(x.setupName),"" \xb7 "",x.ago,rW(x.ago,x.liveAt,x.backfilled)?(0,r.jsxs)(""span"",{style:{opacity:.75},children:["" \xb7 live "",rW(x.ago,x.liveAt,x.backfilled)]}):null]})]})]})}),rO={entry:""fired"",armed:""runner armed"",trim:""banked"",",":""ratchet stop — runner out"",settle:""settled at intrinsic"",final:""final print"",exit:""exit"",peak:""peak"",dd:""max drawdown"",add:""scaled in"",add_x:""scaled in \xb7 separate strike""};function rB(e){let{ev:t,t:n,series:a,adds:l}=e,o=t.filter(e=>""entry""===e.ev||""peak""===e.ev);for(let e of null!=l?l:[])e.time&&null!=e.prem&&o.push({t:e.time,ev:!1===e.same?""add_x"":""add"",px:e.prem});o.sort((e,t)=>e.t.localeCompare(t.t));let s=t.find(e=>""entry""===e.ev),i=t.find(e=>""peak""===e.ev);if(s&&a&&a.length>1){let e=i?a.findIndex(e=>{let[t]=e;return t===i.t}):a.length-1,t=a.slice(0,(e>0?e:a.length-1)+1),n=t.reduce((e,t)=>t[1]<e[1]?t:e,t[0]),r=Math.round((n[1]-s.px)/s.px*100);r<0&&(o.push({t:n[0],ev:""dd"",px:n[1],re"
1536-064f08115df39c50.js,ratchet,4,4,200736,1,ratchet,",(0,r.jsxs)(""div"",{className:""mt-auto flex items-center gap-1.5 truncate pt-3"",style:{fontSize:10,color:y.textMuted},children:[(0,r.jsxs)(""span"",{className:""inline-flex items-center gap-1"",style:{color:rN,fontWeight:500},children:[(0,r.jsx)(""img"",{src:""/agent-logos/talon.png"",alt:"""",style:{width:12,height:12,objectFit:""contain""},onError:e=>{e.currentTarget.style.display=""none""}}),""Falcon""]}),(0,r.jsxs)(""span"",{className:""min-w-0 truncate"",children:[""\xb7 "",rF(x.setupName),"" \xb7 "",x.ago,rW(x.ago,x.liveAt,x.backfilled)?(0,r.jsxs)(""span"",{style:{opacity:.75},children:["" \xb7 live "",rW(x.ago,x.liveAt,x.backfilled)]}):null]})]})]})}),rO={entry:""fired"",armed:""runner armed"",trim:""banked"",ratchet:""","stop — runner out"",settle:""settled at intrinsic"",final:""final print"",exit:""exit"",peak:""peak"",dd:""max drawdown"",add:""scaled in"",add_x:""scaled in \xb7 separate strike""};function rB(e){let{ev:t,t:n,series:a,adds:l}=e,o=t.filter(e=>""entry""===e.ev||""peak""===e.ev);for(let e of null!=l?l:[])e.time&&null!=e.prem&&o.push({t:e.time,ev:!1===e.same?""add_x"":""add"",px:e.prem});o.sort((e,t)=>e.t.localeCompare(t.t));let s=t.find(e=>""entry""===e.ev),i=t.find(e=>""peak""===e.ev);if(s&&a&&a.length>1){let e=i?a.findIndex(e=>{let[t]=e;return t===i.t}):a.length-1,t=a.slice(0,(e>0?e:a.length-1)+1),n=t.reduce((e,t)=>t[1]<e[1]?t:e,t[0]),r=Math.round((n[1]-s.px)/s.px*100);r<0&&(o.push({t:n[0],ev:""dd"",px:n[1],ret:r}),o.s"
1536-064f08115df39c50.js,settled at intrinsic,1,1,200771,1,settled at intrinsic,"to flex items-center gap-1.5 truncate pt-3"",style:{fontSize:10,color:y.textMuted},children:[(0,r.jsxs)(""span"",{className:""inline-flex items-center gap-1"",style:{color:rN,fontWeight:500},children:[(0,r.jsx)(""img"",{src:""/agent-logos/talon.png"",alt:"""",style:{width:12,height:12,objectFit:""contain""},onError:e=>{e.currentTarget.style.display=""none""}}),""Falcon""]}),(0,r.jsxs)(""span"",{className:""min-w-0 truncate"",children:[""\xb7 "",rF(x.setupName),"" \xb7 "",x.ago,rW(x.ago,x.liveAt,x.backfilled)?(0,r.jsxs)(""span"",{style:{opacity:.75},children:["" \xb7 live "",rW(x.ago,x.liveAt,x.backfilled)]}):null]})]})]})}),rO={entry:""fired"",armed:""runner armed"",trim:""banked"",ratchet:""ratchet stop — runner out"",settle:""",""",final:""final print"",exit:""exit"",peak:""peak"",dd:""max drawdown"",add:""scaled in"",add_x:""scaled in \xb7 separate strike""};function rB(e){let{ev:t,t:n,series:a,adds:l}=e,o=t.filter(e=>""entry""===e.ev||""peak""===e.ev);for(let e of null!=l?l:[])e.time&&null!=e.prem&&o.push({t:e.time,ev:!1===e.same?""add_x"":""add"",px:e.prem});o.sort((e,t)=>e.t.localeCompare(t.t));let s=t.find(e=>""entry""===e.ev),i=t.find(e=>""peak""===e.ev);if(s&&a&&a.length>1){let e=i?a.findIndex(e=>{let[t]=e;return t===i.t}):a.length-1,t=a.slice(0,(e>0?e:a.length-1)+1),n=t.reduce((e,t)=>t[1]<e[1]?t:e,t[0]),r=Math.round((n[1]-s.px)/s.px*100);r<0&&(o.push({t:n[0],ev:""dd"",px:n[1],ret:r}),o.sort((e,t)=>e.t.localeCompare(t.t)))}return(0,r.j"
1536-064f08115df39c50.js,max drawdown,1,3,200841,1,max drawdown,".textMuted},children:[(0,r.jsxs)(""span"",{className:""inline-flex items-center gap-1"",style:{color:rN,fontWeight:500},children:[(0,r.jsx)(""img"",{src:""/agent-logos/talon.png"",alt:"""",style:{width:12,height:12,objectFit:""contain""},onError:e=>{e.currentTarget.style.display=""none""}}),""Falcon""]}),(0,r.jsxs)(""span"",{className:""min-w-0 truncate"",children:[""\xb7 "",rF(x.setupName),"" \xb7 "",x.ago,rW(x.ago,x.liveAt,x.backfilled)?(0,r.jsxs)(""span"",{style:{opacity:.75},children:["" \xb7 live "",rW(x.ago,x.liveAt,x.backfilled)]}):null]})]})]})}),rO={entry:""fired"",armed:""runner armed"",trim:""banked"",ratchet:""ratchet stop — runner out"",settle:""settled at intrinsic"",final:""final print"",exit:""exit"",peak:""peak"",dd:""",""",add:""scaled in"",add_x:""scaled in \xb7 separate strike""};function rB(e){let{ev:t,t:n,series:a,adds:l}=e,o=t.filter(e=>""entry""===e.ev||""peak""===e.ev);for(let e of null!=l?l:[])e.time&&null!=e.prem&&o.push({t:e.time,ev:!1===e.same?""add_x"":""add"",px:e.prem});o.sort((e,t)=>e.t.localeCompare(t.t));let s=t.find(e=>""entry""===e.ev),i=t.find(e=>""peak""===e.ev);if(s&&a&&a.length>1){let e=i?a.findIndex(e=>{let[t]=e;return t===i.t}):a.length-1,t=a.slice(0,(e>0?e:a.length-1)+1),n=t.reduce((e,t)=>t[1]<e[1]?t:e,t[0]),r=Math.round((n[1]-s.px)/s.px*100);r<0&&(o.push({t:n[0],ev:""dd"",px:n[1],ret:r}),o.sort((e,t)=>e.t.localeCompare(t.t)))}return(0,r.jsx)(""div"",{className:""flex flex-col gap-1.5"",children:o.map((e"
1536-064f08115df39c50.js,falcon,4,35,204321,1,Falcon,"ssName:""absolute inset-0 z-10 flex flex-col"",style:{background:""var(--tv2-overlay)"",backdropFilter:""blur(var(--tv2-blur)) saturate(165%)"",WebkitBackdropFilter:""blur(var(--tv2-blur)) saturate(165%)""},children:[(0,r.jsxs)(""div"",{className:""flex items-center gap-3 px-3.5 py-3"",style:{borderBottom:""1px solid "".concat(E.headerBorder)},children:[(0,r.jsx)(""button"",{onClick:M,className:""rounded-[9px] px-3 py-1.5"",style:{fontSize:12.5,fontWeight:500,color:E.textPrimary,background:""rgba(var(--tv2-ink),0.05)"",border:""1px solid rgba(var(--tv2-ink),0.1)""},children:""‹ Back""}),(0,r.jsx)(""span"",{className:""uppercase"",style:{fontSize:9,letterSpacing:""0.16em"",color:E.textMuted},children:""Surfaced setup \xb7","""}),null!=K&&(0,r.jsxs)(""span"",{className:""ml-auto flex items-center gap-1.5 whitespace-nowrap rounded-md px-2 py-1"",title:U?"""".concat(C.symbol,"" live underlying spot""):"""".concat(C.symbol,"" last-known spot \xb7 feed not live (off-hours or reconnecting)""),style:{fontSize:11,fontWeight:600,color:E.textPrimary,background:""rgba(var(--tv2-ink),0.05)"",border:""1px solid rgba(var(--tv2-ink),0.1)"",fontVariantNumeric:""tabular-nums""},children:[U?(0,r.jsx)(""i"",{className:""rounded-full"",style:{width:5,height:5,background:E.liveDot,boxShadow:""0 0 5px "".concat(E.liveDot),animation:""pulse 1.6s ease-in-out infinite""}}):(0,r.jsx)(""i"",{className:""rounded-full"",style:{width:5,height:5,background:E.textMuted,opa"
1536-064f08115df39c50.js,talon,74,125,205328,1,talon,"Primary,background:""rgba(var(--tv2-ink),0.05)"",border:""1px solid rgba(var(--tv2-ink),0.1)"",fontVariantNumeric:""tabular-nums""},children:[U?(0,r.jsx)(""i"",{className:""rounded-full"",style:{width:5,height:5,background:E.liveDot,boxShadow:""0 0 5px "".concat(E.liveDot),animation:""pulse 1.6s ease-in-out infinite""}}):(0,r.jsx)(""i"",{className:""rounded-full"",style:{width:5,height:5,background:E.textMuted,opacity:.6}}),(0,r.jsx)(""span"",{style:{fontSize:9,fontWeight:700,letterSpacing:""0.08em"",color:E.textMuted},children:C.symbol}),K.toFixed(2),!U&&(0,r.jsx)(""span"",{style:{fontSize:8,fontWeight:700,letterSpacing:""0.06em"",color:E.textMuted,opacity:.85},children:""DELAYED""})]})]}),(0,r.jsx)(""div"",{className:""","-noscroll min-h-0 flex-1 overflow-y-auto p-3.5"",style:{overflowAnchor:""none"",scrollbarWidth:""none""},children:(0,r.jsxs)(""div"",{className:""overflow-hidden rounded-2xl"",style:{border:""1px solid rgba(var(--tv2-ink),0.1)"",background:""linear-gradient(180deg,rgba(var(--tv2-ink),0.06),rgba(var(--tv2-ink),0.022))"",backdropFilter:""blur(var(--tv2-blur)) saturate(160%)"",boxShadow:""inset 0 1px 0 rgba(var(--tv2-ink),0.09), 0 12px 36px var(--tv2-drop)""},children:[(0,r.jsxs)(""div"",{className:""flex flex-wrap items-start gap-x-3 gap-y-2 px-4 pb-3 pt-4"",children:[(0,r.jsxs)(""div"",{className:""flex flex-col gap-1.5"",children:[(0,r.jsxs)(""div"",{className:""flex items-center gap-2.5"",children:[(0,r.jsx)(""span"",{st"
1536-064f08115df39c50.js,setupName,3,4,206967,1,setupName,"""0.09em"",border:""1px solid rgba(var(--tv2-ink),0.15)"",background:""rgba(var(--tv2-ink),0.05)"",color:""LONG""===C.side?""var(--tv2-bull)"":""var(--tv2-bear)""},children:""LONG""===C.side?""BULL"":""BEAR""}),C.provisional&&(0,r.jsx)(""span"",{title:""Live signal on a still-forming candle — pending confirmation. May repaint or vanish until the candle closes; not yet a committed trade."",className:""animate-pulse rounded-md px-2.5 py-0.5"",style:{fontSize:10,fontWeight:700,letterSpacing:""0.09em"",border:""1px solid rgba(var(--tv2-accent-rgb),0.5)"",background:""rgba(var(--tv2-accent-rgb),0.1)"",color:rN},children:""◐ PENDING""})]}),(0,r.jsxs)(""div"",{style:{fontSize:11.5,color:E.textSecondary},children:[""0DTE \xb7 "",rF(C.","),"" \xb7 fired "",C.ago,rW(C.ago,C.liveAt,C.backfilled)?"" \xb7 card live "".concat(rW(C.ago,C.liveAt,C.backfilled)):""""]})]}),(0,r.jsxs)(""div"",{className:""ml-auto flex items-center gap-2.5"",children:[(0,r.jsxs)(""span"",{className:""flex items-center gap-1.5 rounded-md px-2 py-1"",style:{fontSize:9,fontWeight:600,letterSpacing:""0.08em"",color:rN,border:""1px solid rgba(var(--tv2-accent-rgb),0.32)"",background:""rgba(var(--tv2-accent-rgb),0.06)""},children:[(0,r.jsx)(""img"",{src:""/agent-logos/talon.png"",alt:"""",style:{width:13,height:13,objectFit:""contain""},onError:e=>{e.currentTarget.style.display=""none""}}),""TALON""]}),(0,r.jsx)(rf._I,{score:C.score,skin:rS})]})]}),(0,r.jsxs)(""div"",{className:""mx-4 rounded"
1536-064f08115df39c50.js,fired,2,13,206985,1,fired,"px solid rgba(var(--tv2-ink),0.15)"",background:""rgba(var(--tv2-ink),0.05)"",color:""LONG""===C.side?""var(--tv2-bull)"":""var(--tv2-bear)""},children:""LONG""===C.side?""BULL"":""BEAR""}),C.provisional&&(0,r.jsx)(""span"",{title:""Live signal on a still-forming candle — pending confirmation. May repaint or vanish until the candle closes; not yet a committed trade."",className:""animate-pulse rounded-md px-2.5 py-0.5"",style:{fontSize:10,fontWeight:700,letterSpacing:""0.09em"",border:""1px solid rgba(var(--tv2-accent-rgb),0.5)"",background:""rgba(var(--tv2-accent-rgb),0.1)"",color:rN},children:""◐ PENDING""})]}),(0,r.jsxs)(""div"",{style:{fontSize:11.5,color:E.textSecondary},children:[""0DTE \xb7 "",rF(C.setupName),"" \xb7",""",C.ago,rW(C.ago,C.liveAt,C.backfilled)?"" \xb7 card live "".concat(rW(C.ago,C.liveAt,C.backfilled)):""""]})]}),(0,r.jsxs)(""div"",{className:""ml-auto flex items-center gap-2.5"",children:[(0,r.jsxs)(""span"",{className:""flex items-center gap-1.5 rounded-md px-2 py-1"",style:{fontSize:9,fontWeight:600,letterSpacing:""0.08em"",color:rN,border:""1px solid rgba(var(--tv2-accent-rgb),0.32)"",background:""rgba(var(--tv2-accent-rgb),0.06)""},children:[(0,r.jsx)(""img"",{src:""/agent-logos/talon.png"",alt:"""",style:{width:13,height:13,objectFit:""contain""},onError:e=>{e.currentTarget.style.display=""none""}}),""TALON""]}),(0,r.jsx)(rf._I,{score:C.score,skin:rS})]})]}),(0,r.jsxs)(""div"",{className:""mx-4 rounded-xl p-3.5"",sty"
1536-064f08115df39c50.js,talon,75,125,207460,1,talon,"id rgba(var(--tv2-accent-rgb),0.5)"",background:""rgba(var(--tv2-accent-rgb),0.1)"",color:rN},children:""◐ PENDING""})]}),(0,r.jsxs)(""div"",{style:{fontSize:11.5,color:E.textSecondary},children:[""0DTE \xb7 "",rF(C.setupName),"" \xb7 fired "",C.ago,rW(C.ago,C.liveAt,C.backfilled)?"" \xb7 card live "".concat(rW(C.ago,C.liveAt,C.backfilled)):""""]})]}),(0,r.jsxs)(""div"",{className:""ml-auto flex items-center gap-2.5"",children:[(0,r.jsxs)(""span"",{className:""flex items-center gap-1.5 rounded-md px-2 py-1"",style:{fontSize:9,fontWeight:600,letterSpacing:""0.08em"",color:rN,border:""1px solid rgba(var(--tv2-accent-rgb),0.32)"",background:""rgba(var(--tv2-accent-rgb),0.06)""},children:[(0,r.jsx)(""img"",{src:""/agent-logos/",".png"",alt:"""",style:{width:13,height:13,objectFit:""contain""},onError:e=>{e.currentTarget.style.display=""none""}}),""TALON""]}),(0,r.jsx)(rf._I,{score:C.score,skin:rS})]})]}),(0,r.jsxs)(""div"",{className:""mx-4 rounded-xl p-3.5"",style:{background:""linear-gradient(180deg, rgba(var(--tv2-accent-rgb),0.06), rgba(var(--tv2-ink),0.02))"",border:""1px solid rgba(var(--tv2-accent-rgb),0.15)""},children:[(0,r.jsx)(""span"",{className:""mb-2 block uppercase"",style:{fontSize:9,fontWeight:600,letterSpacing:""0.18em"",color:E.textMuted},children:""The Idea""}),(0,r.jsxs)(""div"",{className:""flex flex-wrap items-baseline justify-between gap-x-2.5 gap-y-1"",children:[(0,r.jsxs)(""span"",{style:{fontSize:15,fontWeight:600,lette"
1536-064f08115df39c50.js,talon,76,125,207578,1,TALON,"0,r.jsxs)(""div"",{style:{fontSize:11.5,color:E.textSecondary},children:[""0DTE \xb7 "",rF(C.setupName),"" \xb7 fired "",C.ago,rW(C.ago,C.liveAt,C.backfilled)?"" \xb7 card live "".concat(rW(C.ago,C.liveAt,C.backfilled)):""""]})]}),(0,r.jsxs)(""div"",{className:""ml-auto flex items-center gap-2.5"",children:[(0,r.jsxs)(""span"",{className:""flex items-center gap-1.5 rounded-md px-2 py-1"",style:{fontSize:9,fontWeight:600,letterSpacing:""0.08em"",color:rN,border:""1px solid rgba(var(--tv2-accent-rgb),0.32)"",background:""rgba(var(--tv2-accent-rgb),0.06)""},children:[(0,r.jsx)(""img"",{src:""/agent-logos/talon.png"",alt:"""",style:{width:13,height:13,objectFit:""contain""},onError:e=>{e.currentTarget.style.display=""none""}}),""","""]}),(0,r.jsx)(rf._I,{score:C.score,skin:rS})]})]}),(0,r.jsxs)(""div"",{className:""mx-4 rounded-xl p-3.5"",style:{background:""linear-gradient(180deg, rgba(var(--tv2-accent-rgb),0.06), rgba(var(--tv2-ink),0.02))"",border:""1px solid rgba(var(--tv2-accent-rgb),0.15)""},children:[(0,r.jsx)(""span"",{className:""mb-2 block uppercase"",style:{fontSize:9,fontWeight:600,letterSpacing:""0.18em"",color:E.textMuted},children:""The Idea""}),(0,r.jsxs)(""div"",{className:""flex flex-wrap items-baseline justify-between gap-x-2.5 gap-y-1"",children:[(0,r.jsxs)(""span"",{style:{fontSize:15,fontWeight:600,letterSpacing:""-0.005em"",color:E.textPrimary,fontVariantNumeric:""tabular-nums""},children:[_.native?(0,r.jsxs)(r.Fragment,{c"
1536-064f08115df39c50.js,setupName,4,4,211320,1,setupName,"me:""flex items-baseline gap-2"",style:{fontSize:11,lineHeight:1.5,color:E.textSecondary},children:[(0,r.jsx)(""span"",{style:{color:""var(--tv2-warn)"",fontSize:11},children:""⚠""}),(0,r.jsxs)(""span"",{children:[(0,r.jsx)(""b"",{style:{color:""var(--tv2-warn)"",fontWeight:600},children:""Risk""}),"" \xb7 "",e]})]},t))}),(0,r.jsx)(rf.oX,{t:E,skin:rS,rows:(()=>{var e,t,n;let r=null==(e=C.progress)?void 0:e.SPY,a=C.liveAt&&!C.backfilled?C.liveAt:C.ago,l=(null!=(n=C.rationaleLines)?n:[]).filter(e=>""leg""===e.k);return[...l.length?l.map(e=>({ok:!0,label:"""".concat(e.sym,"" alignment"").concat(null!=e.score?"" "".concat(e.score>=0?""+"":"""").concat(e.score):""""),detail:e.text,at:C.ago})):[{ok:!0,label:""Alignment"",detail:C.","||"""",at:C.ago}],...(null==(t=C.structures)?void 0:t.length)?[{ok:!0,label:""Structure"",detail:C.structures.join("" \xb7 ""),at:C.ago}]:[],{ok:!0,label:""Regime gates cleared"",detail:""chop \xb7 midday vol \xb7 expansion"",at:C.ago},{ok:!0,label:""R:R gate"",detail:"""".concat(C.rr,"" ≥ 1 : 1.5""),at:C.ago},{ok:!0,label:""Fired — card published"",detail:C.contract,at:a},{ok:!!(null==r?void 0:r.hit_t1),acquired:!!(null==r?void 0:r.hit_t1),watching:!(null==r?void 0:r.hit_t1)&&!(null==r?void 0:r.hit_stop)&&!(null==r?void 0:r.hit_target),label:""T1 \xb7 first trim"",detail:null!=C.partial?String(C.partial):""""},{ok:!!(null==r?void 0:r.hit_target),acquired:!!(null==r?void 0:r.hit_target),watching:!!(null==r?void 0"
1536-064f08115df39c50.js,fired,3,13,211639,1,Fired,"oX,{t:E,skin:rS,rows:(()=>{var e,t,n;let r=null==(e=C.progress)?void 0:e.SPY,a=C.liveAt&&!C.backfilled?C.liveAt:C.ago,l=(null!=(n=C.rationaleLines)?n:[]).filter(e=>""leg""===e.k);return[...l.length?l.map(e=>({ok:!0,label:"""".concat(e.sym,"" alignment"").concat(null!=e.score?"" "".concat(e.score>=0?""+"":"""").concat(e.score):""""),detail:e.text,at:C.ago})):[{ok:!0,label:""Alignment"",detail:C.setupName||"""",at:C.ago}],...(null==(t=C.structures)?void 0:t.length)?[{ok:!0,label:""Structure"",detail:C.structures.join("" \xb7 ""),at:C.ago}]:[],{ok:!0,label:""Regime gates cleared"",detail:""chop \xb7 midday vol \xb7 expansion"",at:C.ago},{ok:!0,label:""R:R gate"",detail:"""".concat(C.rr,"" ≥ 1 : 1.5""),at:C.ago},{ok:!0,label:""","— card published"",detail:C.contract,at:a},{ok:!!(null==r?void 0:r.hit_t1),acquired:!!(null==r?void 0:r.hit_t1),watching:!(null==r?void 0:r.hit_t1)&&!(null==r?void 0:r.hit_stop)&&!(null==r?void 0:r.hit_target),label:""T1 \xb7 first trim"",detail:null!=C.partial?String(C.partial):""""},{ok:!!(null==r?void 0:r.hit_target),acquired:!!(null==r?void 0:r.hit_target),watching:!!(null==r?void 0:r.hit_t1)&&!(null==r?void 0:r.hit_target)&&!(null==r?void 0:r.hit_stop),label:""Target"",detail:String(C.target)},...(null==r?void 0:r.hit_stop)?[{ok:!0,acquired:!0,stop:!0,label:""Stop"",detail:String(C.stop)}]:[]]})()}),(_.premSeries||_.lifecycle)&&(0,r.jsxs)(""div"",{className:""mx-4 mt-4 rounded-xl p-3.5"",style:{bac"
1536-064f08115df39c50.js,playbook,32,77,213029,1,playbook,"3.5"",style:{background:""rgba(var(--tv2-ink),0.03)"",border:""1px solid rgba(var(--tv2-ink),0.09)""},children:[(0,r.jsx)(""span"",{className:""mb-2 block uppercase"",style:{fontSize:9,fontWeight:600,letterSpacing:""0.18em"",color:E.textMuted},children:""Contract tape \xb7 per-minute median""}),_.premSeries&&(0,r.jsx)(rf.go,{series:_.premSeries,entry:null==(c=(Array.isArray(_.lifecycle)?_.lifecycle:[]).find(e=>""entry""===e.ev))?void 0:c.px,peakTime:_.peakTime,t:E,skin:rS,scrubTime:ee,onScrub:et}),_.lifecycle&&(0,r.jsx)(""div"",{className:""mt-2.5"",children:(0,r.jsx)(rB,{ev:_.lifecycle,t:E,series:_.premSeries,adds:rL(C,_.native,_.contract).adds})})]}),rk.G.TRADE_LIFECYCLE_COPY&&(()=>{var e,t;let n=null!=(e=_.",")?e:_.native?C.playbook:void 0,a=(0,rv.XX)({lifecycle:_.lifecycle,playbook:n}),l=null!=(t=_.gradeSrc)?t:_.native?C.gradeSrc:void 0;return a.length?(0,r.jsx)(""div"",{className:""mx-4 mt-4"",children:(0,r.jsx)(rv.RP,{events:a,sizingModel:""equal"",engineAvgEntry:null==n?void 0:n.avg_entry,engineReturnPct:null==n?void 0:n.return_pct,contract:_.contract,side:C.side,dayDate:C.expiryIso,gradeSrc:l,liveMark:Z})}):_.native?null:(0,r.jsxs)(""div"",{className:""mx-4 mt-4 flex flex-col gap-1 rounded-lg p-2.5"",style:{background:""rgba(var(--tv2-ink),0.04)"",border:""1px solid rgba(var(--tv2-ink),0.08)""},children:[(0,r.jsx)(""span"",{style:{fontSize:10,fontWeight:700,letterSpacing:""0.1em"",color:E.textSecondary},child"
1536-064f08115df39c50.js,playbook,33,77,213052,1,playbook,"""rgba(var(--tv2-ink),0.03)"",border:""1px solid rgba(var(--tv2-ink),0.09)""},children:[(0,r.jsx)(""span"",{className:""mb-2 block uppercase"",style:{fontSize:9,fontWeight:600,letterSpacing:""0.18em"",color:E.textMuted},children:""Contract tape \xb7 per-minute median""}),_.premSeries&&(0,r.jsx)(rf.go,{series:_.premSeries,entry:null==(c=(Array.isArray(_.lifecycle)?_.lifecycle:[]).find(e=>""entry""===e.ev))?void 0:c.px,peakTime:_.peakTime,t:E,skin:rS,scrubTime:ee,onScrub:et}),_.lifecycle&&(0,r.jsx)(""div"",{className:""mt-2.5"",children:(0,r.jsx)(rB,{ev:_.lifecycle,t:E,series:_.premSeries,adds:rL(C,_.native,_.contract).adds})})]}),rk.G.TRADE_LIFECYCLE_COPY&&(()=>{var e,t;let n=null!=(e=_.playbook)?e:_.native?C.",":void 0,a=(0,rv.XX)({lifecycle:_.lifecycle,playbook:n}),l=null!=(t=_.gradeSrc)?t:_.native?C.gradeSrc:void 0;return a.length?(0,r.jsx)(""div"",{className:""mx-4 mt-4"",children:(0,r.jsx)(rv.RP,{events:a,sizingModel:""equal"",engineAvgEntry:null==n?void 0:n.avg_entry,engineReturnPct:null==n?void 0:n.return_pct,contract:_.contract,side:C.side,dayDate:C.expiryIso,gradeSrc:l,liveMark:Z})}):_.native?null:(0,r.jsxs)(""div"",{className:""mx-4 mt-4 flex flex-col gap-1 rounded-lg p-2.5"",style:{background:""rgba(var(--tv2-ink),0.04)"",border:""1px solid rgba(var(--tv2-ink),0.08)""},children:[(0,r.jsx)(""span"",{style:{fontSize:10,fontWeight:700,letterSpacing:""0.1em"",color:E.textSecondary},children:""COPILOT MODE""}),(0"
1536-064f08115df39c50.js,playbook,34,77,213103,1,playbook,"var(--tv2-ink),0.09)""},children:[(0,r.jsx)(""span"",{className:""mb-2 block uppercase"",style:{fontSize:9,fontWeight:600,letterSpacing:""0.18em"",color:E.textMuted},children:""Contract tape \xb7 per-minute median""}),_.premSeries&&(0,r.jsx)(rf.go,{series:_.premSeries,entry:null==(c=(Array.isArray(_.lifecycle)?_.lifecycle:[]).find(e=>""entry""===e.ev))?void 0:c.px,peakTime:_.peakTime,t:E,skin:rS,scrubTime:ee,onScrub:et}),_.lifecycle&&(0,r.jsx)(""div"",{className:""mt-2.5"",children:(0,r.jsx)(rB,{ev:_.lifecycle,t:E,series:_.premSeries,adds:rL(C,_.native,_.contract).adds})})]}),rk.G.TRADE_LIFECYCLE_COPY&&(()=>{var e,t;let n=null!=(e=_.playbook)?e:_.native?C.playbook:void 0,a=(0,rv.XX)({lifecycle:_.lifecycle,",":n}),l=null!=(t=_.gradeSrc)?t:_.native?C.gradeSrc:void 0;return a.length?(0,r.jsx)(""div"",{className:""mx-4 mt-4"",children:(0,r.jsx)(rv.RP,{events:a,sizingModel:""equal"",engineAvgEntry:null==n?void 0:n.avg_entry,engineReturnPct:null==n?void 0:n.return_pct,contract:_.contract,side:C.side,dayDate:C.expiryIso,gradeSrc:l,liveMark:Z})}):_.native?null:(0,r.jsxs)(""div"",{className:""mx-4 mt-4 flex flex-col gap-1 rounded-lg p-2.5"",style:{background:""rgba(var(--tv2-ink),0.04)"",border:""1px solid rgba(var(--tv2-ink),0.08)""},children:[(0,r.jsx)(""span"",{style:{fontSize:10,fontWeight:700,letterSpacing:""0.1em"",color:E.textSecondary},children:""COPILOT MODE""}),(0,r.jsxs)(""span"",{style:{fontSize:10.5,color:E.textM"
1536-064f08115df39c50.js,falcon,5,35,214051,1,falcon,"n.return_pct,contract:_.contract,side:C.side,dayDate:C.expiryIso,gradeSrc:l,liveMark:Z})}):_.native?null:(0,r.jsxs)(""div"",{className:""mx-4 mt-4 flex flex-col gap-1 rounded-lg p-2.5"",style:{background:""rgba(var(--tv2-ink),0.04)"",border:""1px solid rgba(var(--tv2-ink),0.08)""},children:[(0,r.jsx)(""span"",{style:{fontSize:10,fontWeight:700,letterSpacing:""0.1em"",color:E.textSecondary},children:""COPILOT MODE""}),(0,r.jsxs)(""span"",{style:{fontSize:10.5,color:E.textMuted},children:[""No per-tranche lifecycle for the "",_.contract.split("" "")[0],"" leg yet — this leg has no timestamped fill log to copy. Switch to a leg with a lifecycle, or check back once it's graded.""]})]})})(),(0,r.jsx)(rf.Sl,{endpoint:""/","/contract_flow"",contract:_.contract.split("" \xb7 "")[0],expiryIso:C.expiryIso,since:C.ago,t:E,skin:rS,side:C.side,scrubTime:ee,onScrub:et}),(0,r.jsxs)(""div"",{className:""mx-5 mt-5"",children:[(0,r.jsxs)(""div"",{className:""mb-1 flex flex-wrap items-center justify-between gap-y-1"",children:[(0,r.jsxs)(""span"",{className:""uppercase"",style:{fontSize:8.5,fontWeight:600,letterSpacing:""0.16em"",color:E.textMuted},children:[""Trade map"",_.native?"""":(null==(d=_.levels)?void 0:d.prem)?"" \xb7 premium basis \xb7 trims +30/50/70/100% \xb7 stop −50%"":_.levels?"" \xb7 this leg's own structure"":"" \xb7 SPY levels (own structure unavailable)""]}),(0,r.jsxs)(""span"",{className:""flex flex-wrap items-center justify-end ga"
1536-064f08115df39c50.js,talon,77,125,219210,1,talon,":""absolute"",top:-13,bottom:-6,left:"""".concat(P(J),""%""),transform:""translateX(-50%)"",display:""flex"",flexDirection:""column"",alignItems:""center"",pointerEvents:""none""},children:[(0,r.jsx)(""span"",{style:{fontSize:6.5,fontWeight:700,letterSpacing:""0.06em"",lineHeight:1,color:$?E.liveDot:E.textMuted,textTransform:""uppercase""},children:""now""}),(0,r.jsx)(""span"",{style:{flex:1,width:2,background:$?E.liveDot:E.textPrimary,borderRadius:1,boxShadow:$?""0 0 6px "".concat(E.liveDot):""0 0 7px rgba(var(--tv2-ink),0.55)""}})]}),(0,r.jsx)(""span"",{style:{position:""absolute"",top:""50%"",left:"""".concat(L,""%""),transform:""translate(-50%,-50%)"",width:11,height:11,background:rN,borderRadius:""50%"",border:""2.5px solid var(--","-bg)"",boxShadow:""0 0 8px "".concat(rT)}})]}),null!=R.partial&&(0,r.jsxs)(""span"",{style:{position:""absolute"",bottom:-12,left:"""".concat(P(R.partial),""%""),transform:""translateX(-50%)"",fontSize:8,fontWeight:600,letterSpacing:""0.07em"",color:""rgba(var(--tv2-bull-rgb),0.7)"",whiteSpace:""nowrap"",fontVariantNumeric:""tabular-nums""},children:[""T1 "",R.partial.toFixed(2),(null==O?void 0:O.hit_t1)||G(R.partial)?"" ✓"":""""]})]}),(0,r.jsx)(""div"",{className:""mt-3 flex items-start justify-between"",children:(()=>{let e=(0,r.jsxs)(""div"",{style:{textAlign:D?""left"":""right""},children:[(0,r.jsxs)(""div"",{style:{fontSize:8.5,fontWeight:700,letterSpacing:""0.12em"",color:(null==O?void 0:O.hit_stop)?""var(--tv2-bear)"":""rgba(va"
1536-064f08115df39c50.js,talon,78,125,221370,1,TALON,"),(0,r.jsx)(""div"",{style:{fontSize:14.5,fontWeight:600,marginTop:2,color:E.textPrimary,fontVariantNumeric:""tabular-nums""},children:R.target.toFixed(2)}),(0,r.jsxs)(""div"",{style:{fontSize:9.5,marginTop:1,color:E.textMuted},children:[""reward "",Math.abs(R.target-R.entry).toFixed(2),"" pt""]})]});return D?(0,r.jsxs)(r.Fragment,{children:[e,t]}):(0,r.jsxs)(r.Fragment,{children:[t,e]})})()})]}),(0,r.jsxs)(""div"",{className:""px-4 pb-4 pt-3.5"",children:[(0,r.jsxs)(""div"",{className:""mb-2.5 flex items-center gap-1.5"",style:{fontSize:9,fontWeight:600,letterSpacing:""0.13em"",color:rN},children:[(0,r.jsx)(""i"",{className:""rounded-full"",style:{width:5,height:5,background:rN,boxShadow:""0 0 6px "".concat(rN)}}),""","\xb7 RATIONALE""]}),(null==(u=C.rationaleLines)?void 0:u.length)?(0,r.jsx)(""div"",{className:""flex flex-col gap-1.5"",style:{opacity:I?1:.25,transition:""opacity .4s ease""},children:C.rationaleLines.map((e,t)=>{var n,a;return""head""===e.k?(0,r.jsx)(""div"",{style:{fontSize:12.5,fontWeight:600,color:E.textPrimary,lineHeight:1.5},children:e.text},t):""leg""===e.k?(0,r.jsxs)(""div"",{className:""flex items-baseline gap-2"",style:{fontSize:11.5,lineHeight:1.55},children:[(0,r.jsx)(""b"",{style:{color:rN,fontWeight:700,minWidth:30},children:e.sym}),(0,r.jsxs)(""span"",{className:""rounded px-1"",style:{fontSize:9.5,fontWeight:700,fontVariantNumeric:""tabular-nums"",color:(null!=(n=e.score)?n:0)>=0?""var(--tv2-bull)"":"
1536-064f08115df39c50.js,trigger,1,19,223909,1,trigger,"textTransform:""uppercase"",color:e.includes(""rug pull"")?""var(--tv2-bear)"":""var(--tv2-bull)"",border:""1px solid "".concat(e.includes(""rug pull"")?""rgba(var(--tv2-bear-rgb),0.35)"":""rgba(var(--tv2-bull-rgb),0.35)"")},children:e},t))}),!!(null==(m=C.evolution)?void 0:m.length)&&(0,r.jsxs)(""div"",{className:""mt-2.5 flex flex-col gap-1.5"",style:{fontVariantNumeric:""tabular-nums""},children:[(0,r.jsxs)(""span"",{className:""uppercase"",style:{fontSize:8.5,fontWeight:600,letterSpacing:""0.16em"",color:E.textMuted},children:[""Structure story \xb7 "",null==(x=C.evolution[0])||null==(h=x.pts)||null==(g=h[0])?void 0:g[0],"" → "",null==(y=C.evolution[0])||null==(b=y.pts)||null==(f=b.slice(-1)[0])?void 0:f[0],"" into the",""",C.evolution.some(e=>{var t;return null==(t=e.after)?void 0:t.length})?"" \xb7 then since entry"":""""]}),C.evolution.map((e,t)=>{var n,a;if(""defense""===e.kind){let n=e.delta>0,l=""LONG""===C.side?n:!n;return(0,r.jsxs)(""div"",{style:{fontSize:11,lineHeight:1.55,color:E.textSecondary},children:[(0,r.jsxs)(""b"",{style:{color:""var(--tv2-bull)"",fontWeight:600},children:[e.sym,"" "",e.strike,"" defense""]}),"" "",""vs the "",String(null!=(a=e.vs)?a:""""),"" King — ratio"","" "",(0,r.jsxs)(""b"",{style:{color:E.textPrimary},children:[e.pts[0][1].toFixed(2),"" → "",e.pts[e.pts.length-1][1].toFixed(2)]}),"" —"","" "",(0,r.jsxs)(""b"",{style:{color:l?""var(--tv2-bull)"":""var(--tv2-bear)"",fontWeight:600},children:[n?""wall building in"
1536-064f08115df39c50.js,gamma,7,12,225930,1,gamma,"ed(2)]}),"" since entry —"","" "",(0,r.jsxs)(""b"",{style:{color:l?""var(--tv2-bull)"":""var(--tv2-bear)"",fontWeight:600},children:[a?""fuel building"":""fuel draining"",l?"" \xb7 hold signal"":"" \xb7 tighten up""]}),(0,r.jsx)(""span"",{className:""block"",style:{fontSize:9,color:E.textMuted,marginTop:1},children:e.pts.map(e=>"""".concat(e[0],"" \xd7"").concat(e[1].toFixed(2))).join("" \xb7 "")})]},t)}let l=""pika""===e.kind,o=e.delta>0,s=0===e.delta,i=e.pts[0],c=e.pts[e.pts.length-1];return(0,r.jsxs)(""div"",{style:{fontSize:11,lineHeight:1.55,color:E.textSecondary},children:[(0,r.jsxs)(""b"",{style:{color:l?""var(--tv2-bull)"":""var(--tv2-bear)"",fontWeight:600},children:[e.sym,"" "",e.strike]}),"" "",l?""support wall"":""negative-","pocket"","" "",s?""held steady at"":o?l?""strengthened"":""grew"":""faded"","" "",(0,r.jsx)(""b"",{style:{color:E.textPrimary},children:s?c[1].toFixed(2):"""".concat(i[1].toFixed(2),"" → "").concat(c[1].toFixed(2))}),"" — "",s?""the level pinned the frame"":l?o?""dealers built the floor"":""the floor was dissolving"":o?""downside fuel was building"":""downside pressure easing"",(0,r.jsx)(""span"",{className:""block"",style:{fontSize:9,color:E.textMuted,marginTop:1},children:e.pts.map(e=>"""".concat(e[0],"" "").concat(e[1].toFixed(2))).join("" \xb7 "")}),!!(null==(n=e.after)?void 0:n.length)&&(()=>{var t;let n=null!=(t=e.after_delta)?t:0,a=""LONG""===C.side?l?n>=0:n<=0:l?n<=0:n>=0;return(0,r.jsxs)(""span"",{className:""block"",style:{fon"
1536-064f08115df39c50.js,node,8,20,227071,1,Node,"children:e.pts.map(e=>"""".concat(e[0],"" "").concat(e[1].toFixed(2))).join("" \xb7 "")}),!!(null==(n=e.after)?void 0:n.length)&&(()=>{var t;let n=null!=(t=e.after_delta)?t:0,a=""LONG""===C.side?l?n>=0:n<=0:l?n<=0:n>=0;return(0,r.jsxs)(""span"",{className:""block"",style:{fontSize:9.5,marginTop:1,color:E.textSecondary},children:[""since entry: "",e.after.map(e=>"""".concat(e[0],"" "").concat(e[1].toFixed(2))).join("" \xb7 ""),"" —"","" "",(0,r.jsxs)(""b"",{style:{color:a?""var(--tv2-bull)"":""var(--tv2-bear)"",fontWeight:600},children:[0===n?""holding"":n>0?""building"":""fading"",a?"" \xb7 supports the runner"":"" \xb7 tighten up""]})]})})()]},t)}),(0,r.jsx)(""span"",{style:{fontSize:8.5,lineHeight:1.5,color:E.textMuted},children:""","strength is relative to the session’s dominant node (the King = 1.00). Structure building INTO a signal is conviction; structure dissolving is the warning.""})]})]}),(0,r.jsxs)(""div"",{className:""flex flex-col gap-2 px-4 pb-4"",children:[(0,r.jsx)(""button"",{className:""rounded-xl py-2.5"",style:{fontSize:12.5,fontWeight:600,color:""var(--tv2-accent-ink)"",background:""linear-gradient(120deg, "".concat(rN,"", "").concat(""var(--tv2-accent2)"","")""),boxShadow:""0 0 18px rgba(var(--tv2-accent-rgb),0.3)""},children:""Execute Trade via Broker""}),(0,r.jsxs)(""div"",{className:""flex gap-2"",children:[(0,r.jsx)(""button"",{className:""flex-1 rounded-xl py-2.5"",style:{fontSize:12.5,fontWeight:500,color:E.textPrimary,backg"
1536-064f08115df39c50.js,node,9,20,227123,1,node,"].toFixed(2))).join("" \xb7 "")}),!!(null==(n=e.after)?void 0:n.length)&&(()=>{var t;let n=null!=(t=e.after_delta)?t:0,a=""LONG""===C.side?l?n>=0:n<=0:l?n<=0:n>=0;return(0,r.jsxs)(""span"",{className:""block"",style:{fontSize:9.5,marginTop:1,color:E.textSecondary},children:[""since entry: "",e.after.map(e=>"""".concat(e[0],"" "").concat(e[1].toFixed(2))).join("" \xb7 ""),"" —"","" "",(0,r.jsxs)(""b"",{style:{color:a?""var(--tv2-bull)"":""var(--tv2-bear)"",fontWeight:600},children:[0===n?""holding"":n>0?""building"":""fading"",a?"" \xb7 supports the runner"":"" \xb7 tighten up""]})]})})()]},t)}),(0,r.jsx)(""span"",{style:{fontSize:8.5,lineHeight:1.5,color:E.textMuted},children:""Node strength is relative to the session’s dominant","(the King = 1.00). Structure building INTO a signal is conviction; structure dissolving is the warning.""})]})]}),(0,r.jsxs)(""div"",{className:""flex flex-col gap-2 px-4 pb-4"",children:[(0,r.jsx)(""button"",{className:""rounded-xl py-2.5"",style:{fontSize:12.5,fontWeight:600,color:""var(--tv2-accent-ink)"",background:""linear-gradient(120deg, "".concat(rN,"", "").concat(""var(--tv2-accent2)"","")""),boxShadow:""0 0 18px rgba(var(--tv2-accent-rgb),0.3)""},children:""Execute Trade via Broker""}),(0,r.jsxs)(""div"",{className:""flex gap-2"",children:[(0,r.jsx)(""button"",{className:""flex-1 rounded-xl py-2.5"",style:{fontSize:12.5,fontWeight:500,color:E.textPrimary,background:""rgba(var(--tv2-ink),0.045)"",border:""1px solid"
1536-064f08115df39c50.js,talon,79,125,228798,1,talon,")]})]})]})})]})}function rV(e){var t,n,o,s,i,c,d;let{theme:u,isDark:p=!0,isMono:m=!1,panelOpacity:g=1,panelBlur:h=14,appTheme:x}=e,[f,b]=(0,a.useState)(null),[y,v]=(0,a.useState)(null);(0,a.useEffect)(()=>{if(!y)return;let e=e=>{""Escape""===e.key&&v(null)};return window.addEventListener(""keydown"",e),()=>window.removeEventListener(""keydown"",e)},[y]);let k=(0,ez.O)(e=>e.talonContractSym),w=(0,ez.O)(e=>e.setTalonContractSym),j=(0,ez.O)(e=>e.expertMode),S=(0,ez.O)(e=>e.setExpertMode),N=e=>rP(e,k),[T,A]=(0,a.useState)([]),C=(0,a.useRef)(null),_=(0,a.useRef)(0),[E,M]=(0,a.useState)(null),[I,z]=(0,a.useState)(""v2""),[R,F]=(0,a.useState)(!1);(0,a.useEffect)(()=>{try{let e=localStorage.getItem(""skylit:",":book"");e&&z(e),""1""===localStorage.getItem(""skylit:talon:otm"")&&F(!0)}catch(e){}},[]),(0,a.useEffect)(()=>{try{I&&localStorage.setItem(""skylit:talon:book"",I)}catch(e){}},[I]),(0,a.useEffect)(()=>{try{localStorage.setItem(""skylit:talon:otm"",R?""1"":""0"")}catch(e){}},[R]);let W=null!=I?I:""v2"",P=""v3""===W,D=""legacy""===W?""legacy"":""v3""===W?R?""v3_degen"":""v3"":""v1""===W?R?""degen"":""normal"":R?""v2_degen"":""v2"",{isAdmin:L}=(0,ec.$)(),q=function(e){let[t,n]=(0,a.useState)([]);return(0,a.useEffect)(()=>{let t,r=!0,a=async()=>{let l=!1;try{let t=await fetch(e?""/falcon/days?strategy="".concat(e):""/falcon/days"",{cache:""no-store""}),a=await t.json();r&&Array.isArray(null==a?void 0:a.days)&&a.days.length>0&&(n(a.days)"
1536-064f08115df39c50.js,talon,80,125,228854,1,talon,"me:u,isDark:p=!0,isMono:m=!1,panelOpacity:g=1,panelBlur:h=14,appTheme:x}=e,[f,b]=(0,a.useState)(null),[y,v]=(0,a.useState)(null);(0,a.useEffect)(()=>{if(!y)return;let e=e=>{""Escape""===e.key&&v(null)};return window.addEventListener(""keydown"",e),()=>window.removeEventListener(""keydown"",e)},[y]);let k=(0,ez.O)(e=>e.talonContractSym),w=(0,ez.O)(e=>e.setTalonContractSym),j=(0,ez.O)(e=>e.expertMode),S=(0,ez.O)(e=>e.setExpertMode),N=e=>rP(e,k),[T,A]=(0,a.useState)([]),C=(0,a.useRef)(null),_=(0,a.useRef)(0),[E,M]=(0,a.useState)(null),[I,z]=(0,a.useState)(""v2""),[R,F]=(0,a.useState)(!1);(0,a.useEffect)(()=>{try{let e=localStorage.getItem(""skylit:talon:book"");e&&z(e),""1""===localStorage.getItem(""skylit:",":otm"")&&F(!0)}catch(e){}},[]),(0,a.useEffect)(()=>{try{I&&localStorage.setItem(""skylit:talon:book"",I)}catch(e){}},[I]),(0,a.useEffect)(()=>{try{localStorage.setItem(""skylit:talon:otm"",R?""1"":""0"")}catch(e){}},[R]);let W=null!=I?I:""v2"",P=""v3""===W,D=""legacy""===W?""legacy"":""v3""===W?R?""v3_degen"":""v3"":""v1""===W?R?""degen"":""normal"":R?""v2_degen"":""v2"",{isAdmin:L}=(0,ec.$)(),q=function(e){let[t,n]=(0,a.useState)([]);return(0,a.useEffect)(()=>{let t,r=!0,a=async()=>{let l=!1;try{let t=await fetch(e?""/falcon/days?strategy="".concat(e):""/falcon/days"",{cache:""no-store""}),a=await t.json();r&&Array.isArray(null==a?void 0:a.days)&&a.days.length>0&&(n(a.days),l=!0)}catch(e){}r&&(t=setTimeout(a,l?3e5:15e3))};return"
1536-064f08115df39c50.js,talon,81,125,228946,1,talon,"te)(null),[y,v]=(0,a.useState)(null);(0,a.useEffect)(()=>{if(!y)return;let e=e=>{""Escape""===e.key&&v(null)};return window.addEventListener(""keydown"",e),()=>window.removeEventListener(""keydown"",e)},[y]);let k=(0,ez.O)(e=>e.talonContractSym),w=(0,ez.O)(e=>e.setTalonContractSym),j=(0,ez.O)(e=>e.expertMode),S=(0,ez.O)(e=>e.setExpertMode),N=e=>rP(e,k),[T,A]=(0,a.useState)([]),C=(0,a.useRef)(null),_=(0,a.useRef)(0),[E,M]=(0,a.useState)(null),[I,z]=(0,a.useState)(""v2""),[R,F]=(0,a.useState)(!1);(0,a.useEffect)(()=>{try{let e=localStorage.getItem(""skylit:talon:book"");e&&z(e),""1""===localStorage.getItem(""skylit:talon:otm"")&&F(!0)}catch(e){}},[]),(0,a.useEffect)(()=>{try{I&&localStorage.setItem(""skylit:",":book"",I)}catch(e){}},[I]),(0,a.useEffect)(()=>{try{localStorage.setItem(""skylit:talon:otm"",R?""1"":""0"")}catch(e){}},[R]);let W=null!=I?I:""v2"",P=""v3""===W,D=""legacy""===W?""legacy"":""v3""===W?R?""v3_degen"":""v3"":""v1""===W?R?""degen"":""normal"":R?""v2_degen"":""v2"",{isAdmin:L}=(0,ec.$)(),q=function(e){let[t,n]=(0,a.useState)([]);return(0,a.useEffect)(()=>{let t,r=!0,a=async()=>{let l=!1;try{let t=await fetch(e?""/falcon/days?strategy="".concat(e):""/falcon/days"",{cache:""no-store""}),a=await t.json();r&&Array.isArray(null==a?void 0:a.days)&&a.days.length>0&&(n(a.days),l=!0)}catch(e){}r&&(t=setTimeout(a,l?3e5:15e3))};return a(),()=>{r=!1,clearTimeout(t)}},[e]),t}(D),[O,B]=(0,a.useState)(!1),G=function(e,t){let[n,r"
1536-064f08115df39c50.js,talon,82,125,229032,1,talon,"pe""===e.key&&v(null)};return window.addEventListener(""keydown"",e),()=>window.removeEventListener(""keydown"",e)},[y]);let k=(0,ez.O)(e=>e.talonContractSym),w=(0,ez.O)(e=>e.setTalonContractSym),j=(0,ez.O)(e=>e.expertMode),S=(0,ez.O)(e=>e.setExpertMode),N=e=>rP(e,k),[T,A]=(0,a.useState)([]),C=(0,a.useRef)(null),_=(0,a.useRef)(0),[E,M]=(0,a.useState)(null),[I,z]=(0,a.useState)(""v2""),[R,F]=(0,a.useState)(!1);(0,a.useEffect)(()=>{try{let e=localStorage.getItem(""skylit:talon:book"");e&&z(e),""1""===localStorage.getItem(""skylit:talon:otm"")&&F(!0)}catch(e){}},[]),(0,a.useEffect)(()=>{try{I&&localStorage.setItem(""skylit:talon:book"",I)}catch(e){}},[I]),(0,a.useEffect)(()=>{try{localStorage.setItem(""skylit:",":otm"",R?""1"":""0"")}catch(e){}},[R]);let W=null!=I?I:""v2"",P=""v3""===W,D=""legacy""===W?""legacy"":""v3""===W?R?""v3_degen"":""v3"":""v1""===W?R?""degen"":""normal"":R?""v2_degen"":""v2"",{isAdmin:L}=(0,ec.$)(),q=function(e){let[t,n]=(0,a.useState)([]);return(0,a.useEffect)(()=>{let t,r=!0,a=async()=>{let l=!1;try{let t=await fetch(e?""/falcon/days?strategy="".concat(e):""/falcon/days"",{cache:""no-store""}),a=await t.json();r&&Array.isArray(null==a?void 0:a.days)&&a.days.length>0&&(n(a.days),l=!0)}catch(e){}r&&(t=setTimeout(a,l?3e5:15e3))};return a(),()=>{r=!1,clearTimeout(t)}},[e]),t}(D),[O,B]=(0,a.useState)(!1),G=function(e,t){let[n,r]=(0,a.useState)({});return(0,a.useEffect)(()=>{if(!t)return;let n=!0;return(async()=>"
1536-064f08115df39c50.js,falcon,6,35,229350,1,falcon,"eRef)(0),[E,M]=(0,a.useState)(null),[I,z]=(0,a.useState)(""v2""),[R,F]=(0,a.useState)(!1);(0,a.useEffect)(()=>{try{let e=localStorage.getItem(""skylit:talon:book"");e&&z(e),""1""===localStorage.getItem(""skylit:talon:otm"")&&F(!0)}catch(e){}},[]),(0,a.useEffect)(()=>{try{I&&localStorage.setItem(""skylit:talon:book"",I)}catch(e){}},[I]),(0,a.useEffect)(()=>{try{localStorage.setItem(""skylit:talon:otm"",R?""1"":""0"")}catch(e){}},[R]);let W=null!=I?I:""v2"",P=""v3""===W,D=""legacy""===W?""legacy"":""v3""===W?R?""v3_degen"":""v3"":""v1""===W?R?""degen"":""normal"":R?""v2_degen"":""v2"",{isAdmin:L}=(0,ec.$)(),q=function(e){let[t,n]=(0,a.useState)([]);return(0,a.useEffect)(()=>{let t,r=!0,a=async()=>{let l=!1;try{let t=await fetch(e?""/","/days?strategy="".concat(e):""/falcon/days"",{cache:""no-store""}),a=await t.json();r&&Array.isArray(null==a?void 0:a.days)&&a.days.length>0&&(n(a.days),l=!0)}catch(e){}r&&(t=setTimeout(a,l?3e5:15e3))};return a(),()=>{r=!1,clearTimeout(t)}},[e]),t}(D),[O,B]=(0,a.useState)(!1),G=function(e,t){let[n,r]=(0,a.useState)({});return(0,a.useEffect)(()=>{if(!t)return;let n=!0;return(async()=>{try{let t=e?""?strategy="".concat(e):"""",a=await fetch(""/falcon/day-summaries"".concat(t),{cache:""no-store""}),l=await a.json();n&&(null==l?void 0:l.summaries)&&r(l.summaries)}catch(e){}})(),()=>{n=!1}},[e,t]),n}(D,O),V=function(){let e=arguments.length>0&&void 0!==arguments[0]?arguments[0]:5e3,t=arguments.length>1?argume"
1536-064f08115df39c50.js,falcon,7,35,229385,1,falcon,",[I,z]=(0,a.useState)(""v2""),[R,F]=(0,a.useState)(!1);(0,a.useEffect)(()=>{try{let e=localStorage.getItem(""skylit:talon:book"");e&&z(e),""1""===localStorage.getItem(""skylit:talon:otm"")&&F(!0)}catch(e){}},[]),(0,a.useEffect)(()=>{try{I&&localStorage.setItem(""skylit:talon:book"",I)}catch(e){}},[I]),(0,a.useEffect)(()=>{try{localStorage.setItem(""skylit:talon:otm"",R?""1"":""0"")}catch(e){}},[R]);let W=null!=I?I:""v2"",P=""v3""===W,D=""legacy""===W?""legacy"":""v3""===W?R?""v3_degen"":""v3"":""v1""===W?R?""degen"":""normal"":R?""v2_degen"":""v2"",{isAdmin:L}=(0,ec.$)(),q=function(e){let[t,n]=(0,a.useState)([]);return(0,a.useEffect)(()=>{let t,r=!0,a=async()=>{let l=!1;try{let t=await fetch(e?""/falcon/days?strategy="".concat(e):""/","/days"",{cache:""no-store""}),a=await t.json();r&&Array.isArray(null==a?void 0:a.days)&&a.days.length>0&&(n(a.days),l=!0)}catch(e){}r&&(t=setTimeout(a,l?3e5:15e3))};return a(),()=>{r=!1,clearTimeout(t)}},[e]),t}(D),[O,B]=(0,a.useState)(!1),G=function(e,t){let[n,r]=(0,a.useState)({});return(0,a.useEffect)(()=>{if(!t)return;let n=!0;return(async()=>{try{let t=e?""?strategy="".concat(e):"""",a=await fetch(""/falcon/day-summaries"".concat(t),{cache:""no-store""}),l=await a.json();n&&(null==l?void 0:l.summaries)&&r(l.summaries)}catch(e){}})(),()=>{n=!1}},[e,t]),n}(D,O),V=function(){let e=arguments.length>0&&void 0!==arguments[0]?arguments[0]:5e3,t=arguments.length>1?arguments[1]:void 0,n=arguments.length>2?"
1536-064f08115df39c50.js,falcon,8,35,229792,1,falcon,"P=""v3""===W,D=""legacy""===W?""legacy"":""v3""===W?R?""v3_degen"":""v3"":""v1""===W?R?""degen"":""normal"":R?""v2_degen"":""v2"",{isAdmin:L}=(0,ec.$)(),q=function(e){let[t,n]=(0,a.useState)([]);return(0,a.useEffect)(()=>{let t,r=!0,a=async()=>{let l=!1;try{let t=await fetch(e?""/falcon/days?strategy="".concat(e):""/falcon/days"",{cache:""no-store""}),a=await t.json();r&&Array.isArray(null==a?void 0:a.days)&&a.days.length>0&&(n(a.days),l=!0)}catch(e){}r&&(t=setTimeout(a,l?3e5:15e3))};return a(),()=>{r=!1,clearTimeout(t)}},[e]),t}(D),[O,B]=(0,a.useState)(!1),G=function(e,t){let[n,r]=(0,a.useState)({});return(0,a.useEffect)(()=>{if(!t)return;let n=!0;return(async()=>{try{let t=e?""?strategy="".concat(e):"""",a=await fetch(""/","/day-summaries"".concat(t),{cache:""no-store""}),l=await a.json();n&&(null==l?void 0:l.summaries)&&r(l.summaries)}catch(e){}})(),()=>{n=!1}},[e,t]),n}(D,O),V=function(){let e=arguments.length>0&&void 0!==arguments[0]?arguments[0]:5e3,t=arguments.length>1?arguments[1]:void 0,n=arguments.length>2?arguments[2]:void 0,[r,l]=(0,a.useState)({status:""loading"",setups:[]}),o=(0,a.useRef)(()=>{});return(0,a.useEffect)(()=>{let r=!0;l({status:""loading"",setups:[]});let a=async()=>{try{let e=[t?""day="".concat(t):"""",n?""strategy="".concat(n):""""].filter(Boolean).join(""&""),a=await fetch(e?""/falcon/setups?"".concat(e):""/falcon/setups"",{cache:""no-store""}),o=await a.json(),s=Array.isArray(null==o?void 0:o.setups)?o.s"
1536-064f08115df39c50.js,falcon,9,35,230374,1,falcon,"turn(0,a.useEffect)(()=>{if(!t)return;let n=!0;return(async()=>{try{let t=e?""?strategy="".concat(e):"""",a=await fetch(""/falcon/day-summaries"".concat(t),{cache:""no-store""}),l=await a.json();n&&(null==l?void 0:l.summaries)&&r(l.summaries)}catch(e){}})(),()=>{n=!1}},[e,t]),n}(D,O),V=function(){let e=arguments.length>0&&void 0!==arguments[0]?arguments[0]:5e3,t=arguments.length>1?arguments[1]:void 0,n=arguments.length>2?arguments[2]:void 0,[r,l]=(0,a.useState)({status:""loading"",setups:[]}),o=(0,a.useRef)(()=>{});return(0,a.useEffect)(()=>{let r=!0;l({status:""loading"",setups:[]});let a=async()=>{try{let e=[t?""day="".concat(t):"""",n?""strategy="".concat(n):""""].filter(Boolean).join(""&""),a=await fetch(e?""/","/setups?"".concat(e):""/falcon/setups"",{cache:""no-store""}),o=await a.json(),s=Array.isArray(null==o?void 0:o.setups)?o.setups:[];r&&l(e=>{var n;return!t&&0===s.length&&(null==o?void 0:o.live)!==!0&&e.setups.length>0?e:{status:null!=(n=null==o?void 0:o.status)?n:""unavailable"",experimental:null==o?void 0:o.experimental,generated_at:null==o?void 0:o.generated_at,live:null==o?void 0:o.live,date:null==o?void 0:o.date,historical:null==o?void 0:o.historical,summary:null==o?void 0:o.summary,playbook:null==o?void 0:o.playbook,radar:null==o?void 0:o.radar,orb:null==o?void 0:o.orb,setups:s}})}catch(e){r&&l(e=>e.setups.length>0?e:{status:""unavailable"",setups:[]})}};o.current=a,a();let s=setInterval(a,t?6e"
1536-064f08115df39c50.js,falcon,10,35,230402,1,falcon,"!t)return;let n=!0;return(async()=>{try{let t=e?""?strategy="".concat(e):"""",a=await fetch(""/falcon/day-summaries"".concat(t),{cache:""no-store""}),l=await a.json();n&&(null==l?void 0:l.summaries)&&r(l.summaries)}catch(e){}})(),()=>{n=!1}},[e,t]),n}(D,O),V=function(){let e=arguments.length>0&&void 0!==arguments[0]?arguments[0]:5e3,t=arguments.length>1?arguments[1]:void 0,n=arguments.length>2?arguments[2]:void 0,[r,l]=(0,a.useState)({status:""loading"",setups:[]}),o=(0,a.useRef)(()=>{});return(0,a.useEffect)(()=>{let r=!0;l({status:""loading"",setups:[]});let a=async()=>{try{let e=[t?""day="".concat(t):"""",n?""strategy="".concat(n):""""].filter(Boolean).join(""&""),a=await fetch(e?""/falcon/setups?"".concat(e):""/","/setups"",{cache:""no-store""}),o=await a.json(),s=Array.isArray(null==o?void 0:o.setups)?o.setups:[];r&&l(e=>{var n;return!t&&0===s.length&&(null==o?void 0:o.live)!==!0&&e.setups.length>0?e:{status:null!=(n=null==o?void 0:o.status)?n:""unavailable"",experimental:null==o?void 0:o.experimental,generated_at:null==o?void 0:o.generated_at,live:null==o?void 0:o.live,date:null==o?void 0:o.date,historical:null==o?void 0:o.historical,summary:null==o?void 0:o.summary,playbook:null==o?void 0:o.playbook,radar:null==o?void 0:o.radar,orb:null==o?void 0:o.orb,setups:s}})}catch(e){r&&l(e=>e.setups.length>0?e:{status:""unavailable"",setups:[]})}};o.current=a,a();let s=setInterval(a,t?6e4:e);return()=>{r=!1,clearIn"
1536-064f08115df39c50.js,playbook,35,77,230866,1,playbook,",a.useRef)(()=>{});return(0,a.useEffect)(()=>{let r=!0;l({status:""loading"",setups:[]});let a=async()=>{try{let e=[t?""day="".concat(t):"""",n?""strategy="".concat(n):""""].filter(Boolean).join(""&""),a=await fetch(e?""/falcon/setups?"".concat(e):""/falcon/setups"",{cache:""no-store""}),o=await a.json(),s=Array.isArray(null==o?void 0:o.setups)?o.setups:[];r&&l(e=>{var n;return!t&&0===s.length&&(null==o?void 0:o.live)!==!0&&e.setups.length>0?e:{status:null!=(n=null==o?void 0:o.status)?n:""unavailable"",experimental:null==o?void 0:o.experimental,generated_at:null==o?void 0:o.generated_at,live:null==o?void 0:o.live,date:null==o?void 0:o.date,historical:null==o?void 0:o.historical,summary:null==o?void 0:o.summary,",":null==o?void 0:o.playbook,radar:null==o?void 0:o.radar,orb:null==o?void 0:o.orb,setups:s}})}catch(e){r&&l(e=>e.setups.length>0?e:{status:""unavailable"",setups:[]})}};o.current=a,a();let s=setInterval(a,t?6e4:e);return()=>{r=!1,clearInterval(s)}},[e,t,n]),(0,rg.l)(e=>{""falcon""===e.agent&&o.current()},{enabled:!t}),r}(5e3,E,D),H=a.useMemo(()=>{var e;return(null!=(e=V.setups)?e:[]).map(r_).sort((e,t)=>(t.ago||"""").localeCompare(e.ago||"""")).filter(e=>{var t;return!e.episodeId||(null!=(t=e.tranche)?t:1)<=1})},[V.setups]),K=""ok""===V.status&&H.length>0,U=""legacy""!==I,Y=K&&!!E&&!U,X=""ok""===V.status&&!E&&!0===V.live,Q=K&&!E&&!U&&!1===V.live,[$,J]=(0,a.useState)(new Set),Z=H.filter(e=>(!$.size||$.has(("
1536-064f08115df39c50.js,playbook,36,77,230892,1,playbook,"0,a.useEffect)(()=>{let r=!0;l({status:""loading"",setups:[]});let a=async()=>{try{let e=[t?""day="".concat(t):"""",n?""strategy="".concat(n):""""].filter(Boolean).join(""&""),a=await fetch(e?""/falcon/setups?"".concat(e):""/falcon/setups"",{cache:""no-store""}),o=await a.json(),s=Array.isArray(null==o?void 0:o.setups)?o.setups:[];r&&l(e=>{var n;return!t&&0===s.length&&(null==o?void 0:o.live)!==!0&&e.setups.length>0?e:{status:null!=(n=null==o?void 0:o.status)?n:""unavailable"",experimental:null==o?void 0:o.experimental,generated_at:null==o?void 0:o.generated_at,live:null==o?void 0:o.live,date:null==o?void 0:o.date,historical:null==o?void 0:o.historical,summary:null==o?void 0:o.summary,playbook:null==o?void 0:o.",",radar:null==o?void 0:o.radar,orb:null==o?void 0:o.orb,setups:s}})}catch(e){r&&l(e=>e.setups.length>0?e:{status:""unavailable"",setups:[]})}};o.current=a,a();let s=setInterval(a,t?6e4:e);return()=>{r=!1,clearInterval(s)}},[e,t,n]),(0,rg.l)(e=>{""falcon""===e.agent&&o.current()},{enabled:!t}),r}(5e3,E,D),H=a.useMemo(()=>{var e;return(null!=(e=V.setups)?e:[]).map(r_).sort((e,t)=>(t.ago||"""").localeCompare(e.ago||"""")).filter(e=>{var t;return!e.episodeId||(null!=(t=e.tranche)?t:1)<=1})},[V.setups]),K=""ok""===V.status&&H.length>0,U=""legacy""!==I,Y=K&&!!E&&!U,X=""ok""===V.status&&!E&&!0===V.live,Q=K&&!E&&!U&&!1===V.live,[$,J]=(0,a.useState)(new Set),Z=H.filter(e=>(!$.size||$.has((e=>{var t;let n=null==(t=e"
1536-064f08115df39c50.js,falcon,11,35,231143,1,falcon,"t a.json(),s=Array.isArray(null==o?void 0:o.setups)?o.setups:[];r&&l(e=>{var n;return!t&&0===s.length&&(null==o?void 0:o.live)!==!0&&e.setups.length>0?e:{status:null!=(n=null==o?void 0:o.status)?n:""unavailable"",experimental:null==o?void 0:o.experimental,generated_at:null==o?void 0:o.generated_at,live:null==o?void 0:o.live,date:null==o?void 0:o.date,historical:null==o?void 0:o.historical,summary:null==o?void 0:o.summary,playbook:null==o?void 0:o.playbook,radar:null==o?void 0:o.radar,orb:null==o?void 0:o.orb,setups:s}})}catch(e){r&&l(e=>e.setups.length>0?e:{status:""unavailable"",setups:[]})}};o.current=a,a();let s=setInterval(a,t?6e4:e);return()=>{r=!1,clearInterval(s)}},[e,t,n]),(0,rg.l)(e=>{""","""===e.agent&&o.current()},{enabled:!t}),r}(5e3,E,D),H=a.useMemo(()=>{var e;return(null!=(e=V.setups)?e:[]).map(r_).sort((e,t)=>(t.ago||"""").localeCompare(e.ago||"""")).filter(e=>{var t;return!e.episodeId||(null!=(t=e.tranche)?t:1)<=1})},[V.setups]),K=""ok""===V.status&&H.length>0,U=""legacy""!==I,Y=K&&!!E&&!U,X=""ok""===V.status&&!E&&!0===V.live,Q=K&&!E&&!U&&!1===V.live,[$,J]=(0,a.useState)(new Set),Z=H.filter(e=>(!$.size||$.has((e=>{var t;let n=null==(t=e.progress)?void 0:t.SPY;return(null==n?void 0:n.hit_stop)?""STOPPED"":(null==n?void 0:n.hit_target)?""TARGET"":(null==n?void 0:n.hit_t1)?""T1 TAG"":""FIRED""})(e)))&&function(e,t){var n;if(t===(""QQQ""===e.symbol?""QQQ"":""SPXW""===e.symbol||""SPX""===e.symbol?""SPX"
1536-064f08115df39c50.js,fired,4,13,231743,1,FIRED,"urrent=a,a();let s=setInterval(a,t?6e4:e);return()=>{r=!1,clearInterval(s)}},[e,t,n]),(0,rg.l)(e=>{""falcon""===e.agent&&o.current()},{enabled:!t}),r}(5e3,E,D),H=a.useMemo(()=>{var e;return(null!=(e=V.setups)?e:[]).map(r_).sort((e,t)=>(t.ago||"""").localeCompare(e.ago||"""")).filter(e=>{var t;return!e.episodeId||(null!=(t=e.tranche)?t:1)<=1})},[V.setups]),K=""ok""===V.status&&H.length>0,U=""legacy""!==I,Y=K&&!!E&&!U,X=""ok""===V.status&&!E&&!0===V.live,Q=K&&!E&&!U&&!1===V.live,[$,J]=(0,a.useState)(new Set),Z=H.filter(e=>(!$.size||$.has((e=>{var t;let n=null==(t=e.progress)?void 0:t.SPY;return(null==n?void 0:n.hit_stop)?""STOPPED"":(null==n?void 0:n.hit_target)?""TARGET"":(null==n?void 0:n.hit_t1)?""T1 TAG"":""","""})(e)))&&function(e,t){var n;if(t===(""QQQ""===e.symbol?""QQQ"":""SPXW""===e.symbol||""SPX""===e.symbol?""SPX"":""SPY""))return null!=e.maxReturn||null!=e.managedReturn;let r=null==(n=e.alts)?void 0:n[t];return!!((null==r?void 0:r.contract)&&(null!=r.maxReturn||null!=r.managedReturn))}(e,k)),ee=function(e,t){let n=e.map(e=>rP(e,t)),r=e.map((e,t)=>rD(e,n[t])).filter(e=>null!=e);if(!r.length)return null;let a=n.map(e=>e.managedReturn).filter(e=>null!=e);return{fires:r.length,w30:r.filter(e=>e>=30).length,w20:r.filter(e=>e>=20).length,best_max:Math.round(Math.max(...r)),avg_max:Math.round(r.reduce((e,t)=>e+t,0)/r.length),managed_avg:a.length?Math.round(a.reduce((e,t)=>e+t,0)/a.length):null,monsters:r.filt"
1536-064f08115df39c50.js,falcon,12,35,233712,1,falcon,"""]}),(a.w>0||a.l>0)&&"" \xb7 "",(0,r.jsx)(""span"",{style:{color:a.avgManaged>=0?""var(--tv2-bull)"":u.textMuted,fontWeight:600},children:en(a.avgManaged)})]}):void 0}}),[q,G,k,u.textMuted]),ea=Z.map(e=>{var t;let n=N(e),r=null!=(t=rL(e,n.native,n.contract).avg)?t:""—""!==n.mark?Number(n.mark.replace(/[^0-9.]/g,"""")):NaN;return{entryPrem:Number.isFinite(r)?r:null,managedPct:n.managedReturn,lifecycle:Array.isArray(n.lifecycle)&&n.lifecycle.length?n.lifecycle:void 0,sizingModel:""equal""}}),el=(0,rf.ZZ)(ea),eo=X?""Today"":rA(V.date),es=function(){let e=arguments.length>0&&void 0!==arguments[0]?arguments[0]:8e3,[t,n]=(0,a.useState)([]);return(0,a.useEffect)(()=>{let t=!0,r=async()=>{try{let e=await fetch(""/","/feed"",{cache:""no-store""}),r=await e.json();t&&n(Array.isArray(null==r?void 0:r.orders)?r.orders:[])}catch(e){}};r();let a=setInterval(r,e);return()=>{t=!1,clearInterval(a)}},[e]),t}(),ei=(null!=es?es:[]).map((e,t)=>{let n=e.premium>=1e6?""$"".concat((e.premium/1e6).toFixed(1),""M""):""$"".concat(Math.round(e.premium/1e3),""K""),a=""C""===e.right?""C"":""P"",l=""whale""===e.tier,o=e.expiration?"""".concat(e.expiration.slice(5,7),""/"").concat(e.expiration.slice(8,10)):"""";return{key:-1-t,src:""flowseeker"",time:e.time||"""",msg:(0,r.jsxs)(r.Fragment,{children:[(0,r.jsx)(""b"",{children:n}),"" "",""C""===a?""call"":""put"","" sweep \xb7"","" "",(0,r.jsxs)(""button"",{type:""button"",onClick:()=>e.expiration&&v(e),disabled:!e.expiratio"
1536-064f08115df39c50.js,flowseeker,14,39,234195,1,flowseeker,"el=(0,rf.ZZ)(ea),eo=X?""Today"":rA(V.date),es=function(){let e=arguments.length>0&&void 0!==arguments[0]?arguments[0]:8e3,[t,n]=(0,a.useState)([]);return(0,a.useEffect)(()=>{let t=!0,r=async()=>{try{let e=await fetch(""/falcon/feed"",{cache:""no-store""}),r=await e.json();t&&n(Array.isArray(null==r?void 0:r.orders)?r.orders:[])}catch(e){}};r();let a=setInterval(r,e);return()=>{t=!1,clearInterval(a)}},[e]),t}(),ei=(null!=es?es:[]).map((e,t)=>{let n=e.premium>=1e6?""$"".concat((e.premium/1e6).toFixed(1),""M""):""$"".concat(Math.round(e.premium/1e3),""K""),a=""C""===e.right?""C"":""P"",l=""whale""===e.tier,o=e.expiration?"""".concat(e.expiration.slice(5,7),""/"").concat(e.expiration.slice(8,10)):"""";return{key:-1-t,src:""",""",time:e.time||"""",msg:(0,r.jsxs)(r.Fragment,{children:[(0,r.jsx)(""b"",{children:n}),"" "",""C""===a?""call"":""put"","" sweep \xb7"","" "",(0,r.jsxs)(""button"",{type:""button"",onClick:()=>e.expiration&&v(e),disabled:!e.expiration,className:""cursor-pointer border-none bg-transparent p-0"",title:""Drill into this contract's flow"",style:{font:""inherit"",color:""inherit""},children:[(0,r.jsxs)(rz,{children:[""$"",e.ticker]}),"" "",Math.round(e.strike),a,(0,r.jsx)(""span"",{style:{color:u.textMuted,fontSize:9},children:"" ↗""})]}),o?(0,r.jsxs)(""span"",{style:{color:u.textMuted},children:["" \xb7 exp "",o]}):null,e.tier&&(0,r.jsxs)(""span"",{style:{color:l?rN:u.textSecondary,fontWeight:l?600:500},children:["" \xb7 "",e.tier,l?"" \uD"
1536-064f08115df39c50.js,falcon,13,35,235294,1,falcon,""",e.ticker]}),"" "",Math.round(e.strike),a,(0,r.jsx)(""span"",{style:{color:u.textMuted,fontSize:9},children:"" ↗""})]}),o?(0,r.jsxs)(""span"",{style:{color:u.textMuted},children:["" \xb7 exp "",o]}):null,e.tier&&(0,r.jsxs)(""span"",{style:{color:l?rN:u.textSecondary,fontWeight:l?600:500},children:["" \xb7 "",e.tier,l?"" \uD83D\uDD25"":""""]}),null!=e.top_pct&&(0,r.jsxs)(""span"",{style:{color:u.textMuted},children:["" \xb7 "",null!=e.rank&&e.rank<=10?""#"".concat(e.rank,"" sweep today""):""top "".concat(e.top_pct,""% of today’s sweeps"")]})]})}}),ed=function(){let e=arguments.length>0&&void 0!==arguments[0]?arguments[0]:1e4,[t,n]=(0,a.useState)([]);return(0,a.useEffect)(()=>{let t=!0,r=async()=>{try{let e=await fetch(""/","/commentary"",{cache:""no-store""}),r=await e.json();t&&n(Array.isArray(null==r?void 0:r.commentary)?r.commentary:[])}catch(e){}};r();let a=setInterval(r,e);return()=>{t=!1,clearInterval(a)}},[e]),t}(),eu=[...(null!=ed?ed:[]).map((e,t)=>({key:-1e3-t,src:[""atlas"",""heatseeker"",""flowseeker""].includes(e.src)?e.src:""atlas"",time:e.time||"""",msg:(0,r.jsxs)(r.Fragment,{children:[e.magnet?""\uD83E\uDDF2 "":"""",e.msg]})})),...ei].sort((e,t)=>(t.time||"""").localeCompare(e.time||""""));(0,a.useEffect)(()=>{let e,t=[],n=e=>A(t=>[{key:_.current++,...e},...t].slice(0,8));rM.forEach((e,r)=>t.push(setTimeout(()=>n(e),300+380*r)));let r=0;return t.push(setTimeout(()=>{e=setInterval(()=>{n({...rI[r%rI.length],time:""09:"""
1536-064f08115df39c50.js,atlas,19,30,235553,1,atlas,"tWeight:l?600:500},children:["" \xb7 "",e.tier,l?"" \uD83D\uDD25"":""""]}),null!=e.top_pct&&(0,r.jsxs)(""span"",{style:{color:u.textMuted},children:["" \xb7 "",null!=e.rank&&e.rank<=10?""#"".concat(e.rank,"" sweep today""):""top "".concat(e.top_pct,""% of today’s sweeps"")]})]})}}),ed=function(){let e=arguments.length>0&&void 0!==arguments[0]?arguments[0]:1e4,[t,n]=(0,a.useState)([]);return(0,a.useEffect)(()=>{let t=!0,r=async()=>{try{let e=await fetch(""/falcon/commentary"",{cache:""no-store""}),r=await e.json();t&&n(Array.isArray(null==r?void 0:r.commentary)?r.commentary:[])}catch(e){}};r();let a=setInterval(r,e);return()=>{t=!1,clearInterval(a)}},[e]),t}(),eu=[...(null!=ed?ed:[]).map((e,t)=>({key:-1e3-t,src:[""",""",""heatseeker"",""flowseeker""].includes(e.src)?e.src:""atlas"",time:e.time||"""",msg:(0,r.jsxs)(r.Fragment,{children:[e.magnet?""\uD83E\uDDF2 "":"""",e.msg]})})),...ei].sort((e,t)=>(t.time||"""").localeCompare(e.time||""""));(0,a.useEffect)(()=>{let e,t=[],n=e=>A(t=>[{key:_.current++,...e},...t].slice(0,8));rM.forEach((e,r)=>t.push(setTimeout(()=>n(e),300+380*r)));let r=0;return t.push(setTimeout(()=>{e=setInterval(()=>{n({...rI[r%rI.length],time:""09:"".concat(String(43+r%5).padStart(2,""0""))}),r++},2700)},2300)),()=>{t.forEach(clearTimeout),e&&clearInterval(e)}},[]);let ep=(e,t)=>(0,r.jsxs)(""div"",{className:""my-1 flex flex-wrap items-center gap-x-2 gap-y-1 uppercase"",style:{fontSize:9,letterSpacing:""0.18em"
1536-064f08115df39c50.js,heatseeker,25,39,235561,1,heatseeker,"l?600:500},children:["" \xb7 "",e.tier,l?"" \uD83D\uDD25"":""""]}),null!=e.top_pct&&(0,r.jsxs)(""span"",{style:{color:u.textMuted},children:["" \xb7 "",null!=e.rank&&e.rank<=10?""#"".concat(e.rank,"" sweep today""):""top "".concat(e.top_pct,""% of today’s sweeps"")]})]})}}),ed=function(){let e=arguments.length>0&&void 0!==arguments[0]?arguments[0]:1e4,[t,n]=(0,a.useState)([]);return(0,a.useEffect)(()=>{let t=!0,r=async()=>{try{let e=await fetch(""/falcon/commentary"",{cache:""no-store""}),r=await e.json();t&&n(Array.isArray(null==r?void 0:r.commentary)?r.commentary:[])}catch(e){}};r();let a=setInterval(r,e);return()=>{t=!1,clearInterval(a)}},[e]),t}(),eu=[...(null!=ed?ed:[]).map((e,t)=>({key:-1e3-t,src:[""atlas"",""",""",""flowseeker""].includes(e.src)?e.src:""atlas"",time:e.time||"""",msg:(0,r.jsxs)(r.Fragment,{children:[e.magnet?""\uD83E\uDDF2 "":"""",e.msg]})})),...ei].sort((e,t)=>(t.time||"""").localeCompare(e.time||""""));(0,a.useEffect)(()=>{let e,t=[],n=e=>A(t=>[{key:_.current++,...e},...t].slice(0,8));rM.forEach((e,r)=>t.push(setTimeout(()=>n(e),300+380*r)));let r=0;return t.push(setTimeout(()=>{e=setInterval(()=>{n({...rI[r%rI.length],time:""09:"".concat(String(43+r%5).padStart(2,""0""))}),r++},2700)},2300)),()=>{t.forEach(clearTimeout),e&&clearInterval(e)}},[]);let ep=(e,t)=>(0,r.jsxs)(""div"",{className:""my-1 flex flex-wrap items-center gap-x-2 gap-y-1 uppercase"",style:{fontSize:9,letterSpacing:""0.18em"",color:u.tex"
1536-064f08115df39c50.js,flowseeker,15,39,235574,1,flowseeker,"ildren:["" \xb7 "",e.tier,l?"" \uD83D\uDD25"":""""]}),null!=e.top_pct&&(0,r.jsxs)(""span"",{style:{color:u.textMuted},children:["" \xb7 "",null!=e.rank&&e.rank<=10?""#"".concat(e.rank,"" sweep today""):""top "".concat(e.top_pct,""% of today’s sweeps"")]})]})}}),ed=function(){let e=arguments.length>0&&void 0!==arguments[0]?arguments[0]:1e4,[t,n]=(0,a.useState)([]);return(0,a.useEffect)(()=>{let t=!0,r=async()=>{try{let e=await fetch(""/falcon/commentary"",{cache:""no-store""}),r=await e.json();t&&n(Array.isArray(null==r?void 0:r.commentary)?r.commentary:[])}catch(e){}};r();let a=setInterval(r,e);return()=>{t=!1,clearInterval(a)}},[e]),t}(),eu=[...(null!=ed?ed:[]).map((e,t)=>({key:-1e3-t,src:[""atlas"",""heatseeker"",""","""].includes(e.src)?e.src:""atlas"",time:e.time||"""",msg:(0,r.jsxs)(r.Fragment,{children:[e.magnet?""\uD83E\uDDF2 "":"""",e.msg]})})),...ei].sort((e,t)=>(t.time||"""").localeCompare(e.time||""""));(0,a.useEffect)(()=>{let e,t=[],n=e=>A(t=>[{key:_.current++,...e},...t].slice(0,8));rM.forEach((e,r)=>t.push(setTimeout(()=>n(e),300+380*r)));let r=0;return t.push(setTimeout(()=>{e=setInterval(()=>{n({...rI[r%rI.length],time:""09:"".concat(String(43+r%5).padStart(2,""0""))}),r++},2700)},2300)),()=>{t.forEach(clearTimeout),e&&clearInterval(e)}},[]);let ep=(e,t)=>(0,r.jsxs)(""div"",{className:""my-1 flex flex-wrap items-center gap-x-2 gap-y-1 uppercase"",style:{fontSize:9,letterSpacing:""0.18em"",color:u.textMuted},child"
1536-064f08115df39c50.js,atlas,20,30,235610,1,atlas,"DD25"":""""]}),null!=e.top_pct&&(0,r.jsxs)(""span"",{style:{color:u.textMuted},children:["" \xb7 "",null!=e.rank&&e.rank<=10?""#"".concat(e.rank,"" sweep today""):""top "".concat(e.top_pct,""% of today’s sweeps"")]})]})}}),ed=function(){let e=arguments.length>0&&void 0!==arguments[0]?arguments[0]:1e4,[t,n]=(0,a.useState)([]);return(0,a.useEffect)(()=>{let t=!0,r=async()=>{try{let e=await fetch(""/falcon/commentary"",{cache:""no-store""}),r=await e.json();t&&n(Array.isArray(null==r?void 0:r.commentary)?r.commentary:[])}catch(e){}};r();let a=setInterval(r,e);return()=>{t=!1,clearInterval(a)}},[e]),t}(),eu=[...(null!=ed?ed:[]).map((e,t)=>({key:-1e3-t,src:[""atlas"",""heatseeker"",""flowseeker""].includes(e.src)?e.src:""",""",time:e.time||"""",msg:(0,r.jsxs)(r.Fragment,{children:[e.magnet?""\uD83E\uDDF2 "":"""",e.msg]})})),...ei].sort((e,t)=>(t.time||"""").localeCompare(e.time||""""));(0,a.useEffect)(()=>{let e,t=[],n=e=>A(t=>[{key:_.current++,...e},...t].slice(0,8));rM.forEach((e,r)=>t.push(setTimeout(()=>n(e),300+380*r)));let r=0;return t.push(setTimeout(()=>{e=setInterval(()=>{n({...rI[r%rI.length],time:""09:"".concat(String(43+r%5).padStart(2,""0""))}),r++},2700)},2300)),()=>{t.forEach(clearTimeout),e&&clearInterval(e)}},[]);let ep=(e,t)=>(0,r.jsxs)(""div"",{className:""my-1 flex flex-wrap items-center gap-x-2 gap-y-1 uppercase"",style:{fontSize:9,letterSpacing:""0.18em"",color:u.textMuted},children:[e,(0,r.jsx)(""span"",{classN"
1536-064f08115df39c50.js,talon,83,125,236618,1,talon,";return t.push(setTimeout(()=>{e=setInterval(()=>{n({...rI[r%rI.length],time:""09:"".concat(String(43+r%5).padStart(2,""0""))}),r++},2700)},2300)),()=>{t.forEach(clearTimeout),e&&clearInterval(e)}},[]);let ep=(e,t)=>(0,r.jsxs)(""div"",{className:""my-1 flex flex-wrap items-center gap-x-2 gap-y-1 uppercase"",style:{fontSize:9,letterSpacing:""0.18em"",color:u.textMuted},children:[e,(0,r.jsx)(""span"",{className:""h-px flex-1"",style:{background:""rgba(var(--tv2-ink),0.06)""}}),t&&(0,r.jsx)(""span"",{className:""normal-case"",style:{fontSize:9.5,fontWeight:500,letterSpacing:""0.02em""},children:t})]}),em=m?p?""#90bff9"":""#2563eb"":p?""#fbbf24"":""#d97706"",eg=m?p?""144,191,249"":""37,99,235"":p?""251,170,30"":""217,119,6"",eh={""--","-cashtag"":u.cashtagColor,""--talon-bg"":p?""#0a0a0a"":""#ffffff"",""--tv2-ink"":p?""255,255,255"":""2,6,23"",""--tv2-accent"":em,""--tv2-accent2"":m?p?""#60a5fa"":""#1d4ed8"":p?""var(--tv2-warn)"":""#b45309"",""--tv2-accent-rgb"":eg,""--tv2-accent-ink"":m?p?""#0a0d13"":""#ffffff"":p?""#241a02"":""#ffffff"",""--tv2-bull"":m?em:p?""#4ade80"":""#16a34a"",""--tv2-bull-rgb"":m?eg:p?""74,222,128"":""22,163,74"",""--tv2-bear"":m?p?""#94a3b8"":""#64748b"":p?""#f87171"":""#dc2626"",""--tv2-bear-rgb"":m?p?""148,163,184"":""100,116,139"":p?""248,113,113"":""220,38,38"",""--tv2-warn"":m?p?""#cbd5e1"":""#475569"":p?""var(--tv2-warn)"":""#b45309"",""--tv2-warn-rgb"":m?p?""203,213,225"":""71,85,105"":p?""245,158,11"":""180,83,9"",""--tv2-inset"":p?""rgba(0,0,0,0.4)"":""rgba(0,0,0,0.08)"",""--tv2-dro"
1536-064f08115df39c50.js,talon,84,125,236651,1,talon,"setInterval(()=>{n({...rI[r%rI.length],time:""09:"".concat(String(43+r%5).padStart(2,""0""))}),r++},2700)},2300)),()=>{t.forEach(clearTimeout),e&&clearInterval(e)}},[]);let ep=(e,t)=>(0,r.jsxs)(""div"",{className:""my-1 flex flex-wrap items-center gap-x-2 gap-y-1 uppercase"",style:{fontSize:9,letterSpacing:""0.18em"",color:u.textMuted},children:[e,(0,r.jsx)(""span"",{className:""h-px flex-1"",style:{background:""rgba(var(--tv2-ink),0.06)""}}),t&&(0,r.jsx)(""span"",{className:""normal-case"",style:{fontSize:9.5,fontWeight:500,letterSpacing:""0.02em""},children:t})]}),em=m?p?""#90bff9"":""#2563eb"":p?""#fbbf24"":""#d97706"",eg=m?p?""144,191,249"":""37,99,235"":p?""251,170,30"":""217,119,6"",eh={""--talon-cashtag"":u.cashtagColor,""--","-bg"":p?""#0a0a0a"":""#ffffff"",""--tv2-ink"":p?""255,255,255"":""2,6,23"",""--tv2-accent"":em,""--tv2-accent2"":m?p?""#60a5fa"":""#1d4ed8"":p?""var(--tv2-warn)"":""#b45309"",""--tv2-accent-rgb"":eg,""--tv2-accent-ink"":m?p?""#0a0d13"":""#ffffff"":p?""#241a02"":""#ffffff"",""--tv2-bull"":m?em:p?""#4ade80"":""#16a34a"",""--tv2-bull-rgb"":m?eg:p?""74,222,128"":""22,163,74"",""--tv2-bear"":m?p?""#94a3b8"":""#64748b"":p?""#f87171"":""#dc2626"",""--tv2-bear-rgb"":m?p?""148,163,184"":""100,116,139"":p?""248,113,113"":""220,38,38"",""--tv2-warn"":m?p?""#cbd5e1"":""#475569"":p?""var(--tv2-warn)"":""#b45309"",""--tv2-warn-rgb"":m?p?""203,213,225"":""71,85,105"":p?""245,158,11"":""180,83,9"",""--tv2-inset"":p?""rgba(0,0,0,0.4)"":""rgba(0,0,0,0.08)"",""--tv2-drop"":p?""rgba(0,0,0,0.36)"":""rgba(15,"
1536-064f08115df39c50.js,talon,85,125,238073,1,talon,"v2-blur"":"""".concat(h,""px""),""--tv2-overlay"":p?""linear-gradient(160deg, rgba(15,20,32,"".concat(.95*g,""), rgba(8,12,22,"").concat(.98*g,""))""):""linear-gradient(160deg, rgba(250,251,253,"".concat(.96*g,""), rgba(242,245,249,"").concat(.98*g,""))"")};return(0,r.jsxs)(""div"",{className:""relative flex h-full flex-col"",style:{...eh,overscrollBehaviorX:""none""},children:[(0,r.jsxs)(""div"",{className:""flex flex-wrap items-center gap-x-2.5 gap-y-1.5 px-3.5 py-2.5"",style:{borderBottom:""1px solid "".concat(u.headerBorder)},children:[(0,r.jsx)(""span"",{className:""grid place-items-center overflow-hidden rounded-md"",style:{width:24,height:24,boxShadow:""0 0 12px "".concat(rT)},children:(0,r.jsx)(""img"",{src:""/agent-logos/",".png"",alt:"""",style:{width:22,height:22,objectFit:""contain""},onError:e=>{e.currentTarget.style.display=""none""}})}),(0,r.jsxs)(""span"",{title:""Trinity: SPXW \xb7 SPY \xb7 QQQ"",className:""whitespace-nowrap"",style:{fontSize:11,letterSpacing:""0.04em"",color:rN,cursor:""default""},children:[(0,r.jsx)(""b"",{style:{color:u.textPrimary,fontWeight:600},children:""Falcon""}),"" \xb7 Watching""]}),L&&(0,r.jsx)(rf.O8,{agent:""falcon"",skin:rS,t:u}),(0,r.jsx)(""span"",{className:""flex h-3 items-end gap-0.5"",children:[0,1,2,3,4].map(e=>(0,r.jsx)(""span"",{style:{width:2.5,borderRadius:2,background:rN,height:4,animation:""talonEq 1s ease-in-out "".concat(.16*e,""s infinite"")}},e))}),(0,r.jsxs)(""span"",{className:""ml-auto flex"
1536-064f08115df39c50.js,falcon,14,35,238428,1,Falcon,"[(0,r.jsxs)(""div"",{className:""flex flex-wrap items-center gap-x-2.5 gap-y-1.5 px-3.5 py-2.5"",style:{borderBottom:""1px solid "".concat(u.headerBorder)},children:[(0,r.jsx)(""span"",{className:""grid place-items-center overflow-hidden rounded-md"",style:{width:24,height:24,boxShadow:""0 0 12px "".concat(rT)},children:(0,r.jsx)(""img"",{src:""/agent-logos/talon.png"",alt:"""",style:{width:22,height:22,objectFit:""contain""},onError:e=>{e.currentTarget.style.display=""none""}})}),(0,r.jsxs)(""span"",{title:""Trinity: SPXW \xb7 SPY \xb7 QQQ"",className:""whitespace-nowrap"",style:{fontSize:11,letterSpacing:""0.04em"",color:rN,cursor:""default""},children:[(0,r.jsx)(""b"",{style:{color:u.textPrimary,fontWeight:600},children:""","""}),"" \xb7 Watching""]}),L&&(0,r.jsx)(rf.O8,{agent:""falcon"",skin:rS,t:u}),(0,r.jsx)(""span"",{className:""flex h-3 items-end gap-0.5"",children:[0,1,2,3,4].map(e=>(0,r.jsx)(""span"",{style:{width:2.5,borderRadius:2,background:rN,height:4,animation:""talonEq 1s ease-in-out "".concat(.16*e,""s infinite"")}},e))}),(0,r.jsxs)(""span"",{className:""ml-auto flex flex-wrap items-center justify-end gap-x-2 gap-y-1"",children:[(0,r.jsxs)(""button"",{onClick:()=>S(!j),title:j?""Hide expert controls — show one clean copy-able trade per card"":""Show expert controls: strategy version (v1/v2/LEGACY), strike mode (ATM/OTM), leg, status and date pickers"",className:""rounded px-1.5 py-0.5"",style:{fontSize:8.5,fontWeight:700,let"
1536-064f08115df39c50.js,falcon,15,35,238485,1,falcon,"gap-x-2.5 gap-y-1.5 px-3.5 py-2.5"",style:{borderBottom:""1px solid "".concat(u.headerBorder)},children:[(0,r.jsx)(""span"",{className:""grid place-items-center overflow-hidden rounded-md"",style:{width:24,height:24,boxShadow:""0 0 12px "".concat(rT)},children:(0,r.jsx)(""img"",{src:""/agent-logos/talon.png"",alt:"""",style:{width:22,height:22,objectFit:""contain""},onError:e=>{e.currentTarget.style.display=""none""}})}),(0,r.jsxs)(""span"",{title:""Trinity: SPXW \xb7 SPY \xb7 QQQ"",className:""whitespace-nowrap"",style:{fontSize:11,letterSpacing:""0.04em"",color:rN,cursor:""default""},children:[(0,r.jsx)(""b"",{style:{color:u.textPrimary,fontWeight:600},children:""Falcon""}),"" \xb7 Watching""]}),L&&(0,r.jsx)(rf.O8,{agent:""",""",skin:rS,t:u}),(0,r.jsx)(""span"",{className:""flex h-3 items-end gap-0.5"",children:[0,1,2,3,4].map(e=>(0,r.jsx)(""span"",{style:{width:2.5,borderRadius:2,background:rN,height:4,animation:""talonEq 1s ease-in-out "".concat(.16*e,""s infinite"")}},e))}),(0,r.jsxs)(""span"",{className:""ml-auto flex flex-wrap items-center justify-end gap-x-2 gap-y-1"",children:[(0,r.jsxs)(""button"",{onClick:()=>S(!j),title:j?""Hide expert controls — show one clean copy-able trade per card"":""Show expert controls: strategy version (v1/v2/LEGACY), strike mode (ATM/OTM), leg, status and date pickers"",className:""rounded px-1.5 py-0.5"",style:{fontSize:8.5,fontWeight:700,letterSpacing:""0.05em"",cursor:""pointer"",color:j?""var(--tv2-a"
1536-064f08115df39c50.js,falcon,16,35,240730,1,Falcon,""",{onClick:()=>F(t),title:t?""further OTM toward target — higher %-return if right"":""at-the-money strikes — the default book"",className:""rounded px-1.5 py-0.5"",style:{fontSize:8.5,fontWeight:700,letterSpacing:""0.05em"",color:R===t?""var(--tv2-accent-ink)"":u.textMuted,background:R===t?rN:""rgba(var(--tv2-ink),0.05)"",border:""1px solid rgba(var(--tv2-ink),0.08)"",cursor:""pointer""},children:n},n)})}),q.length>0&&(0,r.jsx)(rf.P_,{label:""DATE"",value:E,valueLabel:E?rA(E):void 0,options:er,onOpen:()=>B(!0),menuWidth:224,onChange:e=>M(e),clearLabel:I?""LATEST / LIVE"":""TODAY \xb7 LIVE"",skin:rS,t:u})]})]})]}),(0,r.jsx)(rf.T7,{teaser:""Intraday 0DTE index-options reversal sniper (SPX \xb7 SPY \xb7 QQQ)"",what:""","snipes intraday reversals in 0DTE index options across the S&P and Nasdaq — the same setup priced in SPX, SPY and QQQ. It fades exhaustion into a gamma floor or ceiling and rides a managed exit; every card is one signal, not a version you have to configure."",how:""Set your balance and risk% once in Aegis — it sizes every entry into contracts and dollars on the card. Falcon scales in equal-weight: a probe plus adds at the triggers shown in the plan, with the running average updating on each fill. Copy the timestamped events in Copilot Mode to follow the managed exit."",t:u,skin:rS}),(0,r.jsxs)(""div"",{className:""flex min-h-0 flex-1 flex-col gap-1.5 overflow-y-auto md:overflow-hidden p-3.5"",chil"
1536-064f08115df39c50.js,gamma,8,12,240883,1,gamma,"-0.5"",style:{fontSize:8.5,fontWeight:700,letterSpacing:""0.05em"",color:R===t?""var(--tv2-accent-ink)"":u.textMuted,background:R===t?rN:""rgba(var(--tv2-ink),0.05)"",border:""1px solid rgba(var(--tv2-ink),0.08)"",cursor:""pointer""},children:n},n)})}),q.length>0&&(0,r.jsx)(rf.P_,{label:""DATE"",value:E,valueLabel:E?rA(E):void 0,options:er,onOpen:()=>B(!0),menuWidth:224,onChange:e=>M(e),clearLabel:I?""LATEST / LIVE"":""TODAY \xb7 LIVE"",skin:rS,t:u})]})]})]}),(0,r.jsx)(rf.T7,{teaser:""Intraday 0DTE index-options reversal sniper (SPX \xb7 SPY \xb7 QQQ)"",what:""Falcon snipes intraday reversals in 0DTE index options across the S&P and Nasdaq — the same setup priced in SPX, SPY and QQQ. It fades exhaustion into a","floor or ceiling and rides a managed exit; every card is one signal, not a version you have to configure."",how:""Set your balance and risk% once in Aegis — it sizes every entry into contracts and dollars on the card. Falcon scales in equal-weight: a probe plus adds at the triggers shown in the plan, with the running average updating on each fill. Copy the timestamped events in Copilot Mode to follow the managed exit."",t:u,skin:rS}),(0,r.jsxs)(""div"",{className:""flex min-h-0 flex-1 flex-col gap-1.5 overflow-y-auto md:overflow-hidden p-3.5"",children:[ep((0,r.jsxs)(""span"",{className:""flex items-center gap-1.5"",children:[""Surfaced for you"",(0,r.jsx)(""span"",{title:U?""CONSERVATIVE is the strategy n"
1536-064f08115df39c50.js,aegis,2,4,241036,1,Aegis,"0.05)"",border:""1px solid rgba(var(--tv2-ink),0.08)"",cursor:""pointer""},children:n},n)})}),q.length>0&&(0,r.jsx)(rf.P_,{label:""DATE"",value:E,valueLabel:E?rA(E):void 0,options:er,onOpen:()=>B(!0),menuWidth:224,onChange:e=>M(e),clearLabel:I?""LATEST / LIVE"":""TODAY \xb7 LIVE"",skin:rS,t:u})]})]})]}),(0,r.jsx)(rf.T7,{teaser:""Intraday 0DTE index-options reversal sniper (SPX \xb7 SPY \xb7 QQQ)"",what:""Falcon snipes intraday reversals in 0DTE index options across the S&P and Nasdaq — the same setup priced in SPX, SPY and QQQ. It fades exhaustion into a gamma floor or ceiling and rides a managed exit; every card is one signal, not a version you have to configure."",how:""Set your balance and risk% once in","— it sizes every entry into contracts and dollars on the card. Falcon scales in equal-weight: a probe plus adds at the triggers shown in the plan, with the running average updating on each fill. Copy the timestamped events in Copilot Mode to follow the managed exit."",t:u,skin:rS}),(0,r.jsxs)(""div"",{className:""flex min-h-0 flex-1 flex-col gap-1.5 overflow-y-auto md:overflow-hidden p-3.5"",children:[ep((0,r.jsxs)(""span"",{className:""flex items-center gap-1.5"",children:[""Surfaced for you"",(0,r.jsx)(""span"",{title:U?""CONSERVATIVE is the strategy name (the MTF-divergence reversal book), not a risk level."":void 0,style:{fontSize:8,fontWeight:600,letterSpacing:""0.08em"",padding:""1px 4px"",borderRadius:"
1536-064f08115df39c50.js,falcon,17,35,241105,1,Falcon,",children:n},n)})}),q.length>0&&(0,r.jsx)(rf.P_,{label:""DATE"",value:E,valueLabel:E?rA(E):void 0,options:er,onOpen:()=>B(!0),menuWidth:224,onChange:e=>M(e),clearLabel:I?""LATEST / LIVE"":""TODAY \xb7 LIVE"",skin:rS,t:u})]})]})]}),(0,r.jsx)(rf.T7,{teaser:""Intraday 0DTE index-options reversal sniper (SPX \xb7 SPY \xb7 QQQ)"",what:""Falcon snipes intraday reversals in 0DTE index options across the S&P and Nasdaq — the same setup priced in SPX, SPY and QQQ. It fades exhaustion into a gamma floor or ceiling and rides a managed exit; every card is one signal, not a version you have to configure."",how:""Set your balance and risk% once in Aegis — it sizes every entry into contracts and dollars on the card.","scales in equal-weight: a probe plus adds at the triggers shown in the plan, with the running average updating on each fill. Copy the timestamped events in Copilot Mode to follow the managed exit."",t:u,skin:rS}),(0,r.jsxs)(""div"",{className:""flex min-h-0 flex-1 flex-col gap-1.5 overflow-y-auto md:overflow-hidden p-3.5"",children:[ep((0,r.jsxs)(""span"",{className:""flex items-center gap-1.5"",children:[""Surfaced for you"",(0,r.jsx)(""span"",{title:U?""CONSERVATIVE is the strategy name (the MTF-divergence reversal book), not a risk level."":void 0,style:{fontSize:8,fontWeight:600,letterSpacing:""0.08em"",padding:""1px 4px"",borderRadius:3,color:X?""var(--tv2-accent-ink)"":u.textMuted,background:X?rN:""rgba(va"
1536-064f08115df39c50.js,fired,5,13,242270,1,FIRED,"is the strategy name (the MTF-divergence reversal book), not a risk level."":void 0,style:{fontSize:8,fontWeight:600,letterSpacing:""0.08em"",padding:""1px 4px"",borderRadius:3,color:X?""var(--tv2-accent-ink)"":u.textMuted,background:X?rN:""rgba(var(--tv2-ink),0.06)""},children:P?""SWEEP + RECLAIM \xb7 "".concat(X?""LIVE"":rA(V.date)||""…""):U?""CONSERVATIVE \xb7 "".concat(X?""LIVE"":rA(V.date)||""…""):Y?""HISTORY \xb7 "".concat(rA(V.date)):X?""LIVE \xb7 EXPERIMENTAL"":Q?""REPLAY \xb7 "".concat(rA(V.date)):""loading""===V.status?E?""LOADING "".concat(rA(E),""…""):""CONNECTING…"":""RECONNECTING…""})]}),j?(0,r.jsxs)(""span"",{className:""flex items-center gap-1.5"",children:[(0,r.jsx)(rf.UJ,{label:""STATUS"",values:$,options:[{value:""",""",label:""fired""},{value:""T1 TAG"",label:""T1 tag""},{value:""TARGET"",label:""target hit""},{value:""STOPPED"",label:""stopped""}],onChange:J,t:u,skin:rS}),(0,r.jsx)(""span"",{title:""Leg — the same setup priced in each index"",style:{fontSize:8,letterSpacing:""0.05em"",color:u.textMuted},children:""leg""}),[""SPY"",""SPX"",""QQQ""].map(e=>(0,r.jsx)(""button"",{onClick:()=>w(e),title:""the same setup priced in each index"",className:""rounded px-1.5 py-0.5"",style:{fontSize:8.5,fontWeight:700,letterSpacing:""0.05em"",color:k===e?""var(--tv2-accent-ink)"":u.textMuted,background:k===e?rN:""rgba(var(--tv2-ink),0.05)"",border:""1px solid rgba(var(--tv2-ink),0.08)"",cursor:""pointer""},children:e},e))]}):void 0),(0,r.jsxs)(""div"",{ref:C,"
1536-064f08115df39c50.js,fired,6,13,242284,1,fired,"gy name (the MTF-divergence reversal book), not a risk level."":void 0,style:{fontSize:8,fontWeight:600,letterSpacing:""0.08em"",padding:""1px 4px"",borderRadius:3,color:X?""var(--tv2-accent-ink)"":u.textMuted,background:X?rN:""rgba(var(--tv2-ink),0.06)""},children:P?""SWEEP + RECLAIM \xb7 "".concat(X?""LIVE"":rA(V.date)||""…""):U?""CONSERVATIVE \xb7 "".concat(X?""LIVE"":rA(V.date)||""…""):Y?""HISTORY \xb7 "".concat(rA(V.date)):X?""LIVE \xb7 EXPERIMENTAL"":Q?""REPLAY \xb7 "".concat(rA(V.date)):""loading""===V.status?E?""LOADING "".concat(rA(E),""…""):""CONNECTING…"":""RECONNECTING…""})]}),j?(0,r.jsxs)(""span"",{className:""flex items-center gap-1.5"",children:[(0,r.jsx)(rf.UJ,{label:""STATUS"",values:$,options:[{value:""FIRED"",label:""","""},{value:""T1 TAG"",label:""T1 tag""},{value:""TARGET"",label:""target hit""},{value:""STOPPED"",label:""stopped""}],onChange:J,t:u,skin:rS}),(0,r.jsx)(""span"",{title:""Leg — the same setup priced in each index"",style:{fontSize:8,letterSpacing:""0.05em"",color:u.textMuted},children:""leg""}),[""SPY"",""SPX"",""QQQ""].map(e=>(0,r.jsx)(""button"",{onClick:()=>w(e),title:""the same setup priced in each index"",className:""rounded px-1.5 py-0.5"",style:{fontSize:8.5,fontWeight:700,letterSpacing:""0.05em"",color:k===e?""var(--tv2-accent-ink)"":u.textMuted,background:k===e?rN:""rgba(var(--tv2-ink),0.05)"",border:""1px solid rgba(var(--tv2-ink),0.08)"",cursor:""pointer""},children:e},e))]}):void 0),(0,r.jsxs)(""div"",{ref:C,className:""tal"
1536-064f08115df39c50.js,talon,86,125,242986,1,talon,"red""},{value:""T1 TAG"",label:""T1 tag""},{value:""TARGET"",label:""target hit""},{value:""STOPPED"",label:""stopped""}],onChange:J,t:u,skin:rS}),(0,r.jsx)(""span"",{title:""Leg — the same setup priced in each index"",style:{fontSize:8,letterSpacing:""0.05em"",color:u.textMuted},children:""leg""}),[""SPY"",""SPX"",""QQQ""].map(e=>(0,r.jsx)(""button"",{onClick:()=>w(e),title:""the same setup priced in each index"",className:""rounded px-1.5 py-0.5"",style:{fontSize:8.5,fontWeight:700,letterSpacing:""0.05em"",color:k===e?""var(--tv2-accent-ink)"":u.textMuted,background:k===e?rN:""rgba(var(--tv2-ink),0.05)"",border:""1px solid rgba(var(--tv2-ink),0.08)"",cursor:""pointer""},children:e},e))]}):void 0),(0,r.jsxs)(""div"",{ref:C,className:""","-noscroll -mx-0.5 flex shrink-0 gap-2.5 overflow-x-auto pb-1.5"",style:{scrollSnapType:""x mandatory"",scrollbarWidth:""none"",overscrollBehaviorX:""none""},children:[0===Z.length&&(0,r.jsx)(""div"",{className:""flex w-full items-center justify-center py-6"",style:{fontSize:11,letterSpacing:""0.08em"",color:u.textMuted},children:""loading""===V.status?E?""Loading "".concat(E).concat(U?"" \xb7 Conservative"":"""",""…""):""Connecting to Falcon…"":E?H.length>0?""No graded "".concat(k,"" leg on "").concat(rA(E),"" — try SPY / SPX / QQQ.""):P?""No "".concat(R?""tradeable OTM "":"""",""sweep + reclaim on "").concat(rA(E),"".""):""No stored "".concat(U?""Conservative "":"""",""session for "").concat(E,"".""):H.length>0?""No graded "".concat(k,"" leg t"
1536-064f08115df39c50.js,falcon,18,35,243406,1,Falcon,",style:{fontSize:8.5,fontWeight:700,letterSpacing:""0.05em"",color:k===e?""var(--tv2-accent-ink)"":u.textMuted,background:k===e?rN:""rgba(var(--tv2-ink),0.05)"",border:""1px solid rgba(var(--tv2-ink),0.08)"",cursor:""pointer""},children:e},e))]}):void 0),(0,r.jsxs)(""div"",{ref:C,className:""talon-noscroll -mx-0.5 flex shrink-0 gap-2.5 overflow-x-auto pb-1.5"",style:{scrollSnapType:""x mandatory"",scrollbarWidth:""none"",overscrollBehaviorX:""none""},children:[0===Z.length&&(0,r.jsx)(""div"",{className:""flex w-full items-center justify-center py-6"",style:{fontSize:11,letterSpacing:""0.08em"",color:u.textMuted},children:""loading""===V.status?E?""Loading "".concat(E).concat(U?"" \xb7 Conservative"":"""",""…""):""Connecting to","…"":E?H.length>0?""No graded "".concat(k,"" leg on "").concat(rA(E),"" — try SPY / SPX / QQQ.""):P?""No "".concat(R?""tradeable OTM "":"""",""sweep + reclaim on "").concat(rA(E),"".""):""No stored "".concat(U?""Conservative "":"""",""session for "").concat(E,"".""):H.length>0?""No graded "".concat(k,"" leg this session — this signal priced on the other tabs (try SPY or QQQ).""):X?P?""Watching — no sweep + reclaim has fired yet today."":U?""Watching — no reversal signal yet today."":""Watching — no setups have fired yet today."":""ok""===V.status?""No "".concat(P?""sweep + reclaim"":U?""reversal signal"":""setup"","" on "").concat(rA(V.date)).concat(R?"" (OTM)"":"""","".""):""Reconnecting to Falcon — live setups will appear here.""}),Z.map(e=>(0,r."
1536-064f08115df39c50.js,fired,7,13,243801,1,fired,"idth:""none"",overscrollBehaviorX:""none""},children:[0===Z.length&&(0,r.jsx)(""div"",{className:""flex w-full items-center justify-center py-6"",style:{fontSize:11,letterSpacing:""0.08em"",color:u.textMuted},children:""loading""===V.status?E?""Loading "".concat(E).concat(U?"" \xb7 Conservative"":"""",""…""):""Connecting to Falcon…"":E?H.length>0?""No graded "".concat(k,"" leg on "").concat(rA(E),"" — try SPY / SPX / QQQ.""):P?""No "".concat(R?""tradeable OTM "":"""",""sweep + reclaim on "").concat(rA(E),"".""):""No stored "".concat(U?""Conservative "":"""",""session for "").concat(E,"".""):H.length>0?""No graded "".concat(k,"" leg this session — this signal priced on the other tabs (try SPY or QQQ).""):X?P?""Watching — no sweep + reclaim has","yet today."":U?""Watching — no reversal signal yet today."":""Watching — no setups have fired yet today."":""ok""===V.status?""No "".concat(P?""sweep + reclaim"":U?""reversal signal"":""setup"","" on "").concat(rA(V.date)).concat(R?"" (OTM)"":"""","".""):""Reconnecting to Falcon — live setups will appear here.""}),Z.map(e=>(0,r.jsx)(rq,{s:e,pk:N(e),fa:e.flowArrival?e.flowArrival[k]:e.flowArrival,t:u,onOpen:()=>b(e),isConservative:U},e.id))]}),(0,r.jsx)(rf.uy,{target:C,skin:rS}),rk.G.TRADE_LIFECYCLE_COPY&&el&&el.legCount>0&&(0,r.jsx)(""div"",{className:""px-0.5 pb-1"",children:(0,r.jsx)(rf.$,{sizing:el,dayLabel:eo,t:u,skin:rS})}),et&&et.fires>0&&(0,r.jsxs)(""div"",{className:""flex flex-wrap items-center gap-x-3.5 gap-y-1"
1536-064f08115df39c50.js,fired,8,13,243891,1,fired,":""flex w-full items-center justify-center py-6"",style:{fontSize:11,letterSpacing:""0.08em"",color:u.textMuted},children:""loading""===V.status?E?""Loading "".concat(E).concat(U?"" \xb7 Conservative"":"""",""…""):""Connecting to Falcon…"":E?H.length>0?""No graded "".concat(k,"" leg on "").concat(rA(E),"" — try SPY / SPX / QQQ.""):P?""No "".concat(R?""tradeable OTM "":"""",""sweep + reclaim on "").concat(rA(E),"".""):""No stored "".concat(U?""Conservative "":"""",""session for "").concat(E,"".""):H.length>0?""No graded "".concat(k,"" leg this session — this signal priced on the other tabs (try SPY or QQQ).""):X?P?""Watching — no sweep + reclaim has fired yet today."":U?""Watching — no reversal signal yet today."":""Watching — no setups have","yet today."":""ok""===V.status?""No "".concat(P?""sweep + reclaim"":U?""reversal signal"":""setup"","" on "").concat(rA(V.date)).concat(R?"" (OTM)"":"""","".""):""Reconnecting to Falcon — live setups will appear here.""}),Z.map(e=>(0,r.jsx)(rq,{s:e,pk:N(e),fa:e.flowArrival?e.flowArrival[k]:e.flowArrival,t:u,onOpen:()=>b(e),isConservative:U},e.id))]}),(0,r.jsx)(rf.uy,{target:C,skin:rS}),rk.G.TRADE_LIFECYCLE_COPY&&el&&el.legCount>0&&(0,r.jsx)(""div"",{className:""px-0.5 pb-1"",children:(0,r.jsx)(rf.$,{sizing:el,dayLabel:eo,t:u,skin:rS})}),et&&et.fires>0&&(0,r.jsxs)(""div"",{className:""flex flex-wrap items-center gap-x-3.5 gap-y-1 px-0.5"",style:{fontSize:12,fontFamily:""Inter, ui-sans-serif, system-ui, sans-serif"",color:"
1536-064f08115df39c50.js,falcon,19,35,244056,1,Falcon,"cat(U?"" \xb7 Conservative"":"""",""…""):""Connecting to Falcon…"":E?H.length>0?""No graded "".concat(k,"" leg on "").concat(rA(E),"" — try SPY / SPX / QQQ.""):P?""No "".concat(R?""tradeable OTM "":"""",""sweep + reclaim on "").concat(rA(E),"".""):""No stored "".concat(U?""Conservative "":"""",""session for "").concat(E,"".""):H.length>0?""No graded "".concat(k,"" leg this session — this signal priced on the other tabs (try SPY or QQQ).""):X?P?""Watching — no sweep + reclaim has fired yet today."":U?""Watching — no reversal signal yet today."":""Watching — no setups have fired yet today."":""ok""===V.status?""No "".concat(P?""sweep + reclaim"":U?""reversal signal"":""setup"","" on "").concat(rA(V.date)).concat(R?"" (OTM)"":"""","".""):""Reconnecting to","— live setups will appear here.""}),Z.map(e=>(0,r.jsx)(rq,{s:e,pk:N(e),fa:e.flowArrival?e.flowArrival[k]:e.flowArrival,t:u,onOpen:()=>b(e),isConservative:U},e.id))]}),(0,r.jsx)(rf.uy,{target:C,skin:rS}),rk.G.TRADE_LIFECYCLE_COPY&&el&&el.legCount>0&&(0,r.jsx)(""div"",{className:""px-0.5 pb-1"",children:(0,r.jsx)(rf.$,{sizing:el,dayLabel:eo,t:u,skin:rS})}),et&&et.fires>0&&(0,r.jsxs)(""div"",{className:""flex flex-wrap items-center gap-x-3.5 gap-y-1 px-0.5"",style:{fontSize:12,fontFamily:""Inter, ui-sans-serif, system-ui, sans-serif"",color:u.textMuted},children:[U?(0,r.jsxs)(""span"",{children:[(0,r.jsx)(""b"",{style:{color:u.textSecondary},children:et.fires}),"" setups""]}):""SPY""===k?(0,r.jsxs)(""span"",{child"
1536-064f08115df39c50.js,fired,9,13,245397,1,fired,"ildren:et.fires}),"" setups""]}):""SPY""===k?(0,r.jsxs)(""span"",{children:[(0,r.jsx)(""b"",{style:{color:u.textSecondary},children:H.length}),"" positions \xb7 "",(0,r.jsx)(""b"",{style:{color:u.textSecondary},children:""SPY""}),"" legs"",H.length!==et.fires?(0,r.jsxs)(""span"",{style:{color:u.textMuted},children:["" \xb7 "",et.fires,"" fires incl. adds""]}):null]}):(0,r.jsxs)(""span"",{children:[(0,r.jsx)(""b"",{style:{color:u.textSecondary},children:H.length}),"" positions \xb7 "",(0,r.jsx)(""b"",{style:{color:u.textSecondary},children:k}),"" legs"",et.fires<H.length?(0,r.jsxs)(""span"",{style:{color:u.textMuted},children:["" \xb7 "",et.fires,""/"",H.length,"" priced""]}):null]}),(0,r.jsxs)(""span"",{title:""'saw ≥30%' = share of","signals whose premium PEAKED at least 30% above entry at some point (max favorable excursion, single-lot). The signal 'saw' that gain — not that it was necessarily banked."",children:[""peaked ≥30%: "",(0,r.jsxs)(""b"",{style:{color:""var(--tv2-bull)""},children:[et.w30,""/"",et.fires]}),"" ("",Math.round(100*et.w30/et.fires),""%)""]}),(0,r.jsxs)(""span"",{title:""share whose premium peaked at least 20% above entry"",children:[""≥20%: "",(0,r.jsxs)(""b"",{style:{color:u.textSecondary},children:[Math.round(100*et.w20/et.fires),""%""]})]}),(0,r.jsxs)(""span"",{children:[""best "",(0,r.jsx)(""b"",{style:{color:""var(--tv2-accent)""},children:en(et.best_max)})]}),(0,r.jsxs)(""span"",{children:[""avg max "",(0,r.jsx)(""b"",{style:{"
1536-064f08115df39c50.js,armed,15,43,246318,1,armed,"style:{color:""var(--tv2-bull)""},children:[et.w30,""/"",et.fires]}),"" ("",Math.round(100*et.w30/et.fires),""%)""]}),(0,r.jsxs)(""span"",{title:""share whose premium peaked at least 20% above entry"",children:[""≥20%: "",(0,r.jsxs)(""b"",{style:{color:u.textSecondary},children:[Math.round(100*et.w20/et.fires),""%""]})]}),(0,r.jsxs)(""span"",{children:[""best "",(0,r.jsx)(""b"",{style:{color:""var(--tv2-accent)""},children:en(et.best_max)})]}),(0,r.jsxs)(""span"",{children:[""avg max "",(0,r.jsx)(""b"",{style:{color:u.textSecondary},children:en(et.avg_max)})]}),et.monsters>0&&(0,r.jsxs)(""span"",{style:{color:""var(--tv2-accent)"",fontWeight:700},children:[et.monsters,""\xd7 500%+ \uD83D\uDD25""]}),!U&&(()=>{let e=Z.map(e=>N(e).",").filter(e=>!!e),t=e.map(e=>e.spread_pct).filter(e=>null!=e),n=e.filter(e=>e.skipped_entry).length;if(!t.length&&!n)return null;let a=t.filter(e=>e>0).length,l=t.length?t.reduce((e,t)=>e+t,0)/t.length:0;return(0,r.jsxs)(""span"",{title:""armed policy (sv:5): dip-or-skip entries at real quotes — win% and avg over trades actually taken; skips never deployed capital"",children:[""armed: "",(0,r.jsx)(""b"",{style:{color:u.textSecondary},children:t.length?"""".concat(Math.round(100*a/t.length),""% win \xb7 "").concat(l>=0?""+"":"""").concat(Math.round(l),""%""):""—""}),n>0&&(0,r.jsxs)(""span"",{style:{color:u.textMuted},children:["" \xb7 "",n,"" skipped""]})]})})()]}),X&&!U&&V.playbook&&(0,r.jsxs)(""div"",{className:""flex f"
1536-064f08115df39c50.js,spread_pct,9,9,246353,1,spread_pct,"ldren:[et.w30,""/"",et.fires]}),"" ("",Math.round(100*et.w30/et.fires),""%)""]}),(0,r.jsxs)(""span"",{title:""share whose premium peaked at least 20% above entry"",children:[""≥20%: "",(0,r.jsxs)(""b"",{style:{color:u.textSecondary},children:[Math.round(100*et.w20/et.fires),""%""]})]}),(0,r.jsxs)(""span"",{children:[""best "",(0,r.jsx)(""b"",{style:{color:""var(--tv2-accent)""},children:en(et.best_max)})]}),(0,r.jsxs)(""span"",{children:[""avg max "",(0,r.jsx)(""b"",{style:{color:u.textSecondary},children:en(et.avg_max)})]}),et.monsters>0&&(0,r.jsxs)(""span"",{style:{color:""var(--tv2-accent)"",fontWeight:700},children:[et.monsters,""\xd7 500%+ \uD83D\uDD25""]}),!U&&(()=>{let e=Z.map(e=>N(e).armed).filter(e=>!!e),t=e.map(e=>e.",").filter(e=>null!=e),n=e.filter(e=>e.skipped_entry).length;if(!t.length&&!n)return null;let a=t.filter(e=>e>0).length,l=t.length?t.reduce((e,t)=>e+t,0)/t.length:0;return(0,r.jsxs)(""span"",{title:""armed policy (sv:5): dip-or-skip entries at real quotes — win% and avg over trades actually taken; skips never deployed capital"",children:[""armed: "",(0,r.jsx)(""b"",{style:{color:u.textSecondary},children:t.length?"""".concat(Math.round(100*a/t.length),""% win \xb7 "").concat(l>=0?""+"":"""").concat(Math.round(l),""%""):""—""}),n>0&&(0,r.jsxs)(""span"",{style:{color:u.textMuted},children:["" \xb7 "",n,"" skipped""]})]})})()]}),X&&!U&&V.playbook&&(0,r.jsxs)(""div"",{className:""flex flex-wrap items-center gap-x-3 gap-y-1 px"
1536-064f08115df39c50.js,skipped_entry,12,12,246400,1,skipped_entry,"00*et.w30/et.fires),""%)""]}),(0,r.jsxs)(""span"",{title:""share whose premium peaked at least 20% above entry"",children:[""≥20%: "",(0,r.jsxs)(""b"",{style:{color:u.textSecondary},children:[Math.round(100*et.w20/et.fires),""%""]})]}),(0,r.jsxs)(""span"",{children:[""best "",(0,r.jsx)(""b"",{style:{color:""var(--tv2-accent)""},children:en(et.best_max)})]}),(0,r.jsxs)(""span"",{children:[""avg max "",(0,r.jsx)(""b"",{style:{color:u.textSecondary},children:en(et.avg_max)})]}),et.monsters>0&&(0,r.jsxs)(""span"",{style:{color:""var(--tv2-accent)"",fontWeight:700},children:[et.monsters,""\xd7 500%+ \uD83D\uDD25""]}),!U&&(()=>{let e=Z.map(e=>N(e).armed).filter(e=>!!e),t=e.map(e=>e.spread_pct).filter(e=>null!=e),n=e.filter(e=>e.",").length;if(!t.length&&!n)return null;let a=t.filter(e=>e>0).length,l=t.length?t.reduce((e,t)=>e+t,0)/t.length:0;return(0,r.jsxs)(""span"",{title:""armed policy (sv:5): dip-or-skip entries at real quotes — win% and avg over trades actually taken; skips never deployed capital"",children:[""armed: "",(0,r.jsx)(""b"",{style:{color:u.textSecondary},children:t.length?"""".concat(Math.round(100*a/t.length),""% win \xb7 "").concat(l>=0?""+"":"""").concat(Math.round(l),""%""):""—""}),n>0&&(0,r.jsxs)(""span"",{style:{color:u.textMuted},children:["" \xb7 "",n,"" skipped""]})]})})()]}),X&&!U&&V.playbook&&(0,r.jsxs)(""div"",{className:""flex flex-wrap items-center gap-x-3 gap-y-1 px-0.5 pt-1"",style:{fontSize:10.5,fontFamily:""Inter,"
1536-064f08115df39c50.js,armed,16,43,246558,1,armed,"extSecondary},children:[Math.round(100*et.w20/et.fires),""%""]})]}),(0,r.jsxs)(""span"",{children:[""best "",(0,r.jsx)(""b"",{style:{color:""var(--tv2-accent)""},children:en(et.best_max)})]}),(0,r.jsxs)(""span"",{children:[""avg max "",(0,r.jsx)(""b"",{style:{color:u.textSecondary},children:en(et.avg_max)})]}),et.monsters>0&&(0,r.jsxs)(""span"",{style:{color:""var(--tv2-accent)"",fontWeight:700},children:[et.monsters,""\xd7 500%+ \uD83D\uDD25""]}),!U&&(()=>{let e=Z.map(e=>N(e).armed).filter(e=>!!e),t=e.map(e=>e.spread_pct).filter(e=>null!=e),n=e.filter(e=>e.skipped_entry).length;if(!t.length&&!n)return null;let a=t.filter(e=>e>0).length,l=t.length?t.reduce((e,t)=>e+t,0)/t.length:0;return(0,r.jsxs)(""span"",{title:""","policy (sv:5): dip-or-skip entries at real quotes — win% and avg over trades actually taken; skips never deployed capital"",children:[""armed: "",(0,r.jsx)(""b"",{style:{color:u.textSecondary},children:t.length?"""".concat(Math.round(100*a/t.length),""% win \xb7 "").concat(l>=0?""+"":"""").concat(Math.round(l),""%""):""—""}),n>0&&(0,r.jsxs)(""span"",{style:{color:u.textMuted},children:["" \xb7 "",n,"" skipped""]})]})})()]}),X&&!U&&V.playbook&&(0,r.jsxs)(""div"",{className:""flex flex-wrap items-center gap-x-3 gap-y-1 px-0.5 pt-1"",style:{fontSize:10.5,fontFamily:""Inter, ui-sans-serif, system-ui, sans-serif"",color:u.textMuted},children:[(0,r.jsxs)(""span"",{className:""rounded px-1.5 py-0.5"",style:{fontSize:8.5,fontWeigh"
1536-064f08115df39c50.js,DIP-OR-SKIP,2,4,246579,1,dip-or-skip,"n:[Math.round(100*et.w20/et.fires),""%""]})]}),(0,r.jsxs)(""span"",{children:[""best "",(0,r.jsx)(""b"",{style:{color:""var(--tv2-accent)""},children:en(et.best_max)})]}),(0,r.jsxs)(""span"",{children:[""avg max "",(0,r.jsx)(""b"",{style:{color:u.textSecondary},children:en(et.avg_max)})]}),et.monsters>0&&(0,r.jsxs)(""span"",{style:{color:""var(--tv2-accent)"",fontWeight:700},children:[et.monsters,""\xd7 500%+ \uD83D\uDD25""]}),!U&&(()=>{let e=Z.map(e=>N(e).armed).filter(e=>!!e),t=e.map(e=>e.spread_pct).filter(e=>null!=e),n=e.filter(e=>e.skipped_entry).length;if(!t.length&&!n)return null;let a=t.filter(e=>e>0).length,l=t.length?t.reduce((e,t)=>e+t,0)/t.length:0;return(0,r.jsxs)(""span"",{title:""armed policy (sv:5):","entries at real quotes — win% and avg over trades actually taken; skips never deployed capital"",children:[""armed: "",(0,r.jsx)(""b"",{style:{color:u.textSecondary},children:t.length?"""".concat(Math.round(100*a/t.length),""% win \xb7 "").concat(l>=0?""+"":"""").concat(Math.round(l),""%""):""—""}),n>0&&(0,r.jsxs)(""span"",{style:{color:u.textMuted},children:["" \xb7 "",n,"" skipped""]})]})})()]}),X&&!U&&V.playbook&&(0,r.jsxs)(""div"",{className:""flex flex-wrap items-center gap-x-3 gap-y-1 px-0.5 pt-1"",style:{fontSize:10.5,fontFamily:""Inter, ui-sans-serif, system-ui, sans-serif"",color:u.textMuted},children:[(0,r.jsxs)(""span"",{className:""rounded px-1.5 py-0.5"",style:{fontSize:8.5,fontWeight:700,letterSpacing:""0.08em"
1536-064f08115df39c50.js,armed,17,43,246698,1,armed,"2-accent)""},children:en(et.best_max)})]}),(0,r.jsxs)(""span"",{children:[""avg max "",(0,r.jsx)(""b"",{style:{color:u.textSecondary},children:en(et.avg_max)})]}),et.monsters>0&&(0,r.jsxs)(""span"",{style:{color:""var(--tv2-accent)"",fontWeight:700},children:[et.monsters,""\xd7 500%+ \uD83D\uDD25""]}),!U&&(()=>{let e=Z.map(e=>N(e).armed).filter(e=>!!e),t=e.map(e=>e.spread_pct).filter(e=>null!=e),n=e.filter(e=>e.skipped_entry).length;if(!t.length&&!n)return null;let a=t.filter(e=>e>0).length,l=t.length?t.reduce((e,t)=>e+t,0)/t.length:0;return(0,r.jsxs)(""span"",{title:""armed policy (sv:5): dip-or-skip entries at real quotes — win% and avg over trades actually taken; skips never deployed capital"",children:[""",": "",(0,r.jsx)(""b"",{style:{color:u.textSecondary},children:t.length?"""".concat(Math.round(100*a/t.length),""% win \xb7 "").concat(l>=0?""+"":"""").concat(Math.round(l),""%""):""—""}),n>0&&(0,r.jsxs)(""span"",{style:{color:u.textMuted},children:["" \xb7 "",n,"" skipped""]})]})})()]}),X&&!U&&V.playbook&&(0,r.jsxs)(""div"",{className:""flex flex-wrap items-center gap-x-3 gap-y-1 px-0.5 pt-1"",style:{fontSize:10.5,fontFamily:""Inter, ui-sans-serif, system-ui, sans-serif"",color:u.textMuted},children:[(0,r.jsxs)(""span"",{className:""rounded px-1.5 py-0.5"",style:{fontSize:8.5,fontWeight:700,letterSpacing:""0.08em"",color:""green""===V.playbook.day_class?""var(--tv2-bull)"":u.textMuted,border:""1px solid "".concat(""green""===V.playb"
1536-064f08115df39c50.js,playbook,37,77,246978,1,playbook,"uDD25""]}),!U&&(()=>{let e=Z.map(e=>N(e).armed).filter(e=>!!e),t=e.map(e=>e.spread_pct).filter(e=>null!=e),n=e.filter(e=>e.skipped_entry).length;if(!t.length&&!n)return null;let a=t.filter(e=>e>0).length,l=t.length?t.reduce((e,t)=>e+t,0)/t.length:0;return(0,r.jsxs)(""span"",{title:""armed policy (sv:5): dip-or-skip entries at real quotes — win% and avg over trades actually taken; skips never deployed capital"",children:[""armed: "",(0,r.jsx)(""b"",{style:{color:u.textSecondary},children:t.length?"""".concat(Math.round(100*a/t.length),""% win \xb7 "").concat(l>=0?""+"":"""").concat(Math.round(l),""%""):""—""}),n>0&&(0,r.jsxs)(""span"",{style:{color:u.textMuted},children:["" \xb7 "",n,"" skipped""]})]})})()]}),X&&!U&&V.","&&(0,r.jsxs)(""div"",{className:""flex flex-wrap items-center gap-x-3 gap-y-1 px-0.5 pt-1"",style:{fontSize:10.5,fontFamily:""Inter, ui-sans-serif, system-ui, sans-serif"",color:u.textMuted},children:[(0,r.jsxs)(""span"",{className:""rounded px-1.5 py-0.5"",style:{fontSize:8.5,fontWeight:700,letterSpacing:""0.08em"",color:""green""===V.playbook.day_class?""var(--tv2-bull)"":u.textMuted,border:""1px solid "".concat(""green""===V.playbook.day_class?""rgba(var(--tv2-bull-rgb),0.35)"":""rgba(var(--tv2-ink),0.14)"")},children:[""PLAYBOOK \xb7 "",""green""===V.playbook.day_class?""GREEN DAY"":""DRIFT DAY""]}),(0,r.jsxs)(""span"",{children:[""green""===V.playbook.day_class?""takes every card"":""breadth-supported only"","" \xb7 takes "",(0"
1536-064f08115df39c50.js,playbook,38,77,247310,1,playbook,"tes — win% and avg over trades actually taken; skips never deployed capital"",children:[""armed: "",(0,r.jsx)(""b"",{style:{color:u.textSecondary},children:t.length?"""".concat(Math.round(100*a/t.length),""% win \xb7 "").concat(l>=0?""+"":"""").concat(Math.round(l),""%""):""—""}),n>0&&(0,r.jsxs)(""span"",{style:{color:u.textMuted},children:["" \xb7 "",n,"" skipped""]})]})})()]}),X&&!U&&V.playbook&&(0,r.jsxs)(""div"",{className:""flex flex-wrap items-center gap-x-3 gap-y-1 px-0.5 pt-1"",style:{fontSize:10.5,fontFamily:""Inter, ui-sans-serif, system-ui, sans-serif"",color:u.textMuted},children:[(0,r.jsxs)(""span"",{className:""rounded px-1.5 py-0.5"",style:{fontSize:8.5,fontWeight:700,letterSpacing:""0.08em"",color:""green""===V.",".day_class?""var(--tv2-bull)"":u.textMuted,border:""1px solid "".concat(""green""===V.playbook.day_class?""rgba(var(--tv2-bull-rgb),0.35)"":""rgba(var(--tv2-ink),0.14)"")},children:[""PLAYBOOK \xb7 "",""green""===V.playbook.day_class?""GREEN DAY"":""DRIFT DAY""]}),(0,r.jsxs)(""span"",{children:[""green""===V.playbook.day_class?""takes every card"":""breadth-supported only"","" \xb7 takes "",(0,r.jsx)(""b"",{style:{color:u.textSecondary},children:V.playbook.taken})]}),null!=V.playbook.book_avg&&(0,r.jsxs)(""span"",{children:[""book avg "",(0,r.jsxs)(""b"",{style:{color:V.playbook.book_avg>=0?""var(--tv2-bull)"":""var(--tv2-bear)"",fontWeight:700},children:[V.playbook.book_avg>=0?""+"":"""",V.playbook.book_avg,""%""]})]})]}),X&&!U&&V.rada"
1536-064f08115df39c50.js,playbook,39,77,247398,1,playbook,"armed: "",(0,r.jsx)(""b"",{style:{color:u.textSecondary},children:t.length?"""".concat(Math.round(100*a/t.length),""% win \xb7 "").concat(l>=0?""+"":"""").concat(Math.round(l),""%""):""—""}),n>0&&(0,r.jsxs)(""span"",{style:{color:u.textMuted},children:["" \xb7 "",n,"" skipped""]})]})})()]}),X&&!U&&V.playbook&&(0,r.jsxs)(""div"",{className:""flex flex-wrap items-center gap-x-3 gap-y-1 px-0.5 pt-1"",style:{fontSize:10.5,fontFamily:""Inter, ui-sans-serif, system-ui, sans-serif"",color:u.textMuted},children:[(0,r.jsxs)(""span"",{className:""rounded px-1.5 py-0.5"",style:{fontSize:8.5,fontWeight:700,letterSpacing:""0.08em"",color:""green""===V.playbook.day_class?""var(--tv2-bull)"":u.textMuted,border:""1px solid "".concat(""green""===V.",".day_class?""rgba(var(--tv2-bull-rgb),0.35)"":""rgba(var(--tv2-ink),0.14)"")},children:[""PLAYBOOK \xb7 "",""green""===V.playbook.day_class?""GREEN DAY"":""DRIFT DAY""]}),(0,r.jsxs)(""span"",{children:[""green""===V.playbook.day_class?""takes every card"":""breadth-supported only"","" \xb7 takes "",(0,r.jsx)(""b"",{style:{color:u.textSecondary},children:V.playbook.taken})]}),null!=V.playbook.book_avg&&(0,r.jsxs)(""span"",{children:[""book avg "",(0,r.jsxs)(""b"",{style:{color:V.playbook.book_avg>=0?""var(--tv2-bull)"":""var(--tv2-bear)"",fontWeight:700},children:[V.playbook.book_avg>=0?""+"":"""",V.playbook.book_avg,""%""]})]})]}),X&&!U&&V.radar&&(0,r.jsxs)(""div"",{className:""flex flex-wrap items-center gap-x-3 gap-y-1 px-0.5 pt-1"""
1536-064f08115df39c50.js,playbook,40,77,247491,1,PLAYBOOK,"100*a/t.length),""% win \xb7 "").concat(l>=0?""+"":"""").concat(Math.round(l),""%""):""—""}),n>0&&(0,r.jsxs)(""span"",{style:{color:u.textMuted},children:["" \xb7 "",n,"" skipped""]})]})})()]}),X&&!U&&V.playbook&&(0,r.jsxs)(""div"",{className:""flex flex-wrap items-center gap-x-3 gap-y-1 px-0.5 pt-1"",style:{fontSize:10.5,fontFamily:""Inter, ui-sans-serif, system-ui, sans-serif"",color:u.textMuted},children:[(0,r.jsxs)(""span"",{className:""rounded px-1.5 py-0.5"",style:{fontSize:8.5,fontWeight:700,letterSpacing:""0.08em"",color:""green""===V.playbook.day_class?""var(--tv2-bull)"":u.textMuted,border:""1px solid "".concat(""green""===V.playbook.day_class?""rgba(var(--tv2-bull-rgb),0.35)"":""rgba(var(--tv2-ink),0.14)"")},children:[""","\xb7 "",""green""===V.playbook.day_class?""GREEN DAY"":""DRIFT DAY""]}),(0,r.jsxs)(""span"",{children:[""green""===V.playbook.day_class?""takes every card"":""breadth-supported only"","" \xb7 takes "",(0,r.jsx)(""b"",{style:{color:u.textSecondary},children:V.playbook.taken})]}),null!=V.playbook.book_avg&&(0,r.jsxs)(""span"",{children:[""book avg "",(0,r.jsxs)(""b"",{style:{color:V.playbook.book_avg>=0?""var(--tv2-bull)"":""var(--tv2-bear)"",fontWeight:700},children:[V.playbook.book_avg>=0?""+"":"""",V.playbook.book_avg,""%""]})]})]}),X&&!U&&V.radar&&(0,r.jsxs)(""div"",{className:""flex flex-wrap items-center gap-x-3 gap-y-1 px-0.5 pt-1"",style:{fontSize:10.5,fontFamily:""Inter, ui-sans-serif, system-ui, sans-serif"",color:u.textMu"
1536-064f08115df39c50.js,playbook,41,77,247519,1,playbook,""").concat(l>=0?""+"":"""").concat(Math.round(l),""%""):""—""}),n>0&&(0,r.jsxs)(""span"",{style:{color:u.textMuted},children:["" \xb7 "",n,"" skipped""]})]})})()]}),X&&!U&&V.playbook&&(0,r.jsxs)(""div"",{className:""flex flex-wrap items-center gap-x-3 gap-y-1 px-0.5 pt-1"",style:{fontSize:10.5,fontFamily:""Inter, ui-sans-serif, system-ui, sans-serif"",color:u.textMuted},children:[(0,r.jsxs)(""span"",{className:""rounded px-1.5 py-0.5"",style:{fontSize:8.5,fontWeight:700,letterSpacing:""0.08em"",color:""green""===V.playbook.day_class?""var(--tv2-bull)"":u.textMuted,border:""1px solid "".concat(""green""===V.playbook.day_class?""rgba(var(--tv2-bull-rgb),0.35)"":""rgba(var(--tv2-ink),0.14)"")},children:[""PLAYBOOK \xb7 "",""green""===V.",".day_class?""GREEN DAY"":""DRIFT DAY""]}),(0,r.jsxs)(""span"",{children:[""green""===V.playbook.day_class?""takes every card"":""breadth-supported only"","" \xb7 takes "",(0,r.jsx)(""b"",{style:{color:u.textSecondary},children:V.playbook.taken})]}),null!=V.playbook.book_avg&&(0,r.jsxs)(""span"",{children:[""book avg "",(0,r.jsxs)(""b"",{style:{color:V.playbook.book_avg>=0?""var(--tv2-bull)"":""var(--tv2-bear)"",fontWeight:700},children:[V.playbook.book_avg>=0?""+"":"""",V.playbook.book_avg,""%""]})]})]}),X&&!U&&V.radar&&(0,r.jsxs)(""div"",{className:""flex flex-wrap items-center gap-x-3 gap-y-1 px-0.5 pt-1"",style:{fontSize:10.5,fontFamily:""Inter, ui-sans-serif, system-ui, sans-serif"",color:u.textMuted},children:[(0,r.jsxs)(""s"
1536-064f08115df39c50.js,playbook,42,77,247606,1,playbook,"olor:u.textMuted},children:["" \xb7 "",n,"" skipped""]})]})})()]}),X&&!U&&V.playbook&&(0,r.jsxs)(""div"",{className:""flex flex-wrap items-center gap-x-3 gap-y-1 px-0.5 pt-1"",style:{fontSize:10.5,fontFamily:""Inter, ui-sans-serif, system-ui, sans-serif"",color:u.textMuted},children:[(0,r.jsxs)(""span"",{className:""rounded px-1.5 py-0.5"",style:{fontSize:8.5,fontWeight:700,letterSpacing:""0.08em"",color:""green""===V.playbook.day_class?""var(--tv2-bull)"":u.textMuted,border:""1px solid "".concat(""green""===V.playbook.day_class?""rgba(var(--tv2-bull-rgb),0.35)"":""rgba(var(--tv2-ink),0.14)"")},children:[""PLAYBOOK \xb7 "",""green""===V.playbook.day_class?""GREEN DAY"":""DRIFT DAY""]}),(0,r.jsxs)(""span"",{children:[""green""===V.",".day_class?""takes every card"":""breadth-supported only"","" \xb7 takes "",(0,r.jsx)(""b"",{style:{color:u.textSecondary},children:V.playbook.taken})]}),null!=V.playbook.book_avg&&(0,r.jsxs)(""span"",{children:[""book avg "",(0,r.jsxs)(""b"",{style:{color:V.playbook.book_avg>=0?""var(--tv2-bull)"":""var(--tv2-bear)"",fontWeight:700},children:[V.playbook.book_avg>=0?""+"":"""",V.playbook.book_avg,""%""]})]})]}),X&&!U&&V.radar&&(0,r.jsxs)(""div"",{className:""flex flex-wrap items-center gap-x-3 gap-y-1 px-0.5 pt-1"",style:{fontSize:10.5,fontFamily:""Inter, ui-sans-serif, system-ui, sans-serif"",color:u.textMuted},children:[(0,r.jsxs)(""span"",{className:""rounded px-1.5 py-0.5"",style:{fontSize:8.5,fontWeight:700,letterSpacin"
1536-064f08115df39c50.js,playbook,43,77,247740,1,playbook,"nter gap-x-3 gap-y-1 px-0.5 pt-1"",style:{fontSize:10.5,fontFamily:""Inter, ui-sans-serif, system-ui, sans-serif"",color:u.textMuted},children:[(0,r.jsxs)(""span"",{className:""rounded px-1.5 py-0.5"",style:{fontSize:8.5,fontWeight:700,letterSpacing:""0.08em"",color:""green""===V.playbook.day_class?""var(--tv2-bull)"":u.textMuted,border:""1px solid "".concat(""green""===V.playbook.day_class?""rgba(var(--tv2-bull-rgb),0.35)"":""rgba(var(--tv2-ink),0.14)"")},children:[""PLAYBOOK \xb7 "",""green""===V.playbook.day_class?""GREEN DAY"":""DRIFT DAY""]}),(0,r.jsxs)(""span"",{children:[""green""===V.playbook.day_class?""takes every card"":""breadth-supported only"","" \xb7 takes "",(0,r.jsx)(""b"",{style:{color:u.textSecondary},children:V.",".taken})]}),null!=V.playbook.book_avg&&(0,r.jsxs)(""span"",{children:[""book avg "",(0,r.jsxs)(""b"",{style:{color:V.playbook.book_avg>=0?""var(--tv2-bull)"":""var(--tv2-bear)"",fontWeight:700},children:[V.playbook.book_avg>=0?""+"":"""",V.playbook.book_avg,""%""]})]})]}),X&&!U&&V.radar&&(0,r.jsxs)(""div"",{className:""flex flex-wrap items-center gap-x-3 gap-y-1 px-0.5 pt-1"",style:{fontSize:10.5,fontFamily:""Inter, ui-sans-serif, system-ui, sans-serif"",color:u.textMuted},children:[(0,r.jsxs)(""span"",{className:""rounded px-1.5 py-0.5"",style:{fontSize:8.5,fontWeight:700,letterSpacing:""0.08em"",color:""neutral""===V.radar.lean?u.textMuted:""bull""===V.radar.lean?""var(--tv2-bull)"":""var(--tv2-bear)"",border:""1px solid rgba"
1536-064f08115df39c50.js,playbook,44,77,247768,1,playbook,"pt-1"",style:{fontSize:10.5,fontFamily:""Inter, ui-sans-serif, system-ui, sans-serif"",color:u.textMuted},children:[(0,r.jsxs)(""span"",{className:""rounded px-1.5 py-0.5"",style:{fontSize:8.5,fontWeight:700,letterSpacing:""0.08em"",color:""green""===V.playbook.day_class?""var(--tv2-bull)"":u.textMuted,border:""1px solid "".concat(""green""===V.playbook.day_class?""rgba(var(--tv2-bull-rgb),0.35)"":""rgba(var(--tv2-ink),0.14)"")},children:[""PLAYBOOK \xb7 "",""green""===V.playbook.day_class?""GREEN DAY"":""DRIFT DAY""]}),(0,r.jsxs)(""span"",{children:[""green""===V.playbook.day_class?""takes every card"":""breadth-supported only"","" \xb7 takes "",(0,r.jsx)(""b"",{style:{color:u.textSecondary},children:V.playbook.taken})]}),null!=V.",".book_avg&&(0,r.jsxs)(""span"",{children:[""book avg "",(0,r.jsxs)(""b"",{style:{color:V.playbook.book_avg>=0?""var(--tv2-bull)"":""var(--tv2-bear)"",fontWeight:700},children:[V.playbook.book_avg>=0?""+"":"""",V.playbook.book_avg,""%""]})]})]}),X&&!U&&V.radar&&(0,r.jsxs)(""div"",{className:""flex flex-wrap items-center gap-x-3 gap-y-1 px-0.5 pt-1"",style:{fontSize:10.5,fontFamily:""Inter, ui-sans-serif, system-ui, sans-serif"",color:u.textMuted},children:[(0,r.jsxs)(""span"",{className:""rounded px-1.5 py-0.5"",style:{fontSize:8.5,fontWeight:700,letterSpacing:""0.08em"",color:""neutral""===V.radar.lean?u.textMuted:""bull""===V.radar.lean?""var(--tv2-bull)"":""var(--tv2-bear)"",border:""1px solid rgba(var(--tv2-ink),0.14)""},chil"
1536-064f08115df39c50.js,playbook,45,77,247859,1,playbook,".textMuted},children:[(0,r.jsxs)(""span"",{className:""rounded px-1.5 py-0.5"",style:{fontSize:8.5,fontWeight:700,letterSpacing:""0.08em"",color:""green""===V.playbook.day_class?""var(--tv2-bull)"":u.textMuted,border:""1px solid "".concat(""green""===V.playbook.day_class?""rgba(var(--tv2-bull-rgb),0.35)"":""rgba(var(--tv2-ink),0.14)"")},children:[""PLAYBOOK \xb7 "",""green""===V.playbook.day_class?""GREEN DAY"":""DRIFT DAY""]}),(0,r.jsxs)(""span"",{children:[""green""===V.playbook.day_class?""takes every card"":""breadth-supported only"","" \xb7 takes "",(0,r.jsx)(""b"",{style:{color:u.textSecondary},children:V.playbook.taken})]}),null!=V.playbook.book_avg&&(0,r.jsxs)(""span"",{children:[""book avg "",(0,r.jsxs)(""b"",{style:{color:V.",".book_avg>=0?""var(--tv2-bull)"":""var(--tv2-bear)"",fontWeight:700},children:[V.playbook.book_avg>=0?""+"":"""",V.playbook.book_avg,""%""]})]})]}),X&&!U&&V.radar&&(0,r.jsxs)(""div"",{className:""flex flex-wrap items-center gap-x-3 gap-y-1 px-0.5 pt-1"",style:{fontSize:10.5,fontFamily:""Inter, ui-sans-serif, system-ui, sans-serif"",color:u.textMuted},children:[(0,r.jsxs)(""span"",{className:""rounded px-1.5 py-0.5"",style:{fontSize:8.5,fontWeight:700,letterSpacing:""0.08em"",color:""neutral""===V.radar.lean?u.textMuted:""bull""===V.radar.lean?""var(--tv2-bull)"":""var(--tv2-bear)"",border:""1px solid rgba(var(--tv2-ink),0.14)""},children:[""RADAR \xb7 "",(null!=(i=V.radar.lean)?i:""neutral"").toUpperCase()]}),V.radar.legs&&Obj"
1536-064f08115df39c50.js,playbook,46,77,247944,1,playbook,"tSize:8.5,fontWeight:700,letterSpacing:""0.08em"",color:""green""===V.playbook.day_class?""var(--tv2-bull)"":u.textMuted,border:""1px solid "".concat(""green""===V.playbook.day_class?""rgba(var(--tv2-bull-rgb),0.35)"":""rgba(var(--tv2-ink),0.14)"")},children:[""PLAYBOOK \xb7 "",""green""===V.playbook.day_class?""GREEN DAY"":""DRIFT DAY""]}),(0,r.jsxs)(""span"",{children:[""green""===V.playbook.day_class?""takes every card"":""breadth-supported only"","" \xb7 takes "",(0,r.jsx)(""b"",{style:{color:u.textSecondary},children:V.playbook.taken})]}),null!=V.playbook.book_avg&&(0,r.jsxs)(""span"",{children:[""book avg "",(0,r.jsxs)(""b"",{style:{color:V.playbook.book_avg>=0?""var(--tv2-bull)"":""var(--tv2-bear)"",fontWeight:700},children:[V.",".book_avg>=0?""+"":"""",V.playbook.book_avg,""%""]})]})]}),X&&!U&&V.radar&&(0,r.jsxs)(""div"",{className:""flex flex-wrap items-center gap-x-3 gap-y-1 px-0.5 pt-1"",style:{fontSize:10.5,fontFamily:""Inter, ui-sans-serif, system-ui, sans-serif"",color:u.textMuted},children:[(0,r.jsxs)(""span"",{className:""rounded px-1.5 py-0.5"",style:{fontSize:8.5,fontWeight:700,letterSpacing:""0.08em"",color:""neutral""===V.radar.lean?u.textMuted:""bull""===V.radar.lean?""var(--tv2-bull)"":""var(--tv2-bear)"",border:""1px solid rgba(var(--tv2-ink),0.14)""},children:[""RADAR \xb7 "",(null!=(i=V.radar.lean)?i:""neutral"").toUpperCase()]}),V.radar.legs&&Object.entries(V.radar.legs).map(e=>{var t,n,a,l;let[o,s]=e;return(0,r.jsxs)(""span"",{tit"
1536-064f08115df39c50.js,playbook,47,77,247974,1,playbook,"rSpacing:""0.08em"",color:""green""===V.playbook.day_class?""var(--tv2-bull)"":u.textMuted,border:""1px solid "".concat(""green""===V.playbook.day_class?""rgba(var(--tv2-bull-rgb),0.35)"":""rgba(var(--tv2-ink),0.14)"")},children:[""PLAYBOOK \xb7 "",""green""===V.playbook.day_class?""GREEN DAY"":""DRIFT DAY""]}),(0,r.jsxs)(""span"",{children:[""green""===V.playbook.day_class?""takes every card"":""breadth-supported only"","" \xb7 takes "",(0,r.jsx)(""b"",{style:{color:u.textSecondary},children:V.playbook.taken})]}),null!=V.playbook.book_avg&&(0,r.jsxs)(""span"",{children:[""book avg "",(0,r.jsxs)(""b"",{style:{color:V.playbook.book_avg>=0?""var(--tv2-bull)"":""var(--tv2-bear)"",fontWeight:700},children:[V.playbook.book_avg>=0?""+"":"""",V.",".book_avg,""%""]})]})]}),X&&!U&&V.radar&&(0,r.jsxs)(""div"",{className:""flex flex-wrap items-center gap-x-3 gap-y-1 px-0.5 pt-1"",style:{fontSize:10.5,fontFamily:""Inter, ui-sans-serif, system-ui, sans-serif"",color:u.textMuted},children:[(0,r.jsxs)(""span"",{className:""rounded px-1.5 py-0.5"",style:{fontSize:8.5,fontWeight:700,letterSpacing:""0.08em"",color:""neutral""===V.radar.lean?u.textMuted:""bull""===V.radar.lean?""var(--tv2-bull)"":""var(--tv2-bear)"",border:""1px solid rgba(var(--tv2-ink),0.14)""},children:[""RADAR \xb7 "",(null!=(i=V.radar.lean)?i:""neutral"").toUpperCase()]}),V.radar.legs&&Object.entries(V.radar.legs).map(e=>{var t,n,a,l;let[o,s]=e;return(0,r.jsxs)(""span"",{title:(null!=(t=s.reads)?t:[]).jo"
1536-064f08115df39c50.js,armed,18,43,249484,1,armed,"b"",{style:{color:(null!=(n=s.score)?n:0)>0?""var(--tv2-bull)"":(null!=(a=s.score)?a:0)<0?""var(--tv2-bear)"":u.textMuted,fontWeight:700},children:null!=s.score?"""".concat(s.score>=0?""+"":"""").concat(s.score):null!=(l=s.lean)?l:""\xb7""})]},o)}),!!(null==(t=V.radar.blockers)?void 0:t.length)&&(0,r.jsxs)(""span"",{style:{color:""var(--tv2-warn)""},children:[""⏸ "",V.radar.blockers[0]]})]}),U&&X&&V.orb&&(0,r.jsxs)(""div"",{className:""flex flex-wrap items-center gap-x-3 gap-y-1 px-0.5 pt-1"",style:{fontSize:10.5,fontFamily:""Inter, ui-sans-serif, system-ui, sans-serif"",color:u.textMuted,fontVariantNumeric:""tabular-nums""},children:[(0,r.jsx)(""span"",{style:{fontWeight:600,color:""watching""===V.orb.state?u.textMuted:""","""===V.orb.state?rN:""var(--tv2-bull)""},children:""watching""===V.orb.state?""○ WATCHING \xb7 opening range forming"":""armed""===V.orb.state?""● ARMED \xb7 stalking a breakout"":""✓ IN TRADE""}),null!=V.orb.hi&&(0,r.jsxs)(""span"",{children:[""range "",(0,r.jsxs)(""b"",{style:{color:u.textSecondary},children:[null==(n=V.orb.lo)?void 0:n.toFixed(2),""–"",null==(o=V.orb.hi)?void 0:o.toFixed(2)]})]}),""armed""===V.orb.state&&null!=V.orb.dist_hi&&(0,r.jsxs)(""span"",{children:[V.orb.dist_hi.toFixed(2),"" to upper trigger \xb7 "",null==(s=V.orb.dist_lo)?void 0:s.toFixed(2),"" to lower""]}),null!=V.orb.last&&(0,r.jsxs)(""span"",{children:[""last "",(0,r.jsx)(""b"",{style:{color:u.textPrimary},children:V.orb.last.toFixed(2)})]})]}"
1536-064f08115df39c50.js,armed,19,43,249602,1,armed,"ontWeight:700},children:null!=s.score?"""".concat(s.score>=0?""+"":"""").concat(s.score):null!=(l=s.lean)?l:""\xb7""})]},o)}),!!(null==(t=V.radar.blockers)?void 0:t.length)&&(0,r.jsxs)(""span"",{style:{color:""var(--tv2-warn)""},children:[""⏸ "",V.radar.blockers[0]]})]}),U&&X&&V.orb&&(0,r.jsxs)(""div"",{className:""flex flex-wrap items-center gap-x-3 gap-y-1 px-0.5 pt-1"",style:{fontSize:10.5,fontFamily:""Inter, ui-sans-serif, system-ui, sans-serif"",color:u.textMuted,fontVariantNumeric:""tabular-nums""},children:[(0,r.jsx)(""span"",{style:{fontWeight:600,color:""watching""===V.orb.state?u.textMuted:""armed""===V.orb.state?rN:""var(--tv2-bull)""},children:""watching""===V.orb.state?""○ WATCHING \xb7 opening range forming"":""","""===V.orb.state?""● ARMED \xb7 stalking a breakout"":""✓ IN TRADE""}),null!=V.orb.hi&&(0,r.jsxs)(""span"",{children:[""range "",(0,r.jsxs)(""b"",{style:{color:u.textSecondary},children:[null==(n=V.orb.lo)?void 0:n.toFixed(2),""–"",null==(o=V.orb.hi)?void 0:o.toFixed(2)]})]}),""armed""===V.orb.state&&null!=V.orb.dist_hi&&(0,r.jsxs)(""span"",{children:[V.orb.dist_hi.toFixed(2),"" to upper trigger \xb7 "",null==(s=V.orb.dist_lo)?void 0:s.toFixed(2),"" to lower""]}),null!=V.orb.last&&(0,r.jsxs)(""span"",{children:[""last "",(0,r.jsx)(""b"",{style:{color:u.textPrimary},children:V.orb.last.toFixed(2)})]})]}),j&&(0,r.jsxs)(r.Fragment,{children:[(0,r.jsx)(rj,{src:""/falcon/stats?strategy="".concat(D),mode:""options"",accent:""var"
1536-064f08115df39c50.js,armed,20,43,249626,1,ARMED,"null!=s.score?"""".concat(s.score>=0?""+"":"""").concat(s.score):null!=(l=s.lean)?l:""\xb7""})]},o)}),!!(null==(t=V.radar.blockers)?void 0:t.length)&&(0,r.jsxs)(""span"",{style:{color:""var(--tv2-warn)""},children:[""⏸ "",V.radar.blockers[0]]})]}),U&&X&&V.orb&&(0,r.jsxs)(""div"",{className:""flex flex-wrap items-center gap-x-3 gap-y-1 px-0.5 pt-1"",style:{fontSize:10.5,fontFamily:""Inter, ui-sans-serif, system-ui, sans-serif"",color:u.textMuted,fontVariantNumeric:""tabular-nums""},children:[(0,r.jsx)(""span"",{style:{fontWeight:600,color:""watching""===V.orb.state?u.textMuted:""armed""===V.orb.state?rN:""var(--tv2-bull)""},children:""watching""===V.orb.state?""○ WATCHING \xb7 opening range forming"":""armed""===V.orb.state?""●","\xb7 stalking a breakout"":""✓ IN TRADE""}),null!=V.orb.hi&&(0,r.jsxs)(""span"",{children:[""range "",(0,r.jsxs)(""b"",{style:{color:u.textSecondary},children:[null==(n=V.orb.lo)?void 0:n.toFixed(2),""–"",null==(o=V.orb.hi)?void 0:o.toFixed(2)]})]}),""armed""===V.orb.state&&null!=V.orb.dist_hi&&(0,r.jsxs)(""span"",{children:[V.orb.dist_hi.toFixed(2),"" to upper trigger \xb7 "",null==(s=V.orb.dist_lo)?void 0:s.toFixed(2),"" to lower""]}),null!=V.orb.last&&(0,r.jsxs)(""span"",{children:[""last "",(0,r.jsx)(""b"",{style:{color:u.textPrimary},children:V.orb.last.toFixed(2)})]})]}),j&&(0,r.jsxs)(r.Fragment,{children:[(0,r.jsx)(rj,{src:""/falcon/stats?strategy="".concat(D),mode:""options"",accent:""var(--tv2-accent)"",ink:""var"
1536-064f08115df39c50.js,armed,21,43,249872,1,armed,"&(0,r.jsxs)(""div"",{className:""flex flex-wrap items-center gap-x-3 gap-y-1 px-0.5 pt-1"",style:{fontSize:10.5,fontFamily:""Inter, ui-sans-serif, system-ui, sans-serif"",color:u.textMuted,fontVariantNumeric:""tabular-nums""},children:[(0,r.jsx)(""span"",{style:{fontWeight:600,color:""watching""===V.orb.state?u.textMuted:""armed""===V.orb.state?rN:""var(--tv2-bull)""},children:""watching""===V.orb.state?""○ WATCHING \xb7 opening range forming"":""armed""===V.orb.state?""● ARMED \xb7 stalking a breakout"":""✓ IN TRADE""}),null!=V.orb.hi&&(0,r.jsxs)(""span"",{children:[""range "",(0,r.jsxs)(""b"",{style:{color:u.textSecondary},children:[null==(n=V.orb.lo)?void 0:n.toFixed(2),""–"",null==(o=V.orb.hi)?void 0:o.toFixed(2)]})]}),""","""===V.orb.state&&null!=V.orb.dist_hi&&(0,r.jsxs)(""span"",{children:[V.orb.dist_hi.toFixed(2),"" to upper trigger \xb7 "",null==(s=V.orb.dist_lo)?void 0:s.toFixed(2),"" to lower""]}),null!=V.orb.last&&(0,r.jsxs)(""span"",{children:[""last "",(0,r.jsx)(""b"",{style:{color:u.textPrimary},children:V.orb.last.toFixed(2)})]})]}),j&&(0,r.jsxs)(r.Fragment,{children:[(0,r.jsx)(rj,{src:""/falcon/stats?strategy="".concat(D),mode:""options"",accent:""var(--tv2-accent)"",ink:""var(--tv2-ink)"",bull:""var(--tv2-bull)"",bear:""var(--tv2-bear)"",t:u}),(0,r.jsx)(ry,{src:""/falcon/plcurve?strategy="".concat(D),mode:""options"",accent:""var(--tv2-accent)"",ink:""var(--tv2-ink)"",bull:""var(--tv2-bull)"",bear:""var(--tv2-bear)"",t:u}),(0,r.jsx)("
1536-064f08115df39c50.js,trigger,2,19,249980,1,trigger,"fontFamily:""Inter, ui-sans-serif, system-ui, sans-serif"",color:u.textMuted,fontVariantNumeric:""tabular-nums""},children:[(0,r.jsx)(""span"",{style:{fontWeight:600,color:""watching""===V.orb.state?u.textMuted:""armed""===V.orb.state?rN:""var(--tv2-bull)""},children:""watching""===V.orb.state?""○ WATCHING \xb7 opening range forming"":""armed""===V.orb.state?""● ARMED \xb7 stalking a breakout"":""✓ IN TRADE""}),null!=V.orb.hi&&(0,r.jsxs)(""span"",{children:[""range "",(0,r.jsxs)(""b"",{style:{color:u.textSecondary},children:[null==(n=V.orb.lo)?void 0:n.toFixed(2),""–"",null==(o=V.orb.hi)?void 0:o.toFixed(2)]})]}),""armed""===V.orb.state&&null!=V.orb.dist_hi&&(0,r.jsxs)(""span"",{children:[V.orb.dist_hi.toFixed(2),"" to upper","\xb7 "",null==(s=V.orb.dist_lo)?void 0:s.toFixed(2),"" to lower""]}),null!=V.orb.last&&(0,r.jsxs)(""span"",{children:[""last "",(0,r.jsx)(""b"",{style:{color:u.textPrimary},children:V.orb.last.toFixed(2)})]})]}),j&&(0,r.jsxs)(r.Fragment,{children:[(0,r.jsx)(rj,{src:""/falcon/stats?strategy="".concat(D),mode:""options"",accent:""var(--tv2-accent)"",ink:""var(--tv2-ink)"",bull:""var(--tv2-bull)"",bear:""var(--tv2-bear)"",t:u}),(0,r.jsx)(ry,{src:""/falcon/plcurve?strategy="".concat(D),mode:""options"",accent:""var(--tv2-accent)"",ink:""var(--tv2-ink)"",bull:""var(--tv2-bull)"",bear:""var(--tv2-bear)"",t:u}),(0,r.jsx)(""div"",{className:""mt-2.5"",children:ep(""Live agent stream"",eu.length?""Atlas \xb7 Heatseeker \xb7 Flowseeker"":vo"
1536-064f08115df39c50.js,falcon,20,35,250247,1,falcon,"==V.orb.state?""○ WATCHING \xb7 opening range forming"":""armed""===V.orb.state?""● ARMED \xb7 stalking a breakout"":""✓ IN TRADE""}),null!=V.orb.hi&&(0,r.jsxs)(""span"",{children:[""range "",(0,r.jsxs)(""b"",{style:{color:u.textSecondary},children:[null==(n=V.orb.lo)?void 0:n.toFixed(2),""–"",null==(o=V.orb.hi)?void 0:o.toFixed(2)]})]}),""armed""===V.orb.state&&null!=V.orb.dist_hi&&(0,r.jsxs)(""span"",{children:[V.orb.dist_hi.toFixed(2),"" to upper trigger \xb7 "",null==(s=V.orb.dist_lo)?void 0:s.toFixed(2),"" to lower""]}),null!=V.orb.last&&(0,r.jsxs)(""span"",{children:[""last "",(0,r.jsx)(""b"",{style:{color:u.textPrimary},children:V.orb.last.toFixed(2)})]})]}),j&&(0,r.jsxs)(r.Fragment,{children:[(0,r.jsx)(rj,{src:""/","/stats?strategy="".concat(D),mode:""options"",accent:""var(--tv2-accent)"",ink:""var(--tv2-ink)"",bull:""var(--tv2-bull)"",bear:""var(--tv2-bear)"",t:u}),(0,r.jsx)(ry,{src:""/falcon/plcurve?strategy="".concat(D),mode:""options"",accent:""var(--tv2-accent)"",ink:""var(--tv2-ink)"",bull:""var(--tv2-bull)"",bear:""var(--tv2-bear)"",t:u}),(0,r.jsx)(""div"",{className:""mt-2.5"",children:ep(""Live agent stream"",eu.length?""Atlas \xb7 Heatseeker \xb7 Flowseeker"":void 0)}),(0,r.jsx)(""div"",{className:""talon-noscroll flex min-h-0 flex-1 flex-col overflow-y-auto"",style:{overflowAnchor:""none"",scrollbarWidth:""none""},children:(eu.length?eu:T).map(e=>(0,r.jsxs)(""div"",{className:""flex gap-2.5 py-2"",style:{borderBottom:""1px solid rgba("
1536-064f08115df39c50.js,falcon,21,35,250416,1,falcon,":[""range "",(0,r.jsxs)(""b"",{style:{color:u.textSecondary},children:[null==(n=V.orb.lo)?void 0:n.toFixed(2),""–"",null==(o=V.orb.hi)?void 0:o.toFixed(2)]})]}),""armed""===V.orb.state&&null!=V.orb.dist_hi&&(0,r.jsxs)(""span"",{children:[V.orb.dist_hi.toFixed(2),"" to upper trigger \xb7 "",null==(s=V.orb.dist_lo)?void 0:s.toFixed(2),"" to lower""]}),null!=V.orb.last&&(0,r.jsxs)(""span"",{children:[""last "",(0,r.jsx)(""b"",{style:{color:u.textPrimary},children:V.orb.last.toFixed(2)})]})]}),j&&(0,r.jsxs)(r.Fragment,{children:[(0,r.jsx)(rj,{src:""/falcon/stats?strategy="".concat(D),mode:""options"",accent:""var(--tv2-accent)"",ink:""var(--tv2-ink)"",bull:""var(--tv2-bull)"",bear:""var(--tv2-bear)"",t:u}),(0,r.jsx)(ry,{src:""/","/plcurve?strategy="".concat(D),mode:""options"",accent:""var(--tv2-accent)"",ink:""var(--tv2-ink)"",bull:""var(--tv2-bull)"",bear:""var(--tv2-bear)"",t:u}),(0,r.jsx)(""div"",{className:""mt-2.5"",children:ep(""Live agent stream"",eu.length?""Atlas \xb7 Heatseeker \xb7 Flowseeker"":void 0)}),(0,r.jsx)(""div"",{className:""talon-noscroll flex min-h-0 flex-1 flex-col overflow-y-auto"",style:{overflowAnchor:""none"",scrollbarWidth:""none""},children:(eu.length?eu:T).map(e=>(0,r.jsxs)(""div"",{className:""flex gap-2.5 py-2"",style:{borderBottom:""1px solid rgba(var(--tv2-ink),0.05)"",animation:""talonFin .45s ease""},children:[(0,r.jsx)(rR,{src:e.src,size:27}),(0,r.jsxs)(""div"",{className:""min-w-0 flex-1"",children:[(0,r.jsxs)(""div"""
1536-064f08115df39c50.js,atlas,21,30,250646,1,Atlas,"orb.dist_hi.toFixed(2),"" to upper trigger \xb7 "",null==(s=V.orb.dist_lo)?void 0:s.toFixed(2),"" to lower""]}),null!=V.orb.last&&(0,r.jsxs)(""span"",{children:[""last "",(0,r.jsx)(""b"",{style:{color:u.textPrimary},children:V.orb.last.toFixed(2)})]})]}),j&&(0,r.jsxs)(r.Fragment,{children:[(0,r.jsx)(rj,{src:""/falcon/stats?strategy="".concat(D),mode:""options"",accent:""var(--tv2-accent)"",ink:""var(--tv2-ink)"",bull:""var(--tv2-bull)"",bear:""var(--tv2-bear)"",t:u}),(0,r.jsx)(ry,{src:""/falcon/plcurve?strategy="".concat(D),mode:""options"",accent:""var(--tv2-accent)"",ink:""var(--tv2-ink)"",bull:""var(--tv2-bull)"",bear:""var(--tv2-bear)"",t:u}),(0,r.jsx)(""div"",{className:""mt-2.5"",children:ep(""Live agent stream"",eu.length?""","\xb7 Heatseeker \xb7 Flowseeker"":void 0)}),(0,r.jsx)(""div"",{className:""talon-noscroll flex min-h-0 flex-1 flex-col overflow-y-auto"",style:{overflowAnchor:""none"",scrollbarWidth:""none""},children:(eu.length?eu:T).map(e=>(0,r.jsxs)(""div"",{className:""flex gap-2.5 py-2"",style:{borderBottom:""1px solid rgba(var(--tv2-ink),0.05)"",animation:""talonFin .45s ease""},children:[(0,r.jsx)(rR,{src:e.src,size:27}),(0,r.jsxs)(""div"",{className:""min-w-0 flex-1"",children:[(0,r.jsxs)(""div"",{className:""flex items-baseline gap-1.5"",children:[(0,r.jsx)(""span"",{style:{fontSize:12,fontWeight:500,color:u.textPrimary},children:rE[e.src].name}),(0,r.jsx)(""span"",{className:""ml-auto"",style:{fontSize:9,color:u.textMuted,font"
1536-064f08115df39c50.js,heatseeker,26,39,250657,1,Heatseeker,".toFixed(2),"" to upper trigger \xb7 "",null==(s=V.orb.dist_lo)?void 0:s.toFixed(2),"" to lower""]}),null!=V.orb.last&&(0,r.jsxs)(""span"",{children:[""last "",(0,r.jsx)(""b"",{style:{color:u.textPrimary},children:V.orb.last.toFixed(2)})]})]}),j&&(0,r.jsxs)(r.Fragment,{children:[(0,r.jsx)(rj,{src:""/falcon/stats?strategy="".concat(D),mode:""options"",accent:""var(--tv2-accent)"",ink:""var(--tv2-ink)"",bull:""var(--tv2-bull)"",bear:""var(--tv2-bear)"",t:u}),(0,r.jsx)(ry,{src:""/falcon/plcurve?strategy="".concat(D),mode:""options"",accent:""var(--tv2-accent)"",ink:""var(--tv2-ink)"",bull:""var(--tv2-bull)"",bear:""var(--tv2-bear)"",t:u}),(0,r.jsx)(""div"",{className:""mt-2.5"",children:ep(""Live agent stream"",eu.length?""Atlas \xb7","\xb7 Flowseeker"":void 0)}),(0,r.jsx)(""div"",{className:""talon-noscroll flex min-h-0 flex-1 flex-col overflow-y-auto"",style:{overflowAnchor:""none"",scrollbarWidth:""none""},children:(eu.length?eu:T).map(e=>(0,r.jsxs)(""div"",{className:""flex gap-2.5 py-2"",style:{borderBottom:""1px solid rgba(var(--tv2-ink),0.05)"",animation:""talonFin .45s ease""},children:[(0,r.jsx)(rR,{src:e.src,size:27}),(0,r.jsxs)(""div"",{className:""min-w-0 flex-1"",children:[(0,r.jsxs)(""div"",{className:""flex items-baseline gap-1.5"",children:[(0,r.jsx)(""span"",{style:{fontSize:12,fontWeight:500,color:u.textPrimary},children:rE[e.src].name}),(0,r.jsx)(""span"",{className:""ml-auto"",style:{fontSize:9,color:u.textMuted,fontFamily:""var(--fo"
1536-064f08115df39c50.js,flowseeker,16,39,250673,1,Flowseeker,"upper trigger \xb7 "",null==(s=V.orb.dist_lo)?void 0:s.toFixed(2),"" to lower""]}),null!=V.orb.last&&(0,r.jsxs)(""span"",{children:[""last "",(0,r.jsx)(""b"",{style:{color:u.textPrimary},children:V.orb.last.toFixed(2)})]})]}),j&&(0,r.jsxs)(r.Fragment,{children:[(0,r.jsx)(rj,{src:""/falcon/stats?strategy="".concat(D),mode:""options"",accent:""var(--tv2-accent)"",ink:""var(--tv2-ink)"",bull:""var(--tv2-bull)"",bear:""var(--tv2-bear)"",t:u}),(0,r.jsx)(ry,{src:""/falcon/plcurve?strategy="".concat(D),mode:""options"",accent:""var(--tv2-accent)"",ink:""var(--tv2-ink)"",bull:""var(--tv2-bull)"",bear:""var(--tv2-bear)"",t:u}),(0,r.jsx)(""div"",{className:""mt-2.5"",children:ep(""Live agent stream"",eu.length?""Atlas \xb7 Heatseeker \xb7",""":void 0)}),(0,r.jsx)(""div"",{className:""talon-noscroll flex min-h-0 flex-1 flex-col overflow-y-auto"",style:{overflowAnchor:""none"",scrollbarWidth:""none""},children:(eu.length?eu:T).map(e=>(0,r.jsxs)(""div"",{className:""flex gap-2.5 py-2"",style:{borderBottom:""1px solid rgba(var(--tv2-ink),0.05)"",animation:""talonFin .45s ease""},children:[(0,r.jsx)(rR,{src:e.src,size:27}),(0,r.jsxs)(""div"",{className:""min-w-0 flex-1"",children:[(0,r.jsxs)(""div"",{className:""flex items-baseline gap-1.5"",children:[(0,r.jsx)(""span"",{style:{fontSize:12,fontWeight:500,color:u.textPrimary},children:rE[e.src].name}),(0,r.jsx)(""span"",{className:""ml-auto"",style:{fontSize:9,color:u.textMuted,fontFamily:""var(--font-mono, monospa"
1536-064f08115df39c50.js,talon,87,125,250723,1,talon,"0:s.toFixed(2),"" to lower""]}),null!=V.orb.last&&(0,r.jsxs)(""span"",{children:[""last "",(0,r.jsx)(""b"",{style:{color:u.textPrimary},children:V.orb.last.toFixed(2)})]})]}),j&&(0,r.jsxs)(r.Fragment,{children:[(0,r.jsx)(rj,{src:""/falcon/stats?strategy="".concat(D),mode:""options"",accent:""var(--tv2-accent)"",ink:""var(--tv2-ink)"",bull:""var(--tv2-bull)"",bear:""var(--tv2-bear)"",t:u}),(0,r.jsx)(ry,{src:""/falcon/plcurve?strategy="".concat(D),mode:""options"",accent:""var(--tv2-accent)"",ink:""var(--tv2-ink)"",bull:""var(--tv2-bull)"",bear:""var(--tv2-bear)"",t:u}),(0,r.jsx)(""div"",{className:""mt-2.5"",children:ep(""Live agent stream"",eu.length?""Atlas \xb7 Heatseeker \xb7 Flowseeker"":void 0)}),(0,r.jsx)(""div"",{className:""","-noscroll flex min-h-0 flex-1 flex-col overflow-y-auto"",style:{overflowAnchor:""none"",scrollbarWidth:""none""},children:(eu.length?eu:T).map(e=>(0,r.jsxs)(""div"",{className:""flex gap-2.5 py-2"",style:{borderBottom:""1px solid rgba(var(--tv2-ink),0.05)"",animation:""talonFin .45s ease""},children:[(0,r.jsx)(rR,{src:e.src,size:27}),(0,r.jsxs)(""div"",{className:""min-w-0 flex-1"",children:[(0,r.jsxs)(""div"",{className:""flex items-baseline gap-1.5"",children:[(0,r.jsx)(""span"",{style:{fontSize:12,fontWeight:500,color:u.textPrimary},children:rE[e.src].name}),(0,r.jsx)(""span"",{className:""ml-auto"",style:{fontSize:9,color:u.textMuted,fontFamily:""var(--font-mono, monospace)""},children:e.time})]}),(0,r.jsx)(""div"",{c"
1536-064f08115df39c50.js,talon,88,125,252381,1,talon,"e:9,color:E?u.textMuted:u.liveDot},children:[(0,r.jsx)(""i"",{className:""rounded-full"",style:{width:5,height:5,background:E?u.textMuted:u.liveDot,boxShadow:E?""none"":""0 0 6px "".concat(u.liveDot)}}),P?""SWEEP + RECLAIM \xb7 "".concat(null!=E?E:X?""LIVE"":null!=(c=V.date)?c:""""):U?""CONSERVATIVE \xb7 "".concat(null!=E?E:X?""LIVE"":null!=(d=V.date)?d:""""):E?""HISTORY \xb7 "".concat(E):""LIVE""]}),f&&(0,r.jsx)(rG,{s:f,pk:N(f),t:u,onClose:()=>b(null)}),y&&y.expiration&&(0,l.createPortal)((0,r.jsx)(""div"",{className:""fixed inset-0 z-[80] flex items-center justify-center p-4"",[nd.VZ]:""true"",style:{backgroundColor:""rgba(0,0,0,0.65)"",backdropFilter:""blur(4px)""},onClick:()=>v(null),children:(0,r.jsx)(""div"",{className:""","-noscroll"",onClick:e=>e.stopPropagation(),style:{zoom:.72,width:""min(1556px, 130vw)"",maxHeight:""118vh"",overflowY:""auto"",borderRadius:12},children:(0,r.jsx)(rh.YZ,{inline:!0,isOpen:!0,onClose:()=>v(null),ticker:y.ticker,strike:y.strike,right:y.right,expiration:function(e){let[t,n,r]=e.split(""-"");return"""".concat(parseInt(n,10),""/"").concat(parseInt(r,10),""/"").concat(t)}(y.expiration),raw_symbol:(0,rx.$q)(y.ticker,y.expiration,y.right,y.strike),selectedDate:new Date,tradePremium:y.premium,tradeSentiment:""C""===y.right?""bullish"":""bearish"",dte:y.dte,isDark:p,isMono:m,theme:x})})}),document.body)]})}var rH=n(56213),rK=n(77585);let rU=e=>{let{anchorRef:t,open:n,onClose:o,children:s,isDark:i,borderCol"
1536-064f08115df39c50.js,node,10,20,254201,1,Node,"}m(e=>e&&e.top===r&&e.right===i?e:{top:r,right:i})},[t]),h=(0,a.useCallback)(e=>{u.current=e,e&&g()},[g]);(0,a.useLayoutEffect)(()=>{if(!n)return void m(null);let e=null,r=()=>{if(!t.current){e=requestAnimationFrame(r);return}g()};return r(),window.addEventListener(""resize"",r),()=>{window.removeEventListener(""resize"",r),null!==e&&cancelAnimationFrame(e)}},[n,t,g]);let x=(0,a.useRef)(o);return((0,a.useEffect)(()=>{x.current=o},[o]),(0,a.useEffect)(()=>{if(!n)return;let e=e=>{var n,r;let a=e.target;(null==(n=u.current)?void 0:n.contains(a))||(null==(r=t.current)?void 0:r.contains(a))||x.current()},r=e=>{""Escape""===e.key&&x.current()},a=e=>{(function(e,t){return!!t&&(e===document||e instanceof","&&e.contains(t))})(e.target,t.current)&&x.current()};return document.addEventListener(""pointerdown"",e,!0),document.addEventListener(""keydown"",r),document.addEventListener(""scroll"",a,!0),()=>{document.removeEventListener(""pointerdown"",e,!0),document.removeEventListener(""keydown"",r),document.removeEventListener(""scroll"",a,!0)}},[n,t]),n&&p&&""undefined""!=typeof document)?(0,l.createPortal)((0,r.jsx)(""div"",{ref:h,role:""menu"",""data-testid"":""companion-overflow-menu"",className:""fixed w-44 overflow-hidden rounded-xl p-1"",style:{top:"""".concat(p.top,""px""),right:"""".concat(p.right,""px""),background:i?""rgba(10, 13, 19, 0.98)"":""#ffffff"",border:""1px solid "".concat(c),boxShadow:d,zIndex:1e4,textShadow:""none"""
1536-064f08115df39c50.js,midas,1,34,277177,1,midas,":""1px solid "".concat(i.headerBorder)},children:[(0,r.jsxs)(""div"",{className:""flex items-center gap-1.5"",children:[(0,r.jsx)(""span"",{className:""h-1.5 w-1.5 rounded-full"",style:{background:r8,boxShadow:s?""0 0 0 1px "".concat(r8,"", 0 0 8px "").concat(r8):""0 0 8px "".concat(r8)}}),(0,r.jsx)(""span"",{className:""tracking-wider"",style:{color:d,fontSize:""9px""},children:""LIVE""})]}),(0,r.jsx)(""span"",{style:{color:i.textMuted,fontSize:""9px""},children:""Glitch's commentary — not financial advice.""})]})]})}var an=n(37883),ar=n(6275);function aa(){let e=arguments.length>0&&void 0!==arguments[0]?arguments[0]:3e4,t=arguments.length>1?arguments[1]:void 0,n=arguments.length>2&&void 0!==arguments[2]?arguments[2]:""/",""",r=arguments.length>3?arguments[3]:void 0,[l,o]=(0,a.useState)(null),s=(0,a.useRef)(()=>{});return(0,a.useEffect)(()=>{let a=!0;o(null);let l=async()=>{try{let e=r?""strategy="".concat(r):"""",l=t=>[t,e].filter(Boolean).join(""&""),s=await fetch(""__book""===t?"""".concat(n,""/setups?"").concat(l(""view=book"")):""__closed""===t?"""".concat(n,""/setups?"").concat(l(""view=closed"")):t?"""".concat(n,""/setups?"").concat(l(""day="".concat(t))):e?"""".concat(n,""/setups?"").concat(e):"""".concat(n,""/setups""),{cache:""no-store""});if(!s.ok)return;let i=await s.json();a&&i&&Array.isArray(i.setups)&&o(i)}catch(e){}};s.current=l,l();let i=setInterval(l,e);return()=>{a=!1,clearInterval(i)}},[e,t,n,r]),(0,rg.l)(e=>{(""midas""===e.agent|"
1536-064f08115df39c50.js,midas,2,34,277865,1,midas,"uments[2]:""/midas"",r=arguments.length>3?arguments[3]:void 0,[l,o]=(0,a.useState)(null),s=(0,a.useRef)(()=>{});return(0,a.useEffect)(()=>{let a=!0;o(null);let l=async()=>{try{let e=r?""strategy="".concat(r):"""",l=t=>[t,e].filter(Boolean).join(""&""),s=await fetch(""__book""===t?"""".concat(n,""/setups?"").concat(l(""view=book"")):""__closed""===t?"""".concat(n,""/setups?"").concat(l(""view=closed"")):t?"""".concat(n,""/setups?"").concat(l(""day="".concat(t))):e?"""".concat(n,""/setups?"").concat(e):"""".concat(n,""/setups""),{cache:""no-store""});if(!s.ok)return;let i=await s.json();a&&i&&Array.isArray(i.setups)&&o(i)}catch(e){}};s.current=l,l();let i=setInterval(l,e);return()=>{a=!1,clearInterval(i)}},[e,t,n,r]),(0,rg.l)(e=>{(""","""===e.agent||""peregrine""===e.agent)&&s.current()},{enabled:!t}),l}function al(){let e=arguments.length>0&&void 0!==arguments[0]?arguments[0]:""/midas"",t=arguments.length>1?arguments[1]:void 0,[n,r]=(0,a.useState)([]);return(0,a.useEffect)(()=>{let n=!0;return(async()=>{try{let a=await fetch(t?"""".concat(e,""/days?strategy="").concat(t):"""".concat(e,""/days""));if(!a.ok)return;let l=await a.json();n&&l&&Array.isArray(l.days)&&r(l.days)}catch(e){}})(),()=>{n=!1}},[e,t]),n}function ao(){let e=arguments.length>0&&void 0!==arguments[0]?arguments[0]:15e3,t=arguments.length>1&&void 0!==arguments[1]?arguments[1]:""/midas"",[n,r]=(0,a.useState)([]);return(0,a.useEffect)(()=>{let n=!0,a=async()=>{try{let e=awa"
1536-064f08115df39c50.js,midas,3,34,278013,1,midas,"null);let l=async()=>{try{let e=r?""strategy="".concat(r):"""",l=t=>[t,e].filter(Boolean).join(""&""),s=await fetch(""__book""===t?"""".concat(n,""/setups?"").concat(l(""view=book"")):""__closed""===t?"""".concat(n,""/setups?"").concat(l(""view=closed"")):t?"""".concat(n,""/setups?"").concat(l(""day="".concat(t))):e?"""".concat(n,""/setups?"").concat(e):"""".concat(n,""/setups""),{cache:""no-store""});if(!s.ok)return;let i=await s.json();a&&i&&Array.isArray(i.setups)&&o(i)}catch(e){}};s.current=l,l();let i=setInterval(l,e);return()=>{a=!1,clearInterval(i)}},[e,t,n,r]),(0,rg.l)(e=>{(""midas""===e.agent||""peregrine""===e.agent)&&s.current()},{enabled:!t}),l}function al(){let e=arguments.length>0&&void 0!==arguments[0]?arguments[0]:""/",""",t=arguments.length>1?arguments[1]:void 0,[n,r]=(0,a.useState)([]);return(0,a.useEffect)(()=>{let n=!0;return(async()=>{try{let a=await fetch(t?"""".concat(e,""/days?strategy="").concat(t):"""".concat(e,""/days""));if(!a.ok)return;let l=await a.json();n&&l&&Array.isArray(l.days)&&r(l.days)}catch(e){}})(),()=>{n=!1}},[e,t]),n}function ao(){let e=arguments.length>0&&void 0!==arguments[0]?arguments[0]:15e3,t=arguments.length>1&&void 0!==arguments[1]?arguments[1]:""/midas"",[n,r]=(0,a.useState)([]);return(0,a.useEffect)(()=>{let n=!0,a=async()=>{try{let e=await fetch("""".concat(t,""/commentary""));if(!e.ok)return;let a=await e.json();n&&a&&Array.isArray(a.items)&&r(a.items)}catch(e){}};a();let l=setInterval"
1536-064f08115df39c50.js,midas,4,34,278477,1,midas,"l();let i=setInterval(l,e);return()=>{a=!1,clearInterval(i)}},[e,t,n,r]),(0,rg.l)(e=>{(""midas""===e.agent||""peregrine""===e.agent)&&s.current()},{enabled:!t}),l}function al(){let e=arguments.length>0&&void 0!==arguments[0]?arguments[0]:""/midas"",t=arguments.length>1?arguments[1]:void 0,[n,r]=(0,a.useState)([]);return(0,a.useEffect)(()=>{let n=!0;return(async()=>{try{let a=await fetch(t?"""".concat(e,""/days?strategy="").concat(t):"""".concat(e,""/days""));if(!a.ok)return;let l=await a.json();n&&l&&Array.isArray(l.days)&&r(l.days)}catch(e){}})(),()=>{n=!1}},[e,t]),n}function ao(){let e=arguments.length>0&&void 0!==arguments[0]?arguments[0]:15e3,t=arguments.length>1&&void 0!==arguments[1]?arguments[1]:""/",""",[n,r]=(0,a.useState)([]);return(0,a.useEffect)(()=>{let n=!0,a=async()=>{try{let e=await fetch("""".concat(t,""/commentary""));if(!e.ok)return;let a=await e.json();n&&a&&Array.isArray(a.items)&&r(a.items)}catch(e){}};a();let l=setInterval(a,e);return()=>{n=!1,clearInterval(l)}},[e]),n}function as(){let e=arguments.length>0&&void 0!==arguments[0]?arguments[0]:2e4,[t,n]=(0,a.useState)([]);return(0,a.useEffect)(()=>{let t=!0,r=async()=>{try{let e=await fetch(""/midas/feed"");if(!e.ok)return;let r=await e.json();t&&r&&Array.isArray(r.orders)&&n(r.orders)}catch(e){}};r();let a=setInterval(r,e);return()=>{t=!1,clearInterval(a)}},[e]),t}let ai=(0,rf.mr)(""mds""),ac=""var(--mds-accent)"",ad=""rgba(var(--mds-"
1536-064f08115df39c50.js,midas,5,34,278942,1,midas,"let l=await a.json();n&&l&&Array.isArray(l.days)&&r(l.days)}catch(e){}})(),()=>{n=!1}},[e,t]),n}function ao(){let e=arguments.length>0&&void 0!==arguments[0]?arguments[0]:15e3,t=arguments.length>1&&void 0!==arguments[1]?arguments[1]:""/midas"",[n,r]=(0,a.useState)([]);return(0,a.useEffect)(()=>{let n=!0,a=async()=>{try{let e=await fetch("""".concat(t,""/commentary""));if(!e.ok)return;let a=await e.json();n&&a&&Array.isArray(a.items)&&r(a.items)}catch(e){}};a();let l=setInterval(a,e);return()=>{n=!1,clearInterval(l)}},[e]),n}function as(){let e=arguments.length>0&&void 0!==arguments[0]?arguments[0]:2e4,[t,n]=(0,a.useState)([]);return(0,a.useEffect)(()=>{let t=!0,r=async()=>{try{let e=await fetch(""/","/feed"");if(!e.ok)return;let r=await e.json();t&&r&&Array.isArray(r.orders)&&n(r.orders)}catch(e){}};r();let a=setInterval(r,e);return()=>{t=!1,clearInterval(a)}},[e]),t}let ai=(0,rf.mr)(""mds""),ac=""var(--mds-accent)"",ad=""rgba(var(--mds-accent-rgb),0.5)"",au={WATCHLIST:""rgba(var(--mds-ink),0.55)"",ARMED:""#ddd6fe"",TRIGGERED:""var(--mds-bull)"",T1_TAG:""var(--mds-bull)"",T2_TAG:""var(--mds-accent)"",T3_TAG:""var(--mds-accent)"",INVALIDATED:""var(--mds-bear)""},ap={WATCHLIST:""Qualified at the morning scan — waiting for price to reach the entry zone. No position yet, so no P/L."",ARMED:""Price tagged the entry zone — one close back above the floor from execution."",TRIGGERED:""Executed: the deflection confirmed."
1536-064f08115df39c50.js,armed,22,43,279242,1,ARMED,"!0,a=async()=>{try{let e=await fetch("""".concat(t,""/commentary""));if(!e.ok)return;let a=await e.json();n&&a&&Array.isArray(a.items)&&r(a.items)}catch(e){}};a();let l=setInterval(a,e);return()=>{n=!1,clearInterval(l)}},[e]),n}function as(){let e=arguments.length>0&&void 0!==arguments[0]?arguments[0]:2e4,[t,n]=(0,a.useState)([]);return(0,a.useEffect)(()=>{let t=!0,r=async()=>{try{let e=await fetch(""/midas/feed"");if(!e.ok)return;let r=await e.json();t&&r&&Array.isArray(r.orders)&&n(r.orders)}catch(e){}};r();let a=setInterval(r,e);return()=>{t=!1,clearInterval(a)}},[e]),t}let ai=(0,rf.mr)(""mds""),ac=""var(--mds-accent)"",ad=""rgba(var(--mds-accent-rgb),0.5)"",au={WATCHLIST:""rgba(var(--mds-ink),0.55)"",",":""#ddd6fe"",TRIGGERED:""var(--mds-bull)"",T1_TAG:""var(--mds-bull)"",T2_TAG:""var(--mds-accent)"",T3_TAG:""var(--mds-accent)"",INVALIDATED:""var(--mds-bear)""},ap={WATCHLIST:""Qualified at the morning scan — waiting for price to reach the entry zone. No position yet, so no P/L."",ARMED:""Price tagged the entry zone — one close back above the floor from execution."",TRIGGERED:""Executed: the deflection confirmed. Entry premium is frozen at this minute’s print and P/L tracking starts."",T1_TAG:""Short-term GEX target touched (the front-column ceiling). Position keeps riding."",T2_TAG:""VEX swing target reached — the primary thesis played out."",T3_TAG:""Extended VEX magnet tagged — the runner’s moonshot rung."",INVA"
1536-064f08115df39c50.js,armed,23,43,279515,1,ARMED,"arguments[0]?arguments[0]:2e4,[t,n]=(0,a.useState)([]);return(0,a.useEffect)(()=>{let t=!0,r=async()=>{try{let e=await fetch(""/midas/feed"");if(!e.ok)return;let r=await e.json();t&&r&&Array.isArray(r.orders)&&n(r.orders)}catch(e){}};r();let a=setInterval(r,e);return()=>{t=!1,clearInterval(a)}},[e]),t}let ai=(0,rf.mr)(""mds""),ac=""var(--mds-accent)"",ad=""rgba(var(--mds-accent-rgb),0.5)"",au={WATCHLIST:""rgba(var(--mds-ink),0.55)"",ARMED:""#ddd6fe"",TRIGGERED:""var(--mds-bull)"",T1_TAG:""var(--mds-bull)"",T2_TAG:""var(--mds-accent)"",T3_TAG:""var(--mds-accent)"",INVALIDATED:""var(--mds-bear)""},ap={WATCHLIST:""Qualified at the morning scan — waiting for price to reach the entry zone. No position yet, so no P/L."",",":""Price tagged the entry zone — one close back above the floor from execution."",TRIGGERED:""Executed: the deflection confirmed. Entry premium is frozen at this minute’s print and P/L tracking starts."",T1_TAG:""Short-term GEX target touched (the front-column ceiling). Position keeps riding."",T2_TAG:""VEX swing target reached — the primary thesis played out."",T3_TAG:""Extended VEX magnet tagged — the runner’s moonshot rung."",INVALIDATED:""Legacy state from the old stop model — no longer reachable.""};function am(e){var t;let n=null!=(t=ap[e.state])?t:"""",r=(Array.isArray(e.state_history)?e.state_history:[]).map(e=>"""".concat(e.at,"" "").concat(e.state.replace(""_"","" ""),"" — "").concat(e.note)).join(""\n"");r"
1536-064f08115df39c50.js,gex,7,20,279739,1,GEX,"h(e){}};r();let a=setInterval(r,e);return()=>{t=!1,clearInterval(a)}},[e]),t}let ai=(0,rf.mr)(""mds""),ac=""var(--mds-accent)"",ad=""rgba(var(--mds-accent-rgb),0.5)"",au={WATCHLIST:""rgba(var(--mds-ink),0.55)"",ARMED:""#ddd6fe"",TRIGGERED:""var(--mds-bull)"",T1_TAG:""var(--mds-bull)"",T2_TAG:""var(--mds-accent)"",T3_TAG:""var(--mds-accent)"",INVALIDATED:""var(--mds-bear)""},ap={WATCHLIST:""Qualified at the morning scan — waiting for price to reach the entry zone. No position yet, so no P/L."",ARMED:""Price tagged the entry zone — one close back above the floor from execution."",TRIGGERED:""Executed: the deflection confirmed. Entry premium is frozen at this minute’s print and P/L tracking starts."",T1_TAG:""Short-term","target touched (the front-column ceiling). Position keeps riding."",T2_TAG:""VEX swing target reached — the primary thesis played out."",T3_TAG:""Extended VEX magnet tagged — the runner’s moonshot rung."",INVALIDATED:""Legacy state from the old stop model — no longer reachable.""};function am(e){var t;let n=null!=(t=ap[e.state])?t:"""",r=(Array.isArray(e.state_history)?e.state_history:[]).map(e=>"""".concat(e.at,"" "").concat(e.state.replace(""_"","" ""),"" — "").concat(e.note)).join(""\n"");return r?"""".concat(n,""\n\n"").concat(r):n}function ag(e){let{c:t,t:n}=e,a=t.prem_series;if(!t.entry_prem||!(null==a?void 0:a.length))return null;let l=a.map(e=>e[1]),o=l.indexOf(Math.max(...l)),s=a.slice(0,o+1),i=s.reduce((e"
1536-064f08115df39c50.js,vex,5,21,279818,1,VEX,"t ai=(0,rf.mr)(""mds""),ac=""var(--mds-accent)"",ad=""rgba(var(--mds-accent-rgb),0.5)"",au={WATCHLIST:""rgba(var(--mds-ink),0.55)"",ARMED:""#ddd6fe"",TRIGGERED:""var(--mds-bull)"",T1_TAG:""var(--mds-bull)"",T2_TAG:""var(--mds-accent)"",T3_TAG:""var(--mds-accent)"",INVALIDATED:""var(--mds-bear)""},ap={WATCHLIST:""Qualified at the morning scan — waiting for price to reach the entry zone. No position yet, so no P/L."",ARMED:""Price tagged the entry zone — one close back above the floor from execution."",TRIGGERED:""Executed: the deflection confirmed. Entry premium is frozen at this minute’s print and P/L tracking starts."",T1_TAG:""Short-term GEX target touched (the front-column ceiling). Position keeps riding."",T2_TAG:""","swing target reached — the primary thesis played out."",T3_TAG:""Extended VEX magnet tagged — the runner’s moonshot rung."",INVALIDATED:""Legacy state from the old stop model — no longer reachable.""};function am(e){var t;let n=null!=(t=ap[e.state])?t:"""",r=(Array.isArray(e.state_history)?e.state_history:[]).map(e=>"""".concat(e.at,"" "").concat(e.state.replace(""_"","" ""),"" — "").concat(e.note)).join(""\n"");return r?"""".concat(n,""\n\n"").concat(r):n}function ag(e){let{c:t,t:n}=e,a=t.prem_series;if(!t.entry_prem||!(null==a?void 0:a.length))return null;let l=a.map(e=>e[1]),o=l.indexOf(Math.max(...l)),s=a.slice(0,o+1),i=s.reduce((e,t)=>t[1]<e[1]?t:e,s[0]),c=Math.round((i[1]-t.entry_prem)/t.entry_prem*100),d=["
1536-064f08115df39c50.js,vex,6,21,279894,1,VEX,"0.5)"",au={WATCHLIST:""rgba(var(--mds-ink),0.55)"",ARMED:""#ddd6fe"",TRIGGERED:""var(--mds-bull)"",T1_TAG:""var(--mds-bull)"",T2_TAG:""var(--mds-accent)"",T3_TAG:""var(--mds-accent)"",INVALIDATED:""var(--mds-bear)""},ap={WATCHLIST:""Qualified at the morning scan — waiting for price to reach the entry zone. No position yet, so no P/L."",ARMED:""Price tagged the entry zone — one close back above the floor from execution."",TRIGGERED:""Executed: the deflection confirmed. Entry premium is frozen at this minute’s print and P/L tracking starts."",T1_TAG:""Short-term GEX target touched (the front-column ceiling). Position keeps riding."",T2_TAG:""VEX swing target reached — the primary thesis played out."",T3_TAG:""Extended","magnet tagged — the runner’s moonshot rung."",INVALIDATED:""Legacy state from the old stop model — no longer reachable.""};function am(e){var t;let n=null!=(t=ap[e.state])?t:"""",r=(Array.isArray(e.state_history)?e.state_history:[]).map(e=>"""".concat(e.at,"" "").concat(e.state.replace(""_"","" ""),"" — "").concat(e.note)).join(""\n"");return r?"""".concat(n,""\n\n"").concat(r):n}function ag(e){let{c:t,t:n}=e,a=t.prem_series;if(!t.entry_prem||!(null==a?void 0:a.length))return null;let l=a.map(e=>e[1]),o=l.indexOf(Math.max(...l)),s=a.slice(0,o+1),i=s.reduce((e,t)=>t[1]<e[1]?t:e,s[0]),c=Math.round((i[1]-t.entry_prem)/t.entry_prem*100),d=[{t:a[0][0],label:""entry"",px:t.entry_prem}];return c<0&&d.push({t:i[0],label:"
1536-064f08115df39c50.js,max drawdown,2,3,280598,1,max drawdown,"magnet tagged — the runner’s moonshot rung."",INVALIDATED:""Legacy state from the old stop model — no longer reachable.""};function am(e){var t;let n=null!=(t=ap[e.state])?t:"""",r=(Array.isArray(e.state_history)?e.state_history:[]).map(e=>"""".concat(e.at,"" "").concat(e.state.replace(""_"","" ""),"" — "").concat(e.note)).join(""\n"");return r?"""".concat(n,""\n\n"").concat(r):n}function ag(e){let{c:t,t:n}=e,a=t.prem_series;if(!t.entry_prem||!(null==a?void 0:a.length))return null;let l=a.map(e=>e[1]),o=l.indexOf(Math.max(...l)),s=a.slice(0,o+1),i=s.reduce((e,t)=>t[1]<e[1]?t:e,s[0]),c=Math.round((i[1]-t.entry_prem)/t.entry_prem*100),d=[{t:a[0][0],label:""entry"",px:t.entry_prem}];return c<0&&d.push({t:i[0],label:""",""",px:i[1],ret:c}),d.push({t:a[o][0],label:""peak"",px:l[o],ret:t.max_return,peak:!0}),(0,r.jsx)(""div"",{className:""flex flex-col gap-1.5"",children:d.map((e,t)=>(0,r.jsxs)(""div"",{className:""flex items-baseline gap-2"",style:{fontSize:11,fontVariantNumeric:""tabular-nums""},children:[(0,r.jsx)(""span"",{style:{color:n.textMuted,fontSize:10,minWidth:34},children:(0,rf.uY)(e.t)}),(0,r.jsx)(""span"",{style:{color:e.peak?""var(--mds-bull)"":n.textSecondary,fontWeight:e.peak||""entry""===e.label?600:500},children:e.label}),(0,r.jsxs)(""span"",{className:""ml-auto"",style:{color:n.textPrimary},children:[""$"",e.px.toFixed(2)]}),null!=e.ret&&""entry""!==e.label&&(0,r.jsxs)(""span"",{style:{color:e.ret>=0?""var(--mds-bull)"":"""
1536-064f08115df39c50.js,node,11,20,281440,1,node,"1.5"",children:d.map((e,t)=>(0,r.jsxs)(""div"",{className:""flex items-baseline gap-2"",style:{fontSize:11,fontVariantNumeric:""tabular-nums""},children:[(0,r.jsx)(""span"",{style:{color:n.textMuted,fontSize:10,minWidth:34},children:(0,rf.uY)(e.t)}),(0,r.jsx)(""span"",{style:{color:e.peak?""var(--mds-bull)"":n.textSecondary,fontWeight:e.peak||""entry""===e.label?600:500},children:e.label}),(0,r.jsxs)(""span"",{className:""ml-auto"",style:{color:n.textPrimary},children:[""$"",e.px.toFixed(2)]}),null!=e.ret&&""entry""!==e.label&&(0,r.jsxs)(""span"",{style:{color:e.ret>=0?""var(--mds-bull)"":""var(--mds-bear)"",fontWeight:600,minWidth:44,textAlign:""right""},children:[e.ret>=0?""+"":"""",(0,rf.pT)(e.ret),""%""]})]},t))})}let ah={""","-flip"":""Node Flip"",""floor-deflection"":""Floor Deflection"",""king-floor"":""King Floor"",""washout-reclaim"":""Washout Reclaim""},ax=e=>{var t;return null!=(t=ah[null!=e?e:""""])?t:e?e.replace(/-/g,"" "").replace(/\b\w/g,e=>e.toUpperCase()):""Setup""};function af(e,t){return Date.parse(e)<Date.now()-864e5?""expired"":"""".concat(Math.max(0,Math.round((Date.parse(e)-Date.parse(t))/864e5)),""d"")}function ab(e){return e.slice(5).replace(""-"",""/"")}let ay=e=>""equity""===e||""conservative""===e?""normal"":e;function av(e){var t,n,a,l,o,s,i,c,d,u,p,m,g,h,x,f,b;let{s:y,mode:v,t:k,onOpen:w,showDate:j=!1}=e,S=""TRIGGERED""===y.state||""T1_TAG""===y.state||""T2_TAG""===y.state,N=(0,rf.G7)(y.symbol,S),T=![""WATCHLIST"",""ARMED""].includes("
1536-064f08115df39c50.js,node,12,20,281452,1,Node,"n:d.map((e,t)=>(0,r.jsxs)(""div"",{className:""flex items-baseline gap-2"",style:{fontSize:11,fontVariantNumeric:""tabular-nums""},children:[(0,r.jsx)(""span"",{style:{color:n.textMuted,fontSize:10,minWidth:34},children:(0,rf.uY)(e.t)}),(0,r.jsx)(""span"",{style:{color:e.peak?""var(--mds-bull)"":n.textSecondary,fontWeight:e.peak||""entry""===e.label?600:500},children:e.label}),(0,r.jsxs)(""span"",{className:""ml-auto"",style:{color:n.textPrimary},children:[""$"",e.px.toFixed(2)]}),null!=e.ret&&""entry""!==e.label&&(0,r.jsxs)(""span"",{style:{color:e.ret>=0?""var(--mds-bull)"":""var(--mds-bear)"",fontWeight:600,minWidth:44,textAlign:""right""},children:[e.ret>=0?""+"":"""",(0,rf.pT)(e.ret),""%""]})]},t))})}let ah={""node-flip"":""","Flip"",""floor-deflection"":""Floor Deflection"",""king-floor"":""King Floor"",""washout-reclaim"":""Washout Reclaim""},ax=e=>{var t;return null!=(t=ah[null!=e?e:""""])?t:e?e.replace(/-/g,"" "").replace(/\b\w/g,e=>e.toUpperCase()):""Setup""};function af(e,t){return Date.parse(e)<Date.now()-864e5?""expired"":"""".concat(Math.max(0,Math.round((Date.parse(e)-Date.parse(t))/864e5)),""d"")}function ab(e){return e.slice(5).replace(""-"",""/"")}let ay=e=>""equity""===e||""conservative""===e?""normal"":e;function av(e){var t,n,a,l,o,s,i,c,d,u,p,m,g,h,x,f,b;let{s:y,mode:v,t:k,onOpen:w,showDate:j=!1}=e,S=""TRIGGERED""===y.state||""T1_TAG""===y.state||""T2_TAG""===y.state,N=(0,rf.G7)(y.symbol,S),T=![""WATCHLIST"",""ARMED""].includes(y.state),A=n"
1536-064f08115df39c50.js,armed,24,43,282127,1,ARMED,")})}let ah={""node-flip"":""Node Flip"",""floor-deflection"":""Floor Deflection"",""king-floor"":""King Floor"",""washout-reclaim"":""Washout Reclaim""},ax=e=>{var t;return null!=(t=ah[null!=e?e:""""])?t:e?e.replace(/-/g,"" "").replace(/\b\w/g,e=>e.toUpperCase()):""Setup""};function af(e,t){return Date.parse(e)<Date.now()-864e5?""expired"":"""".concat(Math.max(0,Math.round((Date.parse(e)-Date.parse(t))/864e5)),""d"")}function ab(e){return e.slice(5).replace(""-"",""/"")}let ay=e=>""equity""===e||""conservative""===e?""normal"":e;function av(e){var t,n,a,l,o,s,i,c,d,u,p,m,g,h,x,f,b;let{s:y,mode:v,t:k,onOpen:w,showDate:j=!1}=e,S=""TRIGGERED""===y.state||""T1_TAG""===y.state||""T2_TAG""===y.state,N=(0,rf.G7)(y.symbol,S),T=![""WATCHLIST"",""","""].includes(y.state),A=null!=(d=null==(t=y.contracts)?void 0:t[ay(v)])?d:y.contract,C=null==(n=(Array.isArray(y.state_history)?y.state_history:[]).find(e=>![""WATCHLIST"",""ARMED""].includes(e.state)))?void 0:n.at,_=null!=(u=null==A||null==(l=A.prem_series)||null==(a=l[0])?void 0:a[0])?u:C,E=(0,rf.XF)(""/falcon/contract_flow"",A?"""".concat(y.symbol,"" "").concat(A.strike).concat(A.right):void 0,null==A?void 0:A.expiration,(null!=C?C:"""".concat(y.day,"" 09:30"")).slice(11,16)||""09:30"",(null!=C?C:"""".concat(y.day,"" 09:30"")).slice(0,10),""LONG"",7,T),M=null!=(m=null!=(p=null==(o=y.contracts)?void 0:o[ay(v)])?p:y.contract)?m:void 0,I=null!=(g=au[y.state])?g:k.textMuted,z=null==(s=y.guard)?void 0:s.deeper_gap_p"
1536-064f08115df39c50.js,armed,25,43,282302,1,ARMED,"e?e:""""])?t:e?e.replace(/-/g,"" "").replace(/\b\w/g,e=>e.toUpperCase()):""Setup""};function af(e,t){return Date.parse(e)<Date.now()-864e5?""expired"":"""".concat(Math.max(0,Math.round((Date.parse(e)-Date.parse(t))/864e5)),""d"")}function ab(e){return e.slice(5).replace(""-"",""/"")}let ay=e=>""equity""===e||""conservative""===e?""normal"":e;function av(e){var t,n,a,l,o,s,i,c,d,u,p,m,g,h,x,f,b;let{s:y,mode:v,t:k,onOpen:w,showDate:j=!1}=e,S=""TRIGGERED""===y.state||""T1_TAG""===y.state||""T2_TAG""===y.state,N=(0,rf.G7)(y.symbol,S),T=![""WATCHLIST"",""ARMED""].includes(y.state),A=null!=(d=null==(t=y.contracts)?void 0:t[ay(v)])?d:y.contract,C=null==(n=(Array.isArray(y.state_history)?y.state_history:[]).find(e=>![""WATCHLIST"",""","""].includes(e.state)))?void 0:n.at,_=null!=(u=null==A||null==(l=A.prem_series)||null==(a=l[0])?void 0:a[0])?u:C,E=(0,rf.XF)(""/falcon/contract_flow"",A?"""".concat(y.symbol,"" "").concat(A.strike).concat(A.right):void 0,null==A?void 0:A.expiration,(null!=C?C:"""".concat(y.day,"" 09:30"")).slice(11,16)||""09:30"",(null!=C?C:"""".concat(y.day,"" 09:30"")).slice(0,10),""LONG"",7,T),M=null!=(m=null!=(p=null==(o=y.contracts)?void 0:o[ay(v)])?p:y.contract)?m:void 0,I=null!=(g=au[y.state])?g:k.textMuted,z=null==(s=y.guard)?void 0:s.deeper_gap_pct,R=T&&_?/^\d{4}-\d{2}-\d{2}/.test(_)?_:"""".concat(y.day,"" "").concat(_):null,F=j?R?(0,rf.uY)(R):(0,rf.y2)(y.day):T&&_?(0,rf.uY)(_):y.day;return(0,r.jsxs)(""button"",{onClick:w,c"
1536-064f08115df39c50.js,falcon,22,35,282433,1,falcon,"5?""expired"":"""".concat(Math.max(0,Math.round((Date.parse(e)-Date.parse(t))/864e5)),""d"")}function ab(e){return e.slice(5).replace(""-"",""/"")}let ay=e=>""equity""===e||""conservative""===e?""normal"":e;function av(e){var t,n,a,l,o,s,i,c,d,u,p,m,g,h,x,f,b;let{s:y,mode:v,t:k,onOpen:w,showDate:j=!1}=e,S=""TRIGGERED""===y.state||""T1_TAG""===y.state||""T2_TAG""===y.state,N=(0,rf.G7)(y.symbol,S),T=![""WATCHLIST"",""ARMED""].includes(y.state),A=null!=(d=null==(t=y.contracts)?void 0:t[ay(v)])?d:y.contract,C=null==(n=(Array.isArray(y.state_history)?y.state_history:[]).find(e=>![""WATCHLIST"",""ARMED""].includes(e.state)))?void 0:n.at,_=null!=(u=null==A||null==(l=A.prem_series)||null==(a=l[0])?void 0:a[0])?u:C,E=(0,rf.XF)(""/","/contract_flow"",A?"""".concat(y.symbol,"" "").concat(A.strike).concat(A.right):void 0,null==A?void 0:A.expiration,(null!=C?C:"""".concat(y.day,"" 09:30"")).slice(11,16)||""09:30"",(null!=C?C:"""".concat(y.day,"" 09:30"")).slice(0,10),""LONG"",7,T),M=null!=(m=null!=(p=null==(o=y.contracts)?void 0:o[ay(v)])?p:y.contract)?m:void 0,I=null!=(g=au[y.state])?g:k.textMuted,z=null==(s=y.guard)?void 0:s.deeper_gap_pct,R=T&&_?/^\d{4}-\d{2}-\d{2}/.test(_)?_:"""".concat(y.day,"" "").concat(_):null,F=j?R?(0,rf.uY)(R):(0,rf.y2)(y.day):T&&_?(0,rf.uY)(_):y.day;return(0,r.jsxs)(""button"",{onClick:w,className:""flex flex-col flex-none cursor-pointer rounded-[14px] p-3.5 text-left transition-transform hover:-translate-y-0.5"",style:{"
1536-064f08115df39c50.js,trigger,3,19,285780,1,trigger,"assName:""ml-auto"",children:(0,r.jsx)(rf._I,{score:null!=(h=y.score)?h:50,size:34,skin:ai})})]}),(0,r.jsx)(""div"",{className:""mt-2.5 flex items-baseline justify-between gap-2"",style:{fontSize:12.5,fontWeight:500,color:k.textSecondary,fontVariantNumeric:""tabular-nums""},children:""equity""===v?(0,r.jsxs)(r.Fragment,{children:[(0,r.jsxs)(""span"",{className:""truncate"",children:[y.symbol,"" "",(0,r.jsx)(""b"",{style:{color:ac,fontWeight:700},children:""shares""}),M?(0,r.jsxs)(""span"",{style:{color:k.textMuted},children:["" \xb7 time stop "",ab(M.expiration)]}):null]}),(null!=(x=null==(i=y.equity)?void 0:i.entry_px)?x:y.entry_px)!=null&&(0,r.jsxs)(""span"",{className:""whitespace-nowrap"",title:""stock entry at the",""",style:{color:k.textPrimary,fontWeight:600},children:[""@ "",(null!=(f=null==(c=y.equity)?void 0:c.entry_px)?f:y.entry_px).toFixed(2)]})]}):(0,r.jsxs)(r.Fragment,{children:[(0,r.jsxs)(""span"",{className:""truncate"",children:[y.symbol,"" "",M?(0,r.jsxs)(""b"",{style:{color:ac,fontWeight:700},children:[M.strike,M.right,"" "",ab(M.expiration)]}):(0,r.jsxs)(""b"",{style:{color:ac,fontWeight:700},children:[""zone "",y.floor]}),M?"" \xb7 "".concat(af(M.expiration,y.day)):"""",(null==M?void 0:M.limit_plan)&&(()=>{var e,t,n,a,l;let o=M.limit_plan;return(0,r.jsx)(""b"",{title:""dip""===o.entry_style?""agent decision: DIP-OR-SKIP — market-buy only if premium prints ≤ $"".concat((null!=(e=o.px)?e:0).toFixed(2),"" ("").concat(n"
1536-064f08115df39c50.js,limitPlan,18,21,286263,1,limit_plan,"or:k.textMuted},children:["" \xb7 time stop "",ab(M.expiration)]}):null]}),(null!=(x=null==(i=y.equity)?void 0:i.entry_px)?x:y.entry_px)!=null&&(0,r.jsxs)(""span"",{className:""whitespace-nowrap"",title:""stock entry at the trigger"",style:{color:k.textPrimary,fontWeight:600},children:[""@ "",(null!=(f=null==(c=y.equity)?void 0:c.entry_px)?f:y.entry_px).toFixed(2)]})]}):(0,r.jsxs)(r.Fragment,{children:[(0,r.jsxs)(""span"",{className:""truncate"",children:[y.symbol,"" "",M?(0,r.jsxs)(""b"",{style:{color:ac,fontWeight:700},children:[M.strike,M.right,"" "",ab(M.expiration)]}):(0,r.jsxs)(""b"",{style:{color:ac,fontWeight:700},children:[""zone "",y.floor]}),M?"" \xb7 "".concat(af(M.expiration,y.day)):"""",(null==M?void 0:M.",")&&(()=>{var e,t,n,a,l;let o=M.limit_plan;return(0,r.jsx)(""b"",{title:""dip""===o.entry_style?""agent decision: DIP-OR-SKIP — market-buy only if premium prints ≤ $"".concat((null!=(e=o.px)?e:0).toFixed(2),"" ("").concat(null!=(t=o.k)?t:1,""σ dip) shortly after fire \xb7 no dip = no trade""):""market""===o.entry_style?""agent decision: MARKET entry at fire"":""agent decision: rest a LIMIT at $"".concat((null!=(n=o.px)?n:0).toFixed(2)),style:{marginLeft:6,fontSize:8.5,fontWeight:700,letterSpacing:""0.05em"",color:""var(--mds-warn)""},children:""dip""===o.entry_style?""DIP ≤$"".concat((null!=(a=o.px)?a:0).toFixed(2)):""market""===o.entry_style?""MKT"":""LMT $"".concat((null!=(l=o.px)?l:0).toFixed(2))})})()]}),(null==M?void"
1536-064f08115df39c50.js,limitPlan,19,21,286304,1,limit_plan,"p "",ab(M.expiration)]}):null]}),(null!=(x=null==(i=y.equity)?void 0:i.entry_px)?x:y.entry_px)!=null&&(0,r.jsxs)(""span"",{className:""whitespace-nowrap"",title:""stock entry at the trigger"",style:{color:k.textPrimary,fontWeight:600},children:[""@ "",(null!=(f=null==(c=y.equity)?void 0:c.entry_px)?f:y.entry_px).toFixed(2)]})]}):(0,r.jsxs)(r.Fragment,{children:[(0,r.jsxs)(""span"",{className:""truncate"",children:[y.symbol,"" "",M?(0,r.jsxs)(""b"",{style:{color:ac,fontWeight:700},children:[M.strike,M.right,"" "",ab(M.expiration)]}):(0,r.jsxs)(""b"",{style:{color:ac,fontWeight:700},children:[""zone "",y.floor]}),M?"" \xb7 "".concat(af(M.expiration,y.day)):"""",(null==M?void 0:M.limit_plan)&&(()=>{var e,t,n,a,l;let o=M.",";return(0,r.jsx)(""b"",{title:""dip""===o.entry_style?""agent decision: DIP-OR-SKIP — market-buy only if premium prints ≤ $"".concat((null!=(e=o.px)?e:0).toFixed(2),"" ("").concat(null!=(t=o.k)?t:1,""σ dip) shortly after fire \xb7 no dip = no trade""):""market""===o.entry_style?""agent decision: MARKET entry at fire"":""agent decision: rest a LIMIT at $"".concat((null!=(n=o.px)?n:0).toFixed(2)),style:{marginLeft:6,fontSize:8.5,fontWeight:700,letterSpacing:""0.05em"",color:""var(--mds-warn)""},children:""dip""===o.entry_style?""DIP ≤$"".concat((null!=(a=o.px)?a:0).toFixed(2)):""market""===o.entry_style?""MKT"":""LMT $"".concat((null!=(l=o.px)?l:0).toFixed(2))})})()]}),(null==M?void 0:M.entry_prem)!=null?(0,r.jsxs)(""span"","
1536-064f08115df39c50.js,entry_style,2,9,286352,1,entry_style,"(i=y.equity)?void 0:i.entry_px)?x:y.entry_px)!=null&&(0,r.jsxs)(""span"",{className:""whitespace-nowrap"",title:""stock entry at the trigger"",style:{color:k.textPrimary,fontWeight:600},children:[""@ "",(null!=(f=null==(c=y.equity)?void 0:c.entry_px)?f:y.entry_px).toFixed(2)]})]}):(0,r.jsxs)(r.Fragment,{children:[(0,r.jsxs)(""span"",{className:""truncate"",children:[y.symbol,"" "",M?(0,r.jsxs)(""b"",{style:{color:ac,fontWeight:700},children:[M.strike,M.right,"" "",ab(M.expiration)]}):(0,r.jsxs)(""b"",{style:{color:ac,fontWeight:700},children:[""zone "",y.floor]}),M?"" \xb7 "".concat(af(M.expiration,y.day)):"""",(null==M?void 0:M.limit_plan)&&(()=>{var e,t,n,a,l;let o=M.limit_plan;return(0,r.jsx)(""b"",{title:""dip""===o.","?""agent decision: DIP-OR-SKIP — market-buy only if premium prints ≤ $"".concat((null!=(e=o.px)?e:0).toFixed(2),"" ("").concat(null!=(t=o.k)?t:1,""σ dip) shortly after fire \xb7 no dip = no trade""):""market""===o.entry_style?""agent decision: MARKET entry at fire"":""agent decision: rest a LIMIT at $"".concat((null!=(n=o.px)?n:0).toFixed(2)),style:{marginLeft:6,fontSize:8.5,fontWeight:700,letterSpacing:""0.05em"",color:""var(--mds-warn)""},children:""dip""===o.entry_style?""DIP ≤$"".concat((null!=(a=o.px)?a:0).toFixed(2)):""market""===o.entry_style?""MKT"":""LMT $"".concat((null!=(l=o.px)?l:0).toFixed(2))})})()]}),(null==M?void 0:M.entry_prem)!=null?(0,r.jsxs)(""span"",{className:""whitespace-nowrap"",style:{color:k.tex"
1536-064f08115df39c50.js,DIP-OR-SKIP,3,4,286381,1,DIP-OR-SKIP,"x)?x:y.entry_px)!=null&&(0,r.jsxs)(""span"",{className:""whitespace-nowrap"",title:""stock entry at the trigger"",style:{color:k.textPrimary,fontWeight:600},children:[""@ "",(null!=(f=null==(c=y.equity)?void 0:c.entry_px)?f:y.entry_px).toFixed(2)]})]}):(0,r.jsxs)(r.Fragment,{children:[(0,r.jsxs)(""span"",{className:""truncate"",children:[y.symbol,"" "",M?(0,r.jsxs)(""b"",{style:{color:ac,fontWeight:700},children:[M.strike,M.right,"" "",ab(M.expiration)]}):(0,r.jsxs)(""b"",{style:{color:ac,fontWeight:700},children:[""zone "",y.floor]}),M?"" \xb7 "".concat(af(M.expiration,y.day)):"""",(null==M?void 0:M.limit_plan)&&(()=>{var e,t,n,a,l;let o=M.limit_plan;return(0,r.jsx)(""b"",{title:""dip""===o.entry_style?""agent decision:","— market-buy only if premium prints ≤ $"".concat((null!=(e=o.px)?e:0).toFixed(2),"" ("").concat(null!=(t=o.k)?t:1,""σ dip) shortly after fire \xb7 no dip = no trade""):""market""===o.entry_style?""agent decision: MARKET entry at fire"":""agent decision: rest a LIMIT at $"".concat((null!=(n=o.px)?n:0).toFixed(2)),style:{marginLeft:6,fontSize:8.5,fontWeight:700,letterSpacing:""0.05em"",color:""var(--mds-warn)""},children:""dip""===o.entry_style?""DIP ≤$"".concat((null!=(a=o.px)?a:0).toFixed(2)):""market""===o.entry_style?""MKT"":""LMT $"".concat((null!=(l=o.px)?l:0).toFixed(2))})})()]}),(null==M?void 0:M.entry_prem)!=null?(0,r.jsxs)(""span"",{className:""whitespace-nowrap"",style:{color:k.textPrimary,fontWeight:600},chil"
1536-064f08115df39c50.js,shortly after fire,2,3,286512,1,shortly after fire,"ary,fontWeight:600},children:[""@ "",(null!=(f=null==(c=y.equity)?void 0:c.entry_px)?f:y.entry_px).toFixed(2)]})]}):(0,r.jsxs)(r.Fragment,{children:[(0,r.jsxs)(""span"",{className:""truncate"",children:[y.symbol,"" "",M?(0,r.jsxs)(""b"",{style:{color:ac,fontWeight:700},children:[M.strike,M.right,"" "",ab(M.expiration)]}):(0,r.jsxs)(""b"",{style:{color:ac,fontWeight:700},children:[""zone "",y.floor]}),M?"" \xb7 "".concat(af(M.expiration,y.day)):"""",(null==M?void 0:M.limit_plan)&&(()=>{var e,t,n,a,l;let o=M.limit_plan;return(0,r.jsx)(""b"",{title:""dip""===o.entry_style?""agent decision: DIP-OR-SKIP — market-buy only if premium prints ≤ $"".concat((null!=(e=o.px)?e:0).toFixed(2),"" ("").concat(null!=(t=o.k)?t:1,""σ dip)","\xb7 no dip = no trade""):""market""===o.entry_style?""agent decision: MARKET entry at fire"":""agent decision: rest a LIMIT at $"".concat((null!=(n=o.px)?n:0).toFixed(2)),style:{marginLeft:6,fontSize:8.5,fontWeight:700,letterSpacing:""0.05em"",color:""var(--mds-warn)""},children:""dip""===o.entry_style?""DIP ≤$"".concat((null!=(a=o.px)?a:0).toFixed(2)):""market""===o.entry_style?""MKT"":""LMT $"".concat((null!=(l=o.px)?l:0).toFixed(2))})})()]}),(null==M?void 0:M.entry_prem)!=null?(0,r.jsxs)(""span"",{className:""whitespace-nowrap"",style:{color:k.textPrimary,fontWeight:600},children:[""@ "",M.entry_prem.toFixed(2)]}):(null==M?void 0:M.mark)!=null?(0,r.jsxs)(""span"",{className:""whitespace-nowrap"",style:{color:k.textPr"
1536-064f08115df39c50.js,fire,12,15,286526,1,fire,":600},children:[""@ "",(null!=(f=null==(c=y.equity)?void 0:c.entry_px)?f:y.entry_px).toFixed(2)]})]}):(0,r.jsxs)(r.Fragment,{children:[(0,r.jsxs)(""span"",{className:""truncate"",children:[y.symbol,"" "",M?(0,r.jsxs)(""b"",{style:{color:ac,fontWeight:700},children:[M.strike,M.right,"" "",ab(M.expiration)]}):(0,r.jsxs)(""b"",{style:{color:ac,fontWeight:700},children:[""zone "",y.floor]}),M?"" \xb7 "".concat(af(M.expiration,y.day)):"""",(null==M?void 0:M.limit_plan)&&(()=>{var e,t,n,a,l;let o=M.limit_plan;return(0,r.jsx)(""b"",{title:""dip""===o.entry_style?""agent decision: DIP-OR-SKIP — market-buy only if premium prints ≤ $"".concat((null!=(e=o.px)?e:0).toFixed(2),"" ("").concat(null!=(t=o.k)?t:1,""σ dip) shortly after","\xb7 no dip = no trade""):""market""===o.entry_style?""agent decision: MARKET entry at fire"":""agent decision: rest a LIMIT at $"".concat((null!=(n=o.px)?n:0).toFixed(2)),style:{marginLeft:6,fontSize:8.5,fontWeight:700,letterSpacing:""0.05em"",color:""var(--mds-warn)""},children:""dip""===o.entry_style?""DIP ≤$"".concat((null!=(a=o.px)?a:0).toFixed(2)):""market""===o.entry_style?""MKT"":""LMT $"".concat((null!=(l=o.px)?l:0).toFixed(2))})})()]}),(null==M?void 0:M.entry_prem)!=null?(0,r.jsxs)(""span"",{className:""whitespace-nowrap"",style:{color:k.textPrimary,fontWeight:600},children:[""@ "",M.entry_prem.toFixed(2)]}):(null==M?void 0:M.mark)!=null?(0,r.jsxs)(""span"",{className:""whitespace-nowrap"",style:{color:k.textPr"
1536-064f08115df39c50.js,entry_style,3,9,286569,1,entry_style,"quity)?void 0:c.entry_px)?f:y.entry_px).toFixed(2)]})]}):(0,r.jsxs)(r.Fragment,{children:[(0,r.jsxs)(""span"",{className:""truncate"",children:[y.symbol,"" "",M?(0,r.jsxs)(""b"",{style:{color:ac,fontWeight:700},children:[M.strike,M.right,"" "",ab(M.expiration)]}):(0,r.jsxs)(""b"",{style:{color:ac,fontWeight:700},children:[""zone "",y.floor]}),M?"" \xb7 "".concat(af(M.expiration,y.day)):"""",(null==M?void 0:M.limit_plan)&&(()=>{var e,t,n,a,l;let o=M.limit_plan;return(0,r.jsx)(""b"",{title:""dip""===o.entry_style?""agent decision: DIP-OR-SKIP — market-buy only if premium prints ≤ $"".concat((null!=(e=o.px)?e:0).toFixed(2),"" ("").concat(null!=(t=o.k)?t:1,""σ dip) shortly after fire \xb7 no dip = no trade""):""market""===o.","?""agent decision: MARKET entry at fire"":""agent decision: rest a LIMIT at $"".concat((null!=(n=o.px)?n:0).toFixed(2)),style:{marginLeft:6,fontSize:8.5,fontWeight:700,letterSpacing:""0.05em"",color:""var(--mds-warn)""},children:""dip""===o.entry_style?""DIP ≤$"".concat((null!=(a=o.px)?a:0).toFixed(2)):""market""===o.entry_style?""MKT"":""LMT $"".concat((null!=(l=o.px)?l:0).toFixed(2))})})()]}),(null==M?void 0:M.entry_prem)!=null?(0,r.jsxs)(""span"",{className:""whitespace-nowrap"",style:{color:k.textPrimary,fontWeight:600},children:[""@ "",M.entry_prem.toFixed(2)]}):(null==M?void 0:M.mark)!=null?(0,r.jsxs)(""span"",{className:""whitespace-nowrap"",style:{color:k.textPrimary,fontWeight:600},children:[""@ "",M.mark.toFixe"
1536-064f08115df39c50.js,fire,13,15,286614,1,fire,"ed(2)]})]}):(0,r.jsxs)(r.Fragment,{children:[(0,r.jsxs)(""span"",{className:""truncate"",children:[y.symbol,"" "",M?(0,r.jsxs)(""b"",{style:{color:ac,fontWeight:700},children:[M.strike,M.right,"" "",ab(M.expiration)]}):(0,r.jsxs)(""b"",{style:{color:ac,fontWeight:700},children:[""zone "",y.floor]}),M?"" \xb7 "".concat(af(M.expiration,y.day)):"""",(null==M?void 0:M.limit_plan)&&(()=>{var e,t,n,a,l;let o=M.limit_plan;return(0,r.jsx)(""b"",{title:""dip""===o.entry_style?""agent decision: DIP-OR-SKIP — market-buy only if premium prints ≤ $"".concat((null!=(e=o.px)?e:0).toFixed(2),"" ("").concat(null!=(t=o.k)?t:1,""σ dip) shortly after fire \xb7 no dip = no trade""):""market""===o.entry_style?""agent decision: MARKET entry at",""":""agent decision: rest a LIMIT at $"".concat((null!=(n=o.px)?n:0).toFixed(2)),style:{marginLeft:6,fontSize:8.5,fontWeight:700,letterSpacing:""0.05em"",color:""var(--mds-warn)""},children:""dip""===o.entry_style?""DIP ≤$"".concat((null!=(a=o.px)?a:0).toFixed(2)):""market""===o.entry_style?""MKT"":""LMT $"".concat((null!=(l=o.px)?l:0).toFixed(2))})})()]}),(null==M?void 0:M.entry_prem)!=null?(0,r.jsxs)(""span"",{className:""whitespace-nowrap"",style:{color:k.textPrimary,fontWeight:600},children:[""@ "",M.entry_prem.toFixed(2)]}):(null==M?void 0:M.mark)!=null?(0,r.jsxs)(""span"",{className:""whitespace-nowrap"",style:{color:k.textPrimary,fontWeight:600},children:[""@ "",M.mark.toFixed(2)]}):null]})}),(0,r.jsx)(""div"",{cla"
1536-064f08115df39c50.js,entry_style,4,9,286811,1,entry_style,"iration)]}):(0,r.jsxs)(""b"",{style:{color:ac,fontWeight:700},children:[""zone "",y.floor]}),M?"" \xb7 "".concat(af(M.expiration,y.day)):"""",(null==M?void 0:M.limit_plan)&&(()=>{var e,t,n,a,l;let o=M.limit_plan;return(0,r.jsx)(""b"",{title:""dip""===o.entry_style?""agent decision: DIP-OR-SKIP — market-buy only if premium prints ≤ $"".concat((null!=(e=o.px)?e:0).toFixed(2),"" ("").concat(null!=(t=o.k)?t:1,""σ dip) shortly after fire \xb7 no dip = no trade""):""market""===o.entry_style?""agent decision: MARKET entry at fire"":""agent decision: rest a LIMIT at $"".concat((null!=(n=o.px)?n:0).toFixed(2)),style:{marginLeft:6,fontSize:8.5,fontWeight:700,letterSpacing:""0.05em"",color:""var(--mds-warn)""},children:""dip""===o.","?""DIP ≤$"".concat((null!=(a=o.px)?a:0).toFixed(2)):""market""===o.entry_style?""MKT"":""LMT $"".concat((null!=(l=o.px)?l:0).toFixed(2))})})()]}),(null==M?void 0:M.entry_prem)!=null?(0,r.jsxs)(""span"",{className:""whitespace-nowrap"",style:{color:k.textPrimary,fontWeight:600},children:[""@ "",M.entry_prem.toFixed(2)]}):(null==M?void 0:M.mark)!=null?(0,r.jsxs)(""span"",{className:""whitespace-nowrap"",style:{color:k.textPrimary,fontWeight:600},children:[""@ "",M.mark.toFixed(2)]}):null]})}),(0,r.jsx)(""div"",{className:""mt-1 flex items-baseline gap-2.5"",style:{fontSize:10.5,color:k.textMuted,minHeight:16},children:""equity""===v?y.equity?(0,r.jsxs)(""span"",{title:""STOCK playbook: long "".concat(y.symbol,"" shares at t"
1536-064f08115df39c50.js,entry_style,5,9,286885,1,entry_style,"e "",y.floor]}),M?"" \xb7 "".concat(af(M.expiration,y.day)):"""",(null==M?void 0:M.limit_plan)&&(()=>{var e,t,n,a,l;let o=M.limit_plan;return(0,r.jsx)(""b"",{title:""dip""===o.entry_style?""agent decision: DIP-OR-SKIP — market-buy only if premium prints ≤ $"".concat((null!=(e=o.px)?e:0).toFixed(2),"" ("").concat(null!=(t=o.k)?t:1,""σ dip) shortly after fire \xb7 no dip = no trade""):""market""===o.entry_style?""agent decision: MARKET entry at fire"":""agent decision: rest a LIMIT at $"".concat((null!=(n=o.px)?n:0).toFixed(2)),style:{marginLeft:6,fontSize:8.5,fontWeight:700,letterSpacing:""0.05em"",color:""var(--mds-warn)""},children:""dip""===o.entry_style?""DIP ≤$"".concat((null!=(a=o.px)?a:0).toFixed(2)):""market""===o.","?""MKT"":""LMT $"".concat((null!=(l=o.px)?l:0).toFixed(2))})})()]}),(null==M?void 0:M.entry_prem)!=null?(0,r.jsxs)(""span"",{className:""whitespace-nowrap"",style:{color:k.textPrimary,fontWeight:600},children:[""@ "",M.entry_prem.toFixed(2)]}):(null==M?void 0:M.mark)!=null?(0,r.jsxs)(""span"",{className:""whitespace-nowrap"",style:{color:k.textPrimary,fontWeight:600},children:[""@ "",M.mark.toFixed(2)]}):null]})}),(0,r.jsx)(""div"",{className:""mt-1 flex items-baseline gap-2.5"",style:{fontSize:10.5,color:k.textMuted,minHeight:16},children:""equity""===v?y.equity?(0,r.jsxs)(""span"",{title:""STOCK playbook: long "".concat(y.symbol,"" shares at the trigger \xb7 "").concat(y.equity.tranches,"" tranche"").concat(y.equity.tr"
1536-064f08115df39c50.js,playbook,48,77,287476,1,playbook,"r(--mds-warn)""},children:""dip""===o.entry_style?""DIP ≤$"".concat((null!=(a=o.px)?a:0).toFixed(2)):""market""===o.entry_style?""MKT"":""LMT $"".concat((null!=(l=o.px)?l:0).toFixed(2))})})()]}),(null==M?void 0:M.entry_prem)!=null?(0,r.jsxs)(""span"",{className:""whitespace-nowrap"",style:{color:k.textPrimary,fontWeight:600},children:[""@ "",M.entry_prem.toFixed(2)]}):(null==M?void 0:M.mark)!=null?(0,r.jsxs)(""span"",{className:""whitespace-nowrap"",style:{color:k.textPrimary,fontWeight:600},children:[""@ "",M.mark.toFixed(2)]}):null]})}),(0,r.jsx)(""div"",{className:""mt-1 flex items-baseline gap-2.5"",style:{fontSize:10.5,color:k.textMuted,minHeight:16},children:""equity""===v?y.equity?(0,r.jsxs)(""span"",{title:""STOCK",": long "".concat(y.symbol,"" shares at the trigger \xb7 "").concat(y.equity.tranches,"" tranche"").concat(y.equity.tranches>1?""s"":"""","" \xb7 avg entry $"").concat(y.equity.avg_entry.toFixed(2)).concat(y.equity.banked_at?"" \xb7 banked @ "".concat(y.equity.banked_at.slice(-5)):""""),children:[""stock "",(0,r.jsxs)(""b"",{style:{color:y.equity.return_pct>=0?""var(--mds-bull)"":""var(--mds-bear)"",fontWeight:700},children:[y.equity.return_pct>=0?""+"":"""",y.equity.return_pct.toFixed(1),""%""]}),(0,r.jsxs)(""span"",{style:{opacity:.8},children:["" \xb7 ⧉"",y.equity.tranches,"" \xb7 @ $"",y.equity.entry_px.toFixed(2)]}),null!=y.equity.max_up&&(0,r.jsxs)(""span"",{children:["" \xb7 peak +"",y.equity.max_up.toFixed(1),""%""]})]}):(0,"
1536-064f08115df39c50.js,trigger,4,19,287525,1,trigger,"IP ≤$"".concat((null!=(a=o.px)?a:0).toFixed(2)):""market""===o.entry_style?""MKT"":""LMT $"".concat((null!=(l=o.px)?l:0).toFixed(2))})})()]}),(null==M?void 0:M.entry_prem)!=null?(0,r.jsxs)(""span"",{className:""whitespace-nowrap"",style:{color:k.textPrimary,fontWeight:600},children:[""@ "",M.entry_prem.toFixed(2)]}):(null==M?void 0:M.mark)!=null?(0,r.jsxs)(""span"",{className:""whitespace-nowrap"",style:{color:k.textPrimary,fontWeight:600},children:[""@ "",M.mark.toFixed(2)]}):null]})}),(0,r.jsx)(""div"",{className:""mt-1 flex items-baseline gap-2.5"",style:{fontSize:10.5,color:k.textMuted,minHeight:16},children:""equity""===v?y.equity?(0,r.jsxs)(""span"",{title:""STOCK playbook: long "".concat(y.symbol,"" shares at the","\xb7 "").concat(y.equity.tranches,"" tranche"").concat(y.equity.tranches>1?""s"":"""","" \xb7 avg entry $"").concat(y.equity.avg_entry.toFixed(2)).concat(y.equity.banked_at?"" \xb7 banked @ "".concat(y.equity.banked_at.slice(-5)):""""),children:[""stock "",(0,r.jsxs)(""b"",{style:{color:y.equity.return_pct>=0?""var(--mds-bull)"":""var(--mds-bear)"",fontWeight:700},children:[y.equity.return_pct>=0?""+"":"""",y.equity.return_pct.toFixed(1),""%""]}),(0,r.jsxs)(""span"",{style:{opacity:.8},children:["" \xb7 ⧉"",y.equity.tranches,"" \xb7 @ $"",y.equity.entry_px.toFixed(2)]}),null!=y.equity.max_up&&(0,r.jsxs)(""span"",{children:["" \xb7 peak +"",y.equity.max_up.toFixed(1),""%""]})]}):(0,r.jsx)(""span"",{style:{opacity:.7},children:T?""st"
1536-064f08115df39c50.js,playbook,49,77,288730,1,playbook,"es,"" \xb7 @ $"",y.equity.entry_px.toFixed(2)]}),null!=y.equity.max_up&&(0,r.jsxs)(""span"",{children:["" \xb7 peak +"",y.equity.max_up.toFixed(1),""%""]})]}):(0,r.jsx)(""span"",{style:{opacity:.7},children:T?""stock replay pending"":""never triggered \xb7 no stock trade""}):(null==M?void 0:M.max_return)!=null&&(0,r.jsxs)(r.Fragment,{children:[(0,r.jsxs)(""span"",{children:[""max "",(0,r.jsxs)(""b"",{style:{color:M.max_return>=0?""var(--mds-bull)"":""var(--mds-bear)"",fontWeight:700},children:[M.max_return>=0?""+"":"""",(0,rf.pT)(M.max_return),""%""]}),M.peak_time?(0,r.jsxs)(""span"",{style:{color:k.textMuted},children:["" @ "",(0,rf.uY)(M.peak_time)]}):null]}),null!=M.managed_return&&(0,r.jsxs)(""span"",{title:""Managed swing","— probe, then up to 2 adds at −40%/−60% to lower the basis, bank the position at +80% on the lowered basis (swing calls run to the fat tail)."",children:[(0,r.jsx)(""span"",{style:{color:k.textMuted},children:""managed ""}),(0,r.jsxs)(""b"",{style:{color:M.managed_return>=0?""var(--mds-bull)"":""var(--mds-bear)"",fontWeight:700},children:[M.managed_return>=0?""+"":"""",(0,rf.pT)(M.managed_return),""%""]})]}),null!=M.current_return&&(0,r.jsxs)(""span"",{children:[""now "",(0,r.jsxs)(""b"",{style:{color:M.current_return>=0?""var(--mds-bull)"":""var(--mds-bear)"",fontWeight:600},children:[M.current_return>=0?""+"":"""",(0,rf.pT)(M.current_return),""%""]})]})]})}),(0,r.jsxs)(""div"",{className:""mt-3 flex items-center gap-2.5"",ch"
1536-064f08115df39c50.js,midas,6,34,290872,1,midas,"le:""agreeing horizon-matched flow arrived @ "".concat(E),className:""rounded-full"",style:{width:7,height:7,flex:""none"",background:""var(--mds-bull)"",boxShadow:""0 0 6px rgba(var(--mds-bull-rgb),0.7)""}}):(0,r.jsx)(""span"",{title:""no agreeing flow since entry"",className:""rounded-full"",style:{width:7,height:7,flex:""none"",background:""transparent"",border:""1.5px solid var(--mds-warn)"",boxShadow:""0 0 5px rgba(var(--mds-warn-rgb),0.45)""}}))]}),(0,r.jsxs)(""div"",{className:""mt-auto flex items-center gap-1.5 truncate pt-3"",style:{fontSize:10,color:k.textMuted},children:[(0,r.jsxs)(""span"",{className:""inline-flex items-center gap-1"",style:{color:ac,fontWeight:500},children:[(0,r.jsx)(""img"",{src:""/agent-logos/",".png"",alt:"""",style:{width:12,height:12,objectFit:""contain""},onError:e=>{e.currentTarget.style.display=""none""}}),""Midas""]}),(0,r.jsxs)(""span"",{className:""truncate"",title:(Array.isArray(y.state_history)?y.state_history:[]).map(e=>"""".concat(e.at,"" "").concat(e.state.replace(""_"","" ""),"" — "").concat(e.note)).join(""\n"")||y.day,children:["" \xb7 "".concat(ax(y.setup_class),"" \xb7 "").concat(F),y.backfilled?(0,r.jsx)(""span"",{style:{opacity:.75},children:"" \xb7 seeded""}):null]})]})]})}function ak(e){var t,n,a,l,o;let{s,t:i}=e,c=null!=(l=s.state_history)?l:[],d=e=>{var t;return null==(t=c.find(t=>t.state===e))?void 0:t.at},u=[""WATCHLIST"",""ARMED"",""TRIGGERED"",""T1_TAG"",""T2_TAG"",""T3_TAG""].indexOf(s.state),p=s."
1536-064f08115df39c50.js,midas,7,34,290990,1,Midas,"ackground:""var(--mds-bull)"",boxShadow:""0 0 6px rgba(var(--mds-bull-rgb),0.7)""}}):(0,r.jsx)(""span"",{title:""no agreeing flow since entry"",className:""rounded-full"",style:{width:7,height:7,flex:""none"",background:""transparent"",border:""1.5px solid var(--mds-warn)"",boxShadow:""0 0 5px rgba(var(--mds-warn-rgb),0.45)""}}))]}),(0,r.jsxs)(""div"",{className:""mt-auto flex items-center gap-1.5 truncate pt-3"",style:{fontSize:10,color:k.textMuted},children:[(0,r.jsxs)(""span"",{className:""inline-flex items-center gap-1"",style:{color:ac,fontWeight:500},children:[(0,r.jsx)(""img"",{src:""/agent-logos/midas.png"",alt:"""",style:{width:12,height:12,objectFit:""contain""},onError:e=>{e.currentTarget.style.display=""none""}}),""","""]}),(0,r.jsxs)(""span"",{className:""truncate"",title:(Array.isArray(y.state_history)?y.state_history:[]).map(e=>"""".concat(e.at,"" "").concat(e.state.replace(""_"","" ""),"" — "").concat(e.note)).join(""\n"")||y.day,children:["" \xb7 "".concat(ax(y.setup_class),"" \xb7 "").concat(F),y.backfilled?(0,r.jsx)(""span"",{style:{opacity:.75},children:"" \xb7 seeded""}):null]})]})]})}function ak(e){var t,n,a,l,o;let{s,t:i}=e,c=null!=(l=s.state_history)?l:[],d=e=>{var t;return null==(t=c.find(t=>t.state===e))?void 0:t.at},u=[""WATCHLIST"",""ARMED"",""TRIGGERED"",""T1_TAG"",""T2_TAG"",""T3_TAG""].indexOf(s.state),p=s.last_px,m=null!=p?(p-s.zone_hi)/s.zone_hi*100:null,g=[{ok:!0,label:""GEX floor qualified"",detail:"""".concat(s.floor,"" \x"
1536-064f08115df39c50.js,armed,26,43,291509,1,ARMED,"c,fontWeight:500},children:[(0,r.jsx)(""img"",{src:""/agent-logos/midas.png"",alt:"""",style:{width:12,height:12,objectFit:""contain""},onError:e=>{e.currentTarget.style.display=""none""}}),""Midas""]}),(0,r.jsxs)(""span"",{className:""truncate"",title:(Array.isArray(y.state_history)?y.state_history:[]).map(e=>"""".concat(e.at,"" "").concat(e.state.replace(""_"","" ""),"" — "").concat(e.note)).join(""\n"")||y.day,children:["" \xb7 "".concat(ax(y.setup_class),"" \xb7 "").concat(F),y.backfilled?(0,r.jsx)(""span"",{style:{opacity:.75},children:"" \xb7 seeded""}):null]})]})]})}function ak(e){var t,n,a,l,o;let{s,t:i}=e,c=null!=(l=s.state_history)?l:[],d=e=>{var t;return null==(t=c.find(t=>t.state===e))?void 0:t.at},u=[""WATCHLIST"",""",""",""TRIGGERED"",""T1_TAG"",""T2_TAG"",""T3_TAG""].indexOf(s.state),p=s.last_px,m=null!=p?(p-s.zone_hi)/s.zone_hi*100:null,g=[{ok:!0,label:""GEX floor qualified"",detail:"""".concat(s.floor,"" \xb7 pok "").concat(s.floor_pok.toFixed(2),"" \xb7 "").concat(""node-flip""===s.setup_class?""dominant node at spot"":""front column""),at:""scan""},{ok:!0,label:""Column-2 guard"",detail:(null==(n=s.guard)||null==(t=n.support_at)?void 0:t.length)?""support "".concat(s.guard.support_at.join("", "")):""no deeper col2 floor"",at:""scan""},{ok:!0,label:""VEX runway"",detail:""T2 "".concat(null!=(o=s.t2)?o:""—"").concat(null!=s.t3?"" \xb7 T3 "".concat(s.t3):""""),at:""scan""},{ok:!0,label:""R:R gate"",detail:""1 : "".concat(null!=s.rr?s.rr.toFixed(1):""—"","""
1536-064f08115df39c50.js,gex,8,20,291645,1,GEX,"e=>{e.currentTarget.style.display=""none""}}),""Midas""]}),(0,r.jsxs)(""span"",{className:""truncate"",title:(Array.isArray(y.state_history)?y.state_history:[]).map(e=>"""".concat(e.at,"" "").concat(e.state.replace(""_"","" ""),"" — "").concat(e.note)).join(""\n"")||y.day,children:["" \xb7 "".concat(ax(y.setup_class),"" \xb7 "").concat(F),y.backfilled?(0,r.jsx)(""span"",{style:{opacity:.75},children:"" \xb7 seeded""}):null]})]})]})}function ak(e){var t,n,a,l,o;let{s,t:i}=e,c=null!=(l=s.state_history)?l:[],d=e=>{var t;return null==(t=c.find(t=>t.state===e))?void 0:t.at},u=[""WATCHLIST"",""ARMED"",""TRIGGERED"",""T1_TAG"",""T2_TAG"",""T3_TAG""].indexOf(s.state),p=s.last_px,m=null!=p?(p-s.zone_hi)/s.zone_hi*100:null,g=[{ok:!0,label:""","floor qualified"",detail:"""".concat(s.floor,"" \xb7 pok "").concat(s.floor_pok.toFixed(2),"" \xb7 "").concat(""node-flip""===s.setup_class?""dominant node at spot"":""front column""),at:""scan""},{ok:!0,label:""Column-2 guard"",detail:(null==(n=s.guard)||null==(t=n.support_at)?void 0:t.length)?""support "".concat(s.guard.support_at.join("", "")):""no deeper col2 floor"",at:""scan""},{ok:!0,label:""VEX runway"",detail:""T2 "".concat(null!=(o=s.t2)?o:""—"").concat(null!=s.t3?"" \xb7 T3 "".concat(s.t3):""""),at:""scan""},{ok:!0,label:""R:R gate"",detail:""1 : "".concat(null!=s.rr?s.rr.toFixed(1):""—"","" ≥ 1 : 1.5""),at:""scan""},{ok:!0,label:""Breadth"",detail:"""".concat(s.breadth.etf,"" aligned"").concat((null==(a=s.breadth.companions_ok)?vo"
1536-064f08115df39c50.js,node,13,20,291753,1,node,"isArray(y.state_history)?y.state_history:[]).map(e=>"""".concat(e.at,"" "").concat(e.state.replace(""_"","" ""),"" — "").concat(e.note)).join(""\n"")||y.day,children:["" \xb7 "".concat(ax(y.setup_class),"" \xb7 "").concat(F),y.backfilled?(0,r.jsx)(""span"",{style:{opacity:.75},children:"" \xb7 seeded""}):null]})]})]})}function ak(e){var t,n,a,l,o;let{s,t:i}=e,c=null!=(l=s.state_history)?l:[],d=e=>{var t;return null==(t=c.find(t=>t.state===e))?void 0:t.at},u=[""WATCHLIST"",""ARMED"",""TRIGGERED"",""T1_TAG"",""T2_TAG"",""T3_TAG""].indexOf(s.state),p=s.last_px,m=null!=p?(p-s.zone_hi)/s.zone_hi*100:null,g=[{ok:!0,label:""GEX floor qualified"",detail:"""".concat(s.floor,"" \xb7 pok "").concat(s.floor_pok.toFixed(2),"" \xb7 "").concat(""","-flip""===s.setup_class?""dominant node at spot"":""front column""),at:""scan""},{ok:!0,label:""Column-2 guard"",detail:(null==(n=s.guard)||null==(t=n.support_at)?void 0:t.length)?""support "".concat(s.guard.support_at.join("", "")):""no deeper col2 floor"",at:""scan""},{ok:!0,label:""VEX runway"",detail:""T2 "".concat(null!=(o=s.t2)?o:""—"").concat(null!=s.t3?"" \xb7 T3 "".concat(s.t3):""""),at:""scan""},{ok:!0,label:""R:R gate"",detail:""1 : "".concat(null!=s.rr?s.rr.toFixed(1):""—"","" ≥ 1 : 1.5""),at:""scan""},{ok:!0,label:""Breadth"",detail:"""".concat(s.breadth.etf,"" aligned"").concat((null==(a=s.breadth.companions_ok)?void 0:a.length)?"" \xb7 "".concat(s.breadth.companions_ok.join("", "")):""""),at:""scan""},...s.reasons.filter(e=>e.in"
1536-064f08115df39c50.js,node,14,20,291790,1,node,"ory:[]).map(e=>"""".concat(e.at,"" "").concat(e.state.replace(""_"","" ""),"" — "").concat(e.note)).join(""\n"")||y.day,children:["" \xb7 "".concat(ax(y.setup_class),"" \xb7 "").concat(F),y.backfilled?(0,r.jsx)(""span"",{style:{opacity:.75},children:"" \xb7 seeded""}):null]})]})]})}function ak(e){var t,n,a,l,o;let{s,t:i}=e,c=null!=(l=s.state_history)?l:[],d=e=>{var t;return null==(t=c.find(t=>t.state===e))?void 0:t.at},u=[""WATCHLIST"",""ARMED"",""TRIGGERED"",""T1_TAG"",""T2_TAG"",""T3_TAG""].indexOf(s.state),p=s.last_px,m=null!=p?(p-s.zone_hi)/s.zone_hi*100:null,g=[{ok:!0,label:""GEX floor qualified"",detail:"""".concat(s.floor,"" \xb7 pok "").concat(s.floor_pok.toFixed(2),"" \xb7 "").concat(""node-flip""===s.setup_class?""dominant","at spot"":""front column""),at:""scan""},{ok:!0,label:""Column-2 guard"",detail:(null==(n=s.guard)||null==(t=n.support_at)?void 0:t.length)?""support "".concat(s.guard.support_at.join("", "")):""no deeper col2 floor"",at:""scan""},{ok:!0,label:""VEX runway"",detail:""T2 "".concat(null!=(o=s.t2)?o:""—"").concat(null!=s.t3?"" \xb7 T3 "".concat(s.t3):""""),at:""scan""},{ok:!0,label:""R:R gate"",detail:""1 : "".concat(null!=s.rr?s.rr.toFixed(1):""—"","" ≥ 1 : 1.5""),at:""scan""},{ok:!0,label:""Breadth"",detail:"""".concat(s.breadth.etf,"" aligned"").concat((null==(a=s.breadth.companions_ok)?void 0:a.length)?"" \xb7 "".concat(s.breadth.companions_ok.join("", "")):""""),at:""scan""},...s.reasons.filter(e=>e.includes(""pivot"")||e.includes(""dark poo"
1536-064f08115df39c50.js,vex,7,21,292025,1,VEX,"xb7 seeded""}):null]})]})]})}function ak(e){var t,n,a,l,o;let{s,t:i}=e,c=null!=(l=s.state_history)?l:[],d=e=>{var t;return null==(t=c.find(t=>t.state===e))?void 0:t.at},u=[""WATCHLIST"",""ARMED"",""TRIGGERED"",""T1_TAG"",""T2_TAG"",""T3_TAG""].indexOf(s.state),p=s.last_px,m=null!=p?(p-s.zone_hi)/s.zone_hi*100:null,g=[{ok:!0,label:""GEX floor qualified"",detail:"""".concat(s.floor,"" \xb7 pok "").concat(s.floor_pok.toFixed(2),"" \xb7 "").concat(""node-flip""===s.setup_class?""dominant node at spot"":""front column""),at:""scan""},{ok:!0,label:""Column-2 guard"",detail:(null==(n=s.guard)||null==(t=n.support_at)?void 0:t.length)?""support "".concat(s.guard.support_at.join("", "")):""no deeper col2 floor"",at:""scan""},{ok:!0,label:""","runway"",detail:""T2 "".concat(null!=(o=s.t2)?o:""—"").concat(null!=s.t3?"" \xb7 T3 "".concat(s.t3):""""),at:""scan""},{ok:!0,label:""R:R gate"",detail:""1 : "".concat(null!=s.rr?s.rr.toFixed(1):""—"","" ≥ 1 : 1.5""),at:""scan""},{ok:!0,label:""Breadth"",detail:"""".concat(s.breadth.etf,"" aligned"").concat((null==(a=s.breadth.companions_ok)?void 0:a.length)?"" \xb7 "".concat(s.breadth.companions_ok.join("", "")):""""),at:""scan""},...s.reasons.filter(e=>e.includes(""pivot"")||e.includes(""dark pool"")).map(e=>({ok:!0,label:""Confluence"",detail:e,at:""scan""})),{ok:u>=1,watching:0===u,label:""Price into the entry zone"",detail:"""".concat(s.floor.toFixed(2),""–"").concat(s.zone_hi.toFixed(2)).concat(0===u&&null!=m?"" \xb7 last "".concat(p."
1536-064f08115df39c50.js,armed,27,43,292839,1,ARMED,"k:!0,label:""R:R gate"",detail:""1 : "".concat(null!=s.rr?s.rr.toFixed(1):""—"","" ≥ 1 : 1.5""),at:""scan""},{ok:!0,label:""Breadth"",detail:"""".concat(s.breadth.etf,"" aligned"").concat((null==(a=s.breadth.companions_ok)?void 0:a.length)?"" \xb7 "".concat(s.breadth.companions_ok.join("", "")):""""),at:""scan""},...s.reasons.filter(e=>e.includes(""pivot"")||e.includes(""dark pool"")).map(e=>({ok:!0,label:""Confluence"",detail:e,at:""scan""})),{ok:u>=1,watching:0===u,label:""Price into the entry zone"",detail:"""".concat(s.floor.toFixed(2),""–"").concat(s.zone_hi.toFixed(2)).concat(0===u&&null!=m?"" \xb7 last "".concat(p.toFixed(2),"" ("").concat(m>=0?""+"":"""").concat(m.toFixed(1),""% "").concat(m>=0?""above"":""below"","" zone)""):""""),at:d(""",""")},{ok:u>=2,watching:1===u,label:""Deflection print — the execution"",detail:""1-min close back above "".concat(s.floor,"" with the low holding""),at:d(""TRIGGERED"")},{ok:u>=3,watching:2===u,label:""T1 \xb7 GEX target"",detail:"""".concat(s.t1),at:d(""T1_TAG"")},...null!=s.t2?[{ok:u>=4,watching:3===u,label:""T2 \xb7 VEX swing target"",detail:"""".concat(s.t2),at:d(""T2_TAG"")}]:[],...null!=s.t3?[{ok:u>=5,watching:4===u,label:""T3 \xb7 extended magnet"",detail:"""".concat(s.t3),at:d(""T3_TAG"")}]:[]];return(0,r.jsxs)(""div"",{className:""mx-4 mt-4 rounded-xl p-3.5"",style:{background:""rgba(var(--mds-ink),0.03)"",border:""1px solid rgba(var(--mds-ink),0.09)""},children:[(0,r.jsx)(""span"",{className:""mb-2 block uppercase"",sty"
1536-064f08115df39c50.js,gex,9,20,293044,1,GEX,")?void 0:a.length)?"" \xb7 "".concat(s.breadth.companions_ok.join("", "")):""""),at:""scan""},...s.reasons.filter(e=>e.includes(""pivot"")||e.includes(""dark pool"")).map(e=>({ok:!0,label:""Confluence"",detail:e,at:""scan""})),{ok:u>=1,watching:0===u,label:""Price into the entry zone"",detail:"""".concat(s.floor.toFixed(2),""–"").concat(s.zone_hi.toFixed(2)).concat(0===u&&null!=m?"" \xb7 last "".concat(p.toFixed(2),"" ("").concat(m>=0?""+"":"""").concat(m.toFixed(1),""% "").concat(m>=0?""above"":""below"","" zone)""):""""),at:d(""ARMED"")},{ok:u>=2,watching:1===u,label:""Deflection print — the execution"",detail:""1-min close back above "".concat(s.floor,"" with the low holding""),at:d(""TRIGGERED"")},{ok:u>=3,watching:2===u,label:""T1 \xb7","target"",detail:"""".concat(s.t1),at:d(""T1_TAG"")},...null!=s.t2?[{ok:u>=4,watching:3===u,label:""T2 \xb7 VEX swing target"",detail:"""".concat(s.t2),at:d(""T2_TAG"")}]:[],...null!=s.t3?[{ok:u>=5,watching:4===u,label:""T3 \xb7 extended magnet"",detail:"""".concat(s.t3),at:d(""T3_TAG"")}]:[]];return(0,r.jsxs)(""div"",{className:""mx-4 mt-4 rounded-xl p-3.5"",style:{background:""rgba(var(--mds-ink),0.03)"",border:""1px solid rgba(var(--mds-ink),0.09)""},children:[(0,r.jsx)(""span"",{className:""mb-2 block uppercase"",style:{fontSize:9,fontWeight:600,letterSpacing:""0.18em"",color:i.textMuted},children:""Trigger plan \xb7 every gate, live""}),(0,r.jsx)(""div"",{className:""flex flex-col gap-1.5"",style:{fontVariantNumeric:""tabul"
1536-064f08115df39c50.js,vex,8,21,293149,1,VEX,"(e=>e.includes(""pivot"")||e.includes(""dark pool"")).map(e=>({ok:!0,label:""Confluence"",detail:e,at:""scan""})),{ok:u>=1,watching:0===u,label:""Price into the entry zone"",detail:"""".concat(s.floor.toFixed(2),""–"").concat(s.zone_hi.toFixed(2)).concat(0===u&&null!=m?"" \xb7 last "".concat(p.toFixed(2),"" ("").concat(m>=0?""+"":"""").concat(m.toFixed(1),""% "").concat(m>=0?""above"":""below"","" zone)""):""""),at:d(""ARMED"")},{ok:u>=2,watching:1===u,label:""Deflection print — the execution"",detail:""1-min close back above "".concat(s.floor,"" with the low holding""),at:d(""TRIGGERED"")},{ok:u>=3,watching:2===u,label:""T1 \xb7 GEX target"",detail:"""".concat(s.t1),at:d(""T1_TAG"")},...null!=s.t2?[{ok:u>=4,watching:3===u,label:""T2 \xb7","swing target"",detail:"""".concat(s.t2),at:d(""T2_TAG"")}]:[],...null!=s.t3?[{ok:u>=5,watching:4===u,label:""T3 \xb7 extended magnet"",detail:"""".concat(s.t3),at:d(""T3_TAG"")}]:[]];return(0,r.jsxs)(""div"",{className:""mx-4 mt-4 rounded-xl p-3.5"",style:{background:""rgba(var(--mds-ink),0.03)"",border:""1px solid rgba(var(--mds-ink),0.09)""},children:[(0,r.jsx)(""span"",{className:""mb-2 block uppercase"",style:{fontSize:9,fontWeight:600,letterSpacing:""0.18em"",color:i.textMuted},children:""Trigger plan \xb7 every gate, live""}),(0,r.jsx)(""div"",{className:""flex flex-col gap-1.5"",style:{fontVariantNumeric:""tabular-nums""},children:g.map((e,t)=>(0,r.jsxs)(""div"",{className:""flex items-baseline gap-2"",style:{fontSize:1"
1536-064f08115df39c50.js,trigger,5,19,293626,1,Trigger,"close back above "".concat(s.floor,"" with the low holding""),at:d(""TRIGGERED"")},{ok:u>=3,watching:2===u,label:""T1 \xb7 GEX target"",detail:"""".concat(s.t1),at:d(""T1_TAG"")},...null!=s.t2?[{ok:u>=4,watching:3===u,label:""T2 \xb7 VEX swing target"",detail:"""".concat(s.t2),at:d(""T2_TAG"")}]:[],...null!=s.t3?[{ok:u>=5,watching:4===u,label:""T3 \xb7 extended magnet"",detail:"""".concat(s.t3),at:d(""T3_TAG"")}]:[]];return(0,r.jsxs)(""div"",{className:""mx-4 mt-4 rounded-xl p-3.5"",style:{background:""rgba(var(--mds-ink),0.03)"",border:""1px solid rgba(var(--mds-ink),0.09)""},children:[(0,r.jsx)(""span"",{className:""mb-2 block uppercase"",style:{fontSize:9,fontWeight:600,letterSpacing:""0.18em"",color:i.textMuted},children:""","plan \xb7 every gate, live""}),(0,r.jsx)(""div"",{className:""flex flex-col gap-1.5"",style:{fontVariantNumeric:""tabular-nums""},children:g.map((e,t)=>(0,r.jsxs)(""div"",{className:""flex items-baseline gap-2"",style:{fontSize:11,lineHeight:1.5},children:[(0,r.jsx)(""span"",{style:{flex:""none"",width:12,textAlign:""center"",fontWeight:700,color:e.ok?""var(--mds-bull)"":e.watching?ac:""rgba(var(--mds-ink),0.35)""},children:e.ok?""✓"":e.watching?""●"":""○""}),(0,r.jsxs)(""span"",{style:{fontWeight:600,color:e.ok?i.textSecondary:e.watching?i.textPrimary:i.textMuted},children:[e.label,e.watching?(0,r.jsx)(""b"",{style:{color:ac,fontWeight:600},children:"" \xb7 watching""}):null]}),(0,r.jsx)(""span"",{className:""min-w-0 truncat"
1536-064f08115df39c50.js,armed,28,43,294998,1,ARMED,"(""span"",{className:""min-w-0 truncate"",style:{color:i.textMuted},children:e.detail}),e.at&&(0,r.jsx)(""span"",{className:""ml-auto flex-none"",style:{fontSize:9,color:e.ok?""var(--mds-bull)"":i.textMuted,opacity:.85},children:""scan""===e.at?""scan"":e.at.slice(5)})]},t))})]})}function aw(e){var t,n,l,o,s,i,c,d,u,p,m,g,h,x,f,b,y,v,k,w,j,S;let{s:N,mode:T,t:A,onClose:C}=e,_=ay(T),[E,M]=(0,a.useState)(!1);(0,a.useEffect)(()=>{let e=setTimeout(()=>M(!0),220);return()=>clearTimeout(e)},[]);let{quote:I}=(0,ar.U)(N.symbol,!0),z=null!=(p=null!=(u=null==I?void 0:I.price)?u:N.last_px)?p:N.spot,R=(null==I?void 0:I.price)!=null?""live"":null!=N.last_px?""now"":""spot @ scan"",[F,W]=(0,a.useState)(null),P=![""WATCHLIST"",""","""].includes(N.state),D=null==(t=(Array.isArray(N.state_history)?N.state_history:[]).find(e=>![""WATCHLIST"",""ARMED""].includes(e.state)))?void 0:t.at,L=null!=(m=N.entry_px)?m:(N.floor+N.zone_hi)/2,q=null!=(h=null!=(g=null==(n=N.contracts)?void 0:n[_])?g:N.contract)?h:void 0,O=P&&(null==q?void 0:q.current_return)!=null?q.current_return:null,B=null!=(x=null==q||null==(o=q.prem_series)||null==(l=o[0])?void 0:l[0])?x:D,G=!!(D&&B&&D.slice(11,16)!==B.slice(11,16)),V=null!=(f=N.t2)?f:N.t1,H=null!=N.t3&&null!=N.t2&&N.t3>N.t2?N.t3:null,K=(N.floor+N.zone_hi)/2,U=Math.min(N.stop,V),Y=Math.max(N.stop,V),X=e=>Math.max(2,Math.min(98,(e-U)/(Y-U||1)*100)),Q=X(K),$=null!=(b=au[N.state])?b:A.textMuted,J=""T1_TAG"""
1536-064f08115df39c50.js,armed,29,43,295110,1,ARMED,"sName:""ml-auto flex-none"",style:{fontSize:9,color:e.ok?""var(--mds-bull)"":i.textMuted,opacity:.85},children:""scan""===e.at?""scan"":e.at.slice(5)})]},t))})]})}function aw(e){var t,n,l,o,s,i,c,d,u,p,m,g,h,x,f,b,y,v,k,w,j,S;let{s:N,mode:T,t:A,onClose:C}=e,_=ay(T),[E,M]=(0,a.useState)(!1);(0,a.useEffect)(()=>{let e=setTimeout(()=>M(!0),220);return()=>clearTimeout(e)},[]);let{quote:I}=(0,ar.U)(N.symbol,!0),z=null!=(p=null!=(u=null==I?void 0:I.price)?u:N.last_px)?p:N.spot,R=(null==I?void 0:I.price)!=null?""live"":null!=N.last_px?""now"":""spot @ scan"",[F,W]=(0,a.useState)(null),P=![""WATCHLIST"",""ARMED""].includes(N.state),D=null==(t=(Array.isArray(N.state_history)?N.state_history:[]).find(e=>![""WATCHLIST"",""","""].includes(e.state)))?void 0:t.at,L=null!=(m=N.entry_px)?m:(N.floor+N.zone_hi)/2,q=null!=(h=null!=(g=null==(n=N.contracts)?void 0:n[_])?g:N.contract)?h:void 0,O=P&&(null==q?void 0:q.current_return)!=null?q.current_return:null,B=null!=(x=null==q||null==(o=q.prem_series)||null==(l=o[0])?void 0:l[0])?x:D,G=!!(D&&B&&D.slice(11,16)!==B.slice(11,16)),V=null!=(f=N.t2)?f:N.t1,H=null!=N.t3&&null!=N.t2&&N.t3>N.t2?N.t3:null,K=(N.floor+N.zone_hi)/2,U=Math.min(N.stop,V),Y=Math.max(N.stop,V),X=e=>Math.max(2,Math.min(98,(e-U)/(Y-U||1)*100)),Q=X(K),$=null!=(b=au[N.state])?b:A.textMuted,J=""T1_TAG""===N.state||""T2_TAG""===N.state,Z=""T2_TAG""===N.state||""T3_TAG""===N.state,ee=""T3_TAG""===N.state,et=""INVALIDATED""=="
1536-064f08115df39c50.js,midas,8,34,296596,1,Midas,"ssName:""absolute inset-0 z-10 flex flex-col"",style:{background:""var(--mds-overlay)"",backdropFilter:""blur(var(--mds-blur)) saturate(165%)"",WebkitBackdropFilter:""blur(var(--mds-blur)) saturate(165%)""},children:[(0,r.jsxs)(""div"",{className:""flex items-center gap-3 px-3.5 py-3"",style:{borderBottom:""1px solid "".concat(A.headerBorder)},children:[(0,r.jsx)(""button"",{onClick:C,className:""rounded-[9px] px-3 py-1.5"",style:{fontSize:12.5,fontWeight:500,color:A.textPrimary,background:""rgba(var(--mds-ink),0.05)"",border:""1px solid rgba(var(--mds-ink),0.1)""},children:""‹ Back""}),(0,r.jsx)(""span"",{className:""uppercase"",style:{fontSize:9,letterSpacing:""0.16em"",color:A.textMuted},children:""Surfaced setup \xb7","""}),null!=z&&(0,r.jsxs)(""span"",{className:""ml-auto flex items-center gap-1.5 whitespace-nowrap rounded-md px-2 py-1"",title:"""".concat(N.symbol,"" "").concat(R,"" underlying spot""),style:{fontSize:11,fontWeight:600,color:A.textPrimary,background:""rgba(var(--mds-ink),0.05)"",border:""1px solid rgba(var(--mds-ink),0.1)"",fontVariantNumeric:""tabular-nums""},children:[(null==I?void 0:I.price)!=null&&(0,r.jsx)(""i"",{className:""rounded-full"",style:{width:5,height:5,background:A.liveDot,boxShadow:""0 0 5px "".concat(A.liveDot),animation:""pulse 1.6s ease-in-out infinite""}}),(0,r.jsx)(""span"",{style:{fontSize:9,fontWeight:700,letterSpacing:""0.08em"",color:A.textMuted},children:N.symbol}),z.toFixed(2)]})]}),(0,r.js"
1536-064f08115df39c50.js,talon,89,125,297322,1,talon,"s)(""span"",{className:""ml-auto flex items-center gap-1.5 whitespace-nowrap rounded-md px-2 py-1"",title:"""".concat(N.symbol,"" "").concat(R,"" underlying spot""),style:{fontSize:11,fontWeight:600,color:A.textPrimary,background:""rgba(var(--mds-ink),0.05)"",border:""1px solid rgba(var(--mds-ink),0.1)"",fontVariantNumeric:""tabular-nums""},children:[(null==I?void 0:I.price)!=null&&(0,r.jsx)(""i"",{className:""rounded-full"",style:{width:5,height:5,background:A.liveDot,boxShadow:""0 0 5px "".concat(A.liveDot),animation:""pulse 1.6s ease-in-out infinite""}}),(0,r.jsx)(""span"",{style:{fontSize:9,fontWeight:700,letterSpacing:""0.08em"",color:A.textMuted},children:N.symbol}),z.toFixed(2)]})]}),(0,r.jsx)(""div"",{className:""","-noscroll min-h-0 flex-1 overflow-y-auto p-3.5"",style:{overflowAnchor:""none"",scrollbarWidth:""none""},children:(0,r.jsxs)(""div"",{className:""overflow-hidden rounded-2xl"",style:{border:""1px solid rgba(var(--mds-ink),0.1)"",background:""linear-gradient(180deg,rgba(var(--mds-ink),0.06),rgba(var(--mds-ink),0.022))"",backdropFilter:""blur(var(--mds-blur)) saturate(160%)"",boxShadow:""inset 0 1px 0 rgba(var(--mds-ink),0.09), 0 12px 36px var(--mds-drop)""},children:[(0,r.jsxs)(""div"",{className:""flex items-start gap-3 px-4 pb-3 pt-4"",children:[(0,r.jsxs)(""div"",{className:""flex flex-col gap-1.5"",children:[(0,r.jsxs)(""div"",{className:""flex items-center gap-2.5"",children:[(0,r.jsx)(""span"",{style:{fontSize:19,fon"
1536-064f08115df39c50.js,midas,9,34,299117,1,midas,"fontSize:10,fontWeight:600,letterSpacing:""0.09em"",border:""1px solid "".concat($,""44""),background:""rgba(var(--mds-ink),0.05)"",color:$},children:N.state.replace(""_"","" "")})]}),(0,r.jsxs)(""div"",{style:{fontSize:11.5,color:A.textSecondary},children:[""Swing 2–10d \xb7 "",ax(N.setup_class),"" \xb7 scanned "",N.day]})]}),(0,r.jsxs)(""div"",{className:""ml-auto flex items-center gap-2.5"",children:[(0,r.jsxs)(""span"",{className:""flex flex-none items-center gap-1.5 whitespace-nowrap rounded-md px-2 py-1"",style:{fontSize:9,fontWeight:600,letterSpacing:""0.08em"",color:ac,border:""1px solid rgba(var(--mds-accent-rgb),0.32)"",background:""rgba(var(--mds-accent-rgb),0.06)""},children:[(0,r.jsx)(""img"",{src:""/agent-logos/",".png"",alt:"""",style:{width:13,height:13,objectFit:""contain""},onError:e=>{e.currentTarget.style.display=""none""}}),""MIDAS""]}),(0,r.jsx)(rf._I,{score:null!=(y=N.score)?y:50,size:46,skin:ai})]})]}),(0,r.jsxs)(""div"",{className:""mx-4 rounded-xl p-3.5"",style:{background:""linear-gradient(180deg, rgba(var(--mds-accent-rgb),0.06), rgba(var(--mds-ink),0.02))"",border:""1px solid rgba(var(--mds-accent-rgb),0.15)""},children:[(0,r.jsx)(""span"",{className:""mb-2 block uppercase"",style:{fontSize:9,fontWeight:600,letterSpacing:""0.18em"",color:A.textMuted},children:""The Idea""}),(0,r.jsxs)(""div"",{className:""flex flex-wrap items-baseline justify-between gap-x-2.5 gap-y-1"",children:[(0,r.jsx)(""span"",{style:{fontSize:1"
1536-064f08115df39c50.js,midas,10,34,299235,1,MIDAS,".05)"",color:$},children:N.state.replace(""_"","" "")})]}),(0,r.jsxs)(""div"",{style:{fontSize:11.5,color:A.textSecondary},children:[""Swing 2–10d \xb7 "",ax(N.setup_class),"" \xb7 scanned "",N.day]})]}),(0,r.jsxs)(""div"",{className:""ml-auto flex items-center gap-2.5"",children:[(0,r.jsxs)(""span"",{className:""flex flex-none items-center gap-1.5 whitespace-nowrap rounded-md px-2 py-1"",style:{fontSize:9,fontWeight:600,letterSpacing:""0.08em"",color:ac,border:""1px solid rgba(var(--mds-accent-rgb),0.32)"",background:""rgba(var(--mds-accent-rgb),0.06)""},children:[(0,r.jsx)(""img"",{src:""/agent-logos/midas.png"",alt:"""",style:{width:13,height:13,objectFit:""contain""},onError:e=>{e.currentTarget.style.display=""none""}}),""","""]}),(0,r.jsx)(rf._I,{score:null!=(y=N.score)?y:50,size:46,skin:ai})]})]}),(0,r.jsxs)(""div"",{className:""mx-4 rounded-xl p-3.5"",style:{background:""linear-gradient(180deg, rgba(var(--mds-accent-rgb),0.06), rgba(var(--mds-ink),0.02))"",border:""1px solid rgba(var(--mds-accent-rgb),0.15)""},children:[(0,r.jsx)(""span"",{className:""mb-2 block uppercase"",style:{fontSize:9,fontWeight:600,letterSpacing:""0.18em"",color:A.textMuted},children:""The Idea""}),(0,r.jsxs)(""div"",{className:""flex flex-wrap items-baseline justify-between gap-x-2.5 gap-y-1"",children:[(0,r.jsx)(""span"",{style:{fontSize:15,fontWeight:600,letterSpacing:""-0.005em"",color:A.textPrimary,fontVariantNumeric:""tabular-nums""},children:""equity""===T"
1536-064f08115df39c50.js,vex,9,21,300521,1,VEX,"15,fontWeight:600,letterSpacing:""-0.005em"",color:A.textPrimary,fontVariantNumeric:""tabular-nums""},children:""equity""===T?(0,r.jsxs)(r.Fragment,{children:[N.symbol,"" "",(0,r.jsx)(""b"",{style:{color:ac,fontWeight:700},children:""shares""}),q?(0,r.jsxs)(""span"",{style:{color:A.textMuted,fontWeight:500},children:["" \xb7 time stop "",q.expiration]}):null]}):(0,r.jsxs)(r.Fragment,{children:[N.symbol,"" "",q?(0,r.jsxs)(""b"",{style:{color:ac,fontWeight:700},children:[q.strike,q.right,"" "",q.expiration]}):(0,r.jsxs)(""b"",{style:{color:ac,fontWeight:700},children:[""zone "",N.floor,""–"",N.zone_hi.toFixed(2)]}),q?"" \xb7 "".concat(af(q.expiration,N.day)).concat(Date.parse(q.expiration)>=Date.now()-864e5?""normal""===_?""","runway"":"" weekly"":""""):""""]})}),""equity""===T?(null!=(v=null==(i=N.equity)?void 0:i.entry_px)?v:N.entry_px)!=null&&(0,r.jsxs)(""span"",{className:""whitespace-nowrap"",title:""stock entry at the trigger"",style:{fontSize:13,fontWeight:600,color:A.textPrimary,fontVariantNumeric:""tabular-nums""},children:[""@ "",(null!=(k=null==(c=N.equity)?void 0:c.entry_px)?k:N.entry_px).toFixed(2)]}):(null!=(w=null==q?void 0:q.entry_prem)?w:null==q?void 0:q.mark)!=null&&(0,r.jsxs)(""span"",{className:""whitespace-nowrap"",style:{fontSize:13,fontWeight:600,color:A.textPrimary,fontVariantNumeric:""tabular-nums""},children:[""@ "",(null!=(j=q.entry_prem)?j:q.mark).toFixed(2)]})]}),(0,r.jsxs)(""div"",{className:""mt-2.5 flex flex-wr"
1536-064f08115df39c50.js,trigger,6,19,300712,1,trigger,"or:ac,fontWeight:700},children:""shares""}),q?(0,r.jsxs)(""span"",{style:{color:A.textMuted,fontWeight:500},children:["" \xb7 time stop "",q.expiration]}):null]}):(0,r.jsxs)(r.Fragment,{children:[N.symbol,"" "",q?(0,r.jsxs)(""b"",{style:{color:ac,fontWeight:700},children:[q.strike,q.right,"" "",q.expiration]}):(0,r.jsxs)(""b"",{style:{color:ac,fontWeight:700},children:[""zone "",N.floor,""–"",N.zone_hi.toFixed(2)]}),q?"" \xb7 "".concat(af(q.expiration,N.day)).concat(Date.parse(q.expiration)>=Date.now()-864e5?""normal""===_?"" VEX runway"":"" weekly"":""""):""""]})}),""equity""===T?(null!=(v=null==(i=N.equity)?void 0:i.entry_px)?v:N.entry_px)!=null&&(0,r.jsxs)(""span"",{className:""whitespace-nowrap"",title:""stock entry at the",""",style:{fontSize:13,fontWeight:600,color:A.textPrimary,fontVariantNumeric:""tabular-nums""},children:[""@ "",(null!=(k=null==(c=N.equity)?void 0:c.entry_px)?k:N.entry_px).toFixed(2)]}):(null!=(w=null==q?void 0:q.entry_prem)?w:null==q?void 0:q.mark)!=null&&(0,r.jsxs)(""span"",{className:""whitespace-nowrap"",style:{fontSize:13,fontWeight:600,color:A.textPrimary,fontVariantNumeric:""tabular-nums""},children:[""@ "",(null!=(j=q.entry_prem)?j:q.mark).toFixed(2)]})]}),(0,r.jsxs)(""div"",{className:""mt-2.5 flex flex-wrap items-center gap-x-3 gap-y-1"",style:{fontSize:11.5,fontVariantNumeric:""tabular-nums""},children:[(0,r.jsxs)(""span"",{style:{color:A.textMuted},title:G?""signal fired "".concat((0,rf.uY)(D),"" — ent"
1536-064f08115df39c50.js,fired,10,13,301384,1,fired,""",title:""stock entry at the trigger"",style:{fontSize:13,fontWeight:600,color:A.textPrimary,fontVariantNumeric:""tabular-nums""},children:[""@ "",(null!=(k=null==(c=N.equity)?void 0:c.entry_px)?k:N.entry_px).toFixed(2)]}):(null!=(w=null==q?void 0:q.entry_prem)?w:null==q?void 0:q.mark)!=null&&(0,r.jsxs)(""span"",{className:""whitespace-nowrap"",style:{fontSize:13,fontWeight:600,color:A.textPrimary,fontVariantNumeric:""tabular-nums""},children:[""@ "",(null!=(j=q.entry_prem)?j:q.mark).toFixed(2)]})]}),(0,r.jsxs)(""div"",{className:""mt-2.5 flex flex-wrap items-center gap-x-3 gap-y-1"",style:{fontSize:11.5,fontVariantNumeric:""tabular-nums""},children:[(0,r.jsxs)(""span"",{style:{color:A.textMuted},title:G?""signal",""".concat((0,rf.uY)(D),"" — entry held to "").concat((0,rf.uY)(B),"" by the 09:40 stand-down rule""):void 0,children:[""Entry "",(0,r.jsx)(""b"",{style:{color:A.textPrimary,fontWeight:700},children:P?L.toFixed(2):"""".concat(N.floor.toFixed(2),""–"").concat(N.zone_hi.toFixed(2))}),!P&&(0,r.jsx)(""span"",{style:{fontSize:9.5},children:"" zone""}),P&&B&&(0,r.jsxs)(""span"",{style:{fontSize:9.5},children:["" \xb7 "",(0,rf.uY)(B),G&&(0,r.jsxs)(""span"",{style:{opacity:.7},children:["" \xb7 signal "",(0,rf.uY)(D)]})]})]}),N.equity&&(0,r.jsxs)(""span"",{style:{color:A.textMuted},title:""STOCK mode — the same trigger taken in "".concat(N.symbol,"" shares under the equity-scaled playbook: "").concat(N.equity.tranches,"" tranche"")"
1536-064f08115df39c50.js,trigger,7,19,301972,1,trigger,":11.5,fontVariantNumeric:""tabular-nums""},children:[(0,r.jsxs)(""span"",{style:{color:A.textMuted},title:G?""signal fired "".concat((0,rf.uY)(D),"" — entry held to "").concat((0,rf.uY)(B),"" by the 09:40 stand-down rule""):void 0,children:[""Entry "",(0,r.jsx)(""b"",{style:{color:A.textPrimary,fontWeight:700},children:P?L.toFixed(2):"""".concat(N.floor.toFixed(2),""–"").concat(N.zone_hi.toFixed(2))}),!P&&(0,r.jsx)(""span"",{style:{fontSize:9.5},children:"" zone""}),P&&B&&(0,r.jsxs)(""span"",{style:{fontSize:9.5},children:["" \xb7 "",(0,rf.uY)(B),G&&(0,r.jsxs)(""span"",{style:{opacity:.7},children:["" \xb7 signal "",(0,rf.uY)(D)]})]})]}),N.equity&&(0,r.jsxs)(""span"",{style:{color:A.textMuted},title:""STOCK mode — the same","taken in "".concat(N.symbol,"" shares under the equity-scaled playbook: "").concat(N.equity.tranches,"" tranche"").concat(N.equity.tranches>1?""s"":"""","" \xb7 avg $"").concat(N.equity.avg_entry.toFixed(2)).concat(N.equity.banked_at?"" \xb7 banked @ "".concat(N.equity.banked_at.slice(-5)):""""),children:[""Stock "",(0,r.jsxs)(""b"",{style:{color:N.equity.return_pct>=0?""var(--mds-bull)"":""var(--mds-bear)"",fontWeight:700},children:[N.equity.return_pct>=0?""+"":"""",N.equity.return_pct.toFixed(1),""%""]}),null!=N.equity.max_up&&(0,r.jsxs)(""span"",{style:{fontSize:9.5},children:["" \xb7 peak +"",N.equity.max_up.toFixed(1),""%""]})]}),(()=>{var e,t;let n=""equity""===T?null==(e=N.equity)?void 0:e.events:null==q||null==(t=q.pla"
1536-064f08115df39c50.js,playbook,50,77,302040,1,playbook,",{style:{color:A.textMuted},title:G?""signal fired "".concat((0,rf.uY)(D),"" — entry held to "").concat((0,rf.uY)(B),"" by the 09:40 stand-down rule""):void 0,children:[""Entry "",(0,r.jsx)(""b"",{style:{color:A.textPrimary,fontWeight:700},children:P?L.toFixed(2):"""".concat(N.floor.toFixed(2),""–"").concat(N.zone_hi.toFixed(2))}),!P&&(0,r.jsx)(""span"",{style:{fontSize:9.5},children:"" zone""}),P&&B&&(0,r.jsxs)(""span"",{style:{fontSize:9.5},children:["" \xb7 "",(0,rf.uY)(B),G&&(0,r.jsxs)(""span"",{style:{opacity:.7},children:["" \xb7 signal "",(0,rf.uY)(D)]})]})]}),N.equity&&(0,r.jsxs)(""span"",{style:{color:A.textMuted},title:""STOCK mode — the same trigger taken in "".concat(N.symbol,"" shares under the equity-scaled",": "").concat(N.equity.tranches,"" tranche"").concat(N.equity.tranches>1?""s"":"""","" \xb7 avg $"").concat(N.equity.avg_entry.toFixed(2)).concat(N.equity.banked_at?"" \xb7 banked @ "".concat(N.equity.banked_at.slice(-5)):""""),children:[""Stock "",(0,r.jsxs)(""b"",{style:{color:N.equity.return_pct>=0?""var(--mds-bull)"":""var(--mds-bear)"",fontWeight:700},children:[N.equity.return_pct>=0?""+"":"""",N.equity.return_pct.toFixed(1),""%""]}),null!=N.equity.max_up&&(0,r.jsxs)(""span"",{style:{fontSize:9.5},children:["" \xb7 peak +"",N.equity.max_up.toFixed(1),""%""]})]}),(()=>{var e,t;let n=""equity""===T?null==(e=N.equity)?void 0:e.events:null==q||null==(t=q.playbook)?void 0:t.events;return(null==n?void 0:n.length)?(0,r.jsx)(""spa"
1536-064f08115df39c50.js,playbook,51,77,302676,1,playbook,"ger taken in "".concat(N.symbol,"" shares under the equity-scaled playbook: "").concat(N.equity.tranches,"" tranche"").concat(N.equity.tranches>1?""s"":"""","" \xb7 avg $"").concat(N.equity.avg_entry.toFixed(2)).concat(N.equity.banked_at?"" \xb7 banked @ "".concat(N.equity.banked_at.slice(-5)):""""),children:[""Stock "",(0,r.jsxs)(""b"",{style:{color:N.equity.return_pct>=0?""var(--mds-bull)"":""var(--mds-bear)"",fontWeight:700},children:[N.equity.return_pct>=0?""+"":"""",N.equity.return_pct.toFixed(1),""%""]}),null!=N.equity.max_up&&(0,r.jsxs)(""span"",{style:{fontSize:9.5},children:["" \xb7 peak +"",N.equity.max_up.toFixed(1),""%""]})]}),(()=>{var e,t;let n=""equity""===T?null==(e=N.equity)?void 0:e.events:null==q||null==(t=q.",")?void 0:t.events;return(null==n?void 0:n.length)?(0,r.jsx)(""span"",{style:{flexBasis:""100%"",fontSize:10,color:A.textMuted,fontFamily:""var(--font-mono, monospace)"",fontVariantNumeric:""tabular-nums""},title:""EXECUTION (simulated) — rule-based fills on the recorded tape: probe entry, scale-ins on drawdown only, partial exit locks the win (stop → breakeven), runner trails. The policy behind the win-rate stats; no live orders."",children:n.map(e=>"""".concat(e.t?"""".concat(e.t.slice(-5),"" ""):"""").concat(e.ev).concat(null!=e.frac?"" "".concat(Math.round(100*e.frac),""%""):"""","" @$"").concat(e.px)).join("" \xb7 "")}):null})(),(()=>{var e;if((null==q?void 0:q.expiration)&&q.expiration<new Date().toISOString().sli"
1536-064f08115df39c50.js,playbook,52,77,304722,1,playbook,"void 0:q.max_return)!=null&&(0,r.jsxs)(""div"",{className:""mt-2.5 flex items-center gap-2"",children:[(0,r.jsxs)(""span"",{className:""rounded-md px-2 py-1"",style:{fontSize:10.5,fontWeight:500,color:A.textSecondary,background:""rgba(var(--mds-bull-rgb),0.09)"",border:""1px solid rgba(var(--mds-bull-rgb),0.2)""},children:[""max "",(0,r.jsxs)(""b"",{style:{color:q.max_return>=0?""var(--mds-bull)"":""var(--mds-bear)"",fontWeight:700},children:[q.max_return>=0?""+"":"""",(0,rf.pT)(q.max_return),""%""]}),q.peak_time?(0,r.jsxs)(""span"",{style:{color:A.textMuted,fontWeight:500},children:["" @ "",(0,rf.uY)(q.peak_time)]}):null]}),null!=q.managed_return&&(0,r.jsxs)(""span"",{className:""rounded-md px-2 py-1"",title:""Managed swing","— probe, up to 2 adds at −40%/−60%, bank at +80% on the lowered basis"",style:{fontSize:10.5,fontWeight:500,color:A.textSecondary,background:""rgba(var(--mds-bull-rgb),0.09)"",border:""1px solid rgba(var(--mds-bull-rgb),0.2)""},children:[""managed "",(0,r.jsxs)(""b"",{style:{color:q.managed_return>=0?""var(--mds-bull)"":""var(--mds-bear)"",fontWeight:700},children:[q.managed_return>=0?""+"":"""",(0,rf.pT)(q.managed_return),""%""]})]}),null!=q.current_return&&(0,r.jsxs)(""span"",{className:""rounded-md px-2 py-1"",style:{fontSize:10.5,fontWeight:500,color:A.textSecondary,background:""rgba(var(--mds-ink),0.05)"",border:""1px solid rgba(var(--mds-ink),0.1)""},children:[""now "",(0,r.jsxs)(""b"",{style:{color:q.current_retur"
1536-064f08115df39c50.js,trigger,8,19,306586,1,trigger,"e:{color:""var(--mds-warn)"",fontSize:11},children:""⚠""}),(0,r.jsxs)(""span"",{children:[(0,r.jsx)(""b"",{style:{color:""var(--mds-warn)"",fontWeight:600},children:""Risk""}),"" \xb7 column-2 shows a deeper floor "",en,""% below — drawdown room if "",N.floor,"" fails""]})]})}),(0,r.jsx)(ak,{s:N,t:A}),""equity""!==T&&q&&!(q.prem_series&&q.prem_series.length>1)&&(0,r.jsx)(""div"",{className:""mx-4 mt-4 rounded-xl p-3.5"",style:{background:""rgba(var(--mds-ink),0.03)"",border:""1px solid rgba(var(--mds-ink),0.09)""},children:(0,r.jsxs)(""span"",{className:""block uppercase"",style:{fontSize:9,fontWeight:600,letterSpacing:""0.18em"",color:A.textMuted},children:[""Contract tape \xb7 per-minute median — "",P?""building…"":""starts at","""]})}),""equity""!==T&&(null==q?void 0:q.prem_series)&&q.prem_series.length>1&&(0,r.jsxs)(""div"",{className:""mx-4 mt-4 rounded-xl p-3.5"",style:{background:""rgba(var(--mds-ink),0.03)"",border:""1px solid rgba(var(--mds-ink),0.09)""},children:[(0,r.jsx)(""span"",{className:""mb-2 block uppercase"",style:{fontSize:9,fontWeight:600,letterSpacing:""0.18em"",color:A.textMuted},children:""Contract tape \xb7 per-minute median""}),(0,r.jsx)(rf.go,{series:q.prem_series,entry:q.entry_prem,peakTime:q.peak_time,t:A,skin:ai,formatTick:e=>(0,rf.uY)(e),scrubTime:F,onScrub:W}),(0,r.jsx)(""div"",{className:""mt-2.5"",children:(0,r.jsx)(ag,{c:q,t:A})})]}),""equity""!==T&&q&&(0,r.jsx)(rf.Sl,{endpoint:""/falcon/contract_flow"",contra"
1536-064f08115df39c50.js,falcon,23,35,307265,1,falcon,"uilding…"":""starts at trigger""]})}),""equity""!==T&&(null==q?void 0:q.prem_series)&&q.prem_series.length>1&&(0,r.jsxs)(""div"",{className:""mx-4 mt-4 rounded-xl p-3.5"",style:{background:""rgba(var(--mds-ink),0.03)"",border:""1px solid rgba(var(--mds-ink),0.09)""},children:[(0,r.jsx)(""span"",{className:""mb-2 block uppercase"",style:{fontSize:9,fontWeight:600,letterSpacing:""0.18em"",color:A.textMuted},children:""Contract tape \xb7 per-minute median""}),(0,r.jsx)(rf.go,{series:q.prem_series,entry:q.entry_prem,peakTime:q.peak_time,t:A,skin:ai,formatTick:e=>(0,rf.uY)(e),scrubTime:F,onScrub:W}),(0,r.jsx)(""div"",{className:""mt-2.5"",children:(0,r.jsx)(ag,{c:q,t:A})})]}),""equity""!==T&&q&&(0,r.jsx)(rf.Sl,{endpoint:""/","/contract_flow"",contract:"""".concat(N.symbol,"" "").concat(q.strike).concat(q.right),expiryIso:q.expiration,entryDate:(null!=B?B:"""".concat(N.day,"" 09:30"")).slice(0,10),since:(null!=B?B:"""".concat(N.day,"" 09:30"")).slice(11,16)||""09:30"",side:""LONG"",horizon:7,t:A,skin:ai,scrubTime:F,onScrub:W}),(0,r.jsxs)(""div"",{className:""mx-5 mt-5"",children:[(0,r.jsxs)(""div"",{className:""mb-1 flex items-center justify-between"",children:[(0,r.jsx)(""span"",{className:""uppercase"",style:{fontSize:8.5,fontWeight:600,letterSpacing:""0.16em"",color:A.textMuted},children:""Trade map \xb7 entry \xb7 drawdown \xb7 peak""}),(0,r.jsxs)(""span"",{className:""flex flex-wrap items-center justify-end gap-x-2.5 gap-y-0.5"",style:{fontVaria"
1536-064f08115df39c50.js,vex,10,21,312805,1,VEX,"style:{fontSize:9.5,marginTop:1,color:A.textMuted},children:[""risk "",Math.abs(K-N.stop).toFixed(2),"" pt \xb7 reference""]})]}),(0,r.jsxs)(""div"",{style:{textAlign:""right""},children:[(0,r.jsxs)(""div"",{style:{fontSize:8.5,fontWeight:700,letterSpacing:""0.12em"",color:Z?""var(--mds-bull)"":""rgba(var(--mds-bull-rgb),0.85)"",textShadow:Z?""0 0 8px rgba(var(--mds-bull-rgb),0.55)"":void 0},children:[""TARGET"",Z?"" ✓ ACQUIRED"":""""]}),(0,r.jsx)(""div"",{style:{fontSize:14.5,fontWeight:600,marginTop:2,color:A.textPrimary,fontVariantNumeric:""tabular-nums""},children:V.toFixed(2)}),(0,r.jsxs)(""div"",{style:{fontSize:9.5,marginTop:1,color:A.textMuted},children:[""reward "",Math.abs(V-K).toFixed(2),"" pt"",null!=N.t2?"" \xb7","magnet"":"" \xb7 GEX ceiling""]}),null!=H&&(0,r.jsxs)(""div"",{style:{fontSize:9,marginTop:1,color:A.textMuted,opacity:.7},title:""uncapped runner magnet — a marker for the tail, not a target"",children:[""runner ext "",H,ee?"" ✓"":""""]})]})]})]}),(0,r.jsxs)(""div"",{className:""px-4 pb-4 pt-3.5"",children:[(0,r.jsxs)(""div"",{className:""mb-2.5 flex items-center gap-1.5"",style:{fontSize:9,fontWeight:600,letterSpacing:""0.13em"",color:ac},children:[(0,r.jsx)(""i"",{className:""rounded-full"",style:{width:5,height:5,background:ac,boxShadow:""0 0 6px "".concat(ac)}}),""MIDAS \xb7 RATIONALE""]}),(0,r.jsxs)(""div"",{className:""flex flex-col gap-1.5"",style:{opacity:E?1:.25,transition:""opacity .4s ease""},children:[(0,r.jsxs)("""
1536-064f08115df39c50.js,gex,10,20,312824,1,GEX,",marginTop:1,color:A.textMuted},children:[""risk "",Math.abs(K-N.stop).toFixed(2),"" pt \xb7 reference""]})]}),(0,r.jsxs)(""div"",{style:{textAlign:""right""},children:[(0,r.jsxs)(""div"",{style:{fontSize:8.5,fontWeight:700,letterSpacing:""0.12em"",color:Z?""var(--mds-bull)"":""rgba(var(--mds-bull-rgb),0.85)"",textShadow:Z?""0 0 8px rgba(var(--mds-bull-rgb),0.55)"":void 0},children:[""TARGET"",Z?"" ✓ ACQUIRED"":""""]}),(0,r.jsx)(""div"",{style:{fontSize:14.5,fontWeight:600,marginTop:2,color:A.textPrimary,fontVariantNumeric:""tabular-nums""},children:V.toFixed(2)}),(0,r.jsxs)(""div"",{style:{fontSize:9.5,marginTop:1,color:A.textMuted},children:[""reward "",Math.abs(V-K).toFixed(2),"" pt"",null!=N.t2?"" \xb7 VEX magnet"":"" \xb7","ceiling""]}),null!=H&&(0,r.jsxs)(""div"",{style:{fontSize:9,marginTop:1,color:A.textMuted,opacity:.7},title:""uncapped runner magnet — a marker for the tail, not a target"",children:[""runner ext "",H,ee?"" ✓"":""""]})]})]})]}),(0,r.jsxs)(""div"",{className:""px-4 pb-4 pt-3.5"",children:[(0,r.jsxs)(""div"",{className:""mb-2.5 flex items-center gap-1.5"",style:{fontSize:9,fontWeight:600,letterSpacing:""0.13em"",color:ac},children:[(0,r.jsx)(""i"",{className:""rounded-full"",style:{width:5,height:5,background:ac,boxShadow:""0 0 6px "".concat(ac)}}),""MIDAS \xb7 RATIONALE""]}),(0,r.jsxs)(""div"",{className:""flex flex-col gap-1.5"",style:{opacity:E?1:.25,transition:""opacity .4s ease""},children:[(0,r.jsxs)(""div"",{style:{fontSi"
1536-064f08115df39c50.js,midas,11,34,313355,1,MIDAS,"oFixed(2)}),(0,r.jsxs)(""div"",{style:{fontSize:9.5,marginTop:1,color:A.textMuted},children:[""reward "",Math.abs(V-K).toFixed(2),"" pt"",null!=N.t2?"" \xb7 VEX magnet"":"" \xb7 GEX ceiling""]}),null!=H&&(0,r.jsxs)(""div"",{style:{fontSize:9,marginTop:1,color:A.textMuted,opacity:.7},title:""uncapped runner magnet — a marker for the tail, not a target"",children:[""runner ext "",H,ee?"" ✓"":""""]})]})]})]}),(0,r.jsxs)(""div"",{className:""px-4 pb-4 pt-3.5"",children:[(0,r.jsxs)(""div"",{className:""mb-2.5 flex items-center gap-1.5"",style:{fontSize:9,fontWeight:600,letterSpacing:""0.13em"",color:ac},children:[(0,r.jsx)(""i"",{className:""rounded-full"",style:{width:5,height:5,background:ac,boxShadow:""0 0 6px "".concat(ac)}}),""","\xb7 RATIONALE""]}),(0,r.jsxs)(""div"",{className:""flex flex-col gap-1.5"",style:{opacity:E?1:.25,transition:""opacity .4s ease""},children:[(0,r.jsxs)(""div"",{style:{fontSize:12.5,fontWeight:600,color:A.textPrimary,lineHeight:1.5},children:[""Column-1 GEX floor at "",N.floor,"" (pok "",N.floor_pok.toFixed(2),"") with column-2 corroboration — snipe the deflection, short-term to the "",N.t1,"" GEX ceiling"",null!=N.t2?"", swing to the "".concat(N.t2,"" VEX magnet""):"""","".""]}),N.reasons.map((e,t)=>(0,r.jsxs)(""div"",{className:""flex items-baseline gap-2"",style:{fontSize:11.5,lineHeight:1.55},children:[(0,r.jsx)(""b"",{style:{color:ac,fontWeight:700,minWidth:30},children:""\xb7""}),(0,r.jsx)(""span"",{style:{color:A.tex"
1536-064f08115df39c50.js,gex,11,20,313606,1,GEX,"extMuted,opacity:.7},title:""uncapped runner magnet — a marker for the tail, not a target"",children:[""runner ext "",H,ee?"" ✓"":""""]})]})]})]}),(0,r.jsxs)(""div"",{className:""px-4 pb-4 pt-3.5"",children:[(0,r.jsxs)(""div"",{className:""mb-2.5 flex items-center gap-1.5"",style:{fontSize:9,fontWeight:600,letterSpacing:""0.13em"",color:ac},children:[(0,r.jsx)(""i"",{className:""rounded-full"",style:{width:5,height:5,background:ac,boxShadow:""0 0 6px "".concat(ac)}}),""MIDAS \xb7 RATIONALE""]}),(0,r.jsxs)(""div"",{className:""flex flex-col gap-1.5"",style:{opacity:E?1:.25,transition:""opacity .4s ease""},children:[(0,r.jsxs)(""div"",{style:{fontSize:12.5,fontWeight:600,color:A.textPrimary,lineHeight:1.5},children:[""Column-1","floor at "",N.floor,"" (pok "",N.floor_pok.toFixed(2),"") with column-2 corroboration — snipe the deflection, short-term to the "",N.t1,"" GEX ceiling"",null!=N.t2?"", swing to the "".concat(N.t2,"" VEX magnet""):"""","".""]}),N.reasons.map((e,t)=>(0,r.jsxs)(""div"",{className:""flex items-baseline gap-2"",style:{fontSize:11.5,lineHeight:1.55},children:[(0,r.jsx)(""b"",{style:{color:ac,fontWeight:700,minWidth:30},children:""\xb7""}),(0,r.jsx)(""span"",{style:{color:A.textSecondary},children:e})]},t)),(0,r.jsxs)(""div"",{style:{fontSize:11.5,color:A.textPrimary,fontVariantNumeric:""tabular-nums""},children:[(0,r.jsx)(""b"",{style:{color:A.textMuted,fontWeight:600},children:""Plan""}),"" \xb7 enter "",N.floor,""–"",N.zone_hi.toF"
1536-064f08115df39c50.js,gex,12,20,313743,1,GEX,"),(0,r.jsxs)(""div"",{className:""px-4 pb-4 pt-3.5"",children:[(0,r.jsxs)(""div"",{className:""mb-2.5 flex items-center gap-1.5"",style:{fontSize:9,fontWeight:600,letterSpacing:""0.13em"",color:ac},children:[(0,r.jsx)(""i"",{className:""rounded-full"",style:{width:5,height:5,background:ac,boxShadow:""0 0 6px "".concat(ac)}}),""MIDAS \xb7 RATIONALE""]}),(0,r.jsxs)(""div"",{className:""flex flex-col gap-1.5"",style:{opacity:E?1:.25,transition:""opacity .4s ease""},children:[(0,r.jsxs)(""div"",{style:{fontSize:12.5,fontWeight:600,color:A.textPrimary,lineHeight:1.5},children:[""Column-1 GEX floor at "",N.floor,"" (pok "",N.floor_pok.toFixed(2),"") with column-2 corroboration — snipe the deflection, short-term to the "",N.t1,""","ceiling"",null!=N.t2?"", swing to the "".concat(N.t2,"" VEX magnet""):"""","".""]}),N.reasons.map((e,t)=>(0,r.jsxs)(""div"",{className:""flex items-baseline gap-2"",style:{fontSize:11.5,lineHeight:1.55},children:[(0,r.jsx)(""b"",{style:{color:ac,fontWeight:700,minWidth:30},children:""\xb7""}),(0,r.jsx)(""span"",{style:{color:A.textSecondary},children:e})]},t)),(0,r.jsxs)(""div"",{style:{fontSize:11.5,color:A.textPrimary,fontVariantNumeric:""tabular-nums""},children:[(0,r.jsx)(""b"",{style:{color:A.textMuted,fontWeight:600},children:""Plan""}),"" \xb7 enter "",N.floor,""–"",N.zone_hi.toFixed(2),"" \xb7 stop "",N.stop.toFixed(2),"" daily close \xb7 bank half T1 "",N.t1,"" \xb7 runner to "",V]}),(0,r.jsxs)(""div"",{style:{fontSize:"
1536-064f08115df39c50.js,vex,11,21,313799,1,VEX,"n:[(0,r.jsxs)(""div"",{className:""mb-2.5 flex items-center gap-1.5"",style:{fontSize:9,fontWeight:600,letterSpacing:""0.13em"",color:ac},children:[(0,r.jsx)(""i"",{className:""rounded-full"",style:{width:5,height:5,background:ac,boxShadow:""0 0 6px "".concat(ac)}}),""MIDAS \xb7 RATIONALE""]}),(0,r.jsxs)(""div"",{className:""flex flex-col gap-1.5"",style:{opacity:E?1:.25,transition:""opacity .4s ease""},children:[(0,r.jsxs)(""div"",{style:{fontSize:12.5,fontWeight:600,color:A.textPrimary,lineHeight:1.5},children:[""Column-1 GEX floor at "",N.floor,"" (pok "",N.floor_pok.toFixed(2),"") with column-2 corroboration — snipe the deflection, short-term to the "",N.t1,"" GEX ceiling"",null!=N.t2?"", swing to the "".concat(N.t2,""","magnet""):"""","".""]}),N.reasons.map((e,t)=>(0,r.jsxs)(""div"",{className:""flex items-baseline gap-2"",style:{fontSize:11.5,lineHeight:1.55},children:[(0,r.jsx)(""b"",{style:{color:ac,fontWeight:700,minWidth:30},children:""\xb7""}),(0,r.jsx)(""span"",{style:{color:A.textSecondary},children:e})]},t)),(0,r.jsxs)(""div"",{style:{fontSize:11.5,color:A.textPrimary,fontVariantNumeric:""tabular-nums""},children:[(0,r.jsx)(""b"",{style:{color:A.textMuted,fontWeight:600},children:""Plan""}),"" \xb7 enter "",N.floor,""–"",N.zone_hi.toFixed(2),"" \xb7 stop "",N.stop.toFixed(2),"" daily close \xb7 bank half T1 "",N.t1,"" \xb7 runner to "",V]}),(0,r.jsxs)(""div"",{style:{fontSize:11,color:A.textSecondary},children:[(0,r.jsx)(""b"",{style"
1536-064f08115df39c50.js,midas,12,34,316004,1,midas,"ne""},children:(0,rf.uY)(e.at)}),(0,r.jsx)(""b"",{style:{color:null!=(n=au[e.state])?n:A.textPrimary,fontWeight:600},children:e.state.replace(""_"","" "")}),(0,r.jsx)(""span"",{children:e.note})]},t)})]})]})]})})]})}function aj(e){var t,n,l,o,s,i,c,d,u,p,m,g;let{theme:h,isDark:x=!0,isMono:f=!1,panelBlur:b=14}=e,{isAdmin:y}=(0,ec.$)(),[k,w]=(0,a.useState)(null),[j]=(0,a.useState)(""conservative""),[S,N]=(0,a.useState)(null),[T,A]=(0,a.useState)(new Set),C=(0,a.useRef)(null),{getToken:_}=(0,v.d)();(0,an.rM)(_),(0,a.useEffect)(()=>{if(!S)return;let e=e=>{""Escape""===e.key&&N(null)};return window.addEventListener(""keydown"",e),()=>window.removeEventListener(""keydown"",e)},[S]);let E=""conservative""===j,M=al(""/",""",E?""conservative"":void 0),I=aa(3e4,k,""/midas"",E?""conservative"":void 0),z=ao(),[R,F]=(0,a.useState)(!1),[W,P]=(0,a.useState)(""""),[D,L]=(0,a.useState)(null),q=(0,a.useRef)(null),[O,B]=(0,a.useState)(null);(0,a.useEffect)(()=>{if(null===D||!q.current)return void B(null);let e=q.current.getBoundingClientRect(),t=Math.min(256,window.innerWidth-16);B({left:Math.max(8,Math.min(e.right-t,window.innerWidth-t-8))-e.left,width:t})},[D]);let[G,V]=(0,a.useState)(null);(0,a.useEffect)(()=>{let e=W.trim();if(e.length<2)return void L(null);let t=setTimeout(async()=>{try{let t=await fetch(""/midas/search?q="".concat(encodeURIComponent(e),""&mode="").concat(j,""&strategy=conservative""),{cache:""no-store""}),n=await"
1536-064f08115df39c50.js,midas,13,34,316049,1,midas,",{style:{color:null!=(n=au[e.state])?n:A.textPrimary,fontWeight:600},children:e.state.replace(""_"","" "")}),(0,r.jsx)(""span"",{children:e.note})]},t)})]})]})]})})]})}function aj(e){var t,n,l,o,s,i,c,d,u,p,m,g;let{theme:h,isDark:x=!0,isMono:f=!1,panelBlur:b=14}=e,{isAdmin:y}=(0,ec.$)(),[k,w]=(0,a.useState)(null),[j]=(0,a.useState)(""conservative""),[S,N]=(0,a.useState)(null),[T,A]=(0,a.useState)(new Set),C=(0,a.useRef)(null),{getToken:_}=(0,v.d)();(0,an.rM)(_),(0,a.useEffect)(()=>{if(!S)return;let e=e=>{""Escape""===e.key&&N(null)};return window.addEventListener(""keydown"",e),()=>window.removeEventListener(""keydown"",e)},[S]);let E=""conservative""===j,M=al(""/midas"",E?""conservative"":void 0),I=aa(3e4,k,""/",""",E?""conservative"":void 0),z=ao(),[R,F]=(0,a.useState)(!1),[W,P]=(0,a.useState)(""""),[D,L]=(0,a.useState)(null),q=(0,a.useRef)(null),[O,B]=(0,a.useState)(null);(0,a.useEffect)(()=>{if(null===D||!q.current)return void B(null);let e=q.current.getBoundingClientRect(),t=Math.min(256,window.innerWidth-16);B({left:Math.max(8,Math.min(e.right-t,window.innerWidth-t-8))-e.left,width:t})},[D]);let[G,V]=(0,a.useState)(null);(0,a.useEffect)(()=>{let e=W.trim();if(e.length<2)return void L(null);let t=setTimeout(async()=>{try{let t=await fetch(""/midas/search?q="".concat(encodeURIComponent(e),""&mode="").concat(j,""&strategy=conservative""),{cache:""no-store""}),n=await t.json();L(Array.isArray(null==n?void 0:n.re"
1536-064f08115df39c50.js,midas,14,34,316591,1,midas,".addEventListener(""keydown"",e),()=>window.removeEventListener(""keydown"",e)},[S]);let E=""conservative""===j,M=al(""/midas"",E?""conservative"":void 0),I=aa(3e4,k,""/midas"",E?""conservative"":void 0),z=ao(),[R,F]=(0,a.useState)(!1),[W,P]=(0,a.useState)(""""),[D,L]=(0,a.useState)(null),q=(0,a.useRef)(null),[O,B]=(0,a.useState)(null);(0,a.useEffect)(()=>{if(null===D||!q.current)return void B(null);let e=q.current.getBoundingClientRect(),t=Math.min(256,window.innerWidth-16);B({left:Math.max(8,Math.min(e.right-t,window.innerWidth-t-8))-e.left,width:t})},[D]);let[G,V]=(0,a.useState)(null);(0,a.useEffect)(()=>{let e=W.trim();if(e.length<2)return void L(null);let t=setTimeout(async()=>{try{let t=await fetch(""/","/search?q="".concat(encodeURIComponent(e),""&mode="").concat(j,""&strategy=conservative""),{cache:""no-store""}),n=await t.json();L(Array.isArray(null==n?void 0:n.results)?n.results:[])}catch(e){L([])}},350);return()=>clearTimeout(t)},[W,j]),(0,a.useEffect)(()=>{var e;if(!G||!I)return;let t=(null!=(e=I.setups)?e:[]).find(e=>e.symbol===G.symbol&&e.day===G.day);t&&(N(t),V(null))},[G,I]);let H=W.trim().toLowerCase(),[K,U]=(0,a.useState)(!1),Y=(null!=(t=null==I?void 0:I.setups)?t:[]).filter(e=>""radar""===e.tier).length,X=e=>{var t,n,r;let a=(Array.isArray(e.state_history)?e.state_history:[]).find(e=>""TRIGGERED""===e.state),l=String(null!=(n=null!=(t=null==a?void 0:a.at)?t:e.time)?n:"""");return"""".concat(nu"
1536-064f08115df39c50.js,armed,30,43,318028,1,ARMED,".includes("" "")?l.split("" "").pop():l)},Q=(null!=(n=null==I?void 0:I.setups)?n:[]).filter(e=>{var t,n;return(0===T.size||T.has(e.state))&&(!!K||!!H||(null!=(t=e.tier)?t:""book"")!==""radar"")&&(!H||e.symbol.toLowerCase().includes(H)||(null!=(n=e.setup_class)?n:"""").toLowerCase().includes(H))}).sort((e,t)=>X(t).localeCompare(X(e))),$=R?Q:Q.slice(0,24),J=Q.length-$.length,Z=as(),ee=""__book""===k,et=""__closed""===k,en=!!k&&!ee&&!et&&(null==I?void 0:I.day)===k,er=!k&&(null==I?void 0:I.live)===!0,ea=!k&&!!I&&!1===I.live,el=(()=>{var e;let t=(null!=(e=null==I?void 0:I.setups)?e:[]).filter(e=>{var t;return!!K||(null!=(t=e.tier)?t:""book"")!==""radar""});if(!t.length)return null;let n=t.filter(e=>![""WATCHLIST"",""","""].includes(e.state)),r=n.map(e=>{var t,n,r,a;return""equity""===j?null==(t=e.equity)?void 0:t.return_pct:null==(n=null!=(a=null==(r=e.contracts)?void 0:r[ay(j)])?a:e.contract)?void 0:n.max_return}).filter(e=>null!=e);return{setups:t.length,fires:n.length,t1:t.filter(e=>[""T1_TAG"",""T2_TAG"",""T3_TAG""].includes(e.state)).length,wins:r.filter(e=>e>0).length,priced:r.length,avg_fine:r.length?r.reduce((e,t)=>e+t,0)/r.length:null,w30:r.filter(e=>e>=30).length,w20:r.filter(e=>e>=20).length,best_max:r.length?Math.round(Math.max(...r)):null,avg_max:r.length?Math.round(r.reduce((e,t)=>e+t,0)/r.length):null}})(),eo=x?""#c4b5fd"":""#7c3aed"",es=x?""196,181,253"":""124,58,237"",ei=(e,t)=>(0,r.jsxs)(""div"",{className:"
1536-064f08115df39c50.js,midas,15,34,320385,1,midas,"158,11"":""180,83,9"",""--mds-inset"":x?""rgba(0,0,0,0.4)"":""rgba(0,0,0,0.08)"",""--mds-drop"":x?""rgba(0,0,0,0.36)"":""rgba(15,23,42,0.14)"",""--mds-blur"":"""".concat(b,""px""),""--mds-overlay"":x?""linear-gradient(160deg, rgba(15,20,32,0.95), rgba(8,12,22,0.98))"":""linear-gradient(160deg, rgba(250,251,253,0.96), rgba(242,245,249,0.98))"",overscrollBehaviorX:""none""},children:[(0,r.jsxs)(""div"",{className:""flex flex-wrap items-center gap-x-2.5 gap-y-1.5 px-3.5 py-2.5"",style:{borderBottom:""1px solid "".concat(h.headerBorder)},children:[(0,r.jsx)(""span"",{className:""grid place-items-center overflow-hidden rounded-md"",style:{width:24,height:24,boxShadow:""0 0 12px "".concat(ad)},children:(0,r.jsx)(""img"",{src:""/agent-logos/",".png"",alt:"""",style:{width:22,height:22,objectFit:""contain""},onError:e=>{e.currentTarget.style.display=""none""}})}),(0,r.jsxs)(""span"",{className:""whitespace-nowrap"",style:{fontSize:11,letterSpacing:""0.04em"",color:ac},children:[(0,r.jsx)(""b"",{style:{color:h.textPrimary,fontWeight:600},children:""Midas""}),"" \xb7 Watching""]}),y&&(0,r.jsx)(rf.O8,{agent:""midas"",skin:ai,t:h}),(0,r.jsx)(""span"",{className:""flex h-3 items-end gap-0.5"",children:[0,1,2,3,4].map(e=>(0,r.jsx)(""span"",{style:{width:2.5,borderRadius:2,background:ac,height:4,animation:""talonEq 1s ease-in-out "".concat(.16*e,""s infinite"")}},e))}),(0,r.jsxs)(""span"",{className:""ml-auto flex flex-wrap items-center justify-end gap-x-2 gap-y-1"",childr"
1536-064f08115df39c50.js,midas,16,34,320683,1,Midas,"242,245,249,0.98))"",overscrollBehaviorX:""none""},children:[(0,r.jsxs)(""div"",{className:""flex flex-wrap items-center gap-x-2.5 gap-y-1.5 px-3.5 py-2.5"",style:{borderBottom:""1px solid "".concat(h.headerBorder)},children:[(0,r.jsx)(""span"",{className:""grid place-items-center overflow-hidden rounded-md"",style:{width:24,height:24,boxShadow:""0 0 12px "".concat(ad)},children:(0,r.jsx)(""img"",{src:""/agent-logos/midas.png"",alt:"""",style:{width:22,height:22,objectFit:""contain""},onError:e=>{e.currentTarget.style.display=""none""}})}),(0,r.jsxs)(""span"",{className:""whitespace-nowrap"",style:{fontSize:11,letterSpacing:""0.04em"",color:ac},children:[(0,r.jsx)(""b"",{style:{color:h.textPrimary,fontWeight:600},children:""","""}),"" \xb7 Watching""]}),y&&(0,r.jsx)(rf.O8,{agent:""midas"",skin:ai,t:h}),(0,r.jsx)(""span"",{className:""flex h-3 items-end gap-0.5"",children:[0,1,2,3,4].map(e=>(0,r.jsx)(""span"",{style:{width:2.5,borderRadius:2,background:ac,height:4,animation:""talonEq 1s ease-in-out "".concat(.16*e,""s infinite"")}},e))}),(0,r.jsxs)(""span"",{className:""ml-auto flex flex-wrap items-center justify-end gap-x-2 gap-y-1"",children:[(0,r.jsx)(""span"",{className:""rounded px-1.5 py-0.5"",title:""Midas v2 — the reversal / dot-swing managed book"",style:{fontSize:8.5,fontWeight:700,letterSpacing:""0.05em"",color:""var(--mds-accent-ink)"",background:ac,border:""1px solid rgba(var(--mds-ink),0.08)""},children:""v2""}),M.length>0&&(0,r.jsx)"
1536-064f08115df39c50.js,midas,17,34,320739,1,midas,":[(0,r.jsxs)(""div"",{className:""flex flex-wrap items-center gap-x-2.5 gap-y-1.5 px-3.5 py-2.5"",style:{borderBottom:""1px solid "".concat(h.headerBorder)},children:[(0,r.jsx)(""span"",{className:""grid place-items-center overflow-hidden rounded-md"",style:{width:24,height:24,boxShadow:""0 0 12px "".concat(ad)},children:(0,r.jsx)(""img"",{src:""/agent-logos/midas.png"",alt:"""",style:{width:22,height:22,objectFit:""contain""},onError:e=>{e.currentTarget.style.display=""none""}})}),(0,r.jsxs)(""span"",{className:""whitespace-nowrap"",style:{fontSize:11,letterSpacing:""0.04em"",color:ac},children:[(0,r.jsx)(""b"",{style:{color:h.textPrimary,fontWeight:600},children:""Midas""}),"" \xb7 Watching""]}),y&&(0,r.jsx)(rf.O8,{agent:""",""",skin:ai,t:h}),(0,r.jsx)(""span"",{className:""flex h-3 items-end gap-0.5"",children:[0,1,2,3,4].map(e=>(0,r.jsx)(""span"",{style:{width:2.5,borderRadius:2,background:ac,height:4,animation:""talonEq 1s ease-in-out "".concat(.16*e,""s infinite"")}},e))}),(0,r.jsxs)(""span"",{className:""ml-auto flex flex-wrap items-center justify-end gap-x-2 gap-y-1"",children:[(0,r.jsx)(""span"",{className:""rounded px-1.5 py-0.5"",title:""Midas v2 — the reversal / dot-swing managed book"",style:{fontSize:8.5,fontWeight:700,letterSpacing:""0.05em"",color:""var(--mds-accent-ink)"",background:ac,border:""1px solid rgba(var(--mds-ink),0.08)""},children:""v2""}),M.length>0&&(0,r.jsx)(rf.P_,{label:""VIEW"",value:k,valueLabel:""__book""===k?""BO"
1536-064f08115df39c50.js,midas,18,34,321153,1,Midas,"rror:e=>{e.currentTarget.style.display=""none""}})}),(0,r.jsxs)(""span"",{className:""whitespace-nowrap"",style:{fontSize:11,letterSpacing:""0.04em"",color:ac},children:[(0,r.jsx)(""b"",{style:{color:h.textPrimary,fontWeight:600},children:""Midas""}),"" \xb7 Watching""]}),y&&(0,r.jsx)(rf.O8,{agent:""midas"",skin:ai,t:h}),(0,r.jsx)(""span"",{className:""flex h-3 items-end gap-0.5"",children:[0,1,2,3,4].map(e=>(0,r.jsx)(""span"",{style:{width:2.5,borderRadius:2,background:ac,height:4,animation:""talonEq 1s ease-in-out "".concat(.16*e,""s infinite"")}},e))}),(0,r.jsxs)(""span"",{className:""ml-auto flex flex-wrap items-center justify-end gap-x-2 gap-y-1"",children:[(0,r.jsx)(""span"",{className:""rounded px-1.5 py-0.5"",title:""","v2 — the reversal / dot-swing managed book"",style:{fontSize:8.5,fontWeight:700,letterSpacing:""0.05em"",color:""var(--mds-accent-ink)"",background:ac,border:""1px solid rgba(var(--mds-ink),0.08)""},children:""v2""}),M.length>0&&(0,r.jsx)(rf.P_,{label:""VIEW"",value:k,valueLabel:""__book""===k?""BOOK"":(0,rf.y2)(null!=k?k:void 0),options:[{value:""__book"",label:""ACTIVE BOOK""},...[...M].sort().reverse().map(e=>({value:e,label:(0,rf.y2)(e)}))],onChange:e=>w(e),clearLabel:""TODAY \xb7 LIVE"",skin:ai,t:h})]})]}),(0,r.jsxs)(""div"",{className:""flex min-h-0 flex-1 flex-col gap-1.5 overflow-y-auto md:overflow-hidden p-3.5"",children:[ei((0,r.jsxs)(""span"",{className:""flex items-center gap-1.5"",children:[""Surfaced for y"
1536-064f08115df39c50.js,armed,31,43,325509,1,ARMED,"ldren:(0,rf.y2)(e.day)})]})]},"""".concat(e.day,""_"").concat(e.symbol,""_"").concat(t)))]})]}),Y>0&&(0,r.jsxs)(""button"",{type:""button"",onClick:()=>U(e=>!e),title:""Radar tier: tracked across the full universe for monster capture and labeling — not part of the tradeable book"",className:""rounded px-1.5 py-0.5"",style:{fontSize:8.5,fontWeight:700,letterSpacing:""0.05em"",cursor:""pointer"",whiteSpace:""nowrap"",color:K?""var(--mds-accent)"":h.textMuted,background:K?""rgba(var(--mds-accent-rgb),0.14)"":""rgba(var(--mds-ink),0.05)"",border:""1px solid "".concat(K?""rgba(var(--mds-accent-rgb),0.4)"":""rgba(var(--mds-ink),0.08)"")},children:[""RADAR \xb7 "",Y]}),(0,r.jsx)(rf.UJ,{label:""STATUS"",values:T,options:[""WATCHLIST"",""",""",""TRIGGERED"",""T1_TAG"",""T2_TAG"",""T3_TAG""].map(e=>({value:e,label:e.replace(""_"","" "").toLowerCase()})),onChange:e=>A(e),t:h,skin:ai}),(0,r.jsx)(""span"",{children:""swing \xb7 2–10d""})]})),(0,r.jsxs)(""div"",{ref:C,className:""talon-noscroll -mx-0.5 flex shrink-0 gap-2.5 overflow-x-auto pb-1.5"",style:{scrollSnapType:""x mandatory"",scrollbarWidth:""none"",overscrollBehaviorX:""none""},children:[(!I||0===$.length)&&(0,r.jsx)(""div"",{className:""flex w-full items-center justify-center py-6"",style:{fontSize:11,letterSpacing:""0.08em"",color:h.textMuted},children:I?k&&""__book""!==k&&""__closed""!==k?""No stored session for "".concat(k,"".""):""__book""===k?""No open swing trades in the book."":""__closed""===k?""No realized tr"
1536-064f08115df39c50.js,talon,90,125,325733,1,talon,"nd labeling — not part of the tradeable book"",className:""rounded px-1.5 py-0.5"",style:{fontSize:8.5,fontWeight:700,letterSpacing:""0.05em"",cursor:""pointer"",whiteSpace:""nowrap"",color:K?""var(--mds-accent)"":h.textMuted,background:K?""rgba(var(--mds-accent-rgb),0.14)"":""rgba(var(--mds-ink),0.05)"",border:""1px solid "".concat(K?""rgba(var(--mds-accent-rgb),0.4)"":""rgba(var(--mds-ink),0.08)"")},children:[""RADAR \xb7 "",Y]}),(0,r.jsx)(rf.UJ,{label:""STATUS"",values:T,options:[""WATCHLIST"",""ARMED"",""TRIGGERED"",""T1_TAG"",""T2_TAG"",""T3_TAG""].map(e=>({value:e,label:e.replace(""_"","" "").toLowerCase()})),onChange:e=>A(e),t:h,skin:ai}),(0,r.jsx)(""span"",{children:""swing \xb7 2–10d""})]})),(0,r.jsxs)(""div"",{ref:C,className:""","-noscroll -mx-0.5 flex shrink-0 gap-2.5 overflow-x-auto pb-1.5"",style:{scrollSnapType:""x mandatory"",scrollbarWidth:""none"",overscrollBehaviorX:""none""},children:[(!I||0===$.length)&&(0,r.jsx)(""div"",{className:""flex w-full items-center justify-center py-6"",style:{fontSize:11,letterSpacing:""0.08em"",color:h.textMuted},children:I?k&&""__book""!==k&&""__closed""!==k?""No stored session for "".concat(k,"".""):""__book""===k?""No open swing trades in the book."":""__closed""===k?""No realized trades yet."":T.size>0&&(null!=(p=null==I?void 0:I.setups.length)?p:0)>0?""No setups match the status filter."":er?""Watching — no floors have qualified yet today."":""Reconnecting to Midas — setups will appear here."":""Connecting to"
1536-064f08115df39c50.js,midas,19,34,326390,1,Midas,"""})]})),(0,r.jsxs)(""div"",{ref:C,className:""talon-noscroll -mx-0.5 flex shrink-0 gap-2.5 overflow-x-auto pb-1.5"",style:{scrollSnapType:""x mandatory"",scrollbarWidth:""none"",overscrollBehaviorX:""none""},children:[(!I||0===$.length)&&(0,r.jsx)(""div"",{className:""flex w-full items-center justify-center py-6"",style:{fontSize:11,letterSpacing:""0.08em"",color:h.textMuted},children:I?k&&""__book""!==k&&""__closed""!==k?""No stored session for "".concat(k,"".""):""__book""===k?""No open swing trades in the book."":""__closed""===k?""No realized trades yet."":T.size>0&&(null!=(p=null==I?void 0:I.setups.length)?p:0)>0?""No setups match the status filter."":er?""Watching — no floors have qualified yet today."":""Reconnecting to","— setups will appear here."":""Connecting to Midas…""}),$.map(e=>(0,r.jsx)(av,{s:e,mode:j,t:h,onOpen:()=>N(e),showDate:ee||et},"""".concat(e.day,""_"").concat(e.symbol))),J>0&&(0,r.jsxs)(""button"",{onClick:()=>F(!0),className:""flex-none cursor-pointer rounded-[14px] px-4 text-center"",style:{flexBasis:120,scrollSnapAlign:""start"",border:""1px dashed rgba(var(--mds-ink),0.14)"",background:""transparent"",fontSize:11,fontWeight:600,color:""var(--mds-accent)""},children:[""+"",J,"" more""]})]}),(0,r.jsx)(rf.uy,{target:C,skin:ai}),el&&el.setups>0&&(0,r.jsxs)(""div"",{className:""flex flex-wrap items-center gap-x-3.5 gap-y-1 px-0.5"",style:{fontSize:12,fontFamily:""Inter, ui-sans-serif, system-ui, sans-serif"",color:h.te"
1536-064f08115df39c50.js,midas,20,34,326439,1,Midas,"noscroll -mx-0.5 flex shrink-0 gap-2.5 overflow-x-auto pb-1.5"",style:{scrollSnapType:""x mandatory"",scrollbarWidth:""none"",overscrollBehaviorX:""none""},children:[(!I||0===$.length)&&(0,r.jsx)(""div"",{className:""flex w-full items-center justify-center py-6"",style:{fontSize:11,letterSpacing:""0.08em"",color:h.textMuted},children:I?k&&""__book""!==k&&""__closed""!==k?""No stored session for "".concat(k,"".""):""__book""===k?""No open swing trades in the book."":""__closed""===k?""No realized trades yet."":T.size>0&&(null!=(p=null==I?void 0:I.setups.length)?p:0)>0?""No setups match the status filter."":er?""Watching — no floors have qualified yet today."":""Reconnecting to Midas — setups will appear here."":""Connecting to","…""}),$.map(e=>(0,r.jsx)(av,{s:e,mode:j,t:h,onOpen:()=>N(e),showDate:ee||et},"""".concat(e.day,""_"").concat(e.symbol))),J>0&&(0,r.jsxs)(""button"",{onClick:()=>F(!0),className:""flex-none cursor-pointer rounded-[14px] px-4 text-center"",style:{flexBasis:120,scrollSnapAlign:""start"",border:""1px dashed rgba(var(--mds-ink),0.14)"",background:""transparent"",fontSize:11,fontWeight:600,color:""var(--mds-accent)""},children:[""+"",J,"" more""]})]}),(0,r.jsx)(rf.uy,{target:C,skin:ai}),el&&el.setups>0&&(0,r.jsxs)(""div"",{className:""flex flex-wrap items-center gap-x-3.5 gap-y-1 px-0.5"",style:{fontSize:12,fontFamily:""Inter, ui-sans-serif, system-ui, sans-serif"",color:h.textMuted},children:[(0,r.jsxs)(""span"",{children:[("
1536-064f08115df39c50.js,midas,21,34,328797,1,midas,"[el.fires>0&&(0,r.jsxs)(""span"",{children:[""saw ≥30%: "",(0,r.jsxs)(""b"",{style:{color:""var(--mds-bull)""},children:[el.w30,""/"",el.fires]}),"" ("",Math.round(100*el.w30/el.fires),""%)""]}),el.fires>0&&(null==el?void 0:el.w20)!=null&&(0,r.jsxs)(""span"",{children:[""≥20%: "",(0,r.jsxs)(""b"",{style:{color:h.textSecondary},children:[Math.round(100*(null!=(m=null==el?void 0:el.w20)?m:0)/el.fires),""%""]})]}),null!=el.best_max&&(0,r.jsxs)(""span"",{children:[""best "",(0,r.jsxs)(""b"",{style:{color:""var(--mds-accent)""},children:[""+"",el.best_max,""%""]})]}),null!=el.avg_max&&(0,r.jsxs)(""span"",{children:[""avg max "",(0,r.jsxs)(""b"",{style:{color:h.textSecondary},children:[""+"",el.avg_max,""%""]})]})]})]}),(0,r.jsx)(rj,{src:""/","/stats"",mode:""equity""===j?""equity"":""options"",accent:ac,ink:""var(--mds-ink)"",bull:""var(--mds-bull)"",bear:""var(--mds-bear)"",t:h}),(0,r.jsx)(ry,{src:""/midas/plcurve"",mode:""equity""===j?""equity"":""options"",accent:ac,ink:""var(--mds-ink)"",bull:""var(--mds-bull)"",bear:""var(--mds-bear)"",t:h}),(0,r.jsx)(""div"",{className:""mt-2.5"",children:ei(""Midas stream"",Z.length?""Lifecycle \xb7 Flowseeker whales"":z.length?""Boards \xb7 Breadth \xb7 Lifecycle"":void 0)}),(0,r.jsxs)(""div"",{className:""talon-noscroll flex min-h-0 flex-1 flex-col overflow-y-auto"",style:{overflowAnchor:""none"",scrollbarWidth:""none""},children:[Z.map((e,t)=>(0,r.jsxs)(""div"",{className:""flex gap-2.5 py-2"",style:{borderBottom:""1px solid rgba(var(-"
1536-064f08115df39c50.js,midas,22,34,328950,1,midas,"00*el.w30/el.fires),""%)""]}),el.fires>0&&(null==el?void 0:el.w20)!=null&&(0,r.jsxs)(""span"",{children:[""≥20%: "",(0,r.jsxs)(""b"",{style:{color:h.textSecondary},children:[Math.round(100*(null!=(m=null==el?void 0:el.w20)?m:0)/el.fires),""%""]})]}),null!=el.best_max&&(0,r.jsxs)(""span"",{children:[""best "",(0,r.jsxs)(""b"",{style:{color:""var(--mds-accent)""},children:[""+"",el.best_max,""%""]})]}),null!=el.avg_max&&(0,r.jsxs)(""span"",{children:[""avg max "",(0,r.jsxs)(""b"",{style:{color:h.textSecondary},children:[""+"",el.avg_max,""%""]})]})]})]}),(0,r.jsx)(rj,{src:""/midas/stats"",mode:""equity""===j?""equity"":""options"",accent:ac,ink:""var(--mds-ink)"",bull:""var(--mds-bull)"",bear:""var(--mds-bear)"",t:h}),(0,r.jsx)(ry,{src:""/","/plcurve"",mode:""equity""===j?""equity"":""options"",accent:ac,ink:""var(--mds-ink)"",bull:""var(--mds-bull)"",bear:""var(--mds-bear)"",t:h}),(0,r.jsx)(""div"",{className:""mt-2.5"",children:ei(""Midas stream"",Z.length?""Lifecycle \xb7 Flowseeker whales"":z.length?""Boards \xb7 Breadth \xb7 Lifecycle"":void 0)}),(0,r.jsxs)(""div"",{className:""talon-noscroll flex min-h-0 flex-1 flex-col overflow-y-auto"",style:{overflowAnchor:""none"",scrollbarWidth:""none""},children:[Z.map((e,t)=>(0,r.jsxs)(""div"",{className:""flex gap-2.5 py-2"",style:{borderBottom:""1px solid rgba(var(--mds-ink),0.05)"",animation:""talonFin .45s ease""},children:[(0,r.jsx)(""span"",{className:""grid flex-none place-items-center overflow-hidden rounded-[7px]"","
1536-064f08115df39c50.js,midas,23,34,329134,1,Midas,"ll!=(m=null==el?void 0:el.w20)?m:0)/el.fires),""%""]})]}),null!=el.best_max&&(0,r.jsxs)(""span"",{children:[""best "",(0,r.jsxs)(""b"",{style:{color:""var(--mds-accent)""},children:[""+"",el.best_max,""%""]})]}),null!=el.avg_max&&(0,r.jsxs)(""span"",{children:[""avg max "",(0,r.jsxs)(""b"",{style:{color:h.textSecondary},children:[""+"",el.avg_max,""%""]})]})]})]}),(0,r.jsx)(rj,{src:""/midas/stats"",mode:""equity""===j?""equity"":""options"",accent:ac,ink:""var(--mds-ink)"",bull:""var(--mds-bull)"",bear:""var(--mds-bear)"",t:h}),(0,r.jsx)(ry,{src:""/midas/plcurve"",mode:""equity""===j?""equity"":""options"",accent:ac,ink:""var(--mds-ink)"",bull:""var(--mds-bull)"",bear:""var(--mds-bear)"",t:h}),(0,r.jsx)(""div"",{className:""mt-2.5"",children:ei(""","stream"",Z.length?""Lifecycle \xb7 Flowseeker whales"":z.length?""Boards \xb7 Breadth \xb7 Lifecycle"":void 0)}),(0,r.jsxs)(""div"",{className:""talon-noscroll flex min-h-0 flex-1 flex-col overflow-y-auto"",style:{overflowAnchor:""none"",scrollbarWidth:""none""},children:[Z.map((e,t)=>(0,r.jsxs)(""div"",{className:""flex gap-2.5 py-2"",style:{borderBottom:""1px solid rgba(var(--mds-ink),0.05)"",animation:""talonFin .45s ease""},children:[(0,r.jsx)(""span"",{className:""grid flex-none place-items-center overflow-hidden rounded-[7px]"",style:{width:27,height:27,background:""rgba(var(--mds-ink),0.04)"",border:""1px solid rgba(var(--mds-ink),0.05)""},children:(0,r.jsx)(""img"",{src:""/agent-logos/flowseeker.png"",alt:"""",style:"
1536-064f08115df39c50.js,flowseeker,17,39,329173,1,Flowseeker,"fires),""%""]})]}),null!=el.best_max&&(0,r.jsxs)(""span"",{children:[""best "",(0,r.jsxs)(""b"",{style:{color:""var(--mds-accent)""},children:[""+"",el.best_max,""%""]})]}),null!=el.avg_max&&(0,r.jsxs)(""span"",{children:[""avg max "",(0,r.jsxs)(""b"",{style:{color:h.textSecondary},children:[""+"",el.avg_max,""%""]})]})]})]}),(0,r.jsx)(rj,{src:""/midas/stats"",mode:""equity""===j?""equity"":""options"",accent:ac,ink:""var(--mds-ink)"",bull:""var(--mds-bull)"",bear:""var(--mds-bear)"",t:h}),(0,r.jsx)(ry,{src:""/midas/plcurve"",mode:""equity""===j?""equity"":""options"",accent:ac,ink:""var(--mds-ink)"",bull:""var(--mds-bull)"",bear:""var(--mds-bear)"",t:h}),(0,r.jsx)(""div"",{className:""mt-2.5"",children:ei(""Midas stream"",Z.length?""Lifecycle \xb7","whales"":z.length?""Boards \xb7 Breadth \xb7 Lifecycle"":void 0)}),(0,r.jsxs)(""div"",{className:""talon-noscroll flex min-h-0 flex-1 flex-col overflow-y-auto"",style:{overflowAnchor:""none"",scrollbarWidth:""none""},children:[Z.map((e,t)=>(0,r.jsxs)(""div"",{className:""flex gap-2.5 py-2"",style:{borderBottom:""1px solid rgba(var(--mds-ink),0.05)"",animation:""talonFin .45s ease""},children:[(0,r.jsx)(""span"",{className:""grid flex-none place-items-center overflow-hidden rounded-[7px]"",style:{width:27,height:27,background:""rgba(var(--mds-ink),0.04)"",border:""1px solid rgba(var(--mds-ink),0.05)""},children:(0,r.jsx)(""img"",{src:""/agent-logos/flowseeker.png"",alt:"""",style:{width:21,height:21,objectFit:""contain""},onE"
1536-064f08115df39c50.js,talon,91,125,329277,1,talon,"ar(--mds-accent)""},children:[""+"",el.best_max,""%""]})]}),null!=el.avg_max&&(0,r.jsxs)(""span"",{children:[""avg max "",(0,r.jsxs)(""b"",{style:{color:h.textSecondary},children:[""+"",el.avg_max,""%""]})]})]})]}),(0,r.jsx)(rj,{src:""/midas/stats"",mode:""equity""===j?""equity"":""options"",accent:ac,ink:""var(--mds-ink)"",bull:""var(--mds-bull)"",bear:""var(--mds-bear)"",t:h}),(0,r.jsx)(ry,{src:""/midas/plcurve"",mode:""equity""===j?""equity"":""options"",accent:ac,ink:""var(--mds-ink)"",bull:""var(--mds-bull)"",bear:""var(--mds-bear)"",t:h}),(0,r.jsx)(""div"",{className:""mt-2.5"",children:ei(""Midas stream"",Z.length?""Lifecycle \xb7 Flowseeker whales"":z.length?""Boards \xb7 Breadth \xb7 Lifecycle"":void 0)}),(0,r.jsxs)(""div"",{className:""","-noscroll flex min-h-0 flex-1 flex-col overflow-y-auto"",style:{overflowAnchor:""none"",scrollbarWidth:""none""},children:[Z.map((e,t)=>(0,r.jsxs)(""div"",{className:""flex gap-2.5 py-2"",style:{borderBottom:""1px solid rgba(var(--mds-ink),0.05)"",animation:""talonFin .45s ease""},children:[(0,r.jsx)(""span"",{className:""grid flex-none place-items-center overflow-hidden rounded-[7px]"",style:{width:27,height:27,background:""rgba(var(--mds-ink),0.04)"",border:""1px solid rgba(var(--mds-ink),0.05)""},children:(0,r.jsx)(""img"",{src:""/agent-logos/flowseeker.png"",alt:"""",style:{width:21,height:21,objectFit:""contain""},onError:e=>{e.currentTarget.style.display=""none""}})}),(0,r.jsxs)(""div"",{className:""min-w-0 flex-1"",chi"
1536-064f08115df39c50.js,flowseeker,18,39,329810,1,flowseeker,"e:""mt-2.5"",children:ei(""Midas stream"",Z.length?""Lifecycle \xb7 Flowseeker whales"":z.length?""Boards \xb7 Breadth \xb7 Lifecycle"":void 0)}),(0,r.jsxs)(""div"",{className:""talon-noscroll flex min-h-0 flex-1 flex-col overflow-y-auto"",style:{overflowAnchor:""none"",scrollbarWidth:""none""},children:[Z.map((e,t)=>(0,r.jsxs)(""div"",{className:""flex gap-2.5 py-2"",style:{borderBottom:""1px solid rgba(var(--mds-ink),0.05)"",animation:""talonFin .45s ease""},children:[(0,r.jsx)(""span"",{className:""grid flex-none place-items-center overflow-hidden rounded-[7px]"",style:{width:27,height:27,background:""rgba(var(--mds-ink),0.04)"",border:""1px solid rgba(var(--mds-ink),0.05)""},children:(0,r.jsx)(""img"",{src:""/agent-logos/",".png"",alt:"""",style:{width:21,height:21,objectFit:""contain""},onError:e=>{e.currentTarget.style.display=""none""}})}),(0,r.jsxs)(""div"",{className:""min-w-0 flex-1"",children:[(0,r.jsxs)(""div"",{className:""flex items-baseline gap-1.5"",children:[(0,r.jsx)(""span"",{style:{fontSize:12,fontWeight:500,color:h.textPrimary},children:""Flowseeker""}),(0,r.jsx)(""span"",{className:""rounded px-1"",style:{fontSize:8.5,fontWeight:700,letterSpacing:""0.06em"",color:ac,border:""1px solid rgba(var(--mds-accent-rgb),0.3)""},children:e.tier.toUpperCase()}),(0,r.jsx)(""span"",{className:""ml-auto"",style:{fontSize:9,color:h.textMuted,fontFamily:""var(--font-mono, monospace)""},children:e.time})]}),(0,r.jsxs)(""div"",{className:""mt-0.5"
1536-064f08115df39c50.js,flowseeker,19,39,330140,1,Flowseeker,":""flex gap-2.5 py-2"",style:{borderBottom:""1px solid rgba(var(--mds-ink),0.05)"",animation:""talonFin .45s ease""},children:[(0,r.jsx)(""span"",{className:""grid flex-none place-items-center overflow-hidden rounded-[7px]"",style:{width:27,height:27,background:""rgba(var(--mds-ink),0.04)"",border:""1px solid rgba(var(--mds-ink),0.05)""},children:(0,r.jsx)(""img"",{src:""/agent-logos/flowseeker.png"",alt:"""",style:{width:21,height:21,objectFit:""contain""},onError:e=>{e.currentTarget.style.display=""none""}})}),(0,r.jsxs)(""div"",{className:""min-w-0 flex-1"",children:[(0,r.jsxs)(""div"",{className:""flex items-baseline gap-1.5"",children:[(0,r.jsx)(""span"",{style:{fontSize:12,fontWeight:500,color:h.textPrimary},children:""","""}),(0,r.jsx)(""span"",{className:""rounded px-1"",style:{fontSize:8.5,fontWeight:700,letterSpacing:""0.06em"",color:ac,border:""1px solid rgba(var(--mds-accent-rgb),0.3)""},children:e.tier.toUpperCase()}),(0,r.jsx)(""span"",{className:""ml-auto"",style:{fontSize:9,color:h.textMuted,fontFamily:""var(--font-mono, monospace)""},children:e.time})]}),(0,r.jsxs)(""div"",{className:""mt-0.5 leading-snug"",style:{fontSize:12,color:h.textSecondary,fontVariantNumeric:""tabular-nums""},children:[(0,r.jsx)(""b"",{style:{color:h.textPrimary},children:e.ticker}),"" "",e.strike,e.right,"" "",e.dte,""d — $"",(e.premium/1e6).toFixed(1),""M sweep""]})]})]},""fs_"".concat(e.time,""_"").concat(e.ticker,""_"").concat(t))),z.map((e,t)=>(0,r.jsxs)("
1536-064f08115df39c50.js,midas,24,34,331236,1,midas,"tyle:{fontSize:12,color:h.textSecondary,fontVariantNumeric:""tabular-nums""},children:[(0,r.jsx)(""b"",{style:{color:h.textPrimary},children:e.ticker}),"" "",e.strike,e.right,"" "",e.dte,""d — $"",(e.premium/1e6).toFixed(1),""M sweep""]})]})]},""fs_"".concat(e.time,""_"").concat(e.ticker,""_"").concat(t))),z.map((e,t)=>(0,r.jsxs)(""div"",{className:""flex gap-2.5 py-2"",style:{borderBottom:""1px solid rgba(var(--mds-ink),0.05)"",animation:""talonFin .45s ease""},children:[(0,r.jsx)(""span"",{className:""grid flex-none place-items-center overflow-hidden rounded-[7px]"",style:{width:27,height:27,background:""rgba(var(--mds-ink),0.04)"",border:""1px solid rgba(var(--mds-ink),0.05)""},children:(0,r.jsx)(""img"",{src:""/agent-logos/",".png"",alt:"""",style:{width:21,height:21,objectFit:""contain""},onError:e=>{e.currentTarget.style.display=""none""}})}),(0,r.jsxs)(""div"",{className:""min-w-0 flex-1"",children:[(0,r.jsxs)(""div"",{className:""flex items-baseline gap-1.5"",children:[(0,r.jsx)(""span"",{style:{fontSize:12,fontWeight:500,color:""ops""===e.src?""var(--mds-bear)"":h.textPrimary},children:""ops""===e.src?""Ops"":""Midas""}),(0,r.jsx)(""span"",{className:""ml-auto"",style:{fontSize:9,color:h.textMuted,fontFamily:""var(--font-mono, monospace)""},children:e.time})]}),(0,r.jsx)(""div"",{className:""mt-0.5 leading-snug"",style:{fontSize:12,color:h.textSecondary},children:e.msg})]})]},"""".concat(e.time,""_"").concat(t)))]})]}),(0,r.jsxs)(""div"",{className:"""
1536-064f08115df39c50.js,midas,25,34,331613,1,Midas,"olid rgba(var(--mds-ink),0.05)"",animation:""talonFin .45s ease""},children:[(0,r.jsx)(""span"",{className:""grid flex-none place-items-center overflow-hidden rounded-[7px]"",style:{width:27,height:27,background:""rgba(var(--mds-ink),0.04)"",border:""1px solid rgba(var(--mds-ink),0.05)""},children:(0,r.jsx)(""img"",{src:""/agent-logos/midas.png"",alt:"""",style:{width:21,height:21,objectFit:""contain""},onError:e=>{e.currentTarget.style.display=""none""}})}),(0,r.jsxs)(""div"",{className:""min-w-0 flex-1"",children:[(0,r.jsxs)(""div"",{className:""flex items-baseline gap-1.5"",children:[(0,r.jsx)(""span"",{style:{fontSize:12,fontWeight:500,color:""ops""===e.src?""var(--mds-bear)"":h.textPrimary},children:""ops""===e.src?""Ops"":""","""}),(0,r.jsx)(""span"",{className:""ml-auto"",style:{fontSize:9,color:h.textMuted,fontFamily:""var(--font-mono, monospace)""},children:e.time})]}),(0,r.jsx)(""div"",{className:""mt-0.5 leading-snug"",style:{fontSize:12,color:h.textSecondary},children:e.msg})]})]},"""".concat(e.time,""_"").concat(t)))]})]}),(0,r.jsxs)(""div"",{className:""flex items-center justify-end gap-1.5 px-3.5 py-1.5"",style:{borderTop:""1px solid "".concat(h.headerBorder),fontSize:9,color:k?h.textMuted:h.liveDot},children:[(0,r.jsx)(""i"",{className:""rounded-full"",style:{width:5,height:5,background:k?h.textMuted:h.liveDot,boxShadow:k?""none"":""0 0 6px "".concat(h.liveDot)}}),et?""CLOSED \xb7 REALIZED"":ee?""ACTIVE BOOK"":k?""HISTORY \xb7 "".concat(k"
1536-064f08115df39c50.js,armed,32,43,332575,1,ARMED,"concat(e.time,""_"").concat(t)))]})]}),(0,r.jsxs)(""div"",{className:""flex items-center justify-end gap-1.5 px-3.5 py-1.5"",style:{borderTop:""1px solid "".concat(h.headerBorder),fontSize:9,color:k?h.textMuted:h.liveDot},children:[(0,r.jsx)(""i"",{className:""rounded-full"",style:{width:5,height:5,background:k?h.textMuted:h.liveDot,boxShadow:k?""none"":""0 0 6px "".concat(h.liveDot)}}),et?""CLOSED \xb7 REALIZED"":ee?""ACTIVE BOOK"":k?""HISTORY \xb7 "".concat(k):er?""LIVE"":""REPLAY \xb7 "".concat(null!=(g=null==I?void 0:I.day)?g:"""")]}),S&&(0,r.jsx)(aw,{s:S,mode:j,t:h,onClose:()=>N(null)})]})}let aS=(0,rf.mr)(""prg""),aN=""var(--prg-accent)"",aT=""rgba(var(--prg-accent-rgb),0.5)"",aA={WATCHLIST:""rgba(var(--prg-ink),0.55)"",",":""#ddd6fe"",TRIGGERED:""var(--prg-bull)"",T1_TAG:""var(--prg-bull)"",T2_TAG:""var(--prg-accent)"",T3_TAG:""var(--prg-accent)"",INVALIDATED:""var(--prg-bear)""},aC={WATCHLIST:""Qualified at the morning scan — waiting for price to reach the entry zone. No position yet, so no P/L."",ARMED:""Price tagged the entry zone — one close back above the floor from execution."",TRIGGERED:""Executed: the deflection confirmed. Entry premium is frozen at this minute’s print and P/L tracking starts."",T1_TAG:""Short-term GEX target touched (the front-column ceiling). Position keeps riding."",T2_TAG:""VEX swing target reached — the primary thesis played out."",T3_TAG:""Extended VEX magnet tagged — the runner’s moonshot rung."",INVA"
1536-064f08115df39c50.js,armed,33,43,332848,1,ARMED,"dth:5,height:5,background:k?h.textMuted:h.liveDot,boxShadow:k?""none"":""0 0 6px "".concat(h.liveDot)}}),et?""CLOSED \xb7 REALIZED"":ee?""ACTIVE BOOK"":k?""HISTORY \xb7 "".concat(k):er?""LIVE"":""REPLAY \xb7 "".concat(null!=(g=null==I?void 0:I.day)?g:"""")]}),S&&(0,r.jsx)(aw,{s:S,mode:j,t:h,onClose:()=>N(null)})]})}let aS=(0,rf.mr)(""prg""),aN=""var(--prg-accent)"",aT=""rgba(var(--prg-accent-rgb),0.5)"",aA={WATCHLIST:""rgba(var(--prg-ink),0.55)"",ARMED:""#ddd6fe"",TRIGGERED:""var(--prg-bull)"",T1_TAG:""var(--prg-bull)"",T2_TAG:""var(--prg-accent)"",T3_TAG:""var(--prg-accent)"",INVALIDATED:""var(--prg-bear)""},aC={WATCHLIST:""Qualified at the morning scan — waiting for price to reach the entry zone. No position yet, so no P/L."",",":""Price tagged the entry zone — one close back above the floor from execution."",TRIGGERED:""Executed: the deflection confirmed. Entry premium is frozen at this minute’s print and P/L tracking starts."",T1_TAG:""Short-term GEX target touched (the front-column ceiling). Position keeps riding."",T2_TAG:""VEX swing target reached — the primary thesis played out."",T3_TAG:""Extended VEX magnet tagged — the runner’s moonshot rung."",INVALIDATED:""Legacy state from the old stop model — no longer reachable.""};function a_(e){var t;let n=null!=(t=aC[e.state])?t:"""",r=(Array.isArray(e.state_history)?e.state_history:[]).map(e=>"""".concat(e.at,"" "").concat(e.state.replace(""_"","" ""),"" — "").concat(e.note)).join(""\n"");r"
1536-064f08115df39c50.js,gex,13,20,333072,1,GEX,"d 0:I.day)?g:"""")]}),S&&(0,r.jsx)(aw,{s:S,mode:j,t:h,onClose:()=>N(null)})]})}let aS=(0,rf.mr)(""prg""),aN=""var(--prg-accent)"",aT=""rgba(var(--prg-accent-rgb),0.5)"",aA={WATCHLIST:""rgba(var(--prg-ink),0.55)"",ARMED:""#ddd6fe"",TRIGGERED:""var(--prg-bull)"",T1_TAG:""var(--prg-bull)"",T2_TAG:""var(--prg-accent)"",T3_TAG:""var(--prg-accent)"",INVALIDATED:""var(--prg-bear)""},aC={WATCHLIST:""Qualified at the morning scan — waiting for price to reach the entry zone. No position yet, so no P/L."",ARMED:""Price tagged the entry zone — one close back above the floor from execution."",TRIGGERED:""Executed: the deflection confirmed. Entry premium is frozen at this minute’s print and P/L tracking starts."",T1_TAG:""Short-term","target touched (the front-column ceiling). Position keeps riding."",T2_TAG:""VEX swing target reached — the primary thesis played out."",T3_TAG:""Extended VEX magnet tagged — the runner’s moonshot rung."",INVALIDATED:""Legacy state from the old stop model — no longer reachable.""};function a_(e){var t;let n=null!=(t=aC[e.state])?t:"""",r=(Array.isArray(e.state_history)?e.state_history:[]).map(e=>"""".concat(e.at,"" "").concat(e.state.replace(""_"","" ""),"" — "").concat(e.note)).join(""\n"");return r?"""".concat(n,""\n\n"").concat(r):n}function aE(e){let{c:t,t:n}=e,a=t.prem_series;if(!t.entry_prem||!(null==a?void 0:a.length))return null;let l=a.map(e=>e[1]),o=l.indexOf(Math.max(...l)),s=a.slice(0,o+1),i=s.reduce((e"
1536-064f08115df39c50.js,vex,12,21,333151,1,VEX,"t aS=(0,rf.mr)(""prg""),aN=""var(--prg-accent)"",aT=""rgba(var(--prg-accent-rgb),0.5)"",aA={WATCHLIST:""rgba(var(--prg-ink),0.55)"",ARMED:""#ddd6fe"",TRIGGERED:""var(--prg-bull)"",T1_TAG:""var(--prg-bull)"",T2_TAG:""var(--prg-accent)"",T3_TAG:""var(--prg-accent)"",INVALIDATED:""var(--prg-bear)""},aC={WATCHLIST:""Qualified at the morning scan — waiting for price to reach the entry zone. No position yet, so no P/L."",ARMED:""Price tagged the entry zone — one close back above the floor from execution."",TRIGGERED:""Executed: the deflection confirmed. Entry premium is frozen at this minute’s print and P/L tracking starts."",T1_TAG:""Short-term GEX target touched (the front-column ceiling). Position keeps riding."",T2_TAG:""","swing target reached — the primary thesis played out."",T3_TAG:""Extended VEX magnet tagged — the runner’s moonshot rung."",INVALIDATED:""Legacy state from the old stop model — no longer reachable.""};function a_(e){var t;let n=null!=(t=aC[e.state])?t:"""",r=(Array.isArray(e.state_history)?e.state_history:[]).map(e=>"""".concat(e.at,"" "").concat(e.state.replace(""_"","" ""),"" — "").concat(e.note)).join(""\n"");return r?"""".concat(n,""\n\n"").concat(r):n}function aE(e){let{c:t,t:n}=e,a=t.prem_series;if(!t.entry_prem||!(null==a?void 0:a.length))return null;let l=a.map(e=>e[1]),o=l.indexOf(Math.max(...l)),s=a.slice(0,o+1),i=s.reduce((e,t)=>t[1]<e[1]?t:e,s[0]),c=Math.round((i[1]-t.entry_prem)/t.entry_prem*100),d=["
1536-064f08115df39c50.js,vex,13,21,333227,1,VEX,"0.5)"",aA={WATCHLIST:""rgba(var(--prg-ink),0.55)"",ARMED:""#ddd6fe"",TRIGGERED:""var(--prg-bull)"",T1_TAG:""var(--prg-bull)"",T2_TAG:""var(--prg-accent)"",T3_TAG:""var(--prg-accent)"",INVALIDATED:""var(--prg-bear)""},aC={WATCHLIST:""Qualified at the morning scan — waiting for price to reach the entry zone. No position yet, so no P/L."",ARMED:""Price tagged the entry zone — one close back above the floor from execution."",TRIGGERED:""Executed: the deflection confirmed. Entry premium is frozen at this minute’s print and P/L tracking starts."",T1_TAG:""Short-term GEX target touched (the front-column ceiling). Position keeps riding."",T2_TAG:""VEX swing target reached — the primary thesis played out."",T3_TAG:""Extended","magnet tagged — the runner’s moonshot rung."",INVALIDATED:""Legacy state from the old stop model — no longer reachable.""};function a_(e){var t;let n=null!=(t=aC[e.state])?t:"""",r=(Array.isArray(e.state_history)?e.state_history:[]).map(e=>"""".concat(e.at,"" "").concat(e.state.replace(""_"","" ""),"" — "").concat(e.note)).join(""\n"");return r?"""".concat(n,""\n\n"").concat(r):n}function aE(e){let{c:t,t:n}=e,a=t.prem_series;if(!t.entry_prem||!(null==a?void 0:a.length))return null;let l=a.map(e=>e[1]),o=l.indexOf(Math.max(...l)),s=a.slice(0,o+1),i=s.reduce((e,t)=>t[1]<e[1]?t:e,s[0]),c=Math.round((i[1]-t.entry_prem)/t.entry_prem*100),d=[{t:a[0][0],label:""entry"",px:t.entry_prem}];return c<0&&d.push({t:i[0],label:"
1536-064f08115df39c50.js,max drawdown,3,3,333931,1,max drawdown,"magnet tagged — the runner’s moonshot rung."",INVALIDATED:""Legacy state from the old stop model — no longer reachable.""};function a_(e){var t;let n=null!=(t=aC[e.state])?t:"""",r=(Array.isArray(e.state_history)?e.state_history:[]).map(e=>"""".concat(e.at,"" "").concat(e.state.replace(""_"","" ""),"" — "").concat(e.note)).join(""\n"");return r?"""".concat(n,""\n\n"").concat(r):n}function aE(e){let{c:t,t:n}=e,a=t.prem_series;if(!t.entry_prem||!(null==a?void 0:a.length))return null;let l=a.map(e=>e[1]),o=l.indexOf(Math.max(...l)),s=a.slice(0,o+1),i=s.reduce((e,t)=>t[1]<e[1]?t:e,s[0]),c=Math.round((i[1]-t.entry_prem)/t.entry_prem*100),d=[{t:a[0][0],label:""entry"",px:t.entry_prem}];return c<0&&d.push({t:i[0],label:""",""",px:i[1],ret:c}),d.push({t:a[o][0],label:""peak"",px:l[o],ret:t.max_return,peak:!0}),(0,r.jsx)(""div"",{className:""flex flex-col gap-1.5"",children:d.map((e,t)=>(0,r.jsxs)(""div"",{className:""flex items-baseline gap-2"",style:{fontSize:11,fontVariantNumeric:""tabular-nums""},children:[(0,r.jsx)(""span"",{style:{color:n.textMuted,fontSize:10,minWidth:34},children:(0,rf.uY)(e.t)}),(0,r.jsx)(""span"",{style:{color:e.peak?""var(--prg-bull)"":n.textSecondary,fontWeight:e.peak||""entry""===e.label?600:500},children:e.label}),(0,r.jsxs)(""span"",{className:""ml-auto"",style:{color:n.textPrimary},children:[""$"",e.px.toFixed(2)]}),null!=e.ret&&""entry""!==e.label&&(0,r.jsxs)(""span"",{style:{color:e.ret>=0?""var(--prg-bull)"":"""
1536-064f08115df39c50.js,node,15,20,334773,1,node,"1.5"",children:d.map((e,t)=>(0,r.jsxs)(""div"",{className:""flex items-baseline gap-2"",style:{fontSize:11,fontVariantNumeric:""tabular-nums""},children:[(0,r.jsx)(""span"",{style:{color:n.textMuted,fontSize:10,minWidth:34},children:(0,rf.uY)(e.t)}),(0,r.jsx)(""span"",{style:{color:e.peak?""var(--prg-bull)"":n.textSecondary,fontWeight:e.peak||""entry""===e.label?600:500},children:e.label}),(0,r.jsxs)(""span"",{className:""ml-auto"",style:{color:n.textPrimary},children:[""$"",e.px.toFixed(2)]}),null!=e.ret&&""entry""!==e.label&&(0,r.jsxs)(""span"",{style:{color:e.ret>=0?""var(--prg-bull)"":""var(--prg-bear)"",fontWeight:600,minWidth:44,textAlign:""right""},children:[e.ret>=0?""+"":"""",(0,rf.pT)(e.ret),""%""]})]},t))})}let aM={""","-flip"":""Node Flip"",""floor-deflection"":""Floor Deflection"",""king-floor"":""King Floor"",""washout-reclaim"":""Washout Reclaim"",""divergence-reversal"":""Reversal Signal"",""momentum-breakout"":""Momentum Breakout""},aI=e=>{var t;return null!=(t=aM[null!=e?e:""""])?t:e?e.replace(/-/g,"" "").replace(/\b\w/g,e=>e.toUpperCase()):""Setup""};function az(e,t){return Date.parse(e)<Date.now()-864e5?""expired"":"""".concat(Math.max(0,Math.round((Date.parse(e)-Date.parse(t))/864e5)),""d"")}function aR(e){return e.slice(5).replace(""-"",""/"")}function aF(e){let t=arguments.length>1&&void 0!==arguments[1]?arguments[1]:new Date().toISOString().slice(0,10);return!!(e&&e<t)}let aW=e=>""equity""===e||""conservative""===e?""normal"":e;function a"
1536-064f08115df39c50.js,node,16,20,334785,1,Node,"n:d.map((e,t)=>(0,r.jsxs)(""div"",{className:""flex items-baseline gap-2"",style:{fontSize:11,fontVariantNumeric:""tabular-nums""},children:[(0,r.jsx)(""span"",{style:{color:n.textMuted,fontSize:10,minWidth:34},children:(0,rf.uY)(e.t)}),(0,r.jsx)(""span"",{style:{color:e.peak?""var(--prg-bull)"":n.textSecondary,fontWeight:e.peak||""entry""===e.label?600:500},children:e.label}),(0,r.jsxs)(""span"",{className:""ml-auto"",style:{color:n.textPrimary},children:[""$"",e.px.toFixed(2)]}),null!=e.ret&&""entry""!==e.label&&(0,r.jsxs)(""span"",{style:{color:e.ret>=0?""var(--prg-bull)"":""var(--prg-bear)"",fontWeight:600,minWidth:44,textAlign:""right""},children:[e.ret>=0?""+"":"""",(0,rf.pT)(e.ret),""%""]})]},t))})}let aM={""node-flip"":""","Flip"",""floor-deflection"":""Floor Deflection"",""king-floor"":""King Floor"",""washout-reclaim"":""Washout Reclaim"",""divergence-reversal"":""Reversal Signal"",""momentum-breakout"":""Momentum Breakout""},aI=e=>{var t;return null!=(t=aM[null!=e?e:""""])?t:e?e.replace(/-/g,"" "").replace(/\b\w/g,e=>e.toUpperCase()):""Setup""};function az(e,t){return Date.parse(e)<Date.now()-864e5?""expired"":"""".concat(Math.max(0,Math.round((Date.parse(e)-Date.parse(t))/864e5)),""d"")}function aR(e){return e.slice(5).replace(""-"",""/"")}function aF(e){let t=arguments.length>1&&void 0!==arguments[1]?arguments[1]:new Date().toISOString().slice(0,10);return!!(e&&e<t)}let aW=e=>""equity""===e||""conservative""===e?""normal"":e;function aP(e){var t,n"
1536-064f08115df39c50.js,armed,34,43,335664,1,ARMED,"m Breakout""},aI=e=>{var t;return null!=(t=aM[null!=e?e:""""])?t:e?e.replace(/-/g,"" "").replace(/\b\w/g,e=>e.toUpperCase()):""Setup""};function az(e,t){return Date.parse(e)<Date.now()-864e5?""expired"":"""".concat(Math.max(0,Math.round((Date.parse(e)-Date.parse(t))/864e5)),""d"")}function aR(e){return e.slice(5).replace(""-"",""/"")}function aF(e){let t=arguments.length>1&&void 0!==arguments[1]?arguments[1]:new Date().toISOString().slice(0,10);return!!(e&&e<t)}let aW=e=>""equity""===e||""conservative""===e?""normal"":e;function aP(e){var t,n,a,l,o,s,i,c,d,u,p,m,g,h,x,f,b,y,v,k,w;let{s:j,mode:S,t:N,onOpen:T}=e,A=""TRIGGERED""===j.state||""T1_TAG""===j.state||""T2_TAG""===j.state,C=(0,rf.G7)(j.symbol,A),_=![""WATCHLIST"",""","""].includes(j.state),E=null!=(u=null==(t=j.contracts)?void 0:t[aW(S)])?u:j.contract,M=null==(n=(Array.isArray(j.state_history)?j.state_history:[]).find(e=>![""WATCHLIST"",""ARMED""].includes(e.state)))?void 0:n.at,I=null!=(p=null==E||null==(l=E.prem_series)||null==(a=l[0])?void 0:a[0])?p:M,z=(0,rf.XF)(""/falcon/contract_flow"",E?"""".concat(j.symbol,"" "").concat(E.strike).concat(E.right):void 0,null==E?void 0:E.expiration,(null!=M?M:"""".concat(j.day,"" 09:30"")).slice(11,16)||""09:30"",(null!=M?M:"""".concat(j.day,"" 09:30"")).slice(0,10),""LONG"",7,_),R=null!=(g=null!=(m=null==(o=j.contracts)?void 0:o[aW(S)])?m:j.contract)?g:void 0,F=aF(null==R?void 0:R.expiration),W=null!=(h=aA[j.state])?h:N.textMuted,P=null="
1536-064f08115df39c50.js,armed,35,43,335839,1,ARMED,"()-864e5?""expired"":"""".concat(Math.max(0,Math.round((Date.parse(e)-Date.parse(t))/864e5)),""d"")}function aR(e){return e.slice(5).replace(""-"",""/"")}function aF(e){let t=arguments.length>1&&void 0!==arguments[1]?arguments[1]:new Date().toISOString().slice(0,10);return!!(e&&e<t)}let aW=e=>""equity""===e||""conservative""===e?""normal"":e;function aP(e){var t,n,a,l,o,s,i,c,d,u,p,m,g,h,x,f,b,y,v,k,w;let{s:j,mode:S,t:N,onOpen:T}=e,A=""TRIGGERED""===j.state||""T1_TAG""===j.state||""T2_TAG""===j.state,C=(0,rf.G7)(j.symbol,A),_=![""WATCHLIST"",""ARMED""].includes(j.state),E=null!=(u=null==(t=j.contracts)?void 0:t[aW(S)])?u:j.contract,M=null==(n=(Array.isArray(j.state_history)?j.state_history:[]).find(e=>![""WATCHLIST"",""","""].includes(e.state)))?void 0:n.at,I=null!=(p=null==E||null==(l=E.prem_series)||null==(a=l[0])?void 0:a[0])?p:M,z=(0,rf.XF)(""/falcon/contract_flow"",E?"""".concat(j.symbol,"" "").concat(E.strike).concat(E.right):void 0,null==E?void 0:E.expiration,(null!=M?M:"""".concat(j.day,"" 09:30"")).slice(11,16)||""09:30"",(null!=M?M:"""".concat(j.day,"" 09:30"")).slice(0,10),""LONG"",7,_),R=null!=(g=null!=(m=null==(o=j.contracts)?void 0:o[aW(S)])?m:j.contract)?g:void 0,F=aF(null==R?void 0:R.expiration),W=null!=(h=aA[j.state])?h:N.textMuted,P=null==(s=j.guard)?void 0:s.deeper_gap_pct,D=null!=(x=null==R?void 0:R.managed_return)?x:""aggressive""===S?null==R||null==(i=R.playbook)?void 0:i.return_pct:null,L=(0,rf.Ci)(""equity"""
1536-064f08115df39c50.js,falcon,24,35,335970,1,falcon,"ace(""-"",""/"")}function aF(e){let t=arguments.length>1&&void 0!==arguments[1]?arguments[1]:new Date().toISOString().slice(0,10);return!!(e&&e<t)}let aW=e=>""equity""===e||""conservative""===e?""normal"":e;function aP(e){var t,n,a,l,o,s,i,c,d,u,p,m,g,h,x,f,b,y,v,k,w;let{s:j,mode:S,t:N,onOpen:T}=e,A=""TRIGGERED""===j.state||""T1_TAG""===j.state||""T2_TAG""===j.state,C=(0,rf.G7)(j.symbol,A),_=![""WATCHLIST"",""ARMED""].includes(j.state),E=null!=(u=null==(t=j.contracts)?void 0:t[aW(S)])?u:j.contract,M=null==(n=(Array.isArray(j.state_history)?j.state_history:[]).find(e=>![""WATCHLIST"",""ARMED""].includes(e.state)))?void 0:n.at,I=null!=(p=null==E||null==(l=E.prem_series)||null==(a=l[0])?void 0:a[0])?p:M,z=(0,rf.XF)(""/","/contract_flow"",E?"""".concat(j.symbol,"" "").concat(E.strike).concat(E.right):void 0,null==E?void 0:E.expiration,(null!=M?M:"""".concat(j.day,"" 09:30"")).slice(11,16)||""09:30"",(null!=M?M:"""".concat(j.day,"" 09:30"")).slice(0,10),""LONG"",7,_),R=null!=(g=null!=(m=null==(o=j.contracts)?void 0:o[aW(S)])?m:j.contract)?g:void 0,F=aF(null==R?void 0:R.expiration),W=null!=(h=aA[j.state])?h:N.textMuted,P=null==(s=j.guard)?void 0:s.deeper_gap_pct,D=null!=(x=null==R?void 0:R.managed_return)?x:""aggressive""===S?null==R||null==(i=R.playbook)?void 0:i.return_pct:null,L=(0,rf.Ci)(""equity""===S?null:null!=(b=null!=(f=null==R?void 0:R.entry_prem)?f:null==R?void 0:R.mark)?b:null,D,void 0,""aggressive""===S?""weighted"":""equal"
1536-064f08115df39c50.js,playbook,53,77,336489,1,playbook,"story)?j.state_history:[]).find(e=>![""WATCHLIST"",""ARMED""].includes(e.state)))?void 0:n.at,I=null!=(p=null==E||null==(l=E.prem_series)||null==(a=l[0])?void 0:a[0])?p:M,z=(0,rf.XF)(""/falcon/contract_flow"",E?"""".concat(j.symbol,"" "").concat(E.strike).concat(E.right):void 0,null==E?void 0:E.expiration,(null!=M?M:"""".concat(j.day,"" 09:30"")).slice(11,16)||""09:30"",(null!=M?M:"""".concat(j.day,"" 09:30"")).slice(0,10),""LONG"",7,_),R=null!=(g=null!=(m=null==(o=j.contracts)?void 0:o[aW(S)])?m:j.contract)?g:void 0,F=aF(null==R?void 0:R.expiration),W=null!=(h=aA[j.state])?h:N.textMuted,P=null==(s=j.guard)?void 0:s.deeper_gap_pct,D=null!=(x=null==R?void 0:R.managed_return)?x:""aggressive""===S?null==R||null==(i=R.",")?void 0:i.return_pct:null,L=(0,rf.Ci)(""equity""===S?null:null!=(b=null!=(f=null==R?void 0:R.entry_prem)?f:null==R?void 0:R.mark)?b:null,D,void 0,""aggressive""===S?""weighted"":""equal"");return(0,r.jsxs)(""button"",{onClick:T,className:""flex flex-col flex-none cursor-pointer rounded-[14px] p-3.5 text-left transition-transform hover:-translate-y-0.5"",style:{flexBasis:""min(80%, 262px)"",scrollSnapAlign:""start"",border:""1px solid rgba(var(--prg-ink),0.1)"",background:""linear-gradient(180deg,rgba(var(--prg-ink),0.055),rgba(var(--prg-ink),0.02))"",backdropFilter:""blur(var(--prg-blur)) saturate(150%)""},children:[(0,r.jsxs)(""div"",{className:""flex items-center gap-2.5"",children:[(0,r.jsx)(""span"",{style:{fontSi"
1536-064f08115df39c50.js,gamma,9,12,338960,1,gamma,".14)"",background:t?""transparent"":""rgba(var(--prg-ink),0.05)"",color:t?N.textMuted:W},children:n})})(),""radar""===j.tier&&(0,r.jsx)(""span"",{className:""rounded-[5px] px-1.5 py-0.5"",title:""Radar tier — tracked for monsters and labels across the full universe; not in the tradeable book"",style:{fontSize:8,fontWeight:600,letterSpacing:""0.06em"",border:""1px solid rgba(var(--prg-ink),0.14)"",background:""rgba(var(--prg-ink),0.05)"",color:N.textMuted},children:""RADAR""}),""conservative""===S&&(""momentum-breakout""===j.setup_class||""divergence-reversal""===j.setup_class)&&(0,r.jsx)(""span"",{title:""momentum-breakout""===j.setup_class?""MOMENTUM — a higher-timeframe momentum shift firing IN the move direction with a","tailwind (continuation, rides toward the magnet)"":""REVERSAL — a reversal signal fading INTO a gamma floor/ceiling (fade against the move)"",style:{fontSize:13,lineHeight:1,fontWeight:700,cursor:""help"",color:""momentum-breakout""===j.setup_class?""var(--prg-warn)"":""var(--prg-bull)""},children:""momentum-breakout""===j.setup_class?""↗"":""⟲""}),null!=P&&P>0&&(0,r.jsx)(""span"",{title:""column-2 shows a deeper floor "".concat(P,""% below""),style:{fontSize:11,lineHeight:1,color:""var(--prg-warn)"",textShadow:""0 0 6px rgba(var(--prg-warn-rgb),0.5)""},children:""⚠""}),(0,r.jsx)(""span"",{className:""ml-auto"",children:(0,r.jsx)(rf._I,{score:null!=(y=j.score)?y:50,size:34,skin:aS})})]}),(0,r.jsx)(""div"",{className:""mt-2.5"
1536-064f08115df39c50.js,gamma,10,12,339060,1,gamma,",""radar""===j.tier&&(0,r.jsx)(""span"",{className:""rounded-[5px] px-1.5 py-0.5"",title:""Radar tier — tracked for monsters and labels across the full universe; not in the tradeable book"",style:{fontSize:8,fontWeight:600,letterSpacing:""0.06em"",border:""1px solid rgba(var(--prg-ink),0.14)"",background:""rgba(var(--prg-ink),0.05)"",color:N.textMuted},children:""RADAR""}),""conservative""===S&&(""momentum-breakout""===j.setup_class||""divergence-reversal""===j.setup_class)&&(0,r.jsx)(""span"",{title:""momentum-breakout""===j.setup_class?""MOMENTUM — a higher-timeframe momentum shift firing IN the move direction with a gamma tailwind (continuation, rides toward the magnet)"":""REVERSAL — a reversal signal fading INTO a","floor/ceiling (fade against the move)"",style:{fontSize:13,lineHeight:1,fontWeight:700,cursor:""help"",color:""momentum-breakout""===j.setup_class?""var(--prg-warn)"":""var(--prg-bull)""},children:""momentum-breakout""===j.setup_class?""↗"":""⟲""}),null!=P&&P>0&&(0,r.jsx)(""span"",{title:""column-2 shows a deeper floor "".concat(P,""% below""),style:{fontSize:11,lineHeight:1,color:""var(--prg-warn)"",textShadow:""0 0 6px rgba(var(--prg-warn-rgb),0.5)""},children:""⚠""}),(0,r.jsx)(""span"",{className:""ml-auto"",children:(0,r.jsx)(rf._I,{score:null!=(y=j.score)?y:50,size:34,skin:aS})})]}),(0,r.jsx)(""div"",{className:""mt-2.5 flex items-baseline justify-between gap-2"",style:{fontSize:12.5,fontWeight:500,color:N.textSecondary"
1536-064f08115df39c50.js,trigger,9,19,340234,1,trigger,"assName:""ml-auto"",children:(0,r.jsx)(rf._I,{score:null!=(y=j.score)?y:50,size:34,skin:aS})})]}),(0,r.jsx)(""div"",{className:""mt-2.5 flex items-baseline justify-between gap-2"",style:{fontSize:12.5,fontWeight:500,color:N.textSecondary,fontVariantNumeric:""tabular-nums""},children:""equity""===S?(0,r.jsxs)(r.Fragment,{children:[(0,r.jsxs)(""span"",{className:""truncate"",children:[j.symbol,"" "",(0,r.jsx)(""b"",{style:{color:aN,fontWeight:700},children:""shares""}),R?(0,r.jsxs)(""span"",{style:{color:N.textMuted},children:["" \xb7 time stop "",aR(R.expiration)]}):null]}),(null!=(v=null==(c=j.equity)?void 0:c.entry_px)?v:j.entry_px)!=null&&(0,r.jsxs)(""span"",{className:""whitespace-nowrap"",title:""stock entry at the",""",style:{color:N.textPrimary,fontWeight:600},children:[""@ "",(null!=(k=null==(d=j.equity)?void 0:d.entry_px)?k:j.entry_px).toFixed(2)]})]}):(0,r.jsxs)(r.Fragment,{children:[(0,r.jsxs)(""span"",{className:""truncate"",children:[j.symbol,"" "",R?(0,r.jsxs)(""b"",{style:{color:aN,fontWeight:700},children:[R.strike,R.right,"" "",aR(R.expiration)]}):(0,r.jsxs)(""b"",{style:{color:aN,fontWeight:700},children:[""zone "",j.floor]}),R?"" \xb7 "".concat(az(R.expiration,j.day)):"""",(null==R?void 0:R.limit_plan)&&(()=>{var e,t,n,a,l;let o=R.limit_plan;return(0,r.jsx)(""b"",{title:""dip""===o.entry_style?""agent decision: DIP-OR-SKIP — market-buy only if premium prints ≤ $"".concat((null!=(e=o.px)?e:0).toFixed(2),"" ("").concat(n"
1536-064f08115df39c50.js,limitPlan,20,21,340717,1,limit_plan,"or:N.textMuted},children:["" \xb7 time stop "",aR(R.expiration)]}):null]}),(null!=(v=null==(c=j.equity)?void 0:c.entry_px)?v:j.entry_px)!=null&&(0,r.jsxs)(""span"",{className:""whitespace-nowrap"",title:""stock entry at the trigger"",style:{color:N.textPrimary,fontWeight:600},children:[""@ "",(null!=(k=null==(d=j.equity)?void 0:d.entry_px)?k:j.entry_px).toFixed(2)]})]}):(0,r.jsxs)(r.Fragment,{children:[(0,r.jsxs)(""span"",{className:""truncate"",children:[j.symbol,"" "",R?(0,r.jsxs)(""b"",{style:{color:aN,fontWeight:700},children:[R.strike,R.right,"" "",aR(R.expiration)]}):(0,r.jsxs)(""b"",{style:{color:aN,fontWeight:700},children:[""zone "",j.floor]}),R?"" \xb7 "".concat(az(R.expiration,j.day)):"""",(null==R?void 0:R.",")&&(()=>{var e,t,n,a,l;let o=R.limit_plan;return(0,r.jsx)(""b"",{title:""dip""===o.entry_style?""agent decision: DIP-OR-SKIP — market-buy only if premium prints ≤ $"".concat((null!=(e=o.px)?e:0).toFixed(2),"" ("").concat(null!=(t=o.k)?t:1,""σ dip) shortly after fire \xb7 no dip = no trade""):""market""===o.entry_style?""agent decision: MARKET entry at fire"":""agent decision: rest a LIMIT at $"".concat((null!=(n=o.px)?n:0).toFixed(2)),style:{marginLeft:6,fontSize:8.5,fontWeight:700,letterSpacing:""0.05em"",color:""var(--prg-warn)""},children:""dip""===o.entry_style?""DIP ≤$"".concat((null!=(a=o.px)?a:0).toFixed(2)):""market""===o.entry_style?""MKT"":""LMT $"".concat((null!=(l=o.px)?l:0).toFixed(2))})})()]}),(null==R?void"
1536-064f08115df39c50.js,limitPlan,21,21,340758,1,limit_plan,"p "",aR(R.expiration)]}):null]}),(null!=(v=null==(c=j.equity)?void 0:c.entry_px)?v:j.entry_px)!=null&&(0,r.jsxs)(""span"",{className:""whitespace-nowrap"",title:""stock entry at the trigger"",style:{color:N.textPrimary,fontWeight:600},children:[""@ "",(null!=(k=null==(d=j.equity)?void 0:d.entry_px)?k:j.entry_px).toFixed(2)]})]}):(0,r.jsxs)(r.Fragment,{children:[(0,r.jsxs)(""span"",{className:""truncate"",children:[j.symbol,"" "",R?(0,r.jsxs)(""b"",{style:{color:aN,fontWeight:700},children:[R.strike,R.right,"" "",aR(R.expiration)]}):(0,r.jsxs)(""b"",{style:{color:aN,fontWeight:700},children:[""zone "",j.floor]}),R?"" \xb7 "".concat(az(R.expiration,j.day)):"""",(null==R?void 0:R.limit_plan)&&(()=>{var e,t,n,a,l;let o=R.",";return(0,r.jsx)(""b"",{title:""dip""===o.entry_style?""agent decision: DIP-OR-SKIP — market-buy only if premium prints ≤ $"".concat((null!=(e=o.px)?e:0).toFixed(2),"" ("").concat(null!=(t=o.k)?t:1,""σ dip) shortly after fire \xb7 no dip = no trade""):""market""===o.entry_style?""agent decision: MARKET entry at fire"":""agent decision: rest a LIMIT at $"".concat((null!=(n=o.px)?n:0).toFixed(2)),style:{marginLeft:6,fontSize:8.5,fontWeight:700,letterSpacing:""0.05em"",color:""var(--prg-warn)""},children:""dip""===o.entry_style?""DIP ≤$"".concat((null!=(a=o.px)?a:0).toFixed(2)):""market""===o.entry_style?""MKT"":""LMT $"".concat((null!=(l=o.px)?l:0).toFixed(2))})})()]}),(null==R?void 0:R.entry_prem)!=null?(0,r.jsxs)(""span"","
1536-064f08115df39c50.js,entry_style,6,9,340806,1,entry_style,"(c=j.equity)?void 0:c.entry_px)?v:j.entry_px)!=null&&(0,r.jsxs)(""span"",{className:""whitespace-nowrap"",title:""stock entry at the trigger"",style:{color:N.textPrimary,fontWeight:600},children:[""@ "",(null!=(k=null==(d=j.equity)?void 0:d.entry_px)?k:j.entry_px).toFixed(2)]})]}):(0,r.jsxs)(r.Fragment,{children:[(0,r.jsxs)(""span"",{className:""truncate"",children:[j.symbol,"" "",R?(0,r.jsxs)(""b"",{style:{color:aN,fontWeight:700},children:[R.strike,R.right,"" "",aR(R.expiration)]}):(0,r.jsxs)(""b"",{style:{color:aN,fontWeight:700},children:[""zone "",j.floor]}),R?"" \xb7 "".concat(az(R.expiration,j.day)):"""",(null==R?void 0:R.limit_plan)&&(()=>{var e,t,n,a,l;let o=R.limit_plan;return(0,r.jsx)(""b"",{title:""dip""===o.","?""agent decision: DIP-OR-SKIP — market-buy only if premium prints ≤ $"".concat((null!=(e=o.px)?e:0).toFixed(2),"" ("").concat(null!=(t=o.k)?t:1,""σ dip) shortly after fire \xb7 no dip = no trade""):""market""===o.entry_style?""agent decision: MARKET entry at fire"":""agent decision: rest a LIMIT at $"".concat((null!=(n=o.px)?n:0).toFixed(2)),style:{marginLeft:6,fontSize:8.5,fontWeight:700,letterSpacing:""0.05em"",color:""var(--prg-warn)""},children:""dip""===o.entry_style?""DIP ≤$"".concat((null!=(a=o.px)?a:0).toFixed(2)):""market""===o.entry_style?""MKT"":""LMT $"".concat((null!=(l=o.px)?l:0).toFixed(2))})})()]}),(null==R?void 0:R.entry_prem)!=null?(0,r.jsxs)(""span"",{className:""whitespace-nowrap"",style:{color:N.tex"
1536-064f08115df39c50.js,DIP-OR-SKIP,4,4,340835,1,DIP-OR-SKIP,"x)?v:j.entry_px)!=null&&(0,r.jsxs)(""span"",{className:""whitespace-nowrap"",title:""stock entry at the trigger"",style:{color:N.textPrimary,fontWeight:600},children:[""@ "",(null!=(k=null==(d=j.equity)?void 0:d.entry_px)?k:j.entry_px).toFixed(2)]})]}):(0,r.jsxs)(r.Fragment,{children:[(0,r.jsxs)(""span"",{className:""truncate"",children:[j.symbol,"" "",R?(0,r.jsxs)(""b"",{style:{color:aN,fontWeight:700},children:[R.strike,R.right,"" "",aR(R.expiration)]}):(0,r.jsxs)(""b"",{style:{color:aN,fontWeight:700},children:[""zone "",j.floor]}),R?"" \xb7 "".concat(az(R.expiration,j.day)):"""",(null==R?void 0:R.limit_plan)&&(()=>{var e,t,n,a,l;let o=R.limit_plan;return(0,r.jsx)(""b"",{title:""dip""===o.entry_style?""agent decision:","— market-buy only if premium prints ≤ $"".concat((null!=(e=o.px)?e:0).toFixed(2),"" ("").concat(null!=(t=o.k)?t:1,""σ dip) shortly after fire \xb7 no dip = no trade""):""market""===o.entry_style?""agent decision: MARKET entry at fire"":""agent decision: rest a LIMIT at $"".concat((null!=(n=o.px)?n:0).toFixed(2)),style:{marginLeft:6,fontSize:8.5,fontWeight:700,letterSpacing:""0.05em"",color:""var(--prg-warn)""},children:""dip""===o.entry_style?""DIP ≤$"".concat((null!=(a=o.px)?a:0).toFixed(2)):""market""===o.entry_style?""MKT"":""LMT $"".concat((null!=(l=o.px)?l:0).toFixed(2))})})()]}),(null==R?void 0:R.entry_prem)!=null?(0,r.jsxs)(""span"",{className:""whitespace-nowrap"",style:{color:N.textPrimary,fontWeight:600},chil"
1536-064f08115df39c50.js,shortly after fire,3,3,340966,1,shortly after fire,"ary,fontWeight:600},children:[""@ "",(null!=(k=null==(d=j.equity)?void 0:d.entry_px)?k:j.entry_px).toFixed(2)]})]}):(0,r.jsxs)(r.Fragment,{children:[(0,r.jsxs)(""span"",{className:""truncate"",children:[j.symbol,"" "",R?(0,r.jsxs)(""b"",{style:{color:aN,fontWeight:700},children:[R.strike,R.right,"" "",aR(R.expiration)]}):(0,r.jsxs)(""b"",{style:{color:aN,fontWeight:700},children:[""zone "",j.floor]}),R?"" \xb7 "".concat(az(R.expiration,j.day)):"""",(null==R?void 0:R.limit_plan)&&(()=>{var e,t,n,a,l;let o=R.limit_plan;return(0,r.jsx)(""b"",{title:""dip""===o.entry_style?""agent decision: DIP-OR-SKIP — market-buy only if premium prints ≤ $"".concat((null!=(e=o.px)?e:0).toFixed(2),"" ("").concat(null!=(t=o.k)?t:1,""σ dip)","\xb7 no dip = no trade""):""market""===o.entry_style?""agent decision: MARKET entry at fire"":""agent decision: rest a LIMIT at $"".concat((null!=(n=o.px)?n:0).toFixed(2)),style:{marginLeft:6,fontSize:8.5,fontWeight:700,letterSpacing:""0.05em"",color:""var(--prg-warn)""},children:""dip""===o.entry_style?""DIP ≤$"".concat((null!=(a=o.px)?a:0).toFixed(2)):""market""===o.entry_style?""MKT"":""LMT $"".concat((null!=(l=o.px)?l:0).toFixed(2))})})()]}),(null==R?void 0:R.entry_prem)!=null?(0,r.jsxs)(""span"",{className:""whitespace-nowrap"",style:{color:N.textPrimary,fontWeight:600},children:[""@ "",R.entry_prem.toFixed(2)]}):(null==R?void 0:R.mark)!=null?(0,r.jsxs)(""span"",{className:""whitespace-nowrap"",style:{color:N.textPr"
1536-064f08115df39c50.js,fire,14,15,340980,1,fire,":600},children:[""@ "",(null!=(k=null==(d=j.equity)?void 0:d.entry_px)?k:j.entry_px).toFixed(2)]})]}):(0,r.jsxs)(r.Fragment,{children:[(0,r.jsxs)(""span"",{className:""truncate"",children:[j.symbol,"" "",R?(0,r.jsxs)(""b"",{style:{color:aN,fontWeight:700},children:[R.strike,R.right,"" "",aR(R.expiration)]}):(0,r.jsxs)(""b"",{style:{color:aN,fontWeight:700},children:[""zone "",j.floor]}),R?"" \xb7 "".concat(az(R.expiration,j.day)):"""",(null==R?void 0:R.limit_plan)&&(()=>{var e,t,n,a,l;let o=R.limit_plan;return(0,r.jsx)(""b"",{title:""dip""===o.entry_style?""agent decision: DIP-OR-SKIP — market-buy only if premium prints ≤ $"".concat((null!=(e=o.px)?e:0).toFixed(2),"" ("").concat(null!=(t=o.k)?t:1,""σ dip) shortly after","\xb7 no dip = no trade""):""market""===o.entry_style?""agent decision: MARKET entry at fire"":""agent decision: rest a LIMIT at $"".concat((null!=(n=o.px)?n:0).toFixed(2)),style:{marginLeft:6,fontSize:8.5,fontWeight:700,letterSpacing:""0.05em"",color:""var(--prg-warn)""},children:""dip""===o.entry_style?""DIP ≤$"".concat((null!=(a=o.px)?a:0).toFixed(2)):""market""===o.entry_style?""MKT"":""LMT $"".concat((null!=(l=o.px)?l:0).toFixed(2))})})()]}),(null==R?void 0:R.entry_prem)!=null?(0,r.jsxs)(""span"",{className:""whitespace-nowrap"",style:{color:N.textPrimary,fontWeight:600},children:[""@ "",R.entry_prem.toFixed(2)]}):(null==R?void 0:R.mark)!=null?(0,r.jsxs)(""span"",{className:""whitespace-nowrap"",style:{color:N.textPr"
1536-064f08115df39c50.js,entry_style,7,9,341023,1,entry_style,"quity)?void 0:d.entry_px)?k:j.entry_px).toFixed(2)]})]}):(0,r.jsxs)(r.Fragment,{children:[(0,r.jsxs)(""span"",{className:""truncate"",children:[j.symbol,"" "",R?(0,r.jsxs)(""b"",{style:{color:aN,fontWeight:700},children:[R.strike,R.right,"" "",aR(R.expiration)]}):(0,r.jsxs)(""b"",{style:{color:aN,fontWeight:700},children:[""zone "",j.floor]}),R?"" \xb7 "".concat(az(R.expiration,j.day)):"""",(null==R?void 0:R.limit_plan)&&(()=>{var e,t,n,a,l;let o=R.limit_plan;return(0,r.jsx)(""b"",{title:""dip""===o.entry_style?""agent decision: DIP-OR-SKIP — market-buy only if premium prints ≤ $"".concat((null!=(e=o.px)?e:0).toFixed(2),"" ("").concat(null!=(t=o.k)?t:1,""σ dip) shortly after fire \xb7 no dip = no trade""):""market""===o.","?""agent decision: MARKET entry at fire"":""agent decision: rest a LIMIT at $"".concat((null!=(n=o.px)?n:0).toFixed(2)),style:{marginLeft:6,fontSize:8.5,fontWeight:700,letterSpacing:""0.05em"",color:""var(--prg-warn)""},children:""dip""===o.entry_style?""DIP ≤$"".concat((null!=(a=o.px)?a:0).toFixed(2)):""market""===o.entry_style?""MKT"":""LMT $"".concat((null!=(l=o.px)?l:0).toFixed(2))})})()]}),(null==R?void 0:R.entry_prem)!=null?(0,r.jsxs)(""span"",{className:""whitespace-nowrap"",style:{color:N.textPrimary,fontWeight:600},children:[""@ "",R.entry_prem.toFixed(2)]}):(null==R?void 0:R.mark)!=null?(0,r.jsxs)(""span"",{className:""whitespace-nowrap"",style:{color:N.textPrimary,fontWeight:600},children:[""@ "",R.mark.toFixe"
1536-064f08115df39c50.js,fire,15,15,341068,1,fire,"ed(2)]})]}):(0,r.jsxs)(r.Fragment,{children:[(0,r.jsxs)(""span"",{className:""truncate"",children:[j.symbol,"" "",R?(0,r.jsxs)(""b"",{style:{color:aN,fontWeight:700},children:[R.strike,R.right,"" "",aR(R.expiration)]}):(0,r.jsxs)(""b"",{style:{color:aN,fontWeight:700},children:[""zone "",j.floor]}),R?"" \xb7 "".concat(az(R.expiration,j.day)):"""",(null==R?void 0:R.limit_plan)&&(()=>{var e,t,n,a,l;let o=R.limit_plan;return(0,r.jsx)(""b"",{title:""dip""===o.entry_style?""agent decision: DIP-OR-SKIP — market-buy only if premium prints ≤ $"".concat((null!=(e=o.px)?e:0).toFixed(2),"" ("").concat(null!=(t=o.k)?t:1,""σ dip) shortly after fire \xb7 no dip = no trade""):""market""===o.entry_style?""agent decision: MARKET entry at",""":""agent decision: rest a LIMIT at $"".concat((null!=(n=o.px)?n:0).toFixed(2)),style:{marginLeft:6,fontSize:8.5,fontWeight:700,letterSpacing:""0.05em"",color:""var(--prg-warn)""},children:""dip""===o.entry_style?""DIP ≤$"".concat((null!=(a=o.px)?a:0).toFixed(2)):""market""===o.entry_style?""MKT"":""LMT $"".concat((null!=(l=o.px)?l:0).toFixed(2))})})()]}),(null==R?void 0:R.entry_prem)!=null?(0,r.jsxs)(""span"",{className:""whitespace-nowrap"",style:{color:N.textPrimary,fontWeight:600},children:[""@ "",R.entry_prem.toFixed(2)]}):(null==R?void 0:R.mark)!=null?(0,r.jsxs)(""span"",{className:""whitespace-nowrap"",style:{color:N.textPrimary,fontWeight:600},children:[""@ "",R.mark.toFixed(2)]}):null]})}),(0,r.jsx)(""div"",{cla"
1536-064f08115df39c50.js,entry_style,8,9,341265,1,entry_style,"iration)]}):(0,r.jsxs)(""b"",{style:{color:aN,fontWeight:700},children:[""zone "",j.floor]}),R?"" \xb7 "".concat(az(R.expiration,j.day)):"""",(null==R?void 0:R.limit_plan)&&(()=>{var e,t,n,a,l;let o=R.limit_plan;return(0,r.jsx)(""b"",{title:""dip""===o.entry_style?""agent decision: DIP-OR-SKIP — market-buy only if premium prints ≤ $"".concat((null!=(e=o.px)?e:0).toFixed(2),"" ("").concat(null!=(t=o.k)?t:1,""σ dip) shortly after fire \xb7 no dip = no trade""):""market""===o.entry_style?""agent decision: MARKET entry at fire"":""agent decision: rest a LIMIT at $"".concat((null!=(n=o.px)?n:0).toFixed(2)),style:{marginLeft:6,fontSize:8.5,fontWeight:700,letterSpacing:""0.05em"",color:""var(--prg-warn)""},children:""dip""===o.","?""DIP ≤$"".concat((null!=(a=o.px)?a:0).toFixed(2)):""market""===o.entry_style?""MKT"":""LMT $"".concat((null!=(l=o.px)?l:0).toFixed(2))})})()]}),(null==R?void 0:R.entry_prem)!=null?(0,r.jsxs)(""span"",{className:""whitespace-nowrap"",style:{color:N.textPrimary,fontWeight:600},children:[""@ "",R.entry_prem.toFixed(2)]}):(null==R?void 0:R.mark)!=null?(0,r.jsxs)(""span"",{className:""whitespace-nowrap"",style:{color:N.textPrimary,fontWeight:600},children:[""@ "",R.mark.toFixed(2)]}):null]})}),(0,r.jsx)(""div"",{className:""mt-1 flex items-baseline gap-2.5"",style:{fontSize:10.5,color:N.textMuted,minHeight:16},children:""equity""===S?j.equity?(0,r.jsxs)(""span"",{title:""STOCK playbook: long "".concat(j.symbol,"" shares at t"
1536-064f08115df39c50.js,entry_style,9,9,341339,1,entry_style,"e "",j.floor]}),R?"" \xb7 "".concat(az(R.expiration,j.day)):"""",(null==R?void 0:R.limit_plan)&&(()=>{var e,t,n,a,l;let o=R.limit_plan;return(0,r.jsx)(""b"",{title:""dip""===o.entry_style?""agent decision: DIP-OR-SKIP — market-buy only if premium prints ≤ $"".concat((null!=(e=o.px)?e:0).toFixed(2),"" ("").concat(null!=(t=o.k)?t:1,""σ dip) shortly after fire \xb7 no dip = no trade""):""market""===o.entry_style?""agent decision: MARKET entry at fire"":""agent decision: rest a LIMIT at $"".concat((null!=(n=o.px)?n:0).toFixed(2)),style:{marginLeft:6,fontSize:8.5,fontWeight:700,letterSpacing:""0.05em"",color:""var(--prg-warn)""},children:""dip""===o.entry_style?""DIP ≤$"".concat((null!=(a=o.px)?a:0).toFixed(2)):""market""===o.","?""MKT"":""LMT $"".concat((null!=(l=o.px)?l:0).toFixed(2))})})()]}),(null==R?void 0:R.entry_prem)!=null?(0,r.jsxs)(""span"",{className:""whitespace-nowrap"",style:{color:N.textPrimary,fontWeight:600},children:[""@ "",R.entry_prem.toFixed(2)]}):(null==R?void 0:R.mark)!=null?(0,r.jsxs)(""span"",{className:""whitespace-nowrap"",style:{color:N.textPrimary,fontWeight:600},children:[""@ "",R.mark.toFixed(2)]}):null]})}),(0,r.jsx)(""div"",{className:""mt-1 flex items-baseline gap-2.5"",style:{fontSize:10.5,color:N.textMuted,minHeight:16},children:""equity""===S?j.equity?(0,r.jsxs)(""span"",{title:""STOCK playbook: long "".concat(j.symbol,"" shares at the trigger \xb7 "").concat(j.equity.tranches,"" tranche"").concat(j.equity.tr"
1536-064f08115df39c50.js,playbook,54,77,341930,1,playbook,"r(--prg-warn)""},children:""dip""===o.entry_style?""DIP ≤$"".concat((null!=(a=o.px)?a:0).toFixed(2)):""market""===o.entry_style?""MKT"":""LMT $"".concat((null!=(l=o.px)?l:0).toFixed(2))})})()]}),(null==R?void 0:R.entry_prem)!=null?(0,r.jsxs)(""span"",{className:""whitespace-nowrap"",style:{color:N.textPrimary,fontWeight:600},children:[""@ "",R.entry_prem.toFixed(2)]}):(null==R?void 0:R.mark)!=null?(0,r.jsxs)(""span"",{className:""whitespace-nowrap"",style:{color:N.textPrimary,fontWeight:600},children:[""@ "",R.mark.toFixed(2)]}):null]})}),(0,r.jsx)(""div"",{className:""mt-1 flex items-baseline gap-2.5"",style:{fontSize:10.5,color:N.textMuted,minHeight:16},children:""equity""===S?j.equity?(0,r.jsxs)(""span"",{title:""STOCK",": long "".concat(j.symbol,"" shares at the trigger \xb7 "").concat(j.equity.tranches,"" tranche"").concat(j.equity.tranches>1?""s"":"""","" \xb7 avg entry $"").concat(j.equity.avg_entry.toFixed(2)).concat(j.equity.banked_at?"" \xb7 banked @ "".concat((0,rf.uY)(j.equity.banked_at)):""""),children:[""stock "",(0,r.jsxs)(""b"",{style:{color:j.equity.return_pct>=0?""var(--prg-bull)"":""var(--prg-bear)"",fontWeight:700},children:[j.equity.return_pct>=0?""+"":"""",j.equity.return_pct.toFixed(1),""%""]}),(0,r.jsxs)(""span"",{style:{opacity:.8},children:["" \xb7 ⧉"",j.equity.tranches,"" \xb7 @ $"",j.equity.entry_px.toFixed(2)]}),null!=j.equity.max_up&&(0,r.jsxs)(""span"",{children:["" \xb7 peak +"",j.equity.max_up.toFixed(1),""%""]})]}):(0"
1536-064f08115df39c50.js,trigger,10,19,341979,1,trigger,"IP ≤$"".concat((null!=(a=o.px)?a:0).toFixed(2)):""market""===o.entry_style?""MKT"":""LMT $"".concat((null!=(l=o.px)?l:0).toFixed(2))})})()]}),(null==R?void 0:R.entry_prem)!=null?(0,r.jsxs)(""span"",{className:""whitespace-nowrap"",style:{color:N.textPrimary,fontWeight:600},children:[""@ "",R.entry_prem.toFixed(2)]}):(null==R?void 0:R.mark)!=null?(0,r.jsxs)(""span"",{className:""whitespace-nowrap"",style:{color:N.textPrimary,fontWeight:600},children:[""@ "",R.mark.toFixed(2)]}):null]})}),(0,r.jsx)(""div"",{className:""mt-1 flex items-baseline gap-2.5"",style:{fontSize:10.5,color:N.textMuted,minHeight:16},children:""equity""===S?j.equity?(0,r.jsxs)(""span"",{title:""STOCK playbook: long "".concat(j.symbol,"" shares at the","\xb7 "").concat(j.equity.tranches,"" tranche"").concat(j.equity.tranches>1?""s"":"""","" \xb7 avg entry $"").concat(j.equity.avg_entry.toFixed(2)).concat(j.equity.banked_at?"" \xb7 banked @ "".concat((0,rf.uY)(j.equity.banked_at)):""""),children:[""stock "",(0,r.jsxs)(""b"",{style:{color:j.equity.return_pct>=0?""var(--prg-bull)"":""var(--prg-bear)"",fontWeight:700},children:[j.equity.return_pct>=0?""+"":"""",j.equity.return_pct.toFixed(1),""%""]}),(0,r.jsxs)(""span"",{style:{opacity:.8},children:["" \xb7 ⧉"",j.equity.tranches,"" \xb7 @ $"",j.equity.entry_px.toFixed(2)]}),null!=j.equity.max_up&&(0,r.jsxs)(""span"",{children:["" \xb7 peak +"",j.equity.max_up.toFixed(1),""%""]})]}):(0,r.jsx)(""span"",{style:{opacity:.7},children:_?""s"
1536-064f08115df39c50.js,playbook,55,77,343179,1,playbook,"tranches,"" \xb7 @ $"",j.equity.entry_px.toFixed(2)]}),null!=j.equity.max_up&&(0,r.jsxs)(""span"",{children:["" \xb7 peak +"",j.equity.max_up.toFixed(1),""%""]})]}):(0,r.jsx)(""span"",{style:{opacity:.7},children:_?""stock replay pending"":""never triggered \xb7 no stock trade""}):(null==R?void 0:R.max_return)!=null&&(0,r.jsxs)(r.Fragment,{children:[(0,r.jsxs)(""span"",{children:[""max "",(0,r.jsxs)(""b"",{style:{color:R.max_return>=0?""var(--prg-bull)"":""var(--prg-bear)"",fontWeight:700},children:[R.max_return>=0?""+"":"""",(0,rf.pT)(R.max_return),""%""]}),R.peak_time?(0,r.jsxs)(""span"",{style:{color:N.textMuted},children:["" @ "",(0,rf.uY)(R.peak_time)]}):null]}),null!=R.managed_return&&(0,r.jsxs)(""span"",{title:""Managed","— probe, then up to 2 adds at −50%/−75% of entry premium (lowers basis), bank 75% at +30% on the lowered basis, run the last 25% with a 30% trailing give-back (captures the moonshot tail)"",children:[(0,r.jsx)(""span"",{style:{color:N.textMuted},children:""managed ""}),(0,r.jsxs)(""b"",{style:{color:R.managed_return>=0?""var(--prg-bull)"":""var(--prg-bear)"",fontWeight:700},children:[R.managed_return>=0?""+"":"""",(0,rf.pT)(R.managed_return),""%""]}),rk.G.TRADE_LIFECYCLE_COPY&&(0,r.jsx)(rf.zJ,{sizing:L,skin:aS})]}),null==R.managed_return&&""aggressive""===S&&R.playbook?(0,r.jsxs)(""span"",{title:""SCALE playbook: "".concat(R.playbook.tranches,"" tranche"").concat(R.playbook.tranches>1?""s"":"""","" \xb7 avg entry $"").co"
1536-064f08115df39c50.js,playbook,56,77,343736,1,playbook,"(""span"",{style:{color:N.textMuted},children:["" @ "",(0,rf.uY)(R.peak_time)]}):null]}),null!=R.managed_return&&(0,r.jsxs)(""span"",{title:""Managed playbook — probe, then up to 2 adds at −50%/−75% of entry premium (lowers basis), bank 75% at +30% on the lowered basis, run the last 25% with a 30% trailing give-back (captures the moonshot tail)"",children:[(0,r.jsx)(""span"",{style:{color:N.textMuted},children:""managed ""}),(0,r.jsxs)(""b"",{style:{color:R.managed_return>=0?""var(--prg-bull)"":""var(--prg-bear)"",fontWeight:700},children:[R.managed_return>=0?""+"":"""",(0,rf.pT)(R.managed_return),""%""]}),rk.G.TRADE_LIFECYCLE_COPY&&(0,r.jsx)(rf.zJ,{sizing:L,skin:aS})]}),null==R.managed_return&&""aggressive""===S&&R.","?(0,r.jsxs)(""span"",{title:""SCALE playbook: "".concat(R.playbook.tranches,"" tranche"").concat(R.playbook.tranches>1?""s"":"""","" \xb7 avg entry $"").concat(R.playbook.avg_entry.toFixed(2)).concat(R.playbook.banked_at?"" \xb7 banked @ "".concat((0,rf.uY)(R.playbook.banked_at)):""""),children:[""playbook "",(0,r.jsxs)(""b"",{style:{color:R.playbook.return_pct>=0?""var(--prg-bull)"":""var(--prg-bear)"",fontWeight:700},children:[R.playbook.return_pct>=0?""+"":"""",(0,rf.pT)(R.playbook.return_pct),""%""]}),(0,r.jsxs)(""span"",{style:{opacity:.8},children:["" \xb7 ⧉"",R.playbook.tranches,"" \xb7 avg $"",R.playbook.avg_entry.toFixed(2)]})]}):null!=R.current_return&&!F&&(0,r.jsxs)(""span"",{children:[""now "",(0,r.jsxs)(""b"",{style:{co"
1536-064f08115df39c50.js,playbook,57,77,343777,1,playbook,"en:["" @ "",(0,rf.uY)(R.peak_time)]}):null]}),null!=R.managed_return&&(0,r.jsxs)(""span"",{title:""Managed playbook — probe, then up to 2 adds at −50%/−75% of entry premium (lowers basis), bank 75% at +30% on the lowered basis, run the last 25% with a 30% trailing give-back (captures the moonshot tail)"",children:[(0,r.jsx)(""span"",{style:{color:N.textMuted},children:""managed ""}),(0,r.jsxs)(""b"",{style:{color:R.managed_return>=0?""var(--prg-bull)"":""var(--prg-bear)"",fontWeight:700},children:[R.managed_return>=0?""+"":"""",(0,rf.pT)(R.managed_return),""%""]}),rk.G.TRADE_LIFECYCLE_COPY&&(0,r.jsx)(rf.zJ,{sizing:L,skin:aS})]}),null==R.managed_return&&""aggressive""===S&&R.playbook?(0,r.jsxs)(""span"",{title:""SCALE",": "".concat(R.playbook.tranches,"" tranche"").concat(R.playbook.tranches>1?""s"":"""","" \xb7 avg entry $"").concat(R.playbook.avg_entry.toFixed(2)).concat(R.playbook.banked_at?"" \xb7 banked @ "".concat((0,rf.uY)(R.playbook.banked_at)):""""),children:[""playbook "",(0,r.jsxs)(""b"",{style:{color:R.playbook.return_pct>=0?""var(--prg-bull)"":""var(--prg-bear)"",fontWeight:700},children:[R.playbook.return_pct>=0?""+"":"""",(0,rf.pT)(R.playbook.return_pct),""%""]}),(0,r.jsxs)(""span"",{style:{opacity:.8},children:["" \xb7 ⧉"",R.playbook.tranches,"" \xb7 avg $"",R.playbook.avg_entry.toFixed(2)]})]}):null!=R.current_return&&!F&&(0,r.jsxs)(""span"",{children:[""now "",(0,r.jsxs)(""b"",{style:{color:R.current_return>=0?""var(--prg-bull)"""
1536-064f08115df39c50.js,playbook,58,77,343798,1,playbook,".peak_time)]}):null]}),null!=R.managed_return&&(0,r.jsxs)(""span"",{title:""Managed playbook — probe, then up to 2 adds at −50%/−75% of entry premium (lowers basis), bank 75% at +30% on the lowered basis, run the last 25% with a 30% trailing give-back (captures the moonshot tail)"",children:[(0,r.jsx)(""span"",{style:{color:N.textMuted},children:""managed ""}),(0,r.jsxs)(""b"",{style:{color:R.managed_return>=0?""var(--prg-bull)"":""var(--prg-bear)"",fontWeight:700},children:[R.managed_return>=0?""+"":"""",(0,rf.pT)(R.managed_return),""%""]}),rk.G.TRADE_LIFECYCLE_COPY&&(0,r.jsx)(rf.zJ,{sizing:L,skin:aS})]}),null==R.managed_return&&""aggressive""===S&&R.playbook?(0,r.jsxs)(""span"",{title:""SCALE playbook: "".concat(R.",".tranches,"" tranche"").concat(R.playbook.tranches>1?""s"":"""","" \xb7 avg entry $"").concat(R.playbook.avg_entry.toFixed(2)).concat(R.playbook.banked_at?"" \xb7 banked @ "".concat((0,rf.uY)(R.playbook.banked_at)):""""),children:[""playbook "",(0,r.jsxs)(""b"",{style:{color:R.playbook.return_pct>=0?""var(--prg-bull)"":""var(--prg-bear)"",fontWeight:700},children:[R.playbook.return_pct>=0?""+"":"""",(0,rf.pT)(R.playbook.return_pct),""%""]}),(0,r.jsxs)(""span"",{style:{opacity:.8},children:["" \xb7 ⧉"",R.playbook.tranches,"" \xb7 avg $"",R.playbook.avg_entry.toFixed(2)]})]}):null!=R.current_return&&!F&&(0,r.jsxs)(""span"",{children:[""now "",(0,r.jsxs)(""b"",{style:{color:R.current_return>=0?""var(--prg-bull)"":""var(--prg-bear)"",fo"
1536-064f08115df39c50.js,playbook,59,77,343837,1,playbook,"return&&(0,r.jsxs)(""span"",{title:""Managed playbook — probe, then up to 2 adds at −50%/−75% of entry premium (lowers basis), bank 75% at +30% on the lowered basis, run the last 25% with a 30% trailing give-back (captures the moonshot tail)"",children:[(0,r.jsx)(""span"",{style:{color:N.textMuted},children:""managed ""}),(0,r.jsxs)(""b"",{style:{color:R.managed_return>=0?""var(--prg-bull)"":""var(--prg-bear)"",fontWeight:700},children:[R.managed_return>=0?""+"":"""",(0,rf.pT)(R.managed_return),""%""]}),rk.G.TRADE_LIFECYCLE_COPY&&(0,r.jsx)(rf.zJ,{sizing:L,skin:aS})]}),null==R.managed_return&&""aggressive""===S&&R.playbook?(0,r.jsxs)(""span"",{title:""SCALE playbook: "".concat(R.playbook.tranches,"" tranche"").concat(R.",".tranches>1?""s"":"""","" \xb7 avg entry $"").concat(R.playbook.avg_entry.toFixed(2)).concat(R.playbook.banked_at?"" \xb7 banked @ "".concat((0,rf.uY)(R.playbook.banked_at)):""""),children:[""playbook "",(0,r.jsxs)(""b"",{style:{color:R.playbook.return_pct>=0?""var(--prg-bull)"":""var(--prg-bear)"",fontWeight:700},children:[R.playbook.return_pct>=0?""+"":"""",(0,rf.pT)(R.playbook.return_pct),""%""]}),(0,r.jsxs)(""span"",{style:{opacity:.8},children:["" \xb7 ⧉"",R.playbook.tranches,"" \xb7 avg $"",R.playbook.avg_entry.toFixed(2)]})]}):null!=R.current_return&&!F&&(0,r.jsxs)(""span"",{children:[""now "",(0,r.jsxs)(""b"",{style:{color:R.current_return>=0?""var(--prg-bull)"":""var(--prg-bear)"",fontWeight:600},children:[R.current_retur"
1536-064f08115df39c50.js,playbook,60,77,343894,1,playbook,"e, then up to 2 adds at −50%/−75% of entry premium (lowers basis), bank 75% at +30% on the lowered basis, run the last 25% with a 30% trailing give-back (captures the moonshot tail)"",children:[(0,r.jsx)(""span"",{style:{color:N.textMuted},children:""managed ""}),(0,r.jsxs)(""b"",{style:{color:R.managed_return>=0?""var(--prg-bull)"":""var(--prg-bear)"",fontWeight:700},children:[R.managed_return>=0?""+"":"""",(0,rf.pT)(R.managed_return),""%""]}),rk.G.TRADE_LIFECYCLE_COPY&&(0,r.jsx)(rf.zJ,{sizing:L,skin:aS})]}),null==R.managed_return&&""aggressive""===S&&R.playbook?(0,r.jsxs)(""span"",{title:""SCALE playbook: "".concat(R.playbook.tranches,"" tranche"").concat(R.playbook.tranches>1?""s"":"""","" \xb7 avg entry $"").concat(R.",".avg_entry.toFixed(2)).concat(R.playbook.banked_at?"" \xb7 banked @ "".concat((0,rf.uY)(R.playbook.banked_at)):""""),children:[""playbook "",(0,r.jsxs)(""b"",{style:{color:R.playbook.return_pct>=0?""var(--prg-bull)"":""var(--prg-bear)"",fontWeight:700},children:[R.playbook.return_pct>=0?""+"":"""",(0,rf.pT)(R.playbook.return_pct),""%""]}),(0,r.jsxs)(""span"",{style:{opacity:.8},children:["" \xb7 ⧉"",R.playbook.tranches,"" \xb7 avg $"",R.playbook.avg_entry.toFixed(2)]})]}):null!=R.current_return&&!F&&(0,r.jsxs)(""span"",{children:[""now "",(0,r.jsxs)(""b"",{style:{color:R.current_return>=0?""var(--prg-bull)"":""var(--prg-bear)"",fontWeight:600},children:[R.current_return>=0?""+"":"""",(0,rf.pT)(R.current_return),""%""]})]})]})}),(0"
1536-064f08115df39c50.js,playbook,61,77,343934,1,playbook,"ry premium (lowers basis), bank 75% at +30% on the lowered basis, run the last 25% with a 30% trailing give-back (captures the moonshot tail)"",children:[(0,r.jsx)(""span"",{style:{color:N.textMuted},children:""managed ""}),(0,r.jsxs)(""b"",{style:{color:R.managed_return>=0?""var(--prg-bull)"":""var(--prg-bear)"",fontWeight:700},children:[R.managed_return>=0?""+"":"""",(0,rf.pT)(R.managed_return),""%""]}),rk.G.TRADE_LIFECYCLE_COPY&&(0,r.jsx)(rf.zJ,{sizing:L,skin:aS})]}),null==R.managed_return&&""aggressive""===S&&R.playbook?(0,r.jsxs)(""span"",{title:""SCALE playbook: "".concat(R.playbook.tranches,"" tranche"").concat(R.playbook.tranches>1?""s"":"""","" \xb7 avg entry $"").concat(R.playbook.avg_entry.toFixed(2)).concat(R.",".banked_at?"" \xb7 banked @ "".concat((0,rf.uY)(R.playbook.banked_at)):""""),children:[""playbook "",(0,r.jsxs)(""b"",{style:{color:R.playbook.return_pct>=0?""var(--prg-bull)"":""var(--prg-bear)"",fontWeight:700},children:[R.playbook.return_pct>=0?""+"":"""",(0,rf.pT)(R.playbook.return_pct),""%""]}),(0,r.jsxs)(""span"",{style:{opacity:.8},children:["" \xb7 ⧉"",R.playbook.tranches,"" \xb7 avg $"",R.playbook.avg_entry.toFixed(2)]})]}):null!=R.current_return&&!F&&(0,r.jsxs)(""span"",{children:[""now "",(0,r.jsxs)(""b"",{style:{color:R.current_return>=0?""var(--prg-bull)"":""var(--prg-bear)"",fontWeight:600},children:[R.current_return>=0?""+"":"""",(0,rf.pT)(R.current_return),""%""]})]})]})}),(0,r.jsxs)(""div"",{className:""mt-3 flex ite"
1536-064f08115df39c50.js,playbook,62,77,343990,1,playbook,"ed basis, run the last 25% with a 30% trailing give-back (captures the moonshot tail)"",children:[(0,r.jsx)(""span"",{style:{color:N.textMuted},children:""managed ""}),(0,r.jsxs)(""b"",{style:{color:R.managed_return>=0?""var(--prg-bull)"":""var(--prg-bear)"",fontWeight:700},children:[R.managed_return>=0?""+"":"""",(0,rf.pT)(R.managed_return),""%""]}),rk.G.TRADE_LIFECYCLE_COPY&&(0,r.jsx)(rf.zJ,{sizing:L,skin:aS})]}),null==R.managed_return&&""aggressive""===S&&R.playbook?(0,r.jsxs)(""span"",{title:""SCALE playbook: "".concat(R.playbook.tranches,"" tranche"").concat(R.playbook.tranches>1?""s"":"""","" \xb7 avg entry $"").concat(R.playbook.avg_entry.toFixed(2)).concat(R.playbook.banked_at?"" \xb7 banked @ "".concat((0,rf.uY)(R.",".banked_at)):""""),children:[""playbook "",(0,r.jsxs)(""b"",{style:{color:R.playbook.return_pct>=0?""var(--prg-bull)"":""var(--prg-bear)"",fontWeight:700},children:[R.playbook.return_pct>=0?""+"":"""",(0,rf.pT)(R.playbook.return_pct),""%""]}),(0,r.jsxs)(""span"",{style:{opacity:.8},children:["" \xb7 ⧉"",R.playbook.tranches,"" \xb7 avg $"",R.playbook.avg_entry.toFixed(2)]})]}):null!=R.current_return&&!F&&(0,r.jsxs)(""span"",{children:[""now "",(0,r.jsxs)(""b"",{style:{color:R.current_return>=0?""var(--prg-bull)"":""var(--prg-bear)"",fontWeight:600},children:[R.current_return>=0?""+"":"""",(0,rf.pT)(R.current_return),""%""]})]})]})}),(0,r.jsxs)(""div"",{className:""mt-3 flex items-center gap-2.5"",children:[(0,r.jsx)(rf.ge,{stop:j.sto"
1536-064f08115df39c50.js,playbook,63,77,344026,1,playbook,"% trailing give-back (captures the moonshot tail)"",children:[(0,r.jsx)(""span"",{style:{color:N.textMuted},children:""managed ""}),(0,r.jsxs)(""b"",{style:{color:R.managed_return>=0?""var(--prg-bull)"":""var(--prg-bear)"",fontWeight:700},children:[R.managed_return>=0?""+"":"""",(0,rf.pT)(R.managed_return),""%""]}),rk.G.TRADE_LIFECYCLE_COPY&&(0,r.jsx)(rf.zJ,{sizing:L,skin:aS})]}),null==R.managed_return&&""aggressive""===S&&R.playbook?(0,r.jsxs)(""span"",{title:""SCALE playbook: "".concat(R.playbook.tranches,"" tranche"").concat(R.playbook.tranches>1?""s"":"""","" \xb7 avg entry $"").concat(R.playbook.avg_entry.toFixed(2)).concat(R.playbook.banked_at?"" \xb7 banked @ "".concat((0,rf.uY)(R.playbook.banked_at)):""""),children:[""",""",(0,r.jsxs)(""b"",{style:{color:R.playbook.return_pct>=0?""var(--prg-bull)"":""var(--prg-bear)"",fontWeight:700},children:[R.playbook.return_pct>=0?""+"":"""",(0,rf.pT)(R.playbook.return_pct),""%""]}),(0,r.jsxs)(""span"",{style:{opacity:.8},children:["" \xb7 ⧉"",R.playbook.tranches,"" \xb7 avg $"",R.playbook.avg_entry.toFixed(2)]})]}):null!=R.current_return&&!F&&(0,r.jsxs)(""span"",{children:[""now "",(0,r.jsxs)(""b"",{style:{color:R.current_return>=0?""var(--prg-bull)"":""var(--prg-bear)"",fontWeight:600},children:[R.current_return>=0?""+"":"""",(0,rf.pT)(R.current_return),""%""]})]})]})}),(0,r.jsxs)(""div"",{className:""mt-3 flex items-center gap-2.5"",children:[(0,r.jsx)(rf.ge,{stop:j.stop,entry:(j.floor+j.zone_hi)/2,target"
1536-064f08115df39c50.js,playbook,64,77,344068,1,playbook,"t tail)"",children:[(0,r.jsx)(""span"",{style:{color:N.textMuted},children:""managed ""}),(0,r.jsxs)(""b"",{style:{color:R.managed_return>=0?""var(--prg-bull)"":""var(--prg-bear)"",fontWeight:700},children:[R.managed_return>=0?""+"":"""",(0,rf.pT)(R.managed_return),""%""]}),rk.G.TRADE_LIFECYCLE_COPY&&(0,r.jsx)(rf.zJ,{sizing:L,skin:aS})]}),null==R.managed_return&&""aggressive""===S&&R.playbook?(0,r.jsxs)(""span"",{title:""SCALE playbook: "".concat(R.playbook.tranches,"" tranche"").concat(R.playbook.tranches>1?""s"":"""","" \xb7 avg entry $"").concat(R.playbook.avg_entry.toFixed(2)).concat(R.playbook.banked_at?"" \xb7 banked @ "".concat((0,rf.uY)(R.playbook.banked_at)):""""),children:[""playbook "",(0,r.jsxs)(""b"",{style:{color:R.",".return_pct>=0?""var(--prg-bull)"":""var(--prg-bear)"",fontWeight:700},children:[R.playbook.return_pct>=0?""+"":"""",(0,rf.pT)(R.playbook.return_pct),""%""]}),(0,r.jsxs)(""span"",{style:{opacity:.8},children:["" \xb7 ⧉"",R.playbook.tranches,"" \xb7 avg $"",R.playbook.avg_entry.toFixed(2)]})]}):null!=R.current_return&&!F&&(0,r.jsxs)(""span"",{children:[""now "",(0,r.jsxs)(""b"",{style:{color:R.current_return>=0?""var(--prg-bull)"":""var(--prg-bear)"",fontWeight:600},children:[R.current_return>=0?""+"":"""",(0,rf.pT)(R.current_return),""%""]})]})]})}),(0,r.jsxs)(""div"",{className:""mt-3 flex items-center gap-2.5"",children:[(0,r.jsx)(rf.ge,{stop:j.stop,entry:(j.floor+j.zone_hi)/2,target:null!=(w=j.t1)?w:j.t2,partial:null,compac"
1536-064f08115df39c50.js,playbook,65,77,344155,1,playbook,",r.jsxs)(""b"",{style:{color:R.managed_return>=0?""var(--prg-bull)"":""var(--prg-bear)"",fontWeight:700},children:[R.managed_return>=0?""+"":"""",(0,rf.pT)(R.managed_return),""%""]}),rk.G.TRADE_LIFECYCLE_COPY&&(0,r.jsx)(rf.zJ,{sizing:L,skin:aS})]}),null==R.managed_return&&""aggressive""===S&&R.playbook?(0,r.jsxs)(""span"",{title:""SCALE playbook: "".concat(R.playbook.tranches,"" tranche"").concat(R.playbook.tranches>1?""s"":"""","" \xb7 avg entry $"").concat(R.playbook.avg_entry.toFixed(2)).concat(R.playbook.banked_at?"" \xb7 banked @ "".concat((0,rf.uY)(R.playbook.banked_at)):""""),children:[""playbook "",(0,r.jsxs)(""b"",{style:{color:R.playbook.return_pct>=0?""var(--prg-bull)"":""var(--prg-bear)"",fontWeight:700},children:[R.",".return_pct>=0?""+"":"""",(0,rf.pT)(R.playbook.return_pct),""%""]}),(0,r.jsxs)(""span"",{style:{opacity:.8},children:["" \xb7 ⧉"",R.playbook.tranches,"" \xb7 avg $"",R.playbook.avg_entry.toFixed(2)]})]}):null!=R.current_return&&!F&&(0,r.jsxs)(""span"",{children:[""now "",(0,r.jsxs)(""b"",{style:{color:R.current_return>=0?""var(--prg-bull)"":""var(--prg-bear)"",fontWeight:600},children:[R.current_return>=0?""+"":"""",(0,rf.pT)(R.current_return),""%""]})]})]})}),(0,r.jsxs)(""div"",{className:""mt-3 flex items-center gap-2.5"",children:[(0,r.jsx)(rf.ge,{stop:j.stop,entry:(j.floor+j.zone_hi)/2,target:null!=(w=j.t1)?w:j.t2,partial:null,compact:!0,skin:aS,prog:null!=C?{cur:C}:void 0,tagged:""T3_TAG""===j.state||""T2_TAG""===j.state?"
1536-064f08115df39c50.js,playbook,66,77,344197,1,playbook,"n>=0?""var(--prg-bull)"":""var(--prg-bear)"",fontWeight:700},children:[R.managed_return>=0?""+"":"""",(0,rf.pT)(R.managed_return),""%""]}),rk.G.TRADE_LIFECYCLE_COPY&&(0,r.jsx)(rf.zJ,{sizing:L,skin:aS})]}),null==R.managed_return&&""aggressive""===S&&R.playbook?(0,r.jsxs)(""span"",{title:""SCALE playbook: "".concat(R.playbook.tranches,"" tranche"").concat(R.playbook.tranches>1?""s"":"""","" \xb7 avg entry $"").concat(R.playbook.avg_entry.toFixed(2)).concat(R.playbook.banked_at?"" \xb7 banked @ "".concat((0,rf.uY)(R.playbook.banked_at)):""""),children:[""playbook "",(0,r.jsxs)(""b"",{style:{color:R.playbook.return_pct>=0?""var(--prg-bull)"":""var(--prg-bear)"",fontWeight:700},children:[R.playbook.return_pct>=0?""+"":"""",(0,rf.pT)(R.",".return_pct),""%""]}),(0,r.jsxs)(""span"",{style:{opacity:.8},children:["" \xb7 ⧉"",R.playbook.tranches,"" \xb7 avg $"",R.playbook.avg_entry.toFixed(2)]})]}):null!=R.current_return&&!F&&(0,r.jsxs)(""span"",{children:[""now "",(0,r.jsxs)(""b"",{style:{color:R.current_return>=0?""var(--prg-bull)"":""var(--prg-bear)"",fontWeight:600},children:[R.current_return>=0?""+"":"""",(0,rf.pT)(R.current_return),""%""]})]})]})}),(0,r.jsxs)(""div"",{className:""mt-3 flex items-center gap-2.5"",children:[(0,r.jsx)(rf.ge,{stop:j.stop,entry:(j.floor+j.zone_hi)/2,target:null!=(w=j.t1)?w:j.t2,partial:null,compact:!0,skin:aS,prog:null!=C?{cur:C}:void 0,tagged:""T3_TAG""===j.state||""T2_TAG""===j.state?2:+(""T1_TAG""===j.state)}),(0,r.jsxs)(""span"
1536-064f08115df39c50.js,playbook,67,77,344285,1,playbook,"+"":"""",(0,rf.pT)(R.managed_return),""%""]}),rk.G.TRADE_LIFECYCLE_COPY&&(0,r.jsx)(rf.zJ,{sizing:L,skin:aS})]}),null==R.managed_return&&""aggressive""===S&&R.playbook?(0,r.jsxs)(""span"",{title:""SCALE playbook: "".concat(R.playbook.tranches,"" tranche"").concat(R.playbook.tranches>1?""s"":"""","" \xb7 avg entry $"").concat(R.playbook.avg_entry.toFixed(2)).concat(R.playbook.banked_at?"" \xb7 banked @ "".concat((0,rf.uY)(R.playbook.banked_at)):""""),children:[""playbook "",(0,r.jsxs)(""b"",{style:{color:R.playbook.return_pct>=0?""var(--prg-bull)"":""var(--prg-bear)"",fontWeight:700},children:[R.playbook.return_pct>=0?""+"":"""",(0,rf.pT)(R.playbook.return_pct),""%""]}),(0,r.jsxs)(""span"",{style:{opacity:.8},children:["" \xb7 ⧉"",R.",".tranches,"" \xb7 avg $"",R.playbook.avg_entry.toFixed(2)]})]}):null!=R.current_return&&!F&&(0,r.jsxs)(""span"",{children:[""now "",(0,r.jsxs)(""b"",{style:{color:R.current_return>=0?""var(--prg-bull)"":""var(--prg-bear)"",fontWeight:600},children:[R.current_return>=0?""+"":"""",(0,rf.pT)(R.current_return),""%""]})]})]})}),(0,r.jsxs)(""div"",{className:""mt-3 flex items-center gap-2.5"",children:[(0,r.jsx)(rf.ge,{stop:j.stop,entry:(j.floor+j.zone_hi)/2,target:null!=(w=j.t1)?w:j.t2,partial:null,compact:!0,skin:aS,prog:null!=C?{cur:C}:void 0,tagged:""T3_TAG""===j.state||""T2_TAG""===j.state?2:+(""T1_TAG""===j.state)}),(0,r.jsxs)(""span"",{style:{fontSize:11,fontWeight:600,color:N.textPrimary,fontVariantNumeric:""tabular-num"
1536-064f08115df39c50.js,playbook,68,77,344319,1,playbook,"""%""]}),rk.G.TRADE_LIFECYCLE_COPY&&(0,r.jsx)(rf.zJ,{sizing:L,skin:aS})]}),null==R.managed_return&&""aggressive""===S&&R.playbook?(0,r.jsxs)(""span"",{title:""SCALE playbook: "".concat(R.playbook.tranches,"" tranche"").concat(R.playbook.tranches>1?""s"":"""","" \xb7 avg entry $"").concat(R.playbook.avg_entry.toFixed(2)).concat(R.playbook.banked_at?"" \xb7 banked @ "".concat((0,rf.uY)(R.playbook.banked_at)):""""),children:[""playbook "",(0,r.jsxs)(""b"",{style:{color:R.playbook.return_pct>=0?""var(--prg-bull)"":""var(--prg-bear)"",fontWeight:700},children:[R.playbook.return_pct>=0?""+"":"""",(0,rf.pT)(R.playbook.return_pct),""%""]}),(0,r.jsxs)(""span"",{style:{opacity:.8},children:["" \xb7 ⧉"",R.playbook.tranches,"" \xb7 avg $"",R.",".avg_entry.toFixed(2)]})]}):null!=R.current_return&&!F&&(0,r.jsxs)(""span"",{children:[""now "",(0,r.jsxs)(""b"",{style:{color:R.current_return>=0?""var(--prg-bull)"":""var(--prg-bear)"",fontWeight:600},children:[R.current_return>=0?""+"":"""",(0,rf.pT)(R.current_return),""%""]})]})]})}),(0,r.jsxs)(""div"",{className:""mt-3 flex items-center gap-2.5"",children:[(0,r.jsx)(rf.ge,{stop:j.stop,entry:(j.floor+j.zone_hi)/2,target:null!=(w=j.t1)?w:j.t2,partial:null,compact:!0,skin:aS,prog:null!=C?{cur:C}:void 0,tagged:""T3_TAG""===j.state||""T2_TAG""===j.state?2:+(""T1_TAG""===j.state)}),(0,r.jsxs)(""span"",{style:{fontSize:11,fontWeight:600,color:N.textPrimary,fontVariantNumeric:""tabular-nums""},children:[""1 : "",j.rr.toFixed("
1536-064f08115df39c50.js,armed,36,43,346817,1,ARMED,"{src:""/agent-logos/peregrine.png"",alt:"""",style:{width:12,height:12,objectFit:""contain""},onError:e=>{e.currentTarget.style.display=""none""}}),""Peregrine""]}),(0,r.jsxs)(""span"",{className:""truncate"",title:(Array.isArray(j.state_history)?j.state_history:[]).map(e=>"""".concat(e.at,"" "").concat(e.state.replace(""_"","" ""),"" — "").concat(e.note)).join(""\n"")||j.day,children:["" \xb7 "".concat(aI(j.setup_class),"" \xb7 "").concat(_&&I?(0,rf.uY)(I):j.day),j.backfilled?(0,r.jsx)(""span"",{style:{opacity:.75},children:"" \xb7 seeded""}):null]})]})]})}function aD(e){var t,n,a,l,o,s,i,c,d,u,p;let{s:m,t:g}=e,h=null!=(o=m.state_history)?o:[],x=e=>{var t;return null==(t=h.find(t=>t.state===e))?void 0:t.at},f=[""WATCHLIST"",""",""",""TRIGGERED"",""T1_TAG"",""T2_TAG"",""T3_TAG""].indexOf(m.state),b=m.last_px,y=function(e){let t=arguments.length>1&&void 0!==arguments[1]?arguments[1]:2;return null==e?""—"":e.toFixed(t)},v=null!=b&&m.zone_hi?(b-m.zone_hi)/m.zone_hi*100:null,k=null!=(s=null==(t=m.breadth)?void 0:t.companions_ok)?s:[],w=[{ok:!0,label:""GEX floor qualified"",detail:"""".concat(null!=(i=m.floor)?i:""—"","" \xb7 node strength "").concat(y(m.floor_pok),"" (King=1.00) \xb7 "").concat(""node-flip""===m.setup_class?""dominant node at spot"":""front column""),at:""scan""},{ok:!0,label:""Column-2 guard"",detail:(null==(a=m.guard)||null==(n=a.support_at)?void 0:n.length)?""support "".concat(m.guard.support_at.join("", "")):""no deeper col2 floor"",at:"
1536-064f08115df39c50.js,gex,14,20,347134,1,GEX,").concat(e.note)).join(""\n"")||j.day,children:["" \xb7 "".concat(aI(j.setup_class),"" \xb7 "").concat(_&&I?(0,rf.uY)(I):j.day),j.backfilled?(0,r.jsx)(""span"",{style:{opacity:.75},children:"" \xb7 seeded""}):null]})]})]})}function aD(e){var t,n,a,l,o,s,i,c,d,u,p;let{s:m,t:g}=e,h=null!=(o=m.state_history)?o:[],x=e=>{var t;return null==(t=h.find(t=>t.state===e))?void 0:t.at},f=[""WATCHLIST"",""ARMED"",""TRIGGERED"",""T1_TAG"",""T2_TAG"",""T3_TAG""].indexOf(m.state),b=m.last_px,y=function(e){let t=arguments.length>1&&void 0!==arguments[1]?arguments[1]:2;return null==e?""—"":e.toFixed(t)},v=null!=b&&m.zone_hi?(b-m.zone_hi)/m.zone_hi*100:null,k=null!=(s=null==(t=m.breadth)?void 0:t.companions_ok)?s:[],w=[{ok:!0,label:""","floor qualified"",detail:"""".concat(null!=(i=m.floor)?i:""—"","" \xb7 node strength "").concat(y(m.floor_pok),"" (King=1.00) \xb7 "").concat(""node-flip""===m.setup_class?""dominant node at spot"":""front column""),at:""scan""},{ok:!0,label:""Column-2 guard"",detail:(null==(a=m.guard)||null==(n=a.support_at)?void 0:n.length)?""support "".concat(m.guard.support_at.join("", "")):""no deeper col2 floor"",at:""scan""},{ok:!0,label:""VEX runway"",detail:""T2 "".concat(null!=(c=m.t2)?c:""—"").concat(null!=m.t3?"" \xb7 T3 "".concat(m.t3):""""),at:""scan""},{ok:!0,label:""R:R gate"",detail:""1 : "".concat(y(m.rr,1),"" ≥ 1 : 1.5""),at:""scan""},...(null==(l=m.breadth)?void 0:l.etf)?[{ok:!0,label:""Breadth"",detail:"""".concat(m.breadth.etf,"" aligne"
1536-064f08115df39c50.js,node,17,20,347203,1,node,"tup_class),"" \xb7 "").concat(_&&I?(0,rf.uY)(I):j.day),j.backfilled?(0,r.jsx)(""span"",{style:{opacity:.75},children:"" \xb7 seeded""}):null]})]})]})}function aD(e){var t,n,a,l,o,s,i,c,d,u,p;let{s:m,t:g}=e,h=null!=(o=m.state_history)?o:[],x=e=>{var t;return null==(t=h.find(t=>t.state===e))?void 0:t.at},f=[""WATCHLIST"",""ARMED"",""TRIGGERED"",""T1_TAG"",""T2_TAG"",""T3_TAG""].indexOf(m.state),b=m.last_px,y=function(e){let t=arguments.length>1&&void 0!==arguments[1]?arguments[1]:2;return null==e?""—"":e.toFixed(t)},v=null!=b&&m.zone_hi?(b-m.zone_hi)/m.zone_hi*100:null,k=null!=(s=null==(t=m.breadth)?void 0:t.companions_ok)?s:[],w=[{ok:!0,label:""GEX floor qualified"",detail:"""".concat(null!=(i=m.floor)?i:""—"","" \xb7","strength "").concat(y(m.floor_pok),"" (King=1.00) \xb7 "").concat(""node-flip""===m.setup_class?""dominant node at spot"":""front column""),at:""scan""},{ok:!0,label:""Column-2 guard"",detail:(null==(a=m.guard)||null==(n=a.support_at)?void 0:n.length)?""support "".concat(m.guard.support_at.join("", "")):""no deeper col2 floor"",at:""scan""},{ok:!0,label:""VEX runway"",detail:""T2 "".concat(null!=(c=m.t2)?c:""—"").concat(null!=m.t3?"" \xb7 T3 "".concat(m.t3):""""),at:""scan""},{ok:!0,label:""R:R gate"",detail:""1 : "".concat(y(m.rr,1),"" ≥ 1 : 1.5""),at:""scan""},...(null==(l=m.breadth)?void 0:l.etf)?[{ok:!0,label:""Breadth"",detail:"""".concat(m.breadth.etf,"" aligned"").concat(k.length?"" \xb7 "".concat(k.join("", "")):""""),at:""scan""}]:[],."
1536-064f08115df39c50.js,node,18,20,347272,1,node,"r.jsx)(""span"",{style:{opacity:.75},children:"" \xb7 seeded""}):null]})]})]})}function aD(e){var t,n,a,l,o,s,i,c,d,u,p;let{s:m,t:g}=e,h=null!=(o=m.state_history)?o:[],x=e=>{var t;return null==(t=h.find(t=>t.state===e))?void 0:t.at},f=[""WATCHLIST"",""ARMED"",""TRIGGERED"",""T1_TAG"",""T2_TAG"",""T3_TAG""].indexOf(m.state),b=m.last_px,y=function(e){let t=arguments.length>1&&void 0!==arguments[1]?arguments[1]:2;return null==e?""—"":e.toFixed(t)},v=null!=b&&m.zone_hi?(b-m.zone_hi)/m.zone_hi*100:null,k=null!=(s=null==(t=m.breadth)?void 0:t.companions_ok)?s:[],w=[{ok:!0,label:""GEX floor qualified"",detail:"""".concat(null!=(i=m.floor)?i:""—"","" \xb7 node strength "").concat(y(m.floor_pok),"" (King=1.00) \xb7 "").concat(""","-flip""===m.setup_class?""dominant node at spot"":""front column""),at:""scan""},{ok:!0,label:""Column-2 guard"",detail:(null==(a=m.guard)||null==(n=a.support_at)?void 0:n.length)?""support "".concat(m.guard.support_at.join("", "")):""no deeper col2 floor"",at:""scan""},{ok:!0,label:""VEX runway"",detail:""T2 "".concat(null!=(c=m.t2)?c:""—"").concat(null!=m.t3?"" \xb7 T3 "".concat(m.t3):""""),at:""scan""},{ok:!0,label:""R:R gate"",detail:""1 : "".concat(y(m.rr,1),"" ≥ 1 : 1.5""),at:""scan""},...(null==(l=m.breadth)?void 0:l.etf)?[{ok:!0,label:""Breadth"",detail:"""".concat(m.breadth.etf,"" aligned"").concat(k.length?"" \xb7 "".concat(k.join("", "")):""""),at:""scan""}]:[],...(null!=(d=m.reasons)?d:[]).filter(e=>e.includes(""pivot"")||e.include"
1536-064f08115df39c50.js,node,19,20,347309,1,node,"ildren:"" \xb7 seeded""}):null]})]})]})}function aD(e){var t,n,a,l,o,s,i,c,d,u,p;let{s:m,t:g}=e,h=null!=(o=m.state_history)?o:[],x=e=>{var t;return null==(t=h.find(t=>t.state===e))?void 0:t.at},f=[""WATCHLIST"",""ARMED"",""TRIGGERED"",""T1_TAG"",""T2_TAG"",""T3_TAG""].indexOf(m.state),b=m.last_px,y=function(e){let t=arguments.length>1&&void 0!==arguments[1]?arguments[1]:2;return null==e?""—"":e.toFixed(t)},v=null!=b&&m.zone_hi?(b-m.zone_hi)/m.zone_hi*100:null,k=null!=(s=null==(t=m.breadth)?void 0:t.companions_ok)?s:[],w=[{ok:!0,label:""GEX floor qualified"",detail:"""".concat(null!=(i=m.floor)?i:""—"","" \xb7 node strength "").concat(y(m.floor_pok),"" (King=1.00) \xb7 "").concat(""node-flip""===m.setup_class?""dominant","at spot"":""front column""),at:""scan""},{ok:!0,label:""Column-2 guard"",detail:(null==(a=m.guard)||null==(n=a.support_at)?void 0:n.length)?""support "".concat(m.guard.support_at.join("", "")):""no deeper col2 floor"",at:""scan""},{ok:!0,label:""VEX runway"",detail:""T2 "".concat(null!=(c=m.t2)?c:""—"").concat(null!=m.t3?"" \xb7 T3 "".concat(m.t3):""""),at:""scan""},{ok:!0,label:""R:R gate"",detail:""1 : "".concat(y(m.rr,1),"" ≥ 1 : 1.5""),at:""scan""},...(null==(l=m.breadth)?void 0:l.etf)?[{ok:!0,label:""Breadth"",detail:"""".concat(m.breadth.etf,"" aligned"").concat(k.length?"" \xb7 "".concat(k.join("", "")):""""),at:""scan""}]:[],...(null!=(d=m.reasons)?d:[]).filter(e=>e.includes(""pivot"")||e.includes(""dark pool"")).map(e=>({ok:!0,label:"
1536-064f08115df39c50.js,vex,14,21,347544,1,VEX,",""T2_TAG"",""T3_TAG""].indexOf(m.state),b=m.last_px,y=function(e){let t=arguments.length>1&&void 0!==arguments[1]?arguments[1]:2;return null==e?""—"":e.toFixed(t)},v=null!=b&&m.zone_hi?(b-m.zone_hi)/m.zone_hi*100:null,k=null!=(s=null==(t=m.breadth)?void 0:t.companions_ok)?s:[],w=[{ok:!0,label:""GEX floor qualified"",detail:"""".concat(null!=(i=m.floor)?i:""—"","" \xb7 node strength "").concat(y(m.floor_pok),"" (King=1.00) \xb7 "").concat(""node-flip""===m.setup_class?""dominant node at spot"":""front column""),at:""scan""},{ok:!0,label:""Column-2 guard"",detail:(null==(a=m.guard)||null==(n=a.support_at)?void 0:n.length)?""support "".concat(m.guard.support_at.join("", "")):""no deeper col2 floor"",at:""scan""},{ok:!0,label:""","runway"",detail:""T2 "".concat(null!=(c=m.t2)?c:""—"").concat(null!=m.t3?"" \xb7 T3 "".concat(m.t3):""""),at:""scan""},{ok:!0,label:""R:R gate"",detail:""1 : "".concat(y(m.rr,1),"" ≥ 1 : 1.5""),at:""scan""},...(null==(l=m.breadth)?void 0:l.etf)?[{ok:!0,label:""Breadth"",detail:"""".concat(m.breadth.etf,"" aligned"").concat(k.length?"" \xb7 "".concat(k.join("", "")):""""),at:""scan""}]:[],...(null!=(d=m.reasons)?d:[]).filter(e=>e.includes(""pivot"")||e.includes(""dark pool"")).map(e=>({ok:!0,label:""Confluence"",detail:e,at:""scan""})),{ok:f>=1,watching:0===f,label:""Price into the entry zone"",detail:"""".concat(y(m.floor),""–"").concat(y(m.zone_hi)).concat(0===f&&null!=v?"" \xb7 last "".concat(y(b),"" ("").concat(v>=0?""+"":"""").concat(v.toFi"
1536-064f08115df39c50.js,armed,37,43,348308,1,ARMED,"l!=m.t3?"" \xb7 T3 "".concat(m.t3):""""),at:""scan""},{ok:!0,label:""R:R gate"",detail:""1 : "".concat(y(m.rr,1),"" ≥ 1 : 1.5""),at:""scan""},...(null==(l=m.breadth)?void 0:l.etf)?[{ok:!0,label:""Breadth"",detail:"""".concat(m.breadth.etf,"" aligned"").concat(k.length?"" \xb7 "".concat(k.join("", "")):""""),at:""scan""}]:[],...(null!=(d=m.reasons)?d:[]).filter(e=>e.includes(""pivot"")||e.includes(""dark pool"")).map(e=>({ok:!0,label:""Confluence"",detail:e,at:""scan""})),{ok:f>=1,watching:0===f,label:""Price into the entry zone"",detail:"""".concat(y(m.floor),""–"").concat(y(m.zone_hi)).concat(0===f&&null!=v?"" \xb7 last "".concat(y(b),"" ("").concat(v>=0?""+"":"""").concat(v.toFixed(1),""% "").concat(v>=0?""above"":""below"","" zone)""):""""),at:x(""",""")},{ok:f>=2,watching:1===f,label:""Deflection print — the execution"",detail:""1-min close back above "".concat(null!=(u=m.floor)?u:""the floor"","" with the low holding""),at:x(""TRIGGERED"")},{ok:f>=3,watching:2===f,label:""T1 \xb7 GEX target"",detail:"""".concat(null!=(p=m.t1)?p:""—""),at:x(""T1_TAG"")},...null!=m.t2?[{ok:f>=4,watching:3===f,label:""T2 \xb7 VEX swing target"",detail:"""".concat(m.t2),at:x(""T2_TAG"")}]:[],...null!=m.t3?[{ok:f>=5,watching:4===f,label:""T3 \xb7 extended magnet"",detail:"""".concat(m.t3),at:x(""T3_TAG"")}]:[]];return(0,r.jsxs)(""div"",{className:""mx-4 mt-4 rounded-xl p-3.5"",style:{background:""rgba(var(--prg-ink),0.03)"",border:""1px solid rgba(var(--prg-ink),0.09)""},children:[(0,r.jsx)(""spa"
1536-064f08115df39c50.js,gex,15,20,348537,1,GEX,"d"").concat(k.length?"" \xb7 "".concat(k.join("", "")):""""),at:""scan""}]:[],...(null!=(d=m.reasons)?d:[]).filter(e=>e.includes(""pivot"")||e.includes(""dark pool"")).map(e=>({ok:!0,label:""Confluence"",detail:e,at:""scan""})),{ok:f>=1,watching:0===f,label:""Price into the entry zone"",detail:"""".concat(y(m.floor),""–"").concat(y(m.zone_hi)).concat(0===f&&null!=v?"" \xb7 last "".concat(y(b),"" ("").concat(v>=0?""+"":"""").concat(v.toFixed(1),""% "").concat(v>=0?""above"":""below"","" zone)""):""""),at:x(""ARMED"")},{ok:f>=2,watching:1===f,label:""Deflection print — the execution"",detail:""1-min close back above "".concat(null!=(u=m.floor)?u:""the floor"","" with the low holding""),at:x(""TRIGGERED"")},{ok:f>=3,watching:2===f,label:""T1 \xb7","target"",detail:"""".concat(null!=(p=m.t1)?p:""—""),at:x(""T1_TAG"")},...null!=m.t2?[{ok:f>=4,watching:3===f,label:""T2 \xb7 VEX swing target"",detail:"""".concat(m.t2),at:x(""T2_TAG"")}]:[],...null!=m.t3?[{ok:f>=5,watching:4===f,label:""T3 \xb7 extended magnet"",detail:"""".concat(m.t3),at:x(""T3_TAG"")}]:[]];return(0,r.jsxs)(""div"",{className:""mx-4 mt-4 rounded-xl p-3.5"",style:{background:""rgba(var(--prg-ink),0.03)"",border:""1px solid rgba(var(--prg-ink),0.09)""},children:[(0,r.jsx)(""span"",{className:""mb-2 block uppercase"",style:{fontSize:9,fontWeight:600,letterSpacing:""0.18em"",color:g.textMuted},children:""Trigger plan \xb7 every gate, live""}),(0,r.jsx)(""div"",{className:""flex flex-col gap-1.5"",style:{fontVaria"
1536-064f08115df39c50.js,vex,15,21,348658,1,VEX,"pivot"")||e.includes(""dark pool"")).map(e=>({ok:!0,label:""Confluence"",detail:e,at:""scan""})),{ok:f>=1,watching:0===f,label:""Price into the entry zone"",detail:"""".concat(y(m.floor),""–"").concat(y(m.zone_hi)).concat(0===f&&null!=v?"" \xb7 last "".concat(y(b),"" ("").concat(v>=0?""+"":"""").concat(v.toFixed(1),""% "").concat(v>=0?""above"":""below"","" zone)""):""""),at:x(""ARMED"")},{ok:f>=2,watching:1===f,label:""Deflection print — the execution"",detail:""1-min close back above "".concat(null!=(u=m.floor)?u:""the floor"","" with the low holding""),at:x(""TRIGGERED"")},{ok:f>=3,watching:2===f,label:""T1 \xb7 GEX target"",detail:"""".concat(null!=(p=m.t1)?p:""—""),at:x(""T1_TAG"")},...null!=m.t2?[{ok:f>=4,watching:3===f,label:""T2 \xb7","swing target"",detail:"""".concat(m.t2),at:x(""T2_TAG"")}]:[],...null!=m.t3?[{ok:f>=5,watching:4===f,label:""T3 \xb7 extended magnet"",detail:"""".concat(m.t3),at:x(""T3_TAG"")}]:[]];return(0,r.jsxs)(""div"",{className:""mx-4 mt-4 rounded-xl p-3.5"",style:{background:""rgba(var(--prg-ink),0.03)"",border:""1px solid rgba(var(--prg-ink),0.09)""},children:[(0,r.jsx)(""span"",{className:""mb-2 block uppercase"",style:{fontSize:9,fontWeight:600,letterSpacing:""0.18em"",color:g.textMuted},children:""Trigger plan \xb7 every gate, live""}),(0,r.jsx)(""div"",{className:""flex flex-col gap-1.5"",style:{fontVariantNumeric:""tabular-nums""},children:w.map((e,t)=>(0,r.jsxs)(""div"",{className:""flex items-baseline gap-2"",style:{fontSize:1"
1536-064f08115df39c50.js,trigger,11,19,349135,1,Trigger,"oor)?u:""the floor"","" with the low holding""),at:x(""TRIGGERED"")},{ok:f>=3,watching:2===f,label:""T1 \xb7 GEX target"",detail:"""".concat(null!=(p=m.t1)?p:""—""),at:x(""T1_TAG"")},...null!=m.t2?[{ok:f>=4,watching:3===f,label:""T2 \xb7 VEX swing target"",detail:"""".concat(m.t2),at:x(""T2_TAG"")}]:[],...null!=m.t3?[{ok:f>=5,watching:4===f,label:""T3 \xb7 extended magnet"",detail:"""".concat(m.t3),at:x(""T3_TAG"")}]:[]];return(0,r.jsxs)(""div"",{className:""mx-4 mt-4 rounded-xl p-3.5"",style:{background:""rgba(var(--prg-ink),0.03)"",border:""1px solid rgba(var(--prg-ink),0.09)""},children:[(0,r.jsx)(""span"",{className:""mb-2 block uppercase"",style:{fontSize:9,fontWeight:600,letterSpacing:""0.18em"",color:g.textMuted},children:""","plan \xb7 every gate, live""}),(0,r.jsx)(""div"",{className:""flex flex-col gap-1.5"",style:{fontVariantNumeric:""tabular-nums""},children:w.map((e,t)=>(0,r.jsxs)(""div"",{className:""flex items-baseline gap-2"",style:{fontSize:11,lineHeight:1.5},children:[(0,r.jsx)(""span"",{style:{flex:""none"",width:12,textAlign:""center"",fontWeight:700,color:e.ok?""var(--prg-bull)"":e.watching?aN:""rgba(var(--prg-ink),0.35)""},children:e.ok?""✓"":e.watching?""●"":""○""}),(0,r.jsxs)(""span"",{style:{fontWeight:600,color:e.ok?g.textSecondary:e.watching?g.textPrimary:g.textMuted},children:[e.label,e.watching?(0,r.jsx)(""b"",{style:{color:aN,fontWeight:600},children:"" \xb7 watching""}):null]}),(0,r.jsx)(""span"",{className:""min-w-0 truncat"
1536-064f08115df39c50.js,armed,38,43,350533,1,ARMED,"0 truncate"",style:{color:g.textMuted},children:e.detail}),e.at&&(0,r.jsx)(""span"",{className:""ml-auto flex-none"",style:{fontSize:9,color:e.ok?""var(--prg-bull)"":g.textMuted,opacity:.85},children:""scan""===e.at?""scan"":e.at.slice(5)})]},t))})]})}function aL(e){var t,n,l,o,s,i,c,d,u,p,m,g,h,x,f,b,y,v,k,w,j,S,N,T,A,C,_,E,M,I,z,R,F,W,P;let{s:D,mode:L,t:q,onClose:O}=e,B=aW(L),[G,V]=(0,a.useState)(!1);(0,a.useEffect)(()=>{let e=setTimeout(()=>V(!0),220);return()=>clearTimeout(e)},[]);let{quote:H}=(0,ar.U)(D.symbol,!0),K=null!=(x=null!=(h=null==H?void 0:H.price)?h:D.last_px)?x:D.spot,U=(null==H?void 0:H.price)!=null?""live"":null!=D.last_px?""now"":""spot @ scan"",[Y,X]=(0,a.useState)(null),Q=![""WATCHLIST"",""","""].includes(D.state),$=null==(t=(Array.isArray(D.state_history)?D.state_history:[]).find(e=>![""WATCHLIST"",""ARMED""].includes(e.state)))?void 0:t.at,J=null!=(f=D.entry_px)?f:(D.floor+D.zone_hi)/2,Z=Q&&null!=K?(K-J)/J*100:null,ee=null!=(y=null!=(b=null==(n=D.contracts)?void 0:n[B])?b:D.contract)?y:void 0,et=aF(null==ee?void 0:ee.expiration),en=null!=(v=null==ee||null==(o=ee.prem_series)||null==(l=o[0])?void 0:l[0])?v:$,er=!!($&&en&&$.slice(11,16)!==en.slice(11,16)),ea=null!=(k=D.t1)?k:D.t2,el=null!=D.t2&&D.t2>(null!=(w=D.t1)?w:-1/0)?D.t2:null!=(j=D.t3)?j:null,eo=(D.floor+D.zone_hi)/2,es=Math.min(D.stop,ea),ei=Math.max(D.stop,ea),ec=e=>Math.max(2,Math.min(98,(e-es)/(ei-es||1)*100)),ed=ec(eo),eu="
1536-064f08115df39c50.js,armed,39,43,350645,1,ARMED,"style:{fontSize:9,color:e.ok?""var(--prg-bull)"":g.textMuted,opacity:.85},children:""scan""===e.at?""scan"":e.at.slice(5)})]},t))})]})}function aL(e){var t,n,l,o,s,i,c,d,u,p,m,g,h,x,f,b,y,v,k,w,j,S,N,T,A,C,_,E,M,I,z,R,F,W,P;let{s:D,mode:L,t:q,onClose:O}=e,B=aW(L),[G,V]=(0,a.useState)(!1);(0,a.useEffect)(()=>{let e=setTimeout(()=>V(!0),220);return()=>clearTimeout(e)},[]);let{quote:H}=(0,ar.U)(D.symbol,!0),K=null!=(x=null!=(h=null==H?void 0:H.price)?h:D.last_px)?x:D.spot,U=(null==H?void 0:H.price)!=null?""live"":null!=D.last_px?""now"":""spot @ scan"",[Y,X]=(0,a.useState)(null),Q=![""WATCHLIST"",""ARMED""].includes(D.state),$=null==(t=(Array.isArray(D.state_history)?D.state_history:[]).find(e=>![""WATCHLIST"",""","""].includes(e.state)))?void 0:t.at,J=null!=(f=D.entry_px)?f:(D.floor+D.zone_hi)/2,Z=Q&&null!=K?(K-J)/J*100:null,ee=null!=(y=null!=(b=null==(n=D.contracts)?void 0:n[B])?b:D.contract)?y:void 0,et=aF(null==ee?void 0:ee.expiration),en=null!=(v=null==ee||null==(o=ee.prem_series)||null==(l=o[0])?void 0:l[0])?v:$,er=!!($&&en&&$.slice(11,16)!==en.slice(11,16)),ea=null!=(k=D.t1)?k:D.t2,el=null!=D.t2&&D.t2>(null!=(w=D.t1)?w:-1/0)?D.t2:null!=(j=D.t3)?j:null,eo=(D.floor+D.zone_hi)/2,es=Math.min(D.stop,ea),ei=Math.max(D.stop,ea),ec=e=>Math.max(2,Math.min(98,(e-es)/(ei-es||1)*100)),ed=ec(eo),eu=null!=(S=aA[D.state])?S:q.textMuted,ep=""T1_TAG""===D.state||""T2_TAG""===D.state,em=""T2_TAG""===D.state||""T3_TAG""==="
1536-064f08115df39c50.js,talon,92,125,352942,1,talon,"nter gap-1.5 whitespace-nowrap rounded-md px-2 py-1"",title:"""".concat(D.symbol,"" "").concat((null==H?void 0:H.price)!=null?""live"":""last"","" underlying spot""),style:{fontSize:11,fontWeight:600,color:q.textPrimary,background:""rgba(var(--prg-ink),0.05)"",border:""1px solid rgba(var(--prg-ink),0.1)"",fontVariantNumeric:""tabular-nums""},children:[(null==H?void 0:H.price)!=null&&(0,r.jsx)(""i"",{className:""rounded-full"",style:{width:5,height:5,background:q.liveDot,boxShadow:""0 0 5px "".concat(q.liveDot),animation:""pulse 1.6s ease-in-out infinite""}}),(0,r.jsx)(""span"",{style:{fontSize:9,fontWeight:700,letterSpacing:""0.08em"",color:q.textMuted},children:D.symbol}),K.toFixed(2)]})]}),(0,r.jsx)(""div"",{className:""","-noscroll min-h-0 flex-1 overflow-y-auto p-3.5"",style:{overflowAnchor:""none"",scrollbarWidth:""none""},children:(0,r.jsxs)(""div"",{className:""overflow-hidden rounded-2xl"",style:{border:""1px solid rgba(var(--prg-ink),0.1)"",background:""linear-gradient(180deg,rgba(var(--prg-ink),0.06),rgba(var(--prg-ink),0.022))"",backdropFilter:""blur(var(--prg-blur)) saturate(160%)"",boxShadow:""inset 0 1px 0 rgba(var(--prg-ink),0.09), 0 12px 36px var(--prg-drop)""},children:[(0,r.jsxs)(""div"",{className:""flex items-start gap-3 px-4 pb-3 pt-4"",children:[(0,r.jsxs)(""div"",{className:""flex flex-col gap-1.5"",children:[(0,r.jsxs)(""div"",{className:""flex items-center gap-2.5"",children:[(0,r.jsx)(""span"",{style:{fontSize:19,fon"
1536-064f08115df39c50.js,vex,16,21,356325,1,VEX,"ight:600,letterSpacing:""-0.005em"",color:q.textPrimary,fontVariantNumeric:""tabular-nums""},children:""equity""===L?(0,r.jsxs)(r.Fragment,{children:[D.symbol,"" "",(0,r.jsx)(""b"",{style:{color:aN,fontWeight:700},children:""shares""}),ee?(0,r.jsxs)(""span"",{style:{color:q.textMuted,fontWeight:500},children:["" \xb7 time stop "",ee.expiration]}):null]}):(0,r.jsxs)(r.Fragment,{children:[D.symbol,"" "",ee?(0,r.jsxs)(""b"",{style:{color:aN,fontWeight:700},children:[ee.strike,ee.right,"" "",ee.expiration]}):(0,r.jsxs)(""b"",{style:{color:aN,fontWeight:700},children:[""zone "",D.floor,""–"",D.zone_hi.toFixed(2)]}),ee?"" \xb7 "".concat(az(ee.expiration,D.day)).concat(Date.parse(ee.expiration)>=Date.now()-864e5?""normal""===B?""","runway"":"" weekly"":""""):""""]})}),""equity""===L?(null!=(T=null==(i=D.equity)?void 0:i.entry_px)?T:D.entry_px)!=null&&(0,r.jsxs)(""span"",{className:""whitespace-nowrap"",title:""stock entry at the trigger"",style:{fontSize:13,fontWeight:600,color:q.textPrimary,fontVariantNumeric:""tabular-nums""},children:[""@ "",(null!=(A=null==(c=D.equity)?void 0:c.entry_px)?A:D.entry_px).toFixed(2)]}):(null!=(C=null==ee?void 0:ee.entry_prem)?C:null==ee?void 0:ee.mark)!=null&&(0,r.jsxs)(""span"",{className:""whitespace-nowrap"",style:{fontSize:13,fontWeight:600,color:q.textPrimary,fontVariantNumeric:""tabular-nums""},children:[""@ "",(null!=(_=ee.entry_prem)?_:ee.mark).toFixed(2)]})]}),(0,r.jsxs)(""div"",{className:""mt-2.5 flex f"
1536-064f08115df39c50.js,trigger,12,19,356516,1,trigger,"tWeight:700},children:""shares""}),ee?(0,r.jsxs)(""span"",{style:{color:q.textMuted,fontWeight:500},children:["" \xb7 time stop "",ee.expiration]}):null]}):(0,r.jsxs)(r.Fragment,{children:[D.symbol,"" "",ee?(0,r.jsxs)(""b"",{style:{color:aN,fontWeight:700},children:[ee.strike,ee.right,"" "",ee.expiration]}):(0,r.jsxs)(""b"",{style:{color:aN,fontWeight:700},children:[""zone "",D.floor,""–"",D.zone_hi.toFixed(2)]}),ee?"" \xb7 "".concat(az(ee.expiration,D.day)).concat(Date.parse(ee.expiration)>=Date.now()-864e5?""normal""===B?"" VEX runway"":"" weekly"":""""):""""]})}),""equity""===L?(null!=(T=null==(i=D.equity)?void 0:i.entry_px)?T:D.entry_px)!=null&&(0,r.jsxs)(""span"",{className:""whitespace-nowrap"",title:""stock entry at the",""",style:{fontSize:13,fontWeight:600,color:q.textPrimary,fontVariantNumeric:""tabular-nums""},children:[""@ "",(null!=(A=null==(c=D.equity)?void 0:c.entry_px)?A:D.entry_px).toFixed(2)]}):(null!=(C=null==ee?void 0:ee.entry_prem)?C:null==ee?void 0:ee.mark)!=null&&(0,r.jsxs)(""span"",{className:""whitespace-nowrap"",style:{fontSize:13,fontWeight:600,color:q.textPrimary,fontVariantNumeric:""tabular-nums""},children:[""@ "",(null!=(_=ee.entry_prem)?_:ee.mark).toFixed(2)]})]}),(0,r.jsxs)(""div"",{className:""mt-2.5 flex flex-wrap items-center gap-x-3 gap-y-1"",style:{fontSize:11.5,fontVariantNumeric:""tabular-nums""},children:[(0,r.jsxs)(""span"",{style:{color:q.textMuted},title:er?""signal fired "".concat((0,rf.uY)($),"
1536-064f08115df39c50.js,fired,11,13,357195,1,fired,":""stock entry at the trigger"",style:{fontSize:13,fontWeight:600,color:q.textPrimary,fontVariantNumeric:""tabular-nums""},children:[""@ "",(null!=(A=null==(c=D.equity)?void 0:c.entry_px)?A:D.entry_px).toFixed(2)]}):(null!=(C=null==ee?void 0:ee.entry_prem)?C:null==ee?void 0:ee.mark)!=null&&(0,r.jsxs)(""span"",{className:""whitespace-nowrap"",style:{fontSize:13,fontWeight:600,color:q.textPrimary,fontVariantNumeric:""tabular-nums""},children:[""@ "",(null!=(_=ee.entry_prem)?_:ee.mark).toFixed(2)]})]}),(0,r.jsxs)(""div"",{className:""mt-2.5 flex flex-wrap items-center gap-x-3 gap-y-1"",style:{fontSize:11.5,fontVariantNumeric:""tabular-nums""},children:[(0,r.jsxs)(""span"",{style:{color:q.textMuted},title:er?""signal",""".concat((0,rf.uY)($),"" — entry held to "").concat((0,rf.uY)(en),"" by the 09:40 stand-down rule""):void 0,children:[""Entry "",(0,r.jsx)(""b"",{style:{color:q.textPrimary,fontWeight:700},children:Q?J.toFixed(2):"""".concat(D.floor.toFixed(2),""–"").concat(D.zone_hi.toFixed(2))}),!Q&&(0,r.jsx)(""span"",{style:{fontSize:9.5},children:"" zone""}),Q&&en&&(0,r.jsxs)(""span"",{style:{fontSize:9.5},children:["" \xb7 "",(0,rf.uY)(en),er&&(0,r.jsxs)(""span"",{style:{opacity:.7},children:["" \xb7 signal "",(0,rf.uY)($)]})]})]}),D.equity&&(0,r.jsxs)(""span"",{style:{color:q.textMuted},title:""STOCK mode — the same trigger taken in "".concat(D.symbol,"" shares under the equity-scaled playbook: "").concat(D.equity.tranches,"" tranc"
1536-064f08115df39c50.js,trigger,13,19,357787,1,trigger,",fontVariantNumeric:""tabular-nums""},children:[(0,r.jsxs)(""span"",{style:{color:q.textMuted},title:er?""signal fired "".concat((0,rf.uY)($),"" — entry held to "").concat((0,rf.uY)(en),"" by the 09:40 stand-down rule""):void 0,children:[""Entry "",(0,r.jsx)(""b"",{style:{color:q.textPrimary,fontWeight:700},children:Q?J.toFixed(2):"""".concat(D.floor.toFixed(2),""–"").concat(D.zone_hi.toFixed(2))}),!Q&&(0,r.jsx)(""span"",{style:{fontSize:9.5},children:"" zone""}),Q&&en&&(0,r.jsxs)(""span"",{style:{fontSize:9.5},children:["" \xb7 "",(0,rf.uY)(en),er&&(0,r.jsxs)(""span"",{style:{opacity:.7},children:["" \xb7 signal "",(0,rf.uY)($)]})]})]}),D.equity&&(0,r.jsxs)(""span"",{style:{color:q.textMuted},title:""STOCK mode — the same","taken in "".concat(D.symbol,"" shares under the equity-scaled playbook: "").concat(D.equity.tranches,"" tranche"").concat(D.equity.tranches>1?""s"":"""","" \xb7 avg $"").concat(D.equity.avg_entry.toFixed(2)).concat(D.equity.banked_at?"" \xb7 banked @ "".concat((0,rf.uY)(D.equity.banked_at)):""""),children:[""Stock "",(0,r.jsxs)(""b"",{style:{color:D.equity.return_pct>=0?""var(--prg-bull)"":""var(--prg-bear)"",fontWeight:700},children:[D.equity.return_pct>=0?""+"":"""",D.equity.return_pct.toFixed(1),""%""]}),null!=D.equity.max_up&&(0,r.jsxs)(""span"",{style:{fontSize:9.5},children:["" \xb7 peak +"",D.equity.max_up.toFixed(1),""%""]})]}),(()=>{var e,t;let n=""equity""===L?null==(e=D.equity)?void 0:e.events:null==ee||null==(t=ee."
1536-064f08115df39c50.js,playbook,69,77,357855,1,playbook,"le:{color:q.textMuted},title:er?""signal fired "".concat((0,rf.uY)($),"" — entry held to "").concat((0,rf.uY)(en),"" by the 09:40 stand-down rule""):void 0,children:[""Entry "",(0,r.jsx)(""b"",{style:{color:q.textPrimary,fontWeight:700},children:Q?J.toFixed(2):"""".concat(D.floor.toFixed(2),""–"").concat(D.zone_hi.toFixed(2))}),!Q&&(0,r.jsx)(""span"",{style:{fontSize:9.5},children:"" zone""}),Q&&en&&(0,r.jsxs)(""span"",{style:{fontSize:9.5},children:["" \xb7 "",(0,rf.uY)(en),er&&(0,r.jsxs)(""span"",{style:{opacity:.7},children:["" \xb7 signal "",(0,rf.uY)($)]})]})]}),D.equity&&(0,r.jsxs)(""span"",{style:{color:q.textMuted},title:""STOCK mode — the same trigger taken in "".concat(D.symbol,"" shares under the equity-scaled",": "").concat(D.equity.tranches,"" tranche"").concat(D.equity.tranches>1?""s"":"""","" \xb7 avg $"").concat(D.equity.avg_entry.toFixed(2)).concat(D.equity.banked_at?"" \xb7 banked @ "".concat((0,rf.uY)(D.equity.banked_at)):""""),children:[""Stock "",(0,r.jsxs)(""b"",{style:{color:D.equity.return_pct>=0?""var(--prg-bull)"":""var(--prg-bear)"",fontWeight:700},children:[D.equity.return_pct>=0?""+"":"""",D.equity.return_pct.toFixed(1),""%""]}),null!=D.equity.max_up&&(0,r.jsxs)(""span"",{style:{fontSize:9.5},children:["" \xb7 peak +"",D.equity.max_up.toFixed(1),""%""]})]}),(()=>{var e,t;let n=""equity""===L?null==(e=D.equity)?void 0:e.events:null==ee||null==(t=ee.playbook)?void 0:t.events;return(null==n?void 0:n.length)?(0,r.jsx)("""
1536-064f08115df39c50.js,playbook,70,77,358494,1,playbook,"taken in "".concat(D.symbol,"" shares under the equity-scaled playbook: "").concat(D.equity.tranches,"" tranche"").concat(D.equity.tranches>1?""s"":"""","" \xb7 avg $"").concat(D.equity.avg_entry.toFixed(2)).concat(D.equity.banked_at?"" \xb7 banked @ "".concat((0,rf.uY)(D.equity.banked_at)):""""),children:[""Stock "",(0,r.jsxs)(""b"",{style:{color:D.equity.return_pct>=0?""var(--prg-bull)"":""var(--prg-bear)"",fontWeight:700},children:[D.equity.return_pct>=0?""+"":"""",D.equity.return_pct.toFixed(1),""%""]}),null!=D.equity.max_up&&(0,r.jsxs)(""span"",{style:{fontSize:9.5},children:["" \xb7 peak +"",D.equity.max_up.toFixed(1),""%""]})]}),(()=>{var e,t;let n=""equity""===L?null==(e=D.equity)?void 0:e.events:null==ee||null==(t=ee.",")?void 0:t.events;return(null==n?void 0:n.length)?(0,r.jsx)(""span"",{style:{flexBasis:""100%"",fontSize:10,color:q.textMuted,fontFamily:""var(--font-mono, monospace)"",fontVariantNumeric:""tabular-nums""},title:""EXECUTION (simulated) — rule-based fills on the recorded tape: probe entry, scale-ins on drawdown only, partial exit locks the win (stop → breakeven), runner trails. The policy behind the win-rate stats; no live orders."",children:n.map(e=>"""".concat(e.t?(0,rf.uY)(String(e.t))+"" "":"""").concat(e.ev).concat(null!=e.frac?"" "".concat(Math.round(100*e.frac),""%""):"""","" @$"").concat(e.px)).join("" \xb7 "")}):null})(),(()=>{var e;if((null==ee?void 0:ee.expiration)&&ee.expiration<new Date().toISOString().sl"
1536-064f08115df39c50.js,playbook,71,77,360544,1,playbook,"oid 0:ee.max_return)!=null&&(0,r.jsxs)(""div"",{className:""mt-2.5 flex items-center gap-2"",children:[(0,r.jsxs)(""span"",{className:""rounded-md px-2 py-1"",style:{fontSize:10.5,fontWeight:500,color:q.textSecondary,background:""rgba(var(--prg-bull-rgb),0.09)"",border:""1px solid rgba(var(--prg-bull-rgb),0.2)""},children:[""max "",(0,r.jsxs)(""b"",{style:{color:ee.max_return>=0?""var(--prg-bull)"":""var(--prg-bear)"",fontWeight:700},children:[ee.max_return>=0?""+"":"""",(0,rf.pT)(ee.max_return),""%""]}),ee.peak_time?(0,r.jsxs)(""span"",{style:{color:q.textMuted,fontWeight:500},children:["" @ "",(0,rf.uY)(ee.peak_time)]}):null]}),null!=ee.managed_return&&(0,r.jsxs)(""span"",{className:""rounded-md px-2 py-1"",title:""Managed","— probe, then up to 2 adds at −50%/−75% of entry premium (lowers basis), bank 75% at +30% on the lowered basis, run the last 25% with a 30% trailing give-back (captures the moonshot tail)"",style:{fontSize:10.5,fontWeight:500,color:q.textSecondary,background:""rgba(var(--prg-bull-rgb),0.09)"",border:""1px solid rgba(var(--prg-bull-rgb),0.2)""},children:[""managed "",(0,r.jsxs)(""b"",{style:{color:ee.managed_return>=0?""var(--prg-bull)"":""var(--prg-bear)"",fontWeight:700},children:[ee.managed_return>=0?""+"":"""",(0,rf.pT)(ee.managed_return),""%""]})]}),null!=ee.current_return&&!et&&(0,r.jsxs)(""span"",{className:""rounded-md px-2 py-1"",style:{fontSize:10.5,fontWeight:500,color:q.textSecondary,background:""rgba(v"
1536-064f08115df39c50.js,playbook,72,77,361597,1,playbook,"ldren:[""managed "",(0,r.jsxs)(""b"",{style:{color:ee.managed_return>=0?""var(--prg-bull)"":""var(--prg-bear)"",fontWeight:700},children:[ee.managed_return>=0?""+"":"""",(0,rf.pT)(ee.managed_return),""%""]})]}),null!=ee.current_return&&!et&&(0,r.jsxs)(""span"",{className:""rounded-md px-2 py-1"",style:{fontSize:10.5,fontWeight:500,color:q.textSecondary,background:""rgba(var(--prg-ink),0.05)"",border:""1px solid rgba(var(--prg-ink),0.1)""},children:[""now "",(0,r.jsxs)(""b"",{style:{color:ee.current_return>=0?""var(--prg-bull)"":""var(--prg-bear)"",fontWeight:700},children:[ee.current_return>=0?""+"":"""",(0,rf.pT)(ee.current_return),""%""]})]})]}),rk.G.TRADE_LIFECYCLE_COPY&&(()=>{let e=""equity""===L?D.equity:null==ee?void 0:ee.",",t=(0,rv.XX)({playbook:e,events:D.lifecycle});if(!e||!t.length)return null;let n=""equity""===L?"""".concat(D.symbol,"" shares""):ee?"""".concat(D.symbol,"" "").concat(ee.strike).concat(ee.right,"" "").concat(ee.expiration):D.symbol;return(0,r.jsx)(""div"",{className:""mt-4"",children:(0,r.jsx)(rv.RP,{events:t,sizingModel:""aggressive""===B?""weighted"":""equal"",engineAvgEntry:e.avg_entry,engineReturnPct:e.return_pct,contract:n,side:""LONG"",dayDate:D.day,gradeSrc:D.grade_src})})})()]}),null!=eh&&eh>0&&(0,r.jsx)(""div"",{className:""mx-4 mt-3 rounded-xl px-3.5 py-2.5"",style:{background:""rgba(245,158,11,0.07)"",border:""1px solid rgba(245,158,11,0.28)""},children:(0,r.jsxs)(""div"",{className:""flex items-baseline gap-2"",st"
1536-064f08115df39c50.js,playbook,73,77,361619,1,playbook,".jsxs)(""b"",{style:{color:ee.managed_return>=0?""var(--prg-bull)"":""var(--prg-bear)"",fontWeight:700},children:[ee.managed_return>=0?""+"":"""",(0,rf.pT)(ee.managed_return),""%""]})]}),null!=ee.current_return&&!et&&(0,r.jsxs)(""span"",{className:""rounded-md px-2 py-1"",style:{fontSize:10.5,fontWeight:500,color:q.textSecondary,background:""rgba(var(--prg-ink),0.05)"",border:""1px solid rgba(var(--prg-ink),0.1)""},children:[""now "",(0,r.jsxs)(""b"",{style:{color:ee.current_return>=0?""var(--prg-bull)"":""var(--prg-bear)"",fontWeight:700},children:[ee.current_return>=0?""+"":"""",(0,rf.pT)(ee.current_return),""%""]})]})]}),rk.G.TRADE_LIFECYCLE_COPY&&(()=>{let e=""equity""===L?D.equity:null==ee?void 0:ee.playbook,t=(0,rv.XX)({",":e,events:D.lifecycle});if(!e||!t.length)return null;let n=""equity""===L?"""".concat(D.symbol,"" shares""):ee?"""".concat(D.symbol,"" "").concat(ee.strike).concat(ee.right,"" "").concat(ee.expiration):D.symbol;return(0,r.jsx)(""div"",{className:""mt-4"",children:(0,r.jsx)(rv.RP,{events:t,sizingModel:""aggressive""===B?""weighted"":""equal"",engineAvgEntry:e.avg_entry,engineReturnPct:e.return_pct,contract:n,side:""LONG"",dayDate:D.day,gradeSrc:D.grade_src})})})()]}),null!=eh&&eh>0&&(0,r.jsx)(""div"",{className:""mx-4 mt-3 rounded-xl px-3.5 py-2.5"",style:{background:""rgba(245,158,11,0.07)"",border:""1px solid rgba(245,158,11,0.28)""},children:(0,r.jsxs)(""div"",{className:""flex items-baseline gap-2"",style:{fontSize:11,lineH"
1536-064f08115df39c50.js,trigger,14,19,363095,1,trigger,"color:""var(--prg-warn)"",fontSize:11},children:""⚠""}),(0,r.jsxs)(""span"",{children:[(0,r.jsx)(""b"",{style:{color:""var(--prg-warn)"",fontWeight:600},children:""Risk""}),"" \xb7 column-2 shows a deeper floor "",eh,""% below — drawdown room if "",D.floor,"" fails""]})]})}),(0,r.jsx)(aD,{s:D,t:q}),""equity""!==L&&ee&&!(ee.prem_series&&ee.prem_series.length>1)&&(0,r.jsx)(""div"",{className:""mx-4 mt-4 rounded-xl p-3.5"",style:{background:""rgba(var(--prg-ink),0.03)"",border:""1px solid rgba(var(--prg-ink),0.09)""},children:(0,r.jsxs)(""span"",{className:""block uppercase"",style:{fontSize:9,fontWeight:600,letterSpacing:""0.18em"",color:q.textMuted},children:[""Contract tape \xb7 per-minute median — "",Q?""building…"":""starts at","""]})}),""equity""!==L&&(null==ee?void 0:ee.prem_series)&&ee.prem_series.length>1&&(0,r.jsxs)(""div"",{className:""mx-4 mt-4 rounded-xl p-3.5"",style:{background:""rgba(var(--prg-ink),0.03)"",border:""1px solid rgba(var(--prg-ink),0.09)""},children:[(0,r.jsx)(""span"",{className:""mb-2 block uppercase"",style:{fontSize:9,fontWeight:600,letterSpacing:""0.18em"",color:q.textMuted},children:""Contract tape \xb7 per-minute median""}),(0,r.jsx)(rf.go,{series:ee.prem_series,entry:ee.entry_prem,peakTime:ee.peak_time,t:q,skin:aS,formatTick:e=>(0,rf.uY)(e),scrubTime:Y,onScrub:X}),(0,r.jsx)(""div"",{className:""mt-2.5"",children:(0,r.jsx)(aE,{c:ee,t:q})})]}),""equity""!==L&&ee&&(0,r.jsx)(rf.Sl,{endpoint:""/falcon/contract_flow"
1536-064f08115df39c50.js,falcon,25,35,363782,1,falcon,""":""starts at trigger""]})}),""equity""!==L&&(null==ee?void 0:ee.prem_series)&&ee.prem_series.length>1&&(0,r.jsxs)(""div"",{className:""mx-4 mt-4 rounded-xl p-3.5"",style:{background:""rgba(var(--prg-ink),0.03)"",border:""1px solid rgba(var(--prg-ink),0.09)""},children:[(0,r.jsx)(""span"",{className:""mb-2 block uppercase"",style:{fontSize:9,fontWeight:600,letterSpacing:""0.18em"",color:q.textMuted},children:""Contract tape \xb7 per-minute median""}),(0,r.jsx)(rf.go,{series:ee.prem_series,entry:ee.entry_prem,peakTime:ee.peak_time,t:q,skin:aS,formatTick:e=>(0,rf.uY)(e),scrubTime:Y,onScrub:X}),(0,r.jsx)(""div"",{className:""mt-2.5"",children:(0,r.jsx)(aE,{c:ee,t:q})})]}),""equity""!==L&&ee&&(0,r.jsx)(rf.Sl,{endpoint:""/","/contract_flow"",contract:"""".concat(D.symbol,"" "").concat(ee.strike).concat(ee.right),expiryIso:ee.expiration,entryDate:(null!=en?en:"""".concat(D.day,"" 09:30"")).slice(0,10),since:(null!=en?en:"""".concat(D.day,"" 09:30"")).slice(11,16)||""09:30"",side:""LONG"",horizon:0,t:q,skin:aS,scrubTime:Y,onScrub:X}),(0,r.jsxs)(""div"",{className:""mx-5 mt-5"",children:[(0,r.jsxs)(""div"",{className:""mb-1 flex items-center justify-between"",children:[(0,r.jsx)(""span"",{className:""uppercase"",style:{fontSize:8.5,fontWeight:600,letterSpacing:""0.16em"",color:q.textMuted},children:""Trade map \xb7 entry \xb7 drawdown \xb7 peak""}),(0,r.jsxs)(""span"",{className:""flex flex-wrap items-center justify-end gap-x-2.5 gap-y-0.5"",style:{fo"
1536-064f08115df39c50.js,gex,16,20,369356,1,GEX,"""div"",{style:{fontSize:9.5,marginTop:1,color:q.textMuted},children:[""risk "",Math.abs(eo-D.stop).toFixed(2),"" pt \xb7 reference""]})]}),(0,r.jsxs)(""div"",{style:{textAlign:""right""},children:[(0,r.jsxs)(""div"",{style:{fontSize:8.5,fontWeight:700,letterSpacing:""0.12em"",color:ep?""var(--prg-bull)"":""rgba(var(--prg-bull-rgb),0.85)"",textShadow:ep?""0 0 8px rgba(var(--prg-bull-rgb),0.55)"":void 0},children:[""TARGET"",ep?"" ✓ ACQUIRED"":""""]}),(0,r.jsx)(""div"",{style:{fontSize:14.5,fontWeight:600,marginTop:2,color:q.textPrimary,fontVariantNumeric:""tabular-nums""},children:ea.toFixed(2)}),(0,r.jsxs)(""div"",{style:{fontSize:9.5,marginTop:1,color:q.textMuted},children:[""reward "",Math.abs(ea-eo).toFixed(2),"" pt \xb7","ceiling""]}),null!=el&&(0,r.jsxs)(""div"",{style:{fontSize:9,marginTop:1,color:q.textMuted,opacity:.7},title:""multi-day VEX swing magnet — beyond a 0DTE's reach, shown for context only, never the target"",children:[""VEX magnet "",el,"" \xb7 beyond 0DTE""]})]})]})]}),(0,r.jsxs)(""div"",{className:""px-4 pb-4 pt-3.5"",children:[(0,r.jsxs)(""div"",{className:""mb-2.5 flex items-center gap-1.5"",style:{fontSize:9,fontWeight:600,letterSpacing:""0.13em"",color:aN},children:[(0,r.jsx)(""i"",{className:""rounded-full"",style:{width:5,height:5,background:aN,boxShadow:""0 0 6px "".concat(aN)}}),""PEREGRINE \xb7 RATIONALE""]}),(0,r.jsxs)(""div"",{className:""flex flex-col gap-1.5"",style:{opacity:G?1:.25,transition:""opacity .4s e"
1536-064f08115df39c50.js,vex,17,21,369477,1,VEX,"rence""]})]}),(0,r.jsxs)(""div"",{style:{textAlign:""right""},children:[(0,r.jsxs)(""div"",{style:{fontSize:8.5,fontWeight:700,letterSpacing:""0.12em"",color:ep?""var(--prg-bull)"":""rgba(var(--prg-bull-rgb),0.85)"",textShadow:ep?""0 0 8px rgba(var(--prg-bull-rgb),0.55)"":void 0},children:[""TARGET"",ep?"" ✓ ACQUIRED"":""""]}),(0,r.jsx)(""div"",{style:{fontSize:14.5,fontWeight:600,marginTop:2,color:q.textPrimary,fontVariantNumeric:""tabular-nums""},children:ea.toFixed(2)}),(0,r.jsxs)(""div"",{style:{fontSize:9.5,marginTop:1,color:q.textMuted},children:[""reward "",Math.abs(ea-eo).toFixed(2),"" pt \xb7 GEX ceiling""]}),null!=el&&(0,r.jsxs)(""div"",{style:{fontSize:9,marginTop:1,color:q.textMuted,opacity:.7},title:""multi-day","swing magnet — beyond a 0DTE's reach, shown for context only, never the target"",children:[""VEX magnet "",el,"" \xb7 beyond 0DTE""]})]})]})]}),(0,r.jsxs)(""div"",{className:""px-4 pb-4 pt-3.5"",children:[(0,r.jsxs)(""div"",{className:""mb-2.5 flex items-center gap-1.5"",style:{fontSize:9,fontWeight:600,letterSpacing:""0.13em"",color:aN},children:[(0,r.jsx)(""i"",{className:""rounded-full"",style:{width:5,height:5,background:aN,boxShadow:""0 0 6px "".concat(aN)}}),""PEREGRINE \xb7 RATIONALE""]}),(0,r.jsxs)(""div"",{className:""flex flex-col gap-1.5"",style:{opacity:G?1:.25,transition:""opacity .4s ease""},children:[(0,r.jsxs)(""div"",{style:{fontSize:12.5,fontWeight:600,color:q.textPrimary,lineHeight:1.5},children:[""Colu"
1536-064f08115df39c50.js,vex,18,21,369572,1,VEX,"tSize:8.5,fontWeight:700,letterSpacing:""0.12em"",color:ep?""var(--prg-bull)"":""rgba(var(--prg-bull-rgb),0.85)"",textShadow:ep?""0 0 8px rgba(var(--prg-bull-rgb),0.55)"":void 0},children:[""TARGET"",ep?"" ✓ ACQUIRED"":""""]}),(0,r.jsx)(""div"",{style:{fontSize:14.5,fontWeight:600,marginTop:2,color:q.textPrimary,fontVariantNumeric:""tabular-nums""},children:ea.toFixed(2)}),(0,r.jsxs)(""div"",{style:{fontSize:9.5,marginTop:1,color:q.textMuted},children:[""reward "",Math.abs(ea-eo).toFixed(2),"" pt \xb7 GEX ceiling""]}),null!=el&&(0,r.jsxs)(""div"",{style:{fontSize:9,marginTop:1,color:q.textMuted,opacity:.7},title:""multi-day VEX swing magnet — beyond a 0DTE's reach, shown for context only, never the target"",children:[""","magnet "",el,"" \xb7 beyond 0DTE""]})]})]})]}),(0,r.jsxs)(""div"",{className:""px-4 pb-4 pt-3.5"",children:[(0,r.jsxs)(""div"",{className:""mb-2.5 flex items-center gap-1.5"",style:{fontSize:9,fontWeight:600,letterSpacing:""0.13em"",color:aN},children:[(0,r.jsx)(""i"",{className:""rounded-full"",style:{width:5,height:5,background:aN,boxShadow:""0 0 6px "".concat(aN)}}),""PEREGRINE \xb7 RATIONALE""]}),(0,r.jsxs)(""div"",{className:""flex flex-col gap-1.5"",style:{opacity:G?1:.25,transition:""opacity .4s ease""},children:[(0,r.jsxs)(""div"",{style:{fontSize:12.5,fontWeight:600,color:q.textPrimary,lineHeight:1.5},children:[""Column-1 GEX floor at "",D.floor,"" (node strength "",(null!=(M=D.floor_pok)?M:0).toFixed(2),"", King=1"
1536-064f08115df39c50.js,gex,17,20,370185,1,GEX,"g magnet — beyond a 0DTE's reach, shown for context only, never the target"",children:[""VEX magnet "",el,"" \xb7 beyond 0DTE""]})]})]})]}),(0,r.jsxs)(""div"",{className:""px-4 pb-4 pt-3.5"",children:[(0,r.jsxs)(""div"",{className:""mb-2.5 flex items-center gap-1.5"",style:{fontSize:9,fontWeight:600,letterSpacing:""0.13em"",color:aN},children:[(0,r.jsx)(""i"",{className:""rounded-full"",style:{width:5,height:5,background:aN,boxShadow:""0 0 6px "".concat(aN)}}),""PEREGRINE \xb7 RATIONALE""]}),(0,r.jsxs)(""div"",{className:""flex flex-col gap-1.5"",style:{opacity:G?1:.25,transition:""opacity .4s ease""},children:[(0,r.jsxs)(""div"",{style:{fontSize:12.5,fontWeight:600,color:q.textPrimary,lineHeight:1.5},children:[""Column-1","floor at "",D.floor,"" (node strength "",(null!=(M=D.floor_pok)?M:0).toFixed(2),"", King=1.00) with column-2 corroboration — snipe the deflection to the "",D.t1,"" GEX ceiling (0DTE"",null!=D.t2?"" — the "".concat(D.t2,"" VEX magnet is a multi-day level, beyond reach""):"""","").""]}),D.reasons.map((e,t)=>(0,r.jsxs)(""div"",{className:""flex items-baseline gap-2"",style:{fontSize:11.5,lineHeight:1.55},children:[(0,r.jsx)(""b"",{style:{color:aN,fontWeight:700,minWidth:30},children:""\xb7""}),(0,r.jsx)(""span"",{style:{color:q.textSecondary},children:e})]},t)),(0,r.jsxs)(""div"",{style:{fontSize:11.5,color:q.textPrimary,fontVariantNumeric:""tabular-nums""},children:[(0,r.jsx)(""b"",{style:{color:q.textMuted,fontWeight:600}"
1536-064f08115df39c50.js,node,20,20,370211,1,node,"reach, shown for context only, never the target"",children:[""VEX magnet "",el,"" \xb7 beyond 0DTE""]})]})]})]}),(0,r.jsxs)(""div"",{className:""px-4 pb-4 pt-3.5"",children:[(0,r.jsxs)(""div"",{className:""mb-2.5 flex items-center gap-1.5"",style:{fontSize:9,fontWeight:600,letterSpacing:""0.13em"",color:aN},children:[(0,r.jsx)(""i"",{className:""rounded-full"",style:{width:5,height:5,background:aN,boxShadow:""0 0 6px "".concat(aN)}}),""PEREGRINE \xb7 RATIONALE""]}),(0,r.jsxs)(""div"",{className:""flex flex-col gap-1.5"",style:{opacity:G?1:.25,transition:""opacity .4s ease""},children:[(0,r.jsxs)(""div"",{style:{fontSize:12.5,fontWeight:600,color:q.textPrimary,lineHeight:1.5},children:[""Column-1 GEX floor at "",D.floor,"" (","strength "",(null!=(M=D.floor_pok)?M:0).toFixed(2),"", King=1.00) with column-2 corroboration — snipe the deflection to the "",D.t1,"" GEX ceiling (0DTE"",null!=D.t2?"" — the "".concat(D.t2,"" VEX magnet is a multi-day level, beyond reach""):"""","").""]}),D.reasons.map((e,t)=>(0,r.jsxs)(""div"",{className:""flex items-baseline gap-2"",style:{fontSize:11.5,lineHeight:1.55},children:[(0,r.jsx)(""b"",{style:{color:aN,fontWeight:700,minWidth:30},children:""\xb7""}),(0,r.jsx)(""span"",{style:{color:q.textSecondary},children:e})]},t)),(0,r.jsxs)(""div"",{style:{fontSize:11.5,color:q.textPrimary,fontVariantNumeric:""tabular-nums""},children:[(0,r.jsx)(""b"",{style:{color:q.textMuted,fontWeight:600},children:""Plan""}),"" \xb7 e"
1536-064f08115df39c50.js,gex,18,20,370347,1,GEX,":""px-4 pb-4 pt-3.5"",children:[(0,r.jsxs)(""div"",{className:""mb-2.5 flex items-center gap-1.5"",style:{fontSize:9,fontWeight:600,letterSpacing:""0.13em"",color:aN},children:[(0,r.jsx)(""i"",{className:""rounded-full"",style:{width:5,height:5,background:aN,boxShadow:""0 0 6px "".concat(aN)}}),""PEREGRINE \xb7 RATIONALE""]}),(0,r.jsxs)(""div"",{className:""flex flex-col gap-1.5"",style:{opacity:G?1:.25,transition:""opacity .4s ease""},children:[(0,r.jsxs)(""div"",{style:{fontSize:12.5,fontWeight:600,color:q.textPrimary,lineHeight:1.5},children:[""Column-1 GEX floor at "",D.floor,"" (node strength "",(null!=(M=D.floor_pok)?M:0).toFixed(2),"", King=1.00) with column-2 corroboration — snipe the deflection to the "",D.t1,""","ceiling (0DTE"",null!=D.t2?"" — the "".concat(D.t2,"" VEX magnet is a multi-day level, beyond reach""):"""","").""]}),D.reasons.map((e,t)=>(0,r.jsxs)(""div"",{className:""flex items-baseline gap-2"",style:{fontSize:11.5,lineHeight:1.55},children:[(0,r.jsx)(""b"",{style:{color:aN,fontWeight:700,minWidth:30},children:""\xb7""}),(0,r.jsx)(""span"",{style:{color:q.textSecondary},children:e})]},t)),(0,r.jsxs)(""div"",{style:{fontSize:11.5,color:q.textPrimary,fontVariantNumeric:""tabular-nums""},children:[(0,r.jsx)(""b"",{style:{color:q.textMuted,fontWeight:600},children:""Plan""}),"" \xb7 enter "",null!=(I=D.floor)?I:""—"",""–"",(null!=(z=D.zone_hi)?z:0).toFixed(2),"" \xb7 stop "",(null!=(R=D.stop)?R:0).toFixed(2),"" daily close \"
1536-064f08115df39c50.js,vex,19,21,370401,1,VEX,"ame:""mb-2.5 flex items-center gap-1.5"",style:{fontSize:9,fontWeight:600,letterSpacing:""0.13em"",color:aN},children:[(0,r.jsx)(""i"",{className:""rounded-full"",style:{width:5,height:5,background:aN,boxShadow:""0 0 6px "".concat(aN)}}),""PEREGRINE \xb7 RATIONALE""]}),(0,r.jsxs)(""div"",{className:""flex flex-col gap-1.5"",style:{opacity:G?1:.25,transition:""opacity .4s ease""},children:[(0,r.jsxs)(""div"",{style:{fontSize:12.5,fontWeight:600,color:q.textPrimary,lineHeight:1.5},children:[""Column-1 GEX floor at "",D.floor,"" (node strength "",(null!=(M=D.floor_pok)?M:0).toFixed(2),"", King=1.00) with column-2 corroboration — snipe the deflection to the "",D.t1,"" GEX ceiling (0DTE"",null!=D.t2?"" — the "".concat(D.t2,""","magnet is a multi-day level, beyond reach""):"""","").""]}),D.reasons.map((e,t)=>(0,r.jsxs)(""div"",{className:""flex items-baseline gap-2"",style:{fontSize:11.5,lineHeight:1.55},children:[(0,r.jsx)(""b"",{style:{color:aN,fontWeight:700,minWidth:30},children:""\xb7""}),(0,r.jsx)(""span"",{style:{color:q.textSecondary},children:e})]},t)),(0,r.jsxs)(""div"",{style:{fontSize:11.5,color:q.textPrimary,fontVariantNumeric:""tabular-nums""},children:[(0,r.jsx)(""b"",{style:{color:q.textMuted,fontWeight:600},children:""Plan""}),"" \xb7 enter "",null!=(I=D.floor)?I:""—"",""–"",(null!=(z=D.zone_hi)?z:0).toFixed(2),"" \xb7 stop "",(null!=(R=D.stop)?R:0).toFixed(2),"" daily close \xb7 bank half T1 "",D.t1,"" \xb7 runner to "",ea]}),(0,r."
1536-064f08115df39c50.js,midas,26,34,373017,1,midas,"t,n,l,o,s,i,c,d,u,p,m,g;let{theme:h,isDark:x=!0,isMono:f=!1,panelBlur:b=14}=e,{isAdmin:y}=(0,ec.$)(),[k,w]=(0,a.useState)(null),[j,S]=(0,a.useState)(!1),[N,T]=(0,a.useState)(""conservative""),A=(0,ez.O)(e=>e.expertMode),C=(0,ez.O)(e=>e.setExpertMode),[_,E]=(0,a.useState)(null),[M,I]=(0,a.useState)(new Set),z=(0,a.useRef)(null),{getToken:R}=(0,v.d)();(0,an.rM)(R),(0,a.useEffect)(()=>{if(!_)return;let e=e=>{""Escape""===e.key&&E(null)};return window.addEventListener(""keydown"",e),()=>window.removeEventListener(""keydown"",e)},[_]);let F=""conservative""===N,W=F?""normal"":""legacy"",P=al(""/peregrine"",W),D=aa(3e4,k,""/peregrine"",W),L=function(e){let t=arguments.length>1&&void 0!==arguments[1]?arguments[1]:""/",""",n=arguments.length>2?arguments[2]:void 0,r=arguments.length>3&&void 0!==arguments[3]&&arguments[3],[l,o]=(0,a.useState)({}),s=(0,a.useRef)({});return(0,a.useEffect)(()=>{if(!r)return;let a=!0,l=null!=n?n:"""",i=e.filter(e=>void 0===s.current["""".concat(l,""|"").concat(e)]);if(!i.length)return;let c=async e=>{let r="""".concat(l,""|"").concat(e);try{let a=n?""strategy="".concat(n):"""",l=[""day="".concat(e),a].filter(Boolean).join(""&""),o=await fetch("""".concat(t,""/setups?"").concat(l),{cache:""no-store""}),i=await o.json();s.current[r]=Array.isArray(null==i?void 0:i.setups)?i.setups:[]}catch(e){s.current[r]=[]}};return(async()=>{let e=[...i],t=async()=>{for(;e.length;){let t=e.shift();t&&await c(t)}};await Pr"
1536-064f08115df39c50.js,armed,40,43,375775,1,ARMED,"("" "")?l.split("" "").pop():l)},er=(null!=(n=null==D?void 0:D.setups)?n:[]).filter(e=>{var t,n;return(0===M.size||M.has(e.state))&&(!!A&&!!Z||!!J||(null!=(t=e.tier)?t:""book"")!==""radar"")&&(!J||e.symbol.toLowerCase().includes(J)||(null!=(n=e.setup_class)?n:"""").toLowerCase().includes(J))}).sort((e,t)=>en(t).localeCompare(en(e))),ea=O?er:er.slice(0,24),el=er.length-ea.length,eo=as(),es=""__book""===k,ei=""__closed""===k,ed=!!k&&!es&&!ei&&(null==D?void 0:D.day)===k,eu=!k&&(null==D?void 0:D.live)===!0,ep=!k&&!!D&&!1===D.live,em=(()=>{var e;let t=(null!=(e=null==D?void 0:D.setups)?e:[]).filter(e=>{var t;return(null!=(t=e.tier)?t:""book"")===""book""});if(!t.length)return null;let n=t.filter(e=>![""WATCHLIST"",""","""].includes(e.state)),r=n.map(e=>{var t,n,r,a;if(""equity""===N)return null==(t=e.equity)?void 0:t.return_pct;let l=null!=(a=null==(n=e.contracts)?void 0:n.normal)?a:e.contract;return""aggressive""===N?null==l||null==(r=l.playbook)?void 0:r.return_pct:null==l?void 0:l.max_return}).filter(e=>null!=e);return{setups:t.length,fires:n.length,t1:t.filter(e=>[""T1_TAG"",""T2_TAG"",""T3_TAG""].includes(e.state)).length,wins:r.filter(e=>e>0).length,priced:r.length,w30:r.filter(e=>e>=30).length,w20:r.filter(e=>e>=20).length,best_max:r.length?Math.round(Math.max(...r)):null,avg_max:r.length?Math.round(r.reduce((e,t)=>e+t,0)/r.length):null,avg_fine:r.length?r.reduce((e,t)=>e+t,0)/r.length:null}})(),eg=""equity""==="
1536-064f08115df39c50.js,playbook,74,77,375998,1,playbook,"||(null!=(n=e.setup_class)?n:"""").toLowerCase().includes(J))}).sort((e,t)=>en(t).localeCompare(en(e))),ea=O?er:er.slice(0,24),el=er.length-ea.length,eo=as(),es=""__book""===k,ei=""__closed""===k,ed=!!k&&!es&&!ei&&(null==D?void 0:D.day)===k,eu=!k&&(null==D?void 0:D.live)===!0,ep=!k&&!!D&&!1===D.live,em=(()=>{var e;let t=(null!=(e=null==D?void 0:D.setups)?e:[]).filter(e=>{var t;return(null!=(t=e.tier)?t:""book"")===""book""});if(!t.length)return null;let n=t.filter(e=>![""WATCHLIST"",""ARMED""].includes(e.state)),r=n.map(e=>{var t,n,r,a;if(""equity""===N)return null==(t=e.equity)?void 0:t.return_pct;let l=null!=(a=null==(n=e.contracts)?void 0:n.normal)?a:e.contract;return""aggressive""===N?null==l||null==(r=l.",")?void 0:r.return_pct:null==l?void 0:l.max_return}).filter(e=>null!=e);return{setups:t.length,fires:n.length,t1:t.filter(e=>[""T1_TAG"",""T2_TAG"",""T3_TAG""].includes(e.state)).length,wins:r.filter(e=>e>0).length,priced:r.length,w30:r.filter(e=>e>=30).length,w20:r.filter(e=>e>=20).length,best_max:r.length?Math.round(Math.max(...r)):null,avg_max:r.length?Math.round(r.reduce((e,t)=>e+t,0)/r.length):null,avg_fine:r.length?r.reduce((e,t)=>e+t,0)/r.length:null}})(),eg=""equity""===N?[]:(null!=(g=null==D?void 0:D.setups)?g:[]).filter(e=>{var t;return(null!=(t=e.tier)?t:""book"")===""book""}).filter(e=>![""WATCHLIST"",""ARMED""].includes(e.state)).map(e=>{var t,n,r,a,l,o;let s=null!=(r=null==(t=e.contracts)?void"
1536-064f08115df39c50.js,armed,41,43,376613,1,ARMED,".contracts)?void 0:n.normal)?a:e.contract;return""aggressive""===N?null==l||null==(r=l.playbook)?void 0:r.return_pct:null==l?void 0:l.max_return}).filter(e=>null!=e);return{setups:t.length,fires:n.length,t1:t.filter(e=>[""T1_TAG"",""T2_TAG"",""T3_TAG""].includes(e.state)).length,wins:r.filter(e=>e>0).length,priced:r.length,w30:r.filter(e=>e>=30).length,w20:r.filter(e=>e>=20).length,best_max:r.length?Math.round(Math.max(...r)):null,avg_max:r.length?Math.round(r.reduce((e,t)=>e+t,0)/r.length):null,avg_fine:r.length?r.reduce((e,t)=>e+t,0)/r.length:null}})(),eg=""equity""===N?[]:(null!=(g=null==D?void 0:D.setups)?g:[]).filter(e=>{var t;return(null!=(t=e.tier)?t:""book"")===""book""}).filter(e=>![""WATCHLIST"",""","""].includes(e.state)).map(e=>{var t,n,r,a,l,o;let s=null!=(r=null==(t=e.contracts)?void 0:t[aW(N)])?r:e.contract,i=null!=(a=null==s?void 0:s.managed_return)?a:""aggressive""===N?null==s||null==(n=s.playbook)?void 0:n.return_pct:null;return{entryPrem:null!=(o=null!=(l=null==s?void 0:s.entry_prem)?l:null==s?void 0:s.mark)?o:null,managedPct:i,sizingModel:""aggressive""===N?""weighted"":""equal""}}),eh=(0,rf.ZZ)(eg),ex=es?""Open book"":ei?""Closed"":eu?""Today"":(0,rf.y2)(null!=(l=null==D?void 0:D.day)?l:void 0),ef=x?""#facc15"":""#ca8a04"",eb=x?""250,204,21"":""202,138,4"",ey=(e,t)=>(0,r.jsxs)(""div"",{className:""my-1 flex flex-wrap items-center gap-x-2 gap-y-1 uppercase"",style:{fontSize:9,letterSpacing:""0.18em"",color"
1536-064f08115df39c50.js,playbook,75,77,376814,1,playbook,",t1:t.filter(e=>[""T1_TAG"",""T2_TAG"",""T3_TAG""].includes(e.state)).length,wins:r.filter(e=>e>0).length,priced:r.length,w30:r.filter(e=>e>=30).length,w20:r.filter(e=>e>=20).length,best_max:r.length?Math.round(Math.max(...r)):null,avg_max:r.length?Math.round(r.reduce((e,t)=>e+t,0)/r.length):null,avg_fine:r.length?r.reduce((e,t)=>e+t,0)/r.length:null}})(),eg=""equity""===N?[]:(null!=(g=null==D?void 0:D.setups)?g:[]).filter(e=>{var t;return(null!=(t=e.tier)?t:""book"")===""book""}).filter(e=>![""WATCHLIST"",""ARMED""].includes(e.state)).map(e=>{var t,n,r,a,l,o;let s=null!=(r=null==(t=e.contracts)?void 0:t[aW(N)])?r:e.contract,i=null!=(a=null==s?void 0:s.managed_return)?a:""aggressive""===N?null==s||null==(n=s.",")?void 0:n.return_pct:null;return{entryPrem:null!=(o=null!=(l=null==s?void 0:s.entry_prem)?l:null==s?void 0:s.mark)?o:null,managedPct:i,sizingModel:""aggressive""===N?""weighted"":""equal""}}),eh=(0,rf.ZZ)(eg),ex=es?""Open book"":ei?""Closed"":eu?""Today"":(0,rf.y2)(null!=(l=null==D?void 0:D.day)?l:void 0),ef=x?""#facc15"":""#ca8a04"",eb=x?""250,204,21"":""202,138,4"",ey=(e,t)=>(0,r.jsxs)(""div"",{className:""my-1 flex flex-wrap items-center gap-x-2 gap-y-1 uppercase"",style:{fontSize:9,letterSpacing:""0.18em"",color:h.textMuted},children:[e,(0,r.jsx)(""span"",{className:""h-px flex-1"",style:{background:""rgba(var(--prg-ink),0.06)""}}),t&&(0,r.jsx)(""span"",{className:""normal-case"",style:{fontSize:9.5,fontWeight:500,letterS"
1536-064f08115df39c50.js,gamma,11,12,381040,1,gamma,"y-1"",children:[(0,r.jsxs)(""button"",{onClick:()=>C(!A),title:A?""Hide expert controls — show one clean copy-able trade per card"":""Show expert controls: date picker, search, RADAR and status filters"",className:""rounded px-1.5 py-0.5"",style:{fontSize:8.5,fontWeight:700,letterSpacing:""0.05em"",cursor:""pointer"",color:A?""var(--prg-accent-ink)"":h.textMuted,background:A?aN:""rgba(var(--prg-ink),0.05)"",border:""1px solid "".concat(A?""transparent"":""rgba(var(--prg-ink),0.08)"")},children:[""Advanced"",A?"" ✓"":""""]}),(0,r.jsxs)(""span"",{className:""flex items-center gap-0.5"",children:[(0,r.jsx)(""span"",{title:""v2 — the finalized managed book (both lanes, labeled per card): REVERSAL = a reversal signal fading INTO a","floor/ceiling; MOMENTUM = a higher-timeframe momentum shift in-direction on a gamma tailwind. Strong-name, momentum-led: 91% win / PF 2.62 on full-history DataBento."",style:{fontSize:9,color:""var(--prg-ink, #999)"",opacity:.7,cursor:""help"",marginRight:2},children:""ⓘ""}),[[""conservative"",""v2""]].map(e=>{let[t,n]=e;return(0,r.jsx)(""button"",{onClick:()=>{T(t)},title:""v2 — the finalized managed reversal book (91% win / PF 2.62, DataBento full-history, strong-name momentum-led)"",className:""rounded px-1.5 py-0.5"",style:{fontSize:8.5,fontWeight:700,letterSpacing:""0.05em"",color:N===t?""var(--prg-accent-ink)"":h.textMuted,background:N===t?aN:""rgba(var(--prg-ink),0.05)"",border:""1px solid rgba(var(--prg-in"
1536-064f08115df39c50.js,gamma,12,12,381124,1,gamma,"— show one clean copy-able trade per card"":""Show expert controls: date picker, search, RADAR and status filters"",className:""rounded px-1.5 py-0.5"",style:{fontSize:8.5,fontWeight:700,letterSpacing:""0.05em"",cursor:""pointer"",color:A?""var(--prg-accent-ink)"":h.textMuted,background:A?aN:""rgba(var(--prg-ink),0.05)"",border:""1px solid "".concat(A?""transparent"":""rgba(var(--prg-ink),0.08)"")},children:[""Advanced"",A?"" ✓"":""""]}),(0,r.jsxs)(""span"",{className:""flex items-center gap-0.5"",children:[(0,r.jsx)(""span"",{title:""v2 — the finalized managed book (both lanes, labeled per card): REVERSAL = a reversal signal fading INTO a gamma floor/ceiling; MOMENTUM = a higher-timeframe momentum shift in-direction on a","tailwind. Strong-name, momentum-led: 91% win / PF 2.62 on full-history DataBento."",style:{fontSize:9,color:""var(--prg-ink, #999)"",opacity:.7,cursor:""help"",marginRight:2},children:""ⓘ""}),[[""conservative"",""v2""]].map(e=>{let[t,n]=e;return(0,r.jsx)(""button"",{onClick:()=>{T(t)},title:""v2 — the finalized managed reversal book (91% win / PF 2.62, DataBento full-history, strong-name momentum-led)"",className:""rounded px-1.5 py-0.5"",style:{fontSize:8.5,fontWeight:700,letterSpacing:""0.05em"",color:N===t?""var(--prg-accent-ink)"":h.textMuted,background:N===t?aN:""rgba(var(--prg-ink),0.05)"",border:""1px solid rgba(var(--prg-ink),0.08)"",cursor:""pointer""},children:n},n)})]}),A&&P.length>0&&(()=>{var e,t;let n=n"
1536-064f08115df39c50.js,armed,42,43,382155,1,ARMED,"win / PF 2.62, DataBento full-history, strong-name momentum-led)"",className:""rounded px-1.5 py-0.5"",style:{fontSize:8.5,fontWeight:700,letterSpacing:""0.05em"",color:N===t?""var(--prg-accent-ink)"":h.textMuted,background:N===t?aN:""rgba(var(--prg-ink),0.05)"",border:""1px solid rgba(var(--prg-ink),0.08)"",cursor:""pointer""},children:n},n)})]}),A&&P.length>0&&(()=>{var e,t;let n=new Intl.DateTimeFormat(""en-CA"",{timeZone:""America/New_York"",year:""numeric"",month:""2-digit"",day:""2-digit""}).format(new Date),a=[...P].sort().reverse().filter(e=>e!==n).map(e=>{let t,n=L["""".concat(null!=W?W:"""",""|"").concat(e)],a=n?function(e,t){let n=e.filter(e=>{var t;return(null!=(t=e.tier)?t:""book"")===""book""&&![""WATCHLIST"",""","""].includes(e.state)}).map(e=>(function(e,t){var n,r,a,l,o,s,i;if(""equity""===t)return null!=(l=null==(n=e.equity)?void 0:n.return_pct)?l:null;let c=null!=(o=null==(r=e.contracts)?void 0:r[aW(t)])?o:e.contract;return null!=(i=null==c?void 0:c.managed_return)?i:""aggressive""===t&&null!=(s=null==c||null==(a=c.playbook)?void 0:a.return_pct)?s:null})(e,t)).filter(e=>null!=e);return n.length?{w:n.filter(e=>e>0).length,l:n.filter(e=>e<0).length,avgManaged:Math.round(n.reduce((e,t)=>e+t,0)/n.length)}:null}(n,N):null;return{value:e,label:(0,rf.y2)(e),right:a?(0,r.jsxs)(""span"",{style:{fontSize:9.5,fontVariantNumeric:""tabular-nums"",color:h.textMuted,whiteSpace:""nowrap""},children:[a.w>0&&(0,r.jsxs)(""b"",{"
1536-064f08115df39c50.js,playbook,76,77,382467,1,playbook,"ter""},children:n},n)})]}),A&&P.length>0&&(()=>{var e,t;let n=new Intl.DateTimeFormat(""en-CA"",{timeZone:""America/New_York"",year:""numeric"",month:""2-digit"",day:""2-digit""}).format(new Date),a=[...P].sort().reverse().filter(e=>e!==n).map(e=>{let t,n=L["""".concat(null!=W?W:"""",""|"").concat(e)],a=n?function(e,t){let n=e.filter(e=>{var t;return(null!=(t=e.tier)?t:""book"")===""book""&&![""WATCHLIST"",""ARMED""].includes(e.state)}).map(e=>(function(e,t){var n,r,a,l,o,s,i;if(""equity""===t)return null!=(l=null==(n=e.equity)?void 0:n.return_pct)?l:null;let c=null!=(o=null==(r=e.contracts)?void 0:r[aW(t)])?o:e.contract;return null!=(i=null==c?void 0:c.managed_return)?i:""aggressive""===t&&null!=(s=null==c||null==(a=c.",")?void 0:a.return_pct)?s:null})(e,t)).filter(e=>null!=e);return n.length?{w:n.filter(e=>e>0).length,l:n.filter(e=>e<0).length,avgManaged:Math.round(n.reduce((e,t)=>e+t,0)/n.length)}:null}(n,N):null;return{value:e,label:(0,rf.y2)(e),right:a?(0,r.jsxs)(""span"",{style:{fontSize:9.5,fontVariantNumeric:""tabular-nums"",color:h.textMuted,whiteSpace:""nowrap""},children:[a.w>0&&(0,r.jsxs)(""b"",{style:{color:""var(--prg-bull)"",fontWeight:700},children:[a.w,""W""]}),a.w>0&&a.l>0&&"" "",a.l>0&&(0,r.jsxs)(""b"",{style:{color:h.textMuted,fontWeight:700},children:[a.l,""L""]}),(a.w>0||a.l>0)&&"" \xb7 "",(0,r.jsx)(""span"",{style:{color:a.avgManaged>=0?""var(--prg-bull)"":h.textMuted,fontWeight:600},children:(t=a.avgManaged,"""
1536-064f08115df39c50.js,falcon,26,35,383812,1,Falcon,"g-bull)"":h.textMuted,fontWeight:600},children:(t=a.avgManaged,"""".concat(t>=0?""+"":"""").concat(t,""%""))})]}):void 0}}),l=ep?""REPLAY \xb7 "".concat((0,rf.y2)(null!=(e=null==D?void 0:D.day)?e:void 0)||(null!=(t=null==D?void 0:D.day)?t:"""")):""TODAY \xb7 LIVE"";return(0,r.jsx)(rf.P_,{label:""VIEW"",value:k,valueLabel:""__book""===k?""BOOK"":(0,rf.y2)(null!=k?k:void 0),options:[{value:""__book"",label:""ACTIVE BOOK""},...a],onChange:e=>w(e),onOpen:()=>S(!0),menuWidth:224,clearLabel:l,skin:aS,t:h})})()]})]}),(0,r.jsx)(rf.T7,{teaser:""Single-name 0DTE options — same-day expiry, equal-weight scale-in"",what:""Peregrine trades 0DTE options on individual names, same-day expiry, in the same equal-weight scale-in style as",". It only fires in the intraday-volatility regimes where the edge holds — the regime gate stands down when conditions turn to slow grind."",how:""Set your balance and risk% once in Aegis — it sizes every entry into contracts and dollars on the card. Peregrine scales in equal-weight: a probe plus adds at the shown triggers, with the running average updating on each fill. Copy the timestamped events in Copilot Mode to follow the managed exit."",t:h,skin:aS}),(0,r.jsxs)(""div"",{className:""flex min-h-0 flex-1 flex-col gap-1.5 overflow-y-auto md:overflow-hidden p-3.5"",children:[ey((0,r.jsxs)(""span"",{className:""flex items-center gap-1.5"",children:[""Surfaced for you"",(0,r.jsx)(""span"",{style:{fontSize:8"
1536-064f08115df39c50.js,aegis,3,4,383997,1,Aegis,"void 0)||(null!=(t=null==D?void 0:D.day)?t:"""")):""TODAY \xb7 LIVE"";return(0,r.jsx)(rf.P_,{label:""VIEW"",value:k,valueLabel:""__book""===k?""BOOK"":(0,rf.y2)(null!=k?k:void 0),options:[{value:""__book"",label:""ACTIVE BOOK""},...a],onChange:e=>w(e),onOpen:()=>S(!0),menuWidth:224,clearLabel:l,skin:aS,t:h})})()]})]}),(0,r.jsx)(rf.T7,{teaser:""Single-name 0DTE options — same-day expiry, equal-weight scale-in"",what:""Peregrine trades 0DTE options on individual names, same-day expiry, in the same equal-weight scale-in style as Falcon. It only fires in the intraday-volatility regimes where the edge holds — the regime gate stands down when conditions turn to slow grind."",how:""Set your balance and risk% once in","— it sizes every entry into contracts and dollars on the card. Peregrine scales in equal-weight: a probe plus adds at the shown triggers, with the running average updating on each fill. Copy the timestamped events in Copilot Mode to follow the managed exit."",t:h,skin:aS}),(0,r.jsxs)(""div"",{className:""flex min-h-0 flex-1 flex-col gap-1.5 overflow-y-auto md:overflow-hidden p-3.5"",children:[ey((0,r.jsxs)(""span"",{className:""flex items-center gap-1.5"",children:[""Surfaced for you"",(0,r.jsx)(""span"",{style:{fontSize:8,fontWeight:600,letterSpacing:""0.08em"",padding:""1px 4px"",borderRadius:3,color:eu?""var(--prg-accent-ink)"":h.textMuted,background:eu?aN:""rgba(var(--prg-ink),0.06)""},children:ei?""CLOSED \"
1536-064f08115df39c50.js,armed,43,43,387991,1,ARMED,"en:(0,rf.y2)(e.day)})]})]},"""".concat(e.day,""_"").concat(e.symbol,""_"").concat(t)))]})]}),et>0&&(0,r.jsxs)(""button"",{type:""button"",onClick:()=>ee(e=>!e),title:""Radar tier: tracked across the full universe for monster capture and labeling — not part of the tradeable book"",className:""rounded px-1.5 py-0.5"",style:{fontSize:8.5,fontWeight:700,letterSpacing:""0.05em"",cursor:""pointer"",whiteSpace:""nowrap"",color:Z?""var(--prg-accent)"":h.textMuted,background:Z?""rgba(var(--prg-accent-rgb),0.14)"":""rgba(var(--prg-ink),0.05)"",border:""1px solid "".concat(Z?""rgba(var(--prg-accent-rgb),0.4)"":""rgba(var(--prg-ink),0.08)"")},children:[""RADAR \xb7 "",et]}),(0,r.jsx)(rf.UJ,{label:""STATUS"",values:M,options:[""WATCHLIST"",""",""",""TRIGGERED"",""T1_TAG"",""T2_TAG"",""T3_TAG""].map(e=>({value:e,label:e.replace(""_"","" "").toLowerCase()})),onChange:e=>I(e),t:h,skin:aS})]}),(0,r.jsx)(""span"",{children:""0DTE \xb7 drift days""})]})),(0,r.jsxs)(""div"",{ref:z,className:""talon-noscroll -mx-0.5 flex shrink-0 gap-2.5 overflow-x-auto pb-1.5"",style:{scrollSnapType:""x mandatory"",scrollbarWidth:""none"",overscrollBehaviorX:""none""},children:[(!D||0===ea.length)&&(0,r.jsx)(""div"",{className:""flex w-full items-center justify-center py-6"",style:{fontSize:11,letterSpacing:""0.08em"",color:h.textMuted},children:D?k&&""__book""!==k&&""__closed""!==k?""No stored session for "".concat(k,"".""):""__book""===k?""No open swing trades in the book."":""__closed""===k?""No rea"
1536-064f08115df39c50.js,talon,93,125,388222,1,talon,"ing — not part of the tradeable book"",className:""rounded px-1.5 py-0.5"",style:{fontSize:8.5,fontWeight:700,letterSpacing:""0.05em"",cursor:""pointer"",whiteSpace:""nowrap"",color:Z?""var(--prg-accent)"":h.textMuted,background:Z?""rgba(var(--prg-accent-rgb),0.14)"":""rgba(var(--prg-ink),0.05)"",border:""1px solid "".concat(Z?""rgba(var(--prg-accent-rgb),0.4)"":""rgba(var(--prg-ink),0.08)"")},children:[""RADAR \xb7 "",et]}),(0,r.jsx)(rf.UJ,{label:""STATUS"",values:M,options:[""WATCHLIST"",""ARMED"",""TRIGGERED"",""T1_TAG"",""T2_TAG"",""T3_TAG""].map(e=>({value:e,label:e.replace(""_"","" "").toLowerCase()})),onChange:e=>I(e),t:h,skin:aS})]}),(0,r.jsx)(""span"",{children:""0DTE \xb7 drift days""})]})),(0,r.jsxs)(""div"",{ref:z,className:""","-noscroll -mx-0.5 flex shrink-0 gap-2.5 overflow-x-auto pb-1.5"",style:{scrollSnapType:""x mandatory"",scrollbarWidth:""none"",overscrollBehaviorX:""none""},children:[(!D||0===ea.length)&&(0,r.jsx)(""div"",{className:""flex w-full items-center justify-center py-6"",style:{fontSize:11,letterSpacing:""0.08em"",color:h.textMuted},children:D?k&&""__book""!==k&&""__closed""!==k?""No stored session for "".concat(k,"".""):""__book""===k?""No open swing trades in the book."":""__closed""===k?""No realized trades yet."":M.size>0&&(null!=(p=null==D?void 0:D.setups.length)?p:0)>0?""No setups match the status filter."":eu&&(null==D?void 0:D.regime)===""post_decline""?""Standing down — post-decline day (Falcon's regime). Peregrine hunts"
1536-064f08115df39c50.js,falcon,27,35,388893,1,Falcon,"sxs)(""div"",{ref:z,className:""talon-noscroll -mx-0.5 flex shrink-0 gap-2.5 overflow-x-auto pb-1.5"",style:{scrollSnapType:""x mandatory"",scrollbarWidth:""none"",overscrollBehaviorX:""none""},children:[(!D||0===ea.length)&&(0,r.jsx)(""div"",{className:""flex w-full items-center justify-center py-6"",style:{fontSize:11,letterSpacing:""0.08em"",color:h.textMuted},children:D?k&&""__book""!==k&&""__closed""!==k?""No stored session for "".concat(k,"".""):""__book""===k?""No open swing trades in the book."":""__closed""===k?""No realized trades yet."":M.size>0&&(null!=(p=null==D?void 0:D.setups.length)?p:0)>0?""No setups match the status filter."":eu&&(null==D?void 0:D.regime)===""post_decline""?""Standing down — post-decline day (","'s regime). Peregrine hunts drift days."":eu?""Watching — no 0DTE setups have qualified yet today."":""Reconnecting to Peregrine — setups will appear here."":""Connecting to Peregrine…""}),ea.map(e=>(0,r.jsx)(aP,{s:e,mode:N,t:h,onOpen:()=>E(e)},"""".concat(e.day,""_"").concat(e.symbol))),el>0&&(0,r.jsxs)(""button"",{onClick:()=>B(!0),className:""flex-none cursor-pointer rounded-[14px] px-4 text-center"",style:{flexBasis:120,scrollSnapAlign:""start"",border:""1px dashed rgba(var(--prg-ink),0.14)"",background:""transparent"",fontSize:11,fontWeight:600,color:""var(--prg-accent)""},children:[""+"",el,"" more""]})]}),(0,r.jsx)(rf.uy,{target:z,skin:aS}),rk.G.TRADE_LIFECYCLE_COPY&&eh&&eh.legCount>0&&(0,r.jsx)(""div"",{classNam"
1536-064f08115df39c50.js,fired,12,13,390931,1,fired,"})]}),""equity""===N?(0,r.jsxs)(r.Fragment,{children:[em.priced>0&&(0,r.jsxs)(""span"",{children:[""wins: "",(0,r.jsxs)(""b"",{style:{color:""var(--prg-bull)""},children:[em.wins,""/"",em.priced]}),"" ("",Math.round(100*em.wins/em.priced),""%)""]}),null!=em.avg_fine&&(0,r.jsxs)(""span"",{children:[""avg "",(0,r.jsxs)(""b"",{style:{color:h.textSecondary},children:[em.avg_fine>=0?""+"":"""",em.avg_fine.toFixed(1),""%""]})]}),null!=em.best_max&&(0,r.jsxs)(""span"",{children:[""best "",(0,r.jsxs)(""b"",{style:{color:""var(--prg-accent)""},children:[""+"",em.best_max,""%""]})]}),(0,r.jsx)(""span"",{style:{opacity:.75},children:""stock %""})]}):(0,r.jsxs)(r.Fragment,{children:[em.fires>0&&(0,r.jsxs)(""span"",{title:""aggressive""===N?""share of","signals the SCALE playbook actually banked ≥30%"":""'saw ≥30%' = share of fired signals whose premium PEAKED ≥30% above entry (max favorable excursion). The signal saw that gain — not that it was banked."",children:[""aggressive""===N?""banked"":""peaked"","" ≥30%: "",(0,r.jsxs)(""b"",{style:{color:""var(--prg-bull)""},children:[em.w30,""/"",em.fires]}),"" ("",Math.round(100*em.w30/em.fires),""%)""]}),em.fires>0&&null!=em.w20&&(0,r.jsxs)(""span"",{title:""share whose premium peaked at least 20% above entry"",children:[""≥20%: "",(0,r.jsxs)(""b"",{style:{color:h.textSecondary},children:[Math.round(100*em.w20/em.fires),""%""]})]}),null!=em.best_max&&(0,r.jsxs)(""span"",{children:[""best "",(0,r.jsxs)(""b"",{style:{color:""var(--p"
1536-064f08115df39c50.js,playbook,77,77,390955,1,playbook,"jsxs)(r.Fragment,{children:[em.priced>0&&(0,r.jsxs)(""span"",{children:[""wins: "",(0,r.jsxs)(""b"",{style:{color:""var(--prg-bull)""},children:[em.wins,""/"",em.priced]}),"" ("",Math.round(100*em.wins/em.priced),""%)""]}),null!=em.avg_fine&&(0,r.jsxs)(""span"",{children:[""avg "",(0,r.jsxs)(""b"",{style:{color:h.textSecondary},children:[em.avg_fine>=0?""+"":"""",em.avg_fine.toFixed(1),""%""]})]}),null!=em.best_max&&(0,r.jsxs)(""span"",{children:[""best "",(0,r.jsxs)(""b"",{style:{color:""var(--prg-accent)""},children:[""+"",em.best_max,""%""]})]}),(0,r.jsx)(""span"",{style:{opacity:.75},children:""stock %""})]}):(0,r.jsxs)(r.Fragment,{children:[em.fires>0&&(0,r.jsxs)(""span"",{title:""aggressive""===N?""share of fired signals the SCALE","actually banked ≥30%"":""'saw ≥30%' = share of fired signals whose premium PEAKED ≥30% above entry (max favorable excursion). The signal saw that gain — not that it was banked."",children:[""aggressive""===N?""banked"":""peaked"","" ≥30%: "",(0,r.jsxs)(""b"",{style:{color:""var(--prg-bull)""},children:[em.w30,""/"",em.fires]}),"" ("",Math.round(100*em.w30/em.fires),""%)""]}),em.fires>0&&null!=em.w20&&(0,r.jsxs)(""span"",{title:""share whose premium peaked at least 20% above entry"",children:[""≥20%: "",(0,r.jsxs)(""b"",{style:{color:h.textSecondary},children:[Math.round(100*em.w20/em.fires),""%""]})]}),null!=em.best_max&&(0,r.jsxs)(""span"",{children:[""best "",(0,r.jsxs)(""b"",{style:{color:""var(--prg-accent)""},children:[""+"","
1536-064f08115df39c50.js,fired,13,13,391009,1,fired,"pan"",{children:[""wins: "",(0,r.jsxs)(""b"",{style:{color:""var(--prg-bull)""},children:[em.wins,""/"",em.priced]}),"" ("",Math.round(100*em.wins/em.priced),""%)""]}),null!=em.avg_fine&&(0,r.jsxs)(""span"",{children:[""avg "",(0,r.jsxs)(""b"",{style:{color:h.textSecondary},children:[em.avg_fine>=0?""+"":"""",em.avg_fine.toFixed(1),""%""]})]}),null!=em.best_max&&(0,r.jsxs)(""span"",{children:[""best "",(0,r.jsxs)(""b"",{style:{color:""var(--prg-accent)""},children:[""+"",em.best_max,""%""]})]}),(0,r.jsx)(""span"",{style:{opacity:.75},children:""stock %""})]}):(0,r.jsxs)(r.Fragment,{children:[em.fires>0&&(0,r.jsxs)(""span"",{title:""aggressive""===N?""share of fired signals the SCALE playbook actually banked ≥30%"":""'saw ≥30%' = share of","signals whose premium PEAKED ≥30% above entry (max favorable excursion). The signal saw that gain — not that it was banked."",children:[""aggressive""===N?""banked"":""peaked"","" ≥30%: "",(0,r.jsxs)(""b"",{style:{color:""var(--prg-bull)""},children:[em.w30,""/"",em.fires]}),"" ("",Math.round(100*em.w30/em.fires),""%)""]}),em.fires>0&&null!=em.w20&&(0,r.jsxs)(""span"",{title:""share whose premium peaked at least 20% above entry"",children:[""≥20%: "",(0,r.jsxs)(""b"",{style:{color:h.textSecondary},children:[Math.round(100*em.w20/em.fires),""%""]})]}),null!=em.best_max&&(0,r.jsxs)(""span"",{children:[""best "",(0,r.jsxs)(""b"",{style:{color:""var(--prg-accent)""},children:[""+"",em.best_max,""%""]})]}),null!=em.avg_max&&(0,r.jsxs)("
1536-064f08115df39c50.js,flowseeker,20,39,392315,1,Flowseeker,"style:{color:""var(--prg-accent)""},children:[""+"",em.best_max,""%""]})]}),null!=em.avg_max&&(0,r.jsxs)(""span"",{children:[""avg max "",(0,r.jsxs)(""b"",{style:{color:h.textSecondary},children:[""+"",em.avg_max,""%""]})]})]})]}),A&&(0,r.jsxs)(r.Fragment,{children:[(0,r.jsx)(rj,{src:""/peregrine/stats?strategy="".concat(W),mode:""equity""===N?""equity"":""options"",accent:aN,ink:""var(--prg-ink)"",bull:""var(--prg-bull)"",bear:""var(--prg-bear)"",t:h}),(0,r.jsx)(ry,{src:""/peregrine/plcurve?strategy="".concat(W),mode:""equity""===N?""equity"":""options"",accent:aN,ink:""var(--prg-ink)"",bull:""var(--prg-bull)"",bear:""var(--prg-bear)"",t:h}),(0,r.jsx)(""div"",{className:""mt-2.5"",children:ey(""Peregrine stream"",eo.length?""Lifecycle \xb7","whales"":q.length?""Boards \xb7 Breadth \xb7 Lifecycle"":void 0)}),(0,r.jsxs)(""div"",{className:""talon-noscroll flex min-h-0 flex-1 flex-col overflow-y-auto"",style:{overflowAnchor:""none"",scrollbarWidth:""none""},children:[eo.map((e,t)=>(0,r.jsxs)(""div"",{className:""flex gap-2.5 py-2"",style:{borderBottom:""1px solid rgba(var(--prg-ink),0.05)"",animation:""talonFin .45s ease""},children:[(0,r.jsx)(""span"",{className:""grid flex-none place-items-center overflow-hidden rounded-[7px]"",style:{width:27,height:27,background:""rgba(var(--prg-ink),0.04)"",border:""1px solid rgba(var(--prg-ink),0.05)""},children:(0,r.jsx)(""img"",{src:""/agent-logos/flowseeker.png"",alt:"""",style:{width:21,height:21,objectFit:""contain""},on"
1536-064f08115df39c50.js,talon,94,125,392419,1,talon,""",{children:[""avg max "",(0,r.jsxs)(""b"",{style:{color:h.textSecondary},children:[""+"",em.avg_max,""%""]})]})]})]}),A&&(0,r.jsxs)(r.Fragment,{children:[(0,r.jsx)(rj,{src:""/peregrine/stats?strategy="".concat(W),mode:""equity""===N?""equity"":""options"",accent:aN,ink:""var(--prg-ink)"",bull:""var(--prg-bull)"",bear:""var(--prg-bear)"",t:h}),(0,r.jsx)(ry,{src:""/peregrine/plcurve?strategy="".concat(W),mode:""equity""===N?""equity"":""options"",accent:aN,ink:""var(--prg-ink)"",bull:""var(--prg-bull)"",bear:""var(--prg-bear)"",t:h}),(0,r.jsx)(""div"",{className:""mt-2.5"",children:ey(""Peregrine stream"",eo.length?""Lifecycle \xb7 Flowseeker whales"":q.length?""Boards \xb7 Breadth \xb7 Lifecycle"":void 0)}),(0,r.jsxs)(""div"",{className:""","-noscroll flex min-h-0 flex-1 flex-col overflow-y-auto"",style:{overflowAnchor:""none"",scrollbarWidth:""none""},children:[eo.map((e,t)=>(0,r.jsxs)(""div"",{className:""flex gap-2.5 py-2"",style:{borderBottom:""1px solid rgba(var(--prg-ink),0.05)"",animation:""talonFin .45s ease""},children:[(0,r.jsx)(""span"",{className:""grid flex-none place-items-center overflow-hidden rounded-[7px]"",style:{width:27,height:27,background:""rgba(var(--prg-ink),0.04)"",border:""1px solid rgba(var(--prg-ink),0.05)""},children:(0,r.jsx)(""img"",{src:""/agent-logos/flowseeker.png"",alt:"""",style:{width:21,height:21,objectFit:""contain""},onError:e=>{e.currentTarget.style.display=""none""}})}),(0,r.jsxs)(""div"",{className:""min-w-0 flex-1"",ch"
1536-064f08115df39c50.js,flowseeker,21,39,392953,1,flowseeker,"2.5"",children:ey(""Peregrine stream"",eo.length?""Lifecycle \xb7 Flowseeker whales"":q.length?""Boards \xb7 Breadth \xb7 Lifecycle"":void 0)}),(0,r.jsxs)(""div"",{className:""talon-noscroll flex min-h-0 flex-1 flex-col overflow-y-auto"",style:{overflowAnchor:""none"",scrollbarWidth:""none""},children:[eo.map((e,t)=>(0,r.jsxs)(""div"",{className:""flex gap-2.5 py-2"",style:{borderBottom:""1px solid rgba(var(--prg-ink),0.05)"",animation:""talonFin .45s ease""},children:[(0,r.jsx)(""span"",{className:""grid flex-none place-items-center overflow-hidden rounded-[7px]"",style:{width:27,height:27,background:""rgba(var(--prg-ink),0.04)"",border:""1px solid rgba(var(--prg-ink),0.05)""},children:(0,r.jsx)(""img"",{src:""/agent-logos/",".png"",alt:"""",style:{width:21,height:21,objectFit:""contain""},onError:e=>{e.currentTarget.style.display=""none""}})}),(0,r.jsxs)(""div"",{className:""min-w-0 flex-1"",children:[(0,r.jsxs)(""div"",{className:""flex items-baseline gap-1.5"",children:[(0,r.jsx)(""span"",{style:{fontSize:12,fontWeight:500,color:h.textPrimary},children:""Flowseeker""}),(0,r.jsx)(""span"",{className:""rounded px-1"",style:{fontSize:8.5,fontWeight:700,letterSpacing:""0.06em"",color:aN,border:""1px solid rgba(var(--prg-accent-rgb),0.3)""},children:e.tier.toUpperCase()}),(0,r.jsx)(""span"",{className:""ml-auto"",style:{fontSize:9,color:h.textMuted,fontFamily:""var(--font-mono, monospace)""},children:e.time})]}),(0,r.jsxs)(""div"",{className:""mt-0.5"
1536-064f08115df39c50.js,flowseeker,22,39,393283,1,Flowseeker,":""flex gap-2.5 py-2"",style:{borderBottom:""1px solid rgba(var(--prg-ink),0.05)"",animation:""talonFin .45s ease""},children:[(0,r.jsx)(""span"",{className:""grid flex-none place-items-center overflow-hidden rounded-[7px]"",style:{width:27,height:27,background:""rgba(var(--prg-ink),0.04)"",border:""1px solid rgba(var(--prg-ink),0.05)""},children:(0,r.jsx)(""img"",{src:""/agent-logos/flowseeker.png"",alt:"""",style:{width:21,height:21,objectFit:""contain""},onError:e=>{e.currentTarget.style.display=""none""}})}),(0,r.jsxs)(""div"",{className:""min-w-0 flex-1"",children:[(0,r.jsxs)(""div"",{className:""flex items-baseline gap-1.5"",children:[(0,r.jsx)(""span"",{style:{fontSize:12,fontWeight:500,color:h.textPrimary},children:""","""}),(0,r.jsx)(""span"",{className:""rounded px-1"",style:{fontSize:8.5,fontWeight:700,letterSpacing:""0.06em"",color:aN,border:""1px solid rgba(var(--prg-accent-rgb),0.3)""},children:e.tier.toUpperCase()}),(0,r.jsx)(""span"",{className:""ml-auto"",style:{fontSize:9,color:h.textMuted,fontFamily:""var(--font-mono, monospace)""},children:e.time})]}),(0,r.jsxs)(""div"",{className:""mt-0.5 leading-snug"",style:{fontSize:12,color:h.textSecondary,fontVariantNumeric:""tabular-nums""},children:[(0,r.jsx)(""b"",{style:{color:h.textPrimary},children:e.ticker}),"" "",e.strike,e.right,"" "",e.dte,""d — $"",(e.premium/1e6).toFixed(1),""M sweep""]})]})]},""fs_"".concat(e.time,""_"").concat(e.ticker,""_"").concat(t))),q.map((e,t)=>(0,r.jsxs)("
1536-064f08115df39c50.js,atlas,22,30,395816,1,Atlas,"tify-end gap-1.5 px-3.5 py-1.5"",style:{borderTop:""1px solid "".concat(h.headerBorder),fontSize:9,color:k?h.textMuted:h.liveDot},children:[(0,r.jsx)(""i"",{className:""rounded-full"",style:{width:5,height:5,background:k?h.textMuted:h.liveDot,boxShadow:k?""none"":""0 0 6px "".concat(h.liveDot)}}),ei?""CLOSED \xb7 REALIZED"":es?""ACTIVE BOOK"":k?""HISTORY \xb7 "".concat(k):eu?""LIVE"":""REPLAY \xb7 "".concat(null!=(m=null==D?void 0:D.day)?m:"""")]}),_&&(0,r.jsx)(aL,{s:_,mode:N,t:h,onClose:()=>E(null)})]})}let aO=[62,80,94];function aB(e,t,n,r){return{x:Math.min(Math.max(e,8),Math.max(window.innerWidth-n-8,8)),y:Math.min(Math.max(t,8),Math.max(window.innerHeight-r-8,8))}}let aG={heatmaps:""Heatmaps"",""skylit-charts"":""",""",trinity:""Trinity"",academy:""Academy"",livefeed:""Live Feed"",darkfeed:""Dark Feed"",compass:""Compass"",scanner:""Scanner"",alerts:""Alerts"",settings:""Settings"",""agent-terminal"":""Agents"",tradelab:""TradeLab"",leaderboard:""Leaderboard"",portal:""Portal""},aV={fontSize:""11px"",fontFamily:""inherit"",fontWeight:600,letterSpacing:""normal""};function aH(e){let{value:t,onCommit:n,format:l,prefix:o,suffix:s,width:i,ariaLabel:c,t:d,isMobile:u}=e,[p,m]=(0,a.useState)(!1),[g,h]=(0,a.useState)(""""),x=u?44:24,f={fontFamily:""var(--font-mono, monospace)"",fontVariantNumeric:""tabular-nums"",fontSize:12,color:d.textPrimary};return p?(0,r.jsxs)(""span"",{className:""inline-flex items-center"",style:{color:d.textPrimary},children:[o,"
1536-064f08115df39c50.js,talon,95,125,400883,1,talon,"e=window.visualViewport;if(!d||!y)return;let t=()=>{var t;return ed(Math.round(null!=(t=null==e?void 0:e.height)?t:window.innerHeight))};return t(),null==e||e.addEventListener(""resize"",t),null==e||e.addEventListener(""scroll"",t),window.addEventListener(""resize"",t),()=>{null==e||e.removeEventListener(""resize"",t),null==e||e.removeEventListener(""scroll"",t),window.removeEventListener(""resize"",t)}},[d,y]);let eu=(0,w.usePathname)(),ep=(0,_.x9)(null!=eu?eu:""/""),em=null!=(n=aG[ep])?n:ep,{requestBrief:eg}=(0,td.n)(),eh=n3(null!=eu?eu:""/""),ex=!!eh.pageType,ef=(0,t0.r)(e=>e.ticker),eb=(null==(t=null!=(l=eh.focusedTicker)?l:ef)?void 0:t.trim())||void 0,ey=rZ(k,c),ev=u&&!!h,ek=(null!=p?p:u)&&!!h&&G,ew=""","""===v&&!ev||(""falcon""===v||""midas""===v||""peregrine""===v||""prophet""===v)&&!ek||""glitch""===v&&!m||""live-stages""===v&&!g,ej=ev?""talon"":""glitch"",eS=ew||""prophet""===v?ej:v;if((0,a.useEffect)(()=>{""talon""===eS&&B(!0),""live-stages""===eS&&H(!0)},[eS]),(0,a.useEffect)(()=>{let e=e=>{e.ctrlKey&&!e.metaKey&&""`""===e.key&&(e.preventDefault(),e.stopPropagation(),y?E():C())};return window.addEventListener(""keydown"",e),()=>window.removeEventListener(""keydown"",e)},[y,C,E]),(0,a.useEffect)(()=>{if(!y)return;let e=()=>q((0,nd.g2)()&&(0,rK.$)(document.activeElement));e();let t=()=>{window.setTimeout(e,0)};return document.addEventListener(""focusin"",e),document.addEventListener(""focusout"",t),()=>{document.removeE"
1536-064f08115df39c50.js,falcon,28,35,400902,1,falcon,"wport;if(!d||!y)return;let t=()=>{var t;return ed(Math.round(null!=(t=null==e?void 0:e.height)?t:window.innerHeight))};return t(),null==e||e.addEventListener(""resize"",t),null==e||e.addEventListener(""scroll"",t),window.addEventListener(""resize"",t),()=>{null==e||e.removeEventListener(""resize"",t),null==e||e.removeEventListener(""scroll"",t),window.removeEventListener(""resize"",t)}},[d,y]);let eu=(0,w.usePathname)(),ep=(0,_.x9)(null!=eu?eu:""/""),em=null!=(n=aG[ep])?n:ep,{requestBrief:eg}=(0,td.n)(),eh=n3(null!=eu?eu:""/""),ex=!!eh.pageType,ef=(0,t0.r)(e=>e.ticker),eb=(null==(t=null!=(l=eh.focusedTicker)?l:ef)?void 0:t.trim())||void 0,ey=rZ(k,c),ev=u&&!!h,ek=(null!=p?p:u)&&!!h&&G,ew=""talon""===v&&!ev||(""","""===v||""midas""===v||""peregrine""===v||""prophet""===v)&&!ek||""glitch""===v&&!m||""live-stages""===v&&!g,ej=ev?""talon"":""glitch"",eS=ew||""prophet""===v?ej:v;if((0,a.useEffect)(()=>{""talon""===eS&&B(!0),""live-stages""===eS&&H(!0)},[eS]),(0,a.useEffect)(()=>{let e=e=>{e.ctrlKey&&!e.metaKey&&""`""===e.key&&(e.preventDefault(),e.stopPropagation(),y?E():C())};return window.addEventListener(""keydown"",e),()=>window.removeEventListener(""keydown"",e)},[y,C,E]),(0,a.useEffect)(()=>{if(!y)return;let e=()=>q((0,nd.g2)()&&(0,rK.$)(document.activeElement));e();let t=()=>{window.setTimeout(e,0)};return document.addEventListener(""focusin"",e),document.addEventListener(""focusout"",t),()=>{document.removeEventListener(""focusi"
1536-064f08115df39c50.js,midas,27,34,400916,1,midas,"y)return;let t=()=>{var t;return ed(Math.round(null!=(t=null==e?void 0:e.height)?t:window.innerHeight))};return t(),null==e||e.addEventListener(""resize"",t),null==e||e.addEventListener(""scroll"",t),window.addEventListener(""resize"",t),()=>{null==e||e.removeEventListener(""resize"",t),null==e||e.removeEventListener(""scroll"",t),window.removeEventListener(""resize"",t)}},[d,y]);let eu=(0,w.usePathname)(),ep=(0,_.x9)(null!=eu?eu:""/""),em=null!=(n=aG[ep])?n:ep,{requestBrief:eg}=(0,td.n)(),eh=n3(null!=eu?eu:""/""),ex=!!eh.pageType,ef=(0,t0.r)(e=>e.ticker),eb=(null==(t=null!=(l=eh.focusedTicker)?l:ef)?void 0:t.trim())||void 0,ey=rZ(k,c),ev=u&&!!h,ek=(null!=p?p:u)&&!!h&&G,ew=""talon""===v&&!ev||(""falcon""===v||""","""===v||""peregrine""===v||""prophet""===v)&&!ek||""glitch""===v&&!m||""live-stages""===v&&!g,ej=ev?""talon"":""glitch"",eS=ew||""prophet""===v?ej:v;if((0,a.useEffect)(()=>{""talon""===eS&&B(!0),""live-stages""===eS&&H(!0)},[eS]),(0,a.useEffect)(()=>{let e=e=>{e.ctrlKey&&!e.metaKey&&""`""===e.key&&(e.preventDefault(),e.stopPropagation(),y?E():C())};return window.addEventListener(""keydown"",e),()=>window.removeEventListener(""keydown"",e)},[y,C,E]),(0,a.useEffect)(()=>{if(!y)return;let e=()=>q((0,nd.g2)()&&(0,rK.$)(document.activeElement));e();let t=()=>{window.setTimeout(e,0)};return document.addEventListener(""focusin"",e),document.addEventListener(""focusout"",t),()=>{document.removeEventListener(""focusin"",e),documen"
1536-064f08115df39c50.js,talon,96,125,401013,1,talon,"ight))};return t(),null==e||e.addEventListener(""resize"",t),null==e||e.addEventListener(""scroll"",t),window.addEventListener(""resize"",t),()=>{null==e||e.removeEventListener(""resize"",t),null==e||e.removeEventListener(""scroll"",t),window.removeEventListener(""resize"",t)}},[d,y]);let eu=(0,w.usePathname)(),ep=(0,_.x9)(null!=eu?eu:""/""),em=null!=(n=aG[ep])?n:ep,{requestBrief:eg}=(0,td.n)(),eh=n3(null!=eu?eu:""/""),ex=!!eh.pageType,ef=(0,t0.r)(e=>e.ticker),eb=(null==(t=null!=(l=eh.focusedTicker)?l:ef)?void 0:t.trim())||void 0,ey=rZ(k,c),ev=u&&!!h,ek=(null!=p?p:u)&&!!h&&G,ew=""talon""===v&&!ev||(""falcon""===v||""midas""===v||""peregrine""===v||""prophet""===v)&&!ek||""glitch""===v&&!m||""live-stages""===v&&!g,ej=ev?""",""":""glitch"",eS=ew||""prophet""===v?ej:v;if((0,a.useEffect)(()=>{""talon""===eS&&B(!0),""live-stages""===eS&&H(!0)},[eS]),(0,a.useEffect)(()=>{let e=e=>{e.ctrlKey&&!e.metaKey&&""`""===e.key&&(e.preventDefault(),e.stopPropagation(),y?E():C())};return window.addEventListener(""keydown"",e),()=>window.removeEventListener(""keydown"",e)},[y,C,E]),(0,a.useEffect)(()=>{if(!y)return;let e=()=>q((0,nd.g2)()&&(0,rK.$)(document.activeElement));e();let t=()=>{window.setTimeout(e,0)};return document.addEventListener(""focusin"",e),document.addEventListener(""focusout"",t),()=>{document.removeEventListener(""focusin"",e),document.removeEventListener(""focusout"",t)}},[y]),(0,a.useEffect)(()=>{if(!y)return;let e=e=>{""Escape""=="
1536-064f08115df39c50.js,talon,97,125,401080,1,talon,"|e.addEventListener(""scroll"",t),window.addEventListener(""resize"",t),()=>{null==e||e.removeEventListener(""resize"",t),null==e||e.removeEventListener(""scroll"",t),window.removeEventListener(""resize"",t)}},[d,y]);let eu=(0,w.usePathname)(),ep=(0,_.x9)(null!=eu?eu:""/""),em=null!=(n=aG[ep])?n:ep,{requestBrief:eg}=(0,td.n)(),eh=n3(null!=eu?eu:""/""),ex=!!eh.pageType,ef=(0,t0.r)(e=>e.ticker),eb=(null==(t=null!=(l=eh.focusedTicker)?l:ef)?void 0:t.trim())||void 0,ey=rZ(k,c),ev=u&&!!h,ek=(null!=p?p:u)&&!!h&&G,ew=""talon""===v&&!ev||(""falcon""===v||""midas""===v||""peregrine""===v||""prophet""===v)&&!ek||""glitch""===v&&!m||""live-stages""===v&&!g,ej=ev?""talon"":""glitch"",eS=ew||""prophet""===v?ej:v;if((0,a.useEffect)(()=>{""","""===eS&&B(!0),""live-stages""===eS&&H(!0)},[eS]),(0,a.useEffect)(()=>{let e=e=>{e.ctrlKey&&!e.metaKey&&""`""===e.key&&(e.preventDefault(),e.stopPropagation(),y?E():C())};return window.addEventListener(""keydown"",e),()=>window.removeEventListener(""keydown"",e)},[y,C,E]),(0,a.useEffect)(()=>{if(!y)return;let e=()=>q((0,nd.g2)()&&(0,rK.$)(document.activeElement));e();let t=()=>{window.setTimeout(e,0)};return document.addEventListener(""focusin"",e),document.addEventListener(""focusout"",t),()=>{document.removeEventListener(""focusin"",e),document.removeEventListener(""focusout"",t)}},[y]),(0,a.useEffect)(()=>{if(!y)return;let e=e=>{""Escape""===e.key&&(P?D(!1):E())};return window.addEventListener(""keydown"",e),"
1536-064f08115df39c50.js,talon,98,125,409223,1,talon,"n:""none""},onDoubleClick:()=>z(null),children:(0,r.jsx)(e2.A,{size:14})}),(0,r.jsxs)(""div"",{className:""flex min-w-0 flex-1 items-center gap-2 overflow-x-auto [scrollbar-width:none] [&::-webkit-scrollbar]:hidden"",children:[(0,r.jsxs)(""div"",{className:""flex flex-shrink-0 gap-0.5 rounded-[10px] p-0.5"",style:{border:""1px solid "".concat(ey.chipBorder)},children:[m&&(0,r.jsx)(""button"",{role:""tab"",""aria-selected"":""glitch""===eS,onClick:()=>M(""glitch""),className:""cursor-pointer rounded-lg px-3 py-1"",style:{...aV,border:""none"",color:""glitch""===eS?ey.chipActiveText:ey.chipText,background:""glitch""===eS?rJ:""transparent""},children:""\uD83E\uDD77 Glitch""}),ev&&(0,r.jsx)(""button"",{role:""tab"",""aria-selected"":""","""===eS,onClick:()=>M(""talon""),className:""cursor-pointer rounded-lg px-3 py-1"",style:{...aV,border:""none"",color:""talon""===eS?""#93c5fd"":ey.chipText,background:""talon""===eS?""rgba(147, 197, 253, 0.14)"":""transparent""},children:""⌖ Talon""}),ek&&(0,r.jsxs)(r.Fragment,{children:[(0,r.jsx)(""button"",{role:""tab"",""aria-selected"":""falcon""===eS,onClick:()=>M(""falcon""),className:""cursor-pointer rounded-lg px-3 py-1"",style:{...aV,border:""none"",color:""falcon""===eS?""#fbbf24"":ey.chipText,background:""falcon""===eS?""rgba(251, 191, 36, 0.14)"":""transparent""},children:""⌰ Falcon""}),(0,r.jsx)(""button"",{role:""tab"",""aria-selected"":""midas""===eS,onClick:()=>M(""midas""),className:""cursor-pointer rounded-lg px-3 py-1"",style:{"
1536-064f08115df39c50.js,talon,99,125,409250,1,talon,">z(null),children:(0,r.jsx)(e2.A,{size:14})}),(0,r.jsxs)(""div"",{className:""flex min-w-0 flex-1 items-center gap-2 overflow-x-auto [scrollbar-width:none] [&::-webkit-scrollbar]:hidden"",children:[(0,r.jsxs)(""div"",{className:""flex flex-shrink-0 gap-0.5 rounded-[10px] p-0.5"",style:{border:""1px solid "".concat(ey.chipBorder)},children:[m&&(0,r.jsx)(""button"",{role:""tab"",""aria-selected"":""glitch""===eS,onClick:()=>M(""glitch""),className:""cursor-pointer rounded-lg px-3 py-1"",style:{...aV,border:""none"",color:""glitch""===eS?ey.chipActiveText:ey.chipText,background:""glitch""===eS?rJ:""transparent""},children:""\uD83E\uDD77 Glitch""}),ev&&(0,r.jsx)(""button"",{role:""tab"",""aria-selected"":""talon""===eS,onClick:()=>M(""","""),className:""cursor-pointer rounded-lg px-3 py-1"",style:{...aV,border:""none"",color:""talon""===eS?""#93c5fd"":ey.chipText,background:""talon""===eS?""rgba(147, 197, 253, 0.14)"":""transparent""},children:""⌖ Talon""}),ek&&(0,r.jsxs)(r.Fragment,{children:[(0,r.jsx)(""button"",{role:""tab"",""aria-selected"":""falcon""===eS,onClick:()=>M(""falcon""),className:""cursor-pointer rounded-lg px-3 py-1"",style:{...aV,border:""none"",color:""falcon""===eS?""#fbbf24"":ey.chipText,background:""falcon""===eS?""rgba(251, 191, 36, 0.14)"":""transparent""},children:""⌰ Falcon""}),(0,r.jsx)(""button"",{role:""tab"",""aria-selected"":""midas""===eS,onClick:()=>M(""midas""),className:""cursor-pointer rounded-lg px-3 py-1"",style:{...aV,border:""none"",color:"""
1536-064f08115df39c50.js,talon,100,125,409340,1,talon,"ex-1 items-center gap-2 overflow-x-auto [scrollbar-width:none] [&::-webkit-scrollbar]:hidden"",children:[(0,r.jsxs)(""div"",{className:""flex flex-shrink-0 gap-0.5 rounded-[10px] p-0.5"",style:{border:""1px solid "".concat(ey.chipBorder)},children:[m&&(0,r.jsx)(""button"",{role:""tab"",""aria-selected"":""glitch""===eS,onClick:()=>M(""glitch""),className:""cursor-pointer rounded-lg px-3 py-1"",style:{...aV,border:""none"",color:""glitch""===eS?ey.chipActiveText:ey.chipText,background:""glitch""===eS?rJ:""transparent""},children:""\uD83E\uDD77 Glitch""}),ev&&(0,r.jsx)(""button"",{role:""tab"",""aria-selected"":""talon""===eS,onClick:()=>M(""talon""),className:""cursor-pointer rounded-lg px-3 py-1"",style:{...aV,border:""none"",color:""","""===eS?""#93c5fd"":ey.chipText,background:""talon""===eS?""rgba(147, 197, 253, 0.14)"":""transparent""},children:""⌖ Talon""}),ek&&(0,r.jsxs)(r.Fragment,{children:[(0,r.jsx)(""button"",{role:""tab"",""aria-selected"":""falcon""===eS,onClick:()=>M(""falcon""),className:""cursor-pointer rounded-lg px-3 py-1"",style:{...aV,border:""none"",color:""falcon""===eS?""#fbbf24"":ey.chipText,background:""falcon""===eS?""rgba(251, 191, 36, 0.14)"":""transparent""},children:""⌰ Falcon""}),(0,r.jsx)(""button"",{role:""tab"",""aria-selected"":""midas""===eS,onClick:()=>M(""midas""),className:""cursor-pointer rounded-lg px-3 py-1"",style:{...aV,border:""none"",color:""midas""===eS?""#c4b5fd"":ey.chipText,background:""midas""===eS?""rgba(196, 181, 253, 0.14)"":""tra"
1536-064f08115df39c50.js,talon,101,125,409386,1,talon,"lbar-width:none] [&::-webkit-scrollbar]:hidden"",children:[(0,r.jsxs)(""div"",{className:""flex flex-shrink-0 gap-0.5 rounded-[10px] p-0.5"",style:{border:""1px solid "".concat(ey.chipBorder)},children:[m&&(0,r.jsx)(""button"",{role:""tab"",""aria-selected"":""glitch""===eS,onClick:()=>M(""glitch""),className:""cursor-pointer rounded-lg px-3 py-1"",style:{...aV,border:""none"",color:""glitch""===eS?ey.chipActiveText:ey.chipText,background:""glitch""===eS?rJ:""transparent""},children:""\uD83E\uDD77 Glitch""}),ev&&(0,r.jsx)(""button"",{role:""tab"",""aria-selected"":""talon""===eS,onClick:()=>M(""talon""),className:""cursor-pointer rounded-lg px-3 py-1"",style:{...aV,border:""none"",color:""talon""===eS?""#93c5fd"":ey.chipText,background:""","""===eS?""rgba(147, 197, 253, 0.14)"":""transparent""},children:""⌖ Talon""}),ek&&(0,r.jsxs)(r.Fragment,{children:[(0,r.jsx)(""button"",{role:""tab"",""aria-selected"":""falcon""===eS,onClick:()=>M(""falcon""),className:""cursor-pointer rounded-lg px-3 py-1"",style:{...aV,border:""none"",color:""falcon""===eS?""#fbbf24"":ey.chipText,background:""falcon""===eS?""rgba(251, 191, 36, 0.14)"":""transparent""},children:""⌰ Falcon""}),(0,r.jsx)(""button"",{role:""tab"",""aria-selected"":""midas""===eS,onClick:()=>M(""midas""),className:""cursor-pointer rounded-lg px-3 py-1"",style:{...aV,border:""none"",color:""midas""===eS?""#c4b5fd"":ey.chipText,background:""midas""===eS?""rgba(196, 181, 253, 0.14)"":""transparent""},children:""◈ Midas""}),(0,r.jsx)(""but"
1536-064f08115df39c50.js,talon,102,125,409453,1,Talon,")(""div"",{className:""flex flex-shrink-0 gap-0.5 rounded-[10px] p-0.5"",style:{border:""1px solid "".concat(ey.chipBorder)},children:[m&&(0,r.jsx)(""button"",{role:""tab"",""aria-selected"":""glitch""===eS,onClick:()=>M(""glitch""),className:""cursor-pointer rounded-lg px-3 py-1"",style:{...aV,border:""none"",color:""glitch""===eS?ey.chipActiveText:ey.chipText,background:""glitch""===eS?rJ:""transparent""},children:""\uD83E\uDD77 Glitch""}),ev&&(0,r.jsx)(""button"",{role:""tab"",""aria-selected"":""talon""===eS,onClick:()=>M(""talon""),className:""cursor-pointer rounded-lg px-3 py-1"",style:{...aV,border:""none"",color:""talon""===eS?""#93c5fd"":ey.chipText,background:""talon""===eS?""rgba(147, 197, 253, 0.14)"":""transparent""},children:""⌖","""}),ek&&(0,r.jsxs)(r.Fragment,{children:[(0,r.jsx)(""button"",{role:""tab"",""aria-selected"":""falcon""===eS,onClick:()=>M(""falcon""),className:""cursor-pointer rounded-lg px-3 py-1"",style:{...aV,border:""none"",color:""falcon""===eS?""#fbbf24"":ey.chipText,background:""falcon""===eS?""rgba(251, 191, 36, 0.14)"":""transparent""},children:""⌰ Falcon""}),(0,r.jsx)(""button"",{role:""tab"",""aria-selected"":""midas""===eS,onClick:()=>M(""midas""),className:""cursor-pointer rounded-lg px-3 py-1"",style:{...aV,border:""none"",color:""midas""===eS?""#c4b5fd"":ey.chipText,background:""midas""===eS?""rgba(196, 181, 253, 0.14)"":""transparent""},children:""◈ Midas""}),(0,r.jsx)(""button"",{role:""tab"",""aria-selected"":""peregrine""===eS,onClick:()=>M(""pe"
1536-064f08115df39c50.js,falcon,29,35,409547,1,falcon,""".concat(ey.chipBorder)},children:[m&&(0,r.jsx)(""button"",{role:""tab"",""aria-selected"":""glitch""===eS,onClick:()=>M(""glitch""),className:""cursor-pointer rounded-lg px-3 py-1"",style:{...aV,border:""none"",color:""glitch""===eS?ey.chipActiveText:ey.chipText,background:""glitch""===eS?rJ:""transparent""},children:""\uD83E\uDD77 Glitch""}),ev&&(0,r.jsx)(""button"",{role:""tab"",""aria-selected"":""talon""===eS,onClick:()=>M(""talon""),className:""cursor-pointer rounded-lg px-3 py-1"",style:{...aV,border:""none"",color:""talon""===eS?""#93c5fd"":ey.chipText,background:""talon""===eS?""rgba(147, 197, 253, 0.14)"":""transparent""},children:""⌖ Talon""}),ek&&(0,r.jsxs)(r.Fragment,{children:[(0,r.jsx)(""button"",{role:""tab"",""aria-selected"":""","""===eS,onClick:()=>M(""falcon""),className:""cursor-pointer rounded-lg px-3 py-1"",style:{...aV,border:""none"",color:""falcon""===eS?""#fbbf24"":ey.chipText,background:""falcon""===eS?""rgba(251, 191, 36, 0.14)"":""transparent""},children:""⌰ Falcon""}),(0,r.jsx)(""button"",{role:""tab"",""aria-selected"":""midas""===eS,onClick:()=>M(""midas""),className:""cursor-pointer rounded-lg px-3 py-1"",style:{...aV,border:""none"",color:""midas""===eS?""#c4b5fd"":ey.chipText,background:""midas""===eS?""rgba(196, 181, 253, 0.14)"":""transparent""},children:""◈ Midas""}),(0,r.jsx)(""button"",{role:""tab"",""aria-selected"":""peregrine""===eS,onClick:()=>M(""peregrine""),className:""cursor-pointer rounded-lg px-3 py-1"",style:{...aV,border:""none"",color:""per"
1536-064f08115df39c50.js,falcon,30,35,409575,1,falcon,"ldren:[m&&(0,r.jsx)(""button"",{role:""tab"",""aria-selected"":""glitch""===eS,onClick:()=>M(""glitch""),className:""cursor-pointer rounded-lg px-3 py-1"",style:{...aV,border:""none"",color:""glitch""===eS?ey.chipActiveText:ey.chipText,background:""glitch""===eS?rJ:""transparent""},children:""\uD83E\uDD77 Glitch""}),ev&&(0,r.jsx)(""button"",{role:""tab"",""aria-selected"":""talon""===eS,onClick:()=>M(""talon""),className:""cursor-pointer rounded-lg px-3 py-1"",style:{...aV,border:""none"",color:""talon""===eS?""#93c5fd"":ey.chipText,background:""talon""===eS?""rgba(147, 197, 253, 0.14)"":""transparent""},children:""⌖ Talon""}),ek&&(0,r.jsxs)(r.Fragment,{children:[(0,r.jsx)(""button"",{role:""tab"",""aria-selected"":""falcon""===eS,onClick:()=>M(""","""),className:""cursor-pointer rounded-lg px-3 py-1"",style:{...aV,border:""none"",color:""falcon""===eS?""#fbbf24"":ey.chipText,background:""falcon""===eS?""rgba(251, 191, 36, 0.14)"":""transparent""},children:""⌰ Falcon""}),(0,r.jsx)(""button"",{role:""tab"",""aria-selected"":""midas""===eS,onClick:()=>M(""midas""),className:""cursor-pointer rounded-lg px-3 py-1"",style:{...aV,border:""none"",color:""midas""===eS?""#c4b5fd"":ey.chipText,background:""midas""===eS?""rgba(196, 181, 253, 0.14)"":""transparent""},children:""◈ Midas""}),(0,r.jsx)(""button"",{role:""tab"",""aria-selected"":""peregrine""===eS,onClick:()=>M(""peregrine""),className:""cursor-pointer rounded-lg px-3 py-1"",style:{...aV,border:""none"",color:""peregrine""===eS?""#facc15"":ey.ch"
1536-064f08115df39c50.js,falcon,31,35,409666,1,falcon,"h""),className:""cursor-pointer rounded-lg px-3 py-1"",style:{...aV,border:""none"",color:""glitch""===eS?ey.chipActiveText:ey.chipText,background:""glitch""===eS?rJ:""transparent""},children:""\uD83E\uDD77 Glitch""}),ev&&(0,r.jsx)(""button"",{role:""tab"",""aria-selected"":""talon""===eS,onClick:()=>M(""talon""),className:""cursor-pointer rounded-lg px-3 py-1"",style:{...aV,border:""none"",color:""talon""===eS?""#93c5fd"":ey.chipText,background:""talon""===eS?""rgba(147, 197, 253, 0.14)"":""transparent""},children:""⌖ Talon""}),ek&&(0,r.jsxs)(r.Fragment,{children:[(0,r.jsx)(""button"",{role:""tab"",""aria-selected"":""falcon""===eS,onClick:()=>M(""falcon""),className:""cursor-pointer rounded-lg px-3 py-1"",style:{...aV,border:""none"",color:""","""===eS?""#fbbf24"":ey.chipText,background:""falcon""===eS?""rgba(251, 191, 36, 0.14)"":""transparent""},children:""⌰ Falcon""}),(0,r.jsx)(""button"",{role:""tab"",""aria-selected"":""midas""===eS,onClick:()=>M(""midas""),className:""cursor-pointer rounded-lg px-3 py-1"",style:{...aV,border:""none"",color:""midas""===eS?""#c4b5fd"":ey.chipText,background:""midas""===eS?""rgba(196, 181, 253, 0.14)"":""transparent""},children:""◈ Midas""}),(0,r.jsx)(""button"",{role:""tab"",""aria-selected"":""peregrine""===eS,onClick:()=>M(""peregrine""),className:""cursor-pointer rounded-lg px-3 py-1"",style:{...aV,border:""none"",color:""peregrine""===eS?""#facc15"":ey.chipText,background:""peregrine""===eS?""rgba(250, 204, 21, 0.14)"":""transparent""},children:""⟢ Pe"
1536-064f08115df39c50.js,falcon,32,35,409713,1,falcon,"y-1"",style:{...aV,border:""none"",color:""glitch""===eS?ey.chipActiveText:ey.chipText,background:""glitch""===eS?rJ:""transparent""},children:""\uD83E\uDD77 Glitch""}),ev&&(0,r.jsx)(""button"",{role:""tab"",""aria-selected"":""talon""===eS,onClick:()=>M(""talon""),className:""cursor-pointer rounded-lg px-3 py-1"",style:{...aV,border:""none"",color:""talon""===eS?""#93c5fd"":ey.chipText,background:""talon""===eS?""rgba(147, 197, 253, 0.14)"":""transparent""},children:""⌖ Talon""}),ek&&(0,r.jsxs)(r.Fragment,{children:[(0,r.jsx)(""button"",{role:""tab"",""aria-selected"":""falcon""===eS,onClick:()=>M(""falcon""),className:""cursor-pointer rounded-lg px-3 py-1"",style:{...aV,border:""none"",color:""falcon""===eS?""#fbbf24"":ey.chipText,background:""","""===eS?""rgba(251, 191, 36, 0.14)"":""transparent""},children:""⌰ Falcon""}),(0,r.jsx)(""button"",{role:""tab"",""aria-selected"":""midas""===eS,onClick:()=>M(""midas""),className:""cursor-pointer rounded-lg px-3 py-1"",style:{...aV,border:""none"",color:""midas""===eS?""#c4b5fd"":ey.chipText,background:""midas""===eS?""rgba(196, 181, 253, 0.14)"":""transparent""},children:""◈ Midas""}),(0,r.jsx)(""button"",{role:""tab"",""aria-selected"":""peregrine""===eS,onClick:()=>M(""peregrine""),className:""cursor-pointer rounded-lg px-3 py-1"",style:{...aV,border:""none"",color:""peregrine""===eS?""#facc15"":ey.chipText,background:""peregrine""===eS?""rgba(250, 204, 21, 0.14)"":""transparent""},children:""⟢ Peregrine""})]}),g&&(0,r.jsxs)(""button"",{role:""tab"
1536-064f08115df39c50.js,falcon,33,35,409780,1,Falcon,"xt:ey.chipText,background:""glitch""===eS?rJ:""transparent""},children:""\uD83E\uDD77 Glitch""}),ev&&(0,r.jsx)(""button"",{role:""tab"",""aria-selected"":""talon""===eS,onClick:()=>M(""talon""),className:""cursor-pointer rounded-lg px-3 py-1"",style:{...aV,border:""none"",color:""talon""===eS?""#93c5fd"":ey.chipText,background:""talon""===eS?""rgba(147, 197, 253, 0.14)"":""transparent""},children:""⌖ Talon""}),ek&&(0,r.jsxs)(r.Fragment,{children:[(0,r.jsx)(""button"",{role:""tab"",""aria-selected"":""falcon""===eS,onClick:()=>M(""falcon""),className:""cursor-pointer rounded-lg px-3 py-1"",style:{...aV,border:""none"",color:""falcon""===eS?""#fbbf24"":ey.chipText,background:""falcon""===eS?""rgba(251, 191, 36, 0.14)"":""transparent""},children:""⌰","""}),(0,r.jsx)(""button"",{role:""tab"",""aria-selected"":""midas""===eS,onClick:()=>M(""midas""),className:""cursor-pointer rounded-lg px-3 py-1"",style:{...aV,border:""none"",color:""midas""===eS?""#c4b5fd"":ey.chipText,background:""midas""===eS?""rgba(196, 181, 253, 0.14)"":""transparent""},children:""◈ Midas""}),(0,r.jsx)(""button"",{role:""tab"",""aria-selected"":""peregrine""===eS,onClick:()=>M(""peregrine""),className:""cursor-pointer rounded-lg px-3 py-1"",style:{...aV,border:""none"",color:""peregrine""===eS?""#facc15"":ey.chipText,background:""peregrine""===eS?""rgba(250, 204, 21, 0.14)"":""transparent""},children:""⟢ Peregrine""})]}),g&&(0,r.jsxs)(""button"",{role:""tab"",""aria-selected"":""live-stages""===eS,onClick:()=>M(""live-stages""),c"
1536-064f08115df39c50.js,midas,28,34,409838,1,midas,"children:""\uD83E\uDD77 Glitch""}),ev&&(0,r.jsx)(""button"",{role:""tab"",""aria-selected"":""talon""===eS,onClick:()=>M(""talon""),className:""cursor-pointer rounded-lg px-3 py-1"",style:{...aV,border:""none"",color:""talon""===eS?""#93c5fd"":ey.chipText,background:""talon""===eS?""rgba(147, 197, 253, 0.14)"":""transparent""},children:""⌖ Talon""}),ek&&(0,r.jsxs)(r.Fragment,{children:[(0,r.jsx)(""button"",{role:""tab"",""aria-selected"":""falcon""===eS,onClick:()=>M(""falcon""),className:""cursor-pointer rounded-lg px-3 py-1"",style:{...aV,border:""none"",color:""falcon""===eS?""#fbbf24"":ey.chipText,background:""falcon""===eS?""rgba(251, 191, 36, 0.14)"":""transparent""},children:""⌰ Falcon""}),(0,r.jsx)(""button"",{role:""tab"",""aria-selected"":""","""===eS,onClick:()=>M(""midas""),className:""cursor-pointer rounded-lg px-3 py-1"",style:{...aV,border:""none"",color:""midas""===eS?""#c4b5fd"":ey.chipText,background:""midas""===eS?""rgba(196, 181, 253, 0.14)"":""transparent""},children:""◈ Midas""}),(0,r.jsx)(""button"",{role:""tab"",""aria-selected"":""peregrine""===eS,onClick:()=>M(""peregrine""),className:""cursor-pointer rounded-lg px-3 py-1"",style:{...aV,border:""none"",color:""peregrine""===eS?""#facc15"":ey.chipText,background:""peregrine""===eS?""rgba(250, 204, 21, 0.14)"":""transparent""},children:""⟢ Peregrine""})]}),g&&(0,r.jsxs)(""button"",{role:""tab"",""aria-selected"":""live-stages""===eS,onClick:()=>M(""live-stages""),className:""flex cursor-pointer items-center gap-1 rounded-"
1536-064f08115df39c50.js,midas,29,34,409865,1,midas,"ch""}),ev&&(0,r.jsx)(""button"",{role:""tab"",""aria-selected"":""talon""===eS,onClick:()=>M(""talon""),className:""cursor-pointer rounded-lg px-3 py-1"",style:{...aV,border:""none"",color:""talon""===eS?""#93c5fd"":ey.chipText,background:""talon""===eS?""rgba(147, 197, 253, 0.14)"":""transparent""},children:""⌖ Talon""}),ek&&(0,r.jsxs)(r.Fragment,{children:[(0,r.jsx)(""button"",{role:""tab"",""aria-selected"":""falcon""===eS,onClick:()=>M(""falcon""),className:""cursor-pointer rounded-lg px-3 py-1"",style:{...aV,border:""none"",color:""falcon""===eS?""#fbbf24"":ey.chipText,background:""falcon""===eS?""rgba(251, 191, 36, 0.14)"":""transparent""},children:""⌰ Falcon""}),(0,r.jsx)(""button"",{role:""tab"",""aria-selected"":""midas""===eS,onClick:()=>M(""","""),className:""cursor-pointer rounded-lg px-3 py-1"",style:{...aV,border:""none"",color:""midas""===eS?""#c4b5fd"":ey.chipText,background:""midas""===eS?""rgba(196, 181, 253, 0.14)"":""transparent""},children:""◈ Midas""}),(0,r.jsx)(""button"",{role:""tab"",""aria-selected"":""peregrine""===eS,onClick:()=>M(""peregrine""),className:""cursor-pointer rounded-lg px-3 py-1"",style:{...aV,border:""none"",color:""peregrine""===eS?""#facc15"":ey.chipText,background:""peregrine""===eS?""rgba(250, 204, 21, 0.14)"":""transparent""},children:""⟢ Peregrine""})]}),g&&(0,r.jsxs)(""button"",{role:""tab"",""aria-selected"":""live-stages""===eS,onClick:()=>M(""live-stages""),className:""flex cursor-pointer items-center gap-1 rounded-lg px-3 py-1"",style:{...aV,"
1536-064f08115df39c50.js,midas,30,34,409955,1,midas,"""),className:""cursor-pointer rounded-lg px-3 py-1"",style:{...aV,border:""none"",color:""talon""===eS?""#93c5fd"":ey.chipText,background:""talon""===eS?""rgba(147, 197, 253, 0.14)"":""transparent""},children:""⌖ Talon""}),ek&&(0,r.jsxs)(r.Fragment,{children:[(0,r.jsx)(""button"",{role:""tab"",""aria-selected"":""falcon""===eS,onClick:()=>M(""falcon""),className:""cursor-pointer rounded-lg px-3 py-1"",style:{...aV,border:""none"",color:""falcon""===eS?""#fbbf24"":ey.chipText,background:""falcon""===eS?""rgba(251, 191, 36, 0.14)"":""transparent""},children:""⌰ Falcon""}),(0,r.jsx)(""button"",{role:""tab"",""aria-selected"":""midas""===eS,onClick:()=>M(""midas""),className:""cursor-pointer rounded-lg px-3 py-1"",style:{...aV,border:""none"",color:""","""===eS?""#c4b5fd"":ey.chipText,background:""midas""===eS?""rgba(196, 181, 253, 0.14)"":""transparent""},children:""◈ Midas""}),(0,r.jsx)(""button"",{role:""tab"",""aria-selected"":""peregrine""===eS,onClick:()=>M(""peregrine""),className:""cursor-pointer rounded-lg px-3 py-1"",style:{...aV,border:""none"",color:""peregrine""===eS?""#facc15"":ey.chipText,background:""peregrine""===eS?""rgba(250, 204, 21, 0.14)"":""transparent""},children:""⟢ Peregrine""})]}),g&&(0,r.jsxs)(""button"",{role:""tab"",""aria-selected"":""live-stages""===eS,onClick:()=>M(""live-stages""),className:""flex cursor-pointer items-center gap-1 rounded-lg px-3 py-1"",style:{...aV,border:""none"",color:""live-stages""===eS?""#34d399"":ey.chipText,background:""live-stages""===eS"
1536-064f08115df39c50.js,midas,31,34,410001,1,midas,"y-1"",style:{...aV,border:""none"",color:""talon""===eS?""#93c5fd"":ey.chipText,background:""talon""===eS?""rgba(147, 197, 253, 0.14)"":""transparent""},children:""⌖ Talon""}),ek&&(0,r.jsxs)(r.Fragment,{children:[(0,r.jsx)(""button"",{role:""tab"",""aria-selected"":""falcon""===eS,onClick:()=>M(""falcon""),className:""cursor-pointer rounded-lg px-3 py-1"",style:{...aV,border:""none"",color:""falcon""===eS?""#fbbf24"":ey.chipText,background:""falcon""===eS?""rgba(251, 191, 36, 0.14)"":""transparent""},children:""⌰ Falcon""}),(0,r.jsx)(""button"",{role:""tab"",""aria-selected"":""midas""===eS,onClick:()=>M(""midas""),className:""cursor-pointer rounded-lg px-3 py-1"",style:{...aV,border:""none"",color:""midas""===eS?""#c4b5fd"":ey.chipText,background:""","""===eS?""rgba(196, 181, 253, 0.14)"":""transparent""},children:""◈ Midas""}),(0,r.jsx)(""button"",{role:""tab"",""aria-selected"":""peregrine""===eS,onClick:()=>M(""peregrine""),className:""cursor-pointer rounded-lg px-3 py-1"",style:{...aV,border:""none"",color:""peregrine""===eS?""#facc15"":ey.chipText,background:""peregrine""===eS?""rgba(250, 204, 21, 0.14)"":""transparent""},children:""⟢ Peregrine""})]}),g&&(0,r.jsxs)(""button"",{role:""tab"",""aria-selected"":""live-stages""===eS,onClick:()=>M(""live-stages""),className:""flex cursor-pointer items-center gap-1 rounded-lg px-3 py-1"",style:{...aV,border:""none"",color:""live-stages""===eS?""#34d399"":ey.chipText,background:""live-stages""===eS?""rgba(52, 211, 153, 0.14)"":""transparent""},chi"
1536-064f08115df39c50.js,midas,32,34,410068,1,Midas,"pText,background:""talon""===eS?""rgba(147, 197, 253, 0.14)"":""transparent""},children:""⌖ Talon""}),ek&&(0,r.jsxs)(r.Fragment,{children:[(0,r.jsx)(""button"",{role:""tab"",""aria-selected"":""falcon""===eS,onClick:()=>M(""falcon""),className:""cursor-pointer rounded-lg px-3 py-1"",style:{...aV,border:""none"",color:""falcon""===eS?""#fbbf24"":ey.chipText,background:""falcon""===eS?""rgba(251, 191, 36, 0.14)"":""transparent""},children:""⌰ Falcon""}),(0,r.jsx)(""button"",{role:""tab"",""aria-selected"":""midas""===eS,onClick:()=>M(""midas""),className:""cursor-pointer rounded-lg px-3 py-1"",style:{...aV,border:""none"",color:""midas""===eS?""#c4b5fd"":ey.chipText,background:""midas""===eS?""rgba(196, 181, 253, 0.14)"":""transparent""},children:""◈","""}),(0,r.jsx)(""button"",{role:""tab"",""aria-selected"":""peregrine""===eS,onClick:()=>M(""peregrine""),className:""cursor-pointer rounded-lg px-3 py-1"",style:{...aV,border:""none"",color:""peregrine""===eS?""#facc15"":ey.chipText,background:""peregrine""===eS?""rgba(250, 204, 21, 0.14)"":""transparent""},children:""⟢ Peregrine""})]}),g&&(0,r.jsxs)(""button"",{role:""tab"",""aria-selected"":""live-stages""===eS,onClick:()=>M(""live-stages""),className:""flex cursor-pointer items-center gap-1 rounded-lg px-3 py-1"",style:{...aV,border:""none"",color:""live-stages""===eS?""#34d399"":ey.chipText,background:""live-stages""===eS?""rgba(52, 211, 153, 0.14)"":""transparent""},children:[(0,r.jsx)(e5.A,{size:13}),""Live Stages""]})]}),!d&&(0,r.jsxs)"
1536-064f08115df39c50.js,talon,103,125,411260,1,talon,"le:{...aV,border:""none"",color:""live-stages""===eS?""#34d399"":ey.chipText,background:""live-stages""===eS?""rgba(52, 211, 153, 0.14)"":""transparent""},children:[(0,r.jsx)(e5.A,{size:13}),""Live Stages""]})]}),!d&&(0,r.jsxs)(""span"",{""data-testid"":""companion-context-chip"",title:""What the agent can see"",className:""flex min-w-0 items-center gap-1 rounded-full px-2 py-0.5"",style:{fontSize:""10px"",color:ey.textMuted,border:""1px solid "".concat(ey.chipBorder)},children:[(0,r.jsx)(e4.A,{size:11,className:""flex-shrink-0""}),(0,r.jsx)(""span"",{className:""min-w-0 truncate"",children:eb?"""".concat(eb,"" \xb7 "").concat(em):em})]})]}),(0,r.jsxs)(""div"",{className:""relative flex flex-shrink-0 items-center gap-1"",children:[""","""===eS&&(0,r.jsxs)(""button"",{onClick:()=>eg(),disabled:!ex,""aria-label"":""Brief me on the current view"",title:ex?""Brief me on the current view"":""Open a heatmap, chart, or setup to brief"",className:""flex cursor-pointer items-center gap-1 rounded-md border-none bg-transparent px-1.5 py-1 transition-opacity disabled:cursor-not-allowed"",style:{color:ey.textMuted,opacity:ex?1:.45},children:[(0,r.jsx)(e3.A,{size:14}),!d&&(0,r.jsx)(""span"",{style:{fontSize:""11px""},children:""Brief""})]}),(0,r.jsx)(""button"",{ref:K,onClick:()=>D(e=>!e),""aria-label"":""Widget options"",""aria-haspopup"":""menu"",""aria-expanded"":P,className:""cursor-pointer border-none bg-transparent p-1"",style:{color:ey.textMuted},children:(0,r.j"
1536-064f08115df39c50.js,falcon,34,35,412929,1,falcon,"y,border:""1px solid "".concat(ey.chipBorder),padding:0},children:(0,r.jsx)(o.A,{size:16})}),(0,r.jsxs)(rU,{anchorRef:K,open:P,onClose:()=>D(!1),isDark:c,borderColor:ey.panelBorder,shadow:ey.panelShadow,children:[(0,r.jsx)(""button"",{role:""menuitem"",onClick:()=>{W(),D(!1)},className:""w-full cursor-pointer rounded-lg border-none bg-transparent px-3 py-1.5 text-left"",style:{fontSize:""11px"",color:ey.textMuted},children:""Reset panel""}),(0,r.jsx)(""button"",{role:""menuitem"",onClick:()=>{I(!0),D(!1),E()},className:""w-full cursor-pointer rounded-lg border-none bg-transparent px-3 py-1.5 text-left"",style:{fontSize:""11px"",color:ey.textMuted},children:u?""Hide bubble for now"":""Hide bubble""})]})]})]}),ek&&(""","""===eS||""midas""===eS||""peregrine""===eS)&&(0,r.jsx)(aK,{t:ey,isMobile:d}),(0,r.jsxs)(""div"",{className:""min-h-0 flex-1"",children:[m&&(0,r.jsx)(""div"",{className:""h-full"",style:{display:""glitch""===eS?void 0:""none""},children:(0,r.jsx)(at,{isDark:c,variant:k,currentSymbol:eb,boostContrast:eL})}),ev&&O&&h&&(0,r.jsx)(""div"",{className:""h-full"",style:{display:""talon""===eS?void 0:""none""},children:(0,r.jsx)(rm,{isDark:c,theme:h,isMobile:d,isMono:x,accentColor:f,embedded:!0,embeddedBackgroundOpacity:N,isActiveTab:""talon""===eS,onTalonAckDecline:E})}),ek&&h&&""falcon""===eS&&(0,r.jsx)(""div"",{className:""h-full"",children:(0,r.jsx)(rV,{theme:ey,isDark:c,isMono:x||""mono""===k,panelOpacity:N,panelBlur:T,appTheme:n"
1536-064f08115df39c50.js,midas,33,34,412944,1,midas,"olid "".concat(ey.chipBorder),padding:0},children:(0,r.jsx)(o.A,{size:16})}),(0,r.jsxs)(rU,{anchorRef:K,open:P,onClose:()=>D(!1),isDark:c,borderColor:ey.panelBorder,shadow:ey.panelShadow,children:[(0,r.jsx)(""button"",{role:""menuitem"",onClick:()=>{W(),D(!1)},className:""w-full cursor-pointer rounded-lg border-none bg-transparent px-3 py-1.5 text-left"",style:{fontSize:""11px"",color:ey.textMuted},children:""Reset panel""}),(0,r.jsx)(""button"",{role:""menuitem"",onClick:()=>{I(!0),D(!1),E()},className:""w-full cursor-pointer rounded-lg border-none bg-transparent px-3 py-1.5 text-left"",style:{fontSize:""11px"",color:ey.textMuted},children:u?""Hide bubble for now"":""Hide bubble""})]})]})]}),ek&&(""falcon""===eS||""","""===eS||""peregrine""===eS)&&(0,r.jsx)(aK,{t:ey,isMobile:d}),(0,r.jsxs)(""div"",{className:""min-h-0 flex-1"",children:[m&&(0,r.jsx)(""div"",{className:""h-full"",style:{display:""glitch""===eS?void 0:""none""},children:(0,r.jsx)(at,{isDark:c,variant:k,currentSymbol:eb,boostContrast:eL})}),ev&&O&&h&&(0,r.jsx)(""div"",{className:""h-full"",style:{display:""talon""===eS?void 0:""none""},children:(0,r.jsx)(rm,{isDark:c,theme:h,isMobile:d,isMono:x,accentColor:f,embedded:!0,embeddedBackgroundOpacity:N,isActiveTab:""talon""===eS,onTalonAckDecline:E})}),ek&&h&&""falcon""===eS&&(0,r.jsx)(""div"",{className:""h-full"",children:(0,r.jsx)(rV,{theme:ey,isDark:c,isMono:x||""mono""===k,panelOpacity:N,panelBlur:T,appTheme:null!=h?h:void"
1536-064f08115df39c50.js,talon,104,125,413288,1,talon,"left"",style:{fontSize:""11px"",color:ey.textMuted},children:""Reset panel""}),(0,r.jsx)(""button"",{role:""menuitem"",onClick:()=>{I(!0),D(!1),E()},className:""w-full cursor-pointer rounded-lg border-none bg-transparent px-3 py-1.5 text-left"",style:{fontSize:""11px"",color:ey.textMuted},children:u?""Hide bubble for now"":""Hide bubble""})]})]})]}),ek&&(""falcon""===eS||""midas""===eS||""peregrine""===eS)&&(0,r.jsx)(aK,{t:ey,isMobile:d}),(0,r.jsxs)(""div"",{className:""min-h-0 flex-1"",children:[m&&(0,r.jsx)(""div"",{className:""h-full"",style:{display:""glitch""===eS?void 0:""none""},children:(0,r.jsx)(at,{isDark:c,variant:k,currentSymbol:eb,boostContrast:eL})}),ev&&O&&h&&(0,r.jsx)(""div"",{className:""h-full"",style:{display:""","""===eS?void 0:""none""},children:(0,r.jsx)(rm,{isDark:c,theme:h,isMobile:d,isMono:x,accentColor:f,embedded:!0,embeddedBackgroundOpacity:N,isActiveTab:""talon""===eS,onTalonAckDecline:E})}),ek&&h&&""falcon""===eS&&(0,r.jsx)(""div"",{className:""h-full"",children:(0,r.jsx)(rV,{theme:ey,isDark:c,isMono:x||""mono""===k,panelOpacity:N,panelBlur:T,appTheme:null!=h?h:void 0})}),ek&&h&&""peregrine""===eS&&(0,r.jsx)(""div"",{className:""h-full"",children:(0,r.jsx)(aq,{theme:ey,isDark:c,isMono:x||""mono""===k,panelBlur:T})}),ek&&h&&""midas""===eS&&(0,r.jsx)(""div"",{className:""h-full"",children:(0,r.jsx)(aj,{theme:ey,isDark:c,isMono:x||""mono""===k,panelBlur:T})}),g&&V&&h&&(0,r.jsx)(""div"",{className:""h-full"",style:{display:""liv"
1536-064f08115df39c50.js,talon,105,125,413442,1,talon,"ull cursor-pointer rounded-lg border-none bg-transparent px-3 py-1.5 text-left"",style:{fontSize:""11px"",color:ey.textMuted},children:u?""Hide bubble for now"":""Hide bubble""})]})]})]}),ek&&(""falcon""===eS||""midas""===eS||""peregrine""===eS)&&(0,r.jsx)(aK,{t:ey,isMobile:d}),(0,r.jsxs)(""div"",{className:""min-h-0 flex-1"",children:[m&&(0,r.jsx)(""div"",{className:""h-full"",style:{display:""glitch""===eS?void 0:""none""},children:(0,r.jsx)(at,{isDark:c,variant:k,currentSymbol:eb,boostContrast:eL})}),ev&&O&&h&&(0,r.jsx)(""div"",{className:""h-full"",style:{display:""talon""===eS?void 0:""none""},children:(0,r.jsx)(rm,{isDark:c,theme:h,isMobile:d,isMono:x,accentColor:f,embedded:!0,embeddedBackgroundOpacity:N,isActiveTab:""","""===eS,onTalonAckDecline:E})}),ek&&h&&""falcon""===eS&&(0,r.jsx)(""div"",{className:""h-full"",children:(0,r.jsx)(rV,{theme:ey,isDark:c,isMono:x||""mono""===k,panelOpacity:N,panelBlur:T,appTheme:null!=h?h:void 0})}),ek&&h&&""peregrine""===eS&&(0,r.jsx)(""div"",{className:""h-full"",children:(0,r.jsx)(aq,{theme:ey,isDark:c,isMono:x||""mono""===k,panelBlur:T})}),ek&&h&&""midas""===eS&&(0,r.jsx)(""div"",{className:""h-full"",children:(0,r.jsx)(aj,{theme:ey,isDark:c,isMono:x||""mono""===k,panelBlur:T})}),g&&V&&h&&(0,r.jsx)(""div"",{className:""h-full"",style:{display:""live-stages""===eS?void 0:""none""},children:(0,r.jsx)(rH.A,{isDark:c,theme:h,isMobile:d})})]}),""talon""!==eS&&h&&(0,r.jsx)(""div"",{className:""flex flex-shrink-0"
1536-064f08115df39c50.js,falcon,35,35,413486,1,falcon,"-transparent px-3 py-1.5 text-left"",style:{fontSize:""11px"",color:ey.textMuted},children:u?""Hide bubble for now"":""Hide bubble""})]})]})]}),ek&&(""falcon""===eS||""midas""===eS||""peregrine""===eS)&&(0,r.jsx)(aK,{t:ey,isMobile:d}),(0,r.jsxs)(""div"",{className:""min-h-0 flex-1"",children:[m&&(0,r.jsx)(""div"",{className:""h-full"",style:{display:""glitch""===eS?void 0:""none""},children:(0,r.jsx)(at,{isDark:c,variant:k,currentSymbol:eb,boostContrast:eL})}),ev&&O&&h&&(0,r.jsx)(""div"",{className:""h-full"",style:{display:""talon""===eS?void 0:""none""},children:(0,r.jsx)(rm,{isDark:c,theme:h,isMobile:d,isMono:x,accentColor:f,embedded:!0,embeddedBackgroundOpacity:N,isActiveTab:""talon""===eS,onTalonAckDecline:E})}),ek&&h&&""","""===eS&&(0,r.jsx)(""div"",{className:""h-full"",children:(0,r.jsx)(rV,{theme:ey,isDark:c,isMono:x||""mono""===k,panelOpacity:N,panelBlur:T,appTheme:null!=h?h:void 0})}),ek&&h&&""peregrine""===eS&&(0,r.jsx)(""div"",{className:""h-full"",children:(0,r.jsx)(aq,{theme:ey,isDark:c,isMono:x||""mono""===k,panelBlur:T})}),ek&&h&&""midas""===eS&&(0,r.jsx)(""div"",{className:""h-full"",children:(0,r.jsx)(aj,{theme:ey,isDark:c,isMono:x||""mono""===k,panelBlur:T})}),g&&V&&h&&(0,r.jsx)(""div"",{className:""h-full"",style:{display:""live-stages""===eS?void 0:""none""},children:(0,r.jsx)(rH.A,{isDark:c,theme:h,isMobile:d})})]}),""talon""!==eS&&h&&(0,r.jsx)(""div"",{className:""flex flex-shrink-0 items-center gap-1 px-3 py-1.5"",style:{border"
1536-064f08115df39c50.js,midas,34,34,413802,1,midas,"style:{display:""glitch""===eS?void 0:""none""},children:(0,r.jsx)(at,{isDark:c,variant:k,currentSymbol:eb,boostContrast:eL})}),ev&&O&&h&&(0,r.jsx)(""div"",{className:""h-full"",style:{display:""talon""===eS?void 0:""none""},children:(0,r.jsx)(rm,{isDark:c,theme:h,isMobile:d,isMono:x,accentColor:f,embedded:!0,embeddedBackgroundOpacity:N,isActiveTab:""talon""===eS,onTalonAckDecline:E})}),ek&&h&&""falcon""===eS&&(0,r.jsx)(""div"",{className:""h-full"",children:(0,r.jsx)(rV,{theme:ey,isDark:c,isMono:x||""mono""===k,panelOpacity:N,panelBlur:T,appTheme:null!=h?h:void 0})}),ek&&h&&""peregrine""===eS&&(0,r.jsx)(""div"",{className:""h-full"",children:(0,r.jsx)(aq,{theme:ey,isDark:c,isMono:x||""mono""===k,panelBlur:T})}),ek&&h&&""","""===eS&&(0,r.jsx)(""div"",{className:""h-full"",children:(0,r.jsx)(aj,{theme:ey,isDark:c,isMono:x||""mono""===k,panelBlur:T})}),g&&V&&h&&(0,r.jsx)(""div"",{className:""h-full"",style:{display:""live-stages""===eS?void 0:""none""},children:(0,r.jsx)(rH.A,{isDark:c,theme:h,isMobile:d})})]}),""talon""!==eS&&h&&(0,r.jsx)(""div"",{className:""flex flex-shrink-0 items-center gap-1 px-3 py-1.5"",style:{borderTop:""1px solid "".concat(ey.panelBorder)},children:(0,r.jsx)(tA,{showReading:!1,isDark:c,theme:h})})]})}var aY=n(77822),aX=n(61467),aQ=n(83892),a$=n(54374),aJ=n(41076),aZ=n(11301),a0=n(60946),a1=n(85998),a2=n(5917),a5=n(26333),a4=n(71692),a3=n(32544),a6=n(15473),a8=n(33531),a9=n(62055),a7=n(77239);let le=P.Il.font."
1536-064f08115df39c50.js,talon,106,125,414084,1,talon,"or:f,embedded:!0,embeddedBackgroundOpacity:N,isActiveTab:""talon""===eS,onTalonAckDecline:E})}),ek&&h&&""falcon""===eS&&(0,r.jsx)(""div"",{className:""h-full"",children:(0,r.jsx)(rV,{theme:ey,isDark:c,isMono:x||""mono""===k,panelOpacity:N,panelBlur:T,appTheme:null!=h?h:void 0})}),ek&&h&&""peregrine""===eS&&(0,r.jsx)(""div"",{className:""h-full"",children:(0,r.jsx)(aq,{theme:ey,isDark:c,isMono:x||""mono""===k,panelBlur:T})}),ek&&h&&""midas""===eS&&(0,r.jsx)(""div"",{className:""h-full"",children:(0,r.jsx)(aj,{theme:ey,isDark:c,isMono:x||""mono""===k,panelBlur:T})}),g&&V&&h&&(0,r.jsx)(""div"",{className:""h-full"",style:{display:""live-stages""===eS?void 0:""none""},children:(0,r.jsx)(rH.A,{isDark:c,theme:h,isMobile:d})})]}),""","""!==eS&&h&&(0,r.jsx)(""div"",{className:""flex flex-shrink-0 items-center gap-1 px-3 py-1.5"",style:{borderTop:""1px solid "".concat(ey.panelBorder)},children:(0,r.jsx)(tA,{showReading:!1,isDark:c,theme:h})})]})}var aY=n(77822),aX=n(61467),aQ=n(83892),a$=n(54374),aJ=n(41076),aZ=n(11301),a0=n(60946),a1=n(85998),a2=n(5917),a5=n(26333),a4=n(71692),a3=n(32544),a6=n(15473),a8=n(33531),a9=n(62055),a7=n(77239);let le=P.Il.font.ui,lt=P.Il.font.mono;function ln(){let{isDark:e,theme:t}=(0,j.D)(),n=(0,w.useRouter)(),[l,s]=(0,a.useState)(!1),[i,c]=(0,a.useState)(!1),d=(0,a4.g)(e=>e.unread),u=(0,a8.MA)((0,em.W)()),{markAllRead:p,refresh:m,markOne:g,dismissOne:h,dismissAll:x}=(0,a3.q)(),f=(0,a6.C)(),b=f.slice(0"
1536-064f08115df39c50.js,heatseeker,27,39,419092,1,heatseeker,":c,isDark:d,isMono:u}=(0,j.D)(),{user:p}=(0,y.Jd)();(0,a.useEffect)(()=>{A.getState().hydrate()},[]);let[m,g]=(0,a.useState)(()=>{{let e=localStorage.getItem(""skylit-terminal-accent-color"");if(e&&[""blue"",""green"",""purple"",""mono""].includes(e))return e}return""blue""}),[h,x]=(0,a.useState)(n),f=(0,aY.m)(e=>e.isFullscreen),{isSignedIn:b}=(0,v.d)(),{isAdmin:S,roles:N=[],isLoading:T}=(0,ec.$)(),C=(0,X.P)()&&!T&&null!==(0,ex.O)(N),[E,M]=(0,a.useState)(()=>""true""===localStorage.getItem(""skylit-sidebar-collapsed"")),[I,z]=(0,a.useState)(()=>{{let e=localStorage.getItem(""skylit-sidebar-width"");if(null!==e){let t=Number(e);if(Number.isFinite(t)&&t>=150&&t<=300)return t}}return 210}),[R,F]=(0,a.useState)(""","""),[W,D]=(0,a.useState)(!1),[L,q]=(0,a.useState)(!1),[B,G]=(0,a.useState)(!1),{data:V,isLoading:H}=(0,aQ.lh)({enabled:!T&&!C}),K=(0,aQ.Sn)(),[U,Y]=(0,a.useState)(0),$=(0,a.useCallback)(e=>{Y(e)},[]),[J,Z]=(0,a.useState)(0),ee=(0,a.useCallback)(e=>{Z(e)},[]),et=U+J,[en,ea]=(0,a.useState)(!1),el=(0,a.useRef)(null),eo=(0,a.useRef)(0),es=(0,a.useRef)(!1),ei=(0,a.useRef)(!1);(0,a.useEffect)(()=>{x(n)},[n]),(0,a.useEffect)(()=>{let e=(0,_.Zd)(n);e&&F(e)},[n]),(0,a.useEffect)(()=>{G(lo());let e=()=>{G(lo())};return window.addEventListener(""resize"",e),()=>window.removeEventListener(""resize"",e)},[]),(0,a.useEffect)(()=>{if(!B)return;let e=()=>{(()=>{let e=document.activeElement;if(!e)return!1;let t=e"
1536-064f08115df39c50.js,talon,107,125,420583,1,talon,"e})()||(window.scrollTo(0,0),document.body.scrollTop=0,document.documentElement.scrollTop=0)};e();let t=()=>{requestAnimationFrame(e)};window.addEventListener(""scroll"",t,{passive:!0}),document.addEventListener(""scroll"",t,{passive:!0});let n=setInterval(e,500);return()=>{window.removeEventListener(""scroll"",t),document.removeEventListener(""scroll"",t),clearInterval(n)}},[B]),(0,a.useEffect)(()=>{let e=e=>{let t=e.target,n=""INPUT""===t.tagName||""TEXTAREA""===t.tagName||t.isContentEditable;if((e.metaKey||e.ctrlKey)&&""j""===e.key.toLowerCase()){e.preventDefault(),q(e=>!e);return}if((e.metaKey||e.ctrlKey)&&""\\""===e.key){e.preventDefault();let t=ez.O.getState();t.isOpen?t.closePanel():(t.setActiveTab(""","""),t.openPanel());return}if(""Escape""===e.key){if(L){e.preventDefault(),e.stopPropagation(),q(!1);return}if(W)return void D(!1)}!n&&((""?""===e.key||e.shiftKey&&""/""===e.key)&&(e.preventDefault(),D(!0)),!e.shiftKey||e.metaKey||e.ctrlKey||""G""!==e.key||(e.preventDefault(),x(""heatmaps"")))};return document.addEventListener(""keydown"",e),()=>document.removeEventListener(""keydown"",e)},[h,W,L]);let ed=(0,a.useCallback)(e=>{x(e);let t=_.F6[e];t&&l.push(t)},[l]),eu=(0,a.useCallback)(()=>{q(!0)},[]),ep=(0,a.useCallback)(e=>{i(e)},[i]),em=(0,a.useCallback)(e=>{g(e),localStorage.setItem(""skylit-terminal-accent-color"",e)},[]),eg=(0,a.useCallback)(()=>{M(e=>{let t=!e;return localStorage.setItem(""skylit-sidebar"
1536-064f08115df39c50.js,atlas,23,30,430058,1,ATLAS,"ow keyboard shortcuts"",children:[(0,r.jsx)(lg,{}),(0,r.jsx)(""kbd"",{className:""hidden xl:inline px-1.5 py-0.5 text-xs font-mono rounded border"",style:{backgroundColor:n.bg,borderColor:n.border},children:""?""})]}),(0,r.jsx)(ln,{}),(0,r.jsx)(lw,{themeMode:s,onThemeModeChange:i,accentColor:c,onAccentColorChange:d,theme:n,isDark:a}),(0,r.jsx)(lj,{user:g,theme:n,isDark:a,themeMode:s,onThemeModeChange:i,accentColor:c,onAccentColorChange:d})]})]})}function lp(e){let{activeNav:t}=e;return(0,r.jsx)(r.Fragment,{children:{home:""HOME"",dashboard:""HOME"",portal:""PORTAL"",developer:""DEVELOPER"",""admin-portal"":""ADMIN"",""admin-api-platform"":""API PLATFORM"",megaphone:""MEGAPHONE"",heatmaps:""HEATMAPS"",""skylit-charts"":""",""",alerts:""ALERTS"",trinity:""TRINITY"",settings:""SETTINGS"",compass:""COMPASS"",livefeed:""FLOW"",darkfeed:""DARK FEED"",scanner:""SCANNER"",lookup:""LOOKUP"",tracker:""TRACKER"",""flowseeker-settings"":""SETTINGS"",tradelab:""LAB"",plugins:""PLUGINS"",skills:""SKILLS"",dataplugins:""DATA"",automations:""AUTO"",""creator-studio"":""CREATOR"",""agent-terminal"":""TERMINAL"",trade:""TRADE"",""trinity-sniper"":""SNIPER"",""deep-research"":""RESEARCH"",leaderboard:""LEADERS"",profile:""PROFILE"",trades:""TRADES"",ideas:""IDEAS"",newtrade:""NEW TRADE"",academy:""ACADEMY"",""copy-trading"":""COPY"",""nexus-settings"":""SETTINGS"",""nexus-admin"":""ADMIN""}[t]||""SKYLIT""})}function lm(e){let{theme:t,isDark:n,isMobile:l}=e,[o,s]=(0,a.useState)(""""),i=(0,a.useRef)(null);C("
1536-064f08115df39c50.js,flowseeker,23,39,430227,1,flowseeker,"g,borderColor:n.border},children:""?""})]}),(0,r.jsx)(ln,{}),(0,r.jsx)(lw,{themeMode:s,onThemeModeChange:i,accentColor:c,onAccentColorChange:d,theme:n,isDark:a}),(0,r.jsx)(lj,{user:g,theme:n,isDark:a,themeMode:s,onThemeModeChange:i,accentColor:c,onAccentColorChange:d})]})]})}function lp(e){let{activeNav:t}=e;return(0,r.jsx)(r.Fragment,{children:{home:""HOME"",dashboard:""HOME"",portal:""PORTAL"",developer:""DEVELOPER"",""admin-portal"":""ADMIN"",""admin-api-platform"":""API PLATFORM"",megaphone:""MEGAPHONE"",heatmaps:""HEATMAPS"",""skylit-charts"":""ATLAS"",alerts:""ALERTS"",trinity:""TRINITY"",settings:""SETTINGS"",compass:""COMPASS"",livefeed:""FLOW"",darkfeed:""DARK FEED"",scanner:""SCANNER"",lookup:""LOOKUP"",tracker:""TRACKER"",""","-settings"":""SETTINGS"",tradelab:""LAB"",plugins:""PLUGINS"",skills:""SKILLS"",dataplugins:""DATA"",automations:""AUTO"",""creator-studio"":""CREATOR"",""agent-terminal"":""TERMINAL"",trade:""TRADE"",""trinity-sniper"":""SNIPER"",""deep-research"":""RESEARCH"",leaderboard:""LEADERS"",profile:""PROFILE"",trades:""TRADES"",ideas:""IDEAS"",newtrade:""NEW TRADE"",academy:""ACADEMY"",""copy-trading"":""COPY"",""nexus-settings"":""SETTINGS"",""nexus-admin"":""ADMIN""}[t]||""SKYLIT""})}function lm(e){let{theme:t,isDark:n,isMobile:l}=e,[o,s]=(0,a.useState)(""""),i=(0,a.useRef)(null);C(i),(0,a.useEffect)(()=>{let e=()=>{s(new Date().toLocaleTimeString(""en-US"",{hour:""2-digit"",minute:""2-digit"",second:""2-digit"",hour12:!0}))};e();let t=setInterval(e,1e3);return"
1536-064f08115df39c50.js,heatseeker,28,39,432999,1,Heatseeker,"return(0,r.jsx)(""div"",{className:""fixed inset-0 z-50 flex items-center justify-center p-4"",style:{backgroundColor:""rgba(0,0,0,0.5)""},onClick:n,role:""dialog"",""aria-modal"":""true"",""aria-labelledby"":""keyboard-shortcuts-title"",children:(0,r.jsxs)(""div"",{className:""w-full max-w-md max-h-[calc(var(--visual-vh,100vh)*0.9)] rounded-xl shadow-lg flex flex-col"",style:{backgroundColor:t.cardBg,border:""1px solid "".concat(t.border)},onClick:e=>e.stopPropagation(),children:[(0,r.jsxs)(""div"",{className:""flex items-center justify-between p-6 border-b shrink-0"",style:{borderColor:t.border},children:[(0,r.jsx)(""h3"",{id:""keyboard-shortcuts-title"",className:""text-lg font-semibold"",style:{color:t.text},children:""","Shortcuts""}),(0,r.jsx)(""button"",{onClick:n,className:""p-1 rounded"",style:{color:t.textMuted},""aria-label"":""Close"",children:(0,r.jsx)(o.A,{size:18})})]}),(0,r.jsxs)(""div"",{className:""p-6 space-y-5 overflow-y-auto min-h-0"",children:[(0,r.jsxs)(lx,{title:""General Navigation"",theme:t,children:[(0,r.jsx)(lf,{label:""Toggle Skylit AI"",keys:[""Cmd"",""J""],theme:t}),(0,r.jsx)(lf,{label:""Open ticker search"",keys:[""Any letter""],theme:t}),(0,r.jsx)(lf,{label:""Close modal/search"",keys:[""Esc""],theme:t})]}),(0,r.jsxs)(lx,{title:""Heatmap Shortcuts"",theme:t,children:[(0,r.jsx)(lf,{label:""Switch watchlists"",keys:[""1-9""],theme:t}),(0,r.jsx)(lf,{label:""Select favorites"",keys:[""Cmd"",""1-9""],theme:t}),(0,r.jsx)(lf,{"
1536-064f08115df39c50.js,gex,19,20,435415,1,GEX,",r.jsxs)(lx,{title:""Charts — View"",theme:t,children:[(0,r.jsx)(lf,{label:""Previous / Next layout"",keys:[""["",""]""],theme:t}),(0,r.jsx)(lf,{label:""Fullscreen"",keys:[""Shift"",""F""],theme:t}),(0,r.jsx)(lf,{label:""Open interval picker"",keys:[""`""],theme:t}),(0,r.jsx)(lf,{label:""Type interval"",keys:[""0-9"",""Enter""],theme:t}),(0,r.jsx)(lf,{label:""Autofit chart"",keys:[""Alt"",(0,la.jl)(la.bW)],theme:t}),(0,r.jsx)(lf,{label:""Zoom in / out"",keys:[""+"",""-""],theme:t}),(0,r.jsx)(lf,{label:""Toggle Trinity sidebar"",keys:[""Shift"",""T""],theme:t}),(0,r.jsx)(lf,{label:""Toggle heatmap sidebar"",keys:[""Shift"",""H""],theme:t}),(0,r.jsx)(lf,{label:""Toggle alerts sidebar"",keys:[""Shift"",""A""],theme:t}),(0,r.jsx)(lf,{label:""Show",""",keys:[""Shift"",""G""],theme:t}),(0,r.jsx)(lf,{label:""Show VEX"",keys:[""Shift"",""V""],theme:t}),(0,r.jsx)(lf,{label:""Show GEX + VEX"",keys:[""Shift"",""C""],theme:t}),(0,r.jsx)(lf,{label:""Toggle replay mode"",keys:[""Shift"",""R""],theme:t}),(0,r.jsx)(lf,{label:""Play / pause replay"",keys:[""Space""],theme:t}),(0,r.jsx)(lf,{label:""Close popover / cancel"",keys:[""Esc""],theme:t}),(0,r.jsx)(lf,{label:""Show this dialog"",keys:[""?""],theme:t})]}),(0,r.jsxs)(lx,{title:""Charts — Drawing Tools (Alt — toolbar open or closed)"",theme:t,children:[(0,la.DO)().map(e=>(0,r.jsx)(lf,{label:e.label,keys:e.keys,theme:t},e.tool)),(0,r.jsx)(lf,{label:""Select / cancel"",keys:[""Esc""],theme:t}),(0,r.jsx)(lf,{label:""Close toolbar (nothin"
1536-064f08115df39c50.js,vex,20,21,435475,1,VEX,"x)(lf,{label:""Previous / Next layout"",keys:[""["",""]""],theme:t}),(0,r.jsx)(lf,{label:""Fullscreen"",keys:[""Shift"",""F""],theme:t}),(0,r.jsx)(lf,{label:""Open interval picker"",keys:[""`""],theme:t}),(0,r.jsx)(lf,{label:""Type interval"",keys:[""0-9"",""Enter""],theme:t}),(0,r.jsx)(lf,{label:""Autofit chart"",keys:[""Alt"",(0,la.jl)(la.bW)],theme:t}),(0,r.jsx)(lf,{label:""Zoom in / out"",keys:[""+"",""-""],theme:t}),(0,r.jsx)(lf,{label:""Toggle Trinity sidebar"",keys:[""Shift"",""T""],theme:t}),(0,r.jsx)(lf,{label:""Toggle heatmap sidebar"",keys:[""Shift"",""H""],theme:t}),(0,r.jsx)(lf,{label:""Toggle alerts sidebar"",keys:[""Shift"",""A""],theme:t}),(0,r.jsx)(lf,{label:""Show GEX"",keys:[""Shift"",""G""],theme:t}),(0,r.jsx)(lf,{label:""Show",""",keys:[""Shift"",""V""],theme:t}),(0,r.jsx)(lf,{label:""Show GEX + VEX"",keys:[""Shift"",""C""],theme:t}),(0,r.jsx)(lf,{label:""Toggle replay mode"",keys:[""Shift"",""R""],theme:t}),(0,r.jsx)(lf,{label:""Play / pause replay"",keys:[""Space""],theme:t}),(0,r.jsx)(lf,{label:""Close popover / cancel"",keys:[""Esc""],theme:t}),(0,r.jsx)(lf,{label:""Show this dialog"",keys:[""?""],theme:t})]}),(0,r.jsxs)(lx,{title:""Charts — Drawing Tools (Alt — toolbar open or closed)"",theme:t,children:[(0,la.DO)().map(e=>(0,r.jsx)(lf,{label:e.label,keys:e.keys,theme:t},e.tool)),(0,r.jsx)(lf,{label:""Select / cancel"",keys:[""Esc""],theme:t}),(0,r.jsx)(lf,{label:""Close toolbar (nothing selected)"",keys:[""Esc""],theme:t}),(0,r.jsx)(lf,{label:""Und"
1536-064f08115df39c50.js,gex,20,20,435535,1,GEX,"}),(0,r.jsx)(lf,{label:""Fullscreen"",keys:[""Shift"",""F""],theme:t}),(0,r.jsx)(lf,{label:""Open interval picker"",keys:[""`""],theme:t}),(0,r.jsx)(lf,{label:""Type interval"",keys:[""0-9"",""Enter""],theme:t}),(0,r.jsx)(lf,{label:""Autofit chart"",keys:[""Alt"",(0,la.jl)(la.bW)],theme:t}),(0,r.jsx)(lf,{label:""Zoom in / out"",keys:[""+"",""-""],theme:t}),(0,r.jsx)(lf,{label:""Toggle Trinity sidebar"",keys:[""Shift"",""T""],theme:t}),(0,r.jsx)(lf,{label:""Toggle heatmap sidebar"",keys:[""Shift"",""H""],theme:t}),(0,r.jsx)(lf,{label:""Toggle alerts sidebar"",keys:[""Shift"",""A""],theme:t}),(0,r.jsx)(lf,{label:""Show GEX"",keys:[""Shift"",""G""],theme:t}),(0,r.jsx)(lf,{label:""Show VEX"",keys:[""Shift"",""V""],theme:t}),(0,r.jsx)(lf,{label:""Show","+ VEX"",keys:[""Shift"",""C""],theme:t}),(0,r.jsx)(lf,{label:""Toggle replay mode"",keys:[""Shift"",""R""],theme:t}),(0,r.jsx)(lf,{label:""Play / pause replay"",keys:[""Space""],theme:t}),(0,r.jsx)(lf,{label:""Close popover / cancel"",keys:[""Esc""],theme:t}),(0,r.jsx)(lf,{label:""Show this dialog"",keys:[""?""],theme:t})]}),(0,r.jsxs)(lx,{title:""Charts — Drawing Tools (Alt — toolbar open or closed)"",theme:t,children:[(0,la.DO)().map(e=>(0,r.jsx)(lf,{label:e.label,keys:e.keys,theme:t},e.tool)),(0,r.jsx)(lf,{label:""Select / cancel"",keys:[""Esc""],theme:t}),(0,r.jsx)(lf,{label:""Close toolbar (nothing selected)"",keys:[""Esc""],theme:t}),(0,r.jsx)(lf,{label:""Undo"",keys:[""Cmd"",""Z""],theme:t}),(0,r.jsx)(lf,{label:""Delete dr"
1536-064f08115df39c50.js,vex,21,21,435541,1,VEX,"r.jsx)(lf,{label:""Fullscreen"",keys:[""Shift"",""F""],theme:t}),(0,r.jsx)(lf,{label:""Open interval picker"",keys:[""`""],theme:t}),(0,r.jsx)(lf,{label:""Type interval"",keys:[""0-9"",""Enter""],theme:t}),(0,r.jsx)(lf,{label:""Autofit chart"",keys:[""Alt"",(0,la.jl)(la.bW)],theme:t}),(0,r.jsx)(lf,{label:""Zoom in / out"",keys:[""+"",""-""],theme:t}),(0,r.jsx)(lf,{label:""Toggle Trinity sidebar"",keys:[""Shift"",""T""],theme:t}),(0,r.jsx)(lf,{label:""Toggle heatmap sidebar"",keys:[""Shift"",""H""],theme:t}),(0,r.jsx)(lf,{label:""Toggle alerts sidebar"",keys:[""Shift"",""A""],theme:t}),(0,r.jsx)(lf,{label:""Show GEX"",keys:[""Shift"",""G""],theme:t}),(0,r.jsx)(lf,{label:""Show VEX"",keys:[""Shift"",""V""],theme:t}),(0,r.jsx)(lf,{label:""Show GEX +",""",keys:[""Shift"",""C""],theme:t}),(0,r.jsx)(lf,{label:""Toggle replay mode"",keys:[""Shift"",""R""],theme:t}),(0,r.jsx)(lf,{label:""Play / pause replay"",keys:[""Space""],theme:t}),(0,r.jsx)(lf,{label:""Close popover / cancel"",keys:[""Esc""],theme:t}),(0,r.jsx)(lf,{label:""Show this dialog"",keys:[""?""],theme:t})]}),(0,r.jsxs)(lx,{title:""Charts — Drawing Tools (Alt — toolbar open or closed)"",theme:t,children:[(0,la.DO)().map(e=>(0,r.jsx)(lf,{label:e.label,keys:e.keys,theme:t},e.tool)),(0,r.jsx)(lf,{label:""Select / cancel"",keys:[""Esc""],theme:t}),(0,r.jsx)(lf,{label:""Close toolbar (nothing selected)"",keys:[""Esc""],theme:t}),(0,r.jsx)(lf,{label:""Undo"",keys:[""Cmd"",""Z""],theme:t}),(0,r.jsx)(lf,{label:""Delete drawing"""
1536-064f08115df39c50.js,aegis,4,4,447849,1,Aegis,"ransparent""},children:[(0,r.jsx)(d.A,{size:14,style:{color:P.qd.muted(k)}}),(0,r.jsx)(""span"",{style:{fontSize:""12px"",fontFamily:P.Il.font.ui,color:P.qd.primary(k)},children:""Manage Account""})]}),W&&(0,r.jsxs)(""button"",{onClick:()=>O(!q),className:""w-full flex items-center gap-3 px-3 py-2 rounded-lg transition-colors"",style:{backgroundColor:""transparent"",border:""none"",cursor:""pointer""},onMouseEnter:e=>{e.currentTarget.style.backgroundColor=P.Tj.bgOpacity.medium(k)},onMouseLeave:e=>{e.currentTarget.style.backgroundColor=""transparent""},children:[(0,r.jsx)(u.A,{size:14,style:{color:P.qd.muted(k)}}),(0,r.jsx)(""span"",{style:{fontSize:""12px"",fontFamily:P.Il.font.ui,color:P.qd.primary(k)},children:""","""}),(0,r.jsx)(""span"",{style:{marginLeft:""auto"",fontSize:""10px"",fontFamily:P.Il.font.ui,color:q?P.qd.muted(k):""#22c55e""},children:q?""OFF"":""ON""})]}),(0,r.jsxs)(""button"",{onClick:()=>H(!V),className:""w-full flex items-center gap-3 px-3 py-2 rounded-lg transition-colors"",style:{backgroundColor:""transparent"",border:""none"",cursor:""pointer""},onMouseEnter:e=>{e.currentTarget.style.backgroundColor=P.Tj.bgOpacity.medium(k)},onMouseLeave:e=>{e.currentTarget.style.backgroundColor=""transparent""},children:[(0,r.jsx)(p.A,{size:14,style:{color:P.qd.muted(k)}}),(0,r.jsx)(""span"",{style:{fontSize:""12px"",fontFamily:P.Il.font.ui,color:P.qd.primary(k)},children:""Performance""}),(0,r.jsx)(""span"",{style:{marginLeft:"
1536-064f08115df39c50.js,atlas,24,30,471317,1,atlas,"colors"",style:{width:18,height:18,color:m.qd.muted(k),background:""none""},onMouseEnter:e=>e.currentTarget.style.color=w.text,onMouseLeave:e=>e.currentTarget.style.color=m.qd.muted(k),children:(0,r.jsx)(c.A,{size:13})})]})]}),C&&(0,r.jsx)(""div"",{style:{marginTop:3,fontFamily:x,fontSize:m.Il.sizeRaw.xs,lineHeight:1.45,color:w.textMuted,display:""-webkit-box"",WebkitLineClamp:o?1:2,WebkitBoxOrient:""vertical"",overflow:""hidden""},children:C}),(0,r.jsxs)(""div"",{style:{marginTop:5,display:""flex"",alignItems:""center"",gap:8},children:[(0,r.jsxs)(""span"",{style:{display:""inline-flex"",alignItems:""center"",gap:4,fontFamily:h,fontSize:m.Il.sizeRaw[""10px""],letterSpacing:""0.02em"",color:m.qd.subtle(k)},children:[""","""===n.product&&(0,r.jsx)(d.A,{size:11,strokeWidth:2,""aria-hidden"":!0}),n.product]}),I&&(0,r.jsxs)(r.Fragment,{children:[(0,r.jsx)(""span"",{style:{color:m.qd.faint(k),fontSize:10},children:""\xb7""}),(0,r.jsxs)(""button"",{onClick:e=>{e.stopPropagation(),j.push(I)},title:""Open this alert on the Atlas chart"",className:""flex items-center gap-1 transition-colors"",style:{fontFamily:x,fontSize:m.Il.sizeRaw[""10px""],color:m.qd.subtle(k),background:""none"",cursor:""pointer""},onMouseEnter:e=>e.currentTarget.style.color=w.text,onMouseLeave:e=>e.currentTarget.style.color=m.qd.subtle(k),children:[(0,r.jsx)(d.A,{size:11,strokeWidth:2,""aria-hidden"":!0}),""Open in Atlas""]})]}),A&&(0,r.jsxs)(r.Fragment,{children:[(0"
1536-064f08115df39c50.js,atlas,25,30,471612,1,Atlas,"aw.xs,lineHeight:1.45,color:w.textMuted,display:""-webkit-box"",WebkitLineClamp:o?1:2,WebkitBoxOrient:""vertical"",overflow:""hidden""},children:C}),(0,r.jsxs)(""div"",{style:{marginTop:5,display:""flex"",alignItems:""center"",gap:8},children:[(0,r.jsxs)(""span"",{style:{display:""inline-flex"",alignItems:""center"",gap:4,fontFamily:h,fontSize:m.Il.sizeRaw[""10px""],letterSpacing:""0.02em"",color:m.qd.subtle(k)},children:[""atlas""===n.product&&(0,r.jsx)(d.A,{size:11,strokeWidth:2,""aria-hidden"":!0}),n.product]}),I&&(0,r.jsxs)(r.Fragment,{children:[(0,r.jsx)(""span"",{style:{color:m.qd.faint(k),fontSize:10},children:""\xb7""}),(0,r.jsxs)(""button"",{onClick:e=>{e.stopPropagation(),j.push(I)},title:""Open this alert on the","chart"",className:""flex items-center gap-1 transition-colors"",style:{fontFamily:x,fontSize:m.Il.sizeRaw[""10px""],color:m.qd.subtle(k),background:""none"",cursor:""pointer""},onMouseEnter:e=>e.currentTarget.style.color=w.text,onMouseLeave:e=>e.currentTarget.style.color=m.qd.subtle(k),children:[(0,r.jsx)(d.A,{size:11,strokeWidth:2,""aria-hidden"":!0}),""Open in Atlas""]})]}),A&&(0,r.jsxs)(r.Fragment,{children:[(0,r.jsx)(""span"",{style:{color:m.qd.faint(k),fontSize:10},children:""\xb7""}),(0,r.jsx)(""span"",{style:{fontFamily:x,fontSize:m.Il.sizeRaw[""10px""],color:m.qd.subtle(k)},children:A})]})]})]})]})}},67669:(e,t,n)=>{n.d(t,{Ej:()=>K,F6:()=>Z,Zd:()=>er,bk:()=>$,cy:()=>J,hT:()=>Y,tl:()=>U,x9:()=>en,yF:()=>"
1536-064f08115df39c50.js,atlas,26,30,471971,1,Atlas,"ing:""0.02em"",color:m.qd.subtle(k)},children:[""atlas""===n.product&&(0,r.jsx)(d.A,{size:11,strokeWidth:2,""aria-hidden"":!0}),n.product]}),I&&(0,r.jsxs)(r.Fragment,{children:[(0,r.jsx)(""span"",{style:{color:m.qd.faint(k),fontSize:10},children:""\xb7""}),(0,r.jsxs)(""button"",{onClick:e=>{e.stopPropagation(),j.push(I)},title:""Open this alert on the Atlas chart"",className:""flex items-center gap-1 transition-colors"",style:{fontFamily:x,fontSize:m.Il.sizeRaw[""10px""],color:m.qd.subtle(k),background:""none"",cursor:""pointer""},onMouseEnter:e=>e.currentTarget.style.color=w.text,onMouseLeave:e=>e.currentTarget.style.color=m.qd.subtle(k),children:[(0,r.jsx)(d.A,{size:11,strokeWidth:2,""aria-hidden"":!0}),""Open in","""]})]}),A&&(0,r.jsxs)(r.Fragment,{children:[(0,r.jsx)(""span"",{style:{color:m.qd.faint(k),fontSize:10},children:""\xb7""}),(0,r.jsx)(""span"",{style:{fontFamily:x,fontSize:m.Il.sizeRaw[""10px""],color:m.qd.subtle(k)},children:A})]})]})]})]})}},67669:(e,t,n)=>{n.d(t,{Ej:()=>K,F6:()=>Z,Zd:()=>er,bk:()=>$,cy:()=>J,hT:()=>Y,tl:()=>U,x9:()=>en,yF:()=>et,zt:()=>ee});var r=n(65993),a=n(65506),l=n(17666),o=n(89442),s=n(55136),i=n(50803),c=n(17910),d=n(403),u=n(8198),p=n(82214),m=n(85998),g=n(68854),h=n(15870),x=n(50906),f=n(37494),b=n(86651),y=n(45221),v=n(13675),k=n(29502),w=n(30814),j=n(6613),S=n(91169),N=n(56154),T=n(75426),A=n(26145),C=n(59699),_=n(47937),E=n(80534),M=n(78192),I=n(98599),z=n(69181),R=n"
1536-064f08115df39c50.js,heatseeker,29,39,473309,1,HEATSEEKER,"n(59699),_=n(47937),E=n(80534),M=n(78192),I=n(98599),z=n(69181),R=n(15530),F=n(45136),W=n(13221),P=n(66630),D=n(94374),L=n(62345),q=n(26667),O=n(38197),B=n(90889),G=n(40448),V=n(70751);let H=(0,n(39266).P)(),K=[{section:""HOME"",items:[{id:""home"",label:""DASHBOARD""},{id:""stages"",label:""LIVE STAGES"",requiredRole:""stages-access""},{id:""portal"",label:""PORTAL""},{id:""academy"",label:""ACADEMY""},...H?[{id:""njord-catalog"",label:""PRODUCTS""}]:[],{id:""developer"",label:""DEVELOPER"",requiredRole:""developer-access""},{id:""admin-portal"",label:""ADMIN PORTAL"",requiredRole:""admin""},{id:""admin-api-platform"",label:""API PLATFORM"",requiredRole:""admin""},{id:""megaphone"",label:""MEGAPHONE"",requiredRole:""admin""}]},{section:""",""",items:[{id:""heatmaps"",label:""HEATMAPS"",requiredRole:""heatseeker""},{id:""skylit-charts"",label:""ATLAS"",requiredRole:""charts""},{id:""alerts"",label:""ALERTS"",requiredRole:""heatseeker""},{id:""trinity"",label:""TRINITY MODE"",requiredRole:""heatseeker""},{id:""settings"",label:""SETTINGS"",requiredRole:""admin""}]},{section:""AGENT HUB"",items:[{id:""trade"",label:""TRADE"",requiredRole:""admin""},{id:""trinity-sniper"",label:""TRINITY SNIPER"",requiredRole:""admin""},{id:""deep-research"",label:""RESEARCH"",requiredRole:""admin""},{id:""talon-kb"",label:""TALON KB"",requiredRole:""admin""},{id:""talon-usage"",label:""TALON USAGE"",requiredRole:""admin""},{id:""agent-terminal"",label:""AGENT TERMINAL"",requiredRole:""admin"",showInNav:!1},{id:""tra"
1536-064f08115df39c50.js,heatseeker,30,39,473374,1,heatseeker,"=n(15530),F=n(45136),W=n(13221),P=n(66630),D=n(94374),L=n(62345),q=n(26667),O=n(38197),B=n(90889),G=n(40448),V=n(70751);let H=(0,n(39266).P)(),K=[{section:""HOME"",items:[{id:""home"",label:""DASHBOARD""},{id:""stages"",label:""LIVE STAGES"",requiredRole:""stages-access""},{id:""portal"",label:""PORTAL""},{id:""academy"",label:""ACADEMY""},...H?[{id:""njord-catalog"",label:""PRODUCTS""}]:[],{id:""developer"",label:""DEVELOPER"",requiredRole:""developer-access""},{id:""admin-portal"",label:""ADMIN PORTAL"",requiredRole:""admin""},{id:""admin-api-platform"",label:""API PLATFORM"",requiredRole:""admin""},{id:""megaphone"",label:""MEGAPHONE"",requiredRole:""admin""}]},{section:""HEATSEEKER"",items:[{id:""heatmaps"",label:""HEATMAPS"",requiredRole:""","""},{id:""skylit-charts"",label:""ATLAS"",requiredRole:""charts""},{id:""alerts"",label:""ALERTS"",requiredRole:""heatseeker""},{id:""trinity"",label:""TRINITY MODE"",requiredRole:""heatseeker""},{id:""settings"",label:""SETTINGS"",requiredRole:""admin""}]},{section:""AGENT HUB"",items:[{id:""trade"",label:""TRADE"",requiredRole:""admin""},{id:""trinity-sniper"",label:""TRINITY SNIPER"",requiredRole:""admin""},{id:""deep-research"",label:""RESEARCH"",requiredRole:""admin""},{id:""talon-kb"",label:""TALON KB"",requiredRole:""admin""},{id:""talon-usage"",label:""TALON USAGE"",requiredRole:""admin""},{id:""agent-terminal"",label:""AGENT TERMINAL"",requiredRole:""admin"",showInNav:!1},{id:""tradelab"",label:""TRADE LAB"",requiredRole:""admin"",showInNav:!1},{id:"""
1536-064f08115df39c50.js,atlas,27,30,473414,1,ATLAS,"0),D=n(94374),L=n(62345),q=n(26667),O=n(38197),B=n(90889),G=n(40448),V=n(70751);let H=(0,n(39266).P)(),K=[{section:""HOME"",items:[{id:""home"",label:""DASHBOARD""},{id:""stages"",label:""LIVE STAGES"",requiredRole:""stages-access""},{id:""portal"",label:""PORTAL""},{id:""academy"",label:""ACADEMY""},...H?[{id:""njord-catalog"",label:""PRODUCTS""}]:[],{id:""developer"",label:""DEVELOPER"",requiredRole:""developer-access""},{id:""admin-portal"",label:""ADMIN PORTAL"",requiredRole:""admin""},{id:""admin-api-platform"",label:""API PLATFORM"",requiredRole:""admin""},{id:""megaphone"",label:""MEGAPHONE"",requiredRole:""admin""}]},{section:""HEATSEEKER"",items:[{id:""heatmaps"",label:""HEATMAPS"",requiredRole:""heatseeker""},{id:""skylit-charts"",label:""",""",requiredRole:""charts""},{id:""alerts"",label:""ALERTS"",requiredRole:""heatseeker""},{id:""trinity"",label:""TRINITY MODE"",requiredRole:""heatseeker""},{id:""settings"",label:""SETTINGS"",requiredRole:""admin""}]},{section:""AGENT HUB"",items:[{id:""trade"",label:""TRADE"",requiredRole:""admin""},{id:""trinity-sniper"",label:""TRINITY SNIPER"",requiredRole:""admin""},{id:""deep-research"",label:""RESEARCH"",requiredRole:""admin""},{id:""talon-kb"",label:""TALON KB"",requiredRole:""admin""},{id:""talon-usage"",label:""TALON USAGE"",requiredRole:""admin""},{id:""agent-terminal"",label:""AGENT TERMINAL"",requiredRole:""admin"",showInNav:!1},{id:""tradelab"",label:""TRADE LAB"",requiredRole:""admin"",showInNav:!1},{id:""plugins"",label:""PLUGINS"",requiredRo"
1536-064f08115df39c50.js,heatseeker,31,39,473486,1,heatseeker,"(70751);let H=(0,n(39266).P)(),K=[{section:""HOME"",items:[{id:""home"",label:""DASHBOARD""},{id:""stages"",label:""LIVE STAGES"",requiredRole:""stages-access""},{id:""portal"",label:""PORTAL""},{id:""academy"",label:""ACADEMY""},...H?[{id:""njord-catalog"",label:""PRODUCTS""}]:[],{id:""developer"",label:""DEVELOPER"",requiredRole:""developer-access""},{id:""admin-portal"",label:""ADMIN PORTAL"",requiredRole:""admin""},{id:""admin-api-platform"",label:""API PLATFORM"",requiredRole:""admin""},{id:""megaphone"",label:""MEGAPHONE"",requiredRole:""admin""}]},{section:""HEATSEEKER"",items:[{id:""heatmaps"",label:""HEATMAPS"",requiredRole:""heatseeker""},{id:""skylit-charts"",label:""ATLAS"",requiredRole:""charts""},{id:""alerts"",label:""ALERTS"",requiredRole:""","""},{id:""trinity"",label:""TRINITY MODE"",requiredRole:""heatseeker""},{id:""settings"",label:""SETTINGS"",requiredRole:""admin""}]},{section:""AGENT HUB"",items:[{id:""trade"",label:""TRADE"",requiredRole:""admin""},{id:""trinity-sniper"",label:""TRINITY SNIPER"",requiredRole:""admin""},{id:""deep-research"",label:""RESEARCH"",requiredRole:""admin""},{id:""talon-kb"",label:""TALON KB"",requiredRole:""admin""},{id:""talon-usage"",label:""TALON USAGE"",requiredRole:""admin""},{id:""agent-terminal"",label:""AGENT TERMINAL"",requiredRole:""admin"",showInNav:!1},{id:""tradelab"",label:""TRADE LAB"",requiredRole:""admin"",showInNav:!1},{id:""plugins"",label:""PLUGINS"",requiredRole:""admin"",showInNav:!1},{id:""creator-studio"",label:""CREATOR STUDIO"",required"
1536-064f08115df39c50.js,heatseeker,32,39,473548,1,heatseeker,"home"",label:""DASHBOARD""},{id:""stages"",label:""LIVE STAGES"",requiredRole:""stages-access""},{id:""portal"",label:""PORTAL""},{id:""academy"",label:""ACADEMY""},...H?[{id:""njord-catalog"",label:""PRODUCTS""}]:[],{id:""developer"",label:""DEVELOPER"",requiredRole:""developer-access""},{id:""admin-portal"",label:""ADMIN PORTAL"",requiredRole:""admin""},{id:""admin-api-platform"",label:""API PLATFORM"",requiredRole:""admin""},{id:""megaphone"",label:""MEGAPHONE"",requiredRole:""admin""}]},{section:""HEATSEEKER"",items:[{id:""heatmaps"",label:""HEATMAPS"",requiredRole:""heatseeker""},{id:""skylit-charts"",label:""ATLAS"",requiredRole:""charts""},{id:""alerts"",label:""ALERTS"",requiredRole:""heatseeker""},{id:""trinity"",label:""TRINITY MODE"",requiredRole:""","""},{id:""settings"",label:""SETTINGS"",requiredRole:""admin""}]},{section:""AGENT HUB"",items:[{id:""trade"",label:""TRADE"",requiredRole:""admin""},{id:""trinity-sniper"",label:""TRINITY SNIPER"",requiredRole:""admin""},{id:""deep-research"",label:""RESEARCH"",requiredRole:""admin""},{id:""talon-kb"",label:""TALON KB"",requiredRole:""admin""},{id:""talon-usage"",label:""TALON USAGE"",requiredRole:""admin""},{id:""agent-terminal"",label:""AGENT TERMINAL"",requiredRole:""admin"",showInNav:!1},{id:""tradelab"",label:""TRADE LAB"",requiredRole:""admin"",showInNav:!1},{id:""plugins"",label:""PLUGINS"",requiredRole:""admin"",showInNav:!1},{id:""creator-studio"",label:""CREATOR STUDIO"",requiredRole:""admin"",showInNav:!1}]},{section:""FLOWSEEKER"",items:[{id:"
1536-064f08115df39c50.js,talon,108,125,473823,1,talon,"ortal"",label:""ADMIN PORTAL"",requiredRole:""admin""},{id:""admin-api-platform"",label:""API PLATFORM"",requiredRole:""admin""},{id:""megaphone"",label:""MEGAPHONE"",requiredRole:""admin""}]},{section:""HEATSEEKER"",items:[{id:""heatmaps"",label:""HEATMAPS"",requiredRole:""heatseeker""},{id:""skylit-charts"",label:""ATLAS"",requiredRole:""charts""},{id:""alerts"",label:""ALERTS"",requiredRole:""heatseeker""},{id:""trinity"",label:""TRINITY MODE"",requiredRole:""heatseeker""},{id:""settings"",label:""SETTINGS"",requiredRole:""admin""}]},{section:""AGENT HUB"",items:[{id:""trade"",label:""TRADE"",requiredRole:""admin""},{id:""trinity-sniper"",label:""TRINITY SNIPER"",requiredRole:""admin""},{id:""deep-research"",label:""RESEARCH"",requiredRole:""admin""},{id:""","-kb"",label:""TALON KB"",requiredRole:""admin""},{id:""talon-usage"",label:""TALON USAGE"",requiredRole:""admin""},{id:""agent-terminal"",label:""AGENT TERMINAL"",requiredRole:""admin"",showInNav:!1},{id:""tradelab"",label:""TRADE LAB"",requiredRole:""admin"",showInNav:!1},{id:""plugins"",label:""PLUGINS"",requiredRole:""admin"",showInNav:!1},{id:""creator-studio"",label:""CREATOR STUDIO"",requiredRole:""admin"",showInNav:!1}]},{section:""FLOWSEEKER"",items:[{id:""livefeed"",label:""LIVE FEED""},{id:""darkfeed"",label:""DARK FEED""},{id:""scanner"",label:""FLOW SCANNER""},{id:""compass"",label:""FLOW COMPASS""},{id:""lookup"",label:""CONTRACT LOOKUP""},{id:""company-events"",label:""COMPANY EVENTS""},{id:""tracker"",label:""FLOW TRACKER""},{id:""flow-alert"
1536-064f08115df39c50.js,talon,109,125,473840,1,TALON,"IN PORTAL"",requiredRole:""admin""},{id:""admin-api-platform"",label:""API PLATFORM"",requiredRole:""admin""},{id:""megaphone"",label:""MEGAPHONE"",requiredRole:""admin""}]},{section:""HEATSEEKER"",items:[{id:""heatmaps"",label:""HEATMAPS"",requiredRole:""heatseeker""},{id:""skylit-charts"",label:""ATLAS"",requiredRole:""charts""},{id:""alerts"",label:""ALERTS"",requiredRole:""heatseeker""},{id:""trinity"",label:""TRINITY MODE"",requiredRole:""heatseeker""},{id:""settings"",label:""SETTINGS"",requiredRole:""admin""}]},{section:""AGENT HUB"",items:[{id:""trade"",label:""TRADE"",requiredRole:""admin""},{id:""trinity-sniper"",label:""TRINITY SNIPER"",requiredRole:""admin""},{id:""deep-research"",label:""RESEARCH"",requiredRole:""admin""},{id:""talon-kb"",label:""","KB"",requiredRole:""admin""},{id:""talon-usage"",label:""TALON USAGE"",requiredRole:""admin""},{id:""agent-terminal"",label:""AGENT TERMINAL"",requiredRole:""admin"",showInNav:!1},{id:""tradelab"",label:""TRADE LAB"",requiredRole:""admin"",showInNav:!1},{id:""plugins"",label:""PLUGINS"",requiredRole:""admin"",showInNav:!1},{id:""creator-studio"",label:""CREATOR STUDIO"",requiredRole:""admin"",showInNav:!1}]},{section:""FLOWSEEKER"",items:[{id:""livefeed"",label:""LIVE FEED""},{id:""darkfeed"",label:""DARK FEED""},{id:""scanner"",label:""FLOW SCANNER""},{id:""compass"",label:""FLOW COMPASS""},{id:""lookup"",label:""CONTRACT LOOKUP""},{id:""company-events"",label:""COMPANY EVENTS""},{id:""tracker"",label:""FLOW TRACKER""},{id:""flow-alerts"",label:""FLOW AL"
1536-064f08115df39c50.js,talon,110,125,473877,1,talon,"""admin-api-platform"",label:""API PLATFORM"",requiredRole:""admin""},{id:""megaphone"",label:""MEGAPHONE"",requiredRole:""admin""}]},{section:""HEATSEEKER"",items:[{id:""heatmaps"",label:""HEATMAPS"",requiredRole:""heatseeker""},{id:""skylit-charts"",label:""ATLAS"",requiredRole:""charts""},{id:""alerts"",label:""ALERTS"",requiredRole:""heatseeker""},{id:""trinity"",label:""TRINITY MODE"",requiredRole:""heatseeker""},{id:""settings"",label:""SETTINGS"",requiredRole:""admin""}]},{section:""AGENT HUB"",items:[{id:""trade"",label:""TRADE"",requiredRole:""admin""},{id:""trinity-sniper"",label:""TRINITY SNIPER"",requiredRole:""admin""},{id:""deep-research"",label:""RESEARCH"",requiredRole:""admin""},{id:""talon-kb"",label:""TALON KB"",requiredRole:""admin""},{id:""","-usage"",label:""TALON USAGE"",requiredRole:""admin""},{id:""agent-terminal"",label:""AGENT TERMINAL"",requiredRole:""admin"",showInNav:!1},{id:""tradelab"",label:""TRADE LAB"",requiredRole:""admin"",showInNav:!1},{id:""plugins"",label:""PLUGINS"",requiredRole:""admin"",showInNav:!1},{id:""creator-studio"",label:""CREATOR STUDIO"",requiredRole:""admin"",showInNav:!1}]},{section:""FLOWSEEKER"",items:[{id:""livefeed"",label:""LIVE FEED""},{id:""darkfeed"",label:""DARK FEED""},{id:""scanner"",label:""FLOW SCANNER""},{id:""compass"",label:""FLOW COMPASS""},{id:""lookup"",label:""CONTRACT LOOKUP""},{id:""company-events"",label:""COMPANY EVENTS""},{id:""tracker"",label:""FLOW TRACKER""},{id:""flow-alerts"",label:""FLOW ALERTS""},{id:""flowseeker-settings"",labe"
1536-064f08115df39c50.js,talon,111,125,473897,1,TALON,",label:""API PLATFORM"",requiredRole:""admin""},{id:""megaphone"",label:""MEGAPHONE"",requiredRole:""admin""}]},{section:""HEATSEEKER"",items:[{id:""heatmaps"",label:""HEATMAPS"",requiredRole:""heatseeker""},{id:""skylit-charts"",label:""ATLAS"",requiredRole:""charts""},{id:""alerts"",label:""ALERTS"",requiredRole:""heatseeker""},{id:""trinity"",label:""TRINITY MODE"",requiredRole:""heatseeker""},{id:""settings"",label:""SETTINGS"",requiredRole:""admin""}]},{section:""AGENT HUB"",items:[{id:""trade"",label:""TRADE"",requiredRole:""admin""},{id:""trinity-sniper"",label:""TRINITY SNIPER"",requiredRole:""admin""},{id:""deep-research"",label:""RESEARCH"",requiredRole:""admin""},{id:""talon-kb"",label:""TALON KB"",requiredRole:""admin""},{id:""talon-usage"",label:""","USAGE"",requiredRole:""admin""},{id:""agent-terminal"",label:""AGENT TERMINAL"",requiredRole:""admin"",showInNav:!1},{id:""tradelab"",label:""TRADE LAB"",requiredRole:""admin"",showInNav:!1},{id:""plugins"",label:""PLUGINS"",requiredRole:""admin"",showInNav:!1},{id:""creator-studio"",label:""CREATOR STUDIO"",requiredRole:""admin"",showInNav:!1}]},{section:""FLOWSEEKER"",items:[{id:""livefeed"",label:""LIVE FEED""},{id:""darkfeed"",label:""DARK FEED""},{id:""scanner"",label:""FLOW SCANNER""},{id:""compass"",label:""FLOW COMPASS""},{id:""lookup"",label:""CONTRACT LOOKUP""},{id:""company-events"",label:""COMPANY EVENTS""},{id:""tracker"",label:""FLOW TRACKER""},{id:""flow-alerts"",label:""FLOW ALERTS""},{id:""flowseeker-settings"",label:""SETTINGS"",require"
1536-064f08115df39c50.js,flowseeker,24,39,474235,1,FLOWSEEKER,"equiredRole:""heatseeker""},{id:""settings"",label:""SETTINGS"",requiredRole:""admin""}]},{section:""AGENT HUB"",items:[{id:""trade"",label:""TRADE"",requiredRole:""admin""},{id:""trinity-sniper"",label:""TRINITY SNIPER"",requiredRole:""admin""},{id:""deep-research"",label:""RESEARCH"",requiredRole:""admin""},{id:""talon-kb"",label:""TALON KB"",requiredRole:""admin""},{id:""talon-usage"",label:""TALON USAGE"",requiredRole:""admin""},{id:""agent-terminal"",label:""AGENT TERMINAL"",requiredRole:""admin"",showInNav:!1},{id:""tradelab"",label:""TRADE LAB"",requiredRole:""admin"",showInNav:!1},{id:""plugins"",label:""PLUGINS"",requiredRole:""admin"",showInNav:!1},{id:""creator-studio"",label:""CREATOR STUDIO"",requiredRole:""admin"",showInNav:!1}]},{section:""",""",items:[{id:""livefeed"",label:""LIVE FEED""},{id:""darkfeed"",label:""DARK FEED""},{id:""scanner"",label:""FLOW SCANNER""},{id:""compass"",label:""FLOW COMPASS""},{id:""lookup"",label:""CONTRACT LOOKUP""},{id:""company-events"",label:""COMPANY EVENTS""},{id:""tracker"",label:""FLOW TRACKER""},{id:""flow-alerts"",label:""FLOW ALERTS""},{id:""flowseeker-settings"",label:""SETTINGS"",requiredRole:""flowseeker-settings""}]},{section:""NEXUS"",items:[{id:""leaderboard"",label:""LEADERBOARD""},{id:""profile"",label:""MY PROFILE""},{id:""trades"",label:""TRADES""},{id:""ideas"",label:""IDEAS""},{id:""newtrade"",label:""NEW TRADE""},{id:""nexus-settings"",label:""SETTINGS""},{id:""copy-trading"",label:""COPY TRADING"",requiredRole:""admin""},{id:""nexus-admin"",label:"
1536-064f08115df39c50.js,flowseeker,25,39,474557,1,flowseeker,"dRole:""admin""},{id:""talon-usage"",label:""TALON USAGE"",requiredRole:""admin""},{id:""agent-terminal"",label:""AGENT TERMINAL"",requiredRole:""admin"",showInNav:!1},{id:""tradelab"",label:""TRADE LAB"",requiredRole:""admin"",showInNav:!1},{id:""plugins"",label:""PLUGINS"",requiredRole:""admin"",showInNav:!1},{id:""creator-studio"",label:""CREATOR STUDIO"",requiredRole:""admin"",showInNav:!1}]},{section:""FLOWSEEKER"",items:[{id:""livefeed"",label:""LIVE FEED""},{id:""darkfeed"",label:""DARK FEED""},{id:""scanner"",label:""FLOW SCANNER""},{id:""compass"",label:""FLOW COMPASS""},{id:""lookup"",label:""CONTRACT LOOKUP""},{id:""company-events"",label:""COMPANY EVENTS""},{id:""tracker"",label:""FLOW TRACKER""},{id:""flow-alerts"",label:""FLOW ALERTS""},{id:""","-settings"",label:""SETTINGS"",requiredRole:""flowseeker-settings""}]},{section:""NEXUS"",items:[{id:""leaderboard"",label:""LEADERBOARD""},{id:""profile"",label:""MY PROFILE""},{id:""trades"",label:""TRADES""},{id:""ideas"",label:""IDEAS""},{id:""newtrade"",label:""NEW TRADE""},{id:""nexus-settings"",label:""SETTINGS""},{id:""copy-trading"",label:""COPY TRADING"",requiredRole:""admin""},{id:""nexus-admin"",label:""ADMIN"",requiredRole:""admin""}]}],U={home:[{id:""home"",icon:r.A,label:""Home""},{id:""stages"",icon:a.A,label:""Stages"",requiredRole:""stages-access""},{id:""portal"",icon:l.A,label:""Portal""},{id:""academy"",icon:o.A,label:""Academy""},...H?[{id:""njord-catalog"",icon:s.A,label:""Catalog""}]:[],{id:""developer"",icon:i.A,label:""Developer"",re"
1536-064f08115df39c50.js,flowseeker,26,39,474609,1,flowseeker,",requiredRole:""admin""},{id:""agent-terminal"",label:""AGENT TERMINAL"",requiredRole:""admin"",showInNav:!1},{id:""tradelab"",label:""TRADE LAB"",requiredRole:""admin"",showInNav:!1},{id:""plugins"",label:""PLUGINS"",requiredRole:""admin"",showInNav:!1},{id:""creator-studio"",label:""CREATOR STUDIO"",requiredRole:""admin"",showInNav:!1}]},{section:""FLOWSEEKER"",items:[{id:""livefeed"",label:""LIVE FEED""},{id:""darkfeed"",label:""DARK FEED""},{id:""scanner"",label:""FLOW SCANNER""},{id:""compass"",label:""FLOW COMPASS""},{id:""lookup"",label:""CONTRACT LOOKUP""},{id:""company-events"",label:""COMPANY EVENTS""},{id:""tracker"",label:""FLOW TRACKER""},{id:""flow-alerts"",label:""FLOW ALERTS""},{id:""flowseeker-settings"",label:""SETTINGS"",requiredRole:""","-settings""}]},{section:""NEXUS"",items:[{id:""leaderboard"",label:""LEADERBOARD""},{id:""profile"",label:""MY PROFILE""},{id:""trades"",label:""TRADES""},{id:""ideas"",label:""IDEAS""},{id:""newtrade"",label:""NEW TRADE""},{id:""nexus-settings"",label:""SETTINGS""},{id:""copy-trading"",label:""COPY TRADING"",requiredRole:""admin""},{id:""nexus-admin"",label:""ADMIN"",requiredRole:""admin""}]}],U={home:[{id:""home"",icon:r.A,label:""Home""},{id:""stages"",icon:a.A,label:""Stages"",requiredRole:""stages-access""},{id:""portal"",icon:l.A,label:""Portal""},{id:""academy"",icon:o.A,label:""Academy""},...H?[{id:""njord-catalog"",icon:s.A,label:""Catalog""}]:[],{id:""developer"",icon:i.A,label:""Developer"",requiredRole:""developer-access""},{id:""admin-portal"",ic"
1536-064f08115df39c50.js,heatseeker,33,39,475496,1,heatseeker,"ade"",label:""NEW TRADE""},{id:""nexus-settings"",label:""SETTINGS""},{id:""copy-trading"",label:""COPY TRADING"",requiredRole:""admin""},{id:""nexus-admin"",label:""ADMIN"",requiredRole:""admin""}]}],U={home:[{id:""home"",icon:r.A,label:""Home""},{id:""stages"",icon:a.A,label:""Stages"",requiredRole:""stages-access""},{id:""portal"",icon:l.A,label:""Portal""},{id:""academy"",icon:o.A,label:""Academy""},...H?[{id:""njord-catalog"",icon:s.A,label:""Catalog""}]:[],{id:""developer"",icon:i.A,label:""Developer"",requiredRole:""developer-access""},{id:""admin-portal"",icon:c.A,label:""Admin"",requiredRole:""admin""},{id:""admin-api-platform"",icon:c.A,label:""API"",requiredRole:""admin""},{id:""megaphone"",icon:d.A,label:""Megaphone"",requiredRole:""admin""}],",":[{id:""heatmaps"",icon:u.A,label:""Heatmaps"",requiredRole:""heatseeker""},{id:""skylit-charts"",icon:p.A,label:""Atlas"",requiredRole:""charts""},{id:""alerts"",icon:m.A,label:""Alerts"",requiredRole:""heatseeker""},{id:""trinity"",icon:g.A,label:""Trinity"",requiredRole:""heatseeker""},{id:""settings"",icon:h.A,label:""Settings"",requiredRole:""admin""}],flowseeker:[{id:""livefeed"",icon:x.A,label:""Live Feed""},{id:""darkfeed"",icon:f.A,label:""Dark Feed""},{id:""scanner"",icon:b.A,label:""Flow""},{id:""compass"",icon:y.A,label:""Compass""},{id:""lookup"",icon:v.A,label:""Lookup""},{id:""company-events"",icon:k.A,label:""Events""},{id:""tracker"",icon:w.A,label:""Tracker""},{id:""flow-alerts"",icon:m.A,label:""Alerts""},{id:""flowseeker-settings"",ic"
1536-064f08115df39c50.js,heatseeker,34,39,475563,1,heatseeker,"""copy-trading"",label:""COPY TRADING"",requiredRole:""admin""},{id:""nexus-admin"",label:""ADMIN"",requiredRole:""admin""}]}],U={home:[{id:""home"",icon:r.A,label:""Home""},{id:""stages"",icon:a.A,label:""Stages"",requiredRole:""stages-access""},{id:""portal"",icon:l.A,label:""Portal""},{id:""academy"",icon:o.A,label:""Academy""},...H?[{id:""njord-catalog"",icon:s.A,label:""Catalog""}]:[],{id:""developer"",icon:i.A,label:""Developer"",requiredRole:""developer-access""},{id:""admin-portal"",icon:c.A,label:""Admin"",requiredRole:""admin""},{id:""admin-api-platform"",icon:c.A,label:""API"",requiredRole:""admin""},{id:""megaphone"",icon:d.A,label:""Megaphone"",requiredRole:""admin""}],heatseeker:[{id:""heatmaps"",icon:u.A,label:""Heatmaps"",requiredRole:""","""},{id:""skylit-charts"",icon:p.A,label:""Atlas"",requiredRole:""charts""},{id:""alerts"",icon:m.A,label:""Alerts"",requiredRole:""heatseeker""},{id:""trinity"",icon:g.A,label:""Trinity"",requiredRole:""heatseeker""},{id:""settings"",icon:h.A,label:""Settings"",requiredRole:""admin""}],flowseeker:[{id:""livefeed"",icon:x.A,label:""Live Feed""},{id:""darkfeed"",icon:f.A,label:""Dark Feed""},{id:""scanner"",icon:b.A,label:""Flow""},{id:""compass"",icon:y.A,label:""Compass""},{id:""lookup"",icon:v.A,label:""Lookup""},{id:""company-events"",icon:k.A,label:""Events""},{id:""tracker"",icon:w.A,label:""Tracker""},{id:""flow-alerts"",icon:m.A,label:""Alerts""},{id:""flowseeker-settings"",icon:h.A,label:""Settings"",requiredRole:""flowseeker-settings""}],nexus:"
1536-064f08115df39c50.js,atlas,28,30,475612,1,Atlas,"""admin""},{id:""nexus-admin"",label:""ADMIN"",requiredRole:""admin""}]}],U={home:[{id:""home"",icon:r.A,label:""Home""},{id:""stages"",icon:a.A,label:""Stages"",requiredRole:""stages-access""},{id:""portal"",icon:l.A,label:""Portal""},{id:""academy"",icon:o.A,label:""Academy""},...H?[{id:""njord-catalog"",icon:s.A,label:""Catalog""}]:[],{id:""developer"",icon:i.A,label:""Developer"",requiredRole:""developer-access""},{id:""admin-portal"",icon:c.A,label:""Admin"",requiredRole:""admin""},{id:""admin-api-platform"",icon:c.A,label:""API"",requiredRole:""admin""},{id:""megaphone"",icon:d.A,label:""Megaphone"",requiredRole:""admin""}],heatseeker:[{id:""heatmaps"",icon:u.A,label:""Heatmaps"",requiredRole:""heatseeker""},{id:""skylit-charts"",icon:p.A,label:""",""",requiredRole:""charts""},{id:""alerts"",icon:m.A,label:""Alerts"",requiredRole:""heatseeker""},{id:""trinity"",icon:g.A,label:""Trinity"",requiredRole:""heatseeker""},{id:""settings"",icon:h.A,label:""Settings"",requiredRole:""admin""}],flowseeker:[{id:""livefeed"",icon:x.A,label:""Live Feed""},{id:""darkfeed"",icon:f.A,label:""Dark Feed""},{id:""scanner"",icon:b.A,label:""Flow""},{id:""compass"",icon:y.A,label:""Compass""},{id:""lookup"",icon:v.A,label:""Lookup""},{id:""company-events"",icon:k.A,label:""Events""},{id:""tracker"",icon:w.A,label:""Tracker""},{id:""flow-alerts"",icon:m.A,label:""Alerts""},{id:""flowseeker-settings"",icon:h.A,label:""Settings"",requiredRole:""flowseeker-settings""}],nexus:[{id:""leaderboard"",icon:j.A,label:""Leaders""}"
1536-064f08115df39c50.js,heatseeker,35,39,475693,1,heatseeker,"ome"",icon:r.A,label:""Home""},{id:""stages"",icon:a.A,label:""Stages"",requiredRole:""stages-access""},{id:""portal"",icon:l.A,label:""Portal""},{id:""academy"",icon:o.A,label:""Academy""},...H?[{id:""njord-catalog"",icon:s.A,label:""Catalog""}]:[],{id:""developer"",icon:i.A,label:""Developer"",requiredRole:""developer-access""},{id:""admin-portal"",icon:c.A,label:""Admin"",requiredRole:""admin""},{id:""admin-api-platform"",icon:c.A,label:""API"",requiredRole:""admin""},{id:""megaphone"",icon:d.A,label:""Megaphone"",requiredRole:""admin""}],heatseeker:[{id:""heatmaps"",icon:u.A,label:""Heatmaps"",requiredRole:""heatseeker""},{id:""skylit-charts"",icon:p.A,label:""Atlas"",requiredRole:""charts""},{id:""alerts"",icon:m.A,label:""Alerts"",requiredRole:""","""},{id:""trinity"",icon:g.A,label:""Trinity"",requiredRole:""heatseeker""},{id:""settings"",icon:h.A,label:""Settings"",requiredRole:""admin""}],flowseeker:[{id:""livefeed"",icon:x.A,label:""Live Feed""},{id:""darkfeed"",icon:f.A,label:""Dark Feed""},{id:""scanner"",icon:b.A,label:""Flow""},{id:""compass"",icon:y.A,label:""Compass""},{id:""lookup"",icon:v.A,label:""Lookup""},{id:""company-events"",icon:k.A,label:""Events""},{id:""tracker"",icon:w.A,label:""Tracker""},{id:""flow-alerts"",icon:m.A,label:""Alerts""},{id:""flowseeker-settings"",icon:h.A,label:""Settings"",requiredRole:""flowseeker-settings""}],nexus:[{id:""leaderboard"",icon:j.A,label:""Leaders""},{id:""profile"",icon:S.A,label:""Profile""},{id:""trades"",icon:N.A,label:""Trades""},{id:""id"
1536-064f08115df39c50.js,heatseeker,36,39,475759,1,heatseeker,"equiredRole:""stages-access""},{id:""portal"",icon:l.A,label:""Portal""},{id:""academy"",icon:o.A,label:""Academy""},...H?[{id:""njord-catalog"",icon:s.A,label:""Catalog""}]:[],{id:""developer"",icon:i.A,label:""Developer"",requiredRole:""developer-access""},{id:""admin-portal"",icon:c.A,label:""Admin"",requiredRole:""admin""},{id:""admin-api-platform"",icon:c.A,label:""API"",requiredRole:""admin""},{id:""megaphone"",icon:d.A,label:""Megaphone"",requiredRole:""admin""}],heatseeker:[{id:""heatmaps"",icon:u.A,label:""Heatmaps"",requiredRole:""heatseeker""},{id:""skylit-charts"",icon:p.A,label:""Atlas"",requiredRole:""charts""},{id:""alerts"",icon:m.A,label:""Alerts"",requiredRole:""heatseeker""},{id:""trinity"",icon:g.A,label:""Trinity"",requiredRole:""","""},{id:""settings"",icon:h.A,label:""Settings"",requiredRole:""admin""}],flowseeker:[{id:""livefeed"",icon:x.A,label:""Live Feed""},{id:""darkfeed"",icon:f.A,label:""Dark Feed""},{id:""scanner"",icon:b.A,label:""Flow""},{id:""compass"",icon:y.A,label:""Compass""},{id:""lookup"",icon:v.A,label:""Lookup""},{id:""company-events"",icon:k.A,label:""Events""},{id:""tracker"",icon:w.A,label:""Tracker""},{id:""flow-alerts"",icon:m.A,label:""Alerts""},{id:""flowseeker-settings"",icon:h.A,label:""Settings"",requiredRole:""flowseeker-settings""}],nexus:[{id:""leaderboard"",icon:j.A,label:""Leaders""},{id:""profile"",icon:S.A,label:""Profile""},{id:""trades"",icon:N.A,label:""Trades""},{id:""ideas"",icon:l.A,label:""Ideas""},{id:""nexus-settings"",icon:h.A,label:"""
1536-064f08115df39c50.js,flowseeker,27,39,475836,1,flowseeker,"my"",icon:o.A,label:""Academy""},...H?[{id:""njord-catalog"",icon:s.A,label:""Catalog""}]:[],{id:""developer"",icon:i.A,label:""Developer"",requiredRole:""developer-access""},{id:""admin-portal"",icon:c.A,label:""Admin"",requiredRole:""admin""},{id:""admin-api-platform"",icon:c.A,label:""API"",requiredRole:""admin""},{id:""megaphone"",icon:d.A,label:""Megaphone"",requiredRole:""admin""}],heatseeker:[{id:""heatmaps"",icon:u.A,label:""Heatmaps"",requiredRole:""heatseeker""},{id:""skylit-charts"",icon:p.A,label:""Atlas"",requiredRole:""charts""},{id:""alerts"",icon:m.A,label:""Alerts"",requiredRole:""heatseeker""},{id:""trinity"",icon:g.A,label:""Trinity"",requiredRole:""heatseeker""},{id:""settings"",icon:h.A,label:""Settings"",requiredRole:""admin""}],",":[{id:""livefeed"",icon:x.A,label:""Live Feed""},{id:""darkfeed"",icon:f.A,label:""Dark Feed""},{id:""scanner"",icon:b.A,label:""Flow""},{id:""compass"",icon:y.A,label:""Compass""},{id:""lookup"",icon:v.A,label:""Lookup""},{id:""company-events"",icon:k.A,label:""Events""},{id:""tracker"",icon:w.A,label:""Tracker""},{id:""flow-alerts"",icon:m.A,label:""Alerts""},{id:""flowseeker-settings"",icon:h.A,label:""Settings"",requiredRole:""flowseeker-settings""}],nexus:[{id:""leaderboard"",icon:j.A,label:""Leaders""},{id:""profile"",icon:S.A,label:""Profile""},{id:""trades"",icon:N.A,label:""Trades""},{id:""ideas"",icon:l.A,label:""Ideas""},{id:""nexus-settings"",icon:h.A,label:""Settings""},{id:""copy-trading"",icon:T.A,label:""Copy"",requiredRole:""admin""},{id"
1536-064f08115df39c50.js,flowseeker,28,39,476183,1,flowseeker,"le:""admin""}],heatseeker:[{id:""heatmaps"",icon:u.A,label:""Heatmaps"",requiredRole:""heatseeker""},{id:""skylit-charts"",icon:p.A,label:""Atlas"",requiredRole:""charts""},{id:""alerts"",icon:m.A,label:""Alerts"",requiredRole:""heatseeker""},{id:""trinity"",icon:g.A,label:""Trinity"",requiredRole:""heatseeker""},{id:""settings"",icon:h.A,label:""Settings"",requiredRole:""admin""}],flowseeker:[{id:""livefeed"",icon:x.A,label:""Live Feed""},{id:""darkfeed"",icon:f.A,label:""Dark Feed""},{id:""scanner"",icon:b.A,label:""Flow""},{id:""compass"",icon:y.A,label:""Compass""},{id:""lookup"",icon:v.A,label:""Lookup""},{id:""company-events"",icon:k.A,label:""Events""},{id:""tracker"",icon:w.A,label:""Tracker""},{id:""flow-alerts"",icon:m.A,label:""Alerts""},{id:""","-settings"",icon:h.A,label:""Settings"",requiredRole:""flowseeker-settings""}],nexus:[{id:""leaderboard"",icon:j.A,label:""Leaders""},{id:""profile"",icon:S.A,label:""Profile""},{id:""trades"",icon:N.A,label:""Trades""},{id:""ideas"",icon:l.A,label:""Ideas""},{id:""nexus-settings"",icon:h.A,label:""Settings""},{id:""copy-trading"",icon:T.A,label:""Copy"",requiredRole:""admin""},{id:""nexus-admin"",icon:c.A,label:""Admin"",requiredRole:""admin""}],agents:[{id:""trade"",icon:w.A,label:""Trade"",requiredRole:""admin""},{id:""trinity-sniper"",icon:A.A,label:""Sniper"",requiredRole:""admin""},{id:""deep-research"",icon:C.A,label:""Research"",requiredRole:""admin""},{id:""talon-kb"",icon:_.A,label:""Talon KB"",requiredRole:""admin"",hideOnMobile:!0},{id:""ta"
1536-064f08115df39c50.js,flowseeker,29,39,476244,1,flowseeker,"aps"",requiredRole:""heatseeker""},{id:""skylit-charts"",icon:p.A,label:""Atlas"",requiredRole:""charts""},{id:""alerts"",icon:m.A,label:""Alerts"",requiredRole:""heatseeker""},{id:""trinity"",icon:g.A,label:""Trinity"",requiredRole:""heatseeker""},{id:""settings"",icon:h.A,label:""Settings"",requiredRole:""admin""}],flowseeker:[{id:""livefeed"",icon:x.A,label:""Live Feed""},{id:""darkfeed"",icon:f.A,label:""Dark Feed""},{id:""scanner"",icon:b.A,label:""Flow""},{id:""compass"",icon:y.A,label:""Compass""},{id:""lookup"",icon:v.A,label:""Lookup""},{id:""company-events"",icon:k.A,label:""Events""},{id:""tracker"",icon:w.A,label:""Tracker""},{id:""flow-alerts"",icon:m.A,label:""Alerts""},{id:""flowseeker-settings"",icon:h.A,label:""Settings"",requiredRole:""","-settings""}],nexus:[{id:""leaderboard"",icon:j.A,label:""Leaders""},{id:""profile"",icon:S.A,label:""Profile""},{id:""trades"",icon:N.A,label:""Trades""},{id:""ideas"",icon:l.A,label:""Ideas""},{id:""nexus-settings"",icon:h.A,label:""Settings""},{id:""copy-trading"",icon:T.A,label:""Copy"",requiredRole:""admin""},{id:""nexus-admin"",icon:c.A,label:""Admin"",requiredRole:""admin""}],agents:[{id:""trade"",icon:w.A,label:""Trade"",requiredRole:""admin""},{id:""trinity-sniper"",icon:A.A,label:""Sniper"",requiredRole:""admin""},{id:""deep-research"",icon:C.A,label:""Research"",requiredRole:""admin""},{id:""talon-kb"",icon:_.A,label:""Talon KB"",requiredRole:""admin"",hideOnMobile:!0},{id:""talon-usage"",icon:E.A,label:""Talon Usage"",requiredRole:""admin"","
1536-064f08115df39c50.js,talon,112,125,476812,1,talon,"n:w.A,label:""Tracker""},{id:""flow-alerts"",icon:m.A,label:""Alerts""},{id:""flowseeker-settings"",icon:h.A,label:""Settings"",requiredRole:""flowseeker-settings""}],nexus:[{id:""leaderboard"",icon:j.A,label:""Leaders""},{id:""profile"",icon:S.A,label:""Profile""},{id:""trades"",icon:N.A,label:""Trades""},{id:""ideas"",icon:l.A,label:""Ideas""},{id:""nexus-settings"",icon:h.A,label:""Settings""},{id:""copy-trading"",icon:T.A,label:""Copy"",requiredRole:""admin""},{id:""nexus-admin"",icon:c.A,label:""Admin"",requiredRole:""admin""}],agents:[{id:""trade"",icon:w.A,label:""Trade"",requiredRole:""admin""},{id:""trinity-sniper"",icon:A.A,label:""Sniper"",requiredRole:""admin""},{id:""deep-research"",icon:C.A,label:""Research"",requiredRole:""admin""},{id:""","-kb"",icon:_.A,label:""Talon KB"",requiredRole:""admin"",hideOnMobile:!0},{id:""talon-usage"",icon:E.A,label:""Talon Usage"",requiredRole:""admin"",hideOnMobile:!0},{id:""agent-terminal"",icon:i.A,label:""Terminal"",requiredRole:""admin"",showInNav:!1},{id:""tradelab"",icon:M.A,label:""Lab"",requiredRole:""admin"",showInNav:!1},{id:""plugins"",icon:I.A,label:""Plugins"",requiredRole:""admin"",showInNav:!1},{id:""creator-studio"",icon:z.A,label:""Creator"",requiredRole:""admin"",showInNav:!1}]},Y={home:""HOME"",heatseeker:""HEATSEEKER"",agents:""AGENT HUB"",flowseeker:""FLOWSEEKER"",nexus:""NEXUS""};r.A,u.A,x.A,S.A,M.A;let X={HOME:r.A,HEATSEEKER:u.A,""AGENT HUB"":M.A,FLOWSEEKER:x.A,NEXUS:S.A},Q={home:r.A,stages:a.A,portal:l.A,developer:i."
1536-064f08115df39c50.js,talon,113,125,476838,1,Talon,":""flow-alerts"",icon:m.A,label:""Alerts""},{id:""flowseeker-settings"",icon:h.A,label:""Settings"",requiredRole:""flowseeker-settings""}],nexus:[{id:""leaderboard"",icon:j.A,label:""Leaders""},{id:""profile"",icon:S.A,label:""Profile""},{id:""trades"",icon:N.A,label:""Trades""},{id:""ideas"",icon:l.A,label:""Ideas""},{id:""nexus-settings"",icon:h.A,label:""Settings""},{id:""copy-trading"",icon:T.A,label:""Copy"",requiredRole:""admin""},{id:""nexus-admin"",icon:c.A,label:""Admin"",requiredRole:""admin""}],agents:[{id:""trade"",icon:w.A,label:""Trade"",requiredRole:""admin""},{id:""trinity-sniper"",icon:A.A,label:""Sniper"",requiredRole:""admin""},{id:""deep-research"",icon:C.A,label:""Research"",requiredRole:""admin""},{id:""talon-kb"",icon:_.A,label:""","KB"",requiredRole:""admin"",hideOnMobile:!0},{id:""talon-usage"",icon:E.A,label:""Talon Usage"",requiredRole:""admin"",hideOnMobile:!0},{id:""agent-terminal"",icon:i.A,label:""Terminal"",requiredRole:""admin"",showInNav:!1},{id:""tradelab"",icon:M.A,label:""Lab"",requiredRole:""admin"",showInNav:!1},{id:""plugins"",icon:I.A,label:""Plugins"",requiredRole:""admin"",showInNav:!1},{id:""creator-studio"",icon:z.A,label:""Creator"",requiredRole:""admin"",showInNav:!1}]},Y={home:""HOME"",heatseeker:""HEATSEEKER"",agents:""AGENT HUB"",flowseeker:""FLOWSEEKER"",nexus:""NEXUS""};r.A,u.A,x.A,S.A,M.A;let X={HOME:r.A,HEATSEEKER:u.A,""AGENT HUB"":M.A,FLOWSEEKER:x.A,NEXUS:S.A},Q={home:r.A,stages:a.A,portal:l.A,developer:i.A,""admin-portal"":c.A,""admi"
1536-064f08115df39c50.js,talon,114,125,476891,1,talon,"er-settings"",icon:h.A,label:""Settings"",requiredRole:""flowseeker-settings""}],nexus:[{id:""leaderboard"",icon:j.A,label:""Leaders""},{id:""profile"",icon:S.A,label:""Profile""},{id:""trades"",icon:N.A,label:""Trades""},{id:""ideas"",icon:l.A,label:""Ideas""},{id:""nexus-settings"",icon:h.A,label:""Settings""},{id:""copy-trading"",icon:T.A,label:""Copy"",requiredRole:""admin""},{id:""nexus-admin"",icon:c.A,label:""Admin"",requiredRole:""admin""}],agents:[{id:""trade"",icon:w.A,label:""Trade"",requiredRole:""admin""},{id:""trinity-sniper"",icon:A.A,label:""Sniper"",requiredRole:""admin""},{id:""deep-research"",icon:C.A,label:""Research"",requiredRole:""admin""},{id:""talon-kb"",icon:_.A,label:""Talon KB"",requiredRole:""admin"",hideOnMobile:!0},{id:""","-usage"",icon:E.A,label:""Talon Usage"",requiredRole:""admin"",hideOnMobile:!0},{id:""agent-terminal"",icon:i.A,label:""Terminal"",requiredRole:""admin"",showInNav:!1},{id:""tradelab"",icon:M.A,label:""Lab"",requiredRole:""admin"",showInNav:!1},{id:""plugins"",icon:I.A,label:""Plugins"",requiredRole:""admin"",showInNav:!1},{id:""creator-studio"",icon:z.A,label:""Creator"",requiredRole:""admin"",showInNav:!1}]},Y={home:""HOME"",heatseeker:""HEATSEEKER"",agents:""AGENT HUB"",flowseeker:""FLOWSEEKER"",nexus:""NEXUS""};r.A,u.A,x.A,S.A,M.A;let X={HOME:r.A,HEATSEEKER:u.A,""AGENT HUB"":M.A,FLOWSEEKER:x.A,NEXUS:S.A},Q={home:r.A,stages:a.A,portal:l.A,developer:i.A,""admin-portal"":c.A,""admin-api-platform"":c.A,megaphone:d.A,""talon-kb"":_.A,""tal"
1536-064f08115df39c50.js,talon,115,125,476920,1,Talon,"Settings"",requiredRole:""flowseeker-settings""}],nexus:[{id:""leaderboard"",icon:j.A,label:""Leaders""},{id:""profile"",icon:S.A,label:""Profile""},{id:""trades"",icon:N.A,label:""Trades""},{id:""ideas"",icon:l.A,label:""Ideas""},{id:""nexus-settings"",icon:h.A,label:""Settings""},{id:""copy-trading"",icon:T.A,label:""Copy"",requiredRole:""admin""},{id:""nexus-admin"",icon:c.A,label:""Admin"",requiredRole:""admin""}],agents:[{id:""trade"",icon:w.A,label:""Trade"",requiredRole:""admin""},{id:""trinity-sniper"",icon:A.A,label:""Sniper"",requiredRole:""admin""},{id:""deep-research"",icon:C.A,label:""Research"",requiredRole:""admin""},{id:""talon-kb"",icon:_.A,label:""Talon KB"",requiredRole:""admin"",hideOnMobile:!0},{id:""talon-usage"",icon:E.A,label:""","Usage"",requiredRole:""admin"",hideOnMobile:!0},{id:""agent-terminal"",icon:i.A,label:""Terminal"",requiredRole:""admin"",showInNav:!1},{id:""tradelab"",icon:M.A,label:""Lab"",requiredRole:""admin"",showInNav:!1},{id:""plugins"",icon:I.A,label:""Plugins"",requiredRole:""admin"",showInNav:!1},{id:""creator-studio"",icon:z.A,label:""Creator"",requiredRole:""admin"",showInNav:!1}]},Y={home:""HOME"",heatseeker:""HEATSEEKER"",agents:""AGENT HUB"",flowseeker:""FLOWSEEKER"",nexus:""NEXUS""};r.A,u.A,x.A,S.A,M.A;let X={HOME:r.A,HEATSEEKER:u.A,""AGENT HUB"":M.A,FLOWSEEKER:x.A,NEXUS:S.A},Q={home:r.A,stages:a.A,portal:l.A,developer:i.A,""admin-portal"":c.A,""admin-api-platform"":c.A,megaphone:d.A,""talon-kb"":_.A,""talon-usage"":E.A,heatmaps:R.A,""s"
1536-064f08115df39c50.js,heatseeker,37,39,477296,1,heatseeker,":""admin""}],agents:[{id:""trade"",icon:w.A,label:""Trade"",requiredRole:""admin""},{id:""trinity-sniper"",icon:A.A,label:""Sniper"",requiredRole:""admin""},{id:""deep-research"",icon:C.A,label:""Research"",requiredRole:""admin""},{id:""talon-kb"",icon:_.A,label:""Talon KB"",requiredRole:""admin"",hideOnMobile:!0},{id:""talon-usage"",icon:E.A,label:""Talon Usage"",requiredRole:""admin"",hideOnMobile:!0},{id:""agent-terminal"",icon:i.A,label:""Terminal"",requiredRole:""admin"",showInNav:!1},{id:""tradelab"",icon:M.A,label:""Lab"",requiredRole:""admin"",showInNav:!1},{id:""plugins"",icon:I.A,label:""Plugins"",requiredRole:""admin"",showInNav:!1},{id:""creator-studio"",icon:z.A,label:""Creator"",requiredRole:""admin"",showInNav:!1}]},Y={home:""HOME"",",":""HEATSEEKER"",agents:""AGENT HUB"",flowseeker:""FLOWSEEKER"",nexus:""NEXUS""};r.A,u.A,x.A,S.A,M.A;let X={HOME:r.A,HEATSEEKER:u.A,""AGENT HUB"":M.A,FLOWSEEKER:x.A,NEXUS:S.A},Q={home:r.A,stages:a.A,portal:l.A,developer:i.A,""admin-portal"":c.A,""admin-api-platform"":c.A,megaphone:d.A,""talon-kb"":_.A,""talon-usage"":E.A,heatmaps:R.A,""skylit-charts"":p.A,alerts:F.A,trinity:W.A,settings:P.A,""agent-terminal"":i.A,trade:w.A,""trinity-sniper"":A.A,""deep-research"":C.A,tradelab:D.A,plugins:L.A,""creator-studio"":q.A,compass:y.A,livefeed:a.A,darkfeed:f.A,scanner:O.A,lookup:v.A,""company-events"":k.A,tracker:B.A,""flow-alerts"":m.A,""flowseeker-settings"":P.A,leaderboard:j.A,profile:G.A,trades:N.A,ideas:l.A,newtrade:V.A,academy:o"
1536-064f08115df39c50.js,heatseeker,38,39,477308,1,HEATSEEKER,"gents:[{id:""trade"",icon:w.A,label:""Trade"",requiredRole:""admin""},{id:""trinity-sniper"",icon:A.A,label:""Sniper"",requiredRole:""admin""},{id:""deep-research"",icon:C.A,label:""Research"",requiredRole:""admin""},{id:""talon-kb"",icon:_.A,label:""Talon KB"",requiredRole:""admin"",hideOnMobile:!0},{id:""talon-usage"",icon:E.A,label:""Talon Usage"",requiredRole:""admin"",hideOnMobile:!0},{id:""agent-terminal"",icon:i.A,label:""Terminal"",requiredRole:""admin"",showInNav:!1},{id:""tradelab"",icon:M.A,label:""Lab"",requiredRole:""admin"",showInNav:!1},{id:""plugins"",icon:I.A,label:""Plugins"",requiredRole:""admin"",showInNav:!1},{id:""creator-studio"",icon:z.A,label:""Creator"",requiredRole:""admin"",showInNav:!1}]},Y={home:""HOME"",heatseeker:""",""",agents:""AGENT HUB"",flowseeker:""FLOWSEEKER"",nexus:""NEXUS""};r.A,u.A,x.A,S.A,M.A;let X={HOME:r.A,HEATSEEKER:u.A,""AGENT HUB"":M.A,FLOWSEEKER:x.A,NEXUS:S.A},Q={home:r.A,stages:a.A,portal:l.A,developer:i.A,""admin-portal"":c.A,""admin-api-platform"":c.A,megaphone:d.A,""talon-kb"":_.A,""talon-usage"":E.A,heatmaps:R.A,""skylit-charts"":p.A,alerts:F.A,trinity:W.A,settings:P.A,""agent-terminal"":i.A,trade:w.A,""trinity-sniper"":A.A,""deep-research"":C.A,tradelab:D.A,plugins:L.A,""creator-studio"":q.A,compass:y.A,livefeed:a.A,darkfeed:f.A,scanner:O.A,lookup:v.A,""company-events"":k.A,tracker:B.A,""flow-alerts"":m.A,""flowseeker-settings"":P.A,leaderboard:j.A,profile:G.A,trades:N.A,ideas:l.A,newtrade:V.A,academy:o.A,""nexus-se"
1536-064f08115df39c50.js,flowseeker,30,39,477339,1,flowseeker,"el:""Trade"",requiredRole:""admin""},{id:""trinity-sniper"",icon:A.A,label:""Sniper"",requiredRole:""admin""},{id:""deep-research"",icon:C.A,label:""Research"",requiredRole:""admin""},{id:""talon-kb"",icon:_.A,label:""Talon KB"",requiredRole:""admin"",hideOnMobile:!0},{id:""talon-usage"",icon:E.A,label:""Talon Usage"",requiredRole:""admin"",hideOnMobile:!0},{id:""agent-terminal"",icon:i.A,label:""Terminal"",requiredRole:""admin"",showInNav:!1},{id:""tradelab"",icon:M.A,label:""Lab"",requiredRole:""admin"",showInNav:!1},{id:""plugins"",icon:I.A,label:""Plugins"",requiredRole:""admin"",showInNav:!1},{id:""creator-studio"",icon:z.A,label:""Creator"",requiredRole:""admin"",showInNav:!1}]},Y={home:""HOME"",heatseeker:""HEATSEEKER"",agents:""AGENT HUB"",",":""FLOWSEEKER"",nexus:""NEXUS""};r.A,u.A,x.A,S.A,M.A;let X={HOME:r.A,HEATSEEKER:u.A,""AGENT HUB"":M.A,FLOWSEEKER:x.A,NEXUS:S.A},Q={home:r.A,stages:a.A,portal:l.A,developer:i.A,""admin-portal"":c.A,""admin-api-platform"":c.A,megaphone:d.A,""talon-kb"":_.A,""talon-usage"":E.A,heatmaps:R.A,""skylit-charts"":p.A,alerts:F.A,trinity:W.A,settings:P.A,""agent-terminal"":i.A,trade:w.A,""trinity-sniper"":A.A,""deep-research"":C.A,tradelab:D.A,plugins:L.A,""creator-studio"":q.A,compass:y.A,livefeed:a.A,darkfeed:f.A,scanner:O.A,lookup:v.A,""company-events"":k.A,tracker:B.A,""flow-alerts"":m.A,""flowseeker-settings"":P.A,leaderboard:j.A,profile:G.A,trades:N.A,ideas:l.A,newtrade:V.A,academy:o.A,""nexus-settings"":P.A,""copy-trading"":T.A,"
1536-064f08115df39c50.js,flowseeker,31,39,477351,1,FLOWSEEKER,"equiredRole:""admin""},{id:""trinity-sniper"",icon:A.A,label:""Sniper"",requiredRole:""admin""},{id:""deep-research"",icon:C.A,label:""Research"",requiredRole:""admin""},{id:""talon-kb"",icon:_.A,label:""Talon KB"",requiredRole:""admin"",hideOnMobile:!0},{id:""talon-usage"",icon:E.A,label:""Talon Usage"",requiredRole:""admin"",hideOnMobile:!0},{id:""agent-terminal"",icon:i.A,label:""Terminal"",requiredRole:""admin"",showInNav:!1},{id:""tradelab"",icon:M.A,label:""Lab"",requiredRole:""admin"",showInNav:!1},{id:""plugins"",icon:I.A,label:""Plugins"",requiredRole:""admin"",showInNav:!1},{id:""creator-studio"",icon:z.A,label:""Creator"",requiredRole:""admin"",showInNav:!1}]},Y={home:""HOME"",heatseeker:""HEATSEEKER"",agents:""AGENT HUB"",flowseeker:""",""",nexus:""NEXUS""};r.A,u.A,x.A,S.A,M.A;let X={HOME:r.A,HEATSEEKER:u.A,""AGENT HUB"":M.A,FLOWSEEKER:x.A,NEXUS:S.A},Q={home:r.A,stages:a.A,portal:l.A,developer:i.A,""admin-portal"":c.A,""admin-api-platform"":c.A,megaphone:d.A,""talon-kb"":_.A,""talon-usage"":E.A,heatmaps:R.A,""skylit-charts"":p.A,alerts:F.A,trinity:W.A,settings:P.A,""agent-terminal"":i.A,trade:w.A,""trinity-sniper"":A.A,""deep-research"":C.A,tradelab:D.A,plugins:L.A,""creator-studio"":q.A,compass:y.A,livefeed:a.A,darkfeed:f.A,scanner:O.A,lookup:v.A,""company-events"":k.A,tracker:B.A,""flow-alerts"":m.A,""flowseeker-settings"":P.A,leaderboard:j.A,profile:G.A,trades:N.A,ideas:l.A,newtrade:V.A,academy:o.A,""nexus-settings"":P.A,""copy-trading"":T.A,""nexus-admin"
1536-064f08115df39c50.js,heatseeker,39,39,477414,1,HEATSEEKER,"r"",requiredRole:""admin""},{id:""deep-research"",icon:C.A,label:""Research"",requiredRole:""admin""},{id:""talon-kb"",icon:_.A,label:""Talon KB"",requiredRole:""admin"",hideOnMobile:!0},{id:""talon-usage"",icon:E.A,label:""Talon Usage"",requiredRole:""admin"",hideOnMobile:!0},{id:""agent-terminal"",icon:i.A,label:""Terminal"",requiredRole:""admin"",showInNav:!1},{id:""tradelab"",icon:M.A,label:""Lab"",requiredRole:""admin"",showInNav:!1},{id:""plugins"",icon:I.A,label:""Plugins"",requiredRole:""admin"",showInNav:!1},{id:""creator-studio"",icon:z.A,label:""Creator"",requiredRole:""admin"",showInNav:!1}]},Y={home:""HOME"",heatseeker:""HEATSEEKER"",agents:""AGENT HUB"",flowseeker:""FLOWSEEKER"",nexus:""NEXUS""};r.A,u.A,x.A,S.A,M.A;let X={HOME:r.A,",":u.A,""AGENT HUB"":M.A,FLOWSEEKER:x.A,NEXUS:S.A},Q={home:r.A,stages:a.A,portal:l.A,developer:i.A,""admin-portal"":c.A,""admin-api-platform"":c.A,megaphone:d.A,""talon-kb"":_.A,""talon-usage"":E.A,heatmaps:R.A,""skylit-charts"":p.A,alerts:F.A,trinity:W.A,settings:P.A,""agent-terminal"":i.A,trade:w.A,""trinity-sniper"":A.A,""deep-research"":C.A,tradelab:D.A,plugins:L.A,""creator-studio"":q.A,compass:y.A,livefeed:a.A,darkfeed:f.A,scanner:O.A,lookup:v.A,""company-events"":k.A,tracker:B.A,""flow-alerts"":m.A,""flowseeker-settings"":P.A,leaderboard:j.A,profile:G.A,trades:N.A,ideas:l.A,newtrade:V.A,academy:o.A,""nexus-settings"":P.A,""copy-trading"":T.A,""nexus-admin"":c.A,""njord-catalog"":s.A};function $(e){return X[e]}function J"
1536-064f08115df39c50.js,flowseeker,32,39,477445,1,FLOWSEEKER,"eep-research"",icon:C.A,label:""Research"",requiredRole:""admin""},{id:""talon-kb"",icon:_.A,label:""Talon KB"",requiredRole:""admin"",hideOnMobile:!0},{id:""talon-usage"",icon:E.A,label:""Talon Usage"",requiredRole:""admin"",hideOnMobile:!0},{id:""agent-terminal"",icon:i.A,label:""Terminal"",requiredRole:""admin"",showInNav:!1},{id:""tradelab"",icon:M.A,label:""Lab"",requiredRole:""admin"",showInNav:!1},{id:""plugins"",icon:I.A,label:""Plugins"",requiredRole:""admin"",showInNav:!1},{id:""creator-studio"",icon:z.A,label:""Creator"",requiredRole:""admin"",showInNav:!1}]},Y={home:""HOME"",heatseeker:""HEATSEEKER"",agents:""AGENT HUB"",flowseeker:""FLOWSEEKER"",nexus:""NEXUS""};r.A,u.A,x.A,S.A,M.A;let X={HOME:r.A,HEATSEEKER:u.A,""AGENT HUB"":M.A,",":x.A,NEXUS:S.A},Q={home:r.A,stages:a.A,portal:l.A,developer:i.A,""admin-portal"":c.A,""admin-api-platform"":c.A,megaphone:d.A,""talon-kb"":_.A,""talon-usage"":E.A,heatmaps:R.A,""skylit-charts"":p.A,alerts:F.A,trinity:W.A,settings:P.A,""agent-terminal"":i.A,trade:w.A,""trinity-sniper"":A.A,""deep-research"":C.A,tradelab:D.A,plugins:L.A,""creator-studio"":q.A,compass:y.A,livefeed:a.A,darkfeed:f.A,scanner:O.A,lookup:v.A,""company-events"":k.A,tracker:B.A,""flow-alerts"":m.A,""flowseeker-settings"":P.A,leaderboard:j.A,profile:G.A,trades:N.A,ideas:l.A,newtrade:V.A,academy:o.A,""nexus-settings"":P.A,""copy-trading"":T.A,""nexus-admin"":c.A,""njord-catalog"":s.A};function $(e){return X[e]}function J(e){return Q[e]}let Z={home:""/"""
1536-064f08115df39c50.js,talon,116,125,477578,1,talon,"ile:!0},{id:""talon-usage"",icon:E.A,label:""Talon Usage"",requiredRole:""admin"",hideOnMobile:!0},{id:""agent-terminal"",icon:i.A,label:""Terminal"",requiredRole:""admin"",showInNav:!1},{id:""tradelab"",icon:M.A,label:""Lab"",requiredRole:""admin"",showInNav:!1},{id:""plugins"",icon:I.A,label:""Plugins"",requiredRole:""admin"",showInNav:!1},{id:""creator-studio"",icon:z.A,label:""Creator"",requiredRole:""admin"",showInNav:!1}]},Y={home:""HOME"",heatseeker:""HEATSEEKER"",agents:""AGENT HUB"",flowseeker:""FLOWSEEKER"",nexus:""NEXUS""};r.A,u.A,x.A,S.A,M.A;let X={HOME:r.A,HEATSEEKER:u.A,""AGENT HUB"":M.A,FLOWSEEKER:x.A,NEXUS:S.A},Q={home:r.A,stages:a.A,portal:l.A,developer:i.A,""admin-portal"":c.A,""admin-api-platform"":c.A,megaphone:d.A,""","-kb"":_.A,""talon-usage"":E.A,heatmaps:R.A,""skylit-charts"":p.A,alerts:F.A,trinity:W.A,settings:P.A,""agent-terminal"":i.A,trade:w.A,""trinity-sniper"":A.A,""deep-research"":C.A,tradelab:D.A,plugins:L.A,""creator-studio"":q.A,compass:y.A,livefeed:a.A,darkfeed:f.A,scanner:O.A,lookup:v.A,""company-events"":k.A,tracker:B.A,""flow-alerts"":m.A,""flowseeker-settings"":P.A,leaderboard:j.A,profile:G.A,trades:N.A,ideas:l.A,newtrade:V.A,academy:o.A,""nexus-settings"":P.A,""copy-trading"":T.A,""nexus-admin"":c.A,""njord-catalog"":s.A};function $(e){return X[e]}function J(e){return Q[e]}let Z={home:""/"",stages:""/stages"",heatmaps:""/"",""skylit-charts"":""/atlas"",alerts:""/alerts"",trinity:""/trinity"",settings:""/settings"",""admin-portal"":"
1536-064f08115df39c50.js,talon,117,125,477593,1,talon,"lon-usage"",icon:E.A,label:""Talon Usage"",requiredRole:""admin"",hideOnMobile:!0},{id:""agent-terminal"",icon:i.A,label:""Terminal"",requiredRole:""admin"",showInNav:!1},{id:""tradelab"",icon:M.A,label:""Lab"",requiredRole:""admin"",showInNav:!1},{id:""plugins"",icon:I.A,label:""Plugins"",requiredRole:""admin"",showInNav:!1},{id:""creator-studio"",icon:z.A,label:""Creator"",requiredRole:""admin"",showInNav:!1}]},Y={home:""HOME"",heatseeker:""HEATSEEKER"",agents:""AGENT HUB"",flowseeker:""FLOWSEEKER"",nexus:""NEXUS""};r.A,u.A,x.A,S.A,M.A;let X={HOME:r.A,HEATSEEKER:u.A,""AGENT HUB"":M.A,FLOWSEEKER:x.A,NEXUS:S.A},Q={home:r.A,stages:a.A,portal:l.A,developer:i.A,""admin-portal"":c.A,""admin-api-platform"":c.A,megaphone:d.A,""talon-kb"":_.A,""","-usage"":E.A,heatmaps:R.A,""skylit-charts"":p.A,alerts:F.A,trinity:W.A,settings:P.A,""agent-terminal"":i.A,trade:w.A,""trinity-sniper"":A.A,""deep-research"":C.A,tradelab:D.A,plugins:L.A,""creator-studio"":q.A,compass:y.A,livefeed:a.A,darkfeed:f.A,scanner:O.A,lookup:v.A,""company-events"":k.A,tracker:B.A,""flow-alerts"":m.A,""flowseeker-settings"":P.A,leaderboard:j.A,profile:G.A,trades:N.A,ideas:l.A,newtrade:V.A,academy:o.A,""nexus-settings"":P.A,""copy-trading"":T.A,""nexus-admin"":c.A,""njord-catalog"":s.A};function $(e){return X[e]}function J(e){return Q[e]}let Z={home:""/"",stages:""/stages"",heatmaps:""/"",""skylit-charts"":""/atlas"",alerts:""/alerts"",trinity:""/trinity"",settings:""/settings"",""admin-portal"":""/admin-portal"""
1536-064f08115df39c50.js,flowseeker,33,39,477910,1,flowseeker,"-studio"",icon:z.A,label:""Creator"",requiredRole:""admin"",showInNav:!1}]},Y={home:""HOME"",heatseeker:""HEATSEEKER"",agents:""AGENT HUB"",flowseeker:""FLOWSEEKER"",nexus:""NEXUS""};r.A,u.A,x.A,S.A,M.A;let X={HOME:r.A,HEATSEEKER:u.A,""AGENT HUB"":M.A,FLOWSEEKER:x.A,NEXUS:S.A},Q={home:r.A,stages:a.A,portal:l.A,developer:i.A,""admin-portal"":c.A,""admin-api-platform"":c.A,megaphone:d.A,""talon-kb"":_.A,""talon-usage"":E.A,heatmaps:R.A,""skylit-charts"":p.A,alerts:F.A,trinity:W.A,settings:P.A,""agent-terminal"":i.A,trade:w.A,""trinity-sniper"":A.A,""deep-research"":C.A,tradelab:D.A,plugins:L.A,""creator-studio"":q.A,compass:y.A,livefeed:a.A,darkfeed:f.A,scanner:O.A,lookup:v.A,""company-events"":k.A,tracker:B.A,""flow-alerts"":m.A,""","-settings"":P.A,leaderboard:j.A,profile:G.A,trades:N.A,ideas:l.A,newtrade:V.A,academy:o.A,""nexus-settings"":P.A,""copy-trading"":T.A,""nexus-admin"":c.A,""njord-catalog"":s.A};function $(e){return X[e]}function J(e){return Q[e]}let Z={home:""/"",stages:""/stages"",heatmaps:""/"",""skylit-charts"":""/atlas"",alerts:""/alerts"",trinity:""/trinity"",settings:""/settings"",""admin-portal"":""/admin-portal"",megaphone:""/megaphone"",""talon-kb"":""/agents/talon-kb"",""talon-usage"":""/agents/talon-usage"",""agent-terminal"":""/agents"",trade:""/agents/trade"",""trinity-sniper"":""/agents/trinity-sniper"",""deep-research"":""/agents/research"",tradelab:""/agents/tradelab"",plugins:""/plugins"",""creator-studio"":""/creator"",compass:""/flow/compass"",livefee"
1536-064f08115df39c50.js,atlas,29,30,478204,1,atlas,",developer:i.A,""admin-portal"":c.A,""admin-api-platform"":c.A,megaphone:d.A,""talon-kb"":_.A,""talon-usage"":E.A,heatmaps:R.A,""skylit-charts"":p.A,alerts:F.A,trinity:W.A,settings:P.A,""agent-terminal"":i.A,trade:w.A,""trinity-sniper"":A.A,""deep-research"":C.A,tradelab:D.A,plugins:L.A,""creator-studio"":q.A,compass:y.A,livefeed:a.A,darkfeed:f.A,scanner:O.A,lookup:v.A,""company-events"":k.A,tracker:B.A,""flow-alerts"":m.A,""flowseeker-settings"":P.A,leaderboard:j.A,profile:G.A,trades:N.A,ideas:l.A,newtrade:V.A,academy:o.A,""nexus-settings"":P.A,""copy-trading"":T.A,""nexus-admin"":c.A,""njord-catalog"":s.A};function $(e){return X[e]}function J(e){return Q[e]}let Z={home:""/"",stages:""/stages"",heatmaps:""/"",""skylit-charts"":""/",""",alerts:""/alerts"",trinity:""/trinity"",settings:""/settings"",""admin-portal"":""/admin-portal"",megaphone:""/megaphone"",""talon-kb"":""/agents/talon-kb"",""talon-usage"":""/agents/talon-usage"",""agent-terminal"":""/agents"",trade:""/agents/trade"",""trinity-sniper"":""/agents/trinity-sniper"",""deep-research"":""/agents/research"",tradelab:""/agents/tradelab"",plugins:""/plugins"",""creator-studio"":""/creator"",compass:""/flow/compass"",livefeed:""/flow/live"",darkfeed:""/flow/dark"",scanner:""/flow/scanner"",lookup:""/flow/lookup"",""company-events"":""/flow/events"",tracker:""/flow/tracker"",""flow-alerts"":""/flow/alerts"",""flowseeker-settings"":""/flow/settings"",leaderboard:""/nexus/leaderboard"",profile:""/nexus/profile"",trades:""/nexus/trades"",i"
1536-064f08115df39c50.js,talon,118,125,478323,1,talon,"""skylit-charts"":p.A,alerts:F.A,trinity:W.A,settings:P.A,""agent-terminal"":i.A,trade:w.A,""trinity-sniper"":A.A,""deep-research"":C.A,tradelab:D.A,plugins:L.A,""creator-studio"":q.A,compass:y.A,livefeed:a.A,darkfeed:f.A,scanner:O.A,lookup:v.A,""company-events"":k.A,tracker:B.A,""flow-alerts"":m.A,""flowseeker-settings"":P.A,leaderboard:j.A,profile:G.A,trades:N.A,ideas:l.A,newtrade:V.A,academy:o.A,""nexus-settings"":P.A,""copy-trading"":T.A,""nexus-admin"":c.A,""njord-catalog"":s.A};function $(e){return X[e]}function J(e){return Q[e]}let Z={home:""/"",stages:""/stages"",heatmaps:""/"",""skylit-charts"":""/atlas"",alerts:""/alerts"",trinity:""/trinity"",settings:""/settings"",""admin-portal"":""/admin-portal"",megaphone:""/megaphone"",""","-kb"":""/agents/talon-kb"",""talon-usage"":""/agents/talon-usage"",""agent-terminal"":""/agents"",trade:""/agents/trade"",""trinity-sniper"":""/agents/trinity-sniper"",""deep-research"":""/agents/research"",tradelab:""/agents/tradelab"",plugins:""/plugins"",""creator-studio"":""/creator"",compass:""/flow/compass"",livefeed:""/flow/live"",darkfeed:""/flow/dark"",scanner:""/flow/scanner"",lookup:""/flow/lookup"",""company-events"":""/flow/events"",tracker:""/flow/tracker"",""flow-alerts"":""/flow/alerts"",""flowseeker-settings"":""/flow/settings"",leaderboard:""/nexus/leaderboard"",profile:""/nexus/profile"",trades:""/nexus/trades"",ideas:""/nexus/ideas"",newtrade:""/nexus/new-trade"",academy:""/academy"",""nexus-settings"":""/nexus/settings"",""copy-trading"":""/"
1536-064f08115df39c50.js,talon,119,125,478342,1,talon,",alerts:F.A,trinity:W.A,settings:P.A,""agent-terminal"":i.A,trade:w.A,""trinity-sniper"":A.A,""deep-research"":C.A,tradelab:D.A,plugins:L.A,""creator-studio"":q.A,compass:y.A,livefeed:a.A,darkfeed:f.A,scanner:O.A,lookup:v.A,""company-events"":k.A,tracker:B.A,""flow-alerts"":m.A,""flowseeker-settings"":P.A,leaderboard:j.A,profile:G.A,trades:N.A,ideas:l.A,newtrade:V.A,academy:o.A,""nexus-settings"":P.A,""copy-trading"":T.A,""nexus-admin"":c.A,""njord-catalog"":s.A};function $(e){return X[e]}function J(e){return Q[e]}let Z={home:""/"",stages:""/stages"",heatmaps:""/"",""skylit-charts"":""/atlas"",alerts:""/alerts"",trinity:""/trinity"",settings:""/settings"",""admin-portal"":""/admin-portal"",megaphone:""/megaphone"",""talon-kb"":""/agents/","-kb"",""talon-usage"":""/agents/talon-usage"",""agent-terminal"":""/agents"",trade:""/agents/trade"",""trinity-sniper"":""/agents/trinity-sniper"",""deep-research"":""/agents/research"",tradelab:""/agents/tradelab"",plugins:""/plugins"",""creator-studio"":""/creator"",compass:""/flow/compass"",livefeed:""/flow/live"",darkfeed:""/flow/dark"",scanner:""/flow/scanner"",lookup:""/flow/lookup"",""company-events"":""/flow/events"",tracker:""/flow/tracker"",""flow-alerts"":""/flow/alerts"",""flowseeker-settings"":""/flow/settings"",leaderboard:""/nexus/leaderboard"",profile:""/nexus/profile"",trades:""/nexus/trades"",ideas:""/nexus/ideas"",newtrade:""/nexus/new-trade"",academy:""/academy"",""nexus-settings"":""/nexus/settings"",""copy-trading"":""/nexus/copy-trading"""
1536-064f08115df39c50.js,talon,120,125,478353,1,talon,",trinity:W.A,settings:P.A,""agent-terminal"":i.A,trade:w.A,""trinity-sniper"":A.A,""deep-research"":C.A,tradelab:D.A,plugins:L.A,""creator-studio"":q.A,compass:y.A,livefeed:a.A,darkfeed:f.A,scanner:O.A,lookup:v.A,""company-events"":k.A,tracker:B.A,""flow-alerts"":m.A,""flowseeker-settings"":P.A,leaderboard:j.A,profile:G.A,trades:N.A,ideas:l.A,newtrade:V.A,academy:o.A,""nexus-settings"":P.A,""copy-trading"":T.A,""nexus-admin"":c.A,""njord-catalog"":s.A};function $(e){return X[e]}function J(e){return Q[e]}let Z={home:""/"",stages:""/stages"",heatmaps:""/"",""skylit-charts"":""/atlas"",alerts:""/alerts"",trinity:""/trinity"",settings:""/settings"",""admin-portal"":""/admin-portal"",megaphone:""/megaphone"",""talon-kb"":""/agents/talon-kb"",""","-usage"":""/agents/talon-usage"",""agent-terminal"":""/agents"",trade:""/agents/trade"",""trinity-sniper"":""/agents/trinity-sniper"",""deep-research"":""/agents/research"",tradelab:""/agents/tradelab"",plugins:""/plugins"",""creator-studio"":""/creator"",compass:""/flow/compass"",livefeed:""/flow/live"",darkfeed:""/flow/dark"",scanner:""/flow/scanner"",lookup:""/flow/lookup"",""company-events"":""/flow/events"",tracker:""/flow/tracker"",""flow-alerts"":""/flow/alerts"",""flowseeker-settings"":""/flow/settings"",leaderboard:""/nexus/leaderboard"",profile:""/nexus/profile"",trades:""/nexus/trades"",ideas:""/nexus/ideas"",newtrade:""/nexus/new-trade"",academy:""/academy"",""nexus-settings"":""/nexus/settings"",""copy-trading"":""/nexus/copy-trading"",""nexus-adm"
1536-064f08115df39c50.js,talon,121,125,478375,1,talon,"P.A,""agent-terminal"":i.A,trade:w.A,""trinity-sniper"":A.A,""deep-research"":C.A,tradelab:D.A,plugins:L.A,""creator-studio"":q.A,compass:y.A,livefeed:a.A,darkfeed:f.A,scanner:O.A,lookup:v.A,""company-events"":k.A,tracker:B.A,""flow-alerts"":m.A,""flowseeker-settings"":P.A,leaderboard:j.A,profile:G.A,trades:N.A,ideas:l.A,newtrade:V.A,academy:o.A,""nexus-settings"":P.A,""copy-trading"":T.A,""nexus-admin"":c.A,""njord-catalog"":s.A};function $(e){return X[e]}function J(e){return Q[e]}let Z={home:""/"",stages:""/stages"",heatmaps:""/"",""skylit-charts"":""/atlas"",alerts:""/alerts"",trinity:""/trinity"",settings:""/settings"",""admin-portal"":""/admin-portal"",megaphone:""/megaphone"",""talon-kb"":""/agents/talon-kb"",""talon-usage"":""/agents/","-usage"",""agent-terminal"":""/agents"",trade:""/agents/trade"",""trinity-sniper"":""/agents/trinity-sniper"",""deep-research"":""/agents/research"",tradelab:""/agents/tradelab"",plugins:""/plugins"",""creator-studio"":""/creator"",compass:""/flow/compass"",livefeed:""/flow/live"",darkfeed:""/flow/dark"",scanner:""/flow/scanner"",lookup:""/flow/lookup"",""company-events"":""/flow/events"",tracker:""/flow/tracker"",""flow-alerts"":""/flow/alerts"",""flowseeker-settings"":""/flow/settings"",leaderboard:""/nexus/leaderboard"",profile:""/nexus/profile"",trades:""/nexus/trades"",ideas:""/nexus/ideas"",newtrade:""/nexus/new-trade"",academy:""/academy"",""nexus-settings"":""/nexus/settings"",""copy-trading"":""/nexus/copy-trading"",""nexus-admin"":""/nexus/admin"",por"
1536-064f08115df39c50.js,flowseeker,34,39,478789,1,flowseeker,"unction $(e){return X[e]}function J(e){return Q[e]}let Z={home:""/"",stages:""/stages"",heatmaps:""/"",""skylit-charts"":""/atlas"",alerts:""/alerts"",trinity:""/trinity"",settings:""/settings"",""admin-portal"":""/admin-portal"",megaphone:""/megaphone"",""talon-kb"":""/agents/talon-kb"",""talon-usage"":""/agents/talon-usage"",""agent-terminal"":""/agents"",trade:""/agents/trade"",""trinity-sniper"":""/agents/trinity-sniper"",""deep-research"":""/agents/research"",tradelab:""/agents/tradelab"",plugins:""/plugins"",""creator-studio"":""/creator"",compass:""/flow/compass"",livefeed:""/flow/live"",darkfeed:""/flow/dark"",scanner:""/flow/scanner"",lookup:""/flow/lookup"",""company-events"":""/flow/events"",tracker:""/flow/tracker"",""flow-alerts"":""/flow/alerts"",""","-settings"":""/flow/settings"",leaderboard:""/nexus/leaderboard"",profile:""/nexus/profile"",trades:""/nexus/trades"",ideas:""/nexus/ideas"",newtrade:""/nexus/new-trade"",academy:""/academy"",""nexus-settings"":""/nexus/settings"",""copy-trading"":""/nexus/copy-trading"",""nexus-admin"":""/nexus/admin"",portal:""/portal"",developer:""/developer"",""admin-api-platform"":""/admin/api-platform"",...H?{""njord-catalog"":""/products""}:{}},ee={""/"":""heatmaps"",""/stages"":""stages"",""/atlas"":""skylit-charts"",""/charts"":""skylit-charts"",""/alerts"":""alerts"",""/trinity"":""trinity"",""/settings"":""settings"",""/admin-portal"":""admin-portal"",""/megaphone"":""megaphone"",""/agents/talon-kb"":""talon-kb"",""/agents/talon-usage"":""talon-usage"",""/agents/trade"":""trade"",""/"
1536-064f08115df39c50.js,atlas,30,30,479239,1,atlas,"b"",plugins:""/plugins"",""creator-studio"":""/creator"",compass:""/flow/compass"",livefeed:""/flow/live"",darkfeed:""/flow/dark"",scanner:""/flow/scanner"",lookup:""/flow/lookup"",""company-events"":""/flow/events"",tracker:""/flow/tracker"",""flow-alerts"":""/flow/alerts"",""flowseeker-settings"":""/flow/settings"",leaderboard:""/nexus/leaderboard"",profile:""/nexus/profile"",trades:""/nexus/trades"",ideas:""/nexus/ideas"",newtrade:""/nexus/new-trade"",academy:""/academy"",""nexus-settings"":""/nexus/settings"",""copy-trading"":""/nexus/copy-trading"",""nexus-admin"":""/nexus/admin"",portal:""/portal"",developer:""/developer"",""admin-api-platform"":""/admin/api-platform"",...H?{""njord-catalog"":""/products""}:{}},ee={""/"":""heatmaps"",""/stages"":""stages"",""/",""":""skylit-charts"",""/charts"":""skylit-charts"",""/alerts"":""alerts"",""/trinity"":""trinity"",""/settings"":""settings"",""/admin-portal"":""admin-portal"",""/megaphone"":""megaphone"",""/agents/talon-kb"":""talon-kb"",""/agents/talon-usage"":""talon-usage"",""/agents/trade"":""trade"",""/agents/trinity-sniper"":""trinity-sniper"",""/agents/research"":""deep-research"",""/agents"":""agent-terminal"",""/agents/tradelab"":""tradelab"",""/plugins"":""plugins"",""/creator"":""creator-studio"",""/flow/compass"":""compass"",""/flow/live"":""livefeed"",""/flow/dark"":""darkfeed"",""/flow/scanner"":""scanner"",""/flow/lookup"":""lookup"",""/flow/events"":""company-events"",""/flow/tracker"":""tracker"",""/flow/alerts"":""flow-alerts"",""/flow/settings"":""flowseeker-settings"",""/nexus/leader"
1536-064f08115df39c50.js,talon,122,125,479416,1,talon,"ts"":""/flow/events"",tracker:""/flow/tracker"",""flow-alerts"":""/flow/alerts"",""flowseeker-settings"":""/flow/settings"",leaderboard:""/nexus/leaderboard"",profile:""/nexus/profile"",trades:""/nexus/trades"",ideas:""/nexus/ideas"",newtrade:""/nexus/new-trade"",academy:""/academy"",""nexus-settings"":""/nexus/settings"",""copy-trading"":""/nexus/copy-trading"",""nexus-admin"":""/nexus/admin"",portal:""/portal"",developer:""/developer"",""admin-api-platform"":""/admin/api-platform"",...H?{""njord-catalog"":""/products""}:{}},ee={""/"":""heatmaps"",""/stages"":""stages"",""/atlas"":""skylit-charts"",""/charts"":""skylit-charts"",""/alerts"":""alerts"",""/trinity"":""trinity"",""/settings"":""settings"",""/admin-portal"":""admin-portal"",""/megaphone"":""megaphone"",""/agents/","-kb"":""talon-kb"",""/agents/talon-usage"":""talon-usage"",""/agents/trade"":""trade"",""/agents/trinity-sniper"":""trinity-sniper"",""/agents/research"":""deep-research"",""/agents"":""agent-terminal"",""/agents/tradelab"":""tradelab"",""/plugins"":""plugins"",""/creator"":""creator-studio"",""/flow/compass"":""compass"",""/flow/live"":""livefeed"",""/flow/dark"":""darkfeed"",""/flow/scanner"":""scanner"",""/flow/lookup"":""lookup"",""/flow/events"":""company-events"",""/flow/tracker"":""tracker"",""/flow/alerts"":""flow-alerts"",""/flow/settings"":""flowseeker-settings"",""/nexus/leaderboard"":""leaderboard"",""/nexus/profile"":""profile"",""/nexus/trades"":""trades"",""/nexus/ideas"":""ideas"",""/nexus/new-trade"":""newtrade"",""/academy"":""academy"",""/nexus/settings"":""nexus-setti"
1536-064f08115df39c50.js,talon,123,125,479427,1,talon,"events"",tracker:""/flow/tracker"",""flow-alerts"":""/flow/alerts"",""flowseeker-settings"":""/flow/settings"",leaderboard:""/nexus/leaderboard"",profile:""/nexus/profile"",trades:""/nexus/trades"",ideas:""/nexus/ideas"",newtrade:""/nexus/new-trade"",academy:""/academy"",""nexus-settings"":""/nexus/settings"",""copy-trading"":""/nexus/copy-trading"",""nexus-admin"":""/nexus/admin"",portal:""/portal"",developer:""/developer"",""admin-api-platform"":""/admin/api-platform"",...H?{""njord-catalog"":""/products""}:{}},ee={""/"":""heatmaps"",""/stages"":""stages"",""/atlas"":""skylit-charts"",""/charts"":""skylit-charts"",""/alerts"":""alerts"",""/trinity"":""trinity"",""/settings"":""settings"",""/admin-portal"":""admin-portal"",""/megaphone"":""megaphone"",""/agents/talon-kb"":""","-kb"",""/agents/talon-usage"":""talon-usage"",""/agents/trade"":""trade"",""/agents/trinity-sniper"":""trinity-sniper"",""/agents/research"":""deep-research"",""/agents"":""agent-terminal"",""/agents/tradelab"":""tradelab"",""/plugins"":""plugins"",""/creator"":""creator-studio"",""/flow/compass"":""compass"",""/flow/live"":""livefeed"",""/flow/dark"":""darkfeed"",""/flow/scanner"":""scanner"",""/flow/lookup"":""lookup"",""/flow/events"":""company-events"",""/flow/tracker"":""tracker"",""/flow/alerts"":""flow-alerts"",""/flow/settings"":""flowseeker-settings"",""/nexus/leaderboard"":""leaderboard"",""/nexus/profile"":""profile"",""/nexus/trades"":""trades"",""/nexus/ideas"":""ideas"",""/nexus/new-trade"":""newtrade"",""/academy"":""academy"",""/nexus/settings"":""nexus-settings"",""/nexu"
1536-064f08115df39c50.js,talon,124,125,479446,1,talon,"low/tracker"",""flow-alerts"":""/flow/alerts"",""flowseeker-settings"":""/flow/settings"",leaderboard:""/nexus/leaderboard"",profile:""/nexus/profile"",trades:""/nexus/trades"",ideas:""/nexus/ideas"",newtrade:""/nexus/new-trade"",academy:""/academy"",""nexus-settings"":""/nexus/settings"",""copy-trading"":""/nexus/copy-trading"",""nexus-admin"":""/nexus/admin"",portal:""/portal"",developer:""/developer"",""admin-api-platform"":""/admin/api-platform"",...H?{""njord-catalog"":""/products""}:{}},ee={""/"":""heatmaps"",""/stages"":""stages"",""/atlas"":""skylit-charts"",""/charts"":""skylit-charts"",""/alerts"":""alerts"",""/trinity"":""trinity"",""/settings"":""settings"",""/admin-portal"":""admin-portal"",""/megaphone"":""megaphone"",""/agents/talon-kb"":""talon-kb"",""/agents/","-usage"":""talon-usage"",""/agents/trade"":""trade"",""/agents/trinity-sniper"":""trinity-sniper"",""/agents/research"":""deep-research"",""/agents"":""agent-terminal"",""/agents/tradelab"":""tradelab"",""/plugins"":""plugins"",""/creator"":""creator-studio"",""/flow/compass"":""compass"",""/flow/live"":""livefeed"",""/flow/dark"":""darkfeed"",""/flow/scanner"":""scanner"",""/flow/lookup"":""lookup"",""/flow/events"":""company-events"",""/flow/tracker"":""tracker"",""/flow/alerts"":""flow-alerts"",""/flow/settings"":""flowseeker-settings"",""/nexus/leaderboard"":""leaderboard"",""/nexus/profile"":""profile"",""/nexus/trades"":""trades"",""/nexus/ideas"":""ideas"",""/nexus/new-trade"":""newtrade"",""/academy"":""academy"",""/nexus/settings"":""nexus-settings"",""/nexus/copy-trading"":""co"
1536-064f08115df39c50.js,talon,125,125,479460,1,talon,"flow-alerts"":""/flow/alerts"",""flowseeker-settings"":""/flow/settings"",leaderboard:""/nexus/leaderboard"",profile:""/nexus/profile"",trades:""/nexus/trades"",ideas:""/nexus/ideas"",newtrade:""/nexus/new-trade"",academy:""/academy"",""nexus-settings"":""/nexus/settings"",""copy-trading"":""/nexus/copy-trading"",""nexus-admin"":""/nexus/admin"",portal:""/portal"",developer:""/developer"",""admin-api-platform"":""/admin/api-platform"",...H?{""njord-catalog"":""/products""}:{}},ee={""/"":""heatmaps"",""/stages"":""stages"",""/atlas"":""skylit-charts"",""/charts"":""skylit-charts"",""/alerts"":""alerts"",""/trinity"":""trinity"",""/settings"":""settings"",""/admin-portal"":""admin-portal"",""/megaphone"":""megaphone"",""/agents/talon-kb"":""talon-kb"",""/agents/talon-usage"":""","-usage"",""/agents/trade"":""trade"",""/agents/trinity-sniper"":""trinity-sniper"",""/agents/research"":""deep-research"",""/agents"":""agent-terminal"",""/agents/tradelab"":""tradelab"",""/plugins"":""plugins"",""/creator"":""creator-studio"",""/flow/compass"":""compass"",""/flow/live"":""livefeed"",""/flow/dark"":""darkfeed"",""/flow/scanner"":""scanner"",""/flow/lookup"":""lookup"",""/flow/events"":""company-events"",""/flow/tracker"":""tracker"",""/flow/alerts"":""flow-alerts"",""/flow/settings"":""flowseeker-settings"",""/nexus/leaderboard"":""leaderboard"",""/nexus/profile"":""profile"",""/nexus/trades"":""trades"",""/nexus/ideas"":""ideas"",""/nexus/new-trade"":""newtrade"",""/academy"":""academy"",""/nexus/settings"":""nexus-settings"",""/nexus/copy-trading"":""copy-trading"",""/"
1536-064f08115df39c50.js,flowseeker,35,39,479909,1,flowseeker,"eatmaps"",""/stages"":""stages"",""/atlas"":""skylit-charts"",""/charts"":""skylit-charts"",""/alerts"":""alerts"",""/trinity"":""trinity"",""/settings"":""settings"",""/admin-portal"":""admin-portal"",""/megaphone"":""megaphone"",""/agents/talon-kb"":""talon-kb"",""/agents/talon-usage"":""talon-usage"",""/agents/trade"":""trade"",""/agents/trinity-sniper"":""trinity-sniper"",""/agents/research"":""deep-research"",""/agents"":""agent-terminal"",""/agents/tradelab"":""tradelab"",""/plugins"":""plugins"",""/creator"":""creator-studio"",""/flow/compass"":""compass"",""/flow/live"":""livefeed"",""/flow/dark"":""darkfeed"",""/flow/scanner"":""scanner"",""/flow/lookup"":""lookup"",""/flow/events"":""company-events"",""/flow/tracker"":""tracker"",""/flow/alerts"":""flow-alerts"",""/flow/settings"":""","-settings"",""/nexus/leaderboard"":""leaderboard"",""/nexus/profile"":""profile"",""/nexus/trades"":""trades"",""/nexus/ideas"":""ideas"",""/nexus/new-trade"":""newtrade"",""/academy"":""academy"",""/nexus/settings"":""nexus-settings"",""/nexus/copy-trading"":""copy-trading"",""/nexus/admin"":""nexus-admin"",""/portal"":""portal"",""/developer"":""developer"",""/admin/api-platform"":""admin-api-platform"",...H?{""/products"":""njord-catalog"",""/njord/catalog"":""njord-catalog""}:{}};function et(e){for(let t of K)for(let n of t.items)if(n.id===e)return n.requiredRole}function en(e){if(ee[e])return ee[e];for(let[t,n]of Object.entries(ee))if(""/""!==t&&e.startsWith(t+""/""))return n;return""heatmaps""}function er(e){for(let[t,n]of Object.entries(U))if(n.s"
1536-064f08115df39c50.js,trigger,15,19,481573,1,trigger,"n document.addEventListener(""mousedown"",r),document.addEventListener(""touchstart"",r),()=>{document.removeEventListener(""mousedown"",r),document.removeEventListener(""touchstart"",r)}},[e,t,n])}},69652:(e,t,n)=>{n.d(t,{u:()=>l});var r=n(12115),a=n(27048);function l(e){let t=arguments.length>1&&void 0!==arguments[1]&&arguments[1],[l,o]=(0,r.useState)(()=>a.g.isFeatureEnabled(e,t));return(0,r.useEffect)(()=>{var r;let l;return o(a.g.isFeatureEnabled(e,t)),r=()=>{o(a.g.isFeatureEnabled(e,t))},l=!1,Promise.resolve().then(n.bind(n,26614)).then(e=>{let{default:t}=e;l||t.onFeatureFlags(()=>{l||r()})}).catch(()=>{}),()=>{l=!0}},[e,t]),l}},69804:(e,t,n)=>{n.d(t,{m:()=>l});var r=n(12115);let a={isOpen:!1,",":null,query:"""",position:{top:0,left:0},selectedIndex:0};function l(e){let{onSelect:t}=e,[n,l]=(0,r.useState)(a),o=(0,r.useCallback)(()=>{l(a)},[]),s=(0,r.useCallback)((e,t)=>{if(!n.isOpen)return!1;switch(e.key){case""ArrowDown"":return e.preventDefault(),l(e=>({...e,selectedIndex:Math.min(e.selectedIndex+1,t-1)})),!0;case""ArrowUp"":return e.preventDefault(),l(e=>({...e,selectedIndex:Math.max(e.selectedIndex-1,0)})),!0;case""Enter"":case""Tab"":return e.preventDefault(),!0;case""Escape"":return e.preventDefault(),o(),!0;default:return!1}},[n.isOpen,o]),i=(0,r.useCallback)((e,t,n,r)=>{let a=e.slice(0,t),s=a.lastIndexOf(""@""),i=a.lastIndexOf(""$""),c=-1,d=null;if(s>i){let e=a.slice(s+1);!e.includes("" "")&&e"
1536-064f08115df39c50.js,trigger,16,19,482469,1,trigger,"eturn!1;switch(e.key){case""ArrowDown"":return e.preventDefault(),l(e=>({...e,selectedIndex:Math.min(e.selectedIndex+1,t-1)})),!0;case""ArrowUp"":return e.preventDefault(),l(e=>({...e,selectedIndex:Math.max(e.selectedIndex-1,0)})),!0;case""Enter"":case""Tab"":return e.preventDefault(),!0;case""Escape"":return e.preventDefault(),o(),!0;default:return!1}},[n.isOpen,o]),i=(0,r.useCallback)((e,t,n,r)=>{let a=e.slice(0,t),s=a.lastIndexOf(""@""),i=a.lastIndexOf(""$""),c=-1,d=null;if(s>i){let e=a.slice(s+1);!e.includes("" "")&&e.length<=20&&(c=s,d=""@"")}else if(i>=0){let e=a.slice(i+1);!e.includes("" "")&&e.length<=10&&(c=i,d=""$"")}if(d&&c>=0){let e=a.slice(c+1),t=a.split(""\n""),o=t.length-1,s=t[o].length;l({isOpen:!0,",":d,query:e,position:{top:n.top+(o+1)*r+4,left:n.left+Math.min(7*s,n.width-200)},selectedIndex:0})}else o()},[o]),c=(0,r.useCallback)((e,r)=>{n.trigger&&t(n.trigger,e,r),o()},[n.trigger,t,o]);return{state:n,detectTrigger:i,handleKeyDown:s,selectItem:c,close:o}}},71692:(e,t,n)=>{n.d(t,{g:()=>o});var r=n(25959),a=n(89863),l=n(77808);let o=(0,r.v)()((0,a.lt)((e,t)=>({notifications:[],dismissedIds:[],clearedBefore:null,unread:0,lastReadAt:null,cursor:"""",hasMore:!1,isLoading:!1,setAuthToken:t=>e({authToken:t},!1,""setAuthToken""),fetchNotifications:async()=>{e({isLoading:!0},!1,""fetch:start"");try{let n=await (0,l.Rz)({limit:30},t().authToken);e({notifications:n.notifications||[],unread:n.unread,last"
1536-064f08115df39c50.js,trigger,17,19,482619,1,trigger,".preventDefault(),l(e=>({...e,selectedIndex:Math.max(e.selectedIndex-1,0)})),!0;case""Enter"":case""Tab"":return e.preventDefault(),!0;case""Escape"":return e.preventDefault(),o(),!0;default:return!1}},[n.isOpen,o]),i=(0,r.useCallback)((e,t,n,r)=>{let a=e.slice(0,t),s=a.lastIndexOf(""@""),i=a.lastIndexOf(""$""),c=-1,d=null;if(s>i){let e=a.slice(s+1);!e.includes("" "")&&e.length<=20&&(c=s,d=""@"")}else if(i>=0){let e=a.slice(i+1);!e.includes("" "")&&e.length<=10&&(c=i,d=""$"")}if(d&&c>=0){let e=a.slice(c+1),t=a.split(""\n""),o=t.length-1,s=t[o].length;l({isOpen:!0,trigger:d,query:e,position:{top:n.top+(o+1)*r+4,left:n.left+Math.min(7*s,n.width-200)},selectedIndex:0})}else o()},[o]),c=(0,r.useCallback)((e,r)=>{n.","&&t(n.trigger,e,r),o()},[n.trigger,t,o]);return{state:n,detectTrigger:i,handleKeyDown:s,selectItem:c,close:o}}},71692:(e,t,n)=>{n.d(t,{g:()=>o});var r=n(25959),a=n(89863),l=n(77808);let o=(0,r.v)()((0,a.lt)((e,t)=>({notifications:[],dismissedIds:[],clearedBefore:null,unread:0,lastReadAt:null,cursor:"""",hasMore:!1,isLoading:!1,setAuthToken:t=>e({authToken:t},!1,""setAuthToken""),fetchNotifications:async()=>{e({isLoading:!0},!1,""fetch:start"");try{let n=await (0,l.Rz)({limit:30},t().authToken);e({notifications:n.notifications||[],unread:n.unread,lastReadAt:n.last_read_at,cursor:n.next_cursor,hasMore:!!n.next_cursor,isLoading:!1},!1,""fetch:done"")}catch(t){e({isLoading:!1},!1,""fetch:error"")}},loadMo"
1536-064f08115df39c50.js,trigger,18,19,482632,1,trigger,"lt(),l(e=>({...e,selectedIndex:Math.max(e.selectedIndex-1,0)})),!0;case""Enter"":case""Tab"":return e.preventDefault(),!0;case""Escape"":return e.preventDefault(),o(),!0;default:return!1}},[n.isOpen,o]),i=(0,r.useCallback)((e,t,n,r)=>{let a=e.slice(0,t),s=a.lastIndexOf(""@""),i=a.lastIndexOf(""$""),c=-1,d=null;if(s>i){let e=a.slice(s+1);!e.includes("" "")&&e.length<=20&&(c=s,d=""@"")}else if(i>=0){let e=a.slice(i+1);!e.includes("" "")&&e.length<=10&&(c=i,d=""$"")}if(d&&c>=0){let e=a.slice(c+1),t=a.split(""\n""),o=t.length-1,s=t[o].length;l({isOpen:!0,trigger:d,query:e,position:{top:n.top+(o+1)*r+4,left:n.left+Math.min(7*s,n.width-200)},selectedIndex:0})}else o()},[o]),c=(0,r.useCallback)((e,r)=>{n.trigger&&t(n.",",e,r),o()},[n.trigger,t,o]);return{state:n,detectTrigger:i,handleKeyDown:s,selectItem:c,close:o}}},71692:(e,t,n)=>{n.d(t,{g:()=>o});var r=n(25959),a=n(89863),l=n(77808);let o=(0,r.v)()((0,a.lt)((e,t)=>({notifications:[],dismissedIds:[],clearedBefore:null,unread:0,lastReadAt:null,cursor:"""",hasMore:!1,isLoading:!1,setAuthToken:t=>e({authToken:t},!1,""setAuthToken""),fetchNotifications:async()=>{e({isLoading:!0},!1,""fetch:start"");try{let n=await (0,l.Rz)({limit:30},t().authToken);e({notifications:n.notifications||[],unread:n.unread,lastReadAt:n.last_read_at,cursor:n.next_cursor,hasMore:!!n.next_cursor,isLoading:!1},!1,""fetch:done"")}catch(t){e({isLoading:!1},!1,""fetch:error"")}},loadMore:async()=>{"
1536-064f08115df39c50.js,trigger,19,19,482653,1,trigger,"ctedIndex:Math.max(e.selectedIndex-1,0)})),!0;case""Enter"":case""Tab"":return e.preventDefault(),!0;case""Escape"":return e.preventDefault(),o(),!0;default:return!1}},[n.isOpen,o]),i=(0,r.useCallback)((e,t,n,r)=>{let a=e.slice(0,t),s=a.lastIndexOf(""@""),i=a.lastIndexOf(""$""),c=-1,d=null;if(s>i){let e=a.slice(s+1);!e.includes("" "")&&e.length<=20&&(c=s,d=""@"")}else if(i>=0){let e=a.slice(i+1);!e.includes("" "")&&e.length<=10&&(c=i,d=""$"")}if(d&&c>=0){let e=a.slice(c+1),t=a.split(""\n""),o=t.length-1,s=t[o].length;l({isOpen:!0,trigger:d,query:e,position:{top:n.top+(o+1)*r+4,left:n.left+Math.min(7*s,n.width-200)},selectedIndex:0})}else o()},[o]),c=(0,r.useCallback)((e,r)=>{n.trigger&&t(n.trigger,e,r),o()},[n.",",t,o]);return{state:n,detectTrigger:i,handleKeyDown:s,selectItem:c,close:o}}},71692:(e,t,n)=>{n.d(t,{g:()=>o});var r=n(25959),a=n(89863),l=n(77808);let o=(0,r.v)()((0,a.lt)((e,t)=>({notifications:[],dismissedIds:[],clearedBefore:null,unread:0,lastReadAt:null,cursor:"""",hasMore:!1,isLoading:!1,setAuthToken:t=>e({authToken:t},!1,""setAuthToken""),fetchNotifications:async()=>{e({isLoading:!0},!1,""fetch:start"");try{let n=await (0,l.Rz)({limit:30},t().authToken);e({notifications:n.notifications||[],unread:n.unread,lastReadAt:n.last_read_at,cursor:n.next_cursor,hasMore:!!n.next_cursor,isLoading:!1},!1,""fetch:done"")}catch(t){e({isLoading:!1},!1,""fetch:error"")}},loadMore:async()=>{let{cursor:n,hasMore:"
1536-064f08115df39c50.js,flowseeker,36,39,487783,1,flowseeker,"sedTradeKeys);return t.delete(n),{trades:e.trades.map(e=>e.trade_key===n?{...e,notified:!0}:e),closedTradeKeys:t,newClosedCount:Math.max(0,e.newClosedCount-1)}})}catch(e){console.warn(""[TrackedFlow] dismiss failed:"",e)}},dismissAll:async()=>{let{closedTradeKeys:n,getToken:r}=t(),l=Array.from(n).map(e=>(0,a.EX)(e,r).catch(()=>{}));await Promise.all(l),e(e=>({closedTradeKeys:new Set,newClosedCount:0,trades:e.trades.map(t=>e.closedTradeKeys.has(t.trade_key)?{...t,notified:!0}:t)}))}}))},76622:(e,t,n)=>{n.d(t,{If:()=>d,Jf:()=>i,O:()=>s,jk:()=>c});var r=n(94613);let a=[""/products""],l=new Set([""njord-catalog""]),o=new Set([""admin"",""portfolio_manager"",""community"",""initiate"",""pro"",""protege"",""quant"",""",""",""flowseeker-power-user"",""flowseeker-api-user"",""flowseeker-api-access"",""api_access""]);function s(e,t){return(0,r.LM)(e)?""stages"":e.length>0&&e.every(e=>""billing_recovery""===e.toLowerCase())||(null==t?void 0:t.isNjordManaged)&&!e.some(e=>o.has(e.toLowerCase()))?""billing_recovery"":null}function i(e,t){return""stages""===e?(0,r.MB)(t):a.some(e=>t===e||t.startsWith("""".concat(e,""/"")))}function c(e,t){return""stages""===e?(0,r.cb)(t):l.has(t)}function d(e){return""stages""===e?""/stages"":""/products""}},77239:(e,t,n)=>{function r(e){let t=new Date(e).getTime();if(Number.isNaN(t))return"""";let n=Math.max(0,Math.floor((Date.now()-t)/1e3));return n<45?""now"":n<3600?"""".concat(Math.floor(n/60),""m""):n<86400?"""".co"
1536-064f08115df39c50.js,flowseeker,37,39,487796,1,flowseeker,";return t.delete(n),{trades:e.trades.map(e=>e.trade_key===n?{...e,notified:!0}:e),closedTradeKeys:t,newClosedCount:Math.max(0,e.newClosedCount-1)}})}catch(e){console.warn(""[TrackedFlow] dismiss failed:"",e)}},dismissAll:async()=>{let{closedTradeKeys:n,getToken:r}=t(),l=Array.from(n).map(e=>(0,a.EX)(e,r).catch(()=>{}));await Promise.all(l),e(e=>({closedTradeKeys:new Set,newClosedCount:0,trades:e.trades.map(t=>e.closedTradeKeys.has(t.trade_key)?{...t,notified:!0}:t)}))}}))},76622:(e,t,n)=>{n.d(t,{If:()=>d,Jf:()=>i,O:()=>s,jk:()=>c});var r=n(94613);let a=[""/products""],l=new Set([""njord-catalog""]),o=new Set([""admin"",""portfolio_manager"",""community"",""initiate"",""pro"",""protege"",""quant"",""flowseeker"",""","-power-user"",""flowseeker-api-user"",""flowseeker-api-access"",""api_access""]);function s(e,t){return(0,r.LM)(e)?""stages"":e.length>0&&e.every(e=>""billing_recovery""===e.toLowerCase())||(null==t?void 0:t.isNjordManaged)&&!e.some(e=>o.has(e.toLowerCase()))?""billing_recovery"":null}function i(e,t){return""stages""===e?(0,r.MB)(t):a.some(e=>t===e||t.startsWith("""".concat(e,""/"")))}function c(e,t){return""stages""===e?(0,r.cb)(t):l.has(t)}function d(e){return""stages""===e?""/stages"":""/products""}},77239:(e,t,n)=>{function r(e){let t=new Date(e).getTime();if(Number.isNaN(t))return"""";let n=Math.max(0,Math.floor((Date.now()-t)/1e3));return n<45?""now"":n<3600?"""".concat(Math.floor(n/60),""m""):n<86400?"""".concat(Math.flo"
1536-064f08115df39c50.js,flowseeker,38,39,487820,1,flowseeker,"des:e.trades.map(e=>e.trade_key===n?{...e,notified:!0}:e),closedTradeKeys:t,newClosedCount:Math.max(0,e.newClosedCount-1)}})}catch(e){console.warn(""[TrackedFlow] dismiss failed:"",e)}},dismissAll:async()=>{let{closedTradeKeys:n,getToken:r}=t(),l=Array.from(n).map(e=>(0,a.EX)(e,r).catch(()=>{}));await Promise.all(l),e(e=>({closedTradeKeys:new Set,newClosedCount:0,trades:e.trades.map(t=>e.closedTradeKeys.has(t.trade_key)?{...t,notified:!0}:t)}))}}))},76622:(e,t,n)=>{n.d(t,{If:()=>d,Jf:()=>i,O:()=>s,jk:()=>c});var r=n(94613);let a=[""/products""],l=new Set([""njord-catalog""]),o=new Set([""admin"",""portfolio_manager"",""community"",""initiate"",""pro"",""protege"",""quant"",""flowseeker"",""flowseeker-power-user"",""","-api-user"",""flowseeker-api-access"",""api_access""]);function s(e,t){return(0,r.LM)(e)?""stages"":e.length>0&&e.every(e=>""billing_recovery""===e.toLowerCase())||(null==t?void 0:t.isNjordManaged)&&!e.some(e=>o.has(e.toLowerCase()))?""billing_recovery"":null}function i(e,t){return""stages""===e?(0,r.MB)(t):a.some(e=>t===e||t.startsWith("""".concat(e,""/"")))}function c(e,t){return""stages""===e?(0,r.cb)(t):l.has(t)}function d(e){return""stages""===e?""/stages"":""/products""}},77239:(e,t,n)=>{function r(e){let t=new Date(e).getTime();if(Number.isNaN(t))return"""";let n=Math.max(0,Math.floor((Date.now()-t)/1e3));return n<45?""now"":n<3600?"""".concat(Math.floor(n/60),""m""):n<86400?"""".concat(Math.floor(n/3600),""h""):n<604800"
1536-064f08115df39c50.js,flowseeker,39,39,487842,1,flowseeker,"trade_key===n?{...e,notified:!0}:e),closedTradeKeys:t,newClosedCount:Math.max(0,e.newClosedCount-1)}})}catch(e){console.warn(""[TrackedFlow] dismiss failed:"",e)}},dismissAll:async()=>{let{closedTradeKeys:n,getToken:r}=t(),l=Array.from(n).map(e=>(0,a.EX)(e,r).catch(()=>{}));await Promise.all(l),e(e=>({closedTradeKeys:new Set,newClosedCount:0,trades:e.trades.map(t=>e.closedTradeKeys.has(t.trade_key)?{...t,notified:!0}:t)}))}}))},76622:(e,t,n)=>{n.d(t,{If:()=>d,Jf:()=>i,O:()=>s,jk:()=>c});var r=n(94613);let a=[""/products""],l=new Set([""njord-catalog""]),o=new Set([""admin"",""portfolio_manager"",""community"",""initiate"",""pro"",""protege"",""quant"",""flowseeker"",""flowseeker-power-user"",""flowseeker-api-user"",""","-api-access"",""api_access""]);function s(e,t){return(0,r.LM)(e)?""stages"":e.length>0&&e.every(e=>""billing_recovery""===e.toLowerCase())||(null==t?void 0:t.isNjordManaged)&&!e.some(e=>o.has(e.toLowerCase()))?""billing_recovery"":null}function i(e,t){return""stages""===e?(0,r.MB)(t):a.some(e=>t===e||t.startsWith("""".concat(e,""/"")))}function c(e,t){return""stages""===e?(0,r.cb)(t):l.has(t)}function d(e){return""stages""===e?""/stages"":""/products""}},77239:(e,t,n)=>{function r(e){let t=new Date(e).getTime();if(Number.isNaN(t))return"""";let n=Math.max(0,Math.floor((Date.now()-t)/1e3));return n<45?""now"":n<3600?"""".concat(Math.floor(n/60),""m""):n<86400?"""".concat(Math.floor(n/3600),""h""):n<604800?"""".concat(Math.floor("
