source_file,offset,route_or_fragment,context
1536-064f08115df39c50.js,10974,/api/changelog,"er-side watchlist state."",category:""heatseeker"",type:""bug_fix"",attachments:[],authorId:""user_admin"",authorName:""Jimin Kim"",authorAvatarUrl:u(""Jimin Kim""),reactions:{...p,thumbsUp:6,clap:3},userReactions:[],createdAt:c(55),updatedAt:c(55)}]),n(87358);class m extends Error{constructor(e,t,n=""UNKNOWN""){super(e),this.name=""ChangelogAPIError"",this.status=t,this.code=n}}async function g(e,t){let n=arguments.length>2&&void 0!==arguments[2]?arguments[2]:{},r=await e(),a="""".concat(window.location.origin,""/api/changelog"").concat(t),l=await fetch(a,{...n,headers:{""Content-Type"":""application/json"",...r?{Authorization:""Bearer "".concat(r)}:{},...n.headers}});if(!l.ok){let e=await l.json().catch(()=>({}));throw new m(e.message||""Request failed: "".concat(l.status),l.status,e.code)}if(204!==l.status)return l.json()}async function h(e,t){let n=new URLSearchParams;(null==t?void 0:t.category)&&n.set(""category"",t.category),(null==t?void 0:t.cursor)&&n.set(""cursor"",t.cursor),(null==t?void 0:t.limit)&&n.set(""limit"",String(t"
1536-064f08115df39c50.js,61175,/api/glitch/feed,"i=s.slice(0,o),c=i.length===o&&s.length>o?i[i.length-1].id:null;return{messages:i,nextCursor:c}}(t);let r=new URLSearchParams;t.source&&""all""!==t.source&&r.set(""source"",t.source),t.ticker&&r.set(""ticker"",t.ticker.toUpperCase()),t.tickers&&t.tickers.length>0&&r.set(""tickers"",t.tickers.map(e=>e.toUpperCase()).join("","")),""number""==typeof t.minSignal&&r.set(""minSignal"",String(t.minSignal)),t.before&&r.set(""before"",t.before),t.limit&&r.set(""limit"",String(t.limit));let a=r.toString(),l="""".concat(eY(),""/api/glitch/feed"").concat(a?""?"".concat(a):""""),o=new Headers;try{let t=await e();t&&o.set(""Authorization"",""Bearer "".concat(t))}catch(e){console.warn(""[Glitch API] Failed to get Clerk token:"",e)}try{let e=await fetch(l,{headers:o,signal:n});if(!e.ok){let t=""HTTP "".concat(e.status,"": "").concat(e.statusText);try{let n=await e.json();t=n.message||n.error||t}catch(e){}throw new eX(t,e.status)}let t=await e.json();if(!t||""object""!=typeof t||!Array.isArray(t.messages))throw new eX(""Unexpected response shape from /api/gl"
1536-064f08115df39c50.js,61654,Unexpected response shape from /api/glitch/feed (endpoint not deployed?),"g(),l="""".concat(eY(),""/api/glitch/feed"").concat(a?""?"".concat(a):""""),o=new Headers;try{let t=await e();t&&o.set(""Authorization"",""Bearer "".concat(t))}catch(e){console.warn(""[Glitch API] Failed to get Clerk token:"",e)}try{let e=await fetch(l,{headers:o,signal:n});if(!e.ok){let t=""HTTP "".concat(e.status,"": "").concat(e.statusText);try{let n=await e.json();t=n.message||n.error||t}catch(e){}throw new eX(t,e.status)}let t=await e.json();if(!t||""object""!=typeof t||!Array.isArray(t.messages))throw new eX(""Unexpected response shape from /api/glitch/feed (endpoint not deployed?)"",e.status);return t}catch(e){if(e instanceof eX||e instanceof DOMException&&""AbortError""===e.name)throw e;throw new eX(""Network error: "".concat(e instanceof Error?e.message:""Unknown error""),0)}}var e$=n(90960),eJ=n(52777);function eZ(e){let t=document.createElement(""div"");t.style.position=""fixed"",t.style.height=""env(safe-area-inset-"".concat(e,"", 0px)""),t.style.visibility=""hidden"",document.body.appendChild(t);let n=parseFloat(getComputedStyle(t).height)||0;return t.remove(),n}function e0(e,t,n){l"
1536-064f08115df39c50.js,83713,/levels,"()}(""flowseeker-analyst""),n(65852),n(40895);new Date().toISOString(),new Date().toISOString(),new Date().toISOString(),new Date().toISOString(),new Date().toISOString(),new Date().toISOString(),new Date().toISOString(),new Date().toISOString(),new Date().toISOString(),new Date().toISOString(),new Date().toISOString(),new Date().toISOString(),new Date().toISOString(),new Date().toISOString();var tJ=n(51531),tZ=n(94412),t0=n(30469),t1=n(3171),t2=n(4065);let t5=[{id:""levels"",label:""Levels"",command:""/levels""},{id:""flow"",label:""Flow"",command:""/flow""},{id:""darkpool"",label:""Dark pool"",command:""/darkpool""},{id:""metrics"",label:""Metrics"",command:""/metrics""},{id:""earnings"",label:""Earnings"",command:""/earnings""},{id:""scan"",label:""Scan setup"",command:""/talon""}];var t4=n(25906),t3=n(90571),t6=n(13454),t8=n(80294),t9=n(87227);let t7=e=>{var t;let{entry:n,isDark:a,theme:l,onPick:o}=e,s=!!n.disabledReason;return(0,r.jsxs)(""button"",{type:""button"",""data-testid"":""ticker-menu-"".concat(n.id),disabled:s,title:n.disabl"
1536-064f08115df39c50.js,83857,/metrics,"new Date().toISOString(),new Date().toISOString(),new Date().toISOString(),new Date().toISOString(),new Date().toISOString(),new Date().toISOString(),new Date().toISOString(),new Date().toISOString(),new Date().toISOString(),new Date().toISOString();var tJ=n(51531),tZ=n(94412),t0=n(30469),t1=n(3171),t2=n(4065);let t5=[{id:""levels"",label:""Levels"",command:""/levels""},{id:""flow"",label:""Flow"",command:""/flow""},{id:""darkpool"",label:""Dark pool"",command:""/darkpool""},{id:""metrics"",label:""Metrics"",command:""/metrics""},{id:""earnings"",label:""Earnings"",command:""/earnings""},{id:""scan"",label:""Scan setup"",command:""/talon""}];var t4=n(25906),t3=n(90571),t6=n(13454),t8=n(80294),t9=n(87227);let t7=e=>{var t;let{entry:n,isDark:a,theme:l,onPick:o}=e,s=!!n.disabledReason;return(0,r.jsxs)(""button"",{type:""button"",""data-testid"":""ticker-menu-"".concat(n.id),disabled:s,title:n.disabledReason,onClick:()=>{s||o(n.action)},className:""flex w-full items-center justify-between gap-3 px-3 py-1.5 text-left transition-colors"",style:{c"
1536-064f08115df39c50.js,89539,/api/v1/talon/followups,"-md bg-primary px-4 py-2 text-sm font-medium text-primary-foreground shadow hover:bg-primary/90 disabled:opacity-50 disabled:pointer-events-none transition-colors"",children:[s&&(0,r.jsx)(no.A,{className:""size-4 animate-spin""}),""I understand""]})]})]})})}function ng(e){return e.startsWith(""cadence-"")?""cadence"":e.startsWith(""page-"")?""page"":e.startsWith(""followup-"")?""followup"":""unknown""}async function nh(e){if(0===e.liveCapabilityIds.length)return[];try{var t;let n=await fetch("""".concat((0,tV.FC)(),""/api/v1/talon/followups""),{method:""POST"",headers:{""Content-Type"":""application/json"",Accept:""application/json""},body:JSON.stringify({answer:e.answer,page_type:e.pageType,ticker:null!=(t=e.ticker)?t:null,live_capability_ids:e.liveCapabilityIds})});if(!n.ok)return[];let r=await n.json();return(Array.isArray(null==r?void 0:r.chips)?r.chips:[]).filter(e=>""string""==typeof(null==e?void 0:e.question)&&e.question.trim().length>0).map((e,t)=>({id:""followup-"".concat(t),type:""quick_reply"",label:e.question,prompt:e.question}))}catc"
1536-064f08115df39c50.js,90270,/levels,"pabilityIds})});if(!n.ok)return[];let r=await n.json();return(Array.isArray(null==r?void 0:r.chips)?r.chips:[]).filter(e=>""string""==typeof(null==e?void 0:e.question)&&e.question.trim().length>0).map((e,t)=>({id:""followup-"".concat(t),type:""quick_reply"",label:e.question,prompt:e.question}))}catch(e){return[]}}var nx=n(60080),nf=n(54390),nb=n(30814),ny=n(79397),nv=n(90889),nk=n(90399),nw=n(39068),nj=n(84382),nS=n(10383),nN=n(71360),nT=n(20908),nA=n(9058);let nC=[{id:""levels"",name:""Levels"",shortcut:""/levels"",description:""Key GEX/VEX levels for a symbol"",icon:nb.A,category:""skill"",completion:""symbol"",usage:""/levels SPY""},{id:""flow"",name:""Flow"",shortcut:""/flow"",description:""Single-leg options flow digest"",icon:H.A,category:""skill"",completion:""symbol"",usage:""/flow NVDA""},{id:""darkpool"",name:""Dark pool"",shortcut:""/darkpool"",description:""Recent dark-pool and block prints"",icon:ny.A,category:""skill"",completion:""symbol"",usage:""/darkpool TSLA""},{id:""metrics"",name:""Metrics"",shortcut:""/metrics"",description:"""
1536-064f08115df39c50.js,90379,/levels SPY,"]).filter(e=>""string""==typeof(null==e?void 0:e.question)&&e.question.trim().length>0).map((e,t)=>({id:""followup-"".concat(t),type:""quick_reply"",label:e.question,prompt:e.question}))}catch(e){return[]}}var nx=n(60080),nf=n(54390),nb=n(30814),ny=n(79397),nv=n(90889),nk=n(90399),nw=n(39068),nj=n(84382),nS=n(10383),nN=n(71360),nT=n(20908),nA=n(9058);let nC=[{id:""levels"",name:""Levels"",shortcut:""/levels"",description:""Key GEX/VEX levels for a symbol"",icon:nb.A,category:""skill"",completion:""symbol"",usage:""/levels SPY""},{id:""flow"",name:""Flow"",shortcut:""/flow"",description:""Single-leg options flow digest"",icon:H.A,category:""skill"",completion:""symbol"",usage:""/flow NVDA""},{id:""darkpool"",name:""Dark pool"",shortcut:""/darkpool"",description:""Recent dark-pool and block prints"",icon:ny.A,category:""skill"",completion:""symbol"",usage:""/darkpool TSLA""},{id:""metrics"",name:""Metrics"",shortcut:""/metrics"",description:""Put/call ratio and max pain"",icon:p.A,category:""skill"",completion:""symbol"",usage:""/metrics SPY""},{id:""talon"",name"
1536-064f08115df39c50.js,90755,/metrics,"vels"",shortcut:""/levels"",description:""Key GEX/VEX levels for a symbol"",icon:nb.A,category:""skill"",completion:""symbol"",usage:""/levels SPY""},{id:""flow"",name:""Flow"",shortcut:""/flow"",description:""Single-leg options flow digest"",icon:H.A,category:""skill"",completion:""symbol"",usage:""/flow NVDA""},{id:""darkpool"",name:""Dark pool"",shortcut:""/darkpool"",description:""Recent dark-pool and block prints"",icon:ny.A,category:""skill"",completion:""symbol"",usage:""/darkpool TSLA""},{id:""metrics"",name:""Metrics"",shortcut:""/metrics"",description:""Put/call ratio and max pain"",icon:p.A,category:""skill"",completion:""symbol"",usage:""/metrics SPY""},{id:""talon"",name:""Scan"",shortcut:""/talon"",description:""Setup scan by ticker, sector or market"",icon:nv.A,category:""skill"",completion:""talon"",usage:""/talon sector semiconductors""},{id:""trinity"",name:""Trinity"",shortcut:""/trinity"",description:""SPXW, SPY and QQQ read together"",icon:nk.A,category:""skill""},{id:""market"",name:""Market"",shortcut:""/market"",description:""Market-wide tape and top tic"
1536-064f08115df39c50.js,90860,/metrics SPY,"ion:""symbol"",usage:""/levels SPY""},{id:""flow"",name:""Flow"",shortcut:""/flow"",description:""Single-leg options flow digest"",icon:H.A,category:""skill"",completion:""symbol"",usage:""/flow NVDA""},{id:""darkpool"",name:""Dark pool"",shortcut:""/darkpool"",description:""Recent dark-pool and block prints"",icon:ny.A,category:""skill"",completion:""symbol"",usage:""/darkpool TSLA""},{id:""metrics"",name:""Metrics"",shortcut:""/metrics"",description:""Put/call ratio and max pain"",icon:p.A,category:""skill"",completion:""symbol"",usage:""/metrics SPY""},{id:""talon"",name:""Scan"",shortcut:""/talon"",description:""Setup scan by ticker, sector or market"",icon:nv.A,category:""skill"",completion:""talon"",usage:""/talon sector semiconductors""},{id:""trinity"",name:""Trinity"",shortcut:""/trinity"",description:""SPXW, SPY and QQQ read together"",icon:nk.A,category:""skill""},{id:""market"",name:""Market"",shortcut:""/market"",description:""Market-wide tape and top tickers"",icon:nw.A,category:""skill""},{id:""news"",name:""News"",shortcut:""/news"",description:""Recent market news on"
1536-064f08115df39c50.js,108623,/agents/flow-ai,"ono,n1=""0 0 0 3px rgba(147, 197, 253, 0.14)"",n2=e=>e?""#cbd5e1"":""#334155"",n5={fontSize:""11.5px"",fontWeight:400,letterSpacing:""0""},n4=new Set(nC.map(e=>e.shortcut));function n3(e){if(!e)return{};if(""/""===e)return{pageType:""heatseeker"",pageId:""heatseeker""};let t=e.match(/^\/agents\/research\/([^/?#]+)/);if(t)return{pageType:""research"",pageId:""research"",focusedTicker:n9(t[1])};let n=e.match(/^\/agents\/trade\/([^/?#]+)/);return n?{pageType:""trade"",pageId:""trade"",focusedTicker:n9(n[1])}:e.startsWith(""/agents/flow-ai"")?{pageType:""flow-ai"",pageId:""flow-ai""}:e.startsWith(""/flow/compass"")?{pageType:""compass"",pageId:""compass""}:e.startsWith(""/flow/live"")?{pageType:""livefeed"",pageId:n6(e)}:e.startsWith(""/flow/tracker"")?{pageType:""tracker"",pageId:n6(e)}:e.startsWith(""/flow/scanner"")?{pageType:""scanner"",pageId:n6(e)}:e.startsWith(""/flow/lookup"")?{pageType:""contract_lookup"",pageId:n6(e)}:""/alerts""===e?{pageType:""alerts"",pageId:""alerts""}:""/atlas""===e||""/charts""===e?{pageType:""atlas"",pageId:n6(e)}:""/trinity""===e?{pageT"
1536-064f08115df39c50.js,143723,/agents/research/,"kind:""mention"",text:""@"".concat(t,"" "")},inPlace:!1}]},{id:""open"",title:""Open"",entries:[{id:""heatmap"",label:""Heatmap"",action:{kind:""heatmap""},inPlace:""heatseeker""===n,disabledReason:l,navId:""heatmaps""},{id:""atlas"",label:""Atlas"",action:{kind:""atlas""},inPlace:""atlas""===n,navId:""skylit-charts""},{id:""trinity"",label:""Trinity"",action:{kind:""trinity""},inPlace:""trinity""===n,disabledReason:null!=l?l:a>=6?""Trinity is full"":void 0,navId:""trinity""},{id:""research"",label:""Research"",action:{kind:""navigate"",href:""/agents/research/"".concat(t)},inPlace:!1,navId:""deep-research""},{id:""trade"",label:""Trade"",action:{kind:""navigate"",href:""/agents/trade/"".concat(t)},inPlace:!1,navId:""trade""}]}]}({ticker:m,pageType:s,symbolRestricted:b&&!(0,eb.Vz)(m,!0),trinityPanelCount:x}):[],[m,s,b,x]),j=(0,a.useMemo)(()=>(function(e,t){let n=e=>!e.navId||""admin""!==(0,_.yF)(e.navId)||!!t.ready&&t.isAdmin;return e.map(e=>({...e,entries:e.entries.filter(n)})).filter(e=>e.entries.length>0)})(k,{ready:!v,isAdmin:y}),[k,v,y]),S=(0,a.useCallback)(()=>"
1536-064f08115df39c50.js,143843,/agents/trade/,"on:{kind:""heatmap""},inPlace:""heatseeker""===n,disabledReason:l,navId:""heatmaps""},{id:""atlas"",label:""Atlas"",action:{kind:""atlas""},inPlace:""atlas""===n,navId:""skylit-charts""},{id:""trinity"",label:""Trinity"",action:{kind:""trinity""},inPlace:""trinity""===n,disabledReason:null!=l?l:a>=6?""Trinity is full"":void 0,navId:""trinity""},{id:""research"",label:""Research"",action:{kind:""navigate"",href:""/agents/research/"".concat(t)},inPlace:!1,navId:""deep-research""},{id:""trade"",label:""Trade"",action:{kind:""navigate"",href:""/agents/trade/"".concat(t)},inPlace:!1,navId:""trade""}]}]}({ticker:m,pageType:s,symbolRestricted:b&&!(0,eb.Vz)(m,!0),trinityPanelCount:x}):[],[m,s,b,x]),j=(0,a.useMemo)(()=>(function(e,t){let n=e=>!e.navId||""admin""!==(0,_.yF)(e.navId)||!!t.ready&&t.isAdmin;return e.map(e=>({...e,entries:e.entries.filter(n)})).filter(e=>e.entries.length>0)})(k,{ready:!v,isAdmin:y}),[k,v,y]),S=(0,a.useCallback)(()=>p(null),[]),N=(0,a.useCallback)((e,t)=>{e.preventDefault(),e.stopPropagation(),p({x:Math.max(8,Math.min(e.clientX,win"
1536-064f08115df39c50.js,214049,/falcon/contract_flow,"d:""rgba(var(--tv2-ink),0.04)"",border:""1px solid rgba(var(--tv2-ink),0.08)""},children:[(0,r.jsx)(""span"",{style:{fontSize:10,fontWeight:700,letterSpacing:""0.1em"",color:E.textSecondary},children:""COPILOT MODE""}),(0,r.jsxs)(""span"",{style:{fontSize:10.5,color:E.textMuted},children:[""No per-tranche lifecycle for the "",_.contract.split("" "")[0],"" leg yet — this leg has no timestamped fill log to copy. Switch to a leg with a lifecycle, or check back once it's graded.""]})]})})(),(0,r.jsx)(rf.Sl,{endpoint:""/falcon/contract_flow"",contract:_.contract.split("" \xb7 "")[0],expiryIso:C.expiryIso,since:C.ago,t:E,skin:rS,side:C.side,scrubTime:ee,onScrub:et}),(0,r.jsxs)(""div"",{className:""mx-5 mt-5"",children:[(0,r.jsxs)(""div"",{className:""mb-1 flex flex-wrap items-center justify-between gap-y-1"",children:[(0,r.jsxs)(""span"",{className:""uppercase"",style:{fontSize:8.5,fontWeight:600,letterSpacing:""0.16em"",color:E.textMuted},children:[""Trade map"",_.native?"""":(null==(d=_.levels)?void 0:d.prem)?"" \xb7 premium basis \xb7 trims +30/50/70/"
1536-064f08115df39c50.js,229348,/falcon/days?strategy=,"kylit:talon:otm"")&&F(!0)}catch(e){}},[]),(0,a.useEffect)(()=>{try{I&&localStorage.setItem(""skylit:talon:book"",I)}catch(e){}},[I]),(0,a.useEffect)(()=>{try{localStorage.setItem(""skylit:talon:otm"",R?""1"":""0"")}catch(e){}},[R]);let W=null!=I?I:""v2"",P=""v3""===W,D=""legacy""===W?""legacy"":""v3""===W?R?""v3_degen"":""v3"":""v1""===W?R?""degen"":""normal"":R?""v2_degen"":""v2"",{isAdmin:L}=(0,ec.$)(),q=function(e){let[t,n]=(0,a.useState)([]);return(0,a.useEffect)(()=>{let t,r=!0,a=async()=>{let l=!1;try{let t=await fetch(e?""/falcon/days?strategy="".concat(e):""/falcon/days"",{cache:""no-store""}),a=await t.json();r&&Array.isArray(null==a?void 0:a.days)&&a.days.length>0&&(n(a.days),l=!0)}catch(e){}r&&(t=setTimeout(a,l?3e5:15e3))};return a(),()=>{r=!1,clearTimeout(t)}},[e]),t}(D),[O,B]=(0,a.useState)(!1),G=function(e,t){let[n,r]=(0,a.useState)({});return(0,a.useEffect)(()=>{if(!t)return;let n=!0;return(async()=>{try{let t=e?""?strategy="".concat(e):"""",a=await fetch(""/falcon/day-summaries"".concat(t),{cache:""no-store""}),l=await a.json();n&&(null==l"
1536-064f08115df39c50.js,229383,/falcon/days,"},[]),(0,a.useEffect)(()=>{try{I&&localStorage.setItem(""skylit:talon:book"",I)}catch(e){}},[I]),(0,a.useEffect)(()=>{try{localStorage.setItem(""skylit:talon:otm"",R?""1"":""0"")}catch(e){}},[R]);let W=null!=I?I:""v2"",P=""v3""===W,D=""legacy""===W?""legacy"":""v3""===W?R?""v3_degen"":""v3"":""v1""===W?R?""degen"":""normal"":R?""v2_degen"":""v2"",{isAdmin:L}=(0,ec.$)(),q=function(e){let[t,n]=(0,a.useState)([]);return(0,a.useEffect)(()=>{let t,r=!0,a=async()=>{let l=!1;try{let t=await fetch(e?""/falcon/days?strategy="".concat(e):""/falcon/days"",{cache:""no-store""}),a=await t.json();r&&Array.isArray(null==a?void 0:a.days)&&a.days.length>0&&(n(a.days),l=!0)}catch(e){}r&&(t=setTimeout(a,l?3e5:15e3))};return a(),()=>{r=!1,clearTimeout(t)}},[e]),t}(D),[O,B]=(0,a.useState)(!1),G=function(e,t){let[n,r]=(0,a.useState)({});return(0,a.useEffect)(()=>{if(!t)return;let n=!0;return(async()=>{try{let t=e?""?strategy="".concat(e):"""",a=await fetch(""/falcon/day-summaries"".concat(t),{cache:""no-store""}),l=await a.json();n&&(null==l?void 0:l.summaries)&&r(l"
1536-064f08115df39c50.js,229790,/falcon/day-summaries,">{let t,r=!0,a=async()=>{let l=!1;try{let t=await fetch(e?""/falcon/days?strategy="".concat(e):""/falcon/days"",{cache:""no-store""}),a=await t.json();r&&Array.isArray(null==a?void 0:a.days)&&a.days.length>0&&(n(a.days),l=!0)}catch(e){}r&&(t=setTimeout(a,l?3e5:15e3))};return a(),()=>{r=!1,clearTimeout(t)}},[e]),t}(D),[O,B]=(0,a.useState)(!1),G=function(e,t){let[n,r]=(0,a.useState)({});return(0,a.useEffect)(()=>{if(!t)return;let n=!0;return(async()=>{try{let t=e?""?strategy="".concat(e):"""",a=await fetch(""/falcon/day-summaries"".concat(t),{cache:""no-store""}),l=await a.json();n&&(null==l?void 0:l.summaries)&&r(l.summaries)}catch(e){}})(),()=>{n=!1}},[e,t]),n}(D,O),V=function(){let e=arguments.length>0&&void 0!==arguments[0]?arguments[0]:5e3,t=arguments.length>1?arguments[1]:void 0,n=arguments.length>2?arguments[2]:void 0,[r,l]=(0,a.useState)({status:""loading"",setups:[]}),o=(0,a.useRef)(()=>{});return(0,a.useEffect)(()=>{let r=!0;l({status:""loading"",setups:[]});let a=async()=>{try{let e=[t?""day="".concat(t):"""",n?""strategy"
1536-064f08115df39c50.js,230372,/falcon/setups?,"?void 0:l.summaries)&&r(l.summaries)}catch(e){}})(),()=>{n=!1}},[e,t]),n}(D,O),V=function(){let e=arguments.length>0&&void 0!==arguments[0]?arguments[0]:5e3,t=arguments.length>1?arguments[1]:void 0,n=arguments.length>2?arguments[2]:void 0,[r,l]=(0,a.useState)({status:""loading"",setups:[]}),o=(0,a.useRef)(()=>{});return(0,a.useEffect)(()=>{let r=!0;l({status:""loading"",setups:[]});let a=async()=>{try{let e=[t?""day="".concat(t):"""",n?""strategy="".concat(n):""""].filter(Boolean).join(""&""),a=await fetch(e?""/falcon/setups?"".concat(e):""/falcon/setups"",{cache:""no-store""}),o=await a.json(),s=Array.isArray(null==o?void 0:o.setups)?o.setups:[];r&&l(e=>{var n;return!t&&0===s.length&&(null==o?void 0:o.live)!==!0&&e.setups.length>0?e:{status:null!=(n=null==o?void 0:o.status)?n:""unavailable"",experimental:null==o?void 0:o.experimental,generated_at:null==o?void 0:o.generated_at,live:null==o?void 0:o.live,date:null==o?void 0:o.date,historical:null==o?void 0:o.historical,summary:null==o?void 0:o.summary,playbook:null==o?void 0"
1536-064f08115df39c50.js,230400,/falcon/setups,"mmaries)}catch(e){}})(),()=>{n=!1}},[e,t]),n}(D,O),V=function(){let e=arguments.length>0&&void 0!==arguments[0]?arguments[0]:5e3,t=arguments.length>1?arguments[1]:void 0,n=arguments.length>2?arguments[2]:void 0,[r,l]=(0,a.useState)({status:""loading"",setups:[]}),o=(0,a.useRef)(()=>{});return(0,a.useEffect)(()=>{let r=!0;l({status:""loading"",setups:[]});let a=async()=>{try{let e=[t?""day="".concat(t):"""",n?""strategy="".concat(n):""""].filter(Boolean).join(""&""),a=await fetch(e?""/falcon/setups?"".concat(e):""/falcon/setups"",{cache:""no-store""}),o=await a.json(),s=Array.isArray(null==o?void 0:o.setups)?o.setups:[];r&&l(e=>{var n;return!t&&0===s.length&&(null==o?void 0:o.live)!==!0&&e.setups.length>0?e:{status:null!=(n=null==o?void 0:o.status)?n:""unavailable"",experimental:null==o?void 0:o.experimental,generated_at:null==o?void 0:o.generated_at,live:null==o?void 0:o.live,date:null==o?void 0:o.date,historical:null==o?void 0:o.historical,summary:null==o?void 0:o.summary,playbook:null==o?void 0:o.playbook,radar:null==o?v"
1536-064f08115df39c50.js,233710,/falcon/feed,"var t;let n=N(e),r=null!=(t=rL(e,n.native,n.contract).avg)?t:""—""!==n.mark?Number(n.mark.replace(/[^0-9.]/g,"""")):NaN;return{entryPrem:Number.isFinite(r)?r:null,managedPct:n.managedReturn,lifecycle:Array.isArray(n.lifecycle)&&n.lifecycle.length?n.lifecycle:void 0,sizingModel:""equal""}}),el=(0,rf.ZZ)(ea),eo=X?""Today"":rA(V.date),es=function(){let e=arguments.length>0&&void 0!==arguments[0]?arguments[0]:8e3,[t,n]=(0,a.useState)([]);return(0,a.useEffect)(()=>{let t=!0,r=async()=>{try{let e=await fetch(""/falcon/feed"",{cache:""no-store""}),r=await e.json();t&&n(Array.isArray(null==r?void 0:r.orders)?r.orders:[])}catch(e){}};r();let a=setInterval(r,e);return()=>{t=!1,clearInterval(a)}},[e]),t}(),ei=(null!=es?es:[]).map((e,t)=>{let n=e.premium>=1e6?""$"".concat((e.premium/1e6).toFixed(1),""M""):""$"".concat(Math.round(e.premium/1e3),""K""),a=""C""===e.right?""C"":""P"",l=""whale""===e.tier,o=e.expiration?"""".concat(e.expiration.slice(5,7),""/"").concat(e.expiration.slice(8,10)):"""";return{key:-1-t,src:""flowseeker"",time:e.time||"""",m"
1536-064f08115df39c50.js,235292,/falcon/commentary,"ier&&(0,r.jsxs)(""span"",{style:{color:l?rN:u.textSecondary,fontWeight:l?600:500},children:["" \xb7 "",e.tier,l?"" \uD83D\uDD25"":""""]}),null!=e.top_pct&&(0,r.jsxs)(""span"",{style:{color:u.textMuted},children:["" \xb7 "",null!=e.rank&&e.rank<=10?""#"".concat(e.rank,"" sweep today""):""top "".concat(e.top_pct,""% of today’s sweeps"")]})]})}}),ed=function(){let e=arguments.length>0&&void 0!==arguments[0]?arguments[0]:1e4,[t,n]=(0,a.useState)([]);return(0,a.useEffect)(()=>{let t=!0,r=async()=>{try{let e=await fetch(""/falcon/commentary"",{cache:""no-store""}),r=await e.json();t&&n(Array.isArray(null==r?void 0:r.commentary)?r.commentary:[])}catch(e){}};r();let a=setInterval(r,e);return()=>{t=!1,clearInterval(a)}},[e]),t}(),eu=[...(null!=ed?ed:[]).map((e,t)=>({key:-1e3-t,src:[""atlas"",""heatseeker"",""flowseeker""].includes(e.src)?e.src:""atlas"",time:e.time||"""",msg:(0,r.jsxs)(r.Fragment,{children:[e.magnet?""\uD83E\uDDF2 "":"""",e.msg]})})),...ei].sort((e,t)=>(t.time||"""").localeCompare(e.time||""""));(0,a.useEffect)(()=>{let e,t=[],n=e=>A(t=>["
1536-064f08115df39c50.js,250245,/falcon/stats?strategy=,"yle:{color:u.textSecondary},children:[null==(n=V.orb.lo)?void 0:n.toFixed(2),""–"",null==(o=V.orb.hi)?void 0:o.toFixed(2)]})]}),""armed""===V.orb.state&&null!=V.orb.dist_hi&&(0,r.jsxs)(""span"",{children:[V.orb.dist_hi.toFixed(2),"" to upper trigger \xb7 "",null==(s=V.orb.dist_lo)?void 0:s.toFixed(2),"" to lower""]}),null!=V.orb.last&&(0,r.jsxs)(""span"",{children:[""last "",(0,r.jsx)(""b"",{style:{color:u.textPrimary},children:V.orb.last.toFixed(2)})]})]}),j&&(0,r.jsxs)(r.Fragment,{children:[(0,r.jsx)(rj,{src:""/falcon/stats?strategy="".concat(D),mode:""options"",accent:""var(--tv2-accent)"",ink:""var(--tv2-ink)"",bull:""var(--tv2-bull)"",bear:""var(--tv2-bear)"",t:u}),(0,r.jsx)(ry,{src:""/falcon/plcurve?strategy="".concat(D),mode:""options"",accent:""var(--tv2-accent)"",ink:""var(--tv2-ink)"",bull:""var(--tv2-bull)"",bear:""var(--tv2-bear)"",t:u}),(0,r.jsx)(""div"",{className:""mt-2.5"",children:ep(""Live agent stream"",eu.length?""Atlas \xb7 Heatseeker \xb7 Flowseeker"":void 0)}),(0,r.jsx)(""div"",{className:""talon-noscroll flex min-h-0 flex-1 flex-col ove"
1536-064f08115df39c50.js,250414,/falcon/plcurve?strategy=,"&(0,r.jsxs)(""span"",{children:[V.orb.dist_hi.toFixed(2),"" to upper trigger \xb7 "",null==(s=V.orb.dist_lo)?void 0:s.toFixed(2),"" to lower""]}),null!=V.orb.last&&(0,r.jsxs)(""span"",{children:[""last "",(0,r.jsx)(""b"",{style:{color:u.textPrimary},children:V.orb.last.toFixed(2)})]})]}),j&&(0,r.jsxs)(r.Fragment,{children:[(0,r.jsx)(rj,{src:""/falcon/stats?strategy="".concat(D),mode:""options"",accent:""var(--tv2-accent)"",ink:""var(--tv2-ink)"",bull:""var(--tv2-bull)"",bear:""var(--tv2-bear)"",t:u}),(0,r.jsx)(ry,{src:""/falcon/plcurve?strategy="".concat(D),mode:""options"",accent:""var(--tv2-accent)"",ink:""var(--tv2-ink)"",bull:""var(--tv2-bull)"",bear:""var(--tv2-bear)"",t:u}),(0,r.jsx)(""div"",{className:""mt-2.5"",children:ep(""Live agent stream"",eu.length?""Atlas \xb7 Heatseeker \xb7 Flowseeker"":void 0)}),(0,r.jsx)(""div"",{className:""talon-noscroll flex min-h-0 flex-1 flex-col overflow-y-auto"",style:{overflowAnchor:""none"",scrollbarWidth:""none""},children:(eu.length?eu:T).map(e=>(0,r.jsxs)(""div"",{className:""flex gap-2.5 py-2"",style:{borderBottom:""1px"
1536-064f08115df39c50.js,265589,/api/glitch/stream?,"hOnWindowFocus:!0,staleTime:0}),m=(0,eB.jE)();!function(e,t){let{getToken:n}=(0,v.d)(),r=(0,a.useRef)(null),l=(0,a.useRef)(0),o=(0,a.useRef)(null),s=(0,a.useRef)(e);s.current=e;let i=(0,a.useRef)(t);i.current=t;let c=(0,a.useCallback)(async()=>{if(s.current){r.current&&(r.current.close(),r.current=null);try{let e,t=await (0,e$.ML)(n);if(t)e=""ticket="".concat(encodeURIComponent(t));else{let t=await n();if(!t)return;e=""token="".concat(encodeURIComponent(t))}if(!s.current)return;let a="""".concat(eY(),""/api/glitch/stream?"").concat(e),d=new EventSource(a);r.current=d,d.onopen=()=>{l.current=0},d.addEventListener(""glitch_message"",e=>{try{let t=JSON.parse(e.data);i.current(t)}catch(e){}}),d.onerror=()=>{if(d.close(),r.current===d&&(r.current=null),!s.current)return;l.current+=1;let e=Math.min(1e3*2**l.current,3e4);o.current=setTimeout(c,e)}}catch(e){}}},[n]);(0,a.useEffect)(()=>(e&&c(),()=>{o.current&&clearTimeout(o.current),r.current&&(r.current.onerror=null,r.current.close(),r.current=null)}),[e,c])}(c,(0,a.useCal"
1536-064f08115df39c50.js,277448,/setups?,"ncial advice.""})]})]})}var an=n(37883),ar=n(6275);function aa(){let e=arguments.length>0&&void 0!==arguments[0]?arguments[0]:3e4,t=arguments.length>1?arguments[1]:void 0,n=arguments.length>2&&void 0!==arguments[2]?arguments[2]:""/midas"",r=arguments.length>3?arguments[3]:void 0,[l,o]=(0,a.useState)(null),s=(0,a.useRef)(()=>{});return(0,a.useEffect)(()=>{let a=!0;o(null);let l=async()=>{try{let e=r?""strategy="".concat(r):"""",l=t=>[t,e].filter(Boolean).join(""&""),s=await fetch(""__book""===t?"""".concat(n,""/setups?"").concat(l(""view=book"")):""__closed""===t?"""".concat(n,""/setups?"").concat(l(""view=closed"")):t?"""".concat(n,""/setups?"").concat(l(""day="".concat(t))):e?"""".concat(n,""/setups?"").concat(e):"""".concat(n,""/setups""),{cache:""no-store""});if(!s.ok)return;let i=await s.json();a&&i&&Array.isArray(i.setups)&&o(i)}catch(e){}};s.current=l,l();let i=setInterval(l,e);return()=>{a=!1,clearInterval(i)}},[e,t,n,r]),(0,rg.l)(e=>{(""midas""===e.agent||""peregrine""===e.agent)&&s.current()},{enabled:!t}),l}function al(){let e=ar"
1536-064f08115df39c50.js,277510,/setups?,"){let e=arguments.length>0&&void 0!==arguments[0]?arguments[0]:3e4,t=arguments.length>1?arguments[1]:void 0,n=arguments.length>2&&void 0!==arguments[2]?arguments[2]:""/midas"",r=arguments.length>3?arguments[3]:void 0,[l,o]=(0,a.useState)(null),s=(0,a.useRef)(()=>{});return(0,a.useEffect)(()=>{let a=!0;o(null);let l=async()=>{try{let e=r?""strategy="".concat(r):"""",l=t=>[t,e].filter(Boolean).join(""&""),s=await fetch(""__book""===t?"""".concat(n,""/setups?"").concat(l(""view=book"")):""__closed""===t?"""".concat(n,""/setups?"").concat(l(""view=closed"")):t?"""".concat(n,""/setups?"").concat(l(""day="".concat(t))):e?"""".concat(n,""/setups?"").concat(e):"""".concat(n,""/setups""),{cache:""no-store""});if(!s.ok)return;let i=await s.json();a&&i&&Array.isArray(i.setups)&&o(i)}catch(e){}};s.current=l,l();let i=setInterval(l,e);return()=>{a=!1,clearInterval(i)}},[e,t,n,r]),(0,rg.l)(e=>{(""midas""===e.agent||""peregrine""===e.agent)&&s.current()},{enabled:!t}),l}function al(){let e=arguments.length>0&&void 0!==arguments[0]?arguments[0]:""/midas"","
1536-064f08115df39c50.js,277561,/setups?,"rguments[0]:3e4,t=arguments.length>1?arguments[1]:void 0,n=arguments.length>2&&void 0!==arguments[2]?arguments[2]:""/midas"",r=arguments.length>3?arguments[3]:void 0,[l,o]=(0,a.useState)(null),s=(0,a.useRef)(()=>{});return(0,a.useEffect)(()=>{let a=!0;o(null);let l=async()=>{try{let e=r?""strategy="".concat(r):"""",l=t=>[t,e].filter(Boolean).join(""&""),s=await fetch(""__book""===t?"""".concat(n,""/setups?"").concat(l(""view=book"")):""__closed""===t?"""".concat(n,""/setups?"").concat(l(""view=closed"")):t?"""".concat(n,""/setups?"").concat(l(""day="".concat(t))):e?"""".concat(n,""/setups?"").concat(e):"""".concat(n,""/setups""),{cache:""no-store""});if(!s.ok)return;let i=await s.json();a&&i&&Array.isArray(i.setups)&&o(i)}catch(e){}};s.current=l,l();let i=setInterval(l,e);return()=>{a=!1,clearInterval(i)}},[e,t,n,r]),(0,rg.l)(e=>{(""midas""===e.agent||""peregrine""===e.agent)&&s.current()},{enabled:!t}),l}function al(){let e=arguments.length>0&&void 0!==arguments[0]?arguments[0]:""/midas"",t=arguments.length>1?arguments[1]:void 0,[n,r]=(0,a"
1536-064f08115df39c50.js,277615,/setups?,"0,n=arguments.length>2&&void 0!==arguments[2]?arguments[2]:""/midas"",r=arguments.length>3?arguments[3]:void 0,[l,o]=(0,a.useState)(null),s=(0,a.useRef)(()=>{});return(0,a.useEffect)(()=>{let a=!0;o(null);let l=async()=>{try{let e=r?""strategy="".concat(r):"""",l=t=>[t,e].filter(Boolean).join(""&""),s=await fetch(""__book""===t?"""".concat(n,""/setups?"").concat(l(""view=book"")):""__closed""===t?"""".concat(n,""/setups?"").concat(l(""view=closed"")):t?"""".concat(n,""/setups?"").concat(l(""day="".concat(t))):e?"""".concat(n,""/setups?"").concat(e):"""".concat(n,""/setups""),{cache:""no-store""});if(!s.ok)return;let i=await s.json();a&&i&&Array.isArray(i.setups)&&o(i)}catch(e){}};s.current=l,l();let i=setInterval(l,e);return()=>{a=!1,clearInterval(i)}},[e,t,n,r]),(0,rg.l)(e=>{(""midas""===e.agent||""peregrine""===e.agent)&&s.current()},{enabled:!t}),l}function al(){let e=arguments.length>0&&void 0!==arguments[0]?arguments[0]:""/midas"",t=arguments.length>1?arguments[1]:void 0,[n,r]=(0,a.useState)([]);return(0,a.useEffect)(()=>{let n=!0;ret"
1536-064f08115df39c50.js,277649,/setups,"arguments[2]?arguments[2]:""/midas"",r=arguments.length>3?arguments[3]:void 0,[l,o]=(0,a.useState)(null),s=(0,a.useRef)(()=>{});return(0,a.useEffect)(()=>{let a=!0;o(null);let l=async()=>{try{let e=r?""strategy="".concat(r):"""",l=t=>[t,e].filter(Boolean).join(""&""),s=await fetch(""__book""===t?"""".concat(n,""/setups?"").concat(l(""view=book"")):""__closed""===t?"""".concat(n,""/setups?"").concat(l(""view=closed"")):t?"""".concat(n,""/setups?"").concat(l(""day="".concat(t))):e?"""".concat(n,""/setups?"").concat(e):"""".concat(n,""/setups""),{cache:""no-store""});if(!s.ok)return;let i=await s.json();a&&i&&Array.isArray(i.setups)&&o(i)}catch(e){}};s.current=l,l();let i=setInterval(l,e);return()=>{a=!1,clearInterval(i)}},[e,t,n,r]),(0,rg.l)(e=>{(""midas""===e.agent||""peregrine""===e.agent)&&s.current()},{enabled:!t}),l}function al(){let e=arguments.length>0&&void 0!==arguments[0]?arguments[0]:""/midas"",t=arguments.length>1?arguments[1]:void 0,[n,r]=(0,a.useState)([]);return(0,a.useEffect)(()=>{let n=!0;return(async()=>{try{let a=await fet"
1536-064f08115df39c50.js,278940,/midas/feed,"void 0!==arguments[1]?arguments[1]:""/midas"",[n,r]=(0,a.useState)([]);return(0,a.useEffect)(()=>{let n=!0,a=async()=>{try{let e=await fetch("""".concat(t,""/commentary""));if(!e.ok)return;let a=await e.json();n&&a&&Array.isArray(a.items)&&r(a.items)}catch(e){}};a();let l=setInterval(a,e);return()=>{n=!1,clearInterval(l)}},[e]),n}function as(){let e=arguments.length>0&&void 0!==arguments[0]?arguments[0]:2e4,[t,n]=(0,a.useState)([]);return(0,a.useEffect)(()=>{let t=!0,r=async()=>{try{let e=await fetch(""/midas/feed"");if(!e.ok)return;let r=await e.json();t&&r&&Array.isArray(r.orders)&&n(r.orders)}catch(e){}};r();let a=setInterval(r,e);return()=>{t=!1,clearInterval(a)}},[e]),t}let ai=(0,rf.mr)(""mds""),ac=""var(--mds-accent)"",ad=""rgba(var(--mds-accent-rgb),0.5)"",au={WATCHLIST:""rgba(var(--mds-ink),0.55)"",ARMED:""#ddd6fe"",TRIGGERED:""var(--mds-bull)"",T1_TAG:""var(--mds-bull)"",T2_TAG:""var(--mds-accent)"",T3_TAG:""var(--mds-accent)"",INVALIDATED:""var(--mds-bear)""},ap={WATCHLIST:""Qualified at the morning scan — waiting fo"
1536-064f08115df39c50.js,282431,/falcon/contract_flow,"n av(e){var t,n,a,l,o,s,i,c,d,u,p,m,g,h,x,f,b;let{s:y,mode:v,t:k,onOpen:w,showDate:j=!1}=e,S=""TRIGGERED""===y.state||""T1_TAG""===y.state||""T2_TAG""===y.state,N=(0,rf.G7)(y.symbol,S),T=![""WATCHLIST"",""ARMED""].includes(y.state),A=null!=(d=null==(t=y.contracts)?void 0:t[ay(v)])?d:y.contract,C=null==(n=(Array.isArray(y.state_history)?y.state_history:[]).find(e=>![""WATCHLIST"",""ARMED""].includes(e.state)))?void 0:n.at,_=null!=(u=null==A||null==(l=A.prem_series)||null==(a=l[0])?void 0:a[0])?u:C,E=(0,rf.XF)(""/falcon/contract_flow"",A?"""".concat(y.symbol,"" "").concat(A.strike).concat(A.right):void 0,null==A?void 0:A.expiration,(null!=C?C:"""".concat(y.day,"" 09:30"")).slice(11,16)||""09:30"",(null!=C?C:"""".concat(y.day,"" 09:30"")).slice(0,10),""LONG"",7,T),M=null!=(m=null!=(p=null==(o=y.contracts)?void 0:o[ay(v)])?p:y.contract)?m:void 0,I=null!=(g=au[y.state])?g:k.textMuted,z=null==(s=y.guard)?void 0:s.deeper_gap_pct,R=T&&_?/^\d{4}-\d{2}-\d{2}/.test(_)?_:"""".concat(y.day,"" "").concat(_):null,F=j?R?(0,rf.uY)(R):(0,rf.y2)(y.day):T&&_?(0,r"
1536-064f08115df39c50.js,307263,/falcon/contract_flow,"k),0.03)"",border:""1px solid rgba(var(--mds-ink),0.09)""},children:[(0,r.jsx)(""span"",{className:""mb-2 block uppercase"",style:{fontSize:9,fontWeight:600,letterSpacing:""0.18em"",color:A.textMuted},children:""Contract tape \xb7 per-minute median""}),(0,r.jsx)(rf.go,{series:q.prem_series,entry:q.entry_prem,peakTime:q.peak_time,t:A,skin:ai,formatTick:e=>(0,rf.uY)(e),scrubTime:F,onScrub:W}),(0,r.jsx)(""div"",{className:""mt-2.5"",children:(0,r.jsx)(ag,{c:q,t:A})})]}),""equity""!==T&&q&&(0,r.jsx)(rf.Sl,{endpoint:""/falcon/contract_flow"",contract:"""".concat(N.symbol,"" "").concat(q.strike).concat(q.right),expiryIso:q.expiration,entryDate:(null!=B?B:"""".concat(N.day,"" 09:30"")).slice(0,10),since:(null!=B?B:"""".concat(N.day,"" 09:30"")).slice(11,16)||""09:30"",side:""LONG"",horizon:7,t:A,skin:ai,scrubTime:F,onScrub:W}),(0,r.jsxs)(""div"",{className:""mx-5 mt-5"",children:[(0,r.jsxs)(""div"",{className:""mb-1 flex items-center justify-between"",children:[(0,r.jsx)(""span"",{className:""uppercase"",style:{fontSize:8.5,fontWeight:600,letterSpacing:""0.16em"""
1536-064f08115df39c50.js,316589,/midas/search?q=,"R,F]=(0,a.useState)(!1),[W,P]=(0,a.useState)(""""),[D,L]=(0,a.useState)(null),q=(0,a.useRef)(null),[O,B]=(0,a.useState)(null);(0,a.useEffect)(()=>{if(null===D||!q.current)return void B(null);let e=q.current.getBoundingClientRect(),t=Math.min(256,window.innerWidth-16);B({left:Math.max(8,Math.min(e.right-t,window.innerWidth-t-8))-e.left,width:t})},[D]);let[G,V]=(0,a.useState)(null);(0,a.useEffect)(()=>{let e=W.trim();if(e.length<2)return void L(null);let t=setTimeout(async()=>{try{let t=await fetch(""/midas/search?q="".concat(encodeURIComponent(e),""&mode="").concat(j,""&strategy=conservative""),{cache:""no-store""}),n=await t.json();L(Array.isArray(null==n?void 0:n.results)?n.results:[])}catch(e){L([])}},350);return()=>clearTimeout(t)},[W,j]),(0,a.useEffect)(()=>{var e;if(!G||!I)return;let t=(null!=(e=I.setups)?e:[]).find(e=>e.symbol===G.symbol&&e.day===G.day);t&&(N(t),V(null))},[G,I]);let H=W.trim().toLowerCase(),[K,U]=(0,a.useState)(!1),Y=(null!=(t=null==I?void 0:I.setups)?t:[]).filter(e=>""radar""===e.tier).lengt"
1536-064f08115df39c50.js,328795,/midas/stats,"==el?void 0:el.w20)!=null&&(0,r.jsxs)(""span"",{children:[""≥20%: "",(0,r.jsxs)(""b"",{style:{color:h.textSecondary},children:[Math.round(100*(null!=(m=null==el?void 0:el.w20)?m:0)/el.fires),""%""]})]}),null!=el.best_max&&(0,r.jsxs)(""span"",{children:[""best "",(0,r.jsxs)(""b"",{style:{color:""var(--mds-accent)""},children:[""+"",el.best_max,""%""]})]}),null!=el.avg_max&&(0,r.jsxs)(""span"",{children:[""avg max "",(0,r.jsxs)(""b"",{style:{color:h.textSecondary},children:[""+"",el.avg_max,""%""]})]})]})]}),(0,r.jsx)(rj,{src:""/midas/stats"",mode:""equity""===j?""equity"":""options"",accent:ac,ink:""var(--mds-ink)"",bull:""var(--mds-bull)"",bear:""var(--mds-bear)"",t:h}),(0,r.jsx)(ry,{src:""/midas/plcurve"",mode:""equity""===j?""equity"":""options"",accent:ac,ink:""var(--mds-ink)"",bull:""var(--mds-bull)"",bear:""var(--mds-bear)"",t:h}),(0,r.jsx)(""div"",{className:""mt-2.5"",children:ei(""Midas stream"",Z.length?""Lifecycle \xb7 Flowseeker whales"":z.length?""Boards \xb7 Breadth \xb7 Lifecycle"":void 0)}),(0,r.jsxs)(""div"",{className:""talon-noscroll flex min-h-0 flex"
1536-064f08115df39c50.js,328948,/midas/plcurve,"l?void 0:el.w20)?m:0)/el.fires),""%""]})]}),null!=el.best_max&&(0,r.jsxs)(""span"",{children:[""best "",(0,r.jsxs)(""b"",{style:{color:""var(--mds-accent)""},children:[""+"",el.best_max,""%""]})]}),null!=el.avg_max&&(0,r.jsxs)(""span"",{children:[""avg max "",(0,r.jsxs)(""b"",{style:{color:h.textSecondary},children:[""+"",el.avg_max,""%""]})]})]})]}),(0,r.jsx)(rj,{src:""/midas/stats"",mode:""equity""===j?""equity"":""options"",accent:ac,ink:""var(--mds-ink)"",bull:""var(--mds-bull)"",bear:""var(--mds-bear)"",t:h}),(0,r.jsx)(ry,{src:""/midas/plcurve"",mode:""equity""===j?""equity"":""options"",accent:ac,ink:""var(--mds-ink)"",bull:""var(--mds-bull)"",bear:""var(--mds-bear)"",t:h}),(0,r.jsx)(""div"",{className:""mt-2.5"",children:ei(""Midas stream"",Z.length?""Lifecycle \xb7 Flowseeker whales"":z.length?""Boards \xb7 Breadth \xb7 Lifecycle"":void 0)}),(0,r.jsxs)(""div"",{className:""talon-noscroll flex min-h-0 flex-1 flex-col overflow-y-auto"",style:{overflowAnchor:""none"",scrollbarWidth:""none""},children:[Z.map((e,t)=>(0,r.jsxs)(""div"",{className:""flex gap-2.5 py-2"",sty"
1536-064f08115df39c50.js,335968,/falcon/contract_flow,"unction aP(e){var t,n,a,l,o,s,i,c,d,u,p,m,g,h,x,f,b,y,v,k,w;let{s:j,mode:S,t:N,onOpen:T}=e,A=""TRIGGERED""===j.state||""T1_TAG""===j.state||""T2_TAG""===j.state,C=(0,rf.G7)(j.symbol,A),_=![""WATCHLIST"",""ARMED""].includes(j.state),E=null!=(u=null==(t=j.contracts)?void 0:t[aW(S)])?u:j.contract,M=null==(n=(Array.isArray(j.state_history)?j.state_history:[]).find(e=>![""WATCHLIST"",""ARMED""].includes(e.state)))?void 0:n.at,I=null!=(p=null==E||null==(l=E.prem_series)||null==(a=l[0])?void 0:a[0])?p:M,z=(0,rf.XF)(""/falcon/contract_flow"",E?"""".concat(j.symbol,"" "").concat(E.strike).concat(E.right):void 0,null==E?void 0:E.expiration,(null!=M?M:"""".concat(j.day,"" 09:30"")).slice(11,16)||""09:30"",(null!=M?M:"""".concat(j.day,"" 09:30"")).slice(0,10),""LONG"",7,_),R=null!=(g=null!=(m=null==(o=j.contracts)?void 0:o[aW(S)])?m:j.contract)?g:void 0,F=aF(null==R?void 0:R.expiration),W=null!=(h=aA[j.state])?h:N.textMuted,P=null==(s=j.guard)?void 0:s.deeper_gap_pct,D=null!=(x=null==R?void 0:R.managed_return)?x:""aggressive""===S?null==R||null==(i=R.pl"
1536-064f08115df39c50.js,363780,/falcon/contract_flow,"03)"",border:""1px solid rgba(var(--prg-ink),0.09)""},children:[(0,r.jsx)(""span"",{className:""mb-2 block uppercase"",style:{fontSize:9,fontWeight:600,letterSpacing:""0.18em"",color:q.textMuted},children:""Contract tape \xb7 per-minute median""}),(0,r.jsx)(rf.go,{series:ee.prem_series,entry:ee.entry_prem,peakTime:ee.peak_time,t:q,skin:aS,formatTick:e=>(0,rf.uY)(e),scrubTime:Y,onScrub:X}),(0,r.jsx)(""div"",{className:""mt-2.5"",children:(0,r.jsx)(aE,{c:ee,t:q})})]}),""equity""!==L&&ee&&(0,r.jsx)(rf.Sl,{endpoint:""/falcon/contract_flow"",contract:"""".concat(D.symbol,"" "").concat(ee.strike).concat(ee.right),expiryIso:ee.expiration,entryDate:(null!=en?en:"""".concat(D.day,"" 09:30"")).slice(0,10),since:(null!=en?en:"""".concat(D.day,"" 09:30"")).slice(11,16)||""09:30"",side:""LONG"",horizon:0,t:q,skin:aS,scrubTime:Y,onScrub:X}),(0,r.jsxs)(""div"",{className:""mx-5 mt-5"",children:[(0,r.jsxs)(""div"",{className:""mb-1 flex items-center justify-between"",children:[(0,r.jsx)(""span"",{className:""uppercase"",style:{fontSize:8.5,fontWeight:600,letterSpacing:"""
1536-064f08115df39c50.js,373474,/setups?,"th>1&&void 0!==arguments[1]?arguments[1]:""/midas"",n=arguments.length>2?arguments[2]:void 0,r=arguments.length>3&&void 0!==arguments[3]&&arguments[3],[l,o]=(0,a.useState)({}),s=(0,a.useRef)({});return(0,a.useEffect)(()=>{if(!r)return;let a=!0,l=null!=n?n:"""",i=e.filter(e=>void 0===s.current["""".concat(l,""|"").concat(e)]);if(!i.length)return;let c=async e=>{let r="""".concat(l,""|"").concat(e);try{let a=n?""strategy="".concat(n):"""",l=[""day="".concat(e),a].filter(Boolean).join(""&""),o=await fetch("""".concat(t,""/setups?"").concat(l),{cache:""no-store""}),i=await o.json();s.current[r]=Array.isArray(null==i?void 0:i.setups)?i.setups:[]}catch(e){s.current[r]=[]}};return(async()=>{let e=[...i],t=async()=>{for(;e.length;){let t=e.shift();t&&await c(t)}};await Promise.all([t(),t(),t()]),a&&o({...s.current})})(),()=>{a=!1}},[r,e,t,n]),l}(P,""/peregrine"",W,j),q=ao(void 0,""/peregrine""),[O,B]=(0,a.useState)(!1),[G,V]=(0,a.useState)(""""),[H,K]=(0,a.useState)(null),U=(0,a.useRef)(null),[Y,X]=(0,a.useState)(null);(0,a.useEffect)"
1536-064f08115df39c50.js,478333,/agents/talon-kb,"A,scanner:O.A,lookup:v.A,""company-events"":k.A,tracker:B.A,""flow-alerts"":m.A,""flowseeker-settings"":P.A,leaderboard:j.A,profile:G.A,trades:N.A,ideas:l.A,newtrade:V.A,academy:o.A,""nexus-settings"":P.A,""copy-trading"":T.A,""nexus-admin"":c.A,""njord-catalog"":s.A};function $(e){return X[e]}function J(e){return Q[e]}let Z={home:""/"",stages:""/stages"",heatmaps:""/"",""skylit-charts"":""/atlas"",alerts:""/alerts"",trinity:""/trinity"",settings:""/settings"",""admin-portal"":""/admin-portal"",megaphone:""/megaphone"",""talon-kb"":""/agents/talon-kb"",""talon-usage"":""/agents/talon-usage"",""agent-terminal"":""/agents"",trade:""/agents/trade"",""trinity-sniper"":""/agents/trinity-sniper"",""deep-research"":""/agents/research"",tradelab:""/agents/tradelab"",plugins:""/plugins"",""creator-studio"":""/creator"",compass:""/flow/compass"",livefeed:""/flow/live"",darkfeed:""/flow/dark"",scanner:""/flow/scanner"",lookup:""/flow/lookup"",""company-events"":""/flow/events"",tracker:""/flow/tracker"",""flow-alerts"":""/flow/alerts"",""flowseeker-settings"":""/flow/settings"",leaderboard:""/nexus/lead"
1536-064f08115df39c50.js,478366,/agents/talon-usage,"-events"":k.A,tracker:B.A,""flow-alerts"":m.A,""flowseeker-settings"":P.A,leaderboard:j.A,profile:G.A,trades:N.A,ideas:l.A,newtrade:V.A,academy:o.A,""nexus-settings"":P.A,""copy-trading"":T.A,""nexus-admin"":c.A,""njord-catalog"":s.A};function $(e){return X[e]}function J(e){return Q[e]}let Z={home:""/"",stages:""/stages"",heatmaps:""/"",""skylit-charts"":""/atlas"",alerts:""/alerts"",trinity:""/trinity"",settings:""/settings"",""admin-portal"":""/admin-portal"",megaphone:""/megaphone"",""talon-kb"":""/agents/talon-kb"",""talon-usage"":""/agents/talon-usage"",""agent-terminal"":""/agents"",trade:""/agents/trade"",""trinity-sniper"":""/agents/trinity-sniper"",""deep-research"":""/agents/research"",tradelab:""/agents/tradelab"",plugins:""/plugins"",""creator-studio"":""/creator"",compass:""/flow/compass"",livefeed:""/flow/live"",darkfeed:""/flow/dark"",scanner:""/flow/scanner"",lookup:""/flow/lookup"",""company-events"":""/flow/events"",tracker:""/flow/tracker"",""flow-alerts"":""/flow/alerts"",""flowseeker-settings"":""/flow/settings"",leaderboard:""/nexus/leaderboard"",profile:""/nexus/profile"",tr"
1536-064f08115df39c50.js,478421,/agents/trade,"settings"":P.A,leaderboard:j.A,profile:G.A,trades:N.A,ideas:l.A,newtrade:V.A,academy:o.A,""nexus-settings"":P.A,""copy-trading"":T.A,""nexus-admin"":c.A,""njord-catalog"":s.A};function $(e){return X[e]}function J(e){return Q[e]}let Z={home:""/"",stages:""/stages"",heatmaps:""/"",""skylit-charts"":""/atlas"",alerts:""/alerts"",trinity:""/trinity"",settings:""/settings"",""admin-portal"":""/admin-portal"",megaphone:""/megaphone"",""talon-kb"":""/agents/talon-kb"",""talon-usage"":""/agents/talon-usage"",""agent-terminal"":""/agents"",trade:""/agents/trade"",""trinity-sniper"":""/agents/trinity-sniper"",""deep-research"":""/agents/research"",tradelab:""/agents/tradelab"",plugins:""/plugins"",""creator-studio"":""/creator"",compass:""/flow/compass"",livefeed:""/flow/live"",darkfeed:""/flow/dark"",scanner:""/flow/scanner"",lookup:""/flow/lookup"",""company-events"":""/flow/events"",tracker:""/flow/tracker"",""flow-alerts"":""/flow/alerts"",""flowseeker-settings"":""/flow/settings"",leaderboard:""/nexus/leaderboard"",profile:""/nexus/profile"",trades:""/nexus/trades"",ideas:""/nexus/ideas"",newtrad"
1536-064f08115df39c50.js,478454,/agents/trinity-sniper,"file:G.A,trades:N.A,ideas:l.A,newtrade:V.A,academy:o.A,""nexus-settings"":P.A,""copy-trading"":T.A,""nexus-admin"":c.A,""njord-catalog"":s.A};function $(e){return X[e]}function J(e){return Q[e]}let Z={home:""/"",stages:""/stages"",heatmaps:""/"",""skylit-charts"":""/atlas"",alerts:""/alerts"",trinity:""/trinity"",settings:""/settings"",""admin-portal"":""/admin-portal"",megaphone:""/megaphone"",""talon-kb"":""/agents/talon-kb"",""talon-usage"":""/agents/talon-usage"",""agent-terminal"":""/agents"",trade:""/agents/trade"",""trinity-sniper"":""/agents/trinity-sniper"",""deep-research"":""/agents/research"",tradelab:""/agents/tradelab"",plugins:""/plugins"",""creator-studio"":""/creator"",compass:""/flow/compass"",livefeed:""/flow/live"",darkfeed:""/flow/dark"",scanner:""/flow/scanner"",lookup:""/flow/lookup"",""company-events"":""/flow/events"",tracker:""/flow/tracker"",""flow-alerts"":""/flow/alerts"",""flowseeker-settings"":""/flow/settings"",leaderboard:""/nexus/leaderboard"",profile:""/nexus/profile"",trades:""/nexus/trades"",ideas:""/nexus/ideas"",newtrade:""/nexus/new-trade"",academy:""/academy"",""n"
1536-064f08115df39c50.js,478495,/agents/research,"A,academy:o.A,""nexus-settings"":P.A,""copy-trading"":T.A,""nexus-admin"":c.A,""njord-catalog"":s.A};function $(e){return X[e]}function J(e){return Q[e]}let Z={home:""/"",stages:""/stages"",heatmaps:""/"",""skylit-charts"":""/atlas"",alerts:""/alerts"",trinity:""/trinity"",settings:""/settings"",""admin-portal"":""/admin-portal"",megaphone:""/megaphone"",""talon-kb"":""/agents/talon-kb"",""talon-usage"":""/agents/talon-usage"",""agent-terminal"":""/agents"",trade:""/agents/trade"",""trinity-sniper"":""/agents/trinity-sniper"",""deep-research"":""/agents/research"",tradelab:""/agents/tradelab"",plugins:""/plugins"",""creator-studio"":""/creator"",compass:""/flow/compass"",livefeed:""/flow/live"",darkfeed:""/flow/dark"",scanner:""/flow/scanner"",lookup:""/flow/lookup"",""company-events"":""/flow/events"",tracker:""/flow/tracker"",""flow-alerts"":""/flow/alerts"",""flowseeker-settings"":""/flow/settings"",leaderboard:""/nexus/leaderboard"",profile:""/nexus/profile"",trades:""/nexus/trades"",ideas:""/nexus/ideas"",newtrade:""/nexus/new-trade"",academy:""/academy"",""nexus-settings"":""/nexus/settings"",""c"
1536-064f08115df39c50.js,478523,/agents/tradelab,"s"":P.A,""copy-trading"":T.A,""nexus-admin"":c.A,""njord-catalog"":s.A};function $(e){return X[e]}function J(e){return Q[e]}let Z={home:""/"",stages:""/stages"",heatmaps:""/"",""skylit-charts"":""/atlas"",alerts:""/alerts"",trinity:""/trinity"",settings:""/settings"",""admin-portal"":""/admin-portal"",megaphone:""/megaphone"",""talon-kb"":""/agents/talon-kb"",""talon-usage"":""/agents/talon-usage"",""agent-terminal"":""/agents"",trade:""/agents/trade"",""trinity-sniper"":""/agents/trinity-sniper"",""deep-research"":""/agents/research"",tradelab:""/agents/tradelab"",plugins:""/plugins"",""creator-studio"":""/creator"",compass:""/flow/compass"",livefeed:""/flow/live"",darkfeed:""/flow/dark"",scanner:""/flow/scanner"",lookup:""/flow/lookup"",""company-events"":""/flow/events"",tracker:""/flow/tracker"",""flow-alerts"":""/flow/alerts"",""flowseeker-settings"":""/flow/settings"",leaderboard:""/nexus/leaderboard"",profile:""/nexus/profile"",trades:""/nexus/trades"",ideas:""/nexus/ideas"",newtrade:""/nexus/new-trade"",academy:""/academy"",""nexus-settings"":""/nexus/settings"",""copy-trading"":""/nexus/copy-tr"
1536-064f08115df39c50.js,479407,/agents/talon-kb,",ideas:""/nexus/ideas"",newtrade:""/nexus/new-trade"",academy:""/academy"",""nexus-settings"":""/nexus/settings"",""copy-trading"":""/nexus/copy-trading"",""nexus-admin"":""/nexus/admin"",portal:""/portal"",developer:""/developer"",""admin-api-platform"":""/admin/api-platform"",...H?{""njord-catalog"":""/products""}:{}},ee={""/"":""heatmaps"",""/stages"":""stages"",""/atlas"":""skylit-charts"",""/charts"":""skylit-charts"",""/alerts"":""alerts"",""/trinity"":""trinity"",""/settings"":""settings"",""/admin-portal"":""admin-portal"",""/megaphone"":""megaphone"",""/agents/talon-kb"":""talon-kb"",""/agents/talon-usage"":""talon-usage"",""/agents/trade"":""trade"",""/agents/trinity-sniper"":""trinity-sniper"",""/agents/research"":""deep-research"",""/agents"":""agent-terminal"",""/agents/tradelab"":""tradelab"",""/plugins"":""plugins"",""/creator"":""creator-studio"",""/flow/compass"":""compass"",""/flow/live"":""livefeed"",""/flow/dark"":""darkfeed"",""/flow/scanner"":""scanner"",""/flow/lookup"":""lookup"",""/flow/events"":""company-events"",""/flow/tracker"":""tracker"",""/flow/alerts"":""flow-alerts"",""/flow/settings"":""flowseeker-setti"
1536-064f08115df39c50.js,479437,/agents/talon-usage,":""/nexus/new-trade"",academy:""/academy"",""nexus-settings"":""/nexus/settings"",""copy-trading"":""/nexus/copy-trading"",""nexus-admin"":""/nexus/admin"",portal:""/portal"",developer:""/developer"",""admin-api-platform"":""/admin/api-platform"",...H?{""njord-catalog"":""/products""}:{}},ee={""/"":""heatmaps"",""/stages"":""stages"",""/atlas"":""skylit-charts"",""/charts"":""skylit-charts"",""/alerts"":""alerts"",""/trinity"":""trinity"",""/settings"":""settings"",""/admin-portal"":""admin-portal"",""/megaphone"":""megaphone"",""/agents/talon-kb"":""talon-kb"",""/agents/talon-usage"":""talon-usage"",""/agents/trade"":""trade"",""/agents/trinity-sniper"":""trinity-sniper"",""/agents/research"":""deep-research"",""/agents"":""agent-terminal"",""/agents/tradelab"":""tradelab"",""/plugins"":""plugins"",""/creator"":""creator-studio"",""/flow/compass"":""compass"",""/flow/live"":""livefeed"",""/flow/dark"":""darkfeed"",""/flow/scanner"":""scanner"",""/flow/lookup"":""lookup"",""/flow/events"":""company-events"",""/flow/tracker"":""tracker"",""/flow/alerts"":""flow-alerts"",""/flow/settings"":""flowseeker-settings"",""/nexus/leaderboard"":""leader"
1536-064f08115df39c50.js,479473,/agents/trade,"y"",""nexus-settings"":""/nexus/settings"",""copy-trading"":""/nexus/copy-trading"",""nexus-admin"":""/nexus/admin"",portal:""/portal"",developer:""/developer"",""admin-api-platform"":""/admin/api-platform"",...H?{""njord-catalog"":""/products""}:{}},ee={""/"":""heatmaps"",""/stages"":""stages"",""/atlas"":""skylit-charts"",""/charts"":""skylit-charts"",""/alerts"":""alerts"",""/trinity"":""trinity"",""/settings"":""settings"",""/admin-portal"":""admin-portal"",""/megaphone"":""megaphone"",""/agents/talon-kb"":""talon-kb"",""/agents/talon-usage"":""talon-usage"",""/agents/trade"":""trade"",""/agents/trinity-sniper"":""trinity-sniper"",""/agents/research"":""deep-research"",""/agents"":""agent-terminal"",""/agents/tradelab"":""tradelab"",""/plugins"":""plugins"",""/creator"":""creator-studio"",""/flow/compass"":""compass"",""/flow/live"":""livefeed"",""/flow/dark"":""darkfeed"",""/flow/scanner"":""scanner"",""/flow/lookup"":""lookup"",""/flow/events"":""company-events"",""/flow/tracker"":""tracker"",""/flow/alerts"":""flow-alerts"",""/flow/settings"":""flowseeker-settings"",""/nexus/leaderboard"":""leaderboard"",""/nexus/profile"":""profi"
1536-064f08115df39c50.js,479497,/agents/trinity-sniper,"xus/settings"",""copy-trading"":""/nexus/copy-trading"",""nexus-admin"":""/nexus/admin"",portal:""/portal"",developer:""/developer"",""admin-api-platform"":""/admin/api-platform"",...H?{""njord-catalog"":""/products""}:{}},ee={""/"":""heatmaps"",""/stages"":""stages"",""/atlas"":""skylit-charts"",""/charts"":""skylit-charts"",""/alerts"":""alerts"",""/trinity"":""trinity"",""/settings"":""settings"",""/admin-portal"":""admin-portal"",""/megaphone"":""megaphone"",""/agents/talon-kb"":""talon-kb"",""/agents/talon-usage"":""talon-usage"",""/agents/trade"":""trade"",""/agents/trinity-sniper"":""trinity-sniper"",""/agents/research"":""deep-research"",""/agents"":""agent-terminal"",""/agents/tradelab"":""tradelab"",""/plugins"":""plugins"",""/creator"":""creator-studio"",""/flow/compass"":""compass"",""/flow/live"":""livefeed"",""/flow/dark"":""darkfeed"",""/flow/scanner"":""scanner"",""/flow/lookup"":""lookup"",""/flow/events"":""company-events"",""/flow/tracker"":""tracker"",""/flow/alerts"":""flow-alerts"",""/flow/settings"":""flowseeker-settings"",""/nexus/leaderboard"":""leaderboard"",""/nexus/profile"":""profile"",""/nexus/trades"":""trades"",""/ne"
1536-064f08115df39c50.js,479539,/agents/research,"trading"",""nexus-admin"":""/nexus/admin"",portal:""/portal"",developer:""/developer"",""admin-api-platform"":""/admin/api-platform"",...H?{""njord-catalog"":""/products""}:{}},ee={""/"":""heatmaps"",""/stages"":""stages"",""/atlas"":""skylit-charts"",""/charts"":""skylit-charts"",""/alerts"":""alerts"",""/trinity"":""trinity"",""/settings"":""settings"",""/admin-portal"":""admin-portal"",""/megaphone"":""megaphone"",""/agents/talon-kb"":""talon-kb"",""/agents/talon-usage"":""talon-usage"",""/agents/trade"":""trade"",""/agents/trinity-sniper"":""trinity-sniper"",""/agents/research"":""deep-research"",""/agents"":""agent-terminal"",""/agents/tradelab"":""tradelab"",""/plugins"":""plugins"",""/creator"":""creator-studio"",""/flow/compass"":""compass"",""/flow/live"":""livefeed"",""/flow/dark"":""darkfeed"",""/flow/scanner"":""scanner"",""/flow/lookup"":""lookup"",""/flow/events"":""company-events"",""/flow/tracker"":""tracker"",""/flow/alerts"":""flow-alerts"",""/flow/settings"":""flowseeker-settings"",""/nexus/leaderboard"":""leaderboard"",""/nexus/profile"":""profile"",""/nexus/trades"":""trades"",""/nexus/ideas"":""ideas"",""/nexus/new-trade"
1536-064f08115df39c50.js,479601,/agents/tradelab,"er:""/developer"",""admin-api-platform"":""/admin/api-platform"",...H?{""njord-catalog"":""/products""}:{}},ee={""/"":""heatmaps"",""/stages"":""stages"",""/atlas"":""skylit-charts"",""/charts"":""skylit-charts"",""/alerts"":""alerts"",""/trinity"":""trinity"",""/settings"":""settings"",""/admin-portal"":""admin-portal"",""/megaphone"":""megaphone"",""/agents/talon-kb"":""talon-kb"",""/agents/talon-usage"":""talon-usage"",""/agents/trade"":""trade"",""/agents/trinity-sniper"":""trinity-sniper"",""/agents/research"":""deep-research"",""/agents"":""agent-terminal"",""/agents/tradelab"":""tradelab"",""/plugins"":""plugins"",""/creator"":""creator-studio"",""/flow/compass"":""compass"",""/flow/live"":""livefeed"",""/flow/dark"":""darkfeed"",""/flow/scanner"":""scanner"",""/flow/lookup"":""lookup"",""/flow/events"":""company-events"",""/flow/tracker"":""tracker"",""/flow/alerts"":""flow-alerts"",""/flow/settings"":""flowseeker-settings"",""/nexus/leaderboard"":""leaderboard"",""/nexus/profile"":""profile"",""/nexus/trades"":""trades"",""/nexus/ideas"":""ideas"",""/nexus/new-trade"":""newtrade"",""/academy"":""academy"",""/nexus/settings"":""nexus-set"
1576-b802384d65dd427f.js,11077,/api/velocity/history?,"51531);function i(e,t,l,i,a){let s=(0,n.Z)(),{existingHistory:o,enabled:u=!0,replayMode:d=!1,replayTimestamp:c}=null!=a?a:{},h=!d&&o&&o.length>0,m=d&&null!=c;return(0,r.I)({queryKey:[""velocity-history"",e,t,l,i,d?""replay"":""live"",d?null==c?void 0:c.toISOString():null],queryFn:async()=>{var r;let n=(r=i,/^\d{8}$/.test(r)?r:/^\d{4}-\d{2}-\d{2}$/.test(r)?r.replace(/-/g,""""):r),a=new URLSearchParams({symbol:e,dataType:t,strike:l.toString(),exp:n});d&&c&&a.set(""timestamp"",c.toISOString());let o=await s(""/api/velocity/history?"".concat(a));return{history:o.history,timestamps:o.timestamps,delta1Min:o.delta1Min,delta5Min:o.delta5Min,delta10Min:o.delta10Min,delta15Min:o.delta15Min,delta1Hour:o.delta1Hour,delta4Hour:o.delta4Hour,delta1Day:o.delta1Day,percent1Min:o.percent1Min,percent5Min:o.percent5Min,percent10Min:o.percent10Min,percent15Min:o.percent15Min,percent1Hour:o.percent1Hour,percent4Hour:o.percent4Hour,percent1Day:o.percent1Day}},enabled:u&&!!e&&!!l&&!!i&&!h&&(!d||m),initialData:h?{history:o,timestamps:[],delta1Mi"
2501-547c53e2053a1b35.js,3751,/api/stream?symbol=,",F=(0,t.useCallback)(async()=>{if(!a||!n)return;P();let e=new AbortController;C.current=e;let t=()=>{var e;return null!=(e=b.current)?e:i.l.heatmap.data(a,""netGamma"",m)};try{let n,r=await (0,o.ML)(w,e.signal);if(e.signal.aborted)return;if(r)n=""ticket="".concat(encodeURIComponent(r));else{let a=await w();if(e.signal.aborted)return;if(!a)return void y(e=>({...e,connected:!1,error:""Authentication required""}));n=""token="".concat(a)}let l=null!=f?f:500,i=m||50,d=""both""!==p?""&data_type="".concat(p):"""",h=""/api/stream?symbol="".concat(encodeURIComponent((0,s.ee)(a)),""&"").concat(n,""&max_strikes="").concat(l,""&max_expirations="").concat(i).concat(d);console.log(""[SSE] Connecting to:"",h);let v=new EventSource(h);S.current=v;let C=()=>{y({connected:!0,error:null,reconnectAttempts:0})},b=e=>{};if(k.current.onOpen=C,k.current.onConnected=b,v.onopen=C,v.addEventListener(""connected"",b),g){let e=e=>{let a=JSON.parse(e.data);if(a.data){let{gammaData:e}=D(a.data);T.setQueryData(t(),e)}else T.invalidateQueries({queryKey:t(),exact:!"
3680-bedf33ad8e108721.js,35052,/api/,"rossOrigin:m.crossOrigin}:{as:""script"",nonce:E,crossOrigin:m.crossOrigin})}return null}Object.defineProperty(_,""__nextScript"",{value:!0});let g=_;(""function""==typeof t.default||""object""==typeof t.default&&null!==t.default)&&void 0===t.default.__esModule&&(Object.defineProperty(t.default,""__esModule"",{value:!0}),Object.assign(t.default,t),e.exports=t.default)},42206:e=>{""use strict"";e.exports={rE:""15.5.9""}},42742:(e,t)=>{""use strict"";function r(e){return""/api""===e||!!(null==e?void 0:e.startsWith(""/api/""))}Object.defineProperty(t,""__esModule"",{value:!0}),Object.defineProperty(t,""isAPIRoute"",{enumerable:!0,get:function(){return r}})},43843:(e,t,r)=>{""use strict"";r.d(t,{_:()=>o,c:()=>i});var n=r(12115);let a=n.createContext(void 0);a.displayName=""ClerkNextOptionsCtx"";let i=()=>{let e=n.useContext(a);return null==e?void 0:e.value},o=e=>{let{children:t,options:r}=e;return n.createElement(a.Provider,{value:{value:r}},t)}},44761:(e,t)=>{""use strict"";Object.defineProperty(t,""__esModule"",{value:!0}),!f"
4338-2835906ea9e42f40.js,17809,/api/nexus/users/me,"GuildHeader||!c||r.has(""X-Guild-ID"")||r.set(""X-Guild-ID"",c);try{let e=await fetch(a,{...n,headers:r});if(!e.ok){let t=""HTTP "".concat(e.status,"": "").concat(e.statusText);try{let n=await e.json();t=n.message||n.error||t}catch(e){}throw new s(t,e.status)}if(204===e.status)return;return await e.json()}catch(e){if(e instanceof s||e instanceof DOMException&&""AbortError""===e.name)throw e;throw new s(""Network error: "".concat(e instanceof Error?e.message:""Unknown error""),0)}}async function d(e){return c(""/api/nexus/users/me"",e)}async function u(e){let t=arguments.length>1&&void 0!==arguments[1]?arguments[1]:{},n=new URLSearchParams;t.agentSlug&&n.set(""agent"",t.agentSlug),t.ticker&&n.set(""ticker"",t.ticker),t.direction&&n.set(""direction"",t.direction),t.status&&n.set(""status"",t.status),void 0!==t.limit&&n.set(""limit"",String(t.limit)),void 0!==t.offset&&n.set(""offset"",String(t.offset));let a=n.toString();return c(""/api/nexus/agent-setups"".concat(a?""?"".concat(a):""""),e,{skipGuildHeader:!0})}async function l(e,t){let n=ar"
4338-2835906ea9e42f40.js,18223,/api/nexus/agent-setups,"concat(e instanceof Error?e.message:""Unknown error""),0)}}async function d(e){return c(""/api/nexus/users/me"",e)}async function u(e){let t=arguments.length>1&&void 0!==arguments[1]?arguments[1]:{},n=new URLSearchParams;t.agentSlug&&n.set(""agent"",t.agentSlug),t.ticker&&n.set(""ticker"",t.ticker),t.direction&&n.set(""direction"",t.direction),t.status&&n.set(""status"",t.status),void 0!==t.limit&&n.set(""limit"",String(t.limit)),void 0!==t.offset&&n.set(""offset"",String(t.offset));let a=n.toString();return c(""/api/nexus/agent-setups"".concat(a?""?"".concat(a):""""),e,{skipGuildHeader:!0})}async function l(e,t){let n=arguments.length>2&&void 0!==arguments[2]?arguments[2]:{};return c(""/api/nexus/agent-scans/"".concat(encodeURIComponent(t),""/run""),e,{method:""POST"",headers:{""Content-Type"":""application/json""},body:JSON.stringify(n),skipGuildHeader:!0})}async function p(e,t){return c(""/api/nexus/users/me"",e,{method:""PUT"",headers:{""Content-Type"":""application/json""},body:JSON.stringify(t)})}async function m(e,t){return c(""/api/nexus/user"
4338-2835906ea9e42f40.js,18395,/api/nexus/agent-scans/,"nts[1]?arguments[1]:{},n=new URLSearchParams;t.agentSlug&&n.set(""agent"",t.agentSlug),t.ticker&&n.set(""ticker"",t.ticker),t.direction&&n.set(""direction"",t.direction),t.status&&n.set(""status"",t.status),void 0!==t.limit&&n.set(""limit"",String(t.limit)),void 0!==t.offset&&n.set(""offset"",String(t.offset));let a=n.toString();return c(""/api/nexus/agent-setups"".concat(a?""?"".concat(a):""""),e,{skipGuildHeader:!0})}async function l(e,t){let n=arguments.length>2&&void 0!==arguments[2]?arguments[2]:{};return c(""/api/nexus/agent-scans/"".concat(encodeURIComponent(t),""/run""),e,{method:""POST"",headers:{""Content-Type"":""application/json""},body:JSON.stringify(n),skipGuildHeader:!0})}async function p(e,t){return c(""/api/nexus/users/me"",e,{method:""PUT"",headers:{""Content-Type"":""application/json""},body:JSON.stringify(t)})}async function m(e,t){return c(""/api/nexus/users/"".concat(encodeURIComponent(t)),e)}async function y(e,t){return c(""/api/nexus/users/by-username/"".concat(encodeURIComponent(t)),e)}async function f(e,t){let n=new URLSear"
4338-2835906ea9e42f40.js,18594,/api/nexus/users/me,"void 0!==t.limit&&n.set(""limit"",String(t.limit)),void 0!==t.offset&&n.set(""offset"",String(t.offset));let a=n.toString();return c(""/api/nexus/agent-setups"".concat(a?""?"".concat(a):""""),e,{skipGuildHeader:!0})}async function l(e,t){let n=arguments.length>2&&void 0!==arguments[2]?arguments[2]:{};return c(""/api/nexus/agent-scans/"".concat(encodeURIComponent(t),""/run""),e,{method:""POST"",headers:{""Content-Type"":""application/json""},body:JSON.stringify(n),skipGuildHeader:!0})}async function p(e,t){return c(""/api/nexus/users/me"",e,{method:""PUT"",headers:{""Content-Type"":""application/json""},body:JSON.stringify(t)})}async function m(e,t){return c(""/api/nexus/users/"".concat(encodeURIComponent(t)),e)}async function y(e,t){return c(""/api/nexus/users/by-username/"".concat(encodeURIComponent(t)),e)}async function f(e,t){let n=new URLSearchParams;(null==t?void 0:t.ticker)&&n.append(""ticker"",t.ticker),(null==t?void 0:t.status)&&n.append(""status"",t.status),(null==t?void 0:t.userId)&&n.append(""userId"",t.userId),(null==t?void 0:t.lim"
4338-2835906ea9e42f40.js,18732,/api/nexus/users/,"us/agent-setups"".concat(a?""?"".concat(a):""""),e,{skipGuildHeader:!0})}async function l(e,t){let n=arguments.length>2&&void 0!==arguments[2]?arguments[2]:{};return c(""/api/nexus/agent-scans/"".concat(encodeURIComponent(t),""/run""),e,{method:""POST"",headers:{""Content-Type"":""application/json""},body:JSON.stringify(n),skipGuildHeader:!0})}async function p(e,t){return c(""/api/nexus/users/me"",e,{method:""PUT"",headers:{""Content-Type"":""application/json""},body:JSON.stringify(t)})}async function m(e,t){return c(""/api/nexus/users/"".concat(encodeURIComponent(t)),e)}async function y(e,t){return c(""/api/nexus/users/by-username/"".concat(encodeURIComponent(t)),e)}async function f(e,t){let n=new URLSearchParams;(null==t?void 0:t.ticker)&&n.append(""ticker"",t.ticker),(null==t?void 0:t.status)&&n.append(""status"",t.status),(null==t?void 0:t.userId)&&n.append(""userId"",t.userId),(null==t?void 0:t.limit)!==void 0&&n.append(""limit"",t.limit.toString()),(null==t?void 0:t.offset)!==void 0&&n.append(""offset"",t.offset.toString());let a=n.to"
4338-2835906ea9e42f40.js,18816,/api/nexus/users/by-username/,"(e,t){let n=arguments.length>2&&void 0!==arguments[2]?arguments[2]:{};return c(""/api/nexus/agent-scans/"".concat(encodeURIComponent(t),""/run""),e,{method:""POST"",headers:{""Content-Type"":""application/json""},body:JSON.stringify(n),skipGuildHeader:!0})}async function p(e,t){return c(""/api/nexus/users/me"",e,{method:""PUT"",headers:{""Content-Type"":""application/json""},body:JSON.stringify(t)})}async function m(e,t){return c(""/api/nexus/users/"".concat(encodeURIComponent(t)),e)}async function y(e,t){return c(""/api/nexus/users/by-username/"".concat(encodeURIComponent(t)),e)}async function f(e,t){let n=new URLSearchParams;(null==t?void 0:t.ticker)&&n.append(""ticker"",t.ticker),(null==t?void 0:t.status)&&n.append(""status"",t.status),(null==t?void 0:t.userId)&&n.append(""userId"",t.userId),(null==t?void 0:t.limit)!==void 0&&n.append(""limit"",t.limit.toString()),(null==t?void 0:t.offset)!==void 0&&n.append(""offset"",t.offset.toString());let a=n.toString();return c(""/api/nexus/trades"".concat(a?""?"".concat(a):""""),e)}async function g(e,t,n){let"
4338-2835906ea9e42f40.js,19269,/api/nexus/trades,"omponent(t)),e)}async function y(e,t){return c(""/api/nexus/users/by-username/"".concat(encodeURIComponent(t)),e)}async function f(e,t){let n=new URLSearchParams;(null==t?void 0:t.ticker)&&n.append(""ticker"",t.ticker),(null==t?void 0:t.status)&&n.append(""status"",t.status),(null==t?void 0:t.userId)&&n.append(""userId"",t.userId),(null==t?void 0:t.limit)!==void 0&&n.append(""limit"",t.limit.toString()),(null==t?void 0:t.offset)!==void 0&&n.append(""offset"",t.offset.toString());let a=n.toString();return c(""/api/nexus/trades"".concat(a?""?"".concat(a):""""),e)}async function g(e,t,n){let a=arguments.length>3&&void 0!==arguments[3]&&arguments[3],i=new URLSearchParams;return i.set(""ticker"",t),i.set(""scope"",n),a&&i.set(""includeClosed"",""true""),c(""/api/nexus/chart/positions?"".concat(i.toString()),e)}async function h(e,t){return c(""/api/nexus/trades/"".concat(encodeURIComponent(t)),e)}async function T(e,t,n){let a=new URLSearchParams;(null==n?void 0:n.limit)!==void 0&&a.append(""limit"",n.limit.toString());let i=a.toString();try{"
4338-2835906ea9e42f40.js,19504,/api/nexus/chart/positions?,"atus)&&n.append(""status"",t.status),(null==t?void 0:t.userId)&&n.append(""userId"",t.userId),(null==t?void 0:t.limit)!==void 0&&n.append(""limit"",t.limit.toString()),(null==t?void 0:t.offset)!==void 0&&n.append(""offset"",t.offset.toString());let a=n.toString();return c(""/api/nexus/trades"".concat(a?""?"".concat(a):""""),e)}async function g(e,t,n){let a=arguments.length>3&&void 0!==arguments[3]&&arguments[3],i=new URLSearchParams;return i.set(""ticker"",t),i.set(""scope"",n),a&&i.set(""includeClosed"",""true""),c(""/api/nexus/chart/positions?"".concat(i.toString()),e)}async function h(e,t){return c(""/api/nexus/trades/"".concat(encodeURIComponent(t)),e)}async function T(e,t,n){let a=new URLSearchParams;(null==n?void 0:n.limit)!==void 0&&a.append(""limit"",n.limit.toString());let i=a.toString();try{return await c(""/api/nexus/trades/"".concat(encodeURIComponent(t),""/pnl-history"").concat(i?""?"".concat(i):""""),e)}catch(e){if(e instanceof s&&404===e.status)return[];throw e}}async function C(e,t){let{guildId:n,...a}=t;return c(""/api/nexus/trades"","
4338-2835906ea9e42f40.js,19589,/api/nexus/trades/,"rId),(null==t?void 0:t.limit)!==void 0&&n.append(""limit"",t.limit.toString()),(null==t?void 0:t.offset)!==void 0&&n.append(""offset"",t.offset.toString());let a=n.toString();return c(""/api/nexus/trades"".concat(a?""?"".concat(a):""""),e)}async function g(e,t,n){let a=arguments.length>3&&void 0!==arguments[3]&&arguments[3],i=new URLSearchParams;return i.set(""ticker"",t),i.set(""scope"",n),a&&i.set(""includeClosed"",""true""),c(""/api/nexus/chart/positions?"".concat(i.toString()),e)}async function h(e,t){return c(""/api/nexus/trades/"".concat(encodeURIComponent(t)),e)}async function T(e,t,n){let a=new URLSearchParams;(null==n?void 0:n.limit)!==void 0&&a.append(""limit"",n.limit.toString());let i=a.toString();try{return await c(""/api/nexus/trades/"".concat(encodeURIComponent(t),""/pnl-history"").concat(i?""?"".concat(i):""""),e)}catch(e){if(e instanceof s&&404===e.status)return[];throw e}}async function C(e,t){let{guildId:n,...a}=t;return c(""/api/nexus/trades"",e,{method:""POST"",headers:{""Content-Type"":""application/json"",...n?{""X-Guild-I"
4338-2835906ea9e42f40.js,19803,/api/nexus/trades/,"oncat(a):""""),e)}async function g(e,t,n){let a=arguments.length>3&&void 0!==arguments[3]&&arguments[3],i=new URLSearchParams;return i.set(""ticker"",t),i.set(""scope"",n),a&&i.set(""includeClosed"",""true""),c(""/api/nexus/chart/positions?"".concat(i.toString()),e)}async function h(e,t){return c(""/api/nexus/trades/"".concat(encodeURIComponent(t)),e)}async function T(e,t,n){let a=new URLSearchParams;(null==n?void 0:n.limit)!==void 0&&a.append(""limit"",n.limit.toString());let i=a.toString();try{return await c(""/api/nexus/trades/"".concat(encodeURIComponent(t),""/pnl-history"").concat(i?""?"".concat(i):""""),e)}catch(e){if(e instanceof s&&404===e.status)return[];throw e}}async function C(e,t){let{guildId:n,...a}=t;return c(""/api/nexus/trades"",e,{method:""POST"",headers:{""Content-Type"":""application/json"",...n?{""X-Guild-ID"":n}:{}},body:JSON.stringify(a)})}async function S(e,t,n){return c(""/api/nexus/trades/"".concat(encodeURIComponent(t),""/entries""),e,{method:""POST"",headers:{""Content-Type"":""application/json""},body:JSON.stringify(n)}"
4338-2835906ea9e42f40.js,20013,/api/nexus/trades,"us/chart/positions?"".concat(i.toString()),e)}async function h(e,t){return c(""/api/nexus/trades/"".concat(encodeURIComponent(t)),e)}async function T(e,t,n){let a=new URLSearchParams;(null==n?void 0:n.limit)!==void 0&&a.append(""limit"",n.limit.toString());let i=a.toString();try{return await c(""/api/nexus/trades/"".concat(encodeURIComponent(t),""/pnl-history"").concat(i?""?"".concat(i):""""),e)}catch(e){if(e instanceof s&&404===e.status)return[];throw e}}async function C(e,t){let{guildId:n,...a}=t;return c(""/api/nexus/trades"",e,{method:""POST"",headers:{""Content-Type"":""application/json"",...n?{""X-Guild-ID"":n}:{}},body:JSON.stringify(a)})}async function S(e,t,n){return c(""/api/nexus/trades/"".concat(encodeURIComponent(t),""/entries""),e,{method:""POST"",headers:{""Content-Type"":""application/json""},body:JSON.stringify(n)})}async function x(e,t,n){return c(""/api/nexus/trades/"".concat(encodeURIComponent(t),""/exits""),e,{method:""POST"",headers:{""Content-Type"":""application/json""},body:JSON.stringify(n)})}async function k(e,t,n,a){re"
4338-2835906ea9e42f40.js,20177,/api/nexus/trades/,"URLSearchParams;(null==n?void 0:n.limit)!==void 0&&a.append(""limit"",n.limit.toString());let i=a.toString();try{return await c(""/api/nexus/trades/"".concat(encodeURIComponent(t),""/pnl-history"").concat(i?""?"".concat(i):""""),e)}catch(e){if(e instanceof s&&404===e.status)return[];throw e}}async function C(e,t){let{guildId:n,...a}=t;return c(""/api/nexus/trades"",e,{method:""POST"",headers:{""Content-Type"":""application/json"",...n?{""X-Guild-ID"":n}:{}},body:JSON.stringify(a)})}async function S(e,t,n){return c(""/api/nexus/trades/"".concat(encodeURIComponent(t),""/entries""),e,{method:""POST"",headers:{""Content-Type"":""application/json""},body:JSON.stringify(n)})}async function x(e,t,n){return c(""/api/nexus/trades/"".concat(encodeURIComponent(t),""/exits""),e,{method:""POST"",headers:{""Content-Type"":""application/json""},body:JSON.stringify(n)})}async function k(e,t,n,a){return c(""/api/nexus/"".concat(encodeURIComponent(t),""/"").concat(encodeURIComponent(n),""/reactions""),e,{method:""POST"",headers:{""Content-Type"":""application/json""},body:J"
4338-2835906ea9e42f40.js,20358,/api/nexus/trades/,"-history"").concat(i?""?"".concat(i):""""),e)}catch(e){if(e instanceof s&&404===e.status)return[];throw e}}async function C(e,t){let{guildId:n,...a}=t;return c(""/api/nexus/trades"",e,{method:""POST"",headers:{""Content-Type"":""application/json"",...n?{""X-Guild-ID"":n}:{}},body:JSON.stringify(a)})}async function S(e,t,n){return c(""/api/nexus/trades/"".concat(encodeURIComponent(t),""/entries""),e,{method:""POST"",headers:{""Content-Type"":""application/json""},body:JSON.stringify(n)})}async function x(e,t,n){return c(""/api/nexus/trades/"".concat(encodeURIComponent(t),""/exits""),e,{method:""POST"",headers:{""Content-Type"":""application/json""},body:JSON.stringify(n)})}async function k(e,t,n,a){return c(""/api/nexus/"".concat(encodeURIComponent(t),""/"").concat(encodeURIComponent(n),""/reactions""),e,{method:""POST"",headers:{""Content-Type"":""application/json""},body:JSON.stringify({reaction:a})})}async function v(e,t,n){return c(""/api/nexus/"".concat(encodeURIComponent(t),""/"").concat(encodeURIComponent(n),""/bookmark""),e,{method:""POST"",headers:{""C"
4338-2835906ea9e42f40.js,20539,/api/nexus/,"hod:""POST"",headers:{""Content-Type"":""application/json"",...n?{""X-Guild-ID"":n}:{}},body:JSON.stringify(a)})}async function S(e,t,n){return c(""/api/nexus/trades/"".concat(encodeURIComponent(t),""/entries""),e,{method:""POST"",headers:{""Content-Type"":""application/json""},body:JSON.stringify(n)})}async function x(e,t,n){return c(""/api/nexus/trades/"".concat(encodeURIComponent(t),""/exits""),e,{method:""POST"",headers:{""Content-Type"":""application/json""},body:JSON.stringify(n)})}async function k(e,t,n,a){return c(""/api/nexus/"".concat(encodeURIComponent(t),""/"").concat(encodeURIComponent(n),""/reactions""),e,{method:""POST"",headers:{""Content-Type"":""application/json""},body:JSON.stringify({reaction:a})})}async function v(e,t,n){return c(""/api/nexus/"".concat(encodeURIComponent(t),""/"").concat(encodeURIComponent(n),""/bookmark""),e,{method:""POST"",headers:{""Content-Type"":""application/json""},body:JSON.stringify({})})}async function I(e,t){return c(""/api/nexus/users/"".concat(encodeURIComponent(t),""/follow""),e,{method:""POST""})}async"
4338-2835906ea9e42f40.js,20760,/api/nexus/,"ers:{""Content-Type"":""application/json""},body:JSON.stringify(n)})}async function x(e,t,n){return c(""/api/nexus/trades/"".concat(encodeURIComponent(t),""/exits""),e,{method:""POST"",headers:{""Content-Type"":""application/json""},body:JSON.stringify(n)})}async function k(e,t,n,a){return c(""/api/nexus/"".concat(encodeURIComponent(t),""/"").concat(encodeURIComponent(n),""/reactions""),e,{method:""POST"",headers:{""Content-Type"":""application/json""},body:JSON.stringify({reaction:a})})}async function v(e,t,n){return c(""/api/nexus/"".concat(encodeURIComponent(t),""/"").concat(encodeURIComponent(n),""/bookmark""),e,{method:""POST"",headers:{""Content-Type"":""application/json""},body:JSON.stringify({})})}async function I(e,t){return c(""/api/nexus/users/"".concat(encodeURIComponent(t),""/follow""),e,{method:""POST""})}async function P(e,t){return c(""/api/nexus/users/"".concat(encodeURIComponent(t),""/follow""),e,{method:""DELETE""})}async function w(e){var t;return null!=(t=(await c(""/api/nexus/users/me/following"",e)).following)?t:[]}async funct"
4338-2835906ea9e42f40.js,20968,/api/nexus/users/,"ion/json""},body:JSON.stringify(n)})}async function k(e,t,n,a){return c(""/api/nexus/"".concat(encodeURIComponent(t),""/"").concat(encodeURIComponent(n),""/reactions""),e,{method:""POST"",headers:{""Content-Type"":""application/json""},body:JSON.stringify({reaction:a})})}async function v(e,t,n){return c(""/api/nexus/"".concat(encodeURIComponent(t),""/"").concat(encodeURIComponent(n),""/bookmark""),e,{method:""POST"",headers:{""Content-Type"":""application/json""},body:JSON.stringify({})})}async function I(e,t){return c(""/api/nexus/users/"".concat(encodeURIComponent(t),""/follow""),e,{method:""POST""})}async function P(e,t){return c(""/api/nexus/users/"".concat(encodeURIComponent(t),""/follow""),e,{method:""DELETE""})}async function w(e){var t;return null!=(t=(await c(""/api/nexus/users/me/following"",e)).following)?t:[]}async function R(e,t,n){return(await c(""/api/nexus/"".concat(encodeURIComponent(t),""/"").concat(encodeURIComponent(n),""/comments""),e)).comments}async function A(e,t,n,a,i){return c(""/api/nexus/"".concat(encodeURIComponent(t),""/"""
4338-2835906ea9e42f40.js,21078,/api/nexus/users/,"(t),""/"").concat(encodeURIComponent(n),""/reactions""),e,{method:""POST"",headers:{""Content-Type"":""application/json""},body:JSON.stringify({reaction:a})})}async function v(e,t,n){return c(""/api/nexus/"".concat(encodeURIComponent(t),""/"").concat(encodeURIComponent(n),""/bookmark""),e,{method:""POST"",headers:{""Content-Type"":""application/json""},body:JSON.stringify({})})}async function I(e,t){return c(""/api/nexus/users/"".concat(encodeURIComponent(t),""/follow""),e,{method:""POST""})}async function P(e,t){return c(""/api/nexus/users/"".concat(encodeURIComponent(t),""/follow""),e,{method:""DELETE""})}async function w(e){var t;return null!=(t=(await c(""/api/nexus/users/me/following"",e)).following)?t:[]}async function R(e,t,n){return(await c(""/api/nexus/"".concat(encodeURIComponent(t),""/"").concat(encodeURIComponent(n),""/comments""),e)).comments}async function A(e,t,n,a,i){return c(""/api/nexus/"".concat(encodeURIComponent(t),""/"").concat(encodeURIComponent(n),""/comments""),e,{method:""POST"",headers:{""Content-Type"":""application/json""},body:"
4338-2835906ea9e42f40.js,21210,/api/nexus/users/me/following,"({reaction:a})})}async function v(e,t,n){return c(""/api/nexus/"".concat(encodeURIComponent(t),""/"").concat(encodeURIComponent(n),""/bookmark""),e,{method:""POST"",headers:{""Content-Type"":""application/json""},body:JSON.stringify({})})}async function I(e,t){return c(""/api/nexus/users/"".concat(encodeURIComponent(t),""/follow""),e,{method:""POST""})}async function P(e,t){return c(""/api/nexus/users/"".concat(encodeURIComponent(t),""/follow""),e,{method:""DELETE""})}async function w(e){var t;return null!=(t=(await c(""/api/nexus/users/me/following"",e)).following)?t:[]}async function R(e,t,n){return(await c(""/api/nexus/"".concat(encodeURIComponent(t),""/"").concat(encodeURIComponent(n),""/comments""),e)).comments}async function A(e,t,n,a,i){return c(""/api/nexus/"".concat(encodeURIComponent(t),""/"").concat(encodeURIComponent(n),""/comments""),e,{method:""POST"",headers:{""Content-Type"":""application/json""},body:JSON.stringify({content:a,parentId:i})})}async function b(e,t){let n=new URLSearchParams;(null==t?void 0:t.ticker)&&n.append(""ticker"",t.ticker),"
4338-2835906ea9e42f40.js,21301,/api/nexus/,"),""/"").concat(encodeURIComponent(n),""/bookmark""),e,{method:""POST"",headers:{""Content-Type"":""application/json""},body:JSON.stringify({})})}async function I(e,t){return c(""/api/nexus/users/"".concat(encodeURIComponent(t),""/follow""),e,{method:""POST""})}async function P(e,t){return c(""/api/nexus/users/"".concat(encodeURIComponent(t),""/follow""),e,{method:""DELETE""})}async function w(e){var t;return null!=(t=(await c(""/api/nexus/users/me/following"",e)).following)?t:[]}async function R(e,t,n){return(await c(""/api/nexus/"".concat(encodeURIComponent(t),""/"").concat(encodeURIComponent(n),""/comments""),e)).comments}async function A(e,t,n,a,i){return c(""/api/nexus/"".concat(encodeURIComponent(t),""/"").concat(encodeURIComponent(n),""/comments""),e,{method:""POST"",headers:{""Content-Type"":""application/json""},body:JSON.stringify({content:a,parentId:i})})}async function b(e,t){let n=new URLSearchParams;(null==t?void 0:t.ticker)&&n.append(""ticker"",t.ticker),(null==t?void 0:t.status)&&n.append(""status"",t.status),(null==t?void 0:t."
4338-2835906ea9e42f40.js,21441,/api/nexus/,"c function I(e,t){return c(""/api/nexus/users/"".concat(encodeURIComponent(t),""/follow""),e,{method:""POST""})}async function P(e,t){return c(""/api/nexus/users/"".concat(encodeURIComponent(t),""/follow""),e,{method:""DELETE""})}async function w(e){var t;return null!=(t=(await c(""/api/nexus/users/me/following"",e)).following)?t:[]}async function R(e,t,n){return(await c(""/api/nexus/"".concat(encodeURIComponent(t),""/"").concat(encodeURIComponent(n),""/comments""),e)).comments}async function A(e,t,n,a,i){return c(""/api/nexus/"".concat(encodeURIComponent(t),""/"").concat(encodeURIComponent(n),""/comments""),e,{method:""POST"",headers:{""Content-Type"":""application/json""},body:JSON.stringify({content:a,parentId:i})})}async function b(e,t){let n=new URLSearchParams;(null==t?void 0:t.ticker)&&n.append(""ticker"",t.ticker),(null==t?void 0:t.status)&&n.append(""status"",t.status),(null==t?void 0:t.userId)&&n.append(""userId"",t.userId);let a=n.toString();return c(""/api/nexus/ideas"".concat(a?""?"".concat(a):""""),e)}async function _(e,t){retu"
4338-2835906ea9e42f40.js,21879,/api/nexus/ideas,"/comments""),e)).comments}async function A(e,t,n,a,i){return c(""/api/nexus/"".concat(encodeURIComponent(t),""/"").concat(encodeURIComponent(n),""/comments""),e,{method:""POST"",headers:{""Content-Type"":""application/json""},body:JSON.stringify({content:a,parentId:i})})}async function b(e,t){let n=new URLSearchParams;(null==t?void 0:t.ticker)&&n.append(""ticker"",t.ticker),(null==t?void 0:t.status)&&n.append(""status"",t.status),(null==t?void 0:t.userId)&&n.append(""userId"",t.userId);let a=n.toString();return c(""/api/nexus/ideas"".concat(a?""?"".concat(a):""""),e)}async function _(e,t){return c(""/api/nexus/ideas"",e,{method:""POST"",headers:{""Content-Type"":""application/json""},body:JSON.stringify(t)})}async function U(e,t){let n=new URLSearchParams;(null==t?void 0:t.tab)&&n.append(""tab"",t.tab),(null==t?void 0:t.ticker)&&n.append(""ticker"",t.ticker),(null==t?void 0:t.limit)!==void 0&&n.append(""limit"",t.limit.toString()),(null==t?void 0:t.offset)!==void 0&&n.append(""offset"",t.offset.toString());let a=n.toString();return c(""/api/nex"
4338-2835906ea9e42f40.js,21959,/api/nexus/ideas,"at(encodeURIComponent(t),""/"").concat(encodeURIComponent(n),""/comments""),e,{method:""POST"",headers:{""Content-Type"":""application/json""},body:JSON.stringify({content:a,parentId:i})})}async function b(e,t){let n=new URLSearchParams;(null==t?void 0:t.ticker)&&n.append(""ticker"",t.ticker),(null==t?void 0:t.status)&&n.append(""status"",t.status),(null==t?void 0:t.userId)&&n.append(""userId"",t.userId);let a=n.toString();return c(""/api/nexus/ideas"".concat(a?""?"".concat(a):""""),e)}async function _(e,t){return c(""/api/nexus/ideas"",e,{method:""POST"",headers:{""Content-Type"":""application/json""},body:JSON.stringify(t)})}async function U(e,t){let n=new URLSearchParams;(null==t?void 0:t.tab)&&n.append(""tab"",t.tab),(null==t?void 0:t.ticker)&&n.append(""ticker"",t.ticker),(null==t?void 0:t.limit)!==void 0&&n.append(""limit"",t.limit.toString()),(null==t?void 0:t.offset)!==void 0&&n.append(""offset"",t.offset.toString());let a=n.toString();return c(""/api/nexus/feed"".concat(a?""?"".concat(a):""""),e)}async function D(e,t){let n=new URLSearch"
4338-2835906ea9e42f40.js,22388,/api/nexus/feed,"us/ideas"".concat(a?""?"".concat(a):""""),e)}async function _(e,t){return c(""/api/nexus/ideas"",e,{method:""POST"",headers:{""Content-Type"":""application/json""},body:JSON.stringify(t)})}async function U(e,t){let n=new URLSearchParams;(null==t?void 0:t.tab)&&n.append(""tab"",t.tab),(null==t?void 0:t.ticker)&&n.append(""ticker"",t.ticker),(null==t?void 0:t.limit)!==void 0&&n.append(""limit"",t.limit.toString()),(null==t?void 0:t.offset)!==void 0&&n.append(""offset"",t.offset.toString());let a=n.toString();return c(""/api/nexus/feed"".concat(a?""?"".concat(a):""""),e)}async function D(e,t){let n=new URLSearchParams;(null==t?void 0:t.timeframe)&&n.append(""timeframe"",t.timeframe),(null==t?void 0:t.verifiedOnly)&&n.append(""verifiedOnly"",""true""),(null==t?void 0:t.limit)!==void 0&&n.append(""limit"",t.limit.toString()),(null==t?void 0:t.offset)!==void 0&&n.append(""offset"",t.offset.toString());let a=n.toString();return c(""/api/nexus/leaderboard"".concat(a?""?"".concat(a):""""),e,{skipGuildHeader:!0})}async function O(e,t){let n=new URLSearch"
4338-2835906ea9e42f40.js,22788,/api/nexus/leaderboard,"ll==t?void 0:t.offset)!==void 0&&n.append(""offset"",t.offset.toString());let a=n.toString();return c(""/api/nexus/feed"".concat(a?""?"".concat(a):""""),e)}async function D(e,t){let n=new URLSearchParams;(null==t?void 0:t.timeframe)&&n.append(""timeframe"",t.timeframe),(null==t?void 0:t.verifiedOnly)&&n.append(""verifiedOnly"",""true""),(null==t?void 0:t.limit)!==void 0&&n.append(""limit"",t.limit.toString()),(null==t?void 0:t.offset)!==void 0&&n.append(""offset"",t.offset.toString());let a=n.toString();return c(""/api/nexus/leaderboard"".concat(a?""?"".concat(a):""""),e,{skipGuildHeader:!0})}async function O(e,t){let n=new URLSearchParams({q:t});return c(""/api/nexus/search/tickers?"".concat(n),e)}async function E(e,t){let n=new URLSearchParams({username:t});return c(""/api/nexus/users/me/username-available?"".concat(n),e)}async function N(e,t){var n;let a=new URLSearchParams({q:t}),i=await c(""/api/nexus/search/users?"".concat(a),e);return Array.isArray(i)?i:null!=(n=i.users)?n:[]}async function Q(e,t){let n=new URLSearchParams({serverI"
4338-2835906ea9e42f40.js,22928,/api/nexus/search/tickers?,":""""),e)}async function D(e,t){let n=new URLSearchParams;(null==t?void 0:t.timeframe)&&n.append(""timeframe"",t.timeframe),(null==t?void 0:t.verifiedOnly)&&n.append(""verifiedOnly"",""true""),(null==t?void 0:t.limit)!==void 0&&n.append(""limit"",t.limit.toString()),(null==t?void 0:t.offset)!==void 0&&n.append(""offset"",t.offset.toString());let a=n.toString();return c(""/api/nexus/leaderboard"".concat(a?""?"".concat(a):""""),e,{skipGuildHeader:!0})}async function O(e,t){let n=new URLSearchParams({q:t});return c(""/api/nexus/search/tickers?"".concat(n),e)}async function E(e,t){let n=new URLSearchParams({username:t});return c(""/api/nexus/users/me/username-available?"".concat(n),e)}async function N(e,t){var n;let a=new URLSearchParams({q:t}),i=await c(""/api/nexus/search/users?"".concat(a),e);return Array.isArray(i)?i:null!=(n=i.users)?n:[]}async function Q(e,t){let n=new URLSearchParams({serverId:t});return c(""/api/nexus/routing-rules?"".concat(n),e)}async function j(e,t){return c(""/api/nexus/routing-rules"",e,{method:""POST"",headers:{""Con"
4338-2835906ea9e42f40.js,23041,/api/nexus/users/me/username-available?,"frame),(null==t?void 0:t.verifiedOnly)&&n.append(""verifiedOnly"",""true""),(null==t?void 0:t.limit)!==void 0&&n.append(""limit"",t.limit.toString()),(null==t?void 0:t.offset)!==void 0&&n.append(""offset"",t.offset.toString());let a=n.toString();return c(""/api/nexus/leaderboard"".concat(a?""?"".concat(a):""""),e,{skipGuildHeader:!0})}async function O(e,t){let n=new URLSearchParams({q:t});return c(""/api/nexus/search/tickers?"".concat(n),e)}async function E(e,t){let n=new URLSearchParams({username:t});return c(""/api/nexus/users/me/username-available?"".concat(n),e)}async function N(e,t){var n;let a=new URLSearchParams({q:t}),i=await c(""/api/nexus/search/users?"".concat(a),e);return Array.isArray(i)?i:null!=(n=i.users)?n:[]}async function Q(e,t){let n=new URLSearchParams({serverId:t});return c(""/api/nexus/routing-rules?"".concat(n),e)}async function j(e,t){return c(""/api/nexus/routing-rules"",e,{method:""POST"",headers:{""Content-Type"":""application/json""},body:JSON.stringify(t)})}async function J(e,t,n){return c(""/api/nexus/routing-rules/"".concat(en"
4338-2835906ea9e42f40.js,23167,/api/nexus/search/users?,"limit.toString()),(null==t?void 0:t.offset)!==void 0&&n.append(""offset"",t.offset.toString());let a=n.toString();return c(""/api/nexus/leaderboard"".concat(a?""?"".concat(a):""""),e,{skipGuildHeader:!0})}async function O(e,t){let n=new URLSearchParams({q:t});return c(""/api/nexus/search/tickers?"".concat(n),e)}async function E(e,t){let n=new URLSearchParams({username:t});return c(""/api/nexus/users/me/username-available?"".concat(n),e)}async function N(e,t){var n;let a=new URLSearchParams({q:t}),i=await c(""/api/nexus/search/users?"".concat(a),e);return Array.isArray(i)?i:null!=(n=i.users)?n:[]}async function Q(e,t){let n=new URLSearchParams({serverId:t});return c(""/api/nexus/routing-rules?"".concat(n),e)}async function j(e,t){return c(""/api/nexus/routing-rules"",e,{method:""POST"",headers:{""Content-Type"":""application/json""},body:JSON.stringify(t)})}async function J(e,t,n){return c(""/api/nexus/routing-rules/"".concat(encodeURIComponent(t)),e,{method:""PUT"",headers:{""Content-Type"":""application/json""},body:JSON.stringify(n)})}async"
4338-2835906ea9e42f40.js,23327,/api/nexus/routing-rules?,"oncat(a):""""),e,{skipGuildHeader:!0})}async function O(e,t){let n=new URLSearchParams({q:t});return c(""/api/nexus/search/tickers?"".concat(n),e)}async function E(e,t){let n=new URLSearchParams({username:t});return c(""/api/nexus/users/me/username-available?"".concat(n),e)}async function N(e,t){var n;let a=new URLSearchParams({q:t}),i=await c(""/api/nexus/search/users?"".concat(a),e);return Array.isArray(i)?i:null!=(n=i.users)?n:[]}async function Q(e,t){let n=new URLSearchParams({serverId:t});return c(""/api/nexus/routing-rules?"".concat(n),e)}async function j(e,t){return c(""/api/nexus/routing-rules"",e,{method:""POST"",headers:{""Content-Type"":""application/json""},body:JSON.stringify(t)})}async function J(e,t,n){return c(""/api/nexus/routing-rules/"".concat(encodeURIComponent(t)),e,{method:""PUT"",headers:{""Content-Type"":""application/json""},body:JSON.stringify(n)})}async function L(e,t){return c(""/api/nexus/routing-rules/"".concat(encodeURIComponent(t)),e,{method:""DELETE""})}async function q(e,t){return c(""/api/nexus/discord/serve"
4338-2835906ea9e42f40.js,23399,/api/nexus/routing-rules,"SearchParams({q:t});return c(""/api/nexus/search/tickers?"".concat(n),e)}async function E(e,t){let n=new URLSearchParams({username:t});return c(""/api/nexus/users/me/username-available?"".concat(n),e)}async function N(e,t){var n;let a=new URLSearchParams({q:t}),i=await c(""/api/nexus/search/users?"".concat(a),e);return Array.isArray(i)?i:null!=(n=i.users)?n:[]}async function Q(e,t){let n=new URLSearchParams({serverId:t});return c(""/api/nexus/routing-rules?"".concat(n),e)}async function j(e,t){return c(""/api/nexus/routing-rules"",e,{method:""POST"",headers:{""Content-Type"":""application/json""},body:JSON.stringify(t)})}async function J(e,t,n){return c(""/api/nexus/routing-rules/"".concat(encodeURIComponent(t)),e,{method:""PUT"",headers:{""Content-Type"":""application/json""},body:JSON.stringify(n)})}async function L(e,t){return c(""/api/nexus/routing-rules/"".concat(encodeURIComponent(t)),e,{method:""DELETE""})}async function q(e,t){return c(""/api/nexus/discord/servers/"".concat(encodeURIComponent(t),""/embed-templates""),e)}async function"
4338-2835906ea9e42f40.js,23545,/api/nexus/routing-rules/,"i/nexus/users/me/username-available?"".concat(n),e)}async function N(e,t){var n;let a=new URLSearchParams({q:t}),i=await c(""/api/nexus/search/users?"".concat(a),e);return Array.isArray(i)?i:null!=(n=i.users)?n:[]}async function Q(e,t){let n=new URLSearchParams({serverId:t});return c(""/api/nexus/routing-rules?"".concat(n),e)}async function j(e,t){return c(""/api/nexus/routing-rules"",e,{method:""POST"",headers:{""Content-Type"":""application/json""},body:JSON.stringify(t)})}async function J(e,t,n){return c(""/api/nexus/routing-rules/"".concat(encodeURIComponent(t)),e,{method:""PUT"",headers:{""Content-Type"":""application/json""},body:JSON.stringify(n)})}async function L(e,t){return c(""/api/nexus/routing-rules/"".concat(encodeURIComponent(t)),e,{method:""DELETE""})}async function q(e,t){return c(""/api/nexus/discord/servers/"".concat(encodeURIComponent(t),""/embed-templates""),e)}async function M(e,t,n){return c(""/api/nexus/discord/servers/"".concat(encodeURIComponent(t),""/embed-templates""),e,{method:""PUT"",headers:{""Content-Type"":""applicat"
4338-2835906ea9e42f40.js,23719,/api/nexus/routing-rules/,".isArray(i)?i:null!=(n=i.users)?n:[]}async function Q(e,t){let n=new URLSearchParams({serverId:t});return c(""/api/nexus/routing-rules?"".concat(n),e)}async function j(e,t){return c(""/api/nexus/routing-rules"",e,{method:""POST"",headers:{""Content-Type"":""application/json""},body:JSON.stringify(t)})}async function J(e,t,n){return c(""/api/nexus/routing-rules/"".concat(encodeURIComponent(t)),e,{method:""PUT"",headers:{""Content-Type"":""application/json""},body:JSON.stringify(n)})}async function L(e,t){return c(""/api/nexus/routing-rules/"".concat(encodeURIComponent(t)),e,{method:""DELETE""})}async function q(e,t){return c(""/api/nexus/discord/servers/"".concat(encodeURIComponent(t),""/embed-templates""),e)}async function M(e,t,n){return c(""/api/nexus/discord/servers/"".concat(encodeURIComponent(t),""/embed-templates""),e,{method:""PUT"",headers:{""Content-Type"":""application/json""},body:JSON.stringify(n)})}async function Y(e,t){return c(""/api/nexus/discord/servers/"".concat(encodeURIComponent(t),""/daily-digest""),e)}async function G(e,t,n){retu"
4338-2835906ea9e42f40.js,23829,/api/nexus/discord/servers/,"api/nexus/routing-rules?"".concat(n),e)}async function j(e,t){return c(""/api/nexus/routing-rules"",e,{method:""POST"",headers:{""Content-Type"":""application/json""},body:JSON.stringify(t)})}async function J(e,t,n){return c(""/api/nexus/routing-rules/"".concat(encodeURIComponent(t)),e,{method:""PUT"",headers:{""Content-Type"":""application/json""},body:JSON.stringify(n)})}async function L(e,t){return c(""/api/nexus/routing-rules/"".concat(encodeURIComponent(t)),e,{method:""DELETE""})}async function q(e,t){return c(""/api/nexus/discord/servers/"".concat(encodeURIComponent(t),""/embed-templates""),e)}async function M(e,t,n){return c(""/api/nexus/discord/servers/"".concat(encodeURIComponent(t),""/embed-templates""),e,{method:""PUT"",headers:{""Content-Type"":""application/json""},body:JSON.stringify(n)})}async function Y(e,t){return c(""/api/nexus/discord/servers/"".concat(encodeURIComponent(t),""/daily-digest""),e)}async function G(e,t,n){return c(""/api/nexus/discord/servers/"".concat(encodeURIComponent(t),""/daily-digest""),e,{method:""PUT"",headers:{""Conte"
4338-2835906ea9e42f40.js,23944,/api/nexus/discord/servers/,"eaders:{""Content-Type"":""application/json""},body:JSON.stringify(t)})}async function J(e,t,n){return c(""/api/nexus/routing-rules/"".concat(encodeURIComponent(t)),e,{method:""PUT"",headers:{""Content-Type"":""application/json""},body:JSON.stringify(n)})}async function L(e,t){return c(""/api/nexus/routing-rules/"".concat(encodeURIComponent(t)),e,{method:""DELETE""})}async function q(e,t){return c(""/api/nexus/discord/servers/"".concat(encodeURIComponent(t),""/embed-templates""),e)}async function M(e,t,n){return c(""/api/nexus/discord/servers/"".concat(encodeURIComponent(t),""/embed-templates""),e,{method:""PUT"",headers:{""Content-Type"":""application/json""},body:JSON.stringify(n)})}async function Y(e,t){return c(""/api/nexus/discord/servers/"".concat(encodeURIComponent(t),""/daily-digest""),e)}async function G(e,t,n){return c(""/api/nexus/discord/servers/"".concat(encodeURIComponent(t),""/daily-digest""),e,{method:""PUT"",headers:{""Content-Type"":""application/json""},body:JSON.stringify(n)})}async function V(e,t,n){return c(""/api/nexus/discord/servers/"
4338-2835906ea9e42f40.js,24139,/api/nexus/discord/servers/,"pe"":""application/json""},body:JSON.stringify(n)})}async function L(e,t){return c(""/api/nexus/routing-rules/"".concat(encodeURIComponent(t)),e,{method:""DELETE""})}async function q(e,t){return c(""/api/nexus/discord/servers/"".concat(encodeURIComponent(t),""/embed-templates""),e)}async function M(e,t,n){return c(""/api/nexus/discord/servers/"".concat(encodeURIComponent(t),""/embed-templates""),e,{method:""PUT"",headers:{""Content-Type"":""application/json""},body:JSON.stringify(n)})}async function Y(e,t){return c(""/api/nexus/discord/servers/"".concat(encodeURIComponent(t),""/daily-digest""),e)}async function G(e,t,n){return c(""/api/nexus/discord/servers/"".concat(encodeURIComponent(t),""/daily-digest""),e,{method:""PUT"",headers:{""Content-Type"":""application/json""},body:JSON.stringify(n)})}async function V(e,t,n){return c(""/api/nexus/discord/servers/"".concat(encodeURIComponent(t),""/daily-digest/run""),e,{method:""POST"",headers:{""Content-Type"":""application/json""},body:JSON.stringify(n)})}async function H(e,t){let n=new URLSearchParams({q:t});re"
4338-2835906ea9e42f40.js,24251,/api/nexus/discord/servers/,"at(encodeURIComponent(t)),e,{method:""DELETE""})}async function q(e,t){return c(""/api/nexus/discord/servers/"".concat(encodeURIComponent(t),""/embed-templates""),e)}async function M(e,t,n){return c(""/api/nexus/discord/servers/"".concat(encodeURIComponent(t),""/embed-templates""),e,{method:""PUT"",headers:{""Content-Type"":""application/json""},body:JSON.stringify(n)})}async function Y(e,t){return c(""/api/nexus/discord/servers/"".concat(encodeURIComponent(t),""/daily-digest""),e)}async function G(e,t,n){return c(""/api/nexus/discord/servers/"".concat(encodeURIComponent(t),""/daily-digest""),e,{method:""PUT"",headers:{""Content-Type"":""application/json""},body:JSON.stringify(n)})}async function V(e,t,n){return c(""/api/nexus/discord/servers/"".concat(encodeURIComponent(t),""/daily-digest/run""),e,{method:""POST"",headers:{""Content-Type"":""application/json""},body:JSON.stringify(n)})}async function H(e,t){let n=new URLSearchParams({q:t});return c(""/api/nexus/admin/users?"".concat(n),e)}async function z(e,t){return c(""/api/nexus/admin/users/"".concat(en"
4338-2835906ea9e42f40.js,24445,/api/nexus/discord/servers/,"/api/nexus/discord/servers/"".concat(encodeURIComponent(t),""/embed-templates""),e,{method:""PUT"",headers:{""Content-Type"":""application/json""},body:JSON.stringify(n)})}async function Y(e,t){return c(""/api/nexus/discord/servers/"".concat(encodeURIComponent(t),""/daily-digest""),e)}async function G(e,t,n){return c(""/api/nexus/discord/servers/"".concat(encodeURIComponent(t),""/daily-digest""),e,{method:""PUT"",headers:{""Content-Type"":""application/json""},body:JSON.stringify(n)})}async function V(e,t,n){return c(""/api/nexus/discord/servers/"".concat(encodeURIComponent(t),""/daily-digest/run""),e,{method:""POST"",headers:{""Content-Type"":""application/json""},body:JSON.stringify(n)})}async function H(e,t){let n=new URLSearchParams({q:t});return c(""/api/nexus/admin/users?"".concat(n),e)}async function z(e,t){return c(""/api/nexus/admin/users/"".concat(encodeURIComponent(t)),e)}async function B(e,t,n){return c(""/api/nexus/admin/trades/"".concat(encodeURIComponent(t)),e,{method:""PUT"",headers:{""Content-Type"":""application/json""},body:JSON.stringify("
4338-2835906ea9e42f40.js,24675,/api/nexus/admin/users?,"(encodeURIComponent(t),""/daily-digest""),e)}async function G(e,t,n){return c(""/api/nexus/discord/servers/"".concat(encodeURIComponent(t),""/daily-digest""),e,{method:""PUT"",headers:{""Content-Type"":""application/json""},body:JSON.stringify(n)})}async function V(e,t,n){return c(""/api/nexus/discord/servers/"".concat(encodeURIComponent(t),""/daily-digest/run""),e,{method:""POST"",headers:{""Content-Type"":""application/json""},body:JSON.stringify(n)})}async function H(e,t){let n=new URLSearchParams({q:t});return c(""/api/nexus/admin/users?"".concat(n),e)}async function z(e,t){return c(""/api/nexus/admin/users/"".concat(encodeURIComponent(t)),e)}async function B(e,t,n){return c(""/api/nexus/admin/trades/"".concat(encodeURIComponent(t)),e,{method:""PUT"",headers:{""Content-Type"":""application/json""},body:JSON.stringify(n)})}async function F(e,t){return c(""/api/nexus/admin/trades/"".concat(encodeURIComponent(t)),e,{method:""DELETE""})}async function K(e,t){return c(""/api/nexus/admin/users/"".concat(encodeURIComponent(t),""/reset""),e,{method:""POST"""
4338-2835906ea9e42f40.js,24745,/api/nexus/admin/users/,"urn c(""/api/nexus/discord/servers/"".concat(encodeURIComponent(t),""/daily-digest""),e,{method:""PUT"",headers:{""Content-Type"":""application/json""},body:JSON.stringify(n)})}async function V(e,t,n){return c(""/api/nexus/discord/servers/"".concat(encodeURIComponent(t),""/daily-digest/run""),e,{method:""POST"",headers:{""Content-Type"":""application/json""},body:JSON.stringify(n)})}async function H(e,t){let n=new URLSearchParams({q:t});return c(""/api/nexus/admin/users?"".concat(n),e)}async function z(e,t){return c(""/api/nexus/admin/users/"".concat(encodeURIComponent(t)),e)}async function B(e,t,n){return c(""/api/nexus/admin/trades/"".concat(encodeURIComponent(t)),e,{method:""PUT"",headers:{""Content-Type"":""application/json""},body:JSON.stringify(n)})}async function F(e,t){return c(""/api/nexus/admin/trades/"".concat(encodeURIComponent(t)),e,{method:""DELETE""})}async function K(e,t){return c(""/api/nexus/admin/users/"".concat(encodeURIComponent(t),""/reset""),e,{method:""POST""})}async function X(e){return c(""/api/nexus/admin/trades/nuke-season"","
4338-2835906ea9e42f40.js,24837,/api/nexus/admin/trades/,"""PUT"",headers:{""Content-Type"":""application/json""},body:JSON.stringify(n)})}async function V(e,t,n){return c(""/api/nexus/discord/servers/"".concat(encodeURIComponent(t),""/daily-digest/run""),e,{method:""POST"",headers:{""Content-Type"":""application/json""},body:JSON.stringify(n)})}async function H(e,t){let n=new URLSearchParams({q:t});return c(""/api/nexus/admin/users?"".concat(n),e)}async function z(e,t){return c(""/api/nexus/admin/users/"".concat(encodeURIComponent(t)),e)}async function B(e,t,n){return c(""/api/nexus/admin/trades/"".concat(encodeURIComponent(t)),e,{method:""PUT"",headers:{""Content-Type"":""application/json""},body:JSON.stringify(n)})}async function F(e,t){return c(""/api/nexus/admin/trades/"".concat(encodeURIComponent(t)),e,{method:""DELETE""})}async function K(e,t){return c(""/api/nexus/admin/users/"".concat(encodeURIComponent(t),""/reset""),e,{method:""POST""})}async function X(e){return c(""/api/nexus/admin/trades/nuke-season"",e,{method:""POST""})}async function $(e,t){let n=new URLSearchParams;(null==t?void 0:t.limit)!="
4338-2835906ea9e42f40.js,25010,/api/nexus/admin/trades/,"y-digest/run""),e,{method:""POST"",headers:{""Content-Type"":""application/json""},body:JSON.stringify(n)})}async function H(e,t){let n=new URLSearchParams({q:t});return c(""/api/nexus/admin/users?"".concat(n),e)}async function z(e,t){return c(""/api/nexus/admin/users/"".concat(encodeURIComponent(t)),e)}async function B(e,t,n){return c(""/api/nexus/admin/trades/"".concat(encodeURIComponent(t)),e,{method:""PUT"",headers:{""Content-Type"":""application/json""},body:JSON.stringify(n)})}async function F(e,t){return c(""/api/nexus/admin/trades/"".concat(encodeURIComponent(t)),e,{method:""DELETE""})}async function K(e,t){return c(""/api/nexus/admin/users/"".concat(encodeURIComponent(t),""/reset""),e,{method:""POST""})}async function X(e){return c(""/api/nexus/admin/trades/nuke-season"",e,{method:""POST""})}async function $(e,t){let n=new URLSearchParams;(null==t?void 0:t.limit)!==void 0&&n.append(""limit"",t.limit.toString()),(null==t?void 0:t.offset)!==void 0&&n.append(""offset"",t.offset.toString()),(null==t?void 0:t.q)&&n.append(""q"",t.q),(null==t?voi"
4338-2835906ea9e42f40.js,25119,/api/nexus/admin/users/,"nction H(e,t){let n=new URLSearchParams({q:t});return c(""/api/nexus/admin/users?"".concat(n),e)}async function z(e,t){return c(""/api/nexus/admin/users/"".concat(encodeURIComponent(t)),e)}async function B(e,t,n){return c(""/api/nexus/admin/trades/"".concat(encodeURIComponent(t)),e,{method:""PUT"",headers:{""Content-Type"":""application/json""},body:JSON.stringify(n)})}async function F(e,t){return c(""/api/nexus/admin/trades/"".concat(encodeURIComponent(t)),e,{method:""DELETE""})}async function K(e,t){return c(""/api/nexus/admin/users/"".concat(encodeURIComponent(t),""/reset""),e,{method:""POST""})}async function X(e){return c(""/api/nexus/admin/trades/nuke-season"",e,{method:""POST""})}async function $(e,t){let n=new URLSearchParams;(null==t?void 0:t.limit)!==void 0&&n.append(""limit"",t.limit.toString()),(null==t?void 0:t.offset)!==void 0&&n.append(""offset"",t.offset.toString()),(null==t?void 0:t.q)&&n.append(""q"",t.q),(null==t?void 0:t.action)&&n.append(""action"",t.action),(null==t?void 0:t.targetType)&&n.append(""targetType"",t.targetType"
4338-2835906ea9e42f40.js,25232,/api/nexus/admin/trades/nuke-season,",t){return c(""/api/nexus/admin/users/"".concat(encodeURIComponent(t)),e)}async function B(e,t,n){return c(""/api/nexus/admin/trades/"".concat(encodeURIComponent(t)),e,{method:""PUT"",headers:{""Content-Type"":""application/json""},body:JSON.stringify(n)})}async function F(e,t){return c(""/api/nexus/admin/trades/"".concat(encodeURIComponent(t)),e,{method:""DELETE""})}async function K(e,t){return c(""/api/nexus/admin/users/"".concat(encodeURIComponent(t),""/reset""),e,{method:""POST""})}async function X(e){return c(""/api/nexus/admin/trades/nuke-season"",e,{method:""POST""})}async function $(e,t){let n=new URLSearchParams;(null==t?void 0:t.limit)!==void 0&&n.append(""limit"",t.limit.toString()),(null==t?void 0:t.offset)!==void 0&&n.append(""offset"",t.offset.toString()),(null==t?void 0:t.q)&&n.append(""q"",t.q),(null==t?void 0:t.action)&&n.append(""action"",t.action),(null==t?void 0:t.targetType)&&n.append(""targetType"",t.targetType);let a=n.toString();return c(""/api/nexus/admin/audit-logs"".concat(a?""?"".concat(a):""""),e)}async function Z(e){return c(""/api/"
4338-2835906ea9e42f40.js,25674,/api/nexus/admin/audit-logs,"""/reset""),e,{method:""POST""})}async function X(e){return c(""/api/nexus/admin/trades/nuke-season"",e,{method:""POST""})}async function $(e,t){let n=new URLSearchParams;(null==t?void 0:t.limit)!==void 0&&n.append(""limit"",t.limit.toString()),(null==t?void 0:t.offset)!==void 0&&n.append(""offset"",t.offset.toString()),(null==t?void 0:t.q)&&n.append(""q"",t.q),(null==t?void 0:t.action)&&n.append(""action"",t.action),(null==t?void 0:t.targetType)&&n.append(""targetType"",t.targetType);let a=n.toString();return c(""/api/nexus/admin/audit-logs"".concat(a?""?"".concat(a):""""),e)}async function Z(e){return c(""/api/nexus/admin/stats/rebuild"",e,{method:""POST""})}async function W(e,t){return c(""/api/nexus/admin/options/rehydrate"",e,{method:""POST"",headers:{""Content-Type"":""application/json""},body:JSON.stringify(t)})}async function ee(e){return c(""/api/nexus/discord/servers"",e)}async function et(e,t){return c(""/api/nexus/discord/servers/"".concat(encodeURIComponent(t),""/channels""),e)}async function en(e,t,n){return c(""/api/nexus/discord/servers/"".c"
4338-2835906ea9e42f40.js,25763,/api/nexus/admin/stats/rebuild,"eason"",e,{method:""POST""})}async function $(e,t){let n=new URLSearchParams;(null==t?void 0:t.limit)!==void 0&&n.append(""limit"",t.limit.toString()),(null==t?void 0:t.offset)!==void 0&&n.append(""offset"",t.offset.toString()),(null==t?void 0:t.q)&&n.append(""q"",t.q),(null==t?void 0:t.action)&&n.append(""action"",t.action),(null==t?void 0:t.targetType)&&n.append(""targetType"",t.targetType);let a=n.toString();return c(""/api/nexus/admin/audit-logs"".concat(a?""?"".concat(a):""""),e)}async function Z(e){return c(""/api/nexus/admin/stats/rebuild"",e,{method:""POST""})}async function W(e,t){return c(""/api/nexus/admin/options/rehydrate"",e,{method:""POST"",headers:{""Content-Type"":""application/json""},body:JSON.stringify(t)})}async function ee(e){return c(""/api/nexus/discord/servers"",e)}async function et(e,t){return c(""/api/nexus/discord/servers/"".concat(encodeURIComponent(t),""/channels""),e)}async function en(e,t,n){return c(""/api/nexus/discord/servers/"".concat(encodeURIComponent(t),""/channels""),e,{method:""POST"",headers:{""Content-Type"":""applicati"
4338-2835906ea9e42f40.js,25846,/api/nexus/admin/options/rehydrate,"void 0:t.limit)!==void 0&&n.append(""limit"",t.limit.toString()),(null==t?void 0:t.offset)!==void 0&&n.append(""offset"",t.offset.toString()),(null==t?void 0:t.q)&&n.append(""q"",t.q),(null==t?void 0:t.action)&&n.append(""action"",t.action),(null==t?void 0:t.targetType)&&n.append(""targetType"",t.targetType);let a=n.toString();return c(""/api/nexus/admin/audit-logs"".concat(a?""?"".concat(a):""""),e)}async function Z(e){return c(""/api/nexus/admin/stats/rebuild"",e,{method:""POST""})}async function W(e,t){return c(""/api/nexus/admin/options/rehydrate"",e,{method:""POST"",headers:{""Content-Type"":""application/json""},body:JSON.stringify(t)})}async function ee(e){return c(""/api/nexus/discord/servers"",e)}async function et(e,t){return c(""/api/nexus/discord/servers/"".concat(encodeURIComponent(t),""/channels""),e)}async function en(e,t,n){return c(""/api/nexus/discord/servers/"".concat(encodeURIComponent(t),""/channels""),e,{method:""POST"",headers:{""Content-Type"":""application/json""},body:JSON.stringify(n)})}async function ea(e,t,n){return c(""/api/nexus/discor"
4338-2835906ea9e42f40.js,25999,/api/nexus/discord/servers,":t.q)&&n.append(""q"",t.q),(null==t?void 0:t.action)&&n.append(""action"",t.action),(null==t?void 0:t.targetType)&&n.append(""targetType"",t.targetType);let a=n.toString();return c(""/api/nexus/admin/audit-logs"".concat(a?""?"".concat(a):""""),e)}async function Z(e){return c(""/api/nexus/admin/stats/rebuild"",e,{method:""POST""})}async function W(e,t){return c(""/api/nexus/admin/options/rehydrate"",e,{method:""POST"",headers:{""Content-Type"":""application/json""},body:JSON.stringify(t)})}async function ee(e){return c(""/api/nexus/discord/servers"",e)}async function et(e,t){return c(""/api/nexus/discord/servers/"".concat(encodeURIComponent(t),""/channels""),e)}async function en(e,t,n){return c(""/api/nexus/discord/servers/"".concat(encodeURIComponent(t),""/channels""),e,{method:""POST"",headers:{""Content-Type"":""application/json""},body:JSON.stringify(n)})}async function ea(e,t,n){return c(""/api/nexus/discord/servers/"".concat(encodeURIComponent(t),""/channels/"").concat(encodeURIComponent(n)),e,{method:""DELETE""})}async function ei(e,t,n,a){return c(""/a"
4338-2835906ea9e42f40.js,26063,/api/nexus/discord/servers/,"tion"",t.action),(null==t?void 0:t.targetType)&&n.append(""targetType"",t.targetType);let a=n.toString();return c(""/api/nexus/admin/audit-logs"".concat(a?""?"".concat(a):""""),e)}async function Z(e){return c(""/api/nexus/admin/stats/rebuild"",e,{method:""POST""})}async function W(e,t){return c(""/api/nexus/admin/options/rehydrate"",e,{method:""POST"",headers:{""Content-Type"":""application/json""},body:JSON.stringify(t)})}async function ee(e){return c(""/api/nexus/discord/servers"",e)}async function et(e,t){return c(""/api/nexus/discord/servers/"".concat(encodeURIComponent(t),""/channels""),e)}async function en(e,t,n){return c(""/api/nexus/discord/servers/"".concat(encodeURIComponent(t),""/channels""),e,{method:""POST"",headers:{""Content-Type"":""application/json""},body:JSON.stringify(n)})}async function ea(e,t,n){return c(""/api/nexus/discord/servers/"".concat(encodeURIComponent(t),""/channels/"").concat(encodeURIComponent(n)),e,{method:""DELETE""})}async function ei(e,t,n,a){return c(""/api/nexus/discord/servers/"".concat(encodeURIComponent(t),""/channel"
4338-2835906ea9e42f40.js,26172,/api/nexus/discord/servers/,"c(""/api/nexus/admin/audit-logs"".concat(a?""?"".concat(a):""""),e)}async function Z(e){return c(""/api/nexus/admin/stats/rebuild"",e,{method:""POST""})}async function W(e,t){return c(""/api/nexus/admin/options/rehydrate"",e,{method:""POST"",headers:{""Content-Type"":""application/json""},body:JSON.stringify(t)})}async function ee(e){return c(""/api/nexus/discord/servers"",e)}async function et(e,t){return c(""/api/nexus/discord/servers/"".concat(encodeURIComponent(t),""/channels""),e)}async function en(e,t,n){return c(""/api/nexus/discord/servers/"".concat(encodeURIComponent(t),""/channels""),e,{method:""POST"",headers:{""Content-Type"":""application/json""},body:JSON.stringify(n)})}async function ea(e,t,n){return c(""/api/nexus/discord/servers/"".concat(encodeURIComponent(t),""/channels/"").concat(encodeURIComponent(n)),e,{method:""DELETE""})}async function ei(e,t,n,a){return c(""/api/nexus/discord/servers/"".concat(encodeURIComponent(t),""/channels/"").concat(encodeURIComponent(n),""/webhook""),e,{method:""PUT"",headers:{""Content-Type"":""application/json""},bod"
4338-2835906ea9e42f40.js,26364,/api/nexus/discord/servers/,"options/rehydrate"",e,{method:""POST"",headers:{""Content-Type"":""application/json""},body:JSON.stringify(t)})}async function ee(e){return c(""/api/nexus/discord/servers"",e)}async function et(e,t){return c(""/api/nexus/discord/servers/"".concat(encodeURIComponent(t),""/channels""),e)}async function en(e,t,n){return c(""/api/nexus/discord/servers/"".concat(encodeURIComponent(t),""/channels""),e,{method:""POST"",headers:{""Content-Type"":""application/json""},body:JSON.stringify(n)})}async function ea(e,t,n){return c(""/api/nexus/discord/servers/"".concat(encodeURIComponent(t),""/channels/"").concat(encodeURIComponent(n)),e,{method:""DELETE""})}async function ei(e,t,n,a){return c(""/api/nexus/discord/servers/"".concat(encodeURIComponent(t),""/channels/"").concat(encodeURIComponent(n),""/webhook""),e,{method:""PUT"",headers:{""Content-Type"":""application/json""},body:JSON.stringify({webhookUrl:a})})}async function er(e,t){var n;let a=await c(""/api/nexus/discord/servers/"".concat(encodeURIComponent(t),""/roles""),e);return Array.isArray(a)?a:null!=(n=a.roles"
4338-2835906ea9e42f40.js,26524,/api/nexus/discord/servers/,"rs"",e)}async function et(e,t){return c(""/api/nexus/discord/servers/"".concat(encodeURIComponent(t),""/channels""),e)}async function en(e,t,n){return c(""/api/nexus/discord/servers/"".concat(encodeURIComponent(t),""/channels""),e,{method:""POST"",headers:{""Content-Type"":""application/json""},body:JSON.stringify(n)})}async function ea(e,t,n){return c(""/api/nexus/discord/servers/"".concat(encodeURIComponent(t),""/channels/"").concat(encodeURIComponent(n)),e,{method:""DELETE""})}async function ei(e,t,n,a){return c(""/api/nexus/discord/servers/"".concat(encodeURIComponent(t),""/channels/"").concat(encodeURIComponent(n),""/webhook""),e,{method:""PUT"",headers:{""Content-Type"":""application/json""},body:JSON.stringify({webhookUrl:a})})}async function er(e,t){var n;let a=await c(""/api/nexus/discord/servers/"".concat(encodeURIComponent(t),""/roles""),e);return Array.isArray(a)?a:null!=(n=a.roles)?n:[]}async function eo(e,t,n){return c(""/api/nexus/discord/servers/"".concat(encodeURIComponent(t),""/access-roles""),e,{method:""PUT"",headers:{""Content-Type"":""ap"
4338-2835906ea9e42f40.js,26779,/api/nexus/discord/servers/,"Type"":""application/json""},body:JSON.stringify(n)})}async function ea(e,t,n){return c(""/api/nexus/discord/servers/"".concat(encodeURIComponent(t),""/channels/"").concat(encodeURIComponent(n)),e,{method:""DELETE""})}async function ei(e,t,n,a){return c(""/api/nexus/discord/servers/"".concat(encodeURIComponent(t),""/channels/"").concat(encodeURIComponent(n),""/webhook""),e,{method:""PUT"",headers:{""Content-Type"":""application/json""},body:JSON.stringify({webhookUrl:a})})}async function er(e,t){var n;let a=await c(""/api/nexus/discord/servers/"".concat(encodeURIComponent(t),""/roles""),e);return Array.isArray(a)?a:null!=(n=a.roles)?n:[]}async function eo(e,t,n){return c(""/api/nexus/discord/servers/"".concat(encodeURIComponent(t),""/access-roles""),e,{method:""PUT"",headers:{""Content-Type"":""application/json""},body:JSON.stringify({roleIds:n})})}async function es(e,t){var n;return null!=(n=(await c(""/api/nexus/discord/servers/"".concat(encodeURIComponent(t),""/sync-roles""),e,{method:""POST""})).roles)?n:[]}async function ec(e,t){return c(""/api/nexus"
4338-2835906ea9e42f40.js,26934,/api/nexus/discord/servers/,""").concat(encodeURIComponent(n)),e,{method:""DELETE""})}async function ei(e,t,n,a){return c(""/api/nexus/discord/servers/"".concat(encodeURIComponent(t),""/channels/"").concat(encodeURIComponent(n),""/webhook""),e,{method:""PUT"",headers:{""Content-Type"":""application/json""},body:JSON.stringify({webhookUrl:a})})}async function er(e,t){var n;let a=await c(""/api/nexus/discord/servers/"".concat(encodeURIComponent(t),""/roles""),e);return Array.isArray(a)?a:null!=(n=a.roles)?n:[]}async function eo(e,t,n){return c(""/api/nexus/discord/servers/"".concat(encodeURIComponent(t),""/access-roles""),e,{method:""PUT"",headers:{""Content-Type"":""application/json""},body:JSON.stringify({roleIds:n})})}async function es(e,t){var n;return null!=(n=(await c(""/api/nexus/discord/servers/"".concat(encodeURIComponent(t),""/sync-roles""),e,{method:""POST""})).roles)?n:[]}async function ec(e,t){return c(""/api/nexus/discord/servers/"".concat(encodeURIComponent(t),""/test-route""),e,{method:""POST""})}async function ed(e){try{return await c(""/api/nexus/seasons/current"",e)}c"
4338-2835906ea9e42f40.js,27159,/api/nexus/discord/servers/,"rs:{""Content-Type"":""application/json""},body:JSON.stringify({webhookUrl:a})})}async function er(e,t){var n;let a=await c(""/api/nexus/discord/servers/"".concat(encodeURIComponent(t),""/roles""),e);return Array.isArray(a)?a:null!=(n=a.roles)?n:[]}async function eo(e,t,n){return c(""/api/nexus/discord/servers/"".concat(encodeURIComponent(t),""/access-roles""),e,{method:""PUT"",headers:{""Content-Type"":""application/json""},body:JSON.stringify({roleIds:n})})}async function es(e,t){var n;return null!=(n=(await c(""/api/nexus/discord/servers/"".concat(encodeURIComponent(t),""/sync-roles""),e,{method:""POST""})).roles)?n:[]}async function ec(e,t){return c(""/api/nexus/discord/servers/"".concat(encodeURIComponent(t),""/test-route""),e,{method:""POST""})}async function ed(e){try{return await c(""/api/nexus/seasons/current"",e)}catch(e){if(e instanceof s&&404===e.status)return null;throw e}}async function eu(e,t,n){let a=n?""?expiration="".concat(encodeURIComponent(n)):"""";return c(""/api/nexus/options/"".concat(encodeURIComponent(t)).concat(a),e)}async f"
4338-2835906ea9e42f40.js,27297,/api/nexus/discord/servers/,"d/servers/"".concat(encodeURIComponent(t),""/roles""),e);return Array.isArray(a)?a:null!=(n=a.roles)?n:[]}async function eo(e,t,n){return c(""/api/nexus/discord/servers/"".concat(encodeURIComponent(t),""/access-roles""),e,{method:""PUT"",headers:{""Content-Type"":""application/json""},body:JSON.stringify({roleIds:n})})}async function es(e,t){var n;return null!=(n=(await c(""/api/nexus/discord/servers/"".concat(encodeURIComponent(t),""/sync-roles""),e,{method:""POST""})).roles)?n:[]}async function ec(e,t){return c(""/api/nexus/discord/servers/"".concat(encodeURIComponent(t),""/test-route""),e,{method:""POST""})}async function ed(e){try{return await c(""/api/nexus/seasons/current"",e)}catch(e){if(e instanceof s&&404===e.status)return null;throw e}}async function eu(e,t,n){let a=n?""?expiration="".concat(encodeURIComponent(n)):"""";return c(""/api/nexus/options/"".concat(encodeURIComponent(t)).concat(a),e)}async function el(e,t){return c(""/api/nexus/options/"".concat(encodeURIComponent(t),""/expirations""),e)}async function ep(e,t,n){let a=new URLSearc"
4338-2835906ea9e42f40.js,27430,/api/nexus/seasons/current,"n c(""/api/nexus/discord/servers/"".concat(encodeURIComponent(t),""/access-roles""),e,{method:""PUT"",headers:{""Content-Type"":""application/json""},body:JSON.stringify({roleIds:n})})}async function es(e,t){var n;return null!=(n=(await c(""/api/nexus/discord/servers/"".concat(encodeURIComponent(t),""/sync-roles""),e,{method:""POST""})).roles)?n:[]}async function ec(e,t){return c(""/api/nexus/discord/servers/"".concat(encodeURIComponent(t),""/test-route""),e,{method:""POST""})}async function ed(e){try{return await c(""/api/nexus/seasons/current"",e)}catch(e){if(e instanceof s&&404===e.status)return null;throw e}}async function eu(e,t,n){let a=n?""?expiration="".concat(encodeURIComponent(n)):"""";return c(""/api/nexus/options/"".concat(encodeURIComponent(t)).concat(a),e)}async function el(e,t){return c(""/api/nexus/options/"".concat(encodeURIComponent(t),""/expirations""),e)}async function ep(e,t,n){let a=new URLSearchParams;(null==n?void 0:n.timeframe)&&a.append(""timeframe"",n.timeframe),(null==n?void 0:n.direction)&&a.append(""direction"",n.directi"
4338-2835906ea9e42f40.js,27616,/api/nexus/options/,"ion es(e,t){var n;return null!=(n=(await c(""/api/nexus/discord/servers/"".concat(encodeURIComponent(t),""/sync-roles""),e,{method:""POST""})).roles)?n:[]}async function ec(e,t){return c(""/api/nexus/discord/servers/"".concat(encodeURIComponent(t),""/test-route""),e,{method:""POST""})}async function ed(e){try{return await c(""/api/nexus/seasons/current"",e)}catch(e){if(e instanceof s&&404===e.status)return null;throw e}}async function eu(e,t,n){let a=n?""?expiration="".concat(encodeURIComponent(n)):"""";return c(""/api/nexus/options/"".concat(encodeURIComponent(t)).concat(a),e)}async function el(e,t){return c(""/api/nexus/options/"".concat(encodeURIComponent(t),""/expirations""),e)}async function ep(e,t,n){let a=new URLSearchParams;(null==n?void 0:n.timeframe)&&a.append(""timeframe"",n.timeframe),(null==n?void 0:n.direction)&&a.append(""direction"",n.direction);let i=a.toString();return c(""/api/nexus/users/"".concat(encodeURIComponent(t),""/stats"").concat(i?""?"".concat(i):""""),e)}async function em(e){return c(""/api/nexus/portfolio/simula"
4338-2835906ea9e42f40.js,27713,/api/nexus/options/,"t(t),""/sync-roles""),e,{method:""POST""})).roles)?n:[]}async function ec(e,t){return c(""/api/nexus/discord/servers/"".concat(encodeURIComponent(t),""/test-route""),e,{method:""POST""})}async function ed(e){try{return await c(""/api/nexus/seasons/current"",e)}catch(e){if(e instanceof s&&404===e.status)return null;throw e}}async function eu(e,t,n){let a=n?""?expiration="".concat(encodeURIComponent(n)):"""";return c(""/api/nexus/options/"".concat(encodeURIComponent(t)).concat(a),e)}async function el(e,t){return c(""/api/nexus/options/"".concat(encodeURIComponent(t),""/expirations""),e)}async function ep(e,t,n){let a=new URLSearchParams;(null==n?void 0:n.timeframe)&&a.append(""timeframe"",n.timeframe),(null==n?void 0:n.direction)&&a.append(""direction"",n.direction);let i=a.toString();return c(""/api/nexus/users/"".concat(encodeURIComponent(t),""/stats"").concat(i?""?"".concat(i):""""),e)}async function em(e){return c(""/api/nexus/portfolio/simulated/current"",e)}async function ey(e,t){let n=new URLSearchParams;(null==t?void 0:t.limit)!==void"
4338-2835906ea9e42f40.js,27990,/api/nexus/users/,"404===e.status)return null;throw e}}async function eu(e,t,n){let a=n?""?expiration="".concat(encodeURIComponent(n)):"""";return c(""/api/nexus/options/"".concat(encodeURIComponent(t)).concat(a),e)}async function el(e,t){return c(""/api/nexus/options/"".concat(encodeURIComponent(t),""/expirations""),e)}async function ep(e,t,n){let a=new URLSearchParams;(null==n?void 0:n.timeframe)&&a.append(""timeframe"",n.timeframe),(null==n?void 0:n.direction)&&a.append(""direction"",n.direction);let i=a.toString();return c(""/api/nexus/users/"".concat(encodeURIComponent(t),""/stats"").concat(i?""?"".concat(i):""""),e)}async function em(e){return c(""/api/nexus/portfolio/simulated/current"",e)}async function ey(e,t){let n=new URLSearchParams;(null==t?void 0:t.limit)!==void 0&&n.append(""limit"",t.limit.toString()),(null==t?void 0:t.offset)!==void 0&&n.append(""offset"",t.offset.toString());let a=n.toString();return c(""/api/nexus/portfolio/simulated/ledger"".concat(a?""?"".concat(a):""""),e)}async function ef(e,t){let n=new URLSearchParams;(null==t?void"
4338-2835906ea9e42f40.js,28109,/api/nexus/portfolio/simulated/current,"turn c(""/api/nexus/options/"".concat(encodeURIComponent(t)).concat(a),e)}async function el(e,t){return c(""/api/nexus/options/"".concat(encodeURIComponent(t),""/expirations""),e)}async function ep(e,t,n){let a=new URLSearchParams;(null==n?void 0:n.timeframe)&&a.append(""timeframe"",n.timeframe),(null==n?void 0:n.direction)&&a.append(""direction"",n.direction);let i=a.toString();return c(""/api/nexus/users/"".concat(encodeURIComponent(t),""/stats"").concat(i?""?"".concat(i):""""),e)}async function em(e){return c(""/api/nexus/portfolio/simulated/current"",e)}async function ey(e,t){let n=new URLSearchParams;(null==t?void 0:t.limit)!==void 0&&n.append(""limit"",t.limit.toString()),(null==t?void 0:t.offset)!==void 0&&n.append(""offset"",t.offset.toString());let a=n.toString();return c(""/api/nexus/portfolio/simulated/ledger"".concat(a?""?"".concat(a):""""),e)}async function ef(e,t){let n=new URLSearchParams;(null==t?void 0:t.limit)!==void 0&&n.append(""limit"",t.limit.toString()),(null==t?void 0:t.offset)!==void 0&&n.append(""offset"",t.offset.toString()),(null="
4338-2835906ea9e42f40.js,28377,/api/nexus/portfolio/simulated/ledger,"eframe"",n.timeframe),(null==n?void 0:n.direction)&&a.append(""direction"",n.direction);let i=a.toString();return c(""/api/nexus/users/"".concat(encodeURIComponent(t),""/stats"").concat(i?""?"".concat(i):""""),e)}async function em(e){return c(""/api/nexus/portfolio/simulated/current"",e)}async function ey(e,t){let n=new URLSearchParams;(null==t?void 0:t.limit)!==void 0&&n.append(""limit"",t.limit.toString()),(null==t?void 0:t.offset)!==void 0&&n.append(""offset"",t.offset.toString());let a=n.toString();return c(""/api/nexus/portfolio/simulated/ledger"".concat(a?""?"".concat(a):""""),e)}async function ef(e,t){let n=new URLSearchParams;(null==t?void 0:t.limit)!==void 0&&n.append(""limit"",t.limit.toString()),(null==t?void 0:t.offset)!==void 0&&n.append(""offset"",t.offset.toString()),(null==t?void 0:t.timeframe)&&n.append(""timeframe"",t.timeframe);let a=n.toString();return c(""/api/nexus/guilds"".concat(a?""?"".concat(a):""""),e)}async function eg(e){var t,n,a;let i=await c(""/api/nexus/user/guilds"",e),r=(null!=(n=null!=(t=i.items)?t:i.guilds)?n:[]).map(e=>{va"
4338-2835906ea9e42f40.js,28735,/api/nexus/guilds,"&&n.append(""limit"",t.limit.toString()),(null==t?void 0:t.offset)!==void 0&&n.append(""offset"",t.offset.toString());let a=n.toString();return c(""/api/nexus/portfolio/simulated/ledger"".concat(a?""?"".concat(a):""""),e)}async function ef(e,t){let n=new URLSearchParams;(null==t?void 0:t.limit)!==void 0&&n.append(""limit"",t.limit.toString()),(null==t?void 0:t.offset)!==void 0&&n.append(""offset"",t.offset.toString()),(null==t?void 0:t.timeframe)&&n.append(""timeframe"",t.timeframe);let a=n.toString();return c(""/api/nexus/guilds"".concat(a?""?"".concat(a):""""),e)}async function eg(e){var t,n,a;let i=await c(""/api/nexus/user/guilds"",e),r=(null!=(n=null!=(t=i.items)?t:i.guilds)?n:[]).map(e=>{var t,n,a,i,r,o,s,c,d,u,l,p,m,y;return{id:e.id,discordServerId:null!=(n=null!=(t=e.discordServerId)?t:e.discord_server_id)?n:"""",name:null!=(r=null!=(i=null!=(a=e.name)?a:e.discordGuildName)?i:e.discord_guild_name)?r:""Unknown Guild"",avatarUrl:null!=(o=e.avatarUrl)?o:e.avatar_url,memberCount:null!=(c=null!=(s=e.memberCount)?s:e.member_count"
4338-2835906ea9e42f40.js,28830,/api/nexus/user/guilds,"offset.toString());let a=n.toString();return c(""/api/nexus/portfolio/simulated/ledger"".concat(a?""?"".concat(a):""""),e)}async function ef(e,t){let n=new URLSearchParams;(null==t?void 0:t.limit)!==void 0&&n.append(""limit"",t.limit.toString()),(null==t?void 0:t.offset)!==void 0&&n.append(""offset"",t.offset.toString()),(null==t?void 0:t.timeframe)&&n.append(""timeframe"",t.timeframe);let a=n.toString();return c(""/api/nexus/guilds"".concat(a?""?"".concat(a):""""),e)}async function eg(e){var t,n,a;let i=await c(""/api/nexus/user/guilds"",e),r=(null!=(n=null!=(t=i.items)?t:i.guilds)?n:[]).map(e=>{var t,n,a,i,r,o,s,c,d,u,l,p,m,y;return{id:e.id,discordServerId:null!=(n=null!=(t=e.discordServerId)?t:e.discord_server_id)?n:"""",name:null!=(r=null!=(i=null!=(a=e.name)?a:e.discordGuildName)?i:e.discord_guild_name)?r:""Unknown Guild"",avatarUrl:null!=(o=e.avatarUrl)?o:e.avatar_url,memberCount:null!=(c=null!=(s=e.memberCount)?s:e.member_count)?c:0,representationCount:0,avgCred:null!=(u=null!=(d=e.avgCred)?d:e.avg_cred)?u:0,winRate:0,avgRetu"
4338-2835906ea9e42f40.js,29669,/api/nexus/guilds/,"atarUrl)?o:e.avatar_url,memberCount:null!=(c=null!=(s=e.memberCount)?s:e.member_count)?c:0,representationCount:0,avgCred:null!=(u=null!=(d=e.avgCred)?d:e.avg_cred)?u:0,winRate:0,avgReturn:0,currentStreak:0,activeTradesCount:0,totalTrades:null!=(p=null!=(l=e.totalTrades)?l:e.total_trades)?p:0,seasonalRank:null!=(m=e.seasonalRank)?m:e.seasonal_rank,allTimeRank:null!=(y=e.allTimeRank)?y:e.all_time_rank,roster:[]}});return{guilds:r,total:null!=(a=i.total)?a:r.length}}async function eh(e,t){return c(""/api/nexus/guilds/"".concat(encodeURIComponent(t),""/roster""),e)}async function eT(e,t){return c(""/api/nexus/guilds/"".concat(encodeURIComponent(t),""/roster/candidates""),e)}async function eC(e,t,n){return c(""/api/nexus/guilds/"".concat(encodeURIComponent(t),""/roster""),e,{method:""PUT"",headers:{""Content-Type"":""application/json""},body:JSON.stringify({userIds:n})})}async function eS(e,t){return c(""/api/nexus/user/primary-guild"",e,{method:""PUT"",headers:{""Content-Type"":""application/json""},body:JSON.stringify({guild_id:t})})"
4338-2835906ea9e42f40.js,29765,/api/nexus/guilds/,"sentationCount:0,avgCred:null!=(u=null!=(d=e.avgCred)?d:e.avg_cred)?u:0,winRate:0,avgReturn:0,currentStreak:0,activeTradesCount:0,totalTrades:null!=(p=null!=(l=e.totalTrades)?l:e.total_trades)?p:0,seasonalRank:null!=(m=e.seasonalRank)?m:e.seasonal_rank,allTimeRank:null!=(y=e.allTimeRank)?y:e.all_time_rank,roster:[]}});return{guilds:r,total:null!=(a=i.total)?a:r.length}}async function eh(e,t){return c(""/api/nexus/guilds/"".concat(encodeURIComponent(t),""/roster""),e)}async function eT(e,t){return c(""/api/nexus/guilds/"".concat(encodeURIComponent(t),""/roster/candidates""),e)}async function eC(e,t,n){return c(""/api/nexus/guilds/"".concat(encodeURIComponent(t),""/roster""),e,{method:""PUT"",headers:{""Content-Type"":""application/json""},body:JSON.stringify({userIds:n})})}async function eS(e,t){return c(""/api/nexus/user/primary-guild"",e,{method:""PUT"",headers:{""Content-Type"":""application/json""},body:JSON.stringify({guild_id:t})})}async function ex(e,t){return c(""/api/nexus/users/"".concat(encodeURIComponent(t),""/rank-history"
4338-2835906ea9e42f40.js,29874,/api/nexus/guilds/,",activeTradesCount:0,totalTrades:null!=(p=null!=(l=e.totalTrades)?l:e.total_trades)?p:0,seasonalRank:null!=(m=e.seasonalRank)?m:e.seasonal_rank,allTimeRank:null!=(y=e.allTimeRank)?y:e.all_time_rank,roster:[]}});return{guilds:r,total:null!=(a=i.total)?a:r.length}}async function eh(e,t){return c(""/api/nexus/guilds/"".concat(encodeURIComponent(t),""/roster""),e)}async function eT(e,t){return c(""/api/nexus/guilds/"".concat(encodeURIComponent(t),""/roster/candidates""),e)}async function eC(e,t,n){return c(""/api/nexus/guilds/"".concat(encodeURIComponent(t),""/roster""),e,{method:""PUT"",headers:{""Content-Type"":""application/json""},body:JSON.stringify({userIds:n})})}async function eS(e,t){return c(""/api/nexus/user/primary-guild"",e,{method:""PUT"",headers:{""Content-Type"":""application/json""},body:JSON.stringify({guild_id:t})})}async function ex(e,t){return c(""/api/nexus/users/"".concat(encodeURIComponent(t),""/rank-history""),e)}async function ek(e){return c(""/api/nexus/academy/courses"",e)}async function ev(e,t){return c(""/api/nex"
4338-2835906ea9e42f40.js,30062,/api/nexus/user/primary-guild,"time_rank,roster:[]}});return{guilds:r,total:null!=(a=i.total)?a:r.length}}async function eh(e,t){return c(""/api/nexus/guilds/"".concat(encodeURIComponent(t),""/roster""),e)}async function eT(e,t){return c(""/api/nexus/guilds/"".concat(encodeURIComponent(t),""/roster/candidates""),e)}async function eC(e,t,n){return c(""/api/nexus/guilds/"".concat(encodeURIComponent(t),""/roster""),e,{method:""PUT"",headers:{""Content-Type"":""application/json""},body:JSON.stringify({userIds:n})})}async function eS(e,t){return c(""/api/nexus/user/primary-guild"",e,{method:""PUT"",headers:{""Content-Type"":""application/json""},body:JSON.stringify({guild_id:t})})}async function ex(e,t){return c(""/api/nexus/users/"".concat(encodeURIComponent(t),""/rank-history""),e)}async function ek(e){return c(""/api/nexus/academy/courses"",e)}async function ev(e,t){return c(""/api/nexus/academy/courses/"".concat(encodeURIComponent(t)),e)}async function eI(e,t){return c(""/api/nexus/academy/courses/"".concat(encodeURIComponent(t),""/attempts""),e,{method:""POST"",headers:{""Content-Type"":"
4338-2835906ea9e42f40.js,30222,/api/nexus/users/,"oster""),e)}async function eT(e,t){return c(""/api/nexus/guilds/"".concat(encodeURIComponent(t),""/roster/candidates""),e)}async function eC(e,t,n){return c(""/api/nexus/guilds/"".concat(encodeURIComponent(t),""/roster""),e,{method:""PUT"",headers:{""Content-Type"":""application/json""},body:JSON.stringify({userIds:n})})}async function eS(e,t){return c(""/api/nexus/user/primary-guild"",e,{method:""PUT"",headers:{""Content-Type"":""application/json""},body:JSON.stringify({guild_id:t})})}async function ex(e,t){return c(""/api/nexus/users/"".concat(encodeURIComponent(t),""/rank-history""),e)}async function ek(e){return c(""/api/nexus/academy/courses"",e)}async function ev(e,t){return c(""/api/nexus/academy/courses/"".concat(encodeURIComponent(t)),e)}async function eI(e,t){return c(""/api/nexus/academy/courses/"".concat(encodeURIComponent(t),""/attempts""),e,{method:""POST"",headers:{""Content-Type"":""application/json""},body:JSON.stringify({})})}async function eP(e,t,n){return c(""/api/nexus/academy/attempts/"".concat(encodeURIComponent(t),""/submit"
4338-2835906ea9e42f40.js,30321,/api/nexus/academy/courses,"er/candidates""),e)}async function eC(e,t,n){return c(""/api/nexus/guilds/"".concat(encodeURIComponent(t),""/roster""),e,{method:""PUT"",headers:{""Content-Type"":""application/json""},body:JSON.stringify({userIds:n})})}async function eS(e,t){return c(""/api/nexus/user/primary-guild"",e,{method:""PUT"",headers:{""Content-Type"":""application/json""},body:JSON.stringify({guild_id:t})})}async function ex(e,t){return c(""/api/nexus/users/"".concat(encodeURIComponent(t),""/rank-history""),e)}async function ek(e){return c(""/api/nexus/academy/courses"",e)}async function ev(e,t){return c(""/api/nexus/academy/courses/"".concat(encodeURIComponent(t)),e)}async function eI(e,t){return c(""/api/nexus/academy/courses/"".concat(encodeURIComponent(t),""/attempts""),e,{method:""POST"",headers:{""Content-Type"":""application/json""},body:JSON.stringify({})})}async function eP(e,t,n){return c(""/api/nexus/academy/attempts/"".concat(encodeURIComponent(t),""/submit""),e,{method:""PUT"",headers:{""Content-Type"":""application/json""},body:JSON.stringify({answers:n.map(e=>({quest"
4338-2835906ea9e42f40.js,30385,/api/nexus/academy/courses/,"/guilds/"".concat(encodeURIComponent(t),""/roster""),e,{method:""PUT"",headers:{""Content-Type"":""application/json""},body:JSON.stringify({userIds:n})})}async function eS(e,t){return c(""/api/nexus/user/primary-guild"",e,{method:""PUT"",headers:{""Content-Type"":""application/json""},body:JSON.stringify({guild_id:t})})}async function ex(e,t){return c(""/api/nexus/users/"".concat(encodeURIComponent(t),""/rank-history""),e)}async function ek(e){return c(""/api/nexus/academy/courses"",e)}async function ev(e,t){return c(""/api/nexus/academy/courses/"".concat(encodeURIComponent(t)),e)}async function eI(e,t){return c(""/api/nexus/academy/courses/"".concat(encodeURIComponent(t),""/attempts""),e,{method:""POST"",headers:{""Content-Type"":""application/json""},body:JSON.stringify({})})}async function eP(e,t,n){return c(""/api/nexus/academy/attempts/"".concat(encodeURIComponent(t),""/submit""),e,{method:""PUT"",headers:{""Content-Type"":""application/json""},body:JSON.stringify({answers:n.map(e=>({questionId:e.questionId,selectedOptionId:e.selectedOptionId}))})})}asy"
4338-2835906ea9e42f40.js,30480,/api/nexus/academy/courses/,"ication/json""},body:JSON.stringify({userIds:n})})}async function eS(e,t){return c(""/api/nexus/user/primary-guild"",e,{method:""PUT"",headers:{""Content-Type"":""application/json""},body:JSON.stringify({guild_id:t})})}async function ex(e,t){return c(""/api/nexus/users/"".concat(encodeURIComponent(t),""/rank-history""),e)}async function ek(e){return c(""/api/nexus/academy/courses"",e)}async function ev(e,t){return c(""/api/nexus/academy/courses/"".concat(encodeURIComponent(t)),e)}async function eI(e,t){return c(""/api/nexus/academy/courses/"".concat(encodeURIComponent(t),""/attempts""),e,{method:""POST"",headers:{""Content-Type"":""application/json""},body:JSON.stringify({})})}async function eP(e,t,n){return c(""/api/nexus/academy/attempts/"".concat(encodeURIComponent(t),""/submit""),e,{method:""PUT"",headers:{""Content-Type"":""application/json""},body:JSON.stringify({answers:n.map(e=>({questionId:e.questionId,selectedOptionId:e.selectedOptionId}))})})}async function ew(e){return c(""/api/nexus/academy/certifications"",e)}async function eR(e){var t;le"
4338-2835906ea9e42f40.js,30673,/api/nexus/academy/attempts/,"({guild_id:t})})}async function ex(e,t){return c(""/api/nexus/users/"".concat(encodeURIComponent(t),""/rank-history""),e)}async function ek(e){return c(""/api/nexus/academy/courses"",e)}async function ev(e,t){return c(""/api/nexus/academy/courses/"".concat(encodeURIComponent(t)),e)}async function eI(e,t){return c(""/api/nexus/academy/courses/"".concat(encodeURIComponent(t),""/attempts""),e,{method:""POST"",headers:{""Content-Type"":""application/json""},body:JSON.stringify({})})}async function eP(e,t,n){return c(""/api/nexus/academy/attempts/"".concat(encodeURIComponent(t),""/submit""),e,{method:""PUT"",headers:{""Content-Type"":""application/json""},body:JSON.stringify({answers:n.map(e=>({questionId:e.questionId,selectedOptionId:e.selectedOptionId}))})})}async function ew(e){return c(""/api/nexus/academy/certifications"",e)}async function eR(e){var t;let n=await c(""/api/nexus/admin/academy/courses"",e);return Array.isArray(n)?n:null!=(t=null==n?void 0:n.courses)?t:[]}async function eA(e,t){return c(""/api/nexus/admin/academy/courses"",e,{method:"""
4338-2835906ea9e42f40.js,30941,/api/nexus/academy/certifications,"t)),e)}async function eI(e,t){return c(""/api/nexus/academy/courses/"".concat(encodeURIComponent(t),""/attempts""),e,{method:""POST"",headers:{""Content-Type"":""application/json""},body:JSON.stringify({})})}async function eP(e,t,n){return c(""/api/nexus/academy/attempts/"".concat(encodeURIComponent(t),""/submit""),e,{method:""PUT"",headers:{""Content-Type"":""application/json""},body:JSON.stringify({answers:n.map(e=>({questionId:e.questionId,selectedOptionId:e.selectedOptionId}))})})}async function ew(e){return c(""/api/nexus/academy/certifications"",e)}async function eR(e){var t;let n=await c(""/api/nexus/admin/academy/courses"",e);return Array.isArray(n)?n:null!=(t=null==n?void 0:n.courses)?t:[]}async function eA(e,t){return c(""/api/nexus/admin/academy/courses"",e,{method:""POST"",headers:{""Content-Type"":""application/json""},body:JSON.stringify(t)})}async function eb(e,t,n){return c(""/api/nexus/admin/academy/courses/"".concat(encodeURIComponent(t)),e,{method:""PUT"",headers:{""Content-Type"":""application/json""},body:JSON.stringify(n)})}async functio"
4338-2835906ea9e42f40.js,31021,/api/nexus/admin/academy/courses,"deURIComponent(t),""/attempts""),e,{method:""POST"",headers:{""Content-Type"":""application/json""},body:JSON.stringify({})})}async function eP(e,t,n){return c(""/api/nexus/academy/attempts/"".concat(encodeURIComponent(t),""/submit""),e,{method:""PUT"",headers:{""Content-Type"":""application/json""},body:JSON.stringify({answers:n.map(e=>({questionId:e.questionId,selectedOptionId:e.selectedOptionId}))})})}async function ew(e){return c(""/api/nexus/academy/certifications"",e)}async function eR(e){var t;let n=await c(""/api/nexus/admin/academy/courses"",e);return Array.isArray(n)?n:null!=(t=null==n?void 0:n.courses)?t:[]}async function eA(e,t){return c(""/api/nexus/admin/academy/courses"",e,{method:""POST"",headers:{""Content-Type"":""application/json""},body:JSON.stringify(t)})}async function eb(e,t,n){return c(""/api/nexus/admin/academy/courses/"".concat(encodeURIComponent(t)),e,{method:""PUT"",headers:{""Content-Type"":""application/json""},body:JSON.stringify(n)})}async function e_(e,t){return c(""/api/nexus/admin/academy/courses/"".concat(encodeURIComponen"
4338-2835906ea9e42f40.js,31157,/api/nexus/admin/academy/courses,"e,t,n){return c(""/api/nexus/academy/attempts/"".concat(encodeURIComponent(t),""/submit""),e,{method:""PUT"",headers:{""Content-Type"":""application/json""},body:JSON.stringify({answers:n.map(e=>({questionId:e.questionId,selectedOptionId:e.selectedOptionId}))})})}async function ew(e){return c(""/api/nexus/academy/certifications"",e)}async function eR(e){var t;let n=await c(""/api/nexus/admin/academy/courses"",e);return Array.isArray(n)?n:null!=(t=null==n?void 0:n.courses)?t:[]}async function eA(e,t){return c(""/api/nexus/admin/academy/courses"",e,{method:""POST"",headers:{""Content-Type"":""application/json""},body:JSON.stringify(t)})}async function eb(e,t,n){return c(""/api/nexus/admin/academy/courses/"".concat(encodeURIComponent(t)),e,{method:""PUT"",headers:{""Content-Type"":""application/json""},body:JSON.stringify(n)})}async function e_(e,t){return c(""/api/nexus/admin/academy/courses/"".concat(encodeURIComponent(t)),e,{method:""DELETE""})}async function eU(e,t,n){return c(""/api/nexus/admin/academy/courses/"".concat(encodeURIComponent(t),""/sections"
4338-2835906ea9e42f40.js,31312,/api/nexus/admin/academy/courses/,"N.stringify({answers:n.map(e=>({questionId:e.questionId,selectedOptionId:e.selectedOptionId}))})})}async function ew(e){return c(""/api/nexus/academy/certifications"",e)}async function eR(e){var t;let n=await c(""/api/nexus/admin/academy/courses"",e);return Array.isArray(n)?n:null!=(t=null==n?void 0:n.courses)?t:[]}async function eA(e,t){return c(""/api/nexus/admin/academy/courses"",e,{method:""POST"",headers:{""Content-Type"":""application/json""},body:JSON.stringify(t)})}async function eb(e,t,n){return c(""/api/nexus/admin/academy/courses/"".concat(encodeURIComponent(t)),e,{method:""PUT"",headers:{""Content-Type"":""application/json""},body:JSON.stringify(n)})}async function e_(e,t){return c(""/api/nexus/admin/academy/courses/"".concat(encodeURIComponent(t)),e,{method:""DELETE""})}async function eU(e,t,n){return c(""/api/nexus/admin/academy/courses/"".concat(encodeURIComponent(t),""/sections""),e,{method:""POST"",headers:{""Content-Type"":""application/json""},body:JSON.stringify(n)})}async function eD(e,t,n){return c(""/api/nexus/admin/academy/section"
4338-2835906ea9e42f40.js,31495,/api/nexus/admin/academy/courses/,"eR(e){var t;let n=await c(""/api/nexus/admin/academy/courses"",e);return Array.isArray(n)?n:null!=(t=null==n?void 0:n.courses)?t:[]}async function eA(e,t){return c(""/api/nexus/admin/academy/courses"",e,{method:""POST"",headers:{""Content-Type"":""application/json""},body:JSON.stringify(t)})}async function eb(e,t,n){return c(""/api/nexus/admin/academy/courses/"".concat(encodeURIComponent(t)),e,{method:""PUT"",headers:{""Content-Type"":""application/json""},body:JSON.stringify(n)})}async function e_(e,t){return c(""/api/nexus/admin/academy/courses/"".concat(encodeURIComponent(t)),e,{method:""DELETE""})}async function eU(e,t,n){return c(""/api/nexus/admin/academy/courses/"".concat(encodeURIComponent(t),""/sections""),e,{method:""POST"",headers:{""Content-Type"":""application/json""},body:JSON.stringify(n)})}async function eD(e,t,n){return c(""/api/nexus/admin/academy/sections/"".concat(encodeURIComponent(t)),e,{method:""PUT"",headers:{""Content-Type"":""application/json""},body:JSON.stringify(n)})}async function eO(e,t){return c(""/api/nexus/admin/academy/sectio"
4338-2835906ea9e42f40.js,31616,/api/nexus/admin/academy/courses/,"es)?t:[]}async function eA(e,t){return c(""/api/nexus/admin/academy/courses"",e,{method:""POST"",headers:{""Content-Type"":""application/json""},body:JSON.stringify(t)})}async function eb(e,t,n){return c(""/api/nexus/admin/academy/courses/"".concat(encodeURIComponent(t)),e,{method:""PUT"",headers:{""Content-Type"":""application/json""},body:JSON.stringify(n)})}async function e_(e,t){return c(""/api/nexus/admin/academy/courses/"".concat(encodeURIComponent(t)),e,{method:""DELETE""})}async function eU(e,t,n){return c(""/api/nexus/admin/academy/courses/"".concat(encodeURIComponent(t),""/sections""),e,{method:""POST"",headers:{""Content-Type"":""application/json""},body:JSON.stringify(n)})}async function eD(e,t,n){return c(""/api/nexus/admin/academy/sections/"".concat(encodeURIComponent(t)),e,{method:""PUT"",headers:{""Content-Type"":""application/json""},body:JSON.stringify(n)})}async function eO(e,t){return c(""/api/nexus/admin/academy/sections/"".concat(encodeURIComponent(t)),e,{method:""DELETE""})}async function eE(e,t,n){return c(""/api/nexus/admin/academy/secti"
4338-2835906ea9e42f40.js,31814,/api/nexus/admin/academy/sections/,"api/nexus/admin/academy/courses/"".concat(encodeURIComponent(t)),e,{method:""PUT"",headers:{""Content-Type"":""application/json""},body:JSON.stringify(n)})}async function e_(e,t){return c(""/api/nexus/admin/academy/courses/"".concat(encodeURIComponent(t)),e,{method:""DELETE""})}async function eU(e,t,n){return c(""/api/nexus/admin/academy/courses/"".concat(encodeURIComponent(t),""/sections""),e,{method:""POST"",headers:{""Content-Type"":""application/json""},body:JSON.stringify(n)})}async function eD(e,t,n){return c(""/api/nexus/admin/academy/sections/"".concat(encodeURIComponent(t)),e,{method:""PUT"",headers:{""Content-Type"":""application/json""},body:JSON.stringify(n)})}async function eO(e,t){return c(""/api/nexus/admin/academy/sections/"".concat(encodeURIComponent(t)),e,{method:""DELETE""})}async function eE(e,t,n){return c(""/api/nexus/admin/academy/sections/"".concat(encodeURIComponent(t),""/questions""),e,{method:""POST"",headers:{""Content-Type"":""application/json""},body:JSON.stringify(n)})}async function eN(e,t,n){return c(""/api/nexus/admin/academy/ques"
4338-2835906ea9e42f40.js,31998,/api/nexus/admin/academy/sections/,"pi/nexus/admin/academy/courses/"".concat(encodeURIComponent(t)),e,{method:""DELETE""})}async function eU(e,t,n){return c(""/api/nexus/admin/academy/courses/"".concat(encodeURIComponent(t),""/sections""),e,{method:""POST"",headers:{""Content-Type"":""application/json""},body:JSON.stringify(n)})}async function eD(e,t,n){return c(""/api/nexus/admin/academy/sections/"".concat(encodeURIComponent(t)),e,{method:""PUT"",headers:{""Content-Type"":""application/json""},body:JSON.stringify(n)})}async function eO(e,t){return c(""/api/nexus/admin/academy/sections/"".concat(encodeURIComponent(t)),e,{method:""DELETE""})}async function eE(e,t,n){return c(""/api/nexus/admin/academy/sections/"".concat(encodeURIComponent(t),""/questions""),e,{method:""POST"",headers:{""Content-Type"":""application/json""},body:JSON.stringify(n)})}async function eN(e,t,n){return c(""/api/nexus/admin/academy/questions/"".concat(encodeURIComponent(t)),e,{method:""PUT"",headers:{""Content-Type"":""application/json""},body:JSON.stringify(n)})}async function eQ(e,t){return c(""/api/nexus/admin/academy/que"
4338-2835906ea9e42f40.js,32120,/api/nexus/admin/academy/sections/,"i/nexus/admin/academy/courses/"".concat(encodeURIComponent(t),""/sections""),e,{method:""POST"",headers:{""Content-Type"":""application/json""},body:JSON.stringify(n)})}async function eD(e,t,n){return c(""/api/nexus/admin/academy/sections/"".concat(encodeURIComponent(t)),e,{method:""PUT"",headers:{""Content-Type"":""application/json""},body:JSON.stringify(n)})}async function eO(e,t){return c(""/api/nexus/admin/academy/sections/"".concat(encodeURIComponent(t)),e,{method:""DELETE""})}async function eE(e,t,n){return c(""/api/nexus/admin/academy/sections/"".concat(encodeURIComponent(t),""/questions""),e,{method:""POST"",headers:{""Content-Type"":""application/json""},body:JSON.stringify(n)})}async function eN(e,t,n){return c(""/api/nexus/admin/academy/questions/"".concat(encodeURIComponent(t)),e,{method:""PUT"",headers:{""Content-Type"":""application/json""},body:JSON.stringify(n)})}async function eQ(e,t){return c(""/api/nexus/admin/academy/questions/"".concat(encodeURIComponent(t)),e,{method:""DELETE""})}async function ej(e,t){let n=!(arguments.length>2)||void 0===a"
4338-2835906ea9e42f40.js,32320,/api/nexus/admin/academy/questions/,"nexus/admin/academy/sections/"".concat(encodeURIComponent(t)),e,{method:""PUT"",headers:{""Content-Type"":""application/json""},body:JSON.stringify(n)})}async function eO(e,t){return c(""/api/nexus/admin/academy/sections/"".concat(encodeURIComponent(t)),e,{method:""DELETE""})}async function eE(e,t,n){return c(""/api/nexus/admin/academy/sections/"".concat(encodeURIComponent(t),""/questions""),e,{method:""POST"",headers:{""Content-Type"":""application/json""},body:JSON.stringify(n)})}async function eN(e,t,n){return c(""/api/nexus/admin/academy/questions/"".concat(encodeURIComponent(t)),e,{method:""PUT"",headers:{""Content-Type"":""application/json""},body:JSON.stringify(n)})}async function eQ(e,t){return c(""/api/nexus/admin/academy/questions/"".concat(encodeURIComponent(t)),e,{method:""DELETE""})}async function ej(e,t){let n=!(arguments.length>2)||void 0===arguments[2]||arguments[2];return c(""/api/nexus/admin/academy/courses/"".concat(encodeURIComponent(t),""/publish""),e,{method:""PUT"",headers:{""Content-Type"":""application/json""},body:JSON.stringify({publishe"
4338-2835906ea9e42f40.js,32505,/api/nexus/admin/academy/questions/,"exus/admin/academy/sections/"".concat(encodeURIComponent(t)),e,{method:""DELETE""})}async function eE(e,t,n){return c(""/api/nexus/admin/academy/sections/"".concat(encodeURIComponent(t),""/questions""),e,{method:""POST"",headers:{""Content-Type"":""application/json""},body:JSON.stringify(n)})}async function eN(e,t,n){return c(""/api/nexus/admin/academy/questions/"".concat(encodeURIComponent(t)),e,{method:""PUT"",headers:{""Content-Type"":""application/json""},body:JSON.stringify(n)})}async function eQ(e,t){return c(""/api/nexus/admin/academy/questions/"".concat(encodeURIComponent(t)),e,{method:""DELETE""})}async function ej(e,t){let n=!(arguments.length>2)||void 0===arguments[2]||arguments[2];return c(""/api/nexus/admin/academy/courses/"".concat(encodeURIComponent(t),""/publish""),e,{method:""PUT"",headers:{""Content-Type"":""application/json""},body:JSON.stringify({published:n})})}async function eJ(e){var t;let n=await c(""/api/nexus/admin/academy/categories"",e);return null!=(t=null==n?void 0:n.categories)?t:[]}async function eL(e,t){return c(""/api/nexus/a"
4338-2835906ea9e42f40.js,32691,/api/nexus/admin/academy/courses/,"stions""),e,{method:""POST"",headers:{""Content-Type"":""application/json""},body:JSON.stringify(n)})}async function eN(e,t,n){return c(""/api/nexus/admin/academy/questions/"".concat(encodeURIComponent(t)),e,{method:""PUT"",headers:{""Content-Type"":""application/json""},body:JSON.stringify(n)})}async function eQ(e,t){return c(""/api/nexus/admin/academy/questions/"".concat(encodeURIComponent(t)),e,{method:""DELETE""})}async function ej(e,t){let n=!(arguments.length>2)||void 0===arguments[2]||arguments[2];return c(""/api/nexus/admin/academy/courses/"".concat(encodeURIComponent(t),""/publish""),e,{method:""PUT"",headers:{""Content-Type"":""application/json""},body:JSON.stringify({published:n})})}async function eJ(e){var t;let n=await c(""/api/nexus/admin/academy/categories"",e);return null!=(t=null==n?void 0:n.categories)?t:[]}async function eL(e,t){return c(""/api/nexus/admin/academy/categories"",e,{method:""POST"",headers:{""Content-Type"":""application/json""},body:JSON.stringify(t)})}async function eq(e,t,n){return c(""/api/nexus/admin/academy/categories/""."
4338-2835906ea9e42f40.js,32906,/api/nexus/admin/academy/categories,"aders:{""Content-Type"":""application/json""},body:JSON.stringify(n)})}async function eQ(e,t){return c(""/api/nexus/admin/academy/questions/"".concat(encodeURIComponent(t)),e,{method:""DELETE""})}async function ej(e,t){let n=!(arguments.length>2)||void 0===arguments[2]||arguments[2];return c(""/api/nexus/admin/academy/courses/"".concat(encodeURIComponent(t),""/publish""),e,{method:""PUT"",headers:{""Content-Type"":""application/json""},body:JSON.stringify({published:n})})}async function eJ(e){var t;let n=await c(""/api/nexus/admin/academy/categories"",e);return null!=(t=null==n?void 0:n.categories)?t:[]}async function eL(e,t){return c(""/api/nexus/admin/academy/categories"",e,{method:""POST"",headers:{""Content-Type"":""application/json""},body:JSON.stringify(t)})}async function eq(e,t,n){return c(""/api/nexus/admin/academy/categories/"".concat(encodeURIComponent(t)),e,{method:""PUT"",headers:{""Content-Type"":""application/json""},body:JSON.stringify(n)})}async function eM(e,t){return c(""/api/nexus/admin/academy/categories/"".concat(encodeURIComponent(t)),e"
4338-2835906ea9e42f40.js,33029,/api/nexus/admin/academy/categories,"y/questions/"".concat(encodeURIComponent(t)),e,{method:""DELETE""})}async function ej(e,t){let n=!(arguments.length>2)||void 0===arguments[2]||arguments[2];return c(""/api/nexus/admin/academy/courses/"".concat(encodeURIComponent(t),""/publish""),e,{method:""PUT"",headers:{""Content-Type"":""application/json""},body:JSON.stringify({published:n})})}async function eJ(e){var t;let n=await c(""/api/nexus/admin/academy/categories"",e);return null!=(t=null==n?void 0:n.categories)?t:[]}async function eL(e,t){return c(""/api/nexus/admin/academy/categories"",e,{method:""POST"",headers:{""Content-Type"":""application/json""},body:JSON.stringify(t)})}async function eq(e,t,n){return c(""/api/nexus/admin/academy/categories/"".concat(encodeURIComponent(t)),e,{method:""PUT"",headers:{""Content-Type"":""application/json""},body:JSON.stringify(n)})}async function eM(e,t){return c(""/api/nexus/admin/academy/categories/"".concat(encodeURIComponent(t)),e,{method:""DELETE""})}async function eY(e,t){return c(""/api/nexus/admin/academy/courses/"".concat(encodeURIComponent(t)),e)}as"
4338-2835906ea9e42f40.js,33187,/api/nexus/admin/academy/categories/,"n c(""/api/nexus/admin/academy/courses/"".concat(encodeURIComponent(t),""/publish""),e,{method:""PUT"",headers:{""Content-Type"":""application/json""},body:JSON.stringify({published:n})})}async function eJ(e){var t;let n=await c(""/api/nexus/admin/academy/categories"",e);return null!=(t=null==n?void 0:n.categories)?t:[]}async function eL(e,t){return c(""/api/nexus/admin/academy/categories"",e,{method:""POST"",headers:{""Content-Type"":""application/json""},body:JSON.stringify(t)})}async function eq(e,t,n){return c(""/api/nexus/admin/academy/categories/"".concat(encodeURIComponent(t)),e,{method:""PUT"",headers:{""Content-Type"":""application/json""},body:JSON.stringify(n)})}async function eM(e,t){return c(""/api/nexus/admin/academy/categories/"".concat(encodeURIComponent(t)),e,{method:""DELETE""})}async function eY(e,t){return c(""/api/nexus/admin/academy/courses/"".concat(encodeURIComponent(t)),e)}async function eG(e,t,n){return c(""/api/nexus/admin/academy/upload/presign"",e,{method:""POST"",headers:{""Content-Type"":""application/json""},body:JSON.stringify({fil"
4338-2835906ea9e42f40.js,33373,/api/nexus/admin/academy/categories/,"nction eJ(e){var t;let n=await c(""/api/nexus/admin/academy/categories"",e);return null!=(t=null==n?void 0:n.categories)?t:[]}async function eL(e,t){return c(""/api/nexus/admin/academy/categories"",e,{method:""POST"",headers:{""Content-Type"":""application/json""},body:JSON.stringify(t)})}async function eq(e,t,n){return c(""/api/nexus/admin/academy/categories/"".concat(encodeURIComponent(t)),e,{method:""PUT"",headers:{""Content-Type"":""application/json""},body:JSON.stringify(n)})}async function eM(e,t){return c(""/api/nexus/admin/academy/categories/"".concat(encodeURIComponent(t)),e,{method:""DELETE""})}async function eY(e,t){return c(""/api/nexus/admin/academy/courses/"".concat(encodeURIComponent(t)),e)}async function eG(e,t,n){return c(""/api/nexus/admin/academy/upload/presign"",e,{method:""POST"",headers:{""Content-Type"":""application/json""},body:JSON.stringify({filename:t,contentType:n})})}async function eV(e,t,n){return c(""/api/nexus/academy/courses/"".concat(encodeURIComponent(t),""/reviews""),e,{method:""POST"",headers:{""Content-Type"":""application/j"
4338-2835906ea9e42f40.js,33495,/api/nexus/admin/academy/courses/,"]}async function eL(e,t){return c(""/api/nexus/admin/academy/categories"",e,{method:""POST"",headers:{""Content-Type"":""application/json""},body:JSON.stringify(t)})}async function eq(e,t,n){return c(""/api/nexus/admin/academy/categories/"".concat(encodeURIComponent(t)),e,{method:""PUT"",headers:{""Content-Type"":""application/json""},body:JSON.stringify(n)})}async function eM(e,t){return c(""/api/nexus/admin/academy/categories/"".concat(encodeURIComponent(t)),e,{method:""DELETE""})}async function eY(e,t){return c(""/api/nexus/admin/academy/courses/"".concat(encodeURIComponent(t)),e)}async function eG(e,t,n){return c(""/api/nexus/admin/academy/upload/presign"",e,{method:""POST"",headers:{""Content-Type"":""application/json""},body:JSON.stringify({filename:t,contentType:n})})}async function eV(e,t,n){return c(""/api/nexus/academy/courses/"".concat(encodeURIComponent(t),""/reviews""),e,{method:""POST"",headers:{""Content-Type"":""application/json""},body:JSON.stringify(n)})}async function eH(e,t){return c(""/api/nexus/admin/academy/courses/"".concat(encodeURIComp"
4338-2835906ea9e42f40.js,33598,/api/nexus/admin/academy/upload/presign,"ent-Type"":""application/json""},body:JSON.stringify(t)})}async function eq(e,t,n){return c(""/api/nexus/admin/academy/categories/"".concat(encodeURIComponent(t)),e,{method:""PUT"",headers:{""Content-Type"":""application/json""},body:JSON.stringify(n)})}async function eM(e,t){return c(""/api/nexus/admin/academy/categories/"".concat(encodeURIComponent(t)),e,{method:""DELETE""})}async function eY(e,t){return c(""/api/nexus/admin/academy/courses/"".concat(encodeURIComponent(t)),e)}async function eG(e,t,n){return c(""/api/nexus/admin/academy/upload/presign"",e,{method:""POST"",headers:{""Content-Type"":""application/json""},body:JSON.stringify({filename:t,contentType:n})})}async function eV(e,t,n){return c(""/api/nexus/academy/courses/"".concat(encodeURIComponent(t),""/reviews""),e,{method:""POST"",headers:{""Content-Type"":""application/json""},body:JSON.stringify(n)})}async function eH(e,t){return c(""/api/nexus/admin/academy/courses/"".concat(encodeURIComponent(t),""/reviews""),e)}async function ez(e){return c(""/api/nexus/copytrade/schema"",e)}async function eB(e,t)"
4338-2835906ea9e42f40.js,33785,/api/nexus/academy/courses/,"tent-Type"":""application/json""},body:JSON.stringify(n)})}async function eM(e,t){return c(""/api/nexus/admin/academy/categories/"".concat(encodeURIComponent(t)),e,{method:""DELETE""})}async function eY(e,t){return c(""/api/nexus/admin/academy/courses/"".concat(encodeURIComponent(t)),e)}async function eG(e,t,n){return c(""/api/nexus/admin/academy/upload/presign"",e,{method:""POST"",headers:{""Content-Type"":""application/json""},body:JSON.stringify({filename:t,contentType:n})})}async function eV(e,t,n){return c(""/api/nexus/academy/courses/"".concat(encodeURIComponent(t),""/reviews""),e,{method:""POST"",headers:{""Content-Type"":""application/json""},body:JSON.stringify(n)})}async function eH(e,t){return c(""/api/nexus/admin/academy/courses/"".concat(encodeURIComponent(t),""/reviews""),e)}async function ez(e){return c(""/api/nexus/copytrade/schema"",e)}async function eB(e,t){return c(""/api/nexus/copytrade/schema"",e,{method:""POST"",headers:{""Content-Type"":""application/json""},body:JSON.stringify(t)})}async function eF(e,t){return c(""/api/nexus/copyt"
4338-2835906ea9e42f40.js,33974,/api/nexus/admin/academy/courses/,"ion eY(e,t){return c(""/api/nexus/admin/academy/courses/"".concat(encodeURIComponent(t)),e)}async function eG(e,t,n){return c(""/api/nexus/admin/academy/upload/presign"",e,{method:""POST"",headers:{""Content-Type"":""application/json""},body:JSON.stringify({filename:t,contentType:n})})}async function eV(e,t,n){return c(""/api/nexus/academy/courses/"".concat(encodeURIComponent(t),""/reviews""),e,{method:""POST"",headers:{""Content-Type"":""application/json""},body:JSON.stringify(n)})}async function eH(e,t){return c(""/api/nexus/admin/academy/courses/"".concat(encodeURIComponent(t),""/reviews""),e)}async function ez(e){return c(""/api/nexus/copytrade/schema"",e)}async function eB(e,t){return c(""/api/nexus/copytrade/schema"",e,{method:""POST"",headers:{""Content-Type"":""application/json""},body:JSON.stringify(t)})}async function eF(e,t){return c(""/api/nexus/copytrade/schema"",e,{method:""PUT"",headers:{""Content-Type"":""application/json""},body:JSON.stringify(t)})}async function eK(e){return c(""/api/nexus/copytrade/schema/traders"",e)}async function eX(e,t){ret"
4338-2835906ea9e42f40.js,34084,/api/nexus/copytrade/schema,"t,n){return c(""/api/nexus/admin/academy/upload/presign"",e,{method:""POST"",headers:{""Content-Type"":""application/json""},body:JSON.stringify({filename:t,contentType:n})})}async function eV(e,t,n){return c(""/api/nexus/academy/courses/"".concat(encodeURIComponent(t),""/reviews""),e,{method:""POST"",headers:{""Content-Type"":""application/json""},body:JSON.stringify(n)})}async function eH(e,t){return c(""/api/nexus/admin/academy/courses/"".concat(encodeURIComponent(t),""/reviews""),e)}async function ez(e){return c(""/api/nexus/copytrade/schema"",e)}async function eB(e,t){return c(""/api/nexus/copytrade/schema"",e,{method:""POST"",headers:{""Content-Type"":""application/json""},body:JSON.stringify(t)})}async function eF(e,t){return c(""/api/nexus/copytrade/schema"",e,{method:""PUT"",headers:{""Content-Type"":""application/json""},body:JSON.stringify(t)})}async function eK(e){return c(""/api/nexus/copytrade/schema/traders"",e)}async function eX(e,t){return c(""/api/nexus/copytrade/schema/traders"",e,{method:""POST"",headers:{""Content-Type"":""application/json""}"
4338-2835906ea9e42f40.js,34149,/api/nexus/copytrade/schema,":""POST"",headers:{""Content-Type"":""application/json""},body:JSON.stringify({filename:t,contentType:n})})}async function eV(e,t,n){return c(""/api/nexus/academy/courses/"".concat(encodeURIComponent(t),""/reviews""),e,{method:""POST"",headers:{""Content-Type"":""application/json""},body:JSON.stringify(n)})}async function eH(e,t){return c(""/api/nexus/admin/academy/courses/"".concat(encodeURIComponent(t),""/reviews""),e)}async function ez(e){return c(""/api/nexus/copytrade/schema"",e)}async function eB(e,t){return c(""/api/nexus/copytrade/schema"",e,{method:""POST"",headers:{""Content-Type"":""application/json""},body:JSON.stringify(t)})}async function eF(e,t){return c(""/api/nexus/copytrade/schema"",e,{method:""PUT"",headers:{""Content-Type"":""application/json""},body:JSON.stringify(t)})}async function eK(e){return c(""/api/nexus/copytrade/schema/traders"",e)}async function eX(e,t){return c(""/api/nexus/copytrade/schema/traders"",e,{method:""POST"",headers:{""Content-Type"":""application/json""},body:JSON.stringify(t)})}async function e$(e,t,n){return c(""/api"
4338-2835906ea9e42f40.js,34297,/api/nexus/copytrade/schema,"academy/courses/"".concat(encodeURIComponent(t),""/reviews""),e,{method:""POST"",headers:{""Content-Type"":""application/json""},body:JSON.stringify(n)})}async function eH(e,t){return c(""/api/nexus/admin/academy/courses/"".concat(encodeURIComponent(t),""/reviews""),e)}async function ez(e){return c(""/api/nexus/copytrade/schema"",e)}async function eB(e,t){return c(""/api/nexus/copytrade/schema"",e,{method:""POST"",headers:{""Content-Type"":""application/json""},body:JSON.stringify(t)})}async function eF(e,t){return c(""/api/nexus/copytrade/schema"",e,{method:""PUT"",headers:{""Content-Type"":""application/json""},body:JSON.stringify(t)})}async function eK(e){return c(""/api/nexus/copytrade/schema/traders"",e)}async function eX(e,t){return c(""/api/nexus/copytrade/schema/traders"",e,{method:""POST"",headers:{""Content-Type"":""application/json""},body:JSON.stringify(t)})}async function e$(e,t,n){return c(""/api/nexus/copytrade/schema/traders/"".concat(encodeURIComponent(t)),e,{method:""PUT"",headers:{""Content-Type"":""application/json""},body:JSON.stringify(n)})"
4338-2835906ea9e42f40.js,34442,/api/nexus/copytrade/schema/traders,"async function eH(e,t){return c(""/api/nexus/admin/academy/courses/"".concat(encodeURIComponent(t),""/reviews""),e)}async function ez(e){return c(""/api/nexus/copytrade/schema"",e)}async function eB(e,t){return c(""/api/nexus/copytrade/schema"",e,{method:""POST"",headers:{""Content-Type"":""application/json""},body:JSON.stringify(t)})}async function eF(e,t){return c(""/api/nexus/copytrade/schema"",e,{method:""PUT"",headers:{""Content-Type"":""application/json""},body:JSON.stringify(t)})}async function eK(e){return c(""/api/nexus/copytrade/schema/traders"",e)}async function eX(e,t){return c(""/api/nexus/copytrade/schema/traders"",e,{method:""POST"",headers:{""Content-Type"":""application/json""},body:JSON.stringify(t)})}async function e$(e,t,n){return c(""/api/nexus/copytrade/schema/traders/"".concat(encodeURIComponent(t)),e,{method:""PUT"",headers:{""Content-Type"":""application/json""},body:JSON.stringify(n)})}async function eZ(e,t){return c(""/api/nexus/copytrade/schema/traders/"".concat(encodeURIComponent(t)),e,{method:""DELETE""})}async function eW(e,t){let n=n"
4338-2835906ea9e42f40.js,34515,/api/nexus/copytrade/schema/traders,"t(encodeURIComponent(t),""/reviews""),e)}async function ez(e){return c(""/api/nexus/copytrade/schema"",e)}async function eB(e,t){return c(""/api/nexus/copytrade/schema"",e,{method:""POST"",headers:{""Content-Type"":""application/json""},body:JSON.stringify(t)})}async function eF(e,t){return c(""/api/nexus/copytrade/schema"",e,{method:""PUT"",headers:{""Content-Type"":""application/json""},body:JSON.stringify(t)})}async function eK(e){return c(""/api/nexus/copytrade/schema/traders"",e)}async function eX(e,t){return c(""/api/nexus/copytrade/schema/traders"",e,{method:""POST"",headers:{""Content-Type"":""application/json""},body:JSON.stringify(t)})}async function e$(e,t,n){return c(""/api/nexus/copytrade/schema/traders/"".concat(encodeURIComponent(t)),e,{method:""PUT"",headers:{""Content-Type"":""application/json""},body:JSON.stringify(n)})}async function eZ(e,t){return c(""/api/nexus/copytrade/schema/traders/"".concat(encodeURIComponent(t)),e,{method:""DELETE""})}async function eW(e,t){let n=new URLSearchParams;(null==t?void 0:t.status)&&n.append(""status"",t.status)"
4338-2835906ea9e42f40.js,34673,/api/nexus/copytrade/schema/traders/,"hema"",e,{method:""POST"",headers:{""Content-Type"":""application/json""},body:JSON.stringify(t)})}async function eF(e,t){return c(""/api/nexus/copytrade/schema"",e,{method:""PUT"",headers:{""Content-Type"":""application/json""},body:JSON.stringify(t)})}async function eK(e){return c(""/api/nexus/copytrade/schema/traders"",e)}async function eX(e,t){return c(""/api/nexus/copytrade/schema/traders"",e,{method:""POST"",headers:{""Content-Type"":""application/json""},body:JSON.stringify(t)})}async function e$(e,t,n){return c(""/api/nexus/copytrade/schema/traders/"".concat(encodeURIComponent(t)),e,{method:""PUT"",headers:{""Content-Type"":""application/json""},body:JSON.stringify(n)})}async function eZ(e,t){return c(""/api/nexus/copytrade/schema/traders/"".concat(encodeURIComponent(t)),e,{method:""DELETE""})}async function eW(e,t){let n=new URLSearchParams;(null==t?void 0:t.status)&&n.append(""status"",t.status),(null==t?void 0:t.limit)!==void 0&&n.append(""limit"",t.limit.toString()),(null==t?void 0:t.offset)!==void 0&&n.append(""offset"",t.offset.toString());let a=n.toS"
4338-2835906ea9e42f40.js,34859,/api/nexus/copytrade/schema/traders/,"t-Type"":""application/json""},body:JSON.stringify(t)})}async function eK(e){return c(""/api/nexus/copytrade/schema/traders"",e)}async function eX(e,t){return c(""/api/nexus/copytrade/schema/traders"",e,{method:""POST"",headers:{""Content-Type"":""application/json""},body:JSON.stringify(t)})}async function e$(e,t,n){return c(""/api/nexus/copytrade/schema/traders/"".concat(encodeURIComponent(t)),e,{method:""PUT"",headers:{""Content-Type"":""application/json""},body:JSON.stringify(n)})}async function eZ(e,t){return c(""/api/nexus/copytrade/schema/traders/"".concat(encodeURIComponent(t)),e,{method:""DELETE""})}async function eW(e,t){let n=new URLSearchParams;(null==t?void 0:t.status)&&n.append(""status"",t.status),(null==t?void 0:t.limit)!==void 0&&n.append(""limit"",t.limit.toString()),(null==t?void 0:t.offset)!==void 0&&n.append(""offset"",t.offset.toString());let a=n.toString();return c(""/api/nexus/copytrade/executions"".concat(a?""?"".concat(a):""""),e)}async function e0(e,t){return c(""/api/nexus/copytrade/executions/"".concat(encodeURIComponent(t),""/timelin"
4338-2835906ea9e42f40.js,35228,/api/nexus/copytrade/executions,"Component(t)),e,{method:""PUT"",headers:{""Content-Type"":""application/json""},body:JSON.stringify(n)})}async function eZ(e,t){return c(""/api/nexus/copytrade/schema/traders/"".concat(encodeURIComponent(t)),e,{method:""DELETE""})}async function eW(e,t){let n=new URLSearchParams;(null==t?void 0:t.status)&&n.append(""status"",t.status),(null==t?void 0:t.limit)!==void 0&&n.append(""limit"",t.limit.toString()),(null==t?void 0:t.offset)!==void 0&&n.append(""offset"",t.offset.toString());let a=n.toString();return c(""/api/nexus/copytrade/executions"".concat(a?""?"".concat(a):""""),e)}async function e0(e,t){return c(""/api/nexus/copytrade/executions/"".concat(encodeURIComponent(t),""/timeline""),e)}async function e1(e,t){return c(""/api/nexus/copytrade/executions/"".concat(encodeURIComponent(t),""/approve""),e,{method:""POST""})}async function e2(e,t){return c(""/api/nexus/copytrade/executions/"".concat(encodeURIComponent(t),""/reject""),e,{method:""POST""})}async function e5(e,t){return c(""/api/nexus/copytrade/executions/"".concat(encodeURIComponent(t),""/detach"
4338-2835906ea9e42f40.js,35324,/api/nexus/copytrade/executions/,"})}async function eZ(e,t){return c(""/api/nexus/copytrade/schema/traders/"".concat(encodeURIComponent(t)),e,{method:""DELETE""})}async function eW(e,t){let n=new URLSearchParams;(null==t?void 0:t.status)&&n.append(""status"",t.status),(null==t?void 0:t.limit)!==void 0&&n.append(""limit"",t.limit.toString()),(null==t?void 0:t.offset)!==void 0&&n.append(""offset"",t.offset.toString());let a=n.toString();return c(""/api/nexus/copytrade/executions"".concat(a?""?"".concat(a):""""),e)}async function e0(e,t){return c(""/api/nexus/copytrade/executions/"".concat(encodeURIComponent(t),""/timeline""),e)}async function e1(e,t){return c(""/api/nexus/copytrade/executions/"".concat(encodeURIComponent(t),""/approve""),e,{method:""POST""})}async function e2(e,t){return c(""/api/nexus/copytrade/executions/"".concat(encodeURIComponent(t),""/reject""),e,{method:""POST""})}async function e5(e,t){return c(""/api/nexus/copytrade/executions/"".concat(encodeURIComponent(t),""/detach""),e,{method:""POST""})}async function e8(e){return c(""/api/nexus/copytrade/schema/kill"",e,{method:"
4338-2835906ea9e42f40.js,35436,/api/nexus/copytrade/executions/,"d:""DELETE""})}async function eW(e,t){let n=new URLSearchParams;(null==t?void 0:t.status)&&n.append(""status"",t.status),(null==t?void 0:t.limit)!==void 0&&n.append(""limit"",t.limit.toString()),(null==t?void 0:t.offset)!==void 0&&n.append(""offset"",t.offset.toString());let a=n.toString();return c(""/api/nexus/copytrade/executions"".concat(a?""?"".concat(a):""""),e)}async function e0(e,t){return c(""/api/nexus/copytrade/executions/"".concat(encodeURIComponent(t),""/timeline""),e)}async function e1(e,t){return c(""/api/nexus/copytrade/executions/"".concat(encodeURIComponent(t),""/approve""),e,{method:""POST""})}async function e2(e,t){return c(""/api/nexus/copytrade/executions/"".concat(encodeURIComponent(t),""/reject""),e,{method:""POST""})}async function e5(e,t){return c(""/api/nexus/copytrade/executions/"".concat(encodeURIComponent(t),""/detach""),e,{method:""POST""})}async function e8(e){return c(""/api/nexus/copytrade/schema/kill"",e,{method:""POST""})}}}]);"
4338-2835906ea9e42f40.js,35563,/api/nexus/copytrade/executions/,"oid 0:t.limit)!==void 0&&n.append(""limit"",t.limit.toString()),(null==t?void 0:t.offset)!==void 0&&n.append(""offset"",t.offset.toString());let a=n.toString();return c(""/api/nexus/copytrade/executions"".concat(a?""?"".concat(a):""""),e)}async function e0(e,t){return c(""/api/nexus/copytrade/executions/"".concat(encodeURIComponent(t),""/timeline""),e)}async function e1(e,t){return c(""/api/nexus/copytrade/executions/"".concat(encodeURIComponent(t),""/approve""),e,{method:""POST""})}async function e2(e,t){return c(""/api/nexus/copytrade/executions/"".concat(encodeURIComponent(t),""/reject""),e,{method:""POST""})}async function e5(e,t){return c(""/api/nexus/copytrade/executions/"".concat(encodeURIComponent(t),""/detach""),e,{method:""POST""})}async function e8(e){return c(""/api/nexus/copytrade/schema/kill"",e,{method:""POST""})}}}]);"
4338-2835906ea9e42f40.js,35689,/api/nexus/copytrade/executions/,"oString());let a=n.toString();return c(""/api/nexus/copytrade/executions"".concat(a?""?"".concat(a):""""),e)}async function e0(e,t){return c(""/api/nexus/copytrade/executions/"".concat(encodeURIComponent(t),""/timeline""),e)}async function e1(e,t){return c(""/api/nexus/copytrade/executions/"".concat(encodeURIComponent(t),""/approve""),e,{method:""POST""})}async function e2(e,t){return c(""/api/nexus/copytrade/executions/"".concat(encodeURIComponent(t),""/reject""),e,{method:""POST""})}async function e5(e,t){return c(""/api/nexus/copytrade/executions/"".concat(encodeURIComponent(t),""/detach""),e,{method:""POST""})}async function e8(e){return c(""/api/nexus/copytrade/schema/kill"",e,{method:""POST""})}}}]);"
4338-2835906ea9e42f40.js,35813,/api/nexus/copytrade/schema/kill,"){return c(""/api/nexus/copytrade/executions/"".concat(encodeURIComponent(t),""/timeline""),e)}async function e1(e,t){return c(""/api/nexus/copytrade/executions/"".concat(encodeURIComponent(t),""/approve""),e,{method:""POST""})}async function e2(e,t){return c(""/api/nexus/copytrade/executions/"".concat(encodeURIComponent(t),""/reject""),e,{method:""POST""})}async function e5(e,t){return c(""/api/nexus/copytrade/executions/"".concat(encodeURIComponent(t),""/detach""),e,{method:""POST""})}async function e8(e){return c(""/api/nexus/copytrade/schema/kill"",e,{method:""POST""})}}}]);"
4712-c51afc57ca55d292.js,28866,/api/gex/levels?,"0,o.vv)(n.expirationCount)),extended:String(a)});u&&(s.set(""with_snapshot"",""true""),s.set(""with_slices"",""true"")),n.includeDerived&&s.set(""include_derived"",""true""),n.orbV2CallPutFill&&s.set(""with_callput"",""true"");let c=function(){try{let e=localStorage.getItem(""gex_levels_additional_params"");return e?new URLSearchParams(e):null}catch(e){return null}}();if(c)for(let[e,t]of c)s.set(e,t);for(let e of t)s.append(""dates"",e);let d=(0,l.N)();return d&&s.set(""v"",d),i&&s.set(""_t"",String(i)),"""".concat(r.qG,""/api/gex/levels?"").concat(s)}(e,t,n,a,i,u),{signal:s.signal,...i?{cache:""no-store""}:{}}).finally(()=>clearTimeout(c));if(!d.ok){let e=await d.text().catch(()=>"""");return console.error(""[fetchGexLevels:gex-cache] "".concat(d.status,"": "").concat(e)),null}let p=await d.json();if(!p.success||p.error)return null;return p}catch(e){return null}}async function b(e,t,n){var r,l,o,a,i;let u,s=arguments.length>3&&void 0!==arguments[3]&&arguments[3],d=arguments.length>4?arguments[4]:void 0,m=!(arguments.length>5)||void 0===a"
4712-c51afc57ca55d292.js,30884,/api/gex/levels?,"symbol:t,dates:n,dataType:o,combine:a,qqqCoef:i,expMode:u,expCount:s,maxDte:c,nodes:d,signal:p}=e;if(0===n.length)return{levels:[]};let m=new URLSearchParams({symbol:t,data_type:o,agg:""vwap""});for(let e of(""trinity""===a&&""SPXW""===t&&(m.set(""combine"",""trinity""),m.set(""qqq_coef"",String(i))),null!=c?m.set(""max_dte"",String(c)):u&&(m.set(""exp_mode"",u),m.set(""exp_count"",String(null!=s?s:1))),d&&m.set(""nodes"",d),n))m.append(""dates"",e);let f=(0,l.N)();f&&m.set(""v"",f);let h=await (0,r.tm)("""".concat(r.qG,""/api/gex/levels?"").concat(m),{signal:p});if(!h.ok)throw Object.assign(Error(""gex vwap "".concat(h.status)),{status:h.status});let b=await h.json();if(!(null==b?void 0:b.success)||(null==b?void 0:b.error)){var v;throw Error(""gex vwap backend error: "".concat(null!=(v=null==b?void 0:b.error)?v:""unsuccessful response""))}return{levels:Array.isArray(b.levels)?b.levels.map(e=>({t:e.t,s:e.s,l:Array.isArray(e.l)?e.l.map(e=>({k:e.k,d:e.d})):[]})):[]}}async function w(e,t,n){let r=arguments.length>3&&void 0!==arguments[3]&&"
5168-9901aec5fd79d4ae.js,1103,/api/alerts,"ent(String(n)))});return t.length>0?""?"".concat(t.join(""&"")):""""}async function c(e){let t=arguments.length>1&&void 0!==arguments[1]?arguments[1]:{},n=arguments.length>2?arguments[2]:void 0,r=new Headers(t.headers);n&&r.set(""Authorization"",""Bearer "".concat(n));let o=await fetch(e,{...t,headers:r});if(!o.ok){let e=await o.json().catch(()=>({message:o.statusText}));throw new s(e.message||e.error||""Request failed"",o.status,e.code)}return o}async function d(e,t){let n=l(e||{}),r=await c("""".concat(a(),""/api/alerts"").concat(n),{},t),o=await r.json();return o.alerts&&Array.isArray(o.alerts)&&(o.alerts=o.alerts.map(e=>{var t,n,r;let o=e.proximity_settings;e.threshold&&(o={distance_points:null!==e.threshold.points&&void 0!==e.threshold.points?e.threshold.points:void 0,distance_percent:null!==e.threshold.percentage&&void 0!==e.threshold.percentage?e.threshold.percentage:void 0});let i=e.ticker||(null==(t=e.scope)?void 0:t.ticker_id)||((null==(r=e.scope)||null==(n=r.ticker_ids)?void 0:n.length)===1?e.scope.tick"
5168-9901aec5fd79d4ae.js,3151,/api/alerts,"y_settings.distance_percent;return{points:t?e.proximity_settings.distance_points:null,percentage:n?e.proximity_settings.distance_percent:null}}})(),debounce_window_minutes:e.debounce_window_minutes||(null==(s=e.debounce_settings)?void 0:s.debounce_seconds),expiration_range:e.expiration_range||1,significant_node_count:e.significant_node_count||5,custom_node_config:e.custom_node_config,webhook_url:e.webhook_url};return Object.keys(l).forEach(e=>{void 0===l[e]&&delete l[e]}),(await c("""".concat(a(),""/api/alerts""),{method:""POST"",headers:{""Content-Type"":""application/json""},body:JSON.stringify(l)},t)).json()}async function _(e,t,n){var r,o;let s={};if(t.scope?s.scope=t.scope:t.ticker&&(s.scope={type:""ticker"",ticker_id:t.ticker}),void 0!==t.name&&(s.name=t.name),void 0===t.label||t.name||(s.name=t.label),void 0!==t.description&&(s.description=t.description),void 0!==t.condition&&(s.condition=t.condition.toLowerCase()),void 0===t.trigger_condition||t.condition||(s.condition=t.trigger_condition.toLowerCase()"
5168-9901aec5fd79d4ae.js,5384,/api/alerts?alert_id=,"ce_window_minutes=t.debounce_window_minutes:void 0!==t.debounce_settings&&(s.debounce_window_minutes=t.debounce_settings.debounce_seconds),void 0!==t.expiration_range&&(s.expiration_range=t.expiration_range),void 0!==t.significant_node_count&&(s.significant_node_count=t.significant_node_count),void 0!==t.webhook_url&&(s.webhook_url=t.webhook_url),console.log(""[alerts-api] updateAlert - frontend updates:"",t),console.log(""[alerts-api] updateAlert - backend payload:"",s);let l=await c("""".concat(a(),""/api/alerts?alert_id="").concat(e),{method:""PUT"",headers:{""Content-Type"":""application/json""},body:JSON.stringify(s)},n),d=await l.json();return console.log(""[alerts-api] updateAlert - backend response:"",d),d}async function g(e,t){await c("""".concat(a(),""/api/alerts?alert_id="").concat(e),{method:""DELETE""},t)}async function p(e,t,n){let r=l({...e||{},pagination_token:n||void 0});return(await c("""".concat(a(),""/api/alert-events"").concat(r),{},t)).json()}async function h(e,t){return(await c("""".concat(a(),""/api/alerts/bulk"")"
5168-9901aec5fd79d4ae.js,5636,/api/alerts?alert_id=,"icant_node_count=t.significant_node_count),void 0!==t.webhook_url&&(s.webhook_url=t.webhook_url),console.log(""[alerts-api] updateAlert - frontend updates:"",t),console.log(""[alerts-api] updateAlert - backend payload:"",s);let l=await c("""".concat(a(),""/api/alerts?alert_id="").concat(e),{method:""PUT"",headers:{""Content-Type"":""application/json""},body:JSON.stringify(s)},n),d=await l.json();return console.log(""[alerts-api] updateAlert - backend response:"",d),d}async function g(e,t){await c("""".concat(a(),""/api/alerts?alert_id="").concat(e),{method:""DELETE""},t)}async function p(e,t,n){let r=l({...e||{},pagination_token:n||void 0});return(await c("""".concat(a(),""/api/alert-events"").concat(r),{},t)).json()}async function h(e,t){return(await c("""".concat(a(),""/api/alerts/bulk""),{method:""POST"",headers:{""Content-Type"":""application/json""},body:JSON.stringify(e)},t)).json()}async function v(e,t){return(await c("""".concat(a(),""/api/alerts/batch-update""),{method:""POST"",headers:{""Content-Type"":""application/json""},body:JSON.stringify"
5168-9901aec5fd79d4ae.js,5792,/api/alert-events,"t),console.log(""[alerts-api] updateAlert - backend payload:"",s);let l=await c("""".concat(a(),""/api/alerts?alert_id="").concat(e),{method:""PUT"",headers:{""Content-Type"":""application/json""},body:JSON.stringify(s)},n),d=await l.json();return console.log(""[alerts-api] updateAlert - backend response:"",d),d}async function g(e,t){await c("""".concat(a(),""/api/alerts?alert_id="").concat(e),{method:""DELETE""},t)}async function p(e,t,n){let r=l({...e||{},pagination_token:n||void 0});return(await c("""".concat(a(),""/api/alert-events"").concat(r),{},t)).json()}async function h(e,t){return(await c("""".concat(a(),""/api/alerts/bulk""),{method:""POST"",headers:{""Content-Type"":""application/json""},body:JSON.stringify(e)},t)).json()}async function v(e,t){return(await c("""".concat(a(),""/api/alerts/batch-update""),{method:""POST"",headers:{""Content-Type"":""application/json""},body:JSON.stringify(e)},t)).json()}async function m(e,t){return(await c("""".concat(a(),""/api/alerts/smart-setup""),{method:""POST"",headers:{""Content-Type"":""application/json""}"
5168-9901aec5fd79d4ae.js,5888,/api/alerts/bulk,"i/alerts?alert_id="").concat(e),{method:""PUT"",headers:{""Content-Type"":""application/json""},body:JSON.stringify(s)},n),d=await l.json();return console.log(""[alerts-api] updateAlert - backend response:"",d),d}async function g(e,t){await c("""".concat(a(),""/api/alerts?alert_id="").concat(e),{method:""DELETE""},t)}async function p(e,t,n){let r=l({...e||{},pagination_token:n||void 0});return(await c("""".concat(a(),""/api/alert-events"").concat(r),{},t)).json()}async function h(e,t){return(await c("""".concat(a(),""/api/alerts/bulk""),{method:""POST"",headers:{""Content-Type"":""application/json""},body:JSON.stringify(e)},t)).json()}async function v(e,t){return(await c("""".concat(a(),""/api/alerts/batch-update""),{method:""POST"",headers:{""Content-Type"":""application/json""},body:JSON.stringify(e)},t)).json()}async function m(e,t){return(await c("""".concat(a(),""/api/alerts/smart-setup""),{method:""POST"",headers:{""Content-Type"":""application/json""},body:JSON.stringify(e)},t)).json()}let f={isLoading:!1,error:null,activeTab:""active"",selectedA"
5168-9901aec5fd79d4ae.js,6053,/api/alerts/batch-update,"updateAlert - backend response:"",d),d}async function g(e,t){await c("""".concat(a(),""/api/alerts?alert_id="").concat(e),{method:""DELETE""},t)}async function p(e,t,n){let r=l({...e||{},pagination_token:n||void 0});return(await c("""".concat(a(),""/api/alert-events"").concat(r),{},t)).json()}async function h(e,t){return(await c("""".concat(a(),""/api/alerts/bulk""),{method:""POST"",headers:{""Content-Type"":""application/json""},body:JSON.stringify(e)},t)).json()}async function v(e,t){return(await c("""".concat(a(),""/api/alerts/batch-update""),{method:""POST"",headers:{""Content-Type"":""application/json""},body:JSON.stringify(e)},t)).json()}async function m(e,t){return(await c("""".concat(a(),""/api/alerts/smart-setup""),{method:""POST"",headers:{""Content-Type"":""application/json""},body:JSON.stringify(e)},t)).json()}let f={isLoading:!1,error:null,activeTab:""active"",selectedAlert:null,selectedEvent:null,alerts:[],events:[],statistics:null,authToken:null,eventsHasMore:!1,eventsPaginationToken:null,eventsTotal:0},y=(0,r.v)()((0,o.lt)((e,t)=>({...f"
5168-9901aec5fd79d4ae.js,6226,/api/alerts/smart-setup,"..e||{},pagination_token:n||void 0});return(await c("""".concat(a(),""/api/alert-events"").concat(r),{},t)).json()}async function h(e,t){return(await c("""".concat(a(),""/api/alerts/bulk""),{method:""POST"",headers:{""Content-Type"":""application/json""},body:JSON.stringify(e)},t)).json()}async function v(e,t){return(await c("""".concat(a(),""/api/alerts/batch-update""),{method:""POST"",headers:{""Content-Type"":""application/json""},body:JSON.stringify(e)},t)).json()}async function m(e,t){return(await c("""".concat(a(),""/api/alerts/smart-setup""),{method:""POST"",headers:{""Content-Type"":""application/json""},body:JSON.stringify(e)},t)).json()}let f={isLoading:!1,error:null,activeTab:""active"",selectedAlert:null,selectedEvent:null,alerts:[],events:[],statistics:null,authToken:null,eventsHasMore:!1,eventsPaginationToken:null,eventsTotal:0},y=(0,r.v)()((0,o.lt)((e,t)=>({...f,setAuthToken:t=>e(()=>({authToken:t}),!1,""setAuthToken""),setActiveTab:t=>e(()=>({activeTab:t}),!1,""setActiveTab""),setLoading:t=>e(()=>({isLoading:t}),!1,""setLoading""),setE"
589c24b9-a5f0df66608c07b4.js,13349,/api/v1,"e""===(0,l.Jz)(""HIDE_OUTPUTS""),hideMetadata:""true""===(0,l.Jz)(""HIDE_METADATA""),workspaceId:n,oauthAccessToken:r?void 0:t.oauthAccessToken,oauthRefreshToken:r?void 0:t.oauthRefreshToken,profileAuth:r?void 0:t.profileAuth}}getHostUrl(){if(this.webUrl)return this.webUrl;if((t=>{let e=t.replace(""http://"","""").replace(""https://"","""").split(""/"")[0].split("":"")[0];return""localhost""===e||""127.0.0.1""===e||""::1""===e})(this.apiUrl))return this.webUrl=""http://localhost:3000"",this.webUrl;if(this.apiUrl.endsWith(""/api/v1""))return this.webUrl=this.apiUrl.replace(""/api/v1"",""""),this.webUrl;if(this.apiUrl.includes(""/api"")&&!this.apiUrl.split(""."",1)[0].endsWith(""api""))return this.webUrl=this.apiUrl.replace(""/api"",""""),this.webUrl;if(this.apiUrl.split(""."",1)[0].includes(""dev""))return this.webUrl=""https://dev.smith.langchain.com"",this.webUrl;else if(this.apiUrl.split(""."",1)[0].includes(""eu""))return this.webUrl=""https://eu.smith.langchain.com"",this.webUrl;else if(this.apiUrl.split(""."",1)[0].includes(""aws""))return this.we"
589c24b9-a5f0df66608c07b4.js,13399,/api/v1,"==(0,l.Jz)(""HIDE_METADATA""),workspaceId:n,oauthAccessToken:r?void 0:t.oauthAccessToken,oauthRefreshToken:r?void 0:t.oauthRefreshToken,profileAuth:r?void 0:t.profileAuth}}getHostUrl(){if(this.webUrl)return this.webUrl;if((t=>{let e=t.replace(""http://"","""").replace(""https://"","""").split(""/"")[0].split("":"")[0];return""localhost""===e||""127.0.0.1""===e||""::1""===e})(this.apiUrl))return this.webUrl=""http://localhost:3000"",this.webUrl;if(this.apiUrl.endsWith(""/api/v1""))return this.webUrl=this.apiUrl.replace(""/api/v1"",""""),this.webUrl;if(this.apiUrl.includes(""/api"")&&!this.apiUrl.split(""."",1)[0].endsWith(""api""))return this.webUrl=this.apiUrl.replace(""/api"",""""),this.webUrl;if(this.apiUrl.split(""."",1)[0].includes(""dev""))return this.webUrl=""https://dev.smith.langchain.com"",this.webUrl;else if(this.apiUrl.split(""."",1)[0].includes(""eu""))return this.webUrl=""https://eu.smith.langchain.com"",this.webUrl;else if(this.apiUrl.split(""."",1)[0].includes(""aws""))return this.webUrl=""https://aws.smith.langchain.com"",this.webUrl"
6514-bd56272b2716d98c.js,384088,/api/v1,"se=void 0})),await u(this.refreshPromise,t));let r=h(this.state.profile);return this.rememberProfileAuthHeader(r),r}isProfileAuthorizationHeader(e){return e===this.managedAuthorizationValue}async refreshOAuthToken(e){let t=this.state.profile.oauth?.refresh_token;if(!t)return;let r=o(this.state.profile.api_url)??i;try{var n;let i=new URLSearchParams({grant_type:""refresh_token"",client_id:""langsmith-cli"",refresh_token:t}),s=await e(`${function(e){let t=e;for(;t.endsWith(""/"");)t=t.slice(0,-1);let r=""/api/v1"";return t.endsWith(r)?t.slice(0,-r.length):t}(r)}/oauth/token`,{method:""POST"",headers:{""Content-Type"":""application/x-www-form-urlencoded""},body:i.toString(),signal:AbortSignal.timeout(1e4)});if(!s.ok)return;let o=await s.json();if(!o.access_token)return;n=this.state.profile,n.oauth??={},o.access_token&&(n.oauth.access_token=o.access_token),o.refresh_token&&(n.oauth.refresh_token=o.refresh_token),""number""==typeof o.expires_in&&o.expires_in>0&&(n.oauth.expires_at=new Date(Date.now()+1e3*o.expires_"
6614-bb93312999c77658.js,80011,/api/early_access_features/?token=,"e_name=s.name),i&&(a.$feature_enrollment_stage=i),this._instance.capture(""$feature_enrollment_update"",a),this.setPersonPropertiesForFlags(n,!1);var o=y({},this.getFlagVariants(),{[e]:t});null==(r=this._instance.persistence)||r.register({[sc]:Object.keys(sg(o)),[eK]:o}),this.pi()}getEarlyAccessFeatures(e,t,i){void 0===t&&(t=!1);var r=this._instance.get_property(eQ),s=i?""&""+i.map(e=>""stage=""+e).join(""&""):"""";if(r&&!t)return e(r);this._instance.ci({url:this._instance.requestRouter.endpointFor(""api"",""/api/early_access_features/?token=""+this._instance.config.token+s),method:""GET"",callback:t=>{var i,r;if(t.json){var s=t.json.earlyAccessFeatures;return null==(i=this._instance.persistence)||i.unregister(eQ),null==(r=this._instance.persistence)||r.register({[eQ]:s}),e(s)}}})}gi(){var e=this.getFlags(),t=this.getFlagVariants();return{flags:e.filter(e=>t[e]),flagVariants:Object.keys(t).filter(e=>t[e]).reduce((e,i)=>(e[i]=t[i],e),{})}}pi(e){var{flags:t,flagVariants:i}=this.gi();this.featureFlagEventHandlers.forEach(r=>r(t,i,{errorsLo"
6614-bb93312999c77658.js,94234,/api/surveys/?token=,"or:e})}onSurveysLoaded(e){return this.Yi.push(e),this._surveyManager&&this.Zi({isLoaded:!0}),()=>{this.Yi=this.Yi.filter(t=>t!==e)}}getSurveys(e,t){if(void 0===t&&(t=!1),this._instance.config.disable_surveys)return sI.info(""Disabled. Not loading surveys.""),e([]);var i=this._instance.get_property(e3);if(i&&!t)return e(i,{isLoaded:!0});if(this.Ji)return e([],{isLoaded:!1,error:""Surveys are already being loaded""});try{this.Ji=!0,this._instance.ci({url:this._instance.requestRouter.endpointFor(""api"",""/api/surveys/?token=""+this._instance.config.token),method:""GET"",timeout:this._instance.config.surveys_request_timeout_ms,callback:t=>{this.Ji=!1;var i=t.statusCode;if(200!==i||!t.json){var r=""Surveys API could not be loaded, status: ""+i;return sI.error(r),e([],{isLoaded:!1,error:r})}var s,n,a=t.json.surveys||[],o=a.filter(e=>{var t,i;return!(!e.start_date||e.end_date)&&(!(null==(t=e.conditions)||null==(t=t.events)||null==(t=t.values)||!t.length)||!(null==(i=e.conditions)||null==(i=i.actions)||null==(i=i.values)||!i."
6614-bb93312999c77658.js,116853,/api/web_experiments/?token=,"0:e.search,""__experiment_variant"");t&&i&&(s6.Xe(""previewing web experiments ""+t+"" && ""+i),this.getWebExperiments(e=>{this.ir(parseInt(t),i,e)},!1,!0))}}loadIfEnabled(){this._instance.config.disable_web_experiments||this.getWebExperimentsAndEvaluateDisplayLogic()}getWebExperiments(e,t,i){if(this._instance.config.disable_web_experiments&&!i)return e([]);var r=this._instance.get_property(""$web_experiments"");if(r&&!t)return e(r);this._instance.ci({url:this._instance.requestRouter.endpointFor(""api"",""/api/web_experiments/?token=""+this._instance.config.token),method:""GET"",callback:t=>200===t.statusCode&&t.json?e(t.json.experiments||[]):e([])})}ir(e,t,i){var r=i.filter(t=>t.id===e);r&&r.length>0&&(s6.Xe(""Previewing web experiment [""+r[0].name+""] with variant [""+t+""]""),this.Ze(r[0].name,t,r[0].variants[t].transforms))}static tr(e){return!D(e.conditions)&&s6.er(e)&&s6.rr(e)}static er(e){if(D(e.conditions)||D(null==(t=e.conditions)?void 0:t.url))return!0;var t,i,r,s,n=s6.getWindowLocation();return!!n&&(null==(i=e.conditions)"
6696-f35cc60e1a8df3cf.js,13622,/api/stages,":()=>i,D1:()=>U,Eh:()=>er,Gi:()=>ee,I_:()=>Y,Ic:()=>Z,J:()=>S,Ku:()=>p,LK:()=>N,Nx:()=>d,OE:()=>f,Oo:()=>W,Pv:()=>$,QJ:()=>J,Qy:()=>y,Rx:()=>eu,Wu:()=>et,XC:()=>u,Xi:()=>b,Xp:()=>D,Yt:()=>M,Yv:()=>h,Z1:()=>V,ZG:()=>O,Zx:()=>G,_B:()=>ei,_e:()=>B,aU:()=>eo,az:()=>A,b9:()=>ec,cj:()=>a,cl:()=>x,d9:()=>I,dc:()=>j,en:()=>_,fq:()=>m,h2:()=>z,hl:()=>w,i1:()=>en,j_:()=>C,jk:()=>q,jq:()=>ea,kJ:()=>H,m5:()=>K,m9:()=>P,nP:()=>s,pV:()=>R,sY:()=>Q,tj:()=>X,tv:()=>g,u5:()=>F,v6:()=>E,xS:()=>l,yC:()=>L});let o=""/api/stages"";class a extends Error{constructor(e,t){super(e),this.name=""StagesAPIError"",this.status=t}}async function r(e,t){let n,o=arguments.length>2&&void 0!==arguments[2]?arguments[2]:{},r=new Headers(o.headers);if(t)try{let e=await t();e&&r.set(""Authorization"",""Bearer "".concat(e))}catch(e){console.warn(""[Stages API] Failed to get Clerk token:"",e)}let{body:c,...i}=o,u={...i,headers:r};void 0!==c&&(r.set(""Content-Type"",""application/json""),u.body=""string""==typeof c?c:JSON.stringify(c));try{n=await fetch(e"
6696-f35cc60e1a8df3cf.js,18964,/api/users/,"rn c(""/"".concat(t,""/clips""),e,{method:""POST"",body:n})}function $(e,t){return c(""/"".concat(t,""/polls""),e)}function ee(e,t,n){return c(""/"".concat(t,""/polls""),e,{method:""POST"",body:n})}function et(e,t,n,o){return c(""/"".concat(t,""/polls/"").concat(n,""/vote""),e,{method:""POST"",body:{option_index:o}})}function en(e,t,n){return c(""/"".concat(t,""/polls/"").concat(n,""/close""),e,{method:""POST""})}function eo(e,t,n){return c(""/"".concat(t,""/reactions""),e,{method:""POST"",body:{emoji:n}})}function ea(e,t){return r(""/api/users/"".concat(t,""/track-record""),e)}function er(e,t,n){return c(""/"".concat(t,""/tidbits/"").concat(n,""/copy""),e,{method:""POST""})}async function ec(e,t){try{return await c(""/"".concat(t,""/catch-me-up""),e)}catch(e){if(e instanceof a&&404===e.status)return{summary:""""};throw e}}function ei(e,t){return c(""/"".concat(t,""/catch-me-up""),e,{method:""POST""})}function eu(e,t,n){return c(""/"".concat(t,""/transcript?q="").concat(encodeURIComponent(n)),e)}function es(e,t){return"""".concat(o,""/"").concat(e,""/stream?token="").c"
7026-d5f1da6b0d5e5c29.js,4851,/api/ohlcv/symbols,"get(e);return n&&Date.now()-n.time<6e5?n.data:null}(t,0);if(n)return n;let a=f.get(t);if(a)return a;let l=(async()=>{let n=await d("""".concat(o,""/contracts?root="").concat(encodeURIComponent(e.toUpperCase())));if(!n.ok)throw Error(""Contracts failed ["".concat(n.status,""]""));let a=await n.json();return m.set(t,{data:a,time:Date.now()}),a})().finally(()=>{f.delete(t)});return f.set(t,l),l}async function v(e){var t;let n=new URLSearchParams;e&&n.set(""kinds"",e);let a=n.toString(),l=await d("""".concat(o,""/api/ohlcv/symbols"").concat(a?""?"".concat(a):""""));if(!l.ok)throw Error(""Chart symbols failed ["".concat(l.status,""]""));return(null!=(t=(await l.json()).symbols)?t:[]).map(e=>{var t;return{...e,displayName:null!=(t=e.displayName)?t:""VIX""===e.name?""CVIX"":void 0}})}function y(e,t){if(t<=1)return e;let n=new Map,a=60*t;for(let r of e){let e=new Date(r.time+""Z"").getTime()/1e3,o=t>=1440?(0,l.bY)(e)+""T00:00:00"":new Date(Math.floor(e/a)*a*1e3).toISOString().slice(0,19),i=n.get(o);i?(i.high=Math.max(i.high,r.high),i.low=Math"
7187-dbf517257821735b.js,9396,/api/screener/daily,",void 0!==t.maxContractSkewPct&&e.append(""max_contract_skew_pct"",t.maxContractSkewPct.toString()),!1===t.showStocks&&e.append(""show_stocks"",""false""),!1===t.showEtf&&e.append(""show_etf"",""false""),!1===t.showIndices&&e.append(""show_indices"",""false""),t.expiration&&e.append(""expiration"",t.expiration),void 0!==t.cursorPremium&&void 0!==t.cursorSymbol&&(e.append(""cursor_premium"",t.cursorPremium.toString()),e.append(""cursor_symbol"",t.cursorSymbol)),e}async function c(t,e){let n=r(t).toString();return o(""/api/screener/daily"".concat(n?""?"".concat(n):""""),e)}function s(t){var e,n,i;let a=null!=(e=t.ask_skew_pct)?e:(()=>{var e,n,i;let a=(null!=(e=t.below_ask_volume)?e:0)+(null!=(n=t.ask_volume)?n:0)+(null!=(i=t.above_ask_volume)?i:0),o=t.weekly_volume||0;return o>0?a/o*100:0})();return{last_trade_time:t.last_trade_time,raw_symbol:t.raw_symbol,ticker:t.ticker,expiration:t.expiration,strike:t.strike,right:t.right,dte:t.dte,stock_price:t.stock_price,otm_pct:null!=(n=t.otm_pct)?n:0,avg_price:t.avg_price,last_price:t.last_pr"
7187-dbf517257821735b.js,10936,/api/screener/weekly,"_pct:t.bear_pct,neutral_pct:t.neutral_pct,sweep_volume:t.sweep_volume,is_sweep:t.is_sweep,multi_leg_volume:t.multi_leg_volume,multi_pct:t.multi_pct,chain_total_volume:t.chain_total_volume,chain_bid_pct:t.chain_bid_pct,chain_ask_pct:t.chain_ask_pct,chain_bull_pct:t.chain_bull_pct,chain_bear_pct:t.chain_bear_pct,chain_neutral_pct:t.chain_neutral_pct,total_pct:null!=(i=t.total_pct)?i:0,trade_count:t.trade_count,earnings_dte:t.earnings_dte}}async function l(t,e){let n=r(t).toString();return(await o(""/api/screener/weekly"".concat(n?""?"".concat(n):""""),e)).map(s)}function m(t,e){let n=arguments.length>2&&void 0!==arguments[2]?arguments[2]:""daily"";return""weekly""===n?l(t,e):c(t,e)}async function d(t,e,n){let i=arguments.length>3&&void 0!==arguments[3]&&arguments[3],a=arguments.length>4?arguments[4]:void 0,r=arguments.length>5&&void 0!==arguments[5]&&arguments[5],c=arguments.length>6?arguments[6]:void 0,s=arguments.length>7?arguments[7]:void 0,l=new URLSearchParams({interval:e,bucket:n});return i&&l.append(""rvol"",""true"
7187-dbf517257821735b.js,11525,/api/contract/,"nts.length>2&&void 0!==arguments[2]?arguments[2]:""daily"";return""weekly""===n?l(t,e):c(t,e)}async function d(t,e,n){let i=arguments.length>3&&void 0!==arguments[3]&&arguments[3],a=arguments.length>4?arguments[4]:void 0,r=arguments.length>5&&void 0!==arguments[5]&&arguments[5],c=arguments.length>6?arguments[6]:void 0,s=arguments.length>7?arguments[7]:void 0,l=new URLSearchParams({interval:e,bucket:n});return i&&l.append(""rvol"",""true""),a&&l.append(""date"",a),r&&l.append(""exclude_multi_leg"",""true""),o(""/api/contract/"".concat(t,""/intraday?"").concat(l),c,s?{signal:s}:{})}function u(t,e,n,i){let a=e.replace(/-/g,"""").slice(2),o=String(Math.round(1e3*i)).padStart(8,""0"");return"""".concat(t,""__"").concat(a).concat(n).concat(o)}async function p(t,e,n,i){let a=new URLSearchParams;e&&a.set(""date"",e);let r=a.toString();return o(""/api/contract/"".concat(t,""/metrics"").concat(r?""?"".concat(r):""""),n,i?{signal:i}:{})}async function _(t,e,n,i){return o(""/api/contract/"".concat(t,""/since-fill?from_ts="").concat(e),n,i?{signal:i}:{}"
7187-dbf517257821735b.js,11845,/api/contract/,"guments.length>7?arguments[7]:void 0,l=new URLSearchParams({interval:e,bucket:n});return i&&l.append(""rvol"",""true""),a&&l.append(""date"",a),r&&l.append(""exclude_multi_leg"",""true""),o(""/api/contract/"".concat(t,""/intraday?"").concat(l),c,s?{signal:s}:{})}function u(t,e,n,i){let a=e.replace(/-/g,"""").slice(2),o=String(Math.round(1e3*i)).padStart(8,""0"");return"""".concat(t,""__"").concat(a).concat(n).concat(o)}async function p(t,e,n,i){let a=new URLSearchParams;e&&a.set(""date"",e);let r=a.toString();return o(""/api/contract/"".concat(t,""/metrics"").concat(r?""?"".concat(r):""""),n,i?{signal:i}:{})}async function _(t,e,n,i){return o(""/api/contract/"".concat(t,""/since-fill?from_ts="").concat(e),n,i?{signal:i}:{})}async function g(t,e,n,i,a){return o(""/api/contract/"".concat(t,""/trades?start="").concat(e,""&end="").concat(n),i,a?{signal:a}:{})}async function v(t,e,n,i,a){if(a)return o(""/api/contract/"".concat(t,""/history?limit="").concat(a.limit,""&offset="").concat(a.offset),n);if(i){let a=new Date(new Date(i+""T00:00:00Z""));a.setUTCD"
7187-dbf517257821735b.js,11871,/metrics,"[7]:void 0,l=new URLSearchParams({interval:e,bucket:n});return i&&l.append(""rvol"",""true""),a&&l.append(""date"",a),r&&l.append(""exclude_multi_leg"",""true""),o(""/api/contract/"".concat(t,""/intraday?"").concat(l),c,s?{signal:s}:{})}function u(t,e,n,i){let a=e.replace(/-/g,"""").slice(2),o=String(Math.round(1e3*i)).padStart(8,""0"");return"""".concat(t,""__"").concat(a).concat(n).concat(o)}async function p(t,e,n,i){let a=new URLSearchParams;e&&a.set(""date"",e);let r=a.toString();return o(""/api/contract/"".concat(t,""/metrics"").concat(r?""?"".concat(r):""""),n,i?{signal:i}:{})}async function _(t,e,n,i){return o(""/api/contract/"".concat(t,""/since-fill?from_ts="").concat(e),n,i?{signal:i}:{})}async function g(t,e,n,i,a){return o(""/api/contract/"".concat(t,""/trades?start="").concat(e,""&end="").concat(n),i,a?{signal:a}:{})}async function v(t,e,n,i,a){if(a)return o(""/api/contract/"".concat(t,""/history?limit="").concat(a.limit,""&offset="").concat(a.offset),n);if(i){let a=new Date(new Date(i+""T00:00:00Z""));a.setUTCDate(a.getUTCDate()-M"
7187-dbf517257821735b.js,11964,/api/contract/,"l.append(""date"",a),r&&l.append(""exclude_multi_leg"",""true""),o(""/api/contract/"".concat(t,""/intraday?"").concat(l),c,s?{signal:s}:{})}function u(t,e,n,i){let a=e.replace(/-/g,"""").slice(2),o=String(Math.round(1e3*i)).padStart(8,""0"");return"""".concat(t,""__"").concat(a).concat(n).concat(o)}async function p(t,e,n,i){let a=new URLSearchParams;e&&a.set(""date"",e);let r=a.toString();return o(""/api/contract/"".concat(t,""/metrics"").concat(r?""?"".concat(r):""""),n,i?{signal:i}:{})}async function _(t,e,n,i){return o(""/api/contract/"".concat(t,""/since-fill?from_ts="").concat(e),n,i?{signal:i}:{})}async function g(t,e,n,i,a){return o(""/api/contract/"".concat(t,""/trades?start="").concat(e,""&end="").concat(n),i,a?{signal:a}:{})}async function v(t,e,n,i,a){if(a)return o(""/api/contract/"".concat(t,""/history?limit="").concat(a.limit,""&offset="").concat(a.offset),n);if(i){let a=new Date(new Date(i+""T00:00:00Z""));a.setUTCDate(a.getUTCDate()-Math.ceil(1.5*e));let r=a.toISOString().slice(0,10);return o(""/api/contract/"".concat(t,""/history?sta"
7187-dbf517257821735b.js,12080,/api/contract/,"signal:s}:{})}function u(t,e,n,i){let a=e.replace(/-/g,"""").slice(2),o=String(Math.round(1e3*i)).padStart(8,""0"");return"""".concat(t,""__"").concat(a).concat(n).concat(o)}async function p(t,e,n,i){let a=new URLSearchParams;e&&a.set(""date"",e);let r=a.toString();return o(""/api/contract/"".concat(t,""/metrics"").concat(r?""?"".concat(r):""""),n,i?{signal:i}:{})}async function _(t,e,n,i){return o(""/api/contract/"".concat(t,""/since-fill?from_ts="").concat(e),n,i?{signal:i}:{})}async function g(t,e,n,i,a){return o(""/api/contract/"".concat(t,""/trades?start="").concat(e,""&end="").concat(n),i,a?{signal:a}:{})}async function v(t,e,n,i,a){if(a)return o(""/api/contract/"".concat(t,""/history?limit="").concat(a.limit,""&offset="").concat(a.offset),n);if(i){let a=new Date(new Date(i+""T00:00:00Z""));a.setUTCDate(a.getUTCDate()-Math.ceil(1.5*e));let r=a.toISOString().slice(0,10);return o(""/api/contract/"".concat(t,""/history?start_date="").concat(r,""&end_date="").concat(i),n)}return o(""/api/contract/"".concat(t,""/history?days="").concat(e),n)}asy"
7187-dbf517257821735b.js,12213,/api/contract/,""").concat(a).concat(n).concat(o)}async function p(t,e,n,i){let a=new URLSearchParams;e&&a.set(""date"",e);let r=a.toString();return o(""/api/contract/"".concat(t,""/metrics"").concat(r?""?"".concat(r):""""),n,i?{signal:i}:{})}async function _(t,e,n,i){return o(""/api/contract/"".concat(t,""/since-fill?from_ts="").concat(e),n,i?{signal:i}:{})}async function g(t,e,n,i,a){return o(""/api/contract/"".concat(t,""/trades?start="").concat(e,""&end="").concat(n),i,a?{signal:a}:{})}async function v(t,e,n,i,a){if(a)return o(""/api/contract/"".concat(t,""/history?limit="").concat(a.limit,""&offset="").concat(a.offset),n);if(i){let a=new Date(new Date(i+""T00:00:00Z""));a.setUTCDate(a.getUTCDate()-Math.ceil(1.5*e));let r=a.toISOString().slice(0,10);return o(""/api/contract/"".concat(t,""/history?start_date="").concat(r,""&end_date="").concat(i),n)}return o(""/api/contract/"".concat(t,""/history?days="").concat(e),n)}async function h(t){let e=arguments.length>1&&void 0!==arguments[1]?arguments[1]:20,n=arguments.length>2?arguments[2]:void 0,i=arguments"
7187-dbf517257821735b.js,12441,/api/contract/,"on _(t,e,n,i){return o(""/api/contract/"".concat(t,""/since-fill?from_ts="").concat(e),n,i?{signal:i}:{})}async function g(t,e,n,i,a){return o(""/api/contract/"".concat(t,""/trades?start="").concat(e,""&end="").concat(n),i,a?{signal:a}:{})}async function v(t,e,n,i,a){if(a)return o(""/api/contract/"".concat(t,""/history?limit="").concat(a.limit,""&offset="").concat(a.offset),n);if(i){let a=new Date(new Date(i+""T00:00:00Z""));a.setUTCDate(a.getUTCDate()-Math.ceil(1.5*e));let r=a.toISOString().slice(0,10);return o(""/api/contract/"".concat(t,""/history?start_date="").concat(r,""&end_date="").concat(i),n)}return o(""/api/contract/"".concat(t,""/history?days="").concat(e),n)}async function h(t){let e=arguments.length>1&&void 0!==arguments[1]?arguments[1]:20,n=arguments.length>2?arguments[2]:void 0,i=arguments.length>3?arguments[3]:void 0,a=new URLSearchParams({q:t,limit:String(e)});return o(""/api/contracts/lookup?"".concat(a),n,i?{signal:i}:{})}async function S(t,e,n){let i=new URLSearchParams({ticker:t});return o(""/api/contracts/cha"
7187-dbf517257821735b.js,12536,/api/contract/,"i}:{})}async function g(t,e,n,i,a){return o(""/api/contract/"".concat(t,""/trades?start="").concat(e,""&end="").concat(n),i,a?{signal:a}:{})}async function v(t,e,n,i,a){if(a)return o(""/api/contract/"".concat(t,""/history?limit="").concat(a.limit,""&offset="").concat(a.offset),n);if(i){let a=new Date(new Date(i+""T00:00:00Z""));a.setUTCDate(a.getUTCDate()-Math.ceil(1.5*e));let r=a.toISOString().slice(0,10);return o(""/api/contract/"".concat(t,""/history?start_date="").concat(r,""&end_date="").concat(i),n)}return o(""/api/contract/"".concat(t,""/history?days="").concat(e),n)}async function h(t){let e=arguments.length>1&&void 0!==arguments[1]?arguments[1]:20,n=arguments.length>2?arguments[2]:void 0,i=arguments.length>3?arguments[3]:void 0,a=new URLSearchParams({q:t,limit:String(e)});return o(""/api/contracts/lookup?"".concat(a),n,i?{signal:i}:{})}async function S(t,e,n){let i=new URLSearchParams({ticker:t});return o(""/api/contracts/chain?"".concat(i),e,n?{signal:n}:{})}async function w(t,e){let n=arguments.length>2&&void 0!==argu"
7187-dbf517257821735b.js,12813,/api/contracts/lookup?,"t a=new Date(new Date(i+""T00:00:00Z""));a.setUTCDate(a.getUTCDate()-Math.ceil(1.5*e));let r=a.toISOString().slice(0,10);return o(""/api/contract/"".concat(t,""/history?start_date="").concat(r,""&end_date="").concat(i),n)}return o(""/api/contract/"".concat(t,""/history?days="").concat(e),n)}async function h(t){let e=arguments.length>1&&void 0!==arguments[1]?arguments[1]:20,n=arguments.length>2?arguments[2]:void 0,i=arguments.length>3?arguments[3]:void 0,a=new URLSearchParams({q:t,limit:String(e)});return o(""/api/contracts/lookup?"".concat(a),n,i?{signal:i}:{})}async function S(t,e,n){let i=new URLSearchParams({ticker:t});return o(""/api/contracts/chain?"".concat(i),e,n?{signal:n}:{})}async function w(t,e){let n=arguments.length>2&&void 0!==arguments[2]?arguments[2]:15,i=arguments.length>3?arguments[3]:void 0,a=arguments.length>4&&void 0!==arguments[4]&&arguments[4],r=arguments.length>5&&void 0!==arguments[5]?arguments[5]:1,c=new URLSearchParams({ticker:t,limit:String(n)});return a&&c.set(""single_leg_only"",""true""),r>1&&c.set"
7187-dbf517257821735b.js,12938,/api/contracts/chain?,"o(""/api/contract/"".concat(t,""/history?start_date="").concat(r,""&end_date="").concat(i),n)}return o(""/api/contract/"".concat(t,""/history?days="").concat(e),n)}async function h(t){let e=arguments.length>1&&void 0!==arguments[1]?arguments[1]:20,n=arguments.length>2?arguments[2]:void 0,i=arguments.length>3?arguments[3]:void 0,a=new URLSearchParams({q:t,limit:String(e)});return o(""/api/contracts/lookup?"".concat(a),n,i?{signal:i}:{})}async function S(t,e,n){let i=new URLSearchParams({ticker:t});return o(""/api/contracts/chain?"".concat(i),e,n?{signal:n}:{})}async function w(t,e){let n=arguments.length>2&&void 0!==arguments[2]?arguments[2]:15,i=arguments.length>3?arguments[3]:void 0,a=arguments.length>4&&void 0!==arguments[4]&&arguments[4],r=arguments.length>5&&void 0!==arguments[5]?arguments[5]:1,c=new URLSearchParams({ticker:t,limit:String(n)});return a&&c.set(""single_leg_only"",""true""),r>1&&c.set(""days"",String(r)),o(""/api/contracts/top?"".concat(c),e,i?{signal:i}:{})}async function y(t,e,n){let i=arguments.length>3&&vo"
7187-dbf517257821735b.js,13358,/api/contracts/top?,"l:i}:{})}async function S(t,e,n){let i=new URLSearchParams({ticker:t});return o(""/api/contracts/chain?"".concat(i),e,n?{signal:n}:{})}async function w(t,e){let n=arguments.length>2&&void 0!==arguments[2]?arguments[2]:15,i=arguments.length>3?arguments[3]:void 0,a=arguments.length>4&&void 0!==arguments[4]&&arguments[4],r=arguments.length>5&&void 0!==arguments[5]?arguments[5]:1,c=new URLSearchParams({ticker:t,limit:String(n)});return a&&c.set(""single_leg_only"",""true""),r>1&&c.set(""days"",String(r)),o(""/api/contracts/top?"".concat(c),e,i?{signal:i}:{})}async function y(t,e,n){let i=arguments.length>3&&void 0!==arguments[3]&&arguments[3],a=arguments.length>4?arguments[4]:void 0,r=arguments.length>5&&void 0!==arguments[5]&&arguments[5],c=arguments.length>6?arguments[6]:void 0,s=arguments.length>7?arguments[7]:void 0,l=new URLSearchParams({interval:e,bucket:n});return i&&l.append(""rvol"",""true""),a&&l.append(""date"",a),r&&l.append(""exclude_multi_leg"",""true""),o(""/api/underlying/"".concat(t,""/intraday?"").concat(l),c,s?{sig"
7187-dbf517257821735b.js,13819,/api/underlying/,"""true""),r>1&&c.set(""days"",String(r)),o(""/api/contracts/top?"".concat(c),e,i?{signal:i}:{})}async function y(t,e,n){let i=arguments.length>3&&void 0!==arguments[3]&&arguments[3],a=arguments.length>4?arguments[4]:void 0,r=arguments.length>5&&void 0!==arguments[5]&&arguments[5],c=arguments.length>6?arguments[6]:void 0,s=arguments.length>7?arguments[7]:void 0,l=new URLSearchParams({interval:e,bucket:n});return i&&l.append(""rvol"",""true""),a&&l.append(""date"",a),r&&l.append(""exclude_multi_leg"",""true""),o(""/api/underlying/"".concat(t,""/intraday?"").concat(l),c,s?{signal:s}:{})}async function f(t,e,n,i){let a=new URLSearchParams;e&&a.set(""date"",e);let r=a.toString();return o(""/api/underlying/"".concat(t,""/metrics"").concat(r?""?"".concat(r):""""),n,i?{signal:i}:{})}async function k(){let t=arguments.length>0&&void 0!==arguments[0]?arguments[0]:{},e=arguments.length>1?arguments[1]:void 0,n=arguments.length>2?arguments[2]:void 0,i=new URLSearchParams;null!=t.days&&i.set(""days"",String(t.days)),null!=t.limit&&i.set(""limit"",Str"
7187-dbf517257821735b.js,13989,/api/underlying/,"ts[3],a=arguments.length>4?arguments[4]:void 0,r=arguments.length>5&&void 0!==arguments[5]&&arguments[5],c=arguments.length>6?arguments[6]:void 0,s=arguments.length>7?arguments[7]:void 0,l=new URLSearchParams({interval:e,bucket:n});return i&&l.append(""rvol"",""true""),a&&l.append(""date"",a),r&&l.append(""exclude_multi_leg"",""true""),o(""/api/underlying/"".concat(t,""/intraday?"").concat(l),c,s?{signal:s}:{})}async function f(t,e,n,i){let a=new URLSearchParams;e&&a.set(""date"",e);let r=a.toString();return o(""/api/underlying/"".concat(t,""/metrics"").concat(r?""?"".concat(r):""""),n,i?{signal:i}:{})}async function k(){let t=arguments.length>0&&void 0!==arguments[0]?arguments[0]:{},e=arguments.length>1?arguments[1]:void 0,n=arguments.length>2?arguments[2]:void 0,i=new URLSearchParams;null!=t.days&&i.set(""days"",String(t.days)),null!=t.limit&&i.set(""limit"",String(t.limit)),null!=t.minPremium&&i.set(""min_premium"",String(t.minPremium));let a=i.toString()?""?"".concat(i.toString()):"""";return o(""/api/calendar/earnings"".concat(a),e,n"
7187-dbf517257821735b.js,14017,/metrics,"rguments[4]:void 0,r=arguments.length>5&&void 0!==arguments[5]&&arguments[5],c=arguments.length>6?arguments[6]:void 0,s=arguments.length>7?arguments[7]:void 0,l=new URLSearchParams({interval:e,bucket:n});return i&&l.append(""rvol"",""true""),a&&l.append(""date"",a),r&&l.append(""exclude_multi_leg"",""true""),o(""/api/underlying/"".concat(t,""/intraday?"").concat(l),c,s?{signal:s}:{})}async function f(t,e,n,i){let a=new URLSearchParams;e&&a.set(""date"",e);let r=a.toString();return o(""/api/underlying/"".concat(t,""/metrics"").concat(r?""?"".concat(r):""""),n,i?{signal:i}:{})}async function k(){let t=arguments.length>0&&void 0!==arguments[0]?arguments[0]:{},e=arguments.length>1?arguments[1]:void 0,n=arguments.length>2?arguments[2]:void 0,i=new URLSearchParams;null!=t.days&&i.set(""days"",String(t.days)),null!=t.limit&&i.set(""limit"",String(t.limit)),null!=t.minPremium&&i.set(""min_premium"",String(t.minPremium));let a=i.toString()?""?"".concat(i.toString()):"""";return o(""/api/calendar/earnings"".concat(a),e,n?{signal:n}:{})}asyn"
7187-dbf517257821735b.js,14469,/api/calendar/earnings,"toString();return o(""/api/underlying/"".concat(t,""/metrics"").concat(r?""?"".concat(r):""""),n,i?{signal:i}:{})}async function k(){let t=arguments.length>0&&void 0!==arguments[0]?arguments[0]:{},e=arguments.length>1?arguments[1]:void 0,n=arguments.length>2?arguments[2]:void 0,i=new URLSearchParams;null!=t.days&&i.set(""days"",String(t.days)),null!=t.limit&&i.set(""limit"",String(t.limit)),null!=t.minPremium&&i.set(""min_premium"",String(t.minPremium));let a=i.toString()?""?"".concat(i.toString()):"""";return o(""/api/calendar/earnings"".concat(a),e,n?{signal:n}:{})}async function x(t,e,n,i,a,r){var c;let s=new URLSearchParams({start:String(e),end:String(n)});return(null==r?void 0:r.excludeMultiLeg)&&s.set(""exclude_multi_leg"",""true""),(null==r?void 0:r.moneyness)&&s.set(""moneyness"",r.moneyness),(null==r?void 0:r.minDte)!=null&&s.set(""min_dte"",String(r.minDte)),(null==r?void 0:r.maxDte)!=null&&s.set(""max_dte"",String(r.maxDte)),(null==r?void 0:r.minPremium)!=null&&s.set(""min_premium"",String(r.minPremium)),s.set(""limit"",String(null"
7187-dbf517257821735b.js,15032,/api/underlying/,"ction x(t,e,n,i,a,r){var c;let s=new URLSearchParams({start:String(e),end:String(n)});return(null==r?void 0:r.excludeMultiLeg)&&s.set(""exclude_multi_leg"",""true""),(null==r?void 0:r.moneyness)&&s.set(""moneyness"",r.moneyness),(null==r?void 0:r.minDte)!=null&&s.set(""min_dte"",String(r.minDte)),(null==r?void 0:r.maxDte)!=null&&s.set(""max_dte"",String(r.maxDte)),(null==r?void 0:r.minPremium)!=null&&s.set(""min_premium"",String(r.minPremium)),s.set(""limit"",String(null!=(c=null==r?void 0:r.limit)?c:500)),o(""/api/underlying/"".concat(t,""/trades?"").concat(s),i,a?{signal:a}:{})}async function P(t,e,n,i,a,r,c){let s=new URLSearchParams({start:String(e),end:String(n),bucket:i});return(null==a?void 0:a.singleLegOnly)&&s.set(""single_leg_only"",""true""),(null==a?void 0:a.multiLegOnly)&&s.set(""multi_leg_only"",""true""),(null==a?void 0:a.moneyness)&&s.set(""moneyness"",a.moneyness),(null==a?void 0:a.showItm)===!1&&s.set(""show_itm"",""false""),(null==a?void 0:a.showAtm)===!1&&s.set(""show_atm"",""false""),(null==a?void 0:a.showOtm)===!1&&s"
7187-dbf517257821735b.js,16388,/api/underlying/,"FlowScore)!=null&&s.set(""abs_min_flow_score"",String(a.minFlowScore)),(null==a?void 0:a.askSideOnly)&&s.set(""ask_side_only"",""true""),(null==a?void 0:a.showBid)===!1&&s.set(""show_bid"",""false""),(null==a?void 0:a.showMid)===!1&&s.set(""show_mid"",""false""),(null==a?void 0:a.showAsk)===!1&&s.set(""show_ask"",""false""),(null==a?void 0:a.sweepOnly)&&s.set(""sweep_only"",""true""),(null==a?void 0:a.showSweep)===!1&&s.set(""show_sweep"",""false""),(null==a?void 0:a.showNonSweep)===!1&&s.set(""show_non_sweep"",""false""),o(""/api/underlying/"".concat(encodeURIComponent(t),""/flow-bars?"").concat(s),r,c?{signal:c}:{})}async function b(t,e,n,i,a,r,c){let s=new URLSearchParams({bucket_start:String(e),bucket_end:String(n)});return null!=a&&s.set(""top_n"",String(a)),(null==i?void 0:i.singleLegOnly)&&s.set(""single_leg_only"",""true""),(null==i?void 0:i.multiLegOnly)&&s.set(""multi_leg_only"",""true""),(null==i?void 0:i.moneyness)&&s.set(""moneyness"",i.moneyness),(null==i?void 0:i.showItm)===!1&&s.set(""show_itm"",""false""),(null==i?void 0:i.showAtm)===!"
7187-dbf517257821735b.js,17807,/api/underlying/,"FlowScore)!=null&&s.set(""abs_min_flow_score"",String(i.minFlowScore)),(null==i?void 0:i.askSideOnly)&&s.set(""ask_side_only"",""true""),(null==i?void 0:i.showBid)===!1&&s.set(""show_bid"",""false""),(null==i?void 0:i.showMid)===!1&&s.set(""show_mid"",""false""),(null==i?void 0:i.showAsk)===!1&&s.set(""show_ask"",""false""),(null==i?void 0:i.sweepOnly)&&s.set(""sweep_only"",""true""),(null==i?void 0:i.showSweep)===!1&&s.set(""show_sweep"",""false""),(null==i?void 0:i.showNonSweep)===!1&&s.set(""show_non_sweep"",""false""),o(""/api/underlying/"".concat(encodeURIComponent(t),""/flow-bar-details?"").concat(s),r,c?{signal:c}:{})}async function C(t,e,n,i,a){let r=new URLSearchParams({interval:e});return n&&""all""!==n&&r.append(""dte_filter"",n),a&&r.append(""date"",a),o(""/api/underlying/"".concat(t,""/distribution?"").concat(r),i)}async function U(t,e,n,i,a,r){let c=new URLSearchParams({interval:n});return i&&""all""!==i&&c.append(""dte_filter"",i),r&&c.append(""date"",r),o(""/api/underlying/"".concat(t,""/strike/"").concat(e,""/expirations?"").concat(c),a)}asy"
7187-dbf517257821735b.js,18044,/api/underlying/,"d"",""false""),(null==i?void 0:i.showAsk)===!1&&s.set(""show_ask"",""false""),(null==i?void 0:i.sweepOnly)&&s.set(""sweep_only"",""true""),(null==i?void 0:i.showSweep)===!1&&s.set(""show_sweep"",""false""),(null==i?void 0:i.showNonSweep)===!1&&s.set(""show_non_sweep"",""false""),o(""/api/underlying/"".concat(encodeURIComponent(t),""/flow-bar-details?"").concat(s),r,c?{signal:c}:{})}async function C(t,e,n,i,a){let r=new URLSearchParams({interval:e});return n&&""all""!==n&&r.append(""dte_filter"",n),a&&r.append(""date"",a),o(""/api/underlying/"".concat(t,""/distribution?"").concat(r),i)}async function U(t,e,n,i,a,r){let c=new URLSearchParams({interval:n});return i&&""all""!==i&&c.append(""dte_filter"",i),r&&c.append(""date"",r),o(""/api/underlying/"".concat(t,""/strike/"").concat(e,""/expirations?"").concat(c),a)}async function O(t,e,n,i,a,r){let c=new URLSearchParams({interval:e});return n&&c.append(""date"",n),i&&c.append(""exclude_multi_leg"",""true""),o(""/api/underlying/"".concat(t,""/net-premium?"").concat(c),a,r?{signal:r}:{})}async function R(t){retur"
7187-dbf517257821735b.js,18243,/api/underlying/,"?void 0:i.showNonSweep)===!1&&s.set(""show_non_sweep"",""false""),o(""/api/underlying/"".concat(encodeURIComponent(t),""/flow-bar-details?"").concat(s),r,c?{signal:c}:{})}async function C(t,e,n,i,a){let r=new URLSearchParams({interval:e});return n&&""all""!==n&&r.append(""dte_filter"",n),a&&r.append(""date"",a),o(""/api/underlying/"".concat(t,""/distribution?"").concat(r),i)}async function U(t,e,n,i,a,r){let c=new URLSearchParams({interval:n});return i&&""all""!==i&&c.append(""dte_filter"",i),r&&c.append(""date"",r),o(""/api/underlying/"".concat(t,""/strike/"").concat(e,""/expirations?"").concat(c),a)}async function O(t,e,n,i,a,r){let c=new URLSearchParams({interval:e});return n&&c.append(""date"",n),i&&c.append(""exclude_multi_leg"",""true""),o(""/api/underlying/"".concat(t,""/net-premium?"").concat(c),a,r?{signal:r}:{})}async function R(t){return o(""/api/opra-agreement"",t)}async function L(t,e){return o(""/api/opra-agreement"",e,{method:""POST"",headers:{""Content-Type"":""application/json""},body:JSON.stringify(t)})}async function T(t,e){return o("
7187-dbf517257821735b.js,18463,/api/underlying/,"terval:e});return n&&""all""!==n&&r.append(""dte_filter"",n),a&&r.append(""date"",a),o(""/api/underlying/"".concat(t,""/distribution?"").concat(r),i)}async function U(t,e,n,i,a,r){let c=new URLSearchParams({interval:n});return i&&""all""!==i&&c.append(""dte_filter"",i),r&&c.append(""date"",r),o(""/api/underlying/"".concat(t,""/strike/"").concat(e,""/expirations?"").concat(c),a)}async function O(t,e,n,i,a,r){let c=new URLSearchParams({interval:e});return n&&c.append(""date"",n),i&&c.append(""exclude_multi_leg"",""true""),o(""/api/underlying/"".concat(t,""/net-premium?"").concat(c),a,r?{signal:r}:{})}async function R(t){return o(""/api/opra-agreement"",t)}async function L(t,e){return o(""/api/opra-agreement"",e,{method:""POST"",headers:{""Content-Type"":""application/json""},body:JSON.stringify(t)})}async function T(t,e){return o(""/api/preferences?user_id="".concat(encodeURIComponent(t)),e)}async function I(t,e,n){return o(""/api/preferences"",n,{method:""PUT"",headers:{""Content-Type"":""application/json""},body:JSON.stringify({user_id:t,preferences:e})}"
7187-dbf517257821735b.js,18566,/api/opra-agreement,"cat(t,""/distribution?"").concat(r),i)}async function U(t,e,n,i,a,r){let c=new URLSearchParams({interval:n});return i&&""all""!==i&&c.append(""dte_filter"",i),r&&c.append(""date"",r),o(""/api/underlying/"".concat(t,""/strike/"").concat(e,""/expirations?"").concat(c),a)}async function O(t,e,n,i,a,r){let c=new URLSearchParams({interval:e});return n&&c.append(""date"",n),i&&c.append(""exclude_multi_leg"",""true""),o(""/api/underlying/"".concat(t,""/net-premium?"").concat(c),a,r?{signal:r}:{})}async function R(t){return o(""/api/opra-agreement"",t)}async function L(t,e){return o(""/api/opra-agreement"",e,{method:""POST"",headers:{""Content-Type"":""application/json""},body:JSON.stringify(t)})}async function T(t,e){return o(""/api/preferences?user_id="".concat(encodeURIComponent(t)),e)}async function I(t,e,n){return o(""/api/preferences"",n,{method:""PUT"",headers:{""Content-Type"":""application/json""},body:JSON.stringify({user_id:t,preferences:e})})}async function D(t,e){return o(""/api/keys"",e,{method:""POST"",headers:{""Content-Type"":""application/json""},"
7187-dbf517257821735b.js,18622,/api/opra-agreement,"e,n,i,a,r){let c=new URLSearchParams({interval:n});return i&&""all""!==i&&c.append(""dte_filter"",i),r&&c.append(""date"",r),o(""/api/underlying/"".concat(t,""/strike/"").concat(e,""/expirations?"").concat(c),a)}async function O(t,e,n,i,a,r){let c=new URLSearchParams({interval:e});return n&&c.append(""date"",n),i&&c.append(""exclude_multi_leg"",""true""),o(""/api/underlying/"".concat(t,""/net-premium?"").concat(c),a,r?{signal:r}:{})}async function R(t){return o(""/api/opra-agreement"",t)}async function L(t,e){return o(""/api/opra-agreement"",e,{method:""POST"",headers:{""Content-Type"":""application/json""},body:JSON.stringify(t)})}async function T(t,e){return o(""/api/preferences?user_id="".concat(encodeURIComponent(t)),e)}async function I(t,e,n){return o(""/api/preferences"",n,{method:""PUT"",headers:{""Content-Type"":""application/json""},body:JSON.stringify({user_id:t,preferences:e})})}async function D(t,e){return o(""/api/keys"",e,{method:""POST"",headers:{""Content-Type"":""application/json""},body:JSON.stringify({name:t})})}async function A(t){retu"
7187-dbf517257821735b.js,18761,/api/preferences?user_id=,".concat(t,""/strike/"").concat(e,""/expirations?"").concat(c),a)}async function O(t,e,n,i,a,r){let c=new URLSearchParams({interval:e});return n&&c.append(""date"",n),i&&c.append(""exclude_multi_leg"",""true""),o(""/api/underlying/"".concat(t,""/net-premium?"").concat(c),a,r?{signal:r}:{})}async function R(t){return o(""/api/opra-agreement"",t)}async function L(t,e){return o(""/api/opra-agreement"",e,{method:""POST"",headers:{""Content-Type"":""application/json""},body:JSON.stringify(t)})}async function T(t,e){return o(""/api/preferences?user_id="".concat(encodeURIComponent(t)),e)}async function I(t,e,n){return o(""/api/preferences"",n,{method:""PUT"",headers:{""Content-Type"":""application/json""},body:JSON.stringify({user_id:t,preferences:e})})}async function D(t,e){return o(""/api/keys"",e,{method:""POST"",headers:{""Content-Type"":""application/json""},body:JSON.stringify({name:t})})}async function A(t){return o(""/api/keys"",t)}async function E(t,e){return o(""/api/keys/"".concat(encodeURIComponent(t)),e,{method:""DELETE""})}function N(t){var e,n;return"""""
7187-dbf517257821735b.js,18855,/api/preferences,"c=new URLSearchParams({interval:e});return n&&c.append(""date"",n),i&&c.append(""exclude_multi_leg"",""true""),o(""/api/underlying/"".concat(t,""/net-premium?"").concat(c),a,r?{signal:r}:{})}async function R(t){return o(""/api/opra-agreement"",t)}async function L(t,e){return o(""/api/opra-agreement"",e,{method:""POST"",headers:{""Content-Type"":""application/json""},body:JSON.stringify(t)})}async function T(t,e){return o(""/api/preferences?user_id="".concat(encodeURIComponent(t)),e)}async function I(t,e,n){return o(""/api/preferences"",n,{method:""PUT"",headers:{""Content-Type"":""application/json""},body:JSON.stringify({user_id:t,preferences:e})})}async function D(t,e){return o(""/api/keys"",e,{method:""POST"",headers:{""Content-Type"":""application/json""},body:JSON.stringify({name:t})})}async function A(t){return o(""/api/keys"",t)}async function E(t,e){return o(""/api/keys/"".concat(encodeURIComponent(t)),e,{method:""DELETE""})}function N(t){var e,n;return"""".concat(null!=(e=t._ts_event)?e:0,""_"").concat(null!=(n=t._raw_symbol)?n:t.ticker)}asy"
7187-dbf517257821735b.js,19014,/api/keys,"(c),a,r?{signal:r}:{})}async function R(t){return o(""/api/opra-agreement"",t)}async function L(t,e){return o(""/api/opra-agreement"",e,{method:""POST"",headers:{""Content-Type"":""application/json""},body:JSON.stringify(t)})}async function T(t,e){return o(""/api/preferences?user_id="".concat(encodeURIComponent(t)),e)}async function I(t,e,n){return o(""/api/preferences"",n,{method:""PUT"",headers:{""Content-Type"":""application/json""},body:JSON.stringify({user_id:t,preferences:e})})}async function D(t,e){return o(""/api/keys"",e,{method:""POST"",headers:{""Content-Type"":""application/json""},body:JSON.stringify({name:t})})}async function A(t){return o(""/api/keys"",t)}async function E(t,e){return o(""/api/keys/"".concat(encodeURIComponent(t)),e,{method:""DELETE""})}function N(t){var e,n;return"""".concat(null!=(e=t._ts_event)?e:0,""_"").concat(null!=(n=t._raw_symbol)?n:t.ticker)}async function B(t){return(await o(""/api/saved-trades"",t)).trades}async function j(t,e,n){await o(""/api/saved-trades"",e,{method:""POST"",headers:{""Content-Ty"
7187-dbf517257821735b.js,19148,/api/keys,"ethod:""POST"",headers:{""Content-Type"":""application/json""},body:JSON.stringify(t)})}async function T(t,e){return o(""/api/preferences?user_id="".concat(encodeURIComponent(t)),e)}async function I(t,e,n){return o(""/api/preferences"",n,{method:""PUT"",headers:{""Content-Type"":""application/json""},body:JSON.stringify({user_id:t,preferences:e})})}async function D(t,e){return o(""/api/keys"",e,{method:""POST"",headers:{""Content-Type"":""application/json""},body:JSON.stringify({name:t})})}async function A(t){return o(""/api/keys"",t)}async function E(t,e){return o(""/api/keys/"".concat(encodeURIComponent(t)),e,{method:""DELETE""})}function N(t){var e,n;return"""".concat(null!=(e=t._ts_event)?e:0,""_"").concat(null!=(n=t._raw_symbol)?n:t.ticker)}async function B(t){return(await o(""/api/saved-trades"",t)).trades}async function j(t,e,n){await o(""/api/saved-trades"",e,{method:""POST"",headers:{""Content-Type"":""application/json""},body:JSON.stringify({trade_key:null!=n?n:N(t),trade_data:t})})}async function M(t,e){await o(""/api/saved-trade"
7187-dbf517257821735b.js,19194,/api/keys/,"ion/json""},body:JSON.stringify(t)})}async function T(t,e){return o(""/api/preferences?user_id="".concat(encodeURIComponent(t)),e)}async function I(t,e,n){return o(""/api/preferences"",n,{method:""PUT"",headers:{""Content-Type"":""application/json""},body:JSON.stringify({user_id:t,preferences:e})})}async function D(t,e){return o(""/api/keys"",e,{method:""POST"",headers:{""Content-Type"":""application/json""},body:JSON.stringify({name:t})})}async function A(t){return o(""/api/keys"",t)}async function E(t,e){return o(""/api/keys/"".concat(encodeURIComponent(t)),e,{method:""DELETE""})}function N(t){var e,n;return"""".concat(null!=(e=t._ts_event)?e:0,""_"").concat(null!=(n=t._raw_symbol)?n:t.ticker)}async function B(t){return(await o(""/api/saved-trades"",t)).trades}async function j(t,e,n){await o(""/api/saved-trades"",e,{method:""POST"",headers:{""Content-Type"":""application/json""},body:JSON.stringify({trade_key:null!=n?n:N(t),trade_data:t})})}async function M(t,e){await o(""/api/saved-trades/"".concat(encodeURIComponent(t)),e,{method:""DE"
7187-dbf517257821735b.js,19405,/api/saved-trades,"nt-Type"":""application/json""},body:JSON.stringify({user_id:t,preferences:e})})}async function D(t,e){return o(""/api/keys"",e,{method:""POST"",headers:{""Content-Type"":""application/json""},body:JSON.stringify({name:t})})}async function A(t){return o(""/api/keys"",t)}async function E(t,e){return o(""/api/keys/"".concat(encodeURIComponent(t)),e,{method:""DELETE""})}function N(t){var e,n;return"""".concat(null!=(e=t._ts_event)?e:0,""_"").concat(null!=(n=t._raw_symbol)?n:t.ticker)}async function B(t){return(await o(""/api/saved-trades"",t)).trades}async function j(t,e,n){await o(""/api/saved-trades"",e,{method:""POST"",headers:{""Content-Type"":""application/json""},body:JSON.stringify({trade_key:null!=n?n:N(t),trade_data:t})})}async function M(t,e){await o(""/api/saved-trades/"".concat(encodeURIComponent(t)),e,{method:""DELETE""})}function J(t){let e=t.right.trim().toUpperCase().startsWith(""P"")?""P"":""C"",n=t.strike.toFixed(3).replace(/0+$/,"""").replace(/\.$/,"""");return"""".concat(t.ticker.toUpperCase(),"":"").concat(t.expiration,"":"").concat(n,"""
7187-dbf517257821735b.js,19468,/api/saved-trades,"ferences:e})})}async function D(t,e){return o(""/api/keys"",e,{method:""POST"",headers:{""Content-Type"":""application/json""},body:JSON.stringify({name:t})})}async function A(t){return o(""/api/keys"",t)}async function E(t,e){return o(""/api/keys/"".concat(encodeURIComponent(t)),e,{method:""DELETE""})}function N(t){var e,n;return"""".concat(null!=(e=t._ts_event)?e:0,""_"").concat(null!=(n=t._raw_symbol)?n:t.ticker)}async function B(t){return(await o(""/api/saved-trades"",t)).trades}async function j(t,e,n){await o(""/api/saved-trades"",e,{method:""POST"",headers:{""Content-Type"":""application/json""},body:JSON.stringify({trade_key:null!=n?n:N(t),trade_data:t})})}async function M(t,e){await o(""/api/saved-trades/"".concat(encodeURIComponent(t)),e,{method:""DELETE""})}function J(t){let e=t.right.trim().toUpperCase().startsWith(""P"")?""P"":""C"",n=t.strike.toFixed(3).replace(/0+$/,"""").replace(/\.$/,"""");return"""".concat(t.ticker.toUpperCase(),"":"").concat(t.expiration,"":"").concat(n,"":"").concat(e)}async function F(t){return(await o(""/api/tracked-"
7187-dbf517257821735b.js,19642,/api/saved-trades/,"urn o(""/api/keys"",t)}async function E(t,e){return o(""/api/keys/"".concat(encodeURIComponent(t)),e,{method:""DELETE""})}function N(t){var e,n;return"""".concat(null!=(e=t._ts_event)?e:0,""_"").concat(null!=(n=t._raw_symbol)?n:t.ticker)}async function B(t){return(await o(""/api/saved-trades"",t)).trades}async function j(t,e,n){await o(""/api/saved-trades"",e,{method:""POST"",headers:{""Content-Type"":""application/json""},body:JSON.stringify({trade_key:null!=n?n:N(t),trade_data:t})})}async function M(t,e){await o(""/api/saved-trades/"".concat(encodeURIComponent(t)),e,{method:""DELETE""})}function J(t){let e=t.right.trim().toUpperCase().startsWith(""P"")?""P"":""C"",n=t.strike.toFixed(3).replace(/0+$/,"""").replace(/\.$/,"""");return"""".concat(t.ticker.toUpperCase(),"":"").concat(t.expiration,"":"").concat(n,"":"").concat(e)}async function F(t){return(await o(""/api/tracked-contracts"",t)).contracts}async function V(t,e){return(await o(""/api/tracked-contracts"",e,{method:""POST"",headers:{""Content-Type"":""application/json""},body:JSON.stringify(t)})).c"
7187-dbf517257821735b.js,19973,/api/tracked-contracts,"/saved-trades"",e,{method:""POST"",headers:{""Content-Type"":""application/json""},body:JSON.stringify({trade_key:null!=n?n:N(t),trade_data:t})})}async function M(t,e){await o(""/api/saved-trades/"".concat(encodeURIComponent(t)),e,{method:""DELETE""})}function J(t){let e=t.right.trim().toUpperCase().startsWith(""P"")?""P"":""C"",n=t.strike.toFixed(3).replace(/0+$/,"""").replace(/\.$/,"""");return"""".concat(t.ticker.toUpperCase(),"":"").concat(t.expiration,"":"").concat(n,"":"").concat(e)}async function F(t){return(await o(""/api/tracked-contracts"",t)).contracts}async function V(t,e){return(await o(""/api/tracked-contracts"",e,{method:""POST"",headers:{""Content-Type"":""application/json""},body:JSON.stringify(t)})).contract_key}async function z(t,e){await o(""/api/tracked-contracts/"".concat(encodeURIComponent(t)),e,{method:""DELETE""})}async function X(t){return(await o(""/api/saved-trades/check-closes"",t,{method:""POST""})).closed}async function q(t,e){await o(""/api/saved-trades/"".concat(encodeURIComponent(t),""/dismiss""),e,{method:""PATCH""})}async fun"
7187-dbf517257821735b.js,20049,/api/tracked-contracts,"body:JSON.stringify({trade_key:null!=n?n:N(t),trade_data:t})})}async function M(t,e){await o(""/api/saved-trades/"".concat(encodeURIComponent(t)),e,{method:""DELETE""})}function J(t){let e=t.right.trim().toUpperCase().startsWith(""P"")?""P"":""C"",n=t.strike.toFixed(3).replace(/0+$/,"""").replace(/\.$/,"""");return"""".concat(t.ticker.toUpperCase(),"":"").concat(t.expiration,"":"").concat(n,"":"").concat(e)}async function F(t){return(await o(""/api/tracked-contracts"",t)).contracts}async function V(t,e){return(await o(""/api/tracked-contracts"",e,{method:""POST"",headers:{""Content-Type"":""application/json""},body:JSON.stringify(t)})).contract_key}async function z(t,e){await o(""/api/tracked-contracts/"".concat(encodeURIComponent(t)),e,{method:""DELETE""})}async function X(t){return(await o(""/api/saved-trades/check-closes"",t,{method:""POST""})).closed}async function q(t,e){await o(""/api/saved-trades/"".concat(encodeURIComponent(t),""/dismiss""),e,{method:""PATCH""})}async function $(t,e){return 0===t.length?{}:(await o(""/api/saved-trades/quotes"",e,{m"
7187-dbf517257821735b.js,20204,/api/tracked-contracts/,"DELETE""})}function J(t){let e=t.right.trim().toUpperCase().startsWith(""P"")?""P"":""C"",n=t.strike.toFixed(3).replace(/0+$/,"""").replace(/\.$/,"""");return"""".concat(t.ticker.toUpperCase(),"":"").concat(t.expiration,"":"").concat(n,"":"").concat(e)}async function F(t){return(await o(""/api/tracked-contracts"",t)).contracts}async function V(t,e){return(await o(""/api/tracked-contracts"",e,{method:""POST"",headers:{""Content-Type"":""application/json""},body:JSON.stringify(t)})).contract_key}async function z(t,e){await o(""/api/tracked-contracts/"".concat(encodeURIComponent(t)),e,{method:""DELETE""})}async function X(t){return(await o(""/api/saved-trades/check-closes"",t,{method:""POST""})).closed}async function q(t,e){await o(""/api/saved-trades/"".concat(encodeURIComponent(t),""/dismiss""),e,{method:""PATCH""})}async function $(t,e){return 0===t.length?{}:(await o(""/api/saved-trades/quotes"",e,{method:""POST"",headers:{""Content-Type"":""application/json""},body:JSON.stringify({contracts:t})})).quotes}async function Q(t){return o(""/api/discord-channels"",t"
7187-dbf517257821735b.js,20316,/api/saved-trades/check-closes,"(/0+$/,"""").replace(/\.$/,"""");return"""".concat(t.ticker.toUpperCase(),"":"").concat(t.expiration,"":"").concat(n,"":"").concat(e)}async function F(t){return(await o(""/api/tracked-contracts"",t)).contracts}async function V(t,e){return(await o(""/api/tracked-contracts"",e,{method:""POST"",headers:{""Content-Type"":""application/json""},body:JSON.stringify(t)})).contract_key}async function z(t,e){await o(""/api/tracked-contracts/"".concat(encodeURIComponent(t)),e,{method:""DELETE""})}async function X(t){return(await o(""/api/saved-trades/check-closes"",t,{method:""POST""})).closed}async function q(t,e){await o(""/api/saved-trades/"".concat(encodeURIComponent(t),""/dismiss""),e,{method:""PATCH""})}async function $(t,e){return 0===t.length?{}:(await o(""/api/saved-trades/quotes"",e,{method:""POST"",headers:{""Content-Type"":""application/json""},body:JSON.stringify({contracts:t})})).quotes}async function Q(t){return o(""/api/discord-channels"",t)}async function W(t,e,n,i){let a={};return t&&(a.channels=t),void 0!==e&&(a.message_template=e),void 0!==n&&(a.include"
7187-dbf517257821735b.js,20406,/api/saved-trades/,"on,"":"").concat(n,"":"").concat(e)}async function F(t){return(await o(""/api/tracked-contracts"",t)).contracts}async function V(t,e){return(await o(""/api/tracked-contracts"",e,{method:""POST"",headers:{""Content-Type"":""application/json""},body:JSON.stringify(t)})).contract_key}async function z(t,e){await o(""/api/tracked-contracts/"".concat(encodeURIComponent(t)),e,{method:""DELETE""})}async function X(t){return(await o(""/api/saved-trades/check-closes"",t,{method:""POST""})).closed}async function q(t,e){await o(""/api/saved-trades/"".concat(encodeURIComponent(t),""/dismiss""),e,{method:""PATCH""})}async function $(t,e){return 0===t.length?{}:(await o(""/api/saved-trades/quotes"",e,{method:""POST"",headers:{""Content-Type"":""application/json""},body:JSON.stringify({contracts:t})})).quotes}async function Q(t){return o(""/api/discord-channels"",t)}async function W(t,e,n,i){let a={};return t&&(a.channels=t),void 0!==e&&(a.message_template=e),void 0!==n&&(a.include_open_link=n),o(""/api/discord-channels"",i,{method:""PUT"",headers:{""Content-Type"
7187-dbf517257821735b.js,20542,/api/saved-trades/quotes,"wait o(""/api/tracked-contracts"",e,{method:""POST"",headers:{""Content-Type"":""application/json""},body:JSON.stringify(t)})).contract_key}async function z(t,e){await o(""/api/tracked-contracts/"".concat(encodeURIComponent(t)),e,{method:""DELETE""})}async function X(t){return(await o(""/api/saved-trades/check-closes"",t,{method:""POST""})).closed}async function q(t,e){await o(""/api/saved-trades/"".concat(encodeURIComponent(t),""/dismiss""),e,{method:""PATCH""})}async function $(t,e){return 0===t.length?{}:(await o(""/api/saved-trades/quotes"",e,{method:""POST"",headers:{""Content-Type"":""application/json""},body:JSON.stringify({contracts:t})})).quotes}async function Q(t){return o(""/api/discord-channels"",t)}async function W(t,e,n,i){let a={};return t&&(a.channels=t),void 0!==e&&(a.message_template=e),void 0!==n&&(a.include_open_link=n),o(""/api/discord-channels"",i,{method:""PUT"",headers:{""Content-Type"":""application/json""},body:JSON.stringify(a)})}async function Z(t,e){await o(""/api/discord/test"",e,{method:""POST"",headers:{""Content-Type"":""app"
7187-dbf517257821735b.js,20704,/api/discord-channels,"""/api/tracked-contracts/"".concat(encodeURIComponent(t)),e,{method:""DELETE""})}async function X(t){return(await o(""/api/saved-trades/check-closes"",t,{method:""POST""})).closed}async function q(t,e){await o(""/api/saved-trades/"".concat(encodeURIComponent(t),""/dismiss""),e,{method:""PATCH""})}async function $(t,e){return 0===t.length?{}:(await o(""/api/saved-trades/quotes"",e,{method:""POST"",headers:{""Content-Type"":""application/json""},body:JSON.stringify({contracts:t})})).quotes}async function Q(t){return o(""/api/discord-channels"",t)}async function W(t,e,n,i){let a={};return t&&(a.channels=t),void 0!==e&&(a.message_template=e),void 0!==n&&(a.include_open_link=n),o(""/api/discord-channels"",i,{method:""PUT"",headers:{""Content-Type"":""application/json""},body:JSON.stringify(a)})}async function Z(t,e){await o(""/api/discord/test"",e,{method:""POST"",headers:{""Content-Type"":""application/json""},body:JSON.stringify({channel_id:t})})}async function H(t,e){return o(""/api/admin/users/"".concat(encodeURIComponent(t),""/discord-channels""),e)}a"
7187-dbf517257821735b.js,20864,/api/discord-channels,"""})).closed}async function q(t,e){await o(""/api/saved-trades/"".concat(encodeURIComponent(t),""/dismiss""),e,{method:""PATCH""})}async function $(t,e){return 0===t.length?{}:(await o(""/api/saved-trades/quotes"",e,{method:""POST"",headers:{""Content-Type"":""application/json""},body:JSON.stringify({contracts:t})})).quotes}async function Q(t){return o(""/api/discord-channels"",t)}async function W(t,e,n,i){let a={};return t&&(a.channels=t),void 0!==e&&(a.message_template=e),void 0!==n&&(a.include_open_link=n),o(""/api/discord-channels"",i,{method:""PUT"",headers:{""Content-Type"":""application/json""},body:JSON.stringify(a)})}async function Z(t,e){await o(""/api/discord/test"",e,{method:""POST"",headers:{""Content-Type"":""application/json""},body:JSON.stringify({channel_id:t})})}async function H(t,e){return o(""/api/admin/users/"".concat(encodeURIComponent(t),""/discord-channels""),e)}async function G(t,e,n){return o(""/api/admin/users/"".concat(encodeURIComponent(t),""/discord-channels""),n,{method:""POST"",headers:{""Content-Type"":""application/json"
7187-dbf517257821735b.js,21003,/api/discord/test,"$(t,e){return 0===t.length?{}:(await o(""/api/saved-trades/quotes"",e,{method:""POST"",headers:{""Content-Type"":""application/json""},body:JSON.stringify({contracts:t})})).quotes}async function Q(t){return o(""/api/discord-channels"",t)}async function W(t,e,n,i){let a={};return t&&(a.channels=t),void 0!==e&&(a.message_template=e),void 0!==n&&(a.include_open_link=n),o(""/api/discord-channels"",i,{method:""PUT"",headers:{""Content-Type"":""application/json""},body:JSON.stringify(a)})}async function Z(t,e){await o(""/api/discord/test"",e,{method:""POST"",headers:{""Content-Type"":""application/json""},body:JSON.stringify({channel_id:t})})}async function H(t,e){return o(""/api/admin/users/"".concat(encodeURIComponent(t),""/discord-channels""),e)}async function G(t,e,n){return o(""/api/admin/users/"".concat(encodeURIComponent(t),""/discord-channels""),n,{method:""POST"",headers:{""Content-Type"":""application/json""},body:JSON.stringify(e)})}async function K(t,e,n){await o(""/api/admin/users/"".concat(encodeURIComponent(t),""/discord-channels/"").conc"
7187-dbf517257821735b.js,21153,/api/admin/users/,"ntracts:t})})).quotes}async function Q(t){return o(""/api/discord-channels"",t)}async function W(t,e,n,i){let a={};return t&&(a.channels=t),void 0!==e&&(a.message_template=e),void 0!==n&&(a.include_open_link=n),o(""/api/discord-channels"",i,{method:""PUT"",headers:{""Content-Type"":""application/json""},body:JSON.stringify(a)})}async function Z(t,e){await o(""/api/discord/test"",e,{method:""POST"",headers:{""Content-Type"":""application/json""},body:JSON.stringify({channel_id:t})})}async function H(t,e){return o(""/api/admin/users/"".concat(encodeURIComponent(t),""/discord-channels""),e)}async function G(t,e,n){return o(""/api/admin/users/"".concat(encodeURIComponent(t),""/discord-channels""),n,{method:""POST"",headers:{""Content-Type"":""application/json""},body:JSON.stringify(e)})}async function K(t,e,n){await o(""/api/admin/users/"".concat(encodeURIComponent(t),""/discord-channels/"").concat(encodeURIComponent(e),""/test""),n,{method:""POST""})}async function Y(t,e,n){return o(""/api/admin/users/"".concat(encodeURIComponent(t),""/discord-chann"
7187-dbf517257821735b.js,21259,/api/admin/users/,"t a={};return t&&(a.channels=t),void 0!==e&&(a.message_template=e),void 0!==n&&(a.include_open_link=n),o(""/api/discord-channels"",i,{method:""PUT"",headers:{""Content-Type"":""application/json""},body:JSON.stringify(a)})}async function Z(t,e){await o(""/api/discord/test"",e,{method:""POST"",headers:{""Content-Type"":""application/json""},body:JSON.stringify({channel_id:t})})}async function H(t,e){return o(""/api/admin/users/"".concat(encodeURIComponent(t),""/discord-channels""),e)}async function G(t,e,n){return o(""/api/admin/users/"".concat(encodeURIComponent(t),""/discord-channels""),n,{method:""POST"",headers:{""Content-Type"":""application/json""},body:JSON.stringify(e)})}async function K(t,e,n){await o(""/api/admin/users/"".concat(encodeURIComponent(t),""/discord-channels/"").concat(encodeURIComponent(e),""/test""),n,{method:""POST""})}async function Y(t,e,n){return o(""/api/admin/users/"".concat(encodeURIComponent(t),""/discord-channels/"").concat(encodeURIComponent(e)),n,{method:""DELETE""})}async function tt(t,e,n,i,a){await o(""/api/disco"
7187-dbf517257821735b.js,21447,/api/admin/users/,",body:JSON.stringify(a)})}async function Z(t,e){await o(""/api/discord/test"",e,{method:""POST"",headers:{""Content-Type"":""application/json""},body:JSON.stringify({channel_id:t})})}async function H(t,e){return o(""/api/admin/users/"".concat(encodeURIComponent(t),""/discord-channels""),e)}async function G(t,e,n){return o(""/api/admin/users/"".concat(encodeURIComponent(t),""/discord-channels""),n,{method:""POST"",headers:{""Content-Type"":""application/json""},body:JSON.stringify(e)})}async function K(t,e,n){await o(""/api/admin/users/"".concat(encodeURIComponent(t),""/discord-channels/"").concat(encodeURIComponent(e),""/test""),n,{method:""POST""})}async function Y(t,e,n){return o(""/api/admin/users/"".concat(encodeURIComponent(t),""/discord-channels/"").concat(encodeURIComponent(e)),n,{method:""DELETE""})}async function tt(t,e,n,i,a){await o(""/api/discord/share"",a,{method:""POST"",headers:{""Content-Type"":""application/json""},body:JSON.stringify({channel_id:t,image_base64:e,...n,custom_message:i})})}async function te(t,e){var n;let i=new URL"
7187-dbf517257821735b.js,21608,/api/admin/users/,"nnel_id:t})})}async function H(t,e){return o(""/api/admin/users/"".concat(encodeURIComponent(t),""/discord-channels""),e)}async function G(t,e,n){return o(""/api/admin/users/"".concat(encodeURIComponent(t),""/discord-channels""),n,{method:""POST"",headers:{""Content-Type"":""application/json""},body:JSON.stringify(e)})}async function K(t,e,n){await o(""/api/admin/users/"".concat(encodeURIComponent(t),""/discord-channels/"").concat(encodeURIComponent(e),""/test""),n,{method:""POST""})}async function Y(t,e,n){return o(""/api/admin/users/"".concat(encodeURIComponent(t),""/discord-channels/"").concat(encodeURIComponent(e)),n,{method:""DELETE""})}async function tt(t,e,n,i,a){await o(""/api/discord/share"",a,{method:""POST"",headers:{""Content-Type"":""application/json""},body:JSON.stringify({channel_id:t,image_base64:e,...n,custom_message:i})})}async function te(t,e){var n;let i=new URLSearchParams;t&&t.length>0&&i.set(""tickers"",t.join("",""));let a=i.toString();return null!=(n=(await o(""/api/market/overview"".concat(a?""?"".concat(a):""""),e)).data)?"
7187-dbf517257821735b.js,21767,/api/discord/share,"min/users/"".concat(encodeURIComponent(t),""/discord-channels""),n,{method:""POST"",headers:{""Content-Type"":""application/json""},body:JSON.stringify(e)})}async function K(t,e,n){await o(""/api/admin/users/"".concat(encodeURIComponent(t),""/discord-channels/"").concat(encodeURIComponent(e),""/test""),n,{method:""POST""})}async function Y(t,e,n){return o(""/api/admin/users/"".concat(encodeURIComponent(t),""/discord-channels/"").concat(encodeURIComponent(e)),n,{method:""DELETE""})}async function tt(t,e,n,i,a){await o(""/api/discord/share"",a,{method:""POST"",headers:{""Content-Type"":""application/json""},body:JSON.stringify({channel_id:t,image_base64:e,...n,custom_message:i})})}async function te(t,e){var n;let i=new URLSearchParams;t&&t.length>0&&i.set(""tickers"",t.join("",""));let a=i.toString();return null!=(n=(await o(""/api/market/overview"".concat(a?""?"".concat(a):""""),e)).data)?n:null}async function tn(){var t;let e=arguments.length>0&&void 0!==arguments[0]?arguments[0]:""1D"",n=arguments.length>1&&void 0!==arguments[1]?arguments[1]:""1mi"
7187-dbf517257821735b.js,22067,/api/market/overview,"POST""})}async function Y(t,e,n){return o(""/api/admin/users/"".concat(encodeURIComponent(t),""/discord-channels/"").concat(encodeURIComponent(e)),n,{method:""DELETE""})}async function tt(t,e,n,i,a){await o(""/api/discord/share"",a,{method:""POST"",headers:{""Content-Type"":""application/json""},body:JSON.stringify({channel_id:t,image_base64:e,...n,custom_message:i})})}async function te(t,e){var n;let i=new URLSearchParams;t&&t.length>0&&i.set(""tickers"",t.join("",""));let a=i.toString();return null!=(n=(await o(""/api/market/overview"".concat(a?""?"".concat(a):""""),e)).data)?n:null}async function tn(){var t;let e=arguments.length>0&&void 0!==arguments[0]?arguments[0]:""1D"",n=arguments.length>1&&void 0!==arguments[1]?arguments[1]:""1min"",i=arguments.length>2?arguments[2]:void 0,a=arguments.length>3?arguments[3]:void 0,r=arguments.length>4?arguments[4]:void 0,c=new URLSearchParams({interval:e,bucket:n});return i&&c.set(""date"",i),null!=(t=(await o(""/api/market/tide?"".concat(c.toString()),a,r?{signal:r}:{})).data)?t:null}async functio"
7187-dbf517257821735b.js,22502,/api/market/tide?,"ickers"",t.join("",""));let a=i.toString();return null!=(n=(await o(""/api/market/overview"".concat(a?""?"".concat(a):""""),e)).data)?n:null}async function tn(){var t;let e=arguments.length>0&&void 0!==arguments[0]?arguments[0]:""1D"",n=arguments.length>1&&void 0!==arguments[1]?arguments[1]:""1min"",i=arguments.length>2?arguments[2]:void 0,a=arguments.length>3?arguments[3]:void 0,r=arguments.length>4?arguments[4]:void 0,c=new URLSearchParams({interval:e,bucket:n});return i&&c.set(""date"",i),null!=(t=(await o(""/api/market/tide?"".concat(c.toString()),a,r?{signal:r}:{})).data)?t:null}async function ti(t,e,n){let i=new URLSearchParams({group_id:t});return n&&i.set(""trade_date"",n),o(""/api/strategy/legs?"".concat(i.toString()),e)}let ta=200;async function to(t,e,n){var i;return 0===t.length?{}:null!=(i=(await o(""/api/cross-hedge/links"",e,{method:""POST"",headers:{""Content-Type"":""application/json""},body:JSON.stringify({trades:t.slice(0,ta)}),...n?{signal:n}:{}})).links)?i:{}}async function tr(){let t=arguments.length>0&&void 0!"
7187-dbf517257821735b.js,22675,/api/strategy/legs?,".length>0&&void 0!==arguments[0]?arguments[0]:""1D"",n=arguments.length>1&&void 0!==arguments[1]?arguments[1]:""1min"",i=arguments.length>2?arguments[2]:void 0,a=arguments.length>3?arguments[3]:void 0,r=arguments.length>4?arguments[4]:void 0,c=new URLSearchParams({interval:e,bucket:n});return i&&c.set(""date"",i),null!=(t=(await o(""/api/market/tide?"".concat(c.toString()),a,r?{signal:r}:{})).data)?t:null}async function ti(t,e,n){let i=new URLSearchParams({group_id:t});return n&&i.set(""trade_date"",n),o(""/api/strategy/legs?"".concat(i.toString()),e)}let ta=200;async function to(t,e,n){var i;return 0===t.length?{}:null!=(i=(await o(""/api/cross-hedge/links"",e,{method:""POST"",headers:{""Content-Type"":""application/json""},body:JSON.stringify({trades:t.slice(0,ta)}),...n?{signal:n}:{}})).links)?i:{}}async function tr(){let t=arguments.length>0&&void 0!==arguments[0]?arguments[0]:{},e=arguments.length>1?arguments[1]:void 0,n=arguments.length>2?arguments[2]:void 0,i=(function(t){let e=new URLSearchParams;return t.date&&e.set("
7187-dbf517257821735b.js,22804,/api/cross-hedge/links,"ngth>2?arguments[2]:void 0,a=arguments.length>3?arguments[3]:void 0,r=arguments.length>4?arguments[4]:void 0,c=new URLSearchParams({interval:e,bucket:n});return i&&c.set(""date"",i),null!=(t=(await o(""/api/market/tide?"".concat(c.toString()),a,r?{signal:r}:{})).data)?t:null}async function ti(t,e,n){let i=new URLSearchParams({group_id:t});return n&&i.set(""trade_date"",n),o(""/api/strategy/legs?"".concat(i.toString()),e)}let ta=200;async function to(t,e,n){var i;return 0===t.length?{}:null!=(i=(await o(""/api/cross-hedge/links"",e,{method:""POST"",headers:{""Content-Type"":""application/json""},body:JSON.stringify({trades:t.slice(0,ta)}),...n?{signal:n}:{}})).links)?i:{}}async function tr(){let t=arguments.length>0&&void 0!==arguments[0]?arguments[0]:{},e=arguments.length>1?arguments[1]:void 0,n=arguments.length>2?arguments[2]:void 0,i=(function(t){let e=new URLSearchParams;return t.date&&e.set(""date"",t.date),t.date_start&&e.set(""date_start"",t.date_start),t.date_end&&e.set(""date_end"",t.date_end),t.time_start&&e.set(""time_sta"
7187-dbf517257821735b.js,24184,/api/dark-pool/trades,"ce&&e.set(""min_price"",String(t.min_price)),null!=t.max_price&&e.set(""max_price"",String(t.max_price)),null!=t.min_avg_vol&&e.set(""min_avg_vol"",String(t.min_avg_vol)),null!=t.max_avg_vol&&e.set(""max_avg_vol"",String(t.max_avg_vol)),t.sectors&&e.set(""sectors"",t.sectors),t.industries&&e.set(""industries"",t.industries),t.venue&&e.set(""venue"",t.venue),null!=t.limit&&e.set(""limit"",String(t.limit)),null!=t.offset&&e.set(""offset"",String(t.offset)),t.order&&e.set(""order"",t.order),e})(t).toString();return o(""/api/dark-pool/trades"".concat(i?""?"".concat(i):""""),e,n?{signal:n}:{})}async function tc(){let t=arguments.length>0&&void 0!==arguments[0]?arguments[0]:{},e=arguments.length>1?arguments[1]:void 0,n=arguments.length>2?arguments[2]:void 0,i=new URLSearchParams;t.date&&i.set(""date"",t.date),null!=t.top_n&&i.set(""top_n"",String(t.top_n)),null!=t.min_notional&&i.set(""min_notional"",String(t.min_notional)),null!=t.min_avg_vol&&i.set(""min_avg_vol"",String(t.min_avg_vol)),null!=t.max_avg_vol&&i.set(""max_avg_vol"",String(t.max_avg_v"
7187-dbf517257821735b.js,24856,/api/dark-pool/sector-summary,">1?arguments[1]:void 0,n=arguments.length>2?arguments[2]:void 0,i=new URLSearchParams;t.date&&i.set(""date"",t.date),null!=t.top_n&&i.set(""top_n"",String(t.top_n)),null!=t.min_notional&&i.set(""min_notional"",String(t.min_notional)),null!=t.min_avg_vol&&i.set(""min_avg_vol"",String(t.min_avg_vol)),null!=t.max_avg_vol&&i.set(""max_avg_vol"",String(t.max_avg_vol)),null!=t.min_price&&i.set(""min_price"",String(t.min_price)),null!=t.max_price&&i.set(""max_price"",String(t.max_price));let a=i.toString();return o(""/api/dark-pool/sector-summary"".concat(a?""?"".concat(a):""""),e,n?{signal:n}:{})}async function ts(t,e,n){let i=new URLSearchParams({ticker:t.ticker});return void 0!==t.top_n&&i.set(""top_n"",String(t.top_n)),void 0!==t.lookback_days&&i.set(""lookback_days"",String(t.lookback_days)),t.as_of_date&&i.set(""as_of_date"",t.as_of_date),o(""/api/dark-pool/top-prints?"".concat(i.toString()),e,n?{signal:n}:{})}async function tl(t){let e=arguments.length>1&&void 0!==arguments[1]?arguments[1]:""1D"",n=arguments.length>2?arguments[2]:void 0,i=argume"
7187-dbf517257821735b.js,25182,/api/dark-pool/top-prints?,"g_vol"",String(t.max_avg_vol)),null!=t.min_price&&i.set(""min_price"",String(t.min_price)),null!=t.max_price&&i.set(""max_price"",String(t.max_price));let a=i.toString();return o(""/api/dark-pool/sector-summary"".concat(a?""?"".concat(a):""""),e,n?{signal:n}:{})}async function ts(t,e,n){let i=new URLSearchParams({ticker:t.ticker});return void 0!==t.top_n&&i.set(""top_n"",String(t.top_n)),void 0!==t.lookback_days&&i.set(""lookback_days"",String(t.lookback_days)),t.as_of_date&&i.set(""as_of_date"",t.as_of_date),o(""/api/dark-pool/top-prints?"".concat(i.toString()),e,n?{signal:n}:{})}async function tl(t){let e=arguments.length>1&&void 0!==arguments[1]?arguments[1]:""1D"",n=arguments.length>2?arguments[2]:void 0,i=arguments.length>3?arguments[3]:void 0,a=arguments.length>4?arguments[4]:void 0,r=new URLSearchParams({interval:e});return n&&r.set(""date"",n),o(""/api/underlying/"".concat(encodeURIComponent(t),""/flow-vwap?"").concat(r.toString()),i,a?{signal:a}:{})}async function tm(t,e,n){let i=new URLSearchParams;t.event_type&&i.set(""event_type"
7187-dbf517257821735b.js,25525,/api/underlying/,"_n&&i.set(""top_n"",String(t.top_n)),void 0!==t.lookback_days&&i.set(""lookback_days"",String(t.lookback_days)),t.as_of_date&&i.set(""as_of_date"",t.as_of_date),o(""/api/dark-pool/top-prints?"".concat(i.toString()),e,n?{signal:n}:{})}async function tl(t){let e=arguments.length>1&&void 0!==arguments[1]?arguments[1]:""1D"",n=arguments.length>2?arguments[2]:void 0,i=arguments.length>3?arguments[3]:void 0,a=arguments.length>4?arguments[4]:void 0,r=new URLSearchParams({interval:e});return n&&r.set(""date"",n),o(""/api/underlying/"".concat(encodeURIComponent(t),""/flow-vwap?"").concat(r.toString()),i,a?{signal:a}:{})}async function tm(t,e,n){let i=new URLSearchParams;t.event_type&&i.set(""event_type"",t.event_type),t.from&&i.set(""from"",t.from),t.to&&i.set(""to"",t.to),void 0!==t.limit&&i.set(""limit"",String(t.limit));let a=i.toString();return o(""/api/underlying/"".concat(encodeURIComponent(t.ticker),""/events"").concat(a?""?"".concat(a):""""),e,n?{signal:n}:{})}async function td(){let t=arguments.length>0&&void 0!==arguments[0]?argument"
7187-dbf517257821735b.js,25855,/api/underlying/,"h>2?arguments[2]:void 0,i=arguments.length>3?arguments[3]:void 0,a=arguments.length>4?arguments[4]:void 0,r=new URLSearchParams({interval:e});return n&&r.set(""date"",n),o(""/api/underlying/"".concat(encodeURIComponent(t),""/flow-vwap?"").concat(r.toString()),i,a?{signal:a}:{})}async function tm(t,e,n){let i=new URLSearchParams;t.event_type&&i.set(""event_type"",t.event_type),t.from&&i.set(""from"",t.from),t.to&&i.set(""to"",t.to),void 0!==t.limit&&i.set(""limit"",String(t.limit));let a=i.toString();return o(""/api/underlying/"".concat(encodeURIComponent(t.ticker),""/events"").concat(a?""?"".concat(a):""""),e,n?{signal:n}:{})}async function td(){let t=arguments.length>0&&void 0!==arguments[0]?arguments[0]:{},e=arguments.length>1?arguments[1]:void 0,n=arguments.length>2?arguments[2]:void 0,i=new URLSearchParams;t.from&&i.set(""from"",t.from),t.to&&i.set(""to"",t.to),t.event_type&&i.set(""event_type"",t.event_type),void 0!==t.min_premium&&i.set(""min_premium"",String(t.min_premium)),void 0!==t.limit&&i.set(""limit"",String(t.limit));let"
7187-dbf517257821735b.js,26398,/api/calendar/events,"t(t.ticker),""/events"").concat(a?""?"".concat(a):""""),e,n?{signal:n}:{})}async function td(){let t=arguments.length>0&&void 0!==arguments[0]?arguments[0]:{},e=arguments.length>1?arguments[1]:void 0,n=arguments.length>2?arguments[2]:void 0,i=new URLSearchParams;t.from&&i.set(""from"",t.from),t.to&&i.set(""to"",t.to),t.event_type&&i.set(""event_type"",t.event_type),void 0!==t.min_premium&&i.set(""min_premium"",String(t.min_premium)),void 0!==t.limit&&i.set(""limit"",String(t.limit));let a=i.toString();return o(""/api/calendar/events"".concat(a?""?"".concat(a):""""),e,n?{signal:n}:{})}async function tu(){let t=arguments.length>0&&void 0!==arguments[0]?arguments[0]:{},e=arguments.length>1?arguments[1]:void 0,n=arguments.length>2?arguments[2]:void 0,i=new URLSearchParams;t.from&&i.set(""from"",t.from),t.to&&i.set(""to"",t.to),void 0!==t.min_premium&&i.set(""min_premium"",String(t.min_premium)),void 0!==t.limit&&i.set(""limit"",String(t.limit));let a=i.toString();return o(""/api/calendar/earnings-moves"".concat(a?""?"".concat(a):""""),e,n?{signal"
7187-dbf517257821735b.js,26851,/api/calendar/earnings-moves,""",String(t.limit));let a=i.toString();return o(""/api/calendar/events"".concat(a?""?"".concat(a):""""),e,n?{signal:n}:{})}async function tu(){let t=arguments.length>0&&void 0!==arguments[0]?arguments[0]:{},e=arguments.length>1?arguments[1]:void 0,n=arguments.length>2?arguments[2]:void 0,i=new URLSearchParams;t.from&&i.set(""from"",t.from),t.to&&i.set(""to"",t.to),void 0!==t.min_premium&&i.set(""min_premium"",String(t.min_premium)),void 0!==t.limit&&i.set(""limit"",String(t.limit));let a=i.toString();return o(""/api/calendar/earnings-moves"".concat(a?""?"".concat(a):""""),e,n?{signal:n}:{})}async function tp(){let t=arguments.length>0&&void 0!==arguments[0]?arguments[0]:{},e=arguments.length>1?arguments[1]:void 0,n=arguments.length>2?arguments[2]:void 0,i=new URLSearchParams;void 0!==t.limit&&i.set(""limit"",String(t.limit)),void 0!==t.min_rvol&&i.set(""min_rvol"",String(t.min_rvol)),void 0!==t.lookback_days&&i.set(""lookback_days"",String(t.lookback_days)),void 0!==t.min_avg_volume&&i.set(""min_avg_volume"",String(t.min_avg_volume));let a=i.t"
7187-dbf517257821735b.js,27400,/api/compass/top-contracts,"t(a):""""),e,n?{signal:n}:{})}async function tp(){let t=arguments.length>0&&void 0!==arguments[0]?arguments[0]:{},e=arguments.length>1?arguments[1]:void 0,n=arguments.length>2?arguments[2]:void 0,i=new URLSearchParams;void 0!==t.limit&&i.set(""limit"",String(t.limit)),void 0!==t.min_rvol&&i.set(""min_rvol"",String(t.min_rvol)),void 0!==t.lookback_days&&i.set(""lookback_days"",String(t.lookback_days)),void 0!==t.min_avg_volume&&i.set(""min_avg_volume"",String(t.min_avg_volume));let a=i.toString();return o(""/api/compass/top-contracts"".concat(a?""?"".concat(a):""""),e,n?{signal:n}:{})}async function t_(){let t=arguments.length>0&&void 0!==arguments[0]?arguments[0]:{},e=arguments.length>1?arguments[1]:void 0,n=arguments.length>2?arguments[2]:void 0,i=new URLSearchParams;void 0!==t.limit&&i.set(""limit"",String(t.limit)),void 0!==t.min_premium&&i.set(""min_premium"",String(t.min_premium));let a=i.toString();return o(""/api/compass/top-industries"".concat(a?""?"".concat(a):""""),e,n?{signal:n}:{})}async function tg(){let t=arguments.length>0&"
7187-dbf517257821735b.js,27807,/api/compass/top-industries,"min_avg_volume&&i.set(""min_avg_volume"",String(t.min_avg_volume));let a=i.toString();return o(""/api/compass/top-contracts"".concat(a?""?"".concat(a):""""),e,n?{signal:n}:{})}async function t_(){let t=arguments.length>0&&void 0!==arguments[0]?arguments[0]:{},e=arguments.length>1?arguments[1]:void 0,n=arguments.length>2?arguments[2]:void 0,i=new URLSearchParams;void 0!==t.limit&&i.set(""limit"",String(t.limit)),void 0!==t.min_premium&&i.set(""min_premium"",String(t.min_premium));let a=i.toString();return o(""/api/compass/top-industries"".concat(a?""?"".concat(a):""""),e,n?{signal:n}:{})}async function tg(){let t=arguments.length>0&&void 0!==arguments[0]?arguments[0]:{},e=arguments.length>1?arguments[1]:void 0,n=arguments.length>2?arguments[2]:void 0,i=new URLSearchParams;void 0!==t.limit&&i.set(""limit"",String(t.limit)),void 0!==t.min_premium&&i.set(""min_premium"",String(t.min_premium));let a=i.toString();return o(""/api/compass/net-impact"".concat(a?""?"".concat(a):""""),e,n?{signal:n}:{})}async function tv(t,e,n){let i=new URLSearchParam"
7187-dbf517257821735b.js,28215,/api/compass/net-impact,"d 0!==t.min_premium&&i.set(""min_premium"",String(t.min_premium));let a=i.toString();return o(""/api/compass/top-industries"".concat(a?""?"".concat(a):""""),e,n?{signal:n}:{})}async function tg(){let t=arguments.length>0&&void 0!==arguments[0]?arguments[0]:{},e=arguments.length>1?arguments[1]:void 0,n=arguments.length>2?arguments[2]:void 0,i=new URLSearchParams;void 0!==t.limit&&i.set(""limit"",String(t.limit)),void 0!==t.min_premium&&i.set(""min_premium"",String(t.min_premium));let a=i.toString();return o(""/api/compass/net-impact"".concat(a?""?"".concat(a):""""),e,n?{signal:n}:{})}async function tv(t,e,n){let i=new URLSearchParams;return i.set(""industry"",t.industry),void 0!==t.limit&&i.set(""limit"",String(t.limit)),void 0!==t.min_premium&&i.set(""min_premium"",String(t.min_premium)),o(""/api/compass/industry-tickers?"".concat(i.toString()),e,n?{signal:n}:{})}async function th(){let t=arguments.length>0&&void 0!==arguments[0]?arguments[0]:{},e=arguments.length>1?arguments[1]:void 0,n=arguments.length>2?arguments[2]:void 0,i=new URL"
7187-dbf517257821735b.js,28492,/api/compass/industry-tickers?,"ments[1]:void 0,n=arguments.length>2?arguments[2]:void 0,i=new URLSearchParams;void 0!==t.limit&&i.set(""limit"",String(t.limit)),void 0!==t.min_premium&&i.set(""min_premium"",String(t.min_premium));let a=i.toString();return o(""/api/compass/net-impact"".concat(a?""?"".concat(a):""""),e,n?{signal:n}:{})}async function tv(t,e,n){let i=new URLSearchParams;return i.set(""industry"",t.industry),void 0!==t.limit&&i.set(""limit"",String(t.limit)),void 0!==t.min_premium&&i.set(""min_premium"",String(t.min_premium)),o(""/api/compass/industry-tickers?"".concat(i.toString()),e,n?{signal:n}:{})}async function th(){let t=arguments.length>0&&void 0!==arguments[0]?arguments[0]:{},e=arguments.length>1?arguments[1]:void 0,n=arguments.length>2?arguments[2]:void 0,i=new URLSearchParams;void 0!==t.window&&i.set(""window"",t.window);let a=i.toString();return o(""/api/compass/breadth-calendar"".concat(a?""?"".concat(a):""""),e,n?{signal:n}:{})}async function tS(){let t=arguments.length>0&&void 0!==arguments[0]?arguments[0]:{},e=arguments.length>1?arguments[1]:voi"
7187-dbf517257821735b.js,28825,/api/compass/breadth-calendar,"SearchParams;return i.set(""industry"",t.industry),void 0!==t.limit&&i.set(""limit"",String(t.limit)),void 0!==t.min_premium&&i.set(""min_premium"",String(t.min_premium)),o(""/api/compass/industry-tickers?"".concat(i.toString()),e,n?{signal:n}:{})}async function th(){let t=arguments.length>0&&void 0!==arguments[0]?arguments[0]:{},e=arguments.length>1?arguments[1]:void 0,n=arguments.length>2?arguments[2]:void 0,i=new URLSearchParams;void 0!==t.window&&i.set(""window"",t.window);let a=i.toString();return o(""/api/compass/breadth-calendar"".concat(a?""?"".concat(a):""""),e,n?{signal:n}:{})}async function tS(){let t=arguments.length>0&&void 0!==arguments[0]?arguments[0]:{},e=arguments.length>1?arguments[1]:void 0,n=arguments.length>2?arguments[2]:void 0,i=new URLSearchParams;void 0!==t.window&&i.set(""window"",t.window);let a=i.toString();return o(""/api/compass/rotation-map"".concat(a?""?"".concat(a):""""),e,n?{signal:n}:{})}async function tw(t,e,n){let i=new URLSearchParams;void 0!==t.window&&i.set(""window"",t.window),void 0!==t.expiration&&i"
7187-dbf517257821735b.js,29163,/api/compass/rotation-map,"ngth>1?arguments[1]:void 0,n=arguments.length>2?arguments[2]:void 0,i=new URLSearchParams;void 0!==t.window&&i.set(""window"",t.window);let a=i.toString();return o(""/api/compass/breadth-calendar"".concat(a?""?"".concat(a):""""),e,n?{signal:n}:{})}async function tS(){let t=arguments.length>0&&void 0!==arguments[0]?arguments[0]:{},e=arguments.length>1?arguments[1]:void 0,n=arguments.length>2?arguments[2]:void 0,i=new URLSearchParams;void 0!==t.window&&i.set(""window"",t.window);let a=i.toString();return o(""/api/compass/rotation-map"".concat(a?""?"".concat(a):""""),e,n?{signal:n}:{})}async function tw(t,e,n){let i=new URLSearchParams;void 0!==t.window&&i.set(""window"",t.window),void 0!==t.expiration&&i.set(""expiration"",t.expiration),void 0!==t.strikes&&i.set(""strikes"",String(t.strikes)),void 0!==t.date&&i.set(""date"",t.date);let a=i.toString();return o(""/api/underlying/"".concat(encodeURIComponent(t.ticker),""/strike-flow"").concat(a?""?"".concat(a):""""),e,n?{signal:n}:{})}async function ty(t,e,n){let i=new URLSearchParams;void 0!==t.da"
7187-dbf517257821735b.js,29509,/api/underlying/,"rguments[1]:void 0,n=arguments.length>2?arguments[2]:void 0,i=new URLSearchParams;void 0!==t.window&&i.set(""window"",t.window);let a=i.toString();return o(""/api/compass/rotation-map"".concat(a?""?"".concat(a):""""),e,n?{signal:n}:{})}async function tw(t,e,n){let i=new URLSearchParams;void 0!==t.window&&i.set(""window"",t.window),void 0!==t.expiration&&i.set(""expiration"",t.expiration),void 0!==t.strikes&&i.set(""strikes"",String(t.strikes)),void 0!==t.date&&i.set(""date"",t.date);let a=i.toString();return o(""/api/underlying/"".concat(encodeURIComponent(t.ticker),""/strike-flow"").concat(a?""?"".concat(a):""""),e,n?{signal:n}:{})}async function ty(t,e,n){let i=new URLSearchParams;void 0!==t.date&&i.set(""date"",t.date),void 0!==t.expiration&&i.set(""expiration"",t.expiration),void 0!==t.strikes&&i.set(""strikes"",String(t.strikes));let a=i.toString();return o(""/api/underlying/"".concat(encodeURIComponent(t.ticker),""/strike-flow/session"").concat(a?""?"".concat(a):""""),e,n?{signal:n}:{})}async function tf(){let t=arguments.length>0&&vo"
7187-dbf517257821735b.js,29854,/api/underlying/,"&i.set(""expiration"",t.expiration),void 0!==t.strikes&&i.set(""strikes"",String(t.strikes)),void 0!==t.date&&i.set(""date"",t.date);let a=i.toString();return o(""/api/underlying/"".concat(encodeURIComponent(t.ticker),""/strike-flow"").concat(a?""?"".concat(a):""""),e,n?{signal:n}:{})}async function ty(t,e,n){let i=new URLSearchParams;void 0!==t.date&&i.set(""date"",t.date),void 0!==t.expiration&&i.set(""expiration"",t.expiration),void 0!==t.strikes&&i.set(""strikes"",String(t.strikes));let a=i.toString();return o(""/api/underlying/"".concat(encodeURIComponent(t.ticker),""/strike-flow/session"").concat(a?""?"".concat(a):""""),e,n?{signal:n}:{})}async function tf(){let t=arguments.length>0&&void 0!==arguments[0]?arguments[0]:{},e=arguments.length>1?arguments[1]:void 0,n=arguments.length>2?arguments[2]:void 0,i=new URLSearchParams;void 0!==t.limit&&i.set(""limit"",String(t.limit)),void 0!==t.lookback_days&&i.set(""lookback_days"",String(t.lookback_days)),void 0!==t.min_cluster&&i.set(""min_cluster"",String(t.min_cluster)),void 0!==t.min_t"
7187-dbf517257821735b.js,30876,/api/compass/repetitive-hits,"_volume&&i.set(""min_tower_volume"",String(t.min_tower_volume)),void 0!==t.min_tower_premium&&i.set(""min_tower_premium"",String(t.min_tower_premium)),void 0!==t.max_multi_leg_ratio&&i.set(""max_multi_leg_ratio"",String(t.max_multi_leg_ratio)),void 0!==t.min_tower_mult&&i.set(""min_tower_mult"",String(t.min_tower_mult)),void 0!==t.vol_similarity&&i.set(""vol_similarity"",String(t.vol_similarity)),void 0!==t.min_recent_share&&i.set(""min_recent_share"",String(t.min_recent_share));let a=i.toString();return o(""/api/compass/repetitive-hits"".concat(a?""?"".concat(a):""""),e,n?{signal:n}:{})}async function tk(){let t=arguments.length>0&&void 0!==arguments[0]?arguments[0]:{},e=arguments.length>1?arguments[1]:void 0,n=arguments.length>2?arguments[2]:void 0,i=new URLSearchParams;void 0!==t.limit&&i.set(""limit"",String(t.limit)),void 0!==t.min_premium&&i.set(""min_premium"",String(t.min_premium));let a=i.toString();return o(""/api/compass/large-opening-orders"".concat(a?""?"".concat(a):""""),e,n?{signal:n}:{})}let tx={maxRules:25,maxNameLen:80,maxCh"
7187-dbf517257821735b.js,31285,/api/compass/large-opening-orders,"nt_share&&i.set(""min_recent_share"",String(t.min_recent_share));let a=i.toString();return o(""/api/compass/repetitive-hits"".concat(a?""?"".concat(a):""""),e,n?{signal:n}:{})}async function tk(){let t=arguments.length>0&&void 0!==arguments[0]?arguments[0]:{},e=arguments.length>1?arguments[1]:void 0,n=arguments.length>2?arguments[2]:void 0,i=new URLSearchParams;void 0!==t.limit&&i.set(""limit"",String(t.limit)),void 0!==t.min_premium&&i.set(""min_premium"",String(t.min_premium));let a=i.toString();return o(""/api/compass/large-opening-orders"".concat(a?""?"".concat(a):""""),e,n?{signal:n}:{})}let tx={maxRules:25,maxNameLen:80,maxChannelsPerRule:5,minRateCap:1,maxRateCap:120,defaultRateCap:10};async function tP(t){return o(""/api/alerts"",t)}async function tb(t,e){return o(""/api/alerts"",e,{method:""POST"",headers:{""Content-Type"":""application/json""},body:JSON.stringify(t)})}async function tC(t,e,n){return o(""/api/alerts/"".concat(encodeURIComponent(t)),n,{method:""PUT"",headers:{""Content-Type"":""application/json""},body:JSON.stringify(e)})}async fu"
7187-dbf517257821735b.js,31499,/api/alerts,"void 0!==arguments[0]?arguments[0]:{},e=arguments.length>1?arguments[1]:void 0,n=arguments.length>2?arguments[2]:void 0,i=new URLSearchParams;void 0!==t.limit&&i.set(""limit"",String(t.limit)),void 0!==t.min_premium&&i.set(""min_premium"",String(t.min_premium));let a=i.toString();return o(""/api/compass/large-opening-orders"".concat(a?""?"".concat(a):""""),e,n?{signal:n}:{})}let tx={maxRules:25,maxNameLen:80,maxChannelsPerRule:5,minRateCap:1,maxRateCap:120,defaultRateCap:10};async function tP(t){return o(""/api/alerts"",t)}async function tb(t,e){return o(""/api/alerts"",e,{method:""POST"",headers:{""Content-Type"":""application/json""},body:JSON.stringify(t)})}async function tC(t,e,n){return o(""/api/alerts/"".concat(encodeURIComponent(t)),n,{method:""PUT"",headers:{""Content-Type"":""application/json""},body:JSON.stringify(e)})}async function tU(t,e){return o(""/api/alerts/"".concat(encodeURIComponent(t)),e,{method:""DELETE""})}async function tO(){var t;let e=arguments.length>0&&void 0!==arguments[0]?arguments[0]:{},n=arguments."
7187-dbf517257821735b.js,31548,/api/alerts,".length>1?arguments[1]:void 0,n=arguments.length>2?arguments[2]:void 0,i=new URLSearchParams;void 0!==t.limit&&i.set(""limit"",String(t.limit)),void 0!==t.min_premium&&i.set(""min_premium"",String(t.min_premium));let a=i.toString();return o(""/api/compass/large-opening-orders"".concat(a?""?"".concat(a):""""),e,n?{signal:n}:{})}let tx={maxRules:25,maxNameLen:80,maxChannelsPerRule:5,minRateCap:1,maxRateCap:120,defaultRateCap:10};async function tP(t){return o(""/api/alerts"",t)}async function tb(t,e){return o(""/api/alerts"",e,{method:""POST"",headers:{""Content-Type"":""application/json""},body:JSON.stringify(t)})}async function tC(t,e,n){return o(""/api/alerts/"".concat(encodeURIComponent(t)),n,{method:""PUT"",headers:{""Content-Type"":""application/json""},body:JSON.stringify(e)})}async function tU(t,e){return o(""/api/alerts/"".concat(encodeURIComponent(t)),e,{method:""DELETE""})}async function tO(){var t;let e=arguments.length>0&&void 0!==arguments[0]?arguments[0]:{},n=arguments.length>1?arguments[1]:void 0,i=new URLSearchParam"
7187-dbf517257821735b.js,31682,/api/alerts/,"limit)),void 0!==t.min_premium&&i.set(""min_premium"",String(t.min_premium));let a=i.toString();return o(""/api/compass/large-opening-orders"".concat(a?""?"".concat(a):""""),e,n?{signal:n}:{})}let tx={maxRules:25,maxNameLen:80,maxChannelsPerRule:5,minRateCap:1,maxRateCap:120,defaultRateCap:10};async function tP(t){return o(""/api/alerts"",t)}async function tb(t,e){return o(""/api/alerts"",e,{method:""POST"",headers:{""Content-Type"":""application/json""},body:JSON.stringify(t)})}async function tC(t,e,n){return o(""/api/alerts/"".concat(encodeURIComponent(t)),n,{method:""PUT"",headers:{""Content-Type"":""application/json""},body:JSON.stringify(e)})}async function tU(t,e){return o(""/api/alerts/"".concat(encodeURIComponent(t)),e,{method:""DELETE""})}async function tO(){var t;let e=arguments.length>0&&void 0!==arguments[0]?arguments[0]:{},n=arguments.length>1?arguments[1]:void 0,i=new URLSearchParams;return e.ruleId&&i.set(""rule_id"",e.ruleId),e.ticker&&i.set(""ticker"",e.ticker),i.set(""limit"",String(null!=(t=e.limit)?t:50)),e.paginat"
7187-dbf517257821735b.js,31844,/api/alerts/,"""""),e,n?{signal:n}:{})}let tx={maxRules:25,maxNameLen:80,maxChannelsPerRule:5,minRateCap:1,maxRateCap:120,defaultRateCap:10};async function tP(t){return o(""/api/alerts"",t)}async function tb(t,e){return o(""/api/alerts"",e,{method:""POST"",headers:{""Content-Type"":""application/json""},body:JSON.stringify(t)})}async function tC(t,e,n){return o(""/api/alerts/"".concat(encodeURIComponent(t)),n,{method:""PUT"",headers:{""Content-Type"":""application/json""},body:JSON.stringify(e)})}async function tU(t,e){return o(""/api/alerts/"".concat(encodeURIComponent(t)),e,{method:""DELETE""})}async function tO(){var t;let e=arguments.length>0&&void 0!==arguments[0]?arguments[0]:{},n=arguments.length>1?arguments[1]:void 0,i=new URLSearchParams;return e.ruleId&&i.set(""rule_id"",e.ruleId),e.ticker&&i.set(""ticker"",e.ticker),i.set(""limit"",String(null!=(t=e.limit)?t:50)),e.paginationToken&&i.set(""pagination_token"",e.paginationToken),o(""/api/alerts/events?"".concat(i.toString()),n)}async function tR(t,e){return o(""/api/alerts/events/acknowle"
7187-dbf517257821735b.js,32252,/api/alerts/events?,"""Content-Type"":""application/json""},body:JSON.stringify(e)})}async function tU(t,e){return o(""/api/alerts/"".concat(encodeURIComponent(t)),e,{method:""DELETE""})}async function tO(){var t;let e=arguments.length>0&&void 0!==arguments[0]?arguments[0]:{},n=arguments.length>1?arguments[1]:void 0,i=new URLSearchParams;return e.ruleId&&i.set(""rule_id"",e.ruleId),e.ticker&&i.set(""ticker"",e.ticker),i.set(""limit"",String(null!=(t=e.limit)?t:50)),e.paginationToken&&i.set(""pagination_token"",e.paginationToken),o(""/api/alerts/events?"".concat(i.toString()),n)}async function tR(t,e){return o(""/api/alerts/events/acknowledge"",e,{method:""POST"",headers:{""Content-Type"":""application/json""},body:JSON.stringify(t)})}async function tL(t,e){return o(""/api/alerts/events/acknowledge-bulk"",e,{method:""POST"",headers:{""Content-Type"":""application/json""},body:JSON.stringify({events:t})})}},64269:(t,e,n)=>{n.d(e,{cn:()=>o});var i=n(2821),a=n(75889);function o(){for(var t=arguments.length,e=Array(t),n=0;n<t;n++)e[n]=arguments[n];return(0,a.QP)((0"
7187-dbf517257821735b.js,32330,/api/alerts/events/acknowledge,"t,e){return o(""/api/alerts/"".concat(encodeURIComponent(t)),e,{method:""DELETE""})}async function tO(){var t;let e=arguments.length>0&&void 0!==arguments[0]?arguments[0]:{},n=arguments.length>1?arguments[1]:void 0,i=new URLSearchParams;return e.ruleId&&i.set(""rule_id"",e.ruleId),e.ticker&&i.set(""ticker"",e.ticker),i.set(""limit"",String(null!=(t=e.limit)?t:50)),e.paginationToken&&i.set(""pagination_token"",e.paginationToken),o(""/api/alerts/events?"".concat(i.toString()),n)}async function tR(t,e){return o(""/api/alerts/events/acknowledge"",e,{method:""POST"",headers:{""Content-Type"":""application/json""},body:JSON.stringify(t)})}async function tL(t,e){return o(""/api/alerts/events/acknowledge-bulk"",e,{method:""POST"",headers:{""Content-Type"":""application/json""},body:JSON.stringify({events:t})})}},64269:(t,e,n)=>{n.d(e,{cn:()=>o});var i=n(2821),a=n(75889);function o(){for(var t=arguments.length,e=Array(t),n=0;n<t;n++)e[n]=arguments[n];return(0,a.QP)((0,i.$)(e))}},65685:(t,e,n)=>{n.d(e,{D:()=>r});var i=n(12115),a=n(55485),o=n(86666);functio"
7187-dbf517257821735b.js,32481,/api/alerts/events/acknowledge-bulk,"0]?arguments[0]:{},n=arguments.length>1?arguments[1]:void 0,i=new URLSearchParams;return e.ruleId&&i.set(""rule_id"",e.ruleId),e.ticker&&i.set(""ticker"",e.ticker),i.set(""limit"",String(null!=(t=e.limit)?t:50)),e.paginationToken&&i.set(""pagination_token"",e.paginationToken),o(""/api/alerts/events?"".concat(i.toString()),n)}async function tR(t,e){return o(""/api/alerts/events/acknowledge"",e,{method:""POST"",headers:{""Content-Type"":""application/json""},body:JSON.stringify(t)})}async function tL(t,e){return o(""/api/alerts/events/acknowledge-bulk"",e,{method:""POST"",headers:{""Content-Type"":""application/json""},body:JSON.stringify({events:t})})}},64269:(t,e,n)=>{n.d(e,{cn:()=>o});var i=n(2821),a=n(75889);function o(){for(var t=arguments.length,e=Array(t),n=0;n<t;n++)e[n]=arguments[n];return(0,a.QP)((0,i.$)(e))}},65685:(t,e,n)=>{n.d(e,{D:()=>r});var i=n(12115),a=n(55485),o=n(86666);function r(){let{themeMode:t,setThemeMode:e,isDark:n,theme:r,monoFont:c}=(0,a.DP)(),s=(0,o.Z9)(t),l=(0,i.useCallback)(()=>{""system""===t?e(""dark""):""dark""===t?e(""lig"
7297-f12effc5f786481c.js,38601,/api/live-spot?symbol=,",(0,l.jsx)(""span"",{children:y(t[t.length-1][0])})]})]})}function F(e,t){let n=(0,o.K)({symbol:e||""SPY"",enabled:t&&!!e,resolution:""1s""});return t&&n.connected&&n.bars&&n.bars.length?n.bars[n.bars.length-1].c:void 0}function z(e,t){var n;let l=(0,o.K)({symbol:e||""SPY"",enabled:t&&!!e,resolution:""1s""}),r=(0,a.useRef)(void 0),s=l.bars&&l.bars.length?l.bars[l.bars.length-1].c:void 0;null!=s&&(r.current=s);let[c,i]=(0,a.useState)(void 0);return(0,a.useEffect)(()=>{if(!t||!e)return;let n=!0,l=()=>fetch(""/api/live-spot?symbol="".concat(encodeURIComponent(e)),{cache:""no-store""}).then(e=>e.ok?e.json():null).then(e=>{n&&e&&null!=e.px&&i(e.px)}).catch(()=>{});l();let a=setInterval(l,2e3);return()=>{n=!1,clearInterval(a)}},[e,t]),{px:null!=(n=null!=s?s:r.current)?n:c,live:t&&l.connected&&null!=s}}function C(e,t,n){let l=/^([A-Z]+) (\d+(?:\.\d+)?)([CP])$/.exec(e||""""),a=l&&t?(0,s.$q)(l[1],t,l[3],Number(l[2])):null,r=n&&!!a&&function(e){if(!e)return!1;let t=new Date,n=new Intl.DateTimeFormat(""en-US"",{timeZone:""America/New_York"
7297-f12effc5f786481c.js,65307,https://discord.com/api/webhooks/…,"er(e=>e!==t):l:[...l,t]},P=e=>(0,l.jsx)(""span"",{style:{fontSize:8.5,letterSpacing:""0.12em"",color:o.textMuted},children:e}),_=()=>{var e,t,a,r,s,c,i,d;return(0,l.jsxs)(""div"",{className:""flex flex-col gap-2 rounded-xl p-3"",style:{background:n.ink(.05),border:""1px solid "".concat(n.accent,""55""),boxShadow:""inset 0 1px 0 "".concat(n.ink(.04),"", 0 0 24px "").concat(n.accent,""11"")},children:[""new""===g&&(0,l.jsx)(""input"",{value:null!=(t=m.url)?t:"""",onChange:e=>f(t=>({...t,url:e.target.value})),placeholder:""https://discord.com/api/webhooks/…"",autoFocus:!0,className:""w-full rounded-lg px-2.5 py-2"",style:{fontSize:12,minHeight:36,background:n.ink(.05),border:""1px solid "".concat(n.ink(.14)),color:o.textPrimary,outline:""none""}}),(0,l.jsxs)(""div"",{className:""flex items-center gap-1.5"",children:[P(""NAME""),(0,l.jsx)(""input"",{value:null!=(a=m.name)?a:"""",onChange:e=>f(t=>({...t,name:e.target.value})),placeholder:""e.g. #0dte-alerts"",className:""min-w-0 flex-1 rounded px-2 py-1"",style:{fontSize:11,background:n.ink(.05),border:""1px solid "".conca"
7883-6592990794d20510.js,2064,/api/ohlcv/symbols,"get(t);return e&&Date.now()-e.time<6e5?e.data:null}(n,0);if(e)return e;let l=d.get(n);if(l)return l;let r=(async()=>{let e=await h("""".concat(a,""/contracts?root="").concat(encodeURIComponent(t.toUpperCase())));if(!e.ok)throw Error(""Contracts failed ["".concat(e.status,""]""));let l=await e.json();return f.set(n,{data:l,time:Date.now()}),l})().finally(()=>{d.delete(n)});return d.set(n,r),r}async function m(t){var n;let e=new URLSearchParams;t&&e.set(""kinds"",t);let l=e.toString(),r=await h("""".concat(a,""/api/ohlcv/symbols"").concat(l?""?"".concat(l):""""));if(!r.ok)throw Error(""Chart symbols failed ["".concat(r.status,""]""));return(null!=(n=(await r.json()).symbols)?n:[]).map(t=>{var n;return{...t,displayName:null!=(n=t.displayName)?n:""VIX""===t.name?""CVIX"":void 0}})}function p(t,n){if(n<=1)return t;let e=new Map,l=60*n;for(let o of t){let t=new Date(o.time+""Z"").getTime()/1e3,a=n>=1440?(0,r.bY)(t)+""T00:00:00"":new Date(Math.floor(t/l)*l*1e3).toISOString().slice(0,19),u=e.get(a);u?(u.high=Math.max(u.high,o.high),u.low=Math"
8593-0b7dc0fa05075470.js,1023,/agents/,"ge.getItem(""agentzero_refresh_token"");if(!e)throw Error(""No refresh token available"");let t=await a.A.post(""/auth/refresh"",{refresh_token:e});return a.A.setToken(t.token),localStorage.setItem(""agentzero_refresh_token"",t.refresh_token),t}async getCurrentUser(){return a.A.get(""/auth/me"")}logout(){a.A.setToken(null),localStorage.removeItem(""agentzero_refresh_token"")}isAuthenticated(){return!!a.A.getToken()}}new s;class r{async listAgents(){return a.A.get(""/agents"")}async getAgent(e){return a.A.get(""/agents/"".concat(e))}async createAgent(e,t,n){return a.A.post(""/agents"",{name:e,description:t,config:n})}async updateAgent(e,t){return a.A.put(""/agents/"".concat(e),t)}async deleteAgent(e){await a.A.delete(""/agents/"".concat(e))}async startAgent(e){return a.A.post(""/agents/"".concat(e,""/start""))}async pauseAgent(e){return a.A.post(""/agents/"".concat(e,""/pause""))}async getAgentStats(e){return a.A.get(""/agents/"".concat(e,""/stats""))}async listTemplates(){return a.A.get(""/agents/templates"")}async createFromTempl"
8593-0b7dc0fa05075470.js,1167,/agents/,"turn a.A.setToken(t.token),localStorage.setItem(""agentzero_refresh_token"",t.refresh_token),t}async getCurrentUser(){return a.A.get(""/auth/me"")}logout(){a.A.setToken(null),localStorage.removeItem(""agentzero_refresh_token"")}isAuthenticated(){return!!a.A.getToken()}}new s;class r{async listAgents(){return a.A.get(""/agents"")}async getAgent(e){return a.A.get(""/agents/"".concat(e))}async createAgent(e,t,n){return a.A.post(""/agents"",{name:e,description:t,config:n})}async updateAgent(e,t){return a.A.put(""/agents/"".concat(e),t)}async deleteAgent(e){await a.A.delete(""/agents/"".concat(e))}async startAgent(e){return a.A.post(""/agents/"".concat(e,""/start""))}async pauseAgent(e){return a.A.post(""/agents/"".concat(e,""/pause""))}async getAgentStats(e){return a.A.get(""/agents/"".concat(e,""/stats""))}async listTemplates(){return a.A.get(""/agents/templates"")}async createFromTemplate(e,t){return a.A.post(""/agents/from-template/"".concat(e),t?{name:t}:void 0)}}let o=new r;class i{async listSetups(){let e=arguments.length>0&"
8593-0b7dc0fa05075470.js,1229,/agents/,"resh_token"",t.refresh_token),t}async getCurrentUser(){return a.A.get(""/auth/me"")}logout(){a.A.setToken(null),localStorage.removeItem(""agentzero_refresh_token"")}isAuthenticated(){return!!a.A.getToken()}}new s;class r{async listAgents(){return a.A.get(""/agents"")}async getAgent(e){return a.A.get(""/agents/"".concat(e))}async createAgent(e,t,n){return a.A.post(""/agents"",{name:e,description:t,config:n})}async updateAgent(e,t){return a.A.put(""/agents/"".concat(e),t)}async deleteAgent(e){await a.A.delete(""/agents/"".concat(e))}async startAgent(e){return a.A.post(""/agents/"".concat(e,""/start""))}async pauseAgent(e){return a.A.post(""/agents/"".concat(e,""/pause""))}async getAgentStats(e){return a.A.get(""/agents/"".concat(e,""/stats""))}async listTemplates(){return a.A.get(""/agents/templates"")}async createFromTemplate(e,t){return a.A.post(""/agents/from-template/"".concat(e),t?{name:t}:void 0)}}let o=new r;class i{async listSetups(){let e=arguments.length>0&&void 0!==arguments[0]?arguments[0]:50;return a.A.get(""/setups"
8593-0b7dc0fa05075470.js,1287,/agents/,"rn a.A.get(""/auth/me"")}logout(){a.A.setToken(null),localStorage.removeItem(""agentzero_refresh_token"")}isAuthenticated(){return!!a.A.getToken()}}new s;class r{async listAgents(){return a.A.get(""/agents"")}async getAgent(e){return a.A.get(""/agents/"".concat(e))}async createAgent(e,t,n){return a.A.post(""/agents"",{name:e,description:t,config:n})}async updateAgent(e,t){return a.A.put(""/agents/"".concat(e),t)}async deleteAgent(e){await a.A.delete(""/agents/"".concat(e))}async startAgent(e){return a.A.post(""/agents/"".concat(e,""/start""))}async pauseAgent(e){return a.A.post(""/agents/"".concat(e,""/pause""))}async getAgentStats(e){return a.A.get(""/agents/"".concat(e,""/stats""))}async listTemplates(){return a.A.get(""/agents/templates"")}async createFromTemplate(e,t){return a.A.post(""/agents/from-template/"".concat(e),t?{name:t}:void 0)}}let o=new r;class i{async listSetups(){let e=arguments.length>0&&void 0!==arguments[0]?arguments[0]:50;return a.A.get(""/setups?limit="".concat(e))}async getSetup(e){return a.A.get(""/set"
8593-0b7dc0fa05075470.js,1354,/agents/,"oveItem(""agentzero_refresh_token"")}isAuthenticated(){return!!a.A.getToken()}}new s;class r{async listAgents(){return a.A.get(""/agents"")}async getAgent(e){return a.A.get(""/agents/"".concat(e))}async createAgent(e,t,n){return a.A.post(""/agents"",{name:e,description:t,config:n})}async updateAgent(e,t){return a.A.put(""/agents/"".concat(e),t)}async deleteAgent(e){await a.A.delete(""/agents/"".concat(e))}async startAgent(e){return a.A.post(""/agents/"".concat(e,""/start""))}async pauseAgent(e){return a.A.post(""/agents/"".concat(e,""/pause""))}async getAgentStats(e){return a.A.get(""/agents/"".concat(e,""/stats""))}async listTemplates(){return a.A.get(""/agents/templates"")}async createFromTemplate(e,t){return a.A.post(""/agents/from-template/"".concat(e),t?{name:t}:void 0)}}let o=new r;class i{async listSetups(){let e=arguments.length>0&&void 0!==arguments[0]?arguments[0]:50;return a.A.get(""/setups?limit="".concat(e))}async getSetup(e){return a.A.get(""/setups/"".concat(e))}async getAgentSetups(e){return a.A.get(""/agents/""."
8593-0b7dc0fa05075470.js,1423,/agents/,"oken()}}new s;class r{async listAgents(){return a.A.get(""/agents"")}async getAgent(e){return a.A.get(""/agents/"".concat(e))}async createAgent(e,t,n){return a.A.post(""/agents"",{name:e,description:t,config:n})}async updateAgent(e,t){return a.A.put(""/agents/"".concat(e),t)}async deleteAgent(e){await a.A.delete(""/agents/"".concat(e))}async startAgent(e){return a.A.post(""/agents/"".concat(e,""/start""))}async pauseAgent(e){return a.A.post(""/agents/"".concat(e,""/pause""))}async getAgentStats(e){return a.A.get(""/agents/"".concat(e,""/stats""))}async listTemplates(){return a.A.get(""/agents/templates"")}async createFromTemplate(e,t){return a.A.post(""/agents/from-template/"".concat(e),t?{name:t}:void 0)}}let o=new r;class i{async listSetups(){let e=arguments.length>0&&void 0!==arguments[0]?arguments[0]:50;return a.A.get(""/setups?limit="".concat(e))}async getSetup(e){return a.A.get(""/setups/"".concat(e))}async getAgentSetups(e){return a.A.get(""/agents/"".concat(e,""/setups""))}async enterSetup(e){return a.A.post(""/setups/"".c"
8593-0b7dc0fa05075470.js,1491,/agents/templates,"sync getAgent(e){return a.A.get(""/agents/"".concat(e))}async createAgent(e,t,n){return a.A.post(""/agents"",{name:e,description:t,config:n})}async updateAgent(e,t){return a.A.put(""/agents/"".concat(e),t)}async deleteAgent(e){await a.A.delete(""/agents/"".concat(e))}async startAgent(e){return a.A.post(""/agents/"".concat(e,""/start""))}async pauseAgent(e){return a.A.post(""/agents/"".concat(e,""/pause""))}async getAgentStats(e){return a.A.get(""/agents/"".concat(e,""/stats""))}async listTemplates(){return a.A.get(""/agents/templates"")}async createFromTemplate(e,t){return a.A.post(""/agents/from-template/"".concat(e),t?{name:t}:void 0)}}let o=new r;class i{async listSetups(){let e=arguments.length>0&&void 0!==arguments[0]?arguments[0]:50;return a.A.get(""/setups?limit="".concat(e))}async getSetup(e){return a.A.get(""/setups/"".concat(e))}async getAgentSetups(e){return a.A.get(""/agents/"".concat(e,""/setups""))}async enterSetup(e){return a.A.post(""/setups/"".concat(e,""/enter""))}async closeSetup(e,t,n){return a.A.post(""/setups/"".concat("
8593-0b7dc0fa05075470.js,1558,/agents/from-template/,"gent(e,t,n){return a.A.post(""/agents"",{name:e,description:t,config:n})}async updateAgent(e,t){return a.A.put(""/agents/"".concat(e),t)}async deleteAgent(e){await a.A.delete(""/agents/"".concat(e))}async startAgent(e){return a.A.post(""/agents/"".concat(e,""/start""))}async pauseAgent(e){return a.A.post(""/agents/"".concat(e,""/pause""))}async getAgentStats(e){return a.A.get(""/agents/"".concat(e,""/stats""))}async listTemplates(){return a.A.get(""/agents/templates"")}async createFromTemplate(e,t){return a.A.post(""/agents/from-template/"".concat(e),t?{name:t}:void 0)}}let o=new r;class i{async listSetups(){let e=arguments.length>0&&void 0!==arguments[0]?arguments[0]:50;return a.A.get(""/setups?limit="".concat(e))}async getSetup(e){return a.A.get(""/setups/"".concat(e))}async getAgentSetups(e){return a.A.get(""/agents/"".concat(e,""/setups""))}async enterSetup(e){return a.A.post(""/setups/"".concat(e,""/enter""))}async closeSetup(e,t,n){return a.A.post(""/setups/"".concat(e,""/close""),{exit_price:t,exit_reason:n})}async getIndexFlow(){return a."
8593-0b7dc0fa05075470.js,1731,/setups?limit=,"agents/"".concat(e))}async startAgent(e){return a.A.post(""/agents/"".concat(e,""/start""))}async pauseAgent(e){return a.A.post(""/agents/"".concat(e,""/pause""))}async getAgentStats(e){return a.A.get(""/agents/"".concat(e,""/stats""))}async listTemplates(){return a.A.get(""/agents/templates"")}async createFromTemplate(e,t){return a.A.post(""/agents/from-template/"".concat(e),t?{name:t}:void 0)}}let o=new r;class i{async listSetups(){let e=arguments.length>0&&void 0!==arguments[0]?arguments[0]:50;return a.A.get(""/setups?limit="".concat(e))}async getSetup(e){return a.A.get(""/setups/"".concat(e))}async getAgentSetups(e){return a.A.get(""/agents/"".concat(e,""/setups""))}async enterSetup(e){return a.A.post(""/setups/"".concat(e,""/enter""))}async closeSetup(e,t,n){return a.A.post(""/setups/"".concat(e,""/close""),{exit_price:t,exit_reason:n})}async getIndexFlow(){return a.A.get(""/index-flow"")}}new i;class l{getWsUrl(){let e=""http://localhost:8000/api/v1"".replace(""http://"",""ws://"").replace(""https://"",""wss://""),t=a.A.getToken();return"""""
8593-0b7dc0fa05075470.js,1792,/setups/,"nts/"".concat(e,""/start""))}async pauseAgent(e){return a.A.post(""/agents/"".concat(e,""/pause""))}async getAgentStats(e){return a.A.get(""/agents/"".concat(e,""/stats""))}async listTemplates(){return a.A.get(""/agents/templates"")}async createFromTemplate(e,t){return a.A.post(""/agents/from-template/"".concat(e),t?{name:t}:void 0)}}let o=new r;class i{async listSetups(){let e=arguments.length>0&&void 0!==arguments[0]?arguments[0]:50;return a.A.get(""/setups?limit="".concat(e))}async getSetup(e){return a.A.get(""/setups/"".concat(e))}async getAgentSetups(e){return a.A.get(""/agents/"".concat(e,""/setups""))}async enterSetup(e){return a.A.post(""/setups/"".concat(e,""/enter""))}async closeSetup(e,t,n){return a.A.post(""/setups/"".concat(e,""/close""),{exit_price:t,exit_reason:n})}async getIndexFlow(){return a.A.get(""/index-flow"")}}new i;class l{getWsUrl(){let e=""http://localhost:8000/api/v1"".replace(""http://"",""ws://"").replace(""https://"",""wss://""),t=a.A.getToken();return"""".concat(e,""/ws?token="").concat(t)}connect(){return this"
8593-0b7dc0fa05075470.js,1853,/agents/,"(""/agents/"".concat(e,""/pause""))}async getAgentStats(e){return a.A.get(""/agents/"".concat(e,""/stats""))}async listTemplates(){return a.A.get(""/agents/templates"")}async createFromTemplate(e,t){return a.A.post(""/agents/from-template/"".concat(e),t?{name:t}:void 0)}}let o=new r;class i{async listSetups(){let e=arguments.length>0&&void 0!==arguments[0]?arguments[0]:50;return a.A.get(""/setups?limit="".concat(e))}async getSetup(e){return a.A.get(""/setups/"".concat(e))}async getAgentSetups(e){return a.A.get(""/agents/"".concat(e,""/setups""))}async enterSetup(e){return a.A.post(""/setups/"".concat(e,""/enter""))}async closeSetup(e,t,n){return a.A.post(""/setups/"".concat(e,""/close""),{exit_price:t,exit_reason:n})}async getIndexFlow(){return a.A.get(""/index-flow"")}}new i;class l{getWsUrl(){let e=""http://localhost:8000/api/v1"".replace(""http://"",""ws://"").replace(""https://"",""wss://""),t=a.A.getToken();return"""".concat(e,""/ws?token="").concat(t)}connect(){return this.connectionPromise||(this.connectionPromise=new Promise((e,t)"
8593-0b7dc0fa05075470.js,1873,/setups,",""/pause""))}async getAgentStats(e){return a.A.get(""/agents/"".concat(e,""/stats""))}async listTemplates(){return a.A.get(""/agents/templates"")}async createFromTemplate(e,t){return a.A.post(""/agents/from-template/"".concat(e),t?{name:t}:void 0)}}let o=new r;class i{async listSetups(){let e=arguments.length>0&&void 0!==arguments[0]?arguments[0]:50;return a.A.get(""/setups?limit="".concat(e))}async getSetup(e){return a.A.get(""/setups/"".concat(e))}async getAgentSetups(e){return a.A.get(""/agents/"".concat(e,""/setups""))}async enterSetup(e){return a.A.post(""/setups/"".concat(e,""/enter""))}async closeSetup(e,t,n){return a.A.post(""/setups/"".concat(e,""/close""),{exit_price:t,exit_reason:n})}async getIndexFlow(){return a.A.get(""/index-flow"")}}new i;class l{getWsUrl(){let e=""http://localhost:8000/api/v1"".replace(""http://"",""ws://"").replace(""https://"",""wss://""),t=a.A.getToken();return"""".concat(e,""/ws?token="").concat(t)}connect(){return this.connectionPromise||(this.connectionPromise=new Promise((e,t)=>{var n;if((null=="
8593-0b7dc0fa05075470.js,1921,/setups/,"t(""/agents/"".concat(e,""/stats""))}async listTemplates(){return a.A.get(""/agents/templates"")}async createFromTemplate(e,t){return a.A.post(""/agents/from-template/"".concat(e),t?{name:t}:void 0)}}let o=new r;class i{async listSetups(){let e=arguments.length>0&&void 0!==arguments[0]?arguments[0]:50;return a.A.get(""/setups?limit="".concat(e))}async getSetup(e){return a.A.get(""/setups/"".concat(e))}async getAgentSetups(e){return a.A.get(""/agents/"".concat(e,""/setups""))}async enterSetup(e){return a.A.post(""/setups/"".concat(e,""/enter""))}async closeSetup(e,t,n){return a.A.post(""/setups/"".concat(e,""/close""),{exit_price:t,exit_reason:n})}async getIndexFlow(){return a.A.get(""/index-flow"")}}new i;class l{getWsUrl(){let e=""http://localhost:8000/api/v1"".replace(""http://"",""ws://"").replace(""https://"",""wss://""),t=a.A.getToken();return"""".concat(e,""/ws?token="").concat(t)}connect(){return this.connectionPromise||(this.connectionPromise=new Promise((e,t)=>{var n;if((null==(n=this.ws)?void 0:n.readyState)===WebSocket.OPEN"
8593-0b7dc0fa05075470.js,1992,/setups/,"/agents/templates"")}async createFromTemplate(e,t){return a.A.post(""/agents/from-template/"".concat(e),t?{name:t}:void 0)}}let o=new r;class i{async listSetups(){let e=arguments.length>0&&void 0!==arguments[0]?arguments[0]:50;return a.A.get(""/setups?limit="".concat(e))}async getSetup(e){return a.A.get(""/setups/"".concat(e))}async getAgentSetups(e){return a.A.get(""/agents/"".concat(e,""/setups""))}async enterSetup(e){return a.A.post(""/setups/"".concat(e,""/enter""))}async closeSetup(e,t,n){return a.A.post(""/setups/"".concat(e,""/close""),{exit_price:t,exit_reason:n})}async getIndexFlow(){return a.A.get(""/index-flow"")}}new i;class l{getWsUrl(){let e=""http://localhost:8000/api/v1"".replace(""http://"",""ws://"").replace(""https://"",""wss://""),t=a.A.getToken();return"""".concat(e,""/ws?token="").concat(t)}connect(){return this.connectionPromise||(this.connectionPromise=new Promise((e,t)=>{var n;if((null==(n=this.ws)?void 0:n.readyState)===WebSocket.OPEN)return void e();let a=this.getWsUrl();this.ws=new WebSocket(a),this.ws"
8593-0b7dc0fa05075470.js,2135,http://localhost:8000/api/v1,"ync listSetups(){let e=arguments.length>0&&void 0!==arguments[0]?arguments[0]:50;return a.A.get(""/setups?limit="".concat(e))}async getSetup(e){return a.A.get(""/setups/"".concat(e))}async getAgentSetups(e){return a.A.get(""/agents/"".concat(e,""/setups""))}async enterSetup(e){return a.A.post(""/setups/"".concat(e,""/enter""))}async closeSetup(e,t,n){return a.A.post(""/setups/"".concat(e,""/close""),{exit_price:t,exit_reason:n})}async getIndexFlow(){return a.A.get(""/index-flow"")}}new i;class l{getWsUrl(){let e=""http://localhost:8000/api/v1"".replace(""http://"",""ws://"").replace(""https://"",""wss://""),t=a.A.getToken();return"""".concat(e,""/ws?token="").concat(t)}connect(){return this.connectionPromise||(this.connectionPromise=new Promise((e,t)=>{var n;if((null==(n=this.ws)?void 0:n.readyState)===WebSocket.OPEN)return void e();let a=this.getWsUrl();this.ws=new WebSocket(a),this.ws.onopen=()=>{console.log(""WebSocket connected""),this.reconnectAttempts=0,this.subscriptions.forEach(e=>{this.sendSubscribe(e)}),e()},this.ws.onmessage=e=>{try{let"
8593-0b7dc0fa05075470.js,10114,/agents/,"&&(n.agentId=e.agentId),""all""!==e.type&&(n.type=e.type),e.symbols.length>0&&(n.symbols=e.symbols),e.minConfidence>0&&(n.minConfidence=e.minConfidence),""all""!==e.timeRange){let t,a=new Date;switch(e.timeRange){case""1h"":t=new Date(a.getTime()-36e5);break;case""24h"":t=new Date(a.getTime()-864e5);break;case""7d"":t=new Date(a.getTime()-6048e5);break;case""30d"":t=new Date(a.getTime()-2592e6);break;default:t=a}n.since=t.toISOString()}return this.listOutputs(n)}async getAgentOutputCounts(e){return a.A.get(""/agents/"".concat(e,""/output-counts""))}getScanTypeLabel(e){if(!e)return"""";switch(e){case""super-saiyan"":return""Super Saiyan"";case""detailed"":return""Detailed"";case""full"":return""Full"";default:return e}}getOutputTypeColor(e){switch(e){case""setup"":return""#4ade80"";case""idea"":return""#facc15"";case""insight"":return""#a78bfa"";default:return""#90bff9""}}getConfidenceLabel(e){return e>=90?""Very High"":e>=75?""High"":e>=50?""Medium"":""Low""}formatRelativeTime(e){let t=new Date,n=new Date(e),a=Math.floor((t.getTime()-n.getTime())"
8593-0b7dc0fa05075470.js,14902,/skills,"ath.random())+10}}),milestones:[{id:""m1"",title:""100 Feedback Milestone"",description:""Reached 100 feedback submissions"",achievedAt:new Date(Date.now()-6048e5).toISOString()},{id:""m2"",title:""80% Accuracy"",description:""Setup detection accuracy reached 80%"",achievedAt:new Date(Date.now()-2592e5).toISOString()}]}}constructor(){this.feedbackCache=new Map,this.outcomesCache=new Map}}let r=new s},28511:(e,t,n)=>{n.d(t,{_:()=>r});var a=n(75183);class s{async getAvailableSkills(){try{return await a.A.get(""/skills"")}catch(t){let{DEFAULT_AGENT_SKILLS:e}=await Promise.resolve().then(n.bind(n,83256));return e}}async getAgentSkills(e){try{return await a.A.get(""/agents/"".concat(e,""/skills""))}catch(t){let{DEFAULT_AGENT_SKILLS:e}=await Promise.resolve().then(n.bind(n,83256));return e.slice(0,3)}}async executeSkill(e){let t=""exec-"".concat(Date.now(),""-"").concat(Math.random().toString(36).substr(2,9)),n={id:t,skillId:e.skillId,agentId:e.agentId,status:""pending"",startedAt:new Date().toISOString(),resultsCount:0,par"
8593-0b7dc0fa05075470.js,15055,/agents/,"8e5).toISOString()},{id:""m2"",title:""80% Accuracy"",description:""Setup detection accuracy reached 80%"",achievedAt:new Date(Date.now()-2592e5).toISOString()}]}}constructor(){this.feedbackCache=new Map,this.outcomesCache=new Map}}let r=new s},28511:(e,t,n)=>{n.d(t,{_:()=>r});var a=n(75183);class s{async getAvailableSkills(){try{return await a.A.get(""/skills"")}catch(t){let{DEFAULT_AGENT_SKILLS:e}=await Promise.resolve().then(n.bind(n,83256));return e}}async getAgentSkills(e){try{return await a.A.get(""/agents/"".concat(e,""/skills""))}catch(t){let{DEFAULT_AGENT_SKILLS:e}=await Promise.resolve().then(n.bind(n,83256));return e.slice(0,3)}}async executeSkill(e){let t=""exec-"".concat(Date.now(),""-"").concat(Math.random().toString(36).substr(2,9)),n={id:t,skillId:e.skillId,agentId:e.agentId,status:""pending"",startedAt:new Date().toISOString(),resultsCount:0,parameters:e.parameters};this.activeExecutions.set(t,n),this.notifyListeners(t,n);try{let s=await a.A.post(""/skills/execute"",e),r={...n,...s.execution,status"
8593-0b7dc0fa05075470.js,15075,/skills,"{id:""m2"",title:""80% Accuracy"",description:""Setup detection accuracy reached 80%"",achievedAt:new Date(Date.now()-2592e5).toISOString()}]}}constructor(){this.feedbackCache=new Map,this.outcomesCache=new Map}}let r=new s},28511:(e,t,n)=>{n.d(t,{_:()=>r});var a=n(75183);class s{async getAvailableSkills(){try{return await a.A.get(""/skills"")}catch(t){let{DEFAULT_AGENT_SKILLS:e}=await Promise.resolve().then(n.bind(n,83256));return e}}async getAgentSkills(e){try{return await a.A.get(""/agents/"".concat(e,""/skills""))}catch(t){let{DEFAULT_AGENT_SKILLS:e}=await Promise.resolve().then(n.bind(n,83256));return e.slice(0,3)}}async executeSkill(e){let t=""exec-"".concat(Date.now(),""-"").concat(Math.random().toString(36).substr(2,9)),n={id:t,skillId:e.skillId,agentId:e.agentId,status:""pending"",startedAt:new Date().toISOString(),resultsCount:0,parameters:e.parameters};this.activeExecutions.set(t,n),this.notifyListeners(t,n);try{let s=await a.A.post(""/skills/execute"",e),r={...n,...s.execution,status:""completed"",comple"
8593-0b7dc0fa05075470.js,15515,/skills/execute,"AgentSkills(e){try{return await a.A.get(""/agents/"".concat(e,""/skills""))}catch(t){let{DEFAULT_AGENT_SKILLS:e}=await Promise.resolve().then(n.bind(n,83256));return e.slice(0,3)}}async executeSkill(e){let t=""exec-"".concat(Date.now(),""-"").concat(Math.random().toString(36).substr(2,9)),n={id:t,skillId:e.skillId,agentId:e.agentId,status:""pending"",startedAt:new Date().toISOString(),resultsCount:0,parameters:e.parameters};this.activeExecutions.set(t,n),this.notifyListeners(t,n);try{let s=await a.A.post(""/skills/execute"",e),r={...n,...s.execution,status:""completed"",completedAt:new Date().toISOString()};return this.activeExecutions.set(t,r),this.notifyListeners(t,r),r}catch(t){return this.simulateExecution(n,e)}}async simulateExecution(e,t){let n={...e,status:""running""};this.activeExecutions.set(e.id,n),this.notifyListeners(e.id,n),await new Promise(e=>setTimeout(e,2e3+2e3*Math.random()));let a=""super-saiyan""===t.skillId?Math.floor(4*Math.random())+1:Math.floor(6*Math.random())+2,s={...e,status:""completed"",compl"
8593-0b7dc0fa05075470.js,18426,/agents/,"utions.get(e)}subscribeToExecution(e,t){return this.executionListeners.has(e)||this.executionListeners.set(e,new Set),this.executionListeners.get(e).add(t),()=>{var n;null==(n=this.executionListeners.get(e))||n.delete(t)}}notifyListeners(e,t){var n;null==(n=this.executionListeners.get(e))||n.forEach(e=>e(t))}async getExecutionHistory(e,t){let n=arguments.length>2&&void 0!==arguments[2]?arguments[2]:20;try{let s=new URLSearchParams({limit:String(n)});return t&&s.append(""skillId"",t),await a.A.get(""/agents/"".concat(e,""/executions?"").concat(s))}catch(t){return this.getMockExecutionHistory(e,n)}}getMockExecutionHistory(e,t){let n=[],a=[""super-saiyan"",""quick-scan"",""flow-analysis""];for(let s=0;s<t;s++){let t=Date.now()-(s+1)*18e5,r=2e3+3e3*Math.random();n.push({id:""exec-"".concat(e,""-"").concat(s),skillId:a[Math.floor(Math.random()*a.length)],agentId:e,status:""completed"",startedAt:new Date(t).toISOString(),completedAt:new Date(t+r).toISOString(),duration:r,resultsCount:Math.floor(5*Math.random())+1,param"
8593-0b7dc0fa05075470.js,19128,/skills/schedule,"+){let t=Date.now()-(s+1)*18e5,r=2e3+3e3*Math.random();n.push({id:""exec-"".concat(e,""-"").concat(s),skillId:a[Math.floor(Math.random()*a.length)],agentId:e,status:""completed"",startedAt:new Date(t).toISOString(),completedAt:new Date(t+r).toISOString(),duration:r,resultsCount:Math.floor(5*Math.random())+1,parameters:{mode:""FULL"",minRiskReward:3,minScore:70,directions:""BOTH"",entryNodeTypes:[""king"",""gatekeeper""],requireVoidZone:!0,minVoidPercent:2}})}return n}async scheduleSkill(e){try{await a.A.post(""/skills/schedule"",e)}catch(t){console.log(""Schedule saved locally:"",e)}}async updateSchedule(e,t,n){try{await a.A.put(""/agents/"".concat(e,""/skills/"").concat(t,""/schedule""),n)}catch(a){console.log(""Schedule updated locally:"",{agentId:e,skillId:t,schedule:n})}}async deleteSchedule(e,t){try{await a.A.delete(""/agents/"".concat(e,""/skills/"").concat(t,""/schedule""))}catch(n){console.log(""Schedule deleted locally:"",{agentId:e,skillId:t})}}constructor(){this.activeExecutions=new Map,this.executionListeners=new Map}}let r="
8593-0b7dc0fa05075470.js,19247,/agents/,"Math.random()*a.length)],agentId:e,status:""completed"",startedAt:new Date(t).toISOString(),completedAt:new Date(t+r).toISOString(),duration:r,resultsCount:Math.floor(5*Math.random())+1,parameters:{mode:""FULL"",minRiskReward:3,minScore:70,directions:""BOTH"",entryNodeTypes:[""king"",""gatekeeper""],requireVoidZone:!0,minVoidPercent:2}})}return n}async scheduleSkill(e){try{await a.A.post(""/skills/schedule"",e)}catch(t){console.log(""Schedule saved locally:"",e)}}async updateSchedule(e,t,n){try{await a.A.put(""/agents/"".concat(e,""/skills/"").concat(t,""/schedule""),n)}catch(a){console.log(""Schedule updated locally:"",{agentId:e,skillId:t,schedule:n})}}async deleteSchedule(e,t){try{await a.A.delete(""/agents/"".concat(e,""/skills/"").concat(t,""/schedule""))}catch(n){console.log(""Schedule deleted locally:"",{agentId:e,skillId:t})}}constructor(){this.activeExecutions=new Map,this.executionListeners=new Map}}let r=new s},41487:(e,t,n)=>{n.d(t,{L:()=>i});var a=n(46359),s=n(83892),r=n(33766),o=n(8269);function i(){var e,t,n;l"
8593-0b7dc0fa05075470.js,19267,/skills/,"th)],agentId:e,status:""completed"",startedAt:new Date(t).toISOString(),completedAt:new Date(t+r).toISOString(),duration:r,resultsCount:Math.floor(5*Math.random())+1,parameters:{mode:""FULL"",minRiskReward:3,minScore:70,directions:""BOTH"",entryNodeTypes:[""king"",""gatekeeper""],requireVoidZone:!0,minVoidPercent:2}})}return n}async scheduleSkill(e){try{await a.A.post(""/skills/schedule"",e)}catch(t){console.log(""Schedule saved locally:"",e)}}async updateSchedule(e,t,n){try{await a.A.put(""/agents/"".concat(e,""/skills/"").concat(t,""/schedule""),n)}catch(a){console.log(""Schedule updated locally:"",{agentId:e,skillId:t,schedule:n})}}async deleteSchedule(e,t){try{await a.A.delete(""/agents/"".concat(e,""/skills/"").concat(t,""/schedule""))}catch(n){console.log(""Schedule deleted locally:"",{agentId:e,skillId:t})}}constructor(){this.activeExecutions=new Map,this.executionListeners=new Map}}let r=new s},41487:(e,t,n)=>{n.d(t,{L:()=>i});var a=n(46359),s=n(83892),r=n(33766),o=n(8269);function i(){var e,t,n;let{user:i}=(0,a.Jd)("
8593-0b7dc0fa05075470.js,19435,/agents/,"meters:{mode:""FULL"",minRiskReward:3,minScore:70,directions:""BOTH"",entryNodeTypes:[""king"",""gatekeeper""],requireVoidZone:!0,minVoidPercent:2}})}return n}async scheduleSkill(e){try{await a.A.post(""/skills/schedule"",e)}catch(t){console.log(""Schedule saved locally:"",e)}}async updateSchedule(e,t,n){try{await a.A.put(""/agents/"".concat(e,""/skills/"").concat(t,""/schedule""),n)}catch(a){console.log(""Schedule updated locally:"",{agentId:e,skillId:t,schedule:n})}}async deleteSchedule(e,t){try{await a.A.delete(""/agents/"".concat(e,""/skills/"").concat(t,""/schedule""))}catch(n){console.log(""Schedule deleted locally:"",{agentId:e,skillId:t})}}constructor(){this.activeExecutions=new Map,this.executionListeners=new Map}}let r=new s},41487:(e,t,n)=>{n.d(t,{L:()=>i});var a=n(46359),s=n(83892),r=n(33766),o=n(8269);function i(){var e,t,n;let{user:i}=(0,a.Jd)(),{isLoading:l}=(0,o.$)(),c=(0,s.lh)({enabled:!l}),u=(0,r.jA)({custom:null==(e=c.data)?void 0:e.username,clerkUsername:null==i?void 0:i.username,email:null==i||null==(t"
8593-0b7dc0fa05075470.js,19455,/skills/,"minRiskReward:3,minScore:70,directions:""BOTH"",entryNodeTypes:[""king"",""gatekeeper""],requireVoidZone:!0,minVoidPercent:2}})}return n}async scheduleSkill(e){try{await a.A.post(""/skills/schedule"",e)}catch(t){console.log(""Schedule saved locally:"",e)}}async updateSchedule(e,t,n){try{await a.A.put(""/agents/"".concat(e,""/skills/"").concat(t,""/schedule""),n)}catch(a){console.log(""Schedule updated locally:"",{agentId:e,skillId:t,schedule:n})}}async deleteSchedule(e,t){try{await a.A.delete(""/agents/"".concat(e,""/skills/"").concat(t,""/schedule""))}catch(n){console.log(""Schedule deleted locally:"",{agentId:e,skillId:t})}}constructor(){this.activeExecutions=new Map,this.executionListeners=new Map}}let r=new s},41487:(e,t,n)=>{n.d(t,{L:()=>i});var a=n(46359),s=n(83892),r=n(33766),o=n(8269);function i(){var e,t,n;let{user:i}=(0,a.Jd)(),{isLoading:l}=(0,o.$)(),c=(0,s.lh)({enabled:!l}),u=(0,r.jA)({custom:null==(e=c.data)?void 0:e.username,clerkUsername:null==i?void 0:i.username,email:null==i||null==(t=i.primaryEmailAddre"
8593-0b7dc0fa05075470.js,39321,/agents/,"ent=!1):""hidden""===document.visibilityState&&(p.current=!0)};return t&&n&&document.addEventListener(""visibilitychange"",e),()=>document.removeEventListener(""visibilitychange"",e)},[t,n,b,x]);let w=(0,a.useCallback)(()=>{b(),x()},[b,x]);return{...c,reconnect:w}}},64144:(e,t,n)=>{n.d(t,{R:()=>o});var a=n(75183);let s=""http://localhost:8000"";class r{async getConversation(e){let t=Array.from(this.conversations.values()).find(t=>t.agentId===e&&""active""===t.status);if(t)return t;try{let t=await a.A.get(""/agents/"".concat(e,""/conversation""));return this.conversations.set(t.id,t),t}catch(n){let t=this.createMockConversation(e);return this.conversations.set(t.id,t),t}}async sendMessage(e){return new Promise((t,n)=>{let a=null;this.sendMessageStreaming(e,{onComplete:e=>{a=e},onError:e=>{n(e)}}).then(()=>{a?t(a):n(Error(""No message received""))}).catch(n)})}async sendMessageStreaming(e,t){let{onToken:n,onComplete:a,onError:r,authToken:o}=t;try{var i;let t,r={""Content-Type"":""application/json"",Accept:""text/event"
8593-0b7dc0fa05075470.js,39912,/agents/,"t=this.createMockConversation(e);return this.conversations.set(t.id,t),t}}async sendMessage(e){return new Promise((t,n)=>{let a=null;this.sendMessageStreaming(e,{onComplete:e=>{a=e},onError:e=>{n(e)}}).then(()=>{a?t(a):n(Error(""No message received""))}).catch(n)})}async sendMessageStreaming(e,t){let{onToken:n,onComplete:a,onError:r,authToken:o}=t;try{var i;let t,r={""Content-Type"":""application/json"",Accept:""text/event-stream""};o&&(r.Authorization=""Bearer "".concat(o));let l=await fetch("""".concat(s,""/agents/"").concat(e.agentId,""/stream""),{method:""POST"",headers:r,body:JSON.stringify({message:e.content,target_ts:null})});if(!l.ok)throw Error(""Chat request failed: "".concat(l.status));let c=null==(i=l.body)?void 0:i.getReader();if(!c)throw Error(""No response body"");let u=new TextDecoder,d="""",g="""",m="""",h="""",p="""",f=(e,t)=>{let a;if(t){try{a=JSON.parse(t)}catch(e){return}switch(e||a.type||""""){case""scan_started"":null==n||n({type:""status"",phase:""started"",message:""Starting research…"",timestamp:new Date().toIS"
8593-0b7dc0fa05075470.js,44975,/agents/,"des(""500"")||e.includes(""502"")||e.includes(""503"")?""Server Error: Backend encountered an error.\n\nCheck backend logs for details."":""Error: "".concat(e,""\n\nCheck browser console and backend logs."")}async submitFeedback(e,t,n){try{await a.A.post(""/chat/messages/"".concat(e,""/feedback""),{rating:t,comment:n})}catch(a){console.log(""Feedback saved locally:"",{messageId:e,rating:t,comment:n})}}async getChatHistory(e){let t=arguments.length>1&&void 0!==arguments[1]?arguments[1]:50;try{return await a.A.get(""/agents/"".concat(e,""/messages?limit="").concat(t))}catch(e){return[]}}async clearConversation(e){this.conversations.delete(e);try{await a.A.delete(""/conversations/"".concat(e))}catch(t){console.log(""Conversation cleared locally:"",e)}}createMockConversation(e){return{id:""conv-"".concat(e,""-"").concat(Date.now()),agentId:e,userId:""user-1"",status:""active"",messages:[],messageCount:0,createdAt:new Date().toISOString(),updatedAt:new Date().toISOString(),lastMessageAt:new Date().toISOString()}}async simulateRespons"
9130-634f29a92d49fbd9.js,1781,/api/nexus/coach/insights,"o.wj)()).concat(e),u=new Headers(n.headers);try{let e=await r();e&&u.set(""Authorization"",""Bearer "".concat(e))}catch(e){console.warn(""[Coach API] Failed to get Clerk token:"",e)}let i=(0,o.Oj)();i&&!u.has(""X-Guild-ID"")&&u.set(""X-Guild-ID"",i);let s=await fetch(t,{...n,headers:u});if(!s.ok){let e=""HTTP "".concat(s.status,"": "").concat(s.statusText);try{let r=await s.json();e=r.error||r.message||e}catch(e){}throw new o.er(e,s.status)}if(204!==s.status)return await s.json()}async function c(e){return l(""/api/nexus/coach/insights"",e)}async function y(e,r){return l(""/api/nexus/coach/insights/"".concat(encodeURIComponent(r),""/dismiss""),e,{method:""POST""})}async function m(e,r){return l(""/api/nexus/coach/insights/"".concat(encodeURIComponent(r),""/save""),e,{method:""POST""})}async function q(e,r){return l(""/api/nexus/coach/insights/"".concat(encodeURIComponent(r),""/academy-click""),e,{method:""POST""})}n(24646);let v={currentUser:()=>[""nexus"",""currentUser""],user:e=>[""nexus"",""user"",e],trades:e=>e?[""nexus"",""trades"",e]:[""nexus"",""trades"""
9130-634f29a92d49fbd9.js,1843,/api/nexus/coach/insights/,");e&&u.set(""Authorization"",""Bearer "".concat(e))}catch(e){console.warn(""[Coach API] Failed to get Clerk token:"",e)}let i=(0,o.Oj)();i&&!u.has(""X-Guild-ID"")&&u.set(""X-Guild-ID"",i);let s=await fetch(t,{...n,headers:u});if(!s.ok){let e=""HTTP "".concat(s.status,"": "").concat(s.statusText);try{let r=await s.json();e=r.error||r.message||e}catch(e){}throw new o.er(e,s.status)}if(204!==s.status)return await s.json()}async function c(e){return l(""/api/nexus/coach/insights"",e)}async function y(e,r){return l(""/api/nexus/coach/insights/"".concat(encodeURIComponent(r),""/dismiss""),e,{method:""POST""})}async function m(e,r){return l(""/api/nexus/coach/insights/"".concat(encodeURIComponent(r),""/save""),e,{method:""POST""})}async function q(e,r){return l(""/api/nexus/coach/insights/"".concat(encodeURIComponent(r),""/academy-click""),e,{method:""POST""})}n(24646);let v={currentUser:()=>[""nexus"",""currentUser""],user:e=>[""nexus"",""user"",e],trades:e=>e?[""nexus"",""trades"",e]:[""nexus"",""trades""],trade:e=>[""nexus"",""trade"",e],tradePnlHistory:e=>[""nexus"",""tra"
9130-634f29a92d49fbd9.js,1963,/api/nexus/coach/insights/,"(0,o.Oj)();i&&!u.has(""X-Guild-ID"")&&u.set(""X-Guild-ID"",i);let s=await fetch(t,{...n,headers:u});if(!s.ok){let e=""HTTP "".concat(s.status,"": "").concat(s.statusText);try{let r=await s.json();e=r.error||r.message||e}catch(e){}throw new o.er(e,s.status)}if(204!==s.status)return await s.json()}async function c(e){return l(""/api/nexus/coach/insights"",e)}async function y(e,r){return l(""/api/nexus/coach/insights/"".concat(encodeURIComponent(r),""/dismiss""),e,{method:""POST""})}async function m(e,r){return l(""/api/nexus/coach/insights/"".concat(encodeURIComponent(r),""/save""),e,{method:""POST""})}async function q(e,r){return l(""/api/nexus/coach/insights/"".concat(encodeURIComponent(r),""/academy-click""),e,{method:""POST""})}n(24646);let v={currentUser:()=>[""nexus"",""currentUser""],user:e=>[""nexus"",""user"",e],trades:e=>e?[""nexus"",""trades"",e]:[""nexus"",""trades""],trade:e=>[""nexus"",""trade"",e],tradePnlHistory:e=>[""nexus"",""trade"",e,""pnl-history""],leaderboard:e=>e?[""nexus"",""leaderboard"",e]:[""nexus"",""leaderboard""],feed:e=>e?[""nexus"",""feed"",e]:[""n"
9130-634f29a92d49fbd9.js,2080,/api/nexus/coach/insights/,""".concat(s.status,"": "").concat(s.statusText);try{let r=await s.json();e=r.error||r.message||e}catch(e){}throw new o.er(e,s.status)}if(204!==s.status)return await s.json()}async function c(e){return l(""/api/nexus/coach/insights"",e)}async function y(e,r){return l(""/api/nexus/coach/insights/"".concat(encodeURIComponent(r),""/dismiss""),e,{method:""POST""})}async function m(e,r){return l(""/api/nexus/coach/insights/"".concat(encodeURIComponent(r),""/save""),e,{method:""POST""})}async function q(e,r){return l(""/api/nexus/coach/insights/"".concat(encodeURIComponent(r),""/academy-click""),e,{method:""POST""})}n(24646);let v={currentUser:()=>[""nexus"",""currentUser""],user:e=>[""nexus"",""user"",e],trades:e=>e?[""nexus"",""trades"",e]:[""nexus"",""trades""],trade:e=>[""nexus"",""trade"",e],tradePnlHistory:e=>[""nexus"",""trade"",e,""pnl-history""],leaderboard:e=>e?[""nexus"",""leaderboard"",e]:[""nexus"",""leaderboard""],feed:e=>e?[""nexus"",""feed"",e]:[""nexus"",""feed""],ideas:e=>e?[""nexus"",""ideas"",e]:[""nexus"",""ideas""],comments:(e,r)=>[""nexus"",""comments"",e,r],userStats:(e,"
9130-634f29a92d49fbd9.js,4583,/api/nexus/sse/trades,"""roles""],discordEmbedTemplates:e=>e?[""nexus"",""discord"",""embed-templates"",e]:[""nexus"",""discord"",""embed-templates""],discordDailyDigest:e=>e?[""nexus"",""discord"",""daily-digest"",e]:[""nexus"",""discord"",""daily-digest""]},f=null,K=0,Q=new Set,p=null;function g(e,r){e.setQueryData(v.trade(r.id),r),e.setQueriesData({queryKey:v.trades()},e=>e?{...e,trades:e.trades.map(e=>e.id===r.id?r:e)}:e)}async function x(e){return f||p?null!=p?p:Promise.resolve():p=(async()=>{let r=await e();if(!r||f)return;let n=new URL(""/api/nexus/sse/trades"",(0,o.wj)());n.searchParams.set(""token"",r);let t=new EventSource(n.toString());f=t,t.addEventListener(""pnl_update"",e=>{try{let r=JSON.parse(e.data);Q.forEach(e=>e(r))}catch(e){console.warn(""[nexus] failed to parse trade stream payload"",e)}}),t.onerror=()=>{null==f||f.close(),f=null,p=null}})().finally(()=>{p=null})}function F(e){var r,n;let{getToken:u,isSignedIn:i}=(0,s.d)(),d=(0,t.I)({queryKey:v.currentUser(),queryFn:()=>(0,o.rQ)(u),staleTime:3e4,gcTime:3e5,enabled:!!i&&(null==(n=null==e?void 0"
9130-634f29a92d49fbd9.js,9630,/api/nexus/sse/options,"us"",""options-chain"",null!=e?e:"""",null!=r?r:""""],queryFn:()=>(0,o.IB)(i,e,r),enabled:n&&!!e,staleTime:3e4,refetchInterval:u,placeholderData:e=>e})}function P(e,r){let n=!(arguments.length>2)||void 0===arguments[2]||arguments[2],{getToken:t}=(0,s.d)(),[u,i]=(0,a.useState)(void 0),[d,l]=(0,a.useState)(!1),c=(0,a.useRef)(null);return(0,a.useEffect)(()=>{if(!n||!e||!r)return void l(!1);let u=!1,s=e.trim().toUpperCase(),a=r.slice(0,10);return(async()=>{try{let e=await t();if(!e||u)return;let r=new URL(""/api/nexus/sse/options"",(0,o.wj)());r.searchParams.set(""ticker"",s),r.searchParams.set(""expiration"",a),r.searchParams.set(""token"",e);let n=new EventSource(r.toString());c.current=n;let d=e=>{try{let r=JSON.parse(e.data);u||(i(r),l(!0))}catch(e){console.warn(""[nexus] failed to parse options stream payload"",e)}};n.addEventListener(""initial_data"",d),n.addEventListener(""snapshot_update"",d),n.addEventListener(""connected"",()=>{u||l(!0)}),n.addEventListener(""stream_error"",()=>{u||l(!1)}),n.onerror=()=>{u||l(!1)}}catch(e){cons"
988-7c66963a05bdd0b2.js,3650,/api/data?,"i.ee)(e),max_strikes:m.toString(),max_expirations:p.toString()});r?(y.set(""timestamp"",(function(t){let e=new Intl.DateTimeFormat(""en-US"",{timeZone:""America/New_York"",hour12:!1,hour:""2-digit"",minute:""2-digit"",second:""2-digit""}).formatToParts(t),a=t=>{var a;return null==(a=e.find(e=>e.type===t))?void 0:a.value};return""09""===a(""hour"")&&""30""===a(""minute"")&&""00""===a(""second"")?new Date(t.getTime()+6e4):t})(r).toISOString()),y.set(""v"",(0,n.N)())):y.set(""nocache"",Math.random().toString());let h=await t(""/api/data?"".concat(y));return h&&h.symbol&&(h.symbol=e),h},getHeatmapRange:async(e,a,r,s)=>{var o,c;let{strikeCount:d,expirationCount:u}=l.z3.getState(),m=new URLSearchParams({symbol:(0,i.ee)(e),from:a.toISOString(),to:r.toISOString(),v:(0,n.N)(),max_strikes:(null!=(o=null==s?void 0:s.maxStrikes)?o:d).toString(),max_expirations:(null!=(c=null==s?void 0:s.maxExpirations)?c:u).toString()});try{let a=await t(""/api/data/range?"".concat(m));return a&&a.symbol&&(a.symbol=e),a}catch(t){return null}},getSymbols:asy"
988-7c66963a05bdd0b2.js,4060,/api/data/range?,"SOString()),y.set(""v"",(0,n.N)())):y.set(""nocache"",Math.random().toString());let h=await t(""/api/data?"".concat(y));return h&&h.symbol&&(h.symbol=e),h},getHeatmapRange:async(e,a,r,s)=>{var o,c;let{strikeCount:d,expirationCount:u}=l.z3.getState(),m=new URLSearchParams({symbol:(0,i.ee)(e),from:a.toISOString(),to:r.toISOString(),v:(0,n.N)(),max_strikes:(null!=(o=null==s?void 0:s.maxStrikes)?o:d).toString(),max_expirations:(null!=(c=null==s?void 0:s.maxExpirations)?c:u).toString()});try{let a=await t(""/api/data/range?"".concat(m));return a&&a.symbol&&(a.symbol=e),a}catch(t){return null}},getSymbols:async()=>(await t(""/api/symbols"")).symbols},settingsAPI:{getSymbols:async()=>t(""/api/settings/symbols""),addSymbol:async e=>t(""/api/settings/symbols"",{method:""POST"",body:JSON.stringify(e)}),updateSymbol:async(e,a)=>t(""/api/settings/symbols/"".concat(e),{method:""PUT"",body:JSON.stringify(a)}),deleteSymbol:async e=>t(""/api/settings/symbols/"".concat(e),{method:""DELETE""}),getDiscordSettings:async()=>t(""/api/settings/discor"
988-7c66963a05bdd0b2.js,4177,/api/symbols,"urn h&&h.symbol&&(h.symbol=e),h},getHeatmapRange:async(e,a,r,s)=>{var o,c;let{strikeCount:d,expirationCount:u}=l.z3.getState(),m=new URLSearchParams({symbol:(0,i.ee)(e),from:a.toISOString(),to:r.toISOString(),v:(0,n.N)(),max_strikes:(null!=(o=null==s?void 0:s.maxStrikes)?o:d).toString(),max_expirations:(null!=(c=null==s?void 0:s.maxExpirations)?c:u).toString()});try{let a=await t(""/api/data/range?"".concat(m));return a&&a.symbol&&(a.symbol=e),a}catch(t){return null}},getSymbols:async()=>(await t(""/api/symbols"")).symbols},settingsAPI:{getSymbols:async()=>t(""/api/settings/symbols""),addSymbol:async e=>t(""/api/settings/symbols"",{method:""POST"",body:JSON.stringify(e)}),updateSymbol:async(e,a)=>t(""/api/settings/symbols/"".concat(e),{method:""PUT"",body:JSON.stringify(a)}),deleteSymbol:async e=>t(""/api/settings/symbols/"".concat(e),{method:""DELETE""}),getDiscordSettings:async()=>t(""/api/settings/discord""),updateDiscordSettings:async e=>t(""/api/settings/discord"",{method:""PUT"",body:JSON.stringify({symbol:e.symbol,d"
988-7c66963a05bdd0b2.js,4238,/api/settings/symbols,"s)=>{var o,c;let{strikeCount:d,expirationCount:u}=l.z3.getState(),m=new URLSearchParams({symbol:(0,i.ee)(e),from:a.toISOString(),to:r.toISOString(),v:(0,n.N)(),max_strikes:(null!=(o=null==s?void 0:s.maxStrikes)?o:d).toString(),max_expirations:(null!=(c=null==s?void 0:s.maxExpirations)?c:u).toString()});try{let a=await t(""/api/data/range?"".concat(m));return a&&a.symbol&&(a.symbol=e),a}catch(t){return null}},getSymbols:async()=>(await t(""/api/symbols"")).symbols},settingsAPI:{getSymbols:async()=>t(""/api/settings/symbols""),addSymbol:async e=>t(""/api/settings/symbols"",{method:""POST"",body:JSON.stringify(e)}),updateSymbol:async(e,a)=>t(""/api/settings/symbols/"".concat(e),{method:""PUT"",body:JSON.stringify(a)}),deleteSymbol:async e=>t(""/api/settings/symbols/"".concat(e),{method:""DELETE""}),getDiscordSettings:async()=>t(""/api/settings/discord""),updateDiscordSettings:async e=>t(""/api/settings/discord"",{method:""PUT"",body:JSON.stringify({symbol:e.symbol,discord:{enabled:e.enabled,netGamma_webhooks:e.gamma_webhooks,netVanna_"
988-7c66963a05bdd0b2.js,4284,/api/settings/symbols,":u}=l.z3.getState(),m=new URLSearchParams({symbol:(0,i.ee)(e),from:a.toISOString(),to:r.toISOString(),v:(0,n.N)(),max_strikes:(null!=(o=null==s?void 0:s.maxStrikes)?o:d).toString(),max_expirations:(null!=(c=null==s?void 0:s.maxExpirations)?c:u).toString()});try{let a=await t(""/api/data/range?"".concat(m));return a&&a.symbol&&(a.symbol=e),a}catch(t){return null}},getSymbols:async()=>(await t(""/api/symbols"")).symbols},settingsAPI:{getSymbols:async()=>t(""/api/settings/symbols""),addSymbol:async e=>t(""/api/settings/symbols"",{method:""POST"",body:JSON.stringify(e)}),updateSymbol:async(e,a)=>t(""/api/settings/symbols/"".concat(e),{method:""PUT"",body:JSON.stringify(a)}),deleteSymbol:async e=>t(""/api/settings/symbols/"".concat(e),{method:""DELETE""}),getDiscordSettings:async()=>t(""/api/settings/discord""),updateDiscordSettings:async e=>t(""/api/settings/discord"",{method:""PUT"",body:JSON.stringify({symbol:e.symbol,discord:{enabled:e.enabled,netGamma_webhooks:e.gamma_webhooks,netVanna_webhooks:e.vanna_webhooks}})}),getAPISettings:"
988-7c66963a05bdd0b2.js,4375,/api/settings/symbols/,"SOString(),v:(0,n.N)(),max_strikes:(null!=(o=null==s?void 0:s.maxStrikes)?o:d).toString(),max_expirations:(null!=(c=null==s?void 0:s.maxExpirations)?c:u).toString()});try{let a=await t(""/api/data/range?"".concat(m));return a&&a.symbol&&(a.symbol=e),a}catch(t){return null}},getSymbols:async()=>(await t(""/api/symbols"")).symbols},settingsAPI:{getSymbols:async()=>t(""/api/settings/symbols""),addSymbol:async e=>t(""/api/settings/symbols"",{method:""POST"",body:JSON.stringify(e)}),updateSymbol:async(e,a)=>t(""/api/settings/symbols/"".concat(e),{method:""PUT"",body:JSON.stringify(a)}),deleteSymbol:async e=>t(""/api/settings/symbols/"".concat(e),{method:""DELETE""}),getDiscordSettings:async()=>t(""/api/settings/discord""),updateDiscordSettings:async e=>t(""/api/settings/discord"",{method:""PUT"",body:JSON.stringify({symbol:e.symbol,discord:{enabled:e.enabled,netGamma_webhooks:e.gamma_webhooks,netVanna_webhooks:e.vanna_webhooks}})}),getAPISettings:async()=>t(""/api/settings/api""),updateAPISettings:async e=>t(""/api/settings/api"",{method:""PU"
988-7c66963a05bdd0b2.js,4473,/api/settings/symbols/,"rations:(null!=(c=null==s?void 0:s.maxExpirations)?c:u).toString()});try{let a=await t(""/api/data/range?"".concat(m));return a&&a.symbol&&(a.symbol=e),a}catch(t){return null}},getSymbols:async()=>(await t(""/api/symbols"")).symbols},settingsAPI:{getSymbols:async()=>t(""/api/settings/symbols""),addSymbol:async e=>t(""/api/settings/symbols"",{method:""POST"",body:JSON.stringify(e)}),updateSymbol:async(e,a)=>t(""/api/settings/symbols/"".concat(e),{method:""PUT"",body:JSON.stringify(a)}),deleteSymbol:async e=>t(""/api/settings/symbols/"".concat(e),{method:""DELETE""}),getDiscordSettings:async()=>t(""/api/settings/discord""),updateDiscordSettings:async e=>t(""/api/settings/discord"",{method:""PUT"",body:JSON.stringify({symbol:e.symbol,discord:{enabled:e.enabled,netGamma_webhooks:e.gamma_webhooks,netVanna_webhooks:e.vanna_webhooks}})}),getAPISettings:async()=>t(""/api/settings/api""),updateAPISettings:async e=>t(""/api/settings/api"",{method:""PUT"",body:JSON.stringify(e)}),testAPIKey:async()=>{try{return await t(""/api/test""),!0}catch(t){retur"
988-7c66963a05bdd0b2.js,4557,/api/settings/discord,"t(""/api/data/range?"".concat(m));return a&&a.symbol&&(a.symbol=e),a}catch(t){return null}},getSymbols:async()=>(await t(""/api/symbols"")).symbols},settingsAPI:{getSymbols:async()=>t(""/api/settings/symbols""),addSymbol:async e=>t(""/api/settings/symbols"",{method:""POST"",body:JSON.stringify(e)}),updateSymbol:async(e,a)=>t(""/api/settings/symbols/"".concat(e),{method:""PUT"",body:JSON.stringify(a)}),deleteSymbol:async e=>t(""/api/settings/symbols/"".concat(e),{method:""DELETE""}),getDiscordSettings:async()=>t(""/api/settings/discord""),updateDiscordSettings:async e=>t(""/api/settings/discord"",{method:""PUT"",body:JSON.stringify({symbol:e.symbol,discord:{enabled:e.enabled,netGamma_webhooks:e.gamma_webhooks,netVanna_webhooks:e.vanna_webhooks}})}),getAPISettings:async()=>t(""/api/settings/api""),updateAPISettings:async e=>t(""/api/settings/api"",{method:""PUT"",body:JSON.stringify(e)}),testAPIKey:async()=>{try{return await t(""/api/test""),!0}catch(t){return!1}},getAlertsGlobalSettings:async()=>t(""/api/settings/alerts-global""),updateAlert"
988-7c66963a05bdd0b2.js,4615,/api/settings/discord,"mbol=e),a}catch(t){return null}},getSymbols:async()=>(await t(""/api/symbols"")).symbols},settingsAPI:{getSymbols:async()=>t(""/api/settings/symbols""),addSymbol:async e=>t(""/api/settings/symbols"",{method:""POST"",body:JSON.stringify(e)}),updateSymbol:async(e,a)=>t(""/api/settings/symbols/"".concat(e),{method:""PUT"",body:JSON.stringify(a)}),deleteSymbol:async e=>t(""/api/settings/symbols/"".concat(e),{method:""DELETE""}),getDiscordSettings:async()=>t(""/api/settings/discord""),updateDiscordSettings:async e=>t(""/api/settings/discord"",{method:""PUT"",body:JSON.stringify({symbol:e.symbol,discord:{enabled:e.enabled,netGamma_webhooks:e.gamma_webhooks,netVanna_webhooks:e.vanna_webhooks}})}),getAPISettings:async()=>t(""/api/settings/api""),updateAPISettings:async e=>t(""/api/settings/api"",{method:""PUT"",body:JSON.stringify(e)}),testAPIKey:async()=>{try{return await t(""/api/test""),!0}catch(t){return!1}},getAlertsGlobalSettings:async()=>t(""/api/settings/alerts-global""),updateAlertsGlobalSettings:async e=>t(""/api/settings/alerts-global"",{"
988-7c66963a05bdd0b2.js,4818,/api/settings/api,"OST"",body:JSON.stringify(e)}),updateSymbol:async(e,a)=>t(""/api/settings/symbols/"".concat(e),{method:""PUT"",body:JSON.stringify(a)}),deleteSymbol:async e=>t(""/api/settings/symbols/"".concat(e),{method:""DELETE""}),getDiscordSettings:async()=>t(""/api/settings/discord""),updateDiscordSettings:async e=>t(""/api/settings/discord"",{method:""PUT"",body:JSON.stringify({symbol:e.symbol,discord:{enabled:e.enabled,netGamma_webhooks:e.gamma_webhooks,netVanna_webhooks:e.vanna_webhooks}})}),getAPISettings:async()=>t(""/api/settings/api""),updateAPISettings:async e=>t(""/api/settings/api"",{method:""PUT"",body:JSON.stringify(e)}),testAPIKey:async()=>{try{return await t(""/api/test""),!0}catch(t){return!1}},getAlertsGlobalSettings:async()=>t(""/api/settings/alerts-global""),updateAlertsGlobalSettings:async e=>t(""/api/settings/alerts-global"",{method:""PUT"",body:JSON.stringify({alerts_enabled:e})}),getNexusMarketDataSettings:async()=>t(""/api/settings/nexus-market-data""),updateNexusMarketDataSettings:async e=>t(""/api/settings/nexus-market-da"
988-7c66963a05bdd0b2.js,4868,/api/settings/api,",a)=>t(""/api/settings/symbols/"".concat(e),{method:""PUT"",body:JSON.stringify(a)}),deleteSymbol:async e=>t(""/api/settings/symbols/"".concat(e),{method:""DELETE""}),getDiscordSettings:async()=>t(""/api/settings/discord""),updateDiscordSettings:async e=>t(""/api/settings/discord"",{method:""PUT"",body:JSON.stringify({symbol:e.symbol,discord:{enabled:e.enabled,netGamma_webhooks:e.gamma_webhooks,netVanna_webhooks:e.vanna_webhooks}})}),getAPISettings:async()=>t(""/api/settings/api""),updateAPISettings:async e=>t(""/api/settings/api"",{method:""PUT"",body:JSON.stringify(e)}),testAPIKey:async()=>{try{return await t(""/api/test""),!0}catch(t){return!1}},getAlertsGlobalSettings:async()=>t(""/api/settings/alerts-global""),updateAlertsGlobalSettings:async e=>t(""/api/settings/alerts-global"",{method:""PUT"",body:JSON.stringify({alerts_enabled:e})}),getNexusMarketDataSettings:async()=>t(""/api/settings/nexus-market-data""),updateNexusMarketDataSettings:async e=>t(""/api/settings/nexus-market-data"",{method:""PUT"",body:JSON.stringify({nexus_marke"
988-7c66963a05bdd0b2.js,4967,/api/test,"e=>t(""/api/settings/symbols/"".concat(e),{method:""DELETE""}),getDiscordSettings:async()=>t(""/api/settings/discord""),updateDiscordSettings:async e=>t(""/api/settings/discord"",{method:""PUT"",body:JSON.stringify({symbol:e.symbol,discord:{enabled:e.enabled,netGamma_webhooks:e.gamma_webhooks,netVanna_webhooks:e.vanna_webhooks}})}),getAPISettings:async()=>t(""/api/settings/api""),updateAPISettings:async e=>t(""/api/settings/api"",{method:""PUT"",body:JSON.stringify(e)}),testAPIKey:async()=>{try{return await t(""/api/test""),!0}catch(t){return!1}},getAlertsGlobalSettings:async()=>t(""/api/settings/alerts-global""),updateAlertsGlobalSettings:async e=>t(""/api/settings/alerts-global"",{method:""PUT"",body:JSON.stringify({alerts_enabled:e})}),getNexusMarketDataSettings:async()=>t(""/api/settings/nexus-market-data""),updateNexusMarketDataSettings:async e=>t(""/api/settings/nexus-market-data"",{method:""PUT"",body:JSON.stringify({nexus_market_data_enabled:e})}),getBackfillStatus:async e=>t(""/api/settings/symbols/backfill/"".concat("
988-7c66963a05bdd0b2.js,5038,/api/settings/alerts-global,"ettings:async()=>t(""/api/settings/discord""),updateDiscordSettings:async e=>t(""/api/settings/discord"",{method:""PUT"",body:JSON.stringify({symbol:e.symbol,discord:{enabled:e.enabled,netGamma_webhooks:e.gamma_webhooks,netVanna_webhooks:e.vanna_webhooks}})}),getAPISettings:async()=>t(""/api/settings/api""),updateAPISettings:async e=>t(""/api/settings/api"",{method:""PUT"",body:JSON.stringify(e)}),testAPIKey:async()=>{try{return await t(""/api/test""),!0}catch(t){return!1}},getAlertsGlobalSettings:async()=>t(""/api/settings/alerts-global""),updateAlertsGlobalSettings:async e=>t(""/api/settings/alerts-global"",{method:""PUT"",body:JSON.stringify({alerts_enabled:e})}),getNexusMarketDataSettings:async()=>t(""/api/settings/nexus-market-data""),updateNexusMarketDataSettings:async e=>t(""/api/settings/nexus-market-data"",{method:""PUT"",body:JSON.stringify({nexus_market_data_enabled:e})}),getBackfillStatus:async e=>t(""/api/settings/symbols/backfill/"".concat(e)),retryBackfill:async e=>t(""/api/settings/symbols/retry-backfill/"".concat(e),{method:""P"
988-7c66963a05bdd0b2.js,5107,/api/settings/alerts-global,"nc e=>t(""/api/settings/discord"",{method:""PUT"",body:JSON.stringify({symbol:e.symbol,discord:{enabled:e.enabled,netGamma_webhooks:e.gamma_webhooks,netVanna_webhooks:e.vanna_webhooks}})}),getAPISettings:async()=>t(""/api/settings/api""),updateAPISettings:async e=>t(""/api/settings/api"",{method:""PUT"",body:JSON.stringify(e)}),testAPIKey:async()=>{try{return await t(""/api/test""),!0}catch(t){return!1}},getAlertsGlobalSettings:async()=>t(""/api/settings/alerts-global""),updateAlertsGlobalSettings:async e=>t(""/api/settings/alerts-global"",{method:""PUT"",body:JSON.stringify({alerts_enabled:e})}),getNexusMarketDataSettings:async()=>t(""/api/settings/nexus-market-data""),updateNexusMarketDataSettings:async e=>t(""/api/settings/nexus-market-data"",{method:""PUT"",body:JSON.stringify({nexus_market_data_enabled:e})}),getBackfillStatus:async e=>t(""/api/settings/symbols/backfill/"".concat(e)),retryBackfill:async e=>t(""/api/settings/symbols/retry-backfill/"".concat(e),{method:""POST""}),forceBackfill:async(e,a)=>t(""/api/settings/symbols/force-backf"
988-7c66963a05bdd0b2.js,5231,/api/settings/nexus-market-data,"oks:e.gamma_webhooks,netVanna_webhooks:e.vanna_webhooks}})}),getAPISettings:async()=>t(""/api/settings/api""),updateAPISettings:async e=>t(""/api/settings/api"",{method:""PUT"",body:JSON.stringify(e)}),testAPIKey:async()=>{try{return await t(""/api/test""),!0}catch(t){return!1}},getAlertsGlobalSettings:async()=>t(""/api/settings/alerts-global""),updateAlertsGlobalSettings:async e=>t(""/api/settings/alerts-global"",{method:""PUT"",body:JSON.stringify({alerts_enabled:e})}),getNexusMarketDataSettings:async()=>t(""/api/settings/nexus-market-data""),updateNexusMarketDataSettings:async e=>t(""/api/settings/nexus-market-data"",{method:""PUT"",body:JSON.stringify({nexus_market_data_enabled:e})}),getBackfillStatus:async e=>t(""/api/settings/symbols/backfill/"".concat(e)),retryBackfill:async e=>t(""/api/settings/symbols/retry-backfill/"".concat(e),{method:""POST""}),forceBackfill:async(e,a)=>t(""/api/settings/symbols/force-backfill/"".concat(e),{method:""POST"",body:JSON.stringify({backfill_days:a})})},watchlistAPI:{getWatchlists:async()=>t(""/api/watchlists"
988-7c66963a05bdd0b2.js,5307,/api/settings/nexus-market-data,"async()=>t(""/api/settings/api""),updateAPISettings:async e=>t(""/api/settings/api"",{method:""PUT"",body:JSON.stringify(e)}),testAPIKey:async()=>{try{return await t(""/api/test""),!0}catch(t){return!1}},getAlertsGlobalSettings:async()=>t(""/api/settings/alerts-global""),updateAlertsGlobalSettings:async e=>t(""/api/settings/alerts-global"",{method:""PUT"",body:JSON.stringify({alerts_enabled:e})}),getNexusMarketDataSettings:async()=>t(""/api/settings/nexus-market-data""),updateNexusMarketDataSettings:async e=>t(""/api/settings/nexus-market-data"",{method:""PUT"",body:JSON.stringify({nexus_market_data_enabled:e})}),getBackfillStatus:async e=>t(""/api/settings/symbols/backfill/"".concat(e)),retryBackfill:async e=>t(""/api/settings/symbols/retry-backfill/"".concat(e),{method:""POST""}),forceBackfill:async(e,a)=>t(""/api/settings/symbols/force-backfill/"".concat(e),{method:""POST"",body:JSON.stringify({backfill_days:a})})},watchlistAPI:{getWatchlists:async()=>t(""/api/watchlists""),createWatchlist:async e=>t(""/api/watchlists"",{method:""POST"",body:JSON.str"
988-7c66963a05bdd0b2.js,5437,/api/settings/symbols/backfill/,":async()=>{try{return await t(""/api/test""),!0}catch(t){return!1}},getAlertsGlobalSettings:async()=>t(""/api/settings/alerts-global""),updateAlertsGlobalSettings:async e=>t(""/api/settings/alerts-global"",{method:""PUT"",body:JSON.stringify({alerts_enabled:e})}),getNexusMarketDataSettings:async()=>t(""/api/settings/nexus-market-data""),updateNexusMarketDataSettings:async e=>t(""/api/settings/nexus-market-data"",{method:""PUT"",body:JSON.stringify({nexus_market_data_enabled:e})}),getBackfillStatus:async e=>t(""/api/settings/symbols/backfill/"".concat(e)),retryBackfill:async e=>t(""/api/settings/symbols/retry-backfill/"".concat(e),{method:""POST""}),forceBackfill:async(e,a)=>t(""/api/settings/symbols/force-backfill/"".concat(e),{method:""POST"",body:JSON.stringify({backfill_days:a})})},watchlistAPI:{getWatchlists:async()=>t(""/api/watchlists""),createWatchlist:async e=>t(""/api/watchlists"",{method:""POST"",body:JSON.stringify(e)}),updateWatchlist:async(e,a)=>t(""/api/watchlists/"".concat(e),{method:""PUT"",body:JSON.stringify(a)}),deleteWatchlist:asyn"
988-7c66963a05bdd0b2.js,5507,/api/settings/symbols/retry-backfill/,"lertsGlobalSettings:async()=>t(""/api/settings/alerts-global""),updateAlertsGlobalSettings:async e=>t(""/api/settings/alerts-global"",{method:""PUT"",body:JSON.stringify({alerts_enabled:e})}),getNexusMarketDataSettings:async()=>t(""/api/settings/nexus-market-data""),updateNexusMarketDataSettings:async e=>t(""/api/settings/nexus-market-data"",{method:""PUT"",body:JSON.stringify({nexus_market_data_enabled:e})}),getBackfillStatus:async e=>t(""/api/settings/symbols/backfill/"".concat(e)),retryBackfill:async e=>t(""/api/settings/symbols/retry-backfill/"".concat(e),{method:""POST""}),forceBackfill:async(e,a)=>t(""/api/settings/symbols/force-backfill/"".concat(e),{method:""POST"",body:JSON.stringify({backfill_days:a})})},watchlistAPI:{getWatchlists:async()=>t(""/api/watchlists""),createWatchlist:async e=>t(""/api/watchlists"",{method:""POST"",body:JSON.stringify(e)}),updateWatchlist:async(e,a)=>t(""/api/watchlists/"".concat(e),{method:""PUT"",body:JSON.stringify(a)}),deleteWatchlist:async e=>t(""/api/watchlists/"".concat(e),{method:""DELETE""}),getFavorites:async()="
988-7c66963a05bdd0b2.js,5602,/api/settings/symbols/force-backfill/,"e=>t(""/api/settings/alerts-global"",{method:""PUT"",body:JSON.stringify({alerts_enabled:e})}),getNexusMarketDataSettings:async()=>t(""/api/settings/nexus-market-data""),updateNexusMarketDataSettings:async e=>t(""/api/settings/nexus-market-data"",{method:""PUT"",body:JSON.stringify({nexus_market_data_enabled:e})}),getBackfillStatus:async e=>t(""/api/settings/symbols/backfill/"".concat(e)),retryBackfill:async e=>t(""/api/settings/symbols/retry-backfill/"".concat(e),{method:""POST""}),forceBackfill:async(e,a)=>t(""/api/settings/symbols/force-backfill/"".concat(e),{method:""POST"",body:JSON.stringify({backfill_days:a})})},watchlistAPI:{getWatchlists:async()=>t(""/api/watchlists""),createWatchlist:async e=>t(""/api/watchlists"",{method:""POST"",body:JSON.stringify(e)}),updateWatchlist:async(e,a)=>t(""/api/watchlists/"".concat(e),{method:""PUT"",body:JSON.stringify(a)}),deleteWatchlist:async e=>t(""/api/watchlists/"".concat(e),{method:""DELETE""}),getFavorites:async()=>t(""/api/favorites""),addFavorite:async e=>t(""/api/favorites/"".concat(e),{method:""POST""}),remove"
988-7c66963a05bdd0b2.js,5748,/api/watchlists,"xus-market-data""),updateNexusMarketDataSettings:async e=>t(""/api/settings/nexus-market-data"",{method:""PUT"",body:JSON.stringify({nexus_market_data_enabled:e})}),getBackfillStatus:async e=>t(""/api/settings/symbols/backfill/"".concat(e)),retryBackfill:async e=>t(""/api/settings/symbols/retry-backfill/"".concat(e),{method:""POST""}),forceBackfill:async(e,a)=>t(""/api/settings/symbols/force-backfill/"".concat(e),{method:""POST"",body:JSON.stringify({backfill_days:a})})},watchlistAPI:{getWatchlists:async()=>t(""/api/watchlists""),createWatchlist:async e=>t(""/api/watchlists"",{method:""POST"",body:JSON.stringify(e)}),updateWatchlist:async(e,a)=>t(""/api/watchlists/"".concat(e),{method:""PUT"",body:JSON.stringify(a)}),deleteWatchlist:async e=>t(""/api/watchlists/"".concat(e),{method:""DELETE""}),getFavorites:async()=>t(""/api/favorites""),addFavorite:async e=>t(""/api/favorites/"".concat(e),{method:""POST""}),removeFavorite:async e=>t(""/api/favorites/"".concat(e),{method:""DELETE""})},healthAPI:{checkHealth:async()=>{try{return await t(""/ap"
988-7c66963a05bdd0b2.js,5794,/api/watchlists,"s:async e=>t(""/api/settings/nexus-market-data"",{method:""PUT"",body:JSON.stringify({nexus_market_data_enabled:e})}),getBackfillStatus:async e=>t(""/api/settings/symbols/backfill/"".concat(e)),retryBackfill:async e=>t(""/api/settings/symbols/retry-backfill/"".concat(e),{method:""POST""}),forceBackfill:async(e,a)=>t(""/api/settings/symbols/force-backfill/"".concat(e),{method:""POST"",body:JSON.stringify({backfill_days:a})})},watchlistAPI:{getWatchlists:async()=>t(""/api/watchlists""),createWatchlist:async e=>t(""/api/watchlists"",{method:""POST"",body:JSON.stringify(e)}),updateWatchlist:async(e,a)=>t(""/api/watchlists/"".concat(e),{method:""PUT"",body:JSON.stringify(a)}),deleteWatchlist:async e=>t(""/api/watchlists/"".concat(e),{method:""DELETE""}),getFavorites:async()=>t(""/api/favorites""),addFavorite:async e=>t(""/api/favorites/"".concat(e),{method:""POST""}),removeFavorite:async e=>t(""/api/favorites/"".concat(e),{method:""DELETE""})},healthAPI:{checkHealth:async()=>{try{return await t(""/api/health""),!0}catch(t){return!1}}},statusNotif"
988-7c66963a05bdd0b2.js,5882,/api/watchlists/,"market_data_enabled:e})}),getBackfillStatus:async e=>t(""/api/settings/symbols/backfill/"".concat(e)),retryBackfill:async e=>t(""/api/settings/symbols/retry-backfill/"".concat(e),{method:""POST""}),forceBackfill:async(e,a)=>t(""/api/settings/symbols/force-backfill/"".concat(e),{method:""POST"",body:JSON.stringify({backfill_days:a})})},watchlistAPI:{getWatchlists:async()=>t(""/api/watchlists""),createWatchlist:async e=>t(""/api/watchlists"",{method:""POST"",body:JSON.stringify(e)}),updateWatchlist:async(e,a)=>t(""/api/watchlists/"".concat(e),{method:""PUT"",body:JSON.stringify(a)}),deleteWatchlist:async e=>t(""/api/watchlists/"".concat(e),{method:""DELETE""}),getFavorites:async()=>t(""/api/favorites""),addFavorite:async e=>t(""/api/favorites/"".concat(e),{method:""POST""}),removeFavorite:async e=>t(""/api/favorites/"".concat(e),{method:""DELETE""})},healthAPI:{checkHealth:async()=>{try{return await t(""/api/health""),!0}catch(t){return!1}}},statusNotificationsAPI:{getNotifications:async()=>{try{return await t(""/api/status-notifications"")}c"
988-7c66963a05bdd0b2.js,5977,/api/watchlists/,"(e)),retryBackfill:async e=>t(""/api/settings/symbols/retry-backfill/"".concat(e),{method:""POST""}),forceBackfill:async(e,a)=>t(""/api/settings/symbols/force-backfill/"".concat(e),{method:""POST"",body:JSON.stringify({backfill_days:a})})},watchlistAPI:{getWatchlists:async()=>t(""/api/watchlists""),createWatchlist:async e=>t(""/api/watchlists"",{method:""POST"",body:JSON.stringify(e)}),updateWatchlist:async(e,a)=>t(""/api/watchlists/"".concat(e),{method:""PUT"",body:JSON.stringify(a)}),deleteWatchlist:async e=>t(""/api/watchlists/"".concat(e),{method:""DELETE""}),getFavorites:async()=>t(""/api/favorites""),addFavorite:async e=>t(""/api/favorites/"".concat(e),{method:""POST""}),removeFavorite:async e=>t(""/api/favorites/"".concat(e),{method:""DELETE""})},healthAPI:{checkHealth:async()=>{try{return await t(""/api/health""),!0}catch(t){return!1}}},statusNotificationsAPI:{getNotifications:async()=>{try{return await t(""/api/status-notifications"")}catch(t){if(t instanceof Error&&""status""in t&&404===t.status)return{notifications:[]};throw t}},"
988-7c66963a05bdd0b2.js,6049,/api/favorites,"ncat(e),{method:""POST""}),forceBackfill:async(e,a)=>t(""/api/settings/symbols/force-backfill/"".concat(e),{method:""POST"",body:JSON.stringify({backfill_days:a})})},watchlistAPI:{getWatchlists:async()=>t(""/api/watchlists""),createWatchlist:async e=>t(""/api/watchlists"",{method:""POST"",body:JSON.stringify(e)}),updateWatchlist:async(e,a)=>t(""/api/watchlists/"".concat(e),{method:""PUT"",body:JSON.stringify(a)}),deleteWatchlist:async e=>t(""/api/watchlists/"".concat(e),{method:""DELETE""}),getFavorites:async()=>t(""/api/favorites""),addFavorite:async e=>t(""/api/favorites/"".concat(e),{method:""POST""}),removeFavorite:async e=>t(""/api/favorites/"".concat(e),{method:""DELETE""})},healthAPI:{checkHealth:async()=>{try{return await t(""/api/health""),!0}catch(t){return!1}}},statusNotificationsAPI:{getNotifications:async()=>{try{return await t(""/api/status-notifications"")}catch(t){if(t instanceof Error&&""status""in t&&404===t.status)return{notifications:[]};throw t}},createNotification:async e=>t(""/api/status-notifications"",{method:""POS"
988-7c66963a05bdd0b2.js,6090,/api/favorites/,"ync(e,a)=>t(""/api/settings/symbols/force-backfill/"".concat(e),{method:""POST"",body:JSON.stringify({backfill_days:a})})},watchlistAPI:{getWatchlists:async()=>t(""/api/watchlists""),createWatchlist:async e=>t(""/api/watchlists"",{method:""POST"",body:JSON.stringify(e)}),updateWatchlist:async(e,a)=>t(""/api/watchlists/"".concat(e),{method:""PUT"",body:JSON.stringify(a)}),deleteWatchlist:async e=>t(""/api/watchlists/"".concat(e),{method:""DELETE""}),getFavorites:async()=>t(""/api/favorites""),addFavorite:async e=>t(""/api/favorites/"".concat(e),{method:""POST""}),removeFavorite:async e=>t(""/api/favorites/"".concat(e),{method:""DELETE""})},healthAPI:{checkHealth:async()=>{try{return await t(""/api/health""),!0}catch(t){return!1}}},statusNotificationsAPI:{getNotifications:async()=>{try{return await t(""/api/status-notifications"")}catch(t){if(t instanceof Error&&""status""in t&&404===t.status)return{notifications:[]};throw t}},createNotification:async e=>t(""/api/status-notifications"",{method:""POST"",body:JSON.stringify(e)}),deleteNotifica"
988-7c66963a05bdd0b2.js,6161,/api/favorites/,"POST"",body:JSON.stringify({backfill_days:a})})},watchlistAPI:{getWatchlists:async()=>t(""/api/watchlists""),createWatchlist:async e=>t(""/api/watchlists"",{method:""POST"",body:JSON.stringify(e)}),updateWatchlist:async(e,a)=>t(""/api/watchlists/"".concat(e),{method:""PUT"",body:JSON.stringify(a)}),deleteWatchlist:async e=>t(""/api/watchlists/"".concat(e),{method:""DELETE""}),getFavorites:async()=>t(""/api/favorites""),addFavorite:async e=>t(""/api/favorites/"".concat(e),{method:""POST""}),removeFavorite:async e=>t(""/api/favorites/"".concat(e),{method:""DELETE""})},healthAPI:{checkHealth:async()=>{try{return await t(""/api/health""),!0}catch(t){return!1}}},statusNotificationsAPI:{getNotifications:async()=>{try{return await t(""/api/status-notifications"")}catch(t){if(t instanceof Error&&""status""in t&&404===t.status)return{notifications:[]};throw t}},createNotification:async e=>t(""/api/status-notifications"",{method:""POST"",body:JSON.stringify(e)}),deleteNotification:async e=>t(""/api/status-notifications/"".concat(e),{method:""DELETE"""
988-7c66963a05bdd0b2.js,6261,/api/health,"sts""),createWatchlist:async e=>t(""/api/watchlists"",{method:""POST"",body:JSON.stringify(e)}),updateWatchlist:async(e,a)=>t(""/api/watchlists/"".concat(e),{method:""PUT"",body:JSON.stringify(a)}),deleteWatchlist:async e=>t(""/api/watchlists/"".concat(e),{method:""DELETE""}),getFavorites:async()=>t(""/api/favorites""),addFavorite:async e=>t(""/api/favorites/"".concat(e),{method:""POST""}),removeFavorite:async e=>t(""/api/favorites/"".concat(e),{method:""DELETE""})},healthAPI:{checkHealth:async()=>{try{return await t(""/api/health""),!0}catch(t){return!1}}},statusNotificationsAPI:{getNotifications:async()=>{try{return await t(""/api/status-notifications"")}catch(t){if(t instanceof Error&&""status""in t&&404===t.status)return{notifications:[]};throw t}},createNotification:async e=>t(""/api/status-notifications"",{method:""POST"",body:JSON.stringify(e)}),deleteNotification:async e=>t(""/api/status-notifications/"".concat(e),{method:""DELETE""})}}),[t])}},52777:(t,e,a)=>{a.d(e,{h:()=>y});var r=a(25959),s=a(89863),n=a(5923),i=a(58752),o=a"
988-7c66963a05bdd0b2.js,6370,/api/status-notifications,"ync(e,a)=>t(""/api/watchlists/"".concat(e),{method:""PUT"",body:JSON.stringify(a)}),deleteWatchlist:async e=>t(""/api/watchlists/"".concat(e),{method:""DELETE""}),getFavorites:async()=>t(""/api/favorites""),addFavorite:async e=>t(""/api/favorites/"".concat(e),{method:""POST""}),removeFavorite:async e=>t(""/api/favorites/"".concat(e),{method:""DELETE""})},healthAPI:{checkHealth:async()=>{try{return await t(""/api/health""),!0}catch(t){return!1}}},statusNotificationsAPI:{getNotifications:async()=>{try{return await t(""/api/status-notifications"")}catch(t){if(t instanceof Error&&""status""in t&&404===t.status)return{notifications:[]};throw t}},createNotification:async e=>t(""/api/status-notifications"",{method:""POST"",body:JSON.stringify(e)}),deleteNotification:async e=>t(""/api/status-notifications/"".concat(e),{method:""DELETE""})}}),[t])}},52777:(t,e,a)=>{a.d(e,{h:()=>y});var r=a(25959),s=a(89863),n=a(5923),i=a(58752),o=a(82514),l=a(81907);function c(t,e,a){let r=arguments.length>3&&void 0!==arguments[3]?arguments[3]:0,[s,i,o]=t.split(""-"").ma"
988-7c66963a05bdd0b2.js,6525,/api/status-notifications,"getFavorites:async()=>t(""/api/favorites""),addFavorite:async e=>t(""/api/favorites/"".concat(e),{method:""POST""}),removeFavorite:async e=>t(""/api/favorites/"".concat(e),{method:""DELETE""})},healthAPI:{checkHealth:async()=>{try{return await t(""/api/health""),!0}catch(t){return!1}}},statusNotificationsAPI:{getNotifications:async()=>{try{return await t(""/api/status-notifications"")}catch(t){if(t instanceof Error&&""status""in t&&404===t.status)return{notifications:[]};throw t}},createNotification:async e=>t(""/api/status-notifications"",{method:""POST"",body:JSON.stringify(e)}),deleteNotification:async e=>t(""/api/status-notifications/"".concat(e),{method:""DELETE""})}}),[t])}},52777:(t,e,a)=>{a.d(e,{h:()=>y});var r=a(25959),s=a(89863),n=a(5923),i=a(58752),o=a(82514),l=a(81907);function c(t,e,a){let r=arguments.length>3&&void 0!==arguments[3]?arguments[3]:0,[s,i,o]=t.split(""-"").map(Number),l=new Date(s,i-1,o,e,a,r,0);return(0,n.u)(l,""America/New_York"")}let d=new Set([""SPXW"",""SPX"",""VIX"",""NDX"",""NDXP"",""RUT""]);function u(t){return!!t&&d"
988-7c66963a05bdd0b2.js,6623,/api/status-notifications/,"od:""POST""}),removeFavorite:async e=>t(""/api/favorites/"".concat(e),{method:""DELETE""})},healthAPI:{checkHealth:async()=>{try{return await t(""/api/health""),!0}catch(t){return!1}}},statusNotificationsAPI:{getNotifications:async()=>{try{return await t(""/api/status-notifications"")}catch(t){if(t instanceof Error&&""status""in t&&404===t.status)return{notifications:[]};throw t}},createNotification:async e=>t(""/api/status-notifications"",{method:""POST"",body:JSON.stringify(e)}),deleteNotification:async e=>t(""/api/status-notifications/"".concat(e),{method:""DELETE""})}}),[t])}},52777:(t,e,a)=>{a.d(e,{h:()=>y});var r=a(25959),s=a(89863),n=a(5923),i=a(58752),o=a(82514),l=a(81907);function c(t,e,a){let r=arguments.length>3&&void 0!==arguments[3]?arguments[3]:0,[s,i,o]=t.split(""-"").map(Number),l=new Date(s,i-1,o,e,a,r,0);return(0,n.u)(l,""America/New_York"")}let d=new Set([""SPXW"",""SPX"",""VIX"",""NDX"",""NDXP"",""RUT""]);function u(t){return!!t&&d.has(t.toUpperCase())}function m(){let t=arguments.length>0&&void 0!==arguments[0]?arguments[0]:new"
988-7c66963a05bdd0b2.js,17890,/api/sse/ticket,"wait fetch(a,{...e,headers:{...r,...e.headers}});if(!t.ok){let e=""HTTP "".concat(t.status,"": "").concat(t.statusText),a=t.status;try{let r=await t.text();if(r)try{let t=JSON.parse(r);e=t.message||r.trim(),a=t.code||a}catch(t){e=r.trim()}}catch(t){}throw new n(e,t.status,a)}return await t.json()}catch(t){if(t instanceof n)throw t;throw new n(""Network error: "".concat(t instanceof Error?t.message:""Unknown error""),0)}}async function o(t,e){try{var a;let r=await t();if(!r)return null;let s=await fetch(""/api/sse/ticket"",{method:""POST"",headers:{Authorization:""Bearer "".concat(r)},signal:e});if(!s.ok)return null;return null!=(a=(await s.json()).ticket)?a:null}catch(t){return null}}function l(t){return async function(e){let a=arguments.length>1&&void 0!==arguments[1]?arguments[1]:{},r={};if(t)try{let e=await t();e&&(r.Authorization=""Bearer "".concat(e))}catch(t){console.warn(""Failed to get Clerk token:"",t)}return i(e,{...a,headers:{...r,...a.headers}})}}},94412:(t,e,a)=>{a.d(e,{l:()=>s,q:()=>r});let r=new(a(31461))"
layout-f8c87dfd0b87bada.js,18754,/api/push/subscribe,"nager] Successfully subscribed to push""),r}catch(e){return console.error(""[Push Manager] Failed to subscribe:"",e),null}}async function F(e,t){try{let r=e.toJSON(),n=function(){{let e=window.location.host;if(!e.includes(""localhost""))return"""".concat(window.location.protocol,""//"").concat(e);let t=M.env.NEXT_PUBLIC_API_BASE_URL;if(t&&""http://localhost:8080""!==t)return t}return M.env.NEXT_PUBLIC_API_BASE_URL||""http://localhost:8080""}();console.log(""[Push Manager] Saving subscription to:"","""".concat(n,""/api/push/subscribe""));let a=await fetch("""".concat(n,""/api/push/subscribe""),{method:""POST"",headers:{""Content-Type"":""application/json"",...t?{Authorization:""Bearer "".concat(t)}:{}},body:JSON.stringify({subscription:r})});if(!a.ok){let e=await a.json();return console.error(""[Push Manager] Failed to save subscription:"",e),!1}let i=await a.json();return console.log(""[Push Manager] Subscription saved to backend:"",i),!0}catch(e){return console.error(""[Push Manager] Failed to save subscription:"",e),!1}}async function O(e,t"
layout-f8c87dfd0b87bada.js,18808,/api/push/subscribe,"turn console.error(""[Push Manager] Failed to subscribe:"",e),null}}async function F(e,t){try{let r=e.toJSON(),n=function(){{let e=window.location.host;if(!e.includes(""localhost""))return"""".concat(window.location.protocol,""//"").concat(e);let t=M.env.NEXT_PUBLIC_API_BASE_URL;if(t&&""http://localhost:8080""!==t)return t}return M.env.NEXT_PUBLIC_API_BASE_URL||""http://localhost:8080""}();console.log(""[Push Manager] Saving subscription to:"","""".concat(n,""/api/push/subscribe""));let a=await fetch("""".concat(n,""/api/push/subscribe""),{method:""POST"",headers:{""Content-Type"":""application/json"",...t?{Authorization:""Bearer "".concat(t)}:{}},body:JSON.stringify({subscription:r})});if(!a.ok){let e=await a.json();return console.error(""[Push Manager] Failed to save subscription:"",e),!1}let i=await a.json();return console.log(""[Push Manager] Subscription saved to backend:"",i),!0}catch(e){return console.error(""[Push Manager] Failed to save subscription:"",e),!1}}async function O(e,t){console.log(""[Push Manager] Enabling push notificati"
layout-f8c87dfd0b87bada.js,32304,/api/nexus/legal/terms-status,"ion.protocol,""//"").concat(window.location.host)).concat(e),{...r,headers:n});if(!i.ok){let e=""HTTP "".concat(i.status,"": "").concat(i.statusText);try{let t=await i.json();e=t.message||t.error||e}catch(e){}throw new eN(e,i.status)}return await i.json()}function eC(e){var t;let{children:r}=e,{isLoaded:o,isSignedIn:s}=(0,j.d)(),{data:l,isLoading:c,isError:d,error:u,refetch:m}=function(){let{getToken:e,isSignedIn:t,userId:r}=(0,j.d)();return(0,eT.I)({queryKey:[""legal"",""terms-status"",r],queryFn:()=>eA(""/api/nexus/legal/terms-status"",e),enabled:!!t,staleTime:6e4,retry:3,retryDelay:e=>Math.min(1e3*2**e,8e3)})}(),g=function(){let{getToken:e}=(0,j.d)(),t=(0,i.jE)();return(0,eE.n)({mutationFn:()=>(function(e){let t=window.sessionStorage.getItem(""skylit-session-id"")||crypto.randomUUID();return t&&window.sessionStorage.setItem(""skylit-session-id"",t),eA(""/api/nexus/legal/terms-acceptance"",e,{method:""POST"",body:JSON.stringify({accepted:!0,termsVersion:""tos_2026_03_25"",termsContentHash:""sha256:9a5cb589761687a96895e49d9e7ec8fce35220a"
layout-f8c87dfd0b87bada.js,32655,/api/nexus/legal/terms-acceptance,"r:d,error:u,refetch:m}=function(){let{getToken:e,isSignedIn:t,userId:r}=(0,j.d)();return(0,eT.I)({queryKey:[""legal"",""terms-status"",r],queryFn:()=>eA(""/api/nexus/legal/terms-status"",e),enabled:!!t,staleTime:6e4,retry:3,retryDelay:e=>Math.min(1e3*2**e,8e3)})}(),g=function(){let{getToken:e}=(0,j.d)(),t=(0,i.jE)();return(0,eE.n)({mutationFn:()=>(function(e){let t=window.sessionStorage.getItem(""skylit-session-id"")||crypto.randomUUID();return t&&window.sessionStorage.setItem(""skylit-session-id"",t),eA(""/api/nexus/legal/terms-acceptance"",e,{method:""POST"",body:JSON.stringify({accepted:!0,termsVersion:""tos_2026_03_25"",termsContentHash:""sha256:9a5cb589761687a96895e49d9e7ec8fce35220aafdfd6b725804f6a846ca4607"",sessionId:t,appEnvironment:""production""})})})(e),onSuccess:()=>{t.invalidateQueries({queryKey:[""legal"",""terms-status""]})}})}(),[f,h]=(0,a.useState)(!1);if(!o||c)return null;let p=d&&(!(u instanceof eN)||(null!=(t=u.status)?t:500)>=500);if(!s||(null==l?void 0:l.accepted)||p)return(0,n.jsx)(n.Fragment,{children:r});let y=d||(nul"
